entry_time,exit_time,direction,entry,exit,sl,tp,lots,pnl,r_multiple,meta
2017-01-05 03:00:00+00:00,2017-01-06 18:00:00+00:00,1,1173.485,1170.7078835724021,1170.882883572402,1198.0888062457557,0.39,-92.70754067631324,-0.18919453668829017,"{'trail_atr_mult': 5.0, 'trail_atr_len': 14, 'tp_converts_to_trail': True, 'don_upper': 1172.91, 'don_lower': 1122.62, 'atr': 3.09735078071948, 'exit_reason': 'sl', 'signal_time': Timestamp('2017-01-05 02:00:00+0000', tz='UTC')}"
2017-01-10 14:00:00+00:00,2017-01-11 15:00:00+00:00,1,1188.985,1178.0855690137773,1178.2605690137773,1214.3636116375335,0.38,-398.97837747645764,-0.8106538295230736,"{'trail_atr_mult': 5.0, 'trail_atr_len': 14, 'tp_converts_to_trail': True, 'don_upper': 1187.54, 'don_lower': 1122.62, 'atr': 3.1942014546916986, 'exit_reason': 'sl', 'signal_time': Timestamp('2017-01-10 13:00:00+0000', tz='UTC')}"
2017-01-12 06:00:00+00:00,2017-01-13 14:00:00+00:00,1,1200.895,1192.954716745248,1193.129716745248,1228.3327082476267,0.35,-263.9099139163156,-0.5416343257768164,"{'trail_atr_mult': 5.0, 'trail_atr_len': 14, 'tp_converts_to_trail': True, 'don_upper': 1198.7, 'don_lower': 1125.67, 'atr': 3.4465885309533206, 'exit_reason': 'sl', 'signal_time': Timestamp('2017-01-12 05:00:00+0000', tz='UTC')}"
2017-01-17 05:00:00+00:00,2017-01-18 20:00:00+00:00,1,1211.965,1205.5701836931642,1205.745183693164,1231.1136036255755,0.5,-299.7408153417882,-0.6075744117071679,"{'trail_atr_mult': 5.0, 'trail_atr_len': 14, 'tp_converts_to_trail': True, 'don_upper': 1208.48, 'don_lower': 1125.67, 'atr': 2.4179504531969505, 'exit_reason': 'sl', 'signal_time': Timestamp('2017-01-17 04:00:00+0000', tz='UTC')}"
2017-02-06 11:00:00+00:00,2017-02-09 15:00:00+00:00,1,1226.135,1233.2710875943903,1233.4460875943903,1246.1007206568263,0.48,438.53220453073664,0.894348050452908,"{'trail_atr_mult': 5.0, 'trail_atr_len': 14, 'tp_converts_to_trail': True, 'don_upper': 1225.21, 'don_lower': 1180.48, 'atr': 2.5150900821032893, 'exit_reason': 'sl', 'signal_time': Timestamp('2017-02-06 10:00:00+0000', tz='UTC')}"
2017-02-23 15:00:00+00:00,2017-02-27 20:00:00+00:00,1,1249.7749999999999,1251.4017944668865,1251.5767944668864,1270.1745431155164,0.47,151.65933994367123,0.3071010822504271,"{'trail_atr_mult': 5.0, 'trail_atr_len': 14, 'tp_converts_to_trail': True, 'don_upper': 1249.22, 'don_lower': 1196.12, 'atr': 2.575567889439547, 'exit_reason': 'sl', 'signal_time': Timestamp('2017-02-23 14:00:00+0000', tz='UTC')}"
2017-03-07 18:00:00+00:00,2017-03-10 08:00:00+00:00,-1,1215.775,1196.7424144415027,1196.5674144415027,,0.5,901.6292779248715,1.8249216940891884,"{'trail_atr_mult': 5.0, 'trail_atr_len': 14, 'tp_converts_to_trail': True, 'don_upper': 1263.79, 'don_lower': 1216.26, 'atr': 2.424073194812156, 'exit_reason': 'sl', 'signal_time': Timestamp('2017-03-07 17:00:00+0000', tz='UTC')}"
2017-03-27 01:00:00+00:00,2017-03-28 07:00:00+00:00,1,1254.955,1251.8298631862367,1252.0048631862367,1277.7216367992914,0.43,-117.18088299181845,-0.23400131448436076,"{'trail_atr_mult': 5.0, 'trail_atr_len': 14, 'tp_converts_to_trail': True, 'don_upper': 1254.02, 'don_lower': 1194.91, 'atr': 2.8677045999114212, 'exit_reason': 'sl', 'signal_time': Timestamp('2017-03-27 00:00:00+0000', tz='UTC')}"
2017-04-12 00:00:00+00:00,2017-04-17 20:00:00+00:00,1,1276.2749999999999,1283.7895373581405,1283.9645373581404,1297.251752029717,0.46,474.4687184744683,0.9540889511603277,"{'trail_atr_mult': 5.0, 'trail_atr_len': 14, 'tp_converts_to_trail': True, 'don_upper': 1275.1, 'don_lower': 1225.64, 'atr': 2.6489690037146327, 'exit_reason': 'sl', 'signal_time': Timestamp('2017-04-11 23:00:00+0000', tz='UTC')}"
2017-05-03 20:00:00+00:00,2017-05-09 16:00:00+00:00,-1,1239.335,1218.235,1217.0926448463938,,0.44,858.0000000000059,1.72205538949172,"{'trail_atr_mult': 5.0, 'trail_atr_len': 14, 'tp_converts_to_trail': True, 'don_upper': 1295.45, 'don_lower': 1245.26, 'atr': 2.7971693942007723, 'exit_reason': 'sl_gap', 'signal_time': Timestamp('2017-05-03 19:00:00+0000', tz='UTC')}"
2017-05-26 18:00:00+00:00,2017-05-30 10:00:00+00:00,1,1268.555,1262.4066023566902,1262.5816023566902,1287.3612676636785,0.52,-236.5166774521129,-0.4720392786492692,"{'trail_atr_mult': 5.0, 'trail_atr_len': 14, 'tp_converts_to_trail': True, 'don_upper': 1268.04, 'don_lower': 1214.23, 'atr': 2.3701584579598065, 'exit_reason': 'sl', 'signal_time': Timestamp('2017-05-26 17:00:00+0000', tz='UTC')}"
2017-05-31 18:00:00+00:00,2017-06-01 13:00:00+00:00,1,1271.835,1262.7159358785,1262.8909358785,1289.8003464160224,0.54,-427.62946256100327,-0.8537915081370503,"{'trail_atr_mult': 5.0, 'trail_atr_len': 14, 'tp_converts_to_trail': True, 'don_upper': 1270.41, 'don_lower': 1214.23, 'atr': 2.2700433020027764, 'exit_reason': 'sl', 'signal_time': Timestamp('2017-05-31 17:00:00+0000', tz='UTC')}"
2017-06-02 15:00:00+00:00,2017-06-07 18:00:00+00:00,1,1276.695,1286.9359478486567,1287.1109478486567,1300.1049079220568,0.42,514.1198096435851,1.0228531388981268,"{'trail_atr_mult': 5.0, 'trail_atr_len': 14, 'tp_converts_to_trail': True, 'don_upper': 1276.37, 'don_lower': 1216.92, 'atr': 2.9481134902571124, 'exit_reason': 'sl', 'signal_time': Timestamp('2017-06-02 14:00:00+0000', tz='UTC')}"
2017-06-19 08:00:00+00:00,2017-06-22 00:00:00+00:00,-1,1249.895,1248.704368275483,1248.529368275483,1236.3995215276145,0.72,13.725484165228409,0.02719332651771131,"{'trail_atr_mult': 5.0, 'trail_atr_len': 14, 'tp_converts_to_trail': True, 'don_upper': 1296.01, 'don_lower': 1251.03, 'atr': 1.708809809048186, 'exit_reason': 'sl', 'signal_time': Timestamp('2017-06-19 07:00:00+0000', tz='UTC')}"
2017-07-03 08:00:00+00:00,2017-07-03 18:00:00+00:00,-1,1235.175,1220.5389101921646,1220.3639101921647,,0.65,951.3458375092966,1.9087120630133538,"{'trail_atr_mult': 5.0, 'trail_atr_len': 14, 'tp_converts_to_trail': True, 'don_upper': 1280.85, 'don_lower': 1235.56, 'atr': 1.8732612259793968, 'exit_reason': 'sl', 'signal_time': Timestamp('2017-07-03 07:00:00+0000', tz='UTC')}"
2017-07-10 07:00:00+00:00,2017-07-11 16:00:00+00:00,-1,1206.405,1215.2114845544154,1215.0364845544154,1186.2687719967007,0.48,-432.3112586119401,-0.8718247098359582,"{'trail_atr_mult': 5.0, 'trail_atr_len': 14, 'tp_converts_to_trail': True, 'don_upper': 1258.8, 'don_lower': 1207.26, 'atr': 2.538903500412393, 'exit_reason': 'sl', 'signal_time': Timestamp('2017-07-10 06:00:00+0000', tz='UTC')}"
2017-07-20 15:00:00+00:00,2017-07-25 11:00:00+00:00,1,1245.975,1250.104271122103,1250.279271122103,1266.8595071407121,0.46,281.9464716167422,0.5709745530655669,"{'trail_atr_mult': 5.0, 'trail_atr_len': 14, 'tp_converts_to_trail': True, 'don_upper': 1244.51, 'don_lower': 1204.81, 'atr': 2.6349383925890244, 'exit_reason': 'sl', 'signal_time': Timestamp('2017-07-20 14:00:00+0000', tz='UTC')}"
2017-07-26 20:00:00+00:00,2017-08-01 13:00:00+00:00,1,1261.195,1262.5806354372212,1262.7556354372211,1282.9913931811388,0.45,206.35359467495644,0.4108735866089258,"{'trail_atr_mult': 5.0, 'trail_atr_len': 14, 'tp_converts_to_trail': True, 'don_upper': 1258.74, 'don_lower': 1204.81, 'atr': 2.7464241476423674, 'exit_reason': 'sl', 'signal_time': Timestamp('2017-07-26 19:00:00+0000', tz='UTC')}"
2017-08-01 15:00:00+00:00,2017-08-02 13:00:00+00:00,1,1273.0349999999999,1263.8330938259976,1264.0080938259975,1292.5963760345246,0.5,-440.09530870011304,-0.8764055954019258,"{'trail_atr_mult': 5.0, 'trail_atr_len': 14, 'tp_converts_to_trail': True, 'don_upper': 1272.07, 'don_lower': 1214.73, 'atr': 2.467047004315602, 'exit_reason': 'sl', 'signal_time': Timestamp('2017-08-01 14:00:00+0000', tz='UTC')}"
2017-08-09 13:00:00+00:00,2017-08-14 09:00:00+00:00,1,1274.995,1280.4258154082825,1280.6008154082824,1295.6341324123555,0.47,386.8483241892808,0.7778079675477173,"{'trail_atr_mult': 5.0, 'trail_atr_len': 14, 'tp_converts_to_trail': True, 'don_upper': 1274.04, 'don_lower': 1243.69, 'atr': 2.601766551544449, 'exit_reason': 'sl', 'signal_time': Timestamp('2017-08-09 12:00:00+0000', tz='UTC')}"
2017-08-18 08:00:00+00:00,2017-08-18 17:00:00+00:00,1,1293.085,1287.39093186557,1287.56593186557,1312.868005294301,0.49,-279.0093385870664,-0.560770794759232,"{'trail_atr_mult': 5.0, 'trail_atr_len': 14, 'tp_converts_to_trail': True, 'don_upper': 1291.93, 'don_lower': 1251.44, 'atr': 2.4947506617876076, 'exit_reason': 'sl', 'signal_time': Timestamp('2017-08-18 07:00:00+0000', tz='UTC')}"
2017-08-28 15:00:00+00:00,2017-08-29 00:00:00+00:00,1,1303.855,1318.4650000000001,1324.0588811545304,,0.48,720.4800000000062,1.435753533540711,"{'trail_atr_mult': 5.0, 'trail_atr_len': 14, 'tp_converts_to_trail': True, 'don_upper': 1300.74, 'don_lower': 1267.23, 'atr': 2.5548601443163133, 'exit_reason': 'sl_gap', 'signal_time': Timestamp('2017-08-28 14:00:00+0000', tz='UTC')}"
2017-08-29 09:00:00+00:00,2017-08-29 19:00:00+00:00,1,1324.675,1311.7331586592989,1311.9081586592988,1349.4436826814028,0.39,-504.731812287343,-1.0137073842565936,"{'trail_atr_mult': 5.0, 'trail_atr_len': 14, 'tp_converts_to_trail': True, 'don_upper': 1324.36, 'don_lower': 1267.23, 'atr': 3.1279603351753376, 'exit_reason': 'sl', 'signal_time': Timestamp('2017-08-29 08:00:00+0000', tz='UTC')}"
2017-09-03 23:00:00+00:00,2017-09-05 12:00:00+00:00,1,1335.125,1327.8721947317354,1328.0471947317353,1364.970520661427,0.33,-212.94257385273303,-0.42368318913445985,"{'trail_atr_mult': 5.0, 'trail_atr_len': 14, 'tp_converts_to_trail': True, 'don_upper': 1328.76, 'don_lower': 1267.7, 'atr': 3.756315082678353, 'exit_reason': 'sl', 'signal_time': Timestamp('2017-09-03 22:00:00+0000', tz='UTC')}"
2017-09-05 19:00:00+00:00,2017-09-06 19:00:00+00:00,1,1343.705,1331.5560440289266,1331.7310440289266,1370.0360569689549,0.37,-434.7113709297118,-0.8769167780681529,"{'trail_atr_mult': 5.0, 'trail_atr_len': 14, 'tp_converts_to_trail': True, 'don_upper': 1339.72, 'don_lower': 1276.37, 'atr': 3.3107571211193725, 'exit_reason': 'sl', 'signal_time': Timestamp('2017-09-05 18:00:00+0000', tz='UTC')}"
2017-09-08 03:00:00+00:00,2017-09-10 23:00:00+00:00,1,1352.235,1338.755,1342.8983245884167,1376.6767481260526,0.4,-507.19999999999163,-1.0145319652026512,"{'trail_atr_mult': 5.0, 'trail_atr_len': 14, 'tp_converts_to_trail': True, 'don_upper': 1350.53, 'don_lower': 1276.37, 'atr': 3.0783435157565835, 'exit_reason': 'sl_gap', 'signal_time': Timestamp('2017-09-08 02:00:00+0000', tz='UTC')}"
2017-09-20 19:00:00+00:00,2017-09-25 15:00:00+00:00,-1,1300.765,1299.0101818190615,1298.8351818190615,1272.8597900925477,0.35,12.418636332851975,0.02496064447597468,"{'trail_atr_mult': 5.0, 'trail_atr_len': 14, 'tp_converts_to_trail': True, 'don_upper': 1357.42, 'don_lower': 1304.56, 'atr': 3.510026238431556, 'exit_reason': 'sl', 'signal_time': Timestamp('2017-09-20 18:00:00+0000', tz='UTC')}"
2017-09-27 13:00:00+00:00,2017-09-29 08:00:00+00:00,-1,1284.105,1288.329218780773,1288.1542187807731,1258.6216826821026,0.38,-190.92031366937672,-0.3868009401295344,"{'trail_atr_mult': 5.0, 'trail_atr_len': 14, 'tp_converts_to_trail': True, 'don_upper': 1355.03, 'don_lower': 1286.23, 'atr': 3.206039664737176, 'exit_reason': 'sl', 'signal_time': Timestamp('2017-09-27 12:00:00+0000', tz='UTC')}"
2017-10-02 01:00:00+00:00,2017-10-04 06:00:00+00:00,-1,1275.125,1276.2550839489259,1276.080083948926,1252.58153401073,0.43,-65.79360980381189,-0.13300182199364463,"{'trail_atr_mult': 5.0, 'trail_atr_len': 14, 'tp_converts_to_trail': True, 'don_upper': 1334.59, 'don_lower': 1275.92, 'atr': 2.837308248658761, 'exit_reason': 'sl', 'signal_time': Timestamp('2017-10-02 00:00:00+0000', tz='UTC')}"
2017-10-06 13:00:00+00:00,2017-10-06 15:00:00+00:00,-1,1264.405,1272.624704150145,1272.449704150145,1247.623279002673,0.57,-468.5231365582612,-0.94660404245685,"{'trail_atr_mult': 5.0, 'trail_atr_len': 14, 'tp_converts_to_trail': True, 'don_upper': 1315.94, 'don_lower': 1266.09, 'atr': 2.1220901246658794, 'exit_reason': 'sl', 'signal_time': Timestamp('2017-10-06 12:00:00+0000', tz='UTC')}"
2017-10-13 20:00:00+00:00,2017-10-16 19:00:00+00:00,1,1303.735,1296.314473982215,1296.489473982215,1322.5151553680791,0.51,-317.246826907026,-0.6444419533727586,"{'trail_atr_mult': 5.0, 'trail_atr_len': 14, 'tp_converts_to_trail': True, 'don_upper': 1302.64, 'don_lower': 1260.54, 'atr': 2.3693944210099067, 'exit_reason': 'sl', 'signal_time': Timestamp('2017-10-13 19:00:00+0000', tz='UTC')}"
2017-10-26 17:00:00+00:00,2017-10-30 13:00:00+00:00,-1,1270.065,1272.6193709855222,1272.4443709855223,1248.4315412689853,0.44,-147.5923233629748,-0.30276212134079133,"{'trail_atr_mult': 5.0, 'trail_atr_len': 14, 'tp_converts_to_trail': True, 'don_upper': 1305.91, 'don_lower': 1270.88, 'atr': 2.726057341376842, 'exit_reason': 'sl', 'signal_time': Timestamp('2017-10-26 16:00:00+0000', tz='UTC')}"
2017-11-17 16:00:00+00:00,2017-11-20 14:00:00+00:00,1,1289.995,1287.6282335753747,1287.8032335753746,1307.0549791244173,0.56,-65.33891977901187,-0.1327003479924662,"{'trail_atr_mult': 5.0, 'trail_atr_len': 14, 'tp_converts_to_trail': True, 'don_upper': 1289.39, 'don_lower': 1265.37, 'atr': 2.1543723905521746, 'exit_reason': 'sl', 'signal_time': Timestamp('2017-11-17 15:00:00+0000', tz='UTC')}"
2017-11-27 13:00:00+00:00,2017-11-28 14:00:00+00:00,1,1298.385,1290.603419654274,1290.7784196542739,1314.1264723688435,0.6,-442.89482074356414,-0.9075821946330287,"{'trail_atr_mult': 5.0, 'trail_atr_len': 14, 'tp_converts_to_trail': True, 'don_upper': 1296.77, 'don_lower': 1269.8, 'atr': 1.989559046105416, 'exit_reason': 'sl', 'signal_time': Timestamp('2017-11-27 12:00:00+0000', tz='UTC')}"
2017-12-07 05:00:00+00:00,2017-12-07 20:00:00+00:00,-1,1260.285,1246.1249504718066,1245.9499504718067,,0.65,920.4032193325736,1.9057876625953423,"{'trail_atr_mult': 5.0, 'trail_atr_len': 14, 'tp_converts_to_trail': True, 'don_upper': 1299.08, 'don_lower': 1260.86, 'atr': 1.8137561910241784, 'exit_reason': 'sl', 'signal_time': Timestamp('2017-12-07 04:00:00+0000', tz='UTC')}"
2017-12-11 19:00:00+00:00,2017-12-13 13:00:00+00:00,-1,1241.2050000000002,1244.1175819024545,1243.9425819024545,1225.3219647242533,0.6,-198.75491414726093,-0.4037755705402275,"{'trail_atr_mult': 5.0, 'trail_atr_len': 14, 'tp_converts_to_trail': True, 'don_upper': 1299.08, 'don_lower': 1243.6, 'atr': 2.0072544094683322, 'exit_reason': 'sl', 'signal_time': Timestamp('2017-12-11 18:00:00+0000', tz='UTC')}"
2017-12-22 16:00:00+00:00,2017-12-27 10:00:00+00:00,1,1274.075,1285.575,1285.767215301135,,0.8,1080.0,2.2099962499222103,"{'trail_atr_mult': 5.0, 'trail_atr_len': 14, 'tp_converts_to_trail': True, 'don_upper': 1272.87, 'don_lower': 1236.37, 'atr': 1.483401912641864, 'exit_reason': 'sl_gap', 'signal_time': Timestamp('2017-12-22 15:00:00+0000', tz='UTC')}"
2017-12-27 15:00:00+00:00,2017-12-29 14:00:00+00:00,1,1286.405,1299.285,1299.5434989194623,,0.73,1057.040000000008,2.1241795793637737,"{'trail_atr_mult': 5.0, 'trail_atr_len': 14, 'tp_converts_to_trail': True, 'don_upper': 1286.18, 'don_lower': 1236.37, 'atr': 1.6629373649327979, 'exit_reason': 'sl_gap', 'signal_time': Timestamp('2017-12-27 14:00:00+0000', tz='UTC')}"
2017-12-29 14:00:00+00:00,2018-01-02 07:00:00+00:00,1,1301.485,1309.105,1299.0288178028811,1313.8496860730484,0.79,728.3800000000093,1.447445399695585,"{'trail_atr_mult': 5.0, 'trail_atr_len': 14, 'tp_converts_to_trail': True, 'don_upper': 1300.09, 'don_lower': 1236.37, 'atr': 1.5612107591310658, 'exit_reason': 'end_of_data', 'signal_time': Timestamp('2017-12-29 13:00:00+0000', tz='UTC')}"
2018-01-02 07:00:00+00:00,2018-01-03 02:00:00+00:00,1,1309.455,1312.074303684696,1312.2493036846959,1327.1058915159758,0.55,166.06170265827882,0.33223170176188066,"{'trail_atr_mult': 4.0, 'trail_atr_len': 14, 'tp_converts_to_trail': True, 'don_upper': 1307.41, 'don_lower': 1236.37, 'atr': 2.2282364394969765, 'exit_reason': 'sl', 'signal_time': Timestamp('2018-01-02 06:00:00+0000', tz='UTC')}"
2018-01-04 19:00:00+00:00,2018-01-05 10:00:00+00:00,1,1324.415,1316.357567457548,1316.5325674575479,1348.6857415704264,0.4,-306.29730169808136,-0.6161499966320019,"{'trail_atr_mult': 4.0, 'trail_atr_len': 14, 'tp_converts_to_trail': True, 'don_upper': 1321.24, 'don_lower': 1250.35, 'atr': 3.0582176963033154, 'exit_reason': 'sl', 'signal_time': Timestamp('2018-01-04 18:00:00+0000', tz='UTC')}"
2018-01-12 04:00:00+00:00,2018-01-12 13:00:00+00:00,1,1329.625,1323.7474020523111,1323.922402052311,1346.971176699158,0.54,-317.3902891751982,-0.6437260910968379,"{'trail_atr_mult': 4.0, 'trail_atr_len': 14, 'tp_converts_to_trail': True, 'don_upper': 1327.6, 'don_lower': 1262.64, 'atr': 2.206397087394751, 'exit_reason': 'sl', 'signal_time': Timestamp('2018-01-12 03:00:00+0000', tz='UTC')}"
2018-01-12 18:00:00+00:00,2018-01-16 08:00:00+00:00,1,1337.735,1336.0829612799455,1336.2579612799454,1362.69873778694,0.39,-2.0295100821218384,-0.004078471316950411,"{'trail_atr_mult': 4.0, 'trail_atr_len': 14, 'tp_converts_to_trail': True, 'don_upper': 1332.99, 'don_lower': 1264.84, 'atr': 3.143592223367497, 'exit_reason': 'sl', 'signal_time': Timestamp('2018-01-12 17:00:00+0000', tz='UTC')}"
2018-01-24 08:00:00+00:00,2018-01-25 04:00:00+00:00,1,1347.0349999999999,1362.935,1363.9475716771037,,0.57,974.700000000005,1.9646623109978696,"{'trail_atr_mult': 4.0, 'trail_atr_len': 14, 'tp_converts_to_trail': True, 'don_upper': 1344.6, 'don_lower': 1307.96, 'atr': 2.13469645963798, 'exit_reason': 'sl_gap', 'signal_time': Timestamp('2018-01-24 07:00:00+0000', tz='UTC')}"
2018-01-25 05:00:00+00:00,2018-01-25 14:00:00+00:00,1,1364.7649999999999,1355.0055932853004,1355.1805932853003,1385.5129634870455,0.47,-458.6921155908756,-0.9175408701888434,"{'trail_atr_mult': 4.0, 'trail_atr_len': 14, 'tp_converts_to_trail': True, 'don_upper': 1364.37, 'don_lower': 1307.96, 'atr': 2.61537043588069, 'exit_reason': 'sl', 'signal_time': Timestamp('2018-01-25 04:00:00+0000', tz='UTC')}"
2018-02-06 20:00:00+00:00,2018-02-08 17:00:00+00:00,-1,1321.615,1320.2971258517807,1320.1221258517808,1290.5685445745899,0.31,16.05409859479796,0.032837682423626474,"{'trail_atr_mult': 4.0, 'trail_atr_len': 14, 'tp_converts_to_trail': True, 'don_upper': 1365.92, 'don_lower': 1325.42, 'atr': 3.901431928176261, 'exit_reason': 'sl', 'signal_time': Timestamp('2018-02-06 19:00:00+0000', tz='UTC')}"
2018-02-15 08:00:00+00:00,2018-02-16 14:00:00+00:00,1,1356.605,1351.7323554237953,1351.9073554237953,1383.6128581095738,0.36,-161.01520474336994,-0.325604606434894,"{'trail_atr_mult': 4.0, 'trail_atr_len': 14, 'tp_converts_to_trail': True, 'don_upper': 1355.5, 'don_lower': 1307.04, 'atr': 3.3953572636967375, 'exit_reason': 'sl', 'signal_time': Timestamp('2018-02-15 07:00:00+0000', tz='UTC')}"
2018-03-01 08:00:00+00:00,2018-03-01 19:00:00+00:00,-1,1311.425,1314.5659957170838,1314.3909957170838,1294.7782577352482,0.58,-182.1777515908602,-0.36519506788798084,"{'trail_atr_mult': 4.0, 'trail_atr_len': 14, 'tp_converts_to_trail': True, 'don_upper': 1361.69, 'don_lower': 1312.49, 'atr': 2.103967783093976, 'exit_reason': 'sl', 'signal_time': Timestamp('2018-03-01 07:00:00+0000', tz='UTC')}"
2018-03-23 06:00:00+00:00,2018-03-27 12:00:00+00:00,1,1343.0349999999999,1347.3441397255935,1347.5191397255935,1367.2400584965828,0.4,236.36558902374787,0.4796368260581311,"{'trail_atr_mult': 4.0, 'trail_atr_len': 14, 'tp_converts_to_trail': True, 'don_upper': 1340.37, 'don_lower': 1307.17, 'atr': 3.0437573120728323, 'exit_reason': 'sl', 'signal_time': Timestamp('2018-03-23 05:00:00+0000', tz='UTC')}"
2018-04-11 15:00:00+00:00,2018-04-11 19:00:00+00:00,1,1359.145,1351.1796710747142,1351.3546710747141,1384.6030161468668,0.38,-302.6824991608605,-0.6159628776515121,"{'trail_atr_mult': 4.0, 'trail_atr_len': 14, 'tp_converts_to_trail': True, 'don_upper': 1356.84, 'don_lower': 1319.5, 'atr': 3.199127018358353, 'exit_reason': 'sl', 'signal_time': Timestamp('2018-04-11 14:00:00+0000', tz='UTC')}"
2018-04-30 12:00:00+00:00,2018-04-30 18:00:00+00:00,-1,1313.435,1319.3751731823115,1319.2001731823116,1296.9285923793725,0.57,-338.58987139176014,-0.6842962635418867,"{'trail_atr_mult': 4.0, 'trail_atr_len': 14, 'tp_converts_to_trail': True, 'don_upper': 1365.2, 'don_lower': 1315.26, 'atr': 2.0989259525784423, 'exit_reason': 'sl', 'signal_time': Timestamp('2018-04-30 11:00:00+0000', tz='UTC')}"
2018-05-01 09:00:00+00:00,2018-05-02 04:00:00+00:00,-1,1308.625,1310.7371082977395,1310.5621082977395,1292.8003966436006,0.6,-138.72649786436978,-0.2828335645016775,"{'trail_atr_mult': 4.0, 'trail_atr_len': 14, 'tp_converts_to_trail': True, 'don_upper': 1355.67, 'don_lower': 1310.18, 'atr': 1.9999504195499052, 'exit_reason': 'sl', 'signal_time': Timestamp('2018-05-01 08:00:00+0000', tz='UTC')}"
2018-05-15 13:00:00+00:00,2018-05-18 15:00:00+00:00,-1,1297.385,1292.5839827885368,1292.4089827885368,1278.8276233396216,0.52,197.65289499608662,0.39963641550430373,"{'trail_atr_mult': 4.0, 'trail_atr_len': 14, 'tp_converts_to_trail': True, 'don_upper': 1325.9, 'don_lower': 1301.74, 'atr': 2.3390470825473, 'exit_reason': 'sl', 'signal_time': Timestamp('2018-05-15 12:00:00+0000', tz='UTC')}"
2018-06-14 13:00:00+00:00,2018-06-15 07:00:00+00:00,1,1307.5249999999999,1299.7604504342928,1299.9354504342928,1324.6062426148746,0.55,-405.0502261138882,-0.8239482674708479,"{'trail_atr_mult': 4.0, 'trail_atr_len': 14, 'tp_converts_to_trail': True, 'don_upper': 1306.57, 'don_lower': 1289.34, 'atr': 2.168280326859331, 'exit_reason': 'sl', 'signal_time': Timestamp('2018-06-14 12:00:00+0000', tz='UTC')}"
2018-06-15 14:00:00+00:00,2018-06-19 02:00:00+00:00,-1,1283.545,1283.2183547738089,1283.043354773809,1260.4491696923865,0.41,-19.407545726160656,-0.04002859668367914,"{'trail_atr_mult': 4.0, 'trail_atr_len': 14, 'tp_converts_to_trail': True, 'don_upper': 1309.28, 'don_lower': 1289.34, 'atr': 2.910103788451681, 'exit_reason': 'sl', 'signal_time': Timestamp('2018-06-15 13:00:00+0000', tz='UTC')}"
2018-06-19 12:00:00+00:00,2018-06-21 18:00:00+00:00,-1,1272.305,1269.9460029966374,1269.7710029966374,1253.1897576078336,0.5,77.94985016813371,0.15827186004397625,"{'trail_atr_mult': 4.0, 'trail_atr_len': 14, 'tp_converts_to_trail': True, 'don_upper': 1309.28, 'don_lower': 1275.33, 'atr': 2.413780299020814, 'exit_reason': 'sl', 'signal_time': Timestamp('2018-06-19 11:00:00+0000', tz='UTC')}"
2018-06-27 03:00:00+00:00,2018-06-29 17:00:00+00:00,-1,1254.075,1253.300821997118,1253.125821997118,1237.7662436207384,0.59,-1.5234978299572006,-0.0030843732473199896,"{'trail_atr_mult': 4.0, 'trail_atr_len': 14, 'tp_converts_to_trail': True, 'don_upper': 1309.28, 'don_lower': 1254.68, 'atr': 2.0567195474077056, 'exit_reason': 'sl', 'signal_time': Timestamp('2018-06-27 02:00:00+0000', tz='UTC')}"
2018-07-03 02:00:00+00:00,2018-07-03 10:00:00+00:00,-1,1238.7050000000002,1246.3996990698527,1246.2246990698527,1222.3454641316848,0.59,-453.9872451212977,-0.9114492847022284,"{'trail_atr_mult': 4.0, 'trail_atr_len': 14, 'tp_converts_to_trail': True, 'don_upper': 1309.28, 'don_lower': 1239.63, 'atr': 2.0668169835393986, 'exit_reason': 'sl', 'signal_time': Timestamp('2018-07-03 01:00:00+0000', tz='UTC')}"
2018-07-17 15:00:00+00:00,2018-07-19 01:00:00+00:00,-1,1226.535,1228.1066471654462,1227.9316471654463,1204.8312210606591,0.44,-104.35247527963129,-0.2136736594320634,"{'trail_atr_mult': 4.0, 'trail_atr_len': 14, 'tp_converts_to_trail': True, 'don_upper': 1272.56, 'don_lower': 1230.33, 'atr': 2.7335973674176115, 'exit_reason': 'sl', 'signal_time': Timestamp('2018-07-17 14:00:00+0000', tz='UTC')}"
2018-07-19 08:00:00+00:00,2018-07-19 18:00:00+00:00,-1,1218.4950000000001,1221.2950273424192,1221.1200273424192,1201.8712857478638,0.57,-159.601558517887,-0.3265582831751061,"{'trail_atr_mult': 4.0, 'trail_atr_len': 14, 'tp_converts_to_trail': True, 'don_upper': 1267.92, 'don_lower': 1220.98, 'atr': 2.099839281517038, 'exit_reason': 'sl', 'signal_time': Timestamp('2018-07-19 07:00:00+0000', tz='UTC')}"
2018-08-03 07:00:00+00:00,2018-08-03 12:00:00+00:00,-1,1205.7250000000001,1212.6042275390464,1212.4292275390465,1190.2532988942964,0.61,-419.6328798818224,-0.8568668612262824,"{'trail_atr_mult': 4.0, 'trail_atr_len': 14, 'tp_converts_to_trail': True, 'don_upper': 1256.84, 'don_lower': 1206.34, 'atr': 1.9583376382129465, 'exit_reason': 'sl', 'signal_time': Timestamp('2018-08-03 06:00:00+0000', tz='UTC')}"
2018-08-13 12:00:00+00:00,2018-08-15 17:00:00+00:00,-1,1198.595,1177.8657759443158,1177.6907759443159,,0.45,914.815082505789,1.884147826930743,"{'trail_atr_mult': 4.0, 'trail_atr_len': 14, 'tp_converts_to_trail': True, 'don_upper': 1235.18, 'don_lower': 1200.98, 'atr': 2.6411530069604976, 'exit_reason': 'sl', 'signal_time': Timestamp('2018-08-13 11:00:00+0000', tz='UTC')}"
2018-08-15 20:00:00+00:00,2018-08-16 05:00:00+00:00,-1,1174.385,1174.3186894231674,1174.1436894231674,1151.8917248779524,0.43,-22.948645196197322,-0.04649211844794614,"{'trail_atr_mult': 4.0, 'trail_atr_len': 14, 'tp_converts_to_trail': True, 'don_upper': 1235.18, 'don_lower': 1174.8, 'atr': 2.831034390255949, 'exit_reason': 'sl', 'signal_time': Timestamp('2018-08-15 19:00:00+0000', tz='UTC')}"
2018-09-27 13:00:00+00:00,2018-09-28 15:00:00+00:00,-1,1186.795,1188.7420221091006,1188.5670221091007,1167.497088809476,0.5,-107.35110545502721,-0.21893966563596098,"{'trail_atr_mult': 4.0, 'trail_atr_len': 14, 'tp_converts_to_trail': True, 'don_upper': 1212.6, 'don_lower': 1187.66, 'atr': 2.4253638988154953, 'exit_reason': 'sl', 'signal_time': Timestamp('2018-09-27 12:00:00+0000', tz='UTC')}"
2018-10-11 15:00:00+00:00,2018-10-16 20:00:00+00:00,1,1216.085,1224.6105992808696,1224.7855992808695,1244.406261455798,0.34,357.87037554956396,0.7297721610821841,"{'trail_atr_mult': 4.0, 'trail_atr_len': 14, 'tp_converts_to_trail': True, 'don_upper': 1211.03, 'don_lower': 1180.66, 'atr': 3.5620326819747197, 'exit_reason': 'sl', 'signal_time': Timestamp('2018-10-11 14:00:00+0000', tz='UTC')}"
2018-10-23 09:00:00+00:00,2018-10-23 17:00:00+00:00,1,1235.7649999999999,1230.4006125240187,1230.5756125240187,1252.3416087866171,0.58,-311.13447360690816,-0.6273547176659785,"{'trail_atr_mult': 4.0, 'trail_atr_len': 14, 'tp_converts_to_trail': True, 'don_upper': 1233.22, 'don_lower': 1180.66, 'atr': 2.0939510983271603, 'exit_reason': 'sl', 'signal_time': Timestamp('2018-10-23 08:00:00+0000', tz='UTC')}"
2018-11-09 14:00:00+00:00,2018-11-13 16:00:00+00:00,-1,1210.295,1204.5003615437638,1204.3253615437638,1189.9055919402401,0.46,229.75336898686845,0.4702073545364537,"{'trail_atr_mult': 4.0, 'trail_atr_len': 14, 'tp_converts_to_trail': True, 'don_upper': 1243.36, 'don_lower': 1210.71, 'atr': 2.5843010074699766, 'exit_reason': 'sl', 'signal_time': Timestamp('2018-11-09 13:00:00+0000', tz='UTC')}"
2018-12-03 14:00:00+00:00,2018-12-05 06:00:00+00:00,1,1233.555,1234.058120881574,1234.233120881574,1251.2529304943494,0.54,70.36852760499478,0.1427848401633233,"{'trail_atr_mult': 4.0, 'trail_atr_len': 14, 'tp_converts_to_trail': True, 'don_upper': 1232.86, 'don_lower': 1196.21, 'atr': 2.2353663117936824, 'exit_reason': 'sl', 'signal_time': Timestamp('2018-12-03 13:00:00+0000', tz='UTC')}"
2018-12-07 19:00:00+00:00,2018-12-10 17:00:00+00:00,1,1249.925,1243.137824619588,1243.312824619588,1268.0682372824442,0.53,-296.12029516183645,-0.5985755693887966,"{'trail_atr_mult': 4.0, 'trail_atr_len': 14, 'tp_converts_to_trail': True, 'don_upper': 1248.49, 'don_lower': 1197.64, 'atr': 2.289779660305518, 'exit_reason': 'sl', 'signal_time': Timestamp('2018-12-07 18:00:00+0000', tz='UTC')}"
2018-12-20 14:00:00+00:00,2018-12-21 10:00:00+00:00,1,1259.455,1256.4774424786867,1256.6524424786867,1282.250210552638,0.43,-110.83497341646766,-0.22364719970145477,"{'trail_atr_mult': 4.0, 'trail_atr_len': 14, 'tp_converts_to_trail': True, 'don_upper': 1257.99, 'don_lower': 1211.15, 'atr': 2.8600263190797555, 'exit_reason': 'sl', 'signal_time': Timestamp('2018-12-20 13:00:00+0000', tz='UTC')}"
2018-12-24 16:00:00+00:00,2018-12-26 18:00:00+00:00,1,1268.145,1268.1757837984587,1268.3507837984587,1287.4240595196381,0.49,40.70840612447837,0.08314464812740881,"{'trail_atr_mult': 4.0, 'trail_atr_len': 14, 'tp_converts_to_trail': True, 'don_upper': 1267.19, 'don_lower': 1216.62, 'atr': 2.4392574399547606, 'exit_reason': 'sl', 'signal_time': Timestamp('2018-12-24 15:00:00+0000', tz='UTC')}"
2019-01-25 15:00:00+00:00,2019-01-30 05:00:00+00:00,1,1297.625,1313.565,1314.6462760943673,,0.56,1004.6400000000032,2.0448783438166753,"{'trail_atr_mult': 5.0, 'trail_atr_len': 14, 'tp_converts_to_trail': True, 'don_upper': 1297.03, 'don_lower': 1276.7, 'atr': 2.4566108706238956, 'exit_reason': 'sl_gap', 'signal_time': Timestamp('2019-01-25 14:00:00+0000', tz='UTC')}"
2019-01-30 05:00:00+00:00,2019-02-01 07:00:00+00:00,1,1315.245,1316.813693067153,1316.988693067153,1327.6945775309391,0.77,243.98936617079355,0.48844643451350367,"{'trail_atr_mult': 5.0, 'trail_atr_len': 14, 'tp_converts_to_trail': True, 'don_upper': 1314.65, 'don_lower': 1276.7, 'atr': 1.8035110758484654, 'exit_reason': 'sl', 'signal_time': Timestamp('2019-01-30 04:00:00+0000', tz='UTC')}"
2019-02-19 13:00:00+00:00,2019-02-20 02:00:00+00:00,1,1332.0049999999999,1344.425,1344.6590169396993,,0.76,974.3200000000054,1.9366996897719102,"{'trail_atr_mult': 5.0, 'trail_atr_len': 14, 'tp_converts_to_trail': True, 'don_upper': 1331.43, 'don_lower': 1302.34, 'atr': 1.8355738485284765, 'exit_reason': 'sl_gap', 'signal_time': Timestamp('2019-02-19 12:00:00+0000', tz='UTC')}"
2019-02-20 02:00:00+00:00,2019-02-20 19:00:00+00:00,1,1346.605,1338.4938333760902,1338.66883337609,1362.0423332478197,0.64,-519.1146639302315,-1.0220509483095679,"{'trail_atr_mult': 5.0, 'trail_atr_len': 14, 'tp_converts_to_trail': True, 'don_upper': 1345.1, 'don_lower': 1302.34, 'atr': 2.2260476068313895, 'exit_reason': 'sl', 'signal_time': Timestamp('2019-02-20 01:00:00+0000', tz='UTC')}"
2019-03-01 16:00:00+00:00,2019-03-05 16:00:00+00:00,-1,1301.135,1284.365,1281.3190243218114,,0.49,782.5299999999991,1.5656113954465654,"{'trail_atr_mult': 5.0, 'trail_atr_len': 14, 'tp_converts_to_trail': True, 'don_upper': 1346.66, 'don_lower': 1302.34, 'atr': 2.8587108111697903, 'exit_reason': 'sl_gap', 'signal_time': Timestamp('2019-03-01 15:00:00+0000', tz='UTC')}"
2019-03-21 06:00:00+00:00,2019-03-21 14:00:00+00:00,1,1319.245,1310.2864420814178,1310.4614420814178,1336.2871158371645,0.58,-519.5963592777603,-1.0199235892359442,"{'trail_atr_mult': 5.0, 'trail_atr_len': 14, 'tp_converts_to_trail': True, 'don_upper': 1319.0, 'don_lower': 1280.77, 'atr': 2.459587976737792, 'exit_reason': 'sl', 'signal_time': Timestamp('2019-03-21 05:00:00+0000', tz='UTC')}"
2019-03-29 06:00:00+00:00,2019-03-29 12:00:00+00:00,-1,1287.085,1296.168327023746,1295.9933270237461,1269.7933459525077,0.57,-517.7496403535248,-1.0196445415096989,"{'trail_atr_mult': 5.0, 'trail_atr_len': 14, 'tp_converts_to_trail': True, 'don_upper': 1324.49, 'don_lower': 1288.37, 'atr': 2.4952362924988996, 'exit_reason': 'sl', 'signal_time': Timestamp('2019-03-29 05:00:00+0000', tz='UTC')}"
2019-04-18 02:00:00+00:00,2019-04-22 02:00:00+00:00,-1,1271.9650000000001,1277.9175066647233,1277.7425066647234,1260.9349866705534,0.87,-587.4680798309149,-1.1687579186975576,"{'trail_atr_mult': 5.0, 'trail_atr_len': 14, 'tp_converts_to_trail': True, 'don_upper': 1310.53, 'don_lower': 1272.89, 'atr': 1.600716189920953, 'exit_reason': 'sl', 'signal_time': Timestamp('2019-04-18 01:00:00+0000', tz='UTC')}"
2019-04-23 13:00:00+00:00,2019-04-24 09:00:00+00:00,-1,1267.395,1273.919100377897,1273.744100377897,1255.3717992442057,0.79,-531.2039298538596,-1.0590634857979935,"{'trail_atr_mult': 5.0, 'trail_atr_len': 14, 'tp_converts_to_trail': True, 'don_upper': 1310.53, 'don_lower': 1271.09, 'atr': 1.749742965113469, 'exit_reason': 'sl', 'signal_time': Timestamp('2019-04-23 12:00:00+0000', tz='UTC')}"
2019-05-13 17:00:00+00:00,2019-05-14 16:00:00+00:00,1,1300.465,1293.964838483229,1294.139838483229,1318.4962883609808,0.54,-329.40872190563175,-0.6574764735385352,"{'trail_atr_mult': 5.0, 'trail_atr_len': 14, 'tp_converts_to_trail': True, 'don_upper': 1299.63, 'don_lower': 1266.2, 'atr': 2.6008983372829766, 'exit_reason': 'sl', 'signal_time': Timestamp('2019-05-13 16:00:00+0000', tz='UTC')}"
2019-05-31 15:00:00+00:00,2019-06-03 18:00:00+00:00,1,1302.625,1320.355,1321.330562967885,,0.51,965.430000000001,1.9504843863951984,"{'trail_atr_mult': 5.0, 'trail_atr_len': 14, 'tp_converts_to_trail': True, 'don_upper': 1300.84, 'don_lower': 1269.41, 'atr': 2.7057947096978365, 'exit_reason': 'sl_gap', 'signal_time': Timestamp('2019-05-31 14:00:00+0000', tz='UTC')}"
2019-06-03 18:00:00+00:00,2019-06-06 02:00:00+00:00,1,1325.845,1327.3571068373365,1327.5321068373364,1345.7654785779362,0.49,172.0932350294852,0.34255302298727597,"{'trail_atr_mult': 5.0, 'trail_atr_len': 14, 'tp_converts_to_trail': True, 'don_upper': 1321.65, 'don_lower': 1269.41, 'atr': 2.873639796848011, 'exit_reason': 'sl', 'signal_time': Timestamp('2019-06-03 17:00:00+0000', tz='UTC')}"
2019-06-14 07:00:00+00:00,2019-06-14 18:00:00+00:00,1,1355.335,1345.5033997068826,1345.6783997068826,1374.123200586235,0.52,-511.24321524210427,-1.0181223199353795,"{'trail_atr_mult': 5.0, 'trail_atr_len': 14, 'tp_converts_to_trail': True, 'don_upper': 1348.23, 'don_lower': 1274.95, 'atr': 2.7090286551764255, 'exit_reason': 'sl', 'signal_time': Timestamp('2019-06-14 06:00:00+0000', tz='UTC')}"
2019-06-20 01:00:00+00:00,2019-06-21 06:00:00+00:00,1,1371.5049999999999,1401.496998822947,1401.671998822947,,0.32,972.5439623343088,1.9823886236798096,"{'trail_atr_mult': 5.0, 'trail_atr_len': 14, 'tp_converts_to_trail': True, 'don_upper': 1362.54, 'don_lower': 1306.99, 'atr': 4.333142688992454, 'exit_reason': 'sl', 'signal_time': Timestamp('2019-06-20 00:00:00+0000', tz='UTC')}"
2019-06-24 16:00:00+00:00,2019-06-25 18:00:00+00:00,1,1413.905,1414.8674410137176,1415.0424410137175,1447.061302085814,0.3,40.8732304115274,0.08090192061140171,"{'trail_atr_mult': 5.0, 'trail_atr_len': 14, 'tp_converts_to_trail': True, 'don_upper': 1411.76, 'don_lower': 1319.83, 'atr': 4.761614583687729, 'exit_reason': 'sl', 'signal_time': Timestamp('2019-06-24 15:00:00+0000', tz='UTC')}"
2019-07-18 20:00:00+00:00,2019-07-19 07:00:00+00:00,1,1446.055,1439.4974709892638,1439.6724709892637,1474.847064668913,0.34,-209.35598636503386,-0.42006449692527487,"{'trail_atr_mult': 3.0, 'trail_atr_len': 14, 'tp_converts_to_trail': True, 'don_upper': 1437.74, 'don_lower': 1382.83, 'atr': 4.827844111485469, 'exit_reason': 'sl', 'signal_time': Timestamp('2019-07-18 19:00:00+0000', tz='UTC')}"
2019-08-05 07:00:00+00:00,2019-08-05 16:00:00+00:00,1,1458.615,1454.9185507235024,1455.0935507235024,1490.2346386272784,0.31,-114.58992757142437,-0.2299885414397359,"{'trail_atr_mult': 3.0, 'trail_atr_len': 14, 'tp_converts_to_trail': True, 'don_upper': 1455.98, 'don_lower': 1400.01, 'atr': 5.299106437879736, 'exit_reason': 'sl', 'signal_time': Timestamp('2019-08-05 06:00:00+0000', tz='UTC')}"
2019-08-05 23:00:00+00:00,2019-08-06 05:00:00+00:00,1,1474.175,1457.8143306331435,1457.9893306331435,1508.8607242113135,0.28,-446.89874227198,-0.906580010741624,"{'trail_atr_mult': 3.0, 'trail_atr_len': 14, 'tp_converts_to_trail': True, 'don_upper': 1469.72, 'don_lower': 1400.44, 'atr': 5.8101207018855865, 'exit_reason': 'sl', 'signal_time': Timestamp('2019-08-05 22:00:00+0000', tz='UTC')}"
2019-08-07 12:00:00+00:00,2019-08-08 02:00:00+00:00,1,1495.085,1492.0276353401273,1492.2026353401272,1523.647615069633,0.34,-63.150398435673374,-0.12784013109278283,"{'trail_atr_mult': 3.0, 'trail_atr_len': 14, 'tp_converts_to_trail': True, 'don_upper': 1491.21, 'don_lower': 1400.44, 'atr': 4.787935844938847, 'exit_reason': 'sl', 'signal_time': Timestamp('2019-08-07 11:00:00+0000', tz='UTC')}"
2019-08-13 07:00:00+00:00,2019-08-13 13:00:00+00:00,1,1522.5249999999999,1520.085026063094,1520.2600260630938,1548.416222592782,0.37,-90.27903566552095,-0.18473299339722127,"{'trail_atr_mult': 3.0, 'trail_atr_len': 14, 'tp_converts_to_trail': True, 'don_upper': 1520.02, 'don_lower': 1400.44, 'atr': 4.344370432130366, 'exit_reason': 'sl', 'signal_time': Timestamp('2019-08-13 06:00:00+0000', tz='UTC')}"
2019-08-25 23:00:00+00:00,2019-08-26 08:00:00+00:00,1,1547.625,1532.5208022623972,1532.6958022623971,1583.5562427382586,0.27,-397.01333891527605,-0.8086729136927636,"{'trail_atr_mult': 3.0, 'trail_atr_len': 14, 'tp_converts_to_trail': True, 'don_upper': 1534.95, 'don_lower': 1472.18, 'atr': 6.012707123043087, 'exit_reason': 'sl', 'signal_time': Timestamp('2019-08-25 22:00:00+0000', tz='UTC')}"
2019-09-10 02:00:00+00:00,2019-09-10 14:00:00+00:00,-1,1487.505,1499.1140630045468,1498.9390630045468,1460.027451078001,0.35,-406.31720515913344,-0.8291433066956554,"{'trail_atr_mult': 3.0, 'trail_atr_len': 14, 'tp_converts_to_trail': True, 'don_upper': 1556.98, 'don_lower': 1492.43, 'atr': 4.608758153666541, 'exit_reason': 'sl', 'signal_time': Timestamp('2019-09-10 01:00:00+0000', tz='UTC')}"
2019-09-10 22:00:00+00:00,2019-09-11 16:00:00+00:00,-1,1486.105,1496.608323742592,1496.433323742592,1458.350663013148,0.36,-385.31965473330746,-0.8002683392005556,"{'trail_atr_mult': 3.0, 'trail_atr_len': 14, 'tp_converts_to_trail': True, 'don_upper': 1556.98, 'don_lower': 1486.38, 'atr': 4.5698894978086555, 'exit_reason': 'sl', 'signal_time': Timestamp('2019-09-10 20:00:00+0000', tz='UTC')}"
2019-09-30 16:00:00+00:00,2019-10-01 15:00:00+00:00,-1,1468.075,1471.9701552166177,1471.7951552166178,1437.62882465119,0.31,-126.94981171514856,-0.26266843188603406,"{'trail_atr_mult': 3.0, 'trail_atr_len': 14, 'tp_converts_to_trail': True, 'don_upper': 1535.63, 'don_lower': 1479.55, 'atr': 5.115195891468352, 'exit_reason': 'sl', 'signal_time': Timestamp('2019-09-30 15:00:00+0000', tz='UTC')}"
2019-11-07 15:00:00+00:00,2019-11-08 06:00:00+00:00,-1,1469.4750000000001,1470.6570030246191,1470.4820030246192,1445.648775810998,0.4,-55.28012098476029,-0.11364584396569362,"{'trail_atr_mult': 3.0, 'trail_atr_len': 14, 'tp_converts_to_trail': True, 'don_upper': 1517.93, 'don_lower': 1479.31, 'atr': 3.998537364833714, 'exit_reason': 'sl', 'signal_time': Timestamp('2019-11-07 14:00:00+0000', tz='UTC')}"
2019-11-08 12:00:00+00:00,2019-11-11 08:00:00+00:00,-1,1458.025,1465.5541420553002,1465.3791420553002,1436.7992251479893,0.44,-357.68225043320433,-0.7464511350522292,"{'trail_atr_mult': 3.0, 'trail_atr_len': 14, 'tp_converts_to_trail': True, 'don_upper': 1517.93, 'don_lower': 1460.46, 'atr': 3.568462475335113, 'exit_reason': 'sl', 'signal_time': Timestamp('2019-11-08 11:00:00+0000', tz='UTC')}"
2019-12-04 07:00:00+00:00,2019-12-04 09:00:00+00:00,1,1483.975,1476.9532165905032,1477.1282165905031,1497.6484565737264,0.67,-470.45948843628025,-0.9767089219197206,"{'trail_atr_mult': 3.0, 'trail_atr_len': 14, 'tp_converts_to_trail': True, 'don_upper': 1481.73, 'don_lower': 1450.02, 'atr': 2.3180760956210604, 'exit_reason': 'sl', 'signal_time': Timestamp('2019-12-04 06:00:00+0000', tz='UTC')}"
2019-12-24 05:00:00+00:00,2019-12-24 17:00:00+00:00,1,1490.375,1498.7450000000001,1499.765790899985,,0.97,811.8900000000114,1.688216317674215,"{'trail_atr_mult': 3.0, 'trail_atr_len': 14, 'tp_converts_to_trail': True, 'don_upper': 1489.52, 'don_lower': 1458.48, 'atr': 1.5942984833308176, 'exit_reason': 'sl_gap', 'signal_time': Timestamp('2019-12-24 04:00:00+0000', tz='UTC')}"
2019-12-26 04:00:00+00:00,2019-12-31 13:00:00+00:00,1,1503.0349999999999,1520.0120764511,1520.1870764511,,0.7,1328.3953515770122,2.727128160129415,"{'trail_atr_mult': 3.0, 'trail_atr_len': 14, 'tp_converts_to_trail': True, 'don_upper': 1500.44, 'don_lower': 1458.48, 'atr': 2.261210076048128, 'exit_reason': 'sl', 'signal_time': Timestamp('2019-12-26 03:00:00+0000', tz='UTC')}"
2020-01-02 13:00:00+00:00,2020-01-03 03:00:00+00:00,1,1528.215,1538.075,1540.4540714334482,,0.78,800.28000000001,1.6076375086892787,"{'trail_atr_mult': 5.0, 'trail_atr_len': 14, 'tp_converts_to_trail': True, 'don_upper': 1525.23, 'don_lower': 1452.94, 'atr': 2.4828142866896457, 'exit_reason': 'sl_gap', 'signal_time': Timestamp('2020-01-02 12:00:00+0000', tz='UTC')}"
2020-01-03 05:00:00+00:00,2020-01-07 01:00:00+00:00,1,1541.595,1560.1467515009695,1560.3217515009694,,0.61,1229.2568415591352,2.4674639935913896,"{'trail_atr_mult': 5.0, 'trail_atr_len': 14, 'tp_converts_to_trail': True, 'don_upper': 1541.0, 'don_lower': 1453.89, 'atr': 3.1967956336236227, 'exit_reason': 'sl', 'signal_time': Timestamp('2020-01-03 04:00:00+0000', tz='UTC')}"
2020-01-07 23:00:00+00:00,2020-01-08 08:00:00+00:00,1,1595.105,1580.7321248483956,1580.9071248483956,1623.1857503032088,0.35,-489.05063030615315,-0.9841525582104715,"{'trail_atr_mult': 5.0, 'trail_atr_len': 14, 'tp_converts_to_trail': True, 'don_upper': 1582.09, 'don_lower': 1458.48, 'atr': 5.637150060641767, 'exit_reason': 'sl', 'signal_time': Timestamp('2020-01-07 22:00:00+0000', tz='UTC')}"
2020-02-18 15:00:00+00:00,2020-02-20 13:00:00+00:00,1,1600.925,1615.326873579762,1615.5018735797619,,0.67,1072.125529844052,2.1191905090778307,"{'trail_atr_mult': 5.0, 'trail_atr_len': 14, 'tp_converts_to_trail': True, 'don_upper': 1593.35, 'don_lower': 1546.3, 'atr': 2.950374715952356, 'exit_reason': 'sl', 'signal_time': Timestamp('2020-02-18 14:00:00+0000', tz='UTC')}"
2020-02-21 03:00:00+00:00,2020-02-21 14:00:00+00:00,1,1625.165,1641.0166980776582,1641.1916980776582,,0.61,966.9535827371552,1.8948104375401662,"{'trail_atr_mult': 5.0, 'trail_atr_len': 14, 'tp_converts_to_trail': True, 'don_upper': 1624.63, 'don_lower': 1547.38, 'atr': 3.2523396155316084, 'exit_reason': 'sl', 'signal_time': Timestamp('2020-02-21 02:00:00+0000', tz='UTC')}"
2020-02-23 23:00:00+00:00,2020-02-24 19:00:00+00:00,1,1665.7949999999998,1655.2969156754925,1655.4719156754925,1698.8092702479132,0.3,-302.9425297352195,-0.5936684855917391,"{'trail_atr_mult': 5.0, 'trail_atr_len': 14, 'tp_converts_to_trail': True, 'don_upper': 1649.23, 'don_lower': 1547.38, 'atr': 6.6698540495826375, 'exit_reason': 'sl', 'signal_time': Timestamp('2020-02-23 22:00:00+0000', tz='UTC')}"
2020-03-08 23:00:00+00:00,2020-03-09 04:00:00+00:00,1,1700.2949999999998,1667.680050451837,1667.8550504518369,1764.619899096326,0.15,-483.22424322244404,-0.9930641075854327,"{'trail_atr_mult': 5.0, 'trail_atr_len': 14, 'tp_converts_to_trail': True, 'don_upper': 1692.09, 'don_lower': 1552.46, 'atr': 12.90197981926522, 'exit_reason': 'sl', 'signal_time': Timestamp('2020-03-08 22:00:00+0000', tz='UTC')}"
2020-03-13 01:00:00+00:00,2020-03-13 07:00:00+00:00,-1,1554.795,1592.1562322558075,1591.9812322558075,1480.857535488385,0.13,-485.6960193254963,-1.0047060427847627,"{'trail_atr_mult': 5.0, 'trail_atr_len': 14, 'tp_converts_to_trail': True, 'don_upper': 1703.44, 'don_lower': 1560.59, 'atr': 14.81649290232299, 'exit_reason': 'sl', 'signal_time': Timestamp('2020-03-13 00:00:00+0000', tz='UTC')}"
2020-03-13 15:00:00+00:00,2020-03-17 14:00:00+00:00,-1,1534.4550000000002,1529.794687996304,1529.619687996304,1447.4866023590819,0.11,42.46343204065778,0.08782078971543324,"{'trail_atr_mult': 5.0, 'trail_atr_len': 14, 'tp_converts_to_trail': True, 'don_upper': 1703.44, 'don_lower': 1551.31, 'atr': 17.45667952818363, 'exit_reason': 'sl', 'signal_time': Timestamp('2020-03-13 14:00:00+0000', tz='UTC')}"
2020-04-09 14:00:00+00:00,2020-04-13 21:00:00+00:00,1,1683.225,1715.7920027487003,1715.9670027487002,,0.3,1025.0100824610108,2.0412223283655186,"{'trail_atr_mult': 5.0, 'trail_atr_len': 14, 'tp_converts_to_trail': True, 'don_upper': 1674.02, 'don_lower': 1451.13, 'atr': 6.597400549740042, 'exit_reason': 'sl', 'signal_time': Timestamp('2020-04-09 13:00:00+0000', tz='UTC')}"
2020-04-14 13:00:00+00:00,2020-04-15 07:00:00+00:00,1,1730.325,1712.0396298646008,1712.2146298646007,1767.7281625350672,0.27,-482.9049936557801,-0.9379251094729072,"{'trail_atr_mult': 5.0, 'trail_atr_len': 14, 'tp_converts_to_trail': True, 'don_upper': 1727.53, 'don_lower': 1451.13, 'atr': 7.5296325070134404, 'exit_reason': 'sl', 'signal_time': Timestamp('2020-04-14 12:00:00+0000', tz='UTC')}"
2020-05-15 13:00:00+00:00,2020-05-18 14:00:00+00:00,1,1742.935,1738.6510026117064,1738.8260026117064,1768.915724597132,0.38,-117.19190075515408,-0.23217867647596374,"{'trail_atr_mult': 5.0, 'trail_atr_len': 14, 'tp_converts_to_trail': True, 'don_upper': 1738.78, 'don_lower': 1660.03, 'atr': 5.235144919426428, 'exit_reason': 'sl', 'signal_time': Timestamp('2020-05-15 12:00:00+0000', tz='UTC')}"
2020-06-05 14:00:00+00:00,2020-06-08 09:00:00+00:00,-1,1679.935,1696.9235877911487,1696.7485877911488,1645.9842511840084,0.3,-527.6576337344641,-1.036581681843452,"{'trail_atr_mult': 5.0, 'trail_atr_len': 14, 'tp_converts_to_trail': True, 'don_upper': 1765.08, 'don_lower': 1681.14, 'atr': 6.789149763198319, 'exit_reason': 'sl', 'signal_time': Timestamp('2020-06-05 13:00:00+0000', tz='UTC')}"
2020-06-22 02:00:00+00:00,2020-06-22 08:00:00+00:00,1,1758.225,1745.835021599026,1746.010021599026,1782.129956801948,0.41,-507.9891144399282,-1.0143266728974323,"{'trail_atr_mult': 5.0, 'trail_atr_len': 14, 'tp_converts_to_trail': True, 'don_upper': 1751.05, 'don_lower': 1670.55, 'atr': 4.81599136038961, 'exit_reason': 'sl', 'signal_time': Timestamp('2020-06-22 01:00:00+0000', tz='UTC')}"
2020-06-22 14:00:00+00:00,2020-06-25 03:00:00+00:00,1,1759.745,1758.4164660646948,1758.5914660646947,1786.7161159784268,0.36,24.172778329015273,0.04847060231883141,"{'trail_atr_mult': 5.0, 'trail_atr_len': 14, 'tp_converts_to_trail': True, 'don_upper': 1758.53, 'don_lower': 1670.55, 'atr': 5.4432231956853485, 'exit_reason': 'sl', 'signal_time': Timestamp('2020-06-22 13:00:00+0000', tz='UTC')}"
2020-06-30 15:00:00+00:00,2020-07-01 14:00:00+00:00,1,1781.245,1771.5755561272006,1771.7505561272005,1802.7052461189373,0.46,-426.3944181487688,-0.8502030953688031,"{'trail_atr_mult': 5.0, 'trail_atr_len': 14, 'tp_converts_to_trail': True, 'don_upper': 1779.43, 'don_lower': 1670.55, 'atr': 4.315049223787462, 'exit_reason': 'sl', 'signal_time': Timestamp('2020-06-30 14:00:00+0000', tz='UTC')}"
2020-07-07 15:00:00+00:00,2020-07-09 16:00:00+00:00,1,1794.145,1804.402832434404,1804.577832434404,1828.0084031697425,0.29,343.8771405977162,0.6896413523985642,"{'trail_atr_mult': 4.0, 'trail_atr_len': 14, 'tp_converts_to_trail': True, 'don_upper': 1789.08, 'don_lower': 1677.22, 'atr': 4.254800396217794, 'exit_reason': 'sl', 'signal_time': Timestamp('2020-07-07 14:00:00+0000', tz='UTC')}"
2020-07-21 07:00:00+00:00,2020-07-22 01:00:00+00:00,1,1823.0049999999999,1842.9950000000001,1845.239562592005,,0.44,897.1600000000103,1.791774329368087,"{'trail_atr_mult': 4.0, 'trail_atr_len': 14, 'tp_converts_to_trail': True, 'don_upper': 1820.53, 'don_lower': 1727.7, 'atr': 2.801195324000631, 'exit_reason': 'sl_gap', 'signal_time': Timestamp('2020-07-21 06:00:00+0000', tz='UTC')}"
2020-07-22 02:00:00+00:00,2020-07-24 15:00:00+00:00,1,1860.835,1900.4922008849783,1900.6672008849782,,0.25,1031.430022124456,2.049171533071196,"{'trail_atr_mult': 4.0, 'trail_atr_len': 14, 'tp_converts_to_trail': True, 'don_upper': 1847.65, 'don_lower': 1742.74, 'atr': 4.997150110622261, 'exit_reason': 'sl', 'signal_time': Timestamp('2020-07-22 01:00:00+0000', tz='UTC')}"
2020-07-26 23:00:00+00:00,2020-07-28 00:00:00+00:00,1,1906.7749999999999,1948.405,1948.674922626015,,0.24,1018.3200000000027,1.9945975867896204,"{'trail_atr_mult': 4.0, 'trail_atr_len': 14, 'tp_converts_to_trail': True, 'don_upper': 1906.5, 'don_lower': 1747.43, 'atr': 5.264365328251865, 'exit_reason': 'sl_gap', 'signal_time': Timestamp('2020-07-26 22:00:00+0000', tz='UTC')}"
2020-07-28 00:00:00+00:00,2020-07-28 04:00:00+00:00,1,1965.0049999999999,1945.6441568648204,1945.8191568648203,2029.9030799348545,0.15,-290.4126470276924,-0.5956900243675481,"{'trail_atr_mult': 4.0, 'trail_atr_len': 14, 'tp_converts_to_trail': True, 'don_upper': 1949.76, 'don_lower': 1747.43, 'atr': 8.11663499185682, 'exit_reason': 'sl', 'signal_time': Timestamp('2020-07-27 23:00:00+0000', tz='UTC')}"
2020-08-04 15:00:00+00:00,2020-08-05 11:00:00+00:00,1,1991.915,2039.755,2040.6313919351708,,0.2,964.800000000003,1.962914908437469,"{'trail_atr_mult': 4.0, 'trail_atr_len': 14, 'tp_converts_to_trail': True, 'don_upper': 1984.9, 'don_lower': 1769.86, 'atr': 6.107673991896355, 'exit_reason': 'sl_gap', 'signal_time': Timestamp('2020-08-04 14:00:00+0000', tz='UTC')}"
2020-08-05 14:00:00+00:00,2020-08-07 13:00:00+00:00,1,2046.7849999999999,2043.9766546356373,2044.1516546356372,2117.7007099668613,0.14,-16.91683510107632,-0.03382792150086708,"{'trail_atr_mult': 4.0, 'trail_atr_len': 14, 'tp_converts_to_trail': True, 'don_upper': 2044.65, 'don_lower': 1773.47, 'atr': 8.88633874585766, 'exit_reason': 'sl', 'signal_time': Timestamp('2020-08-05 13:00:00+0000', tz='UTC')}"
2020-09-21 15:00:00+00:00,2020-09-22 00:00:00+00:00,-1,1896.765,1916.8191206666484,1916.6441206666484,1829.9247202132212,0.15,-303.8118099997239,-0.6061813951628396,"{'trail_atr_mult': 4.0, 'trail_atr_len': 14, 'tp_converts_to_trail': True, 'don_upper': 1992.29, 'don_lower': 1902.64, 'atr': 8.354409973347344, 'exit_reason': 'sl', 'signal_time': Timestamp('2020-09-21 14:00:00+0000', tz='UTC')}"
2020-09-23 07:00:00+00:00,2020-09-28 13:00:00+00:00,-1,1881.195,1869.9039991867246,1869.7289991867246,1822.7182559514933,0.17,168.14701382568063,0.3352782522883972,"{'trail_atr_mult': 4.0, 'trail_atr_len': 14, 'tp_converts_to_trail': True, 'don_upper': 1992.29, 'don_lower': 1882.27, 'atr': 7.331468006063324, 'exit_reason': 'sl', 'signal_time': Timestamp('2020-09-23 06:00:00+0000', tz='UTC')}"
2020-10-28 14:00:00+00:00,2020-10-30 11:00:00+00:00,-1,1871.625,1879.0809038684745,1878.9059038684745,1831.048361015731,0.24,-198.1416928433875,-0.3970937206971445,"{'trail_atr_mult': 4.0, 'trail_atr_len': 14, 'tp_converts_to_trail': True, 'don_upper': 1933.18, 'don_lower': 1872.94, 'atr': 5.113954873033647, 'exit_reason': 'sl', 'signal_time': Timestamp('2020-10-28 13:00:00+0000', tz='UTC')}"
2020-11-05 15:00:00+00:00,2020-11-09 11:00:00+00:00,1,1945.615,1943.472384122591,1943.647384122591,2002.2127812545998,0.18,-9.767085793363279,-0.01899823032042511,"{'trail_atr_mult': 4.0, 'trail_atr_len': 14, 'tp_converts_to_trail': True, 'don_upper': 1933.97, 'don_lower': 1859.92, 'atr': 7.096597656824965, 'exit_reason': 'sl', 'signal_time': Timestamp('2020-11-05 14:00:00+0000', tz='UTC')}"
2020-11-23 14:00:00+00:00,2020-11-26 07:00:00+00:00,-1,1841.445,1816.391068838457,1816.216068838457,1797.036853843479,0.23,553.2404167154892,1.0706542149420486,"{'trail_atr_mult': 4.0, 'trail_atr_len': 14, 'tp_converts_to_trail': True, 'don_upper': 1965.46, 'don_lower': 1850.52, 'atr': 5.572893269565102, 'exit_reason': 'sl', 'signal_time': Timestamp('2020-11-23 13:00:00+0000', tz='UTC')}"
2020-11-27 13:00:00+00:00,2020-12-01 04:00:00+00:00,-1,1778.4850000000001,1786.4335959140492,1786.2585959140492,1732.5624477190026,0.22,-192.46911010907942,-0.38163851629109385,"{'trail_atr_mult': 4.0, 'trail_atr_len': 14, 'tp_converts_to_trail': True, 'don_upper': 1965.46, 'don_lower': 1800.25, 'atr': 5.737194035124663, 'exit_reason': 'sl', 'signal_time': Timestamp('2020-11-27 12:00:00+0000', tz='UTC')}"
2020-12-21 01:00:00+00:00,2020-12-21 09:00:00+00:00,1,1896.7549999999999,1885.509455107363,1885.684455107363,1937.4799383039149,0.25,-281.1386223159218,-0.546830136701978,"{'trail_atr_mult': 4.0, 'trail_atr_len': 14, 'tp_converts_to_trail': True, 'don_upper': 1896.19, 'don_lower': 1764.38, 'atr': 5.107492287989364, 'exit_reason': 'sl', 'signal_time': Timestamp('2020-12-21 00:00:00+0000', tz='UTC')}"
2021-01-03 23:00:00+00:00,2021-01-06 12:00:00+00:00,1,1913.215,1936.1542494559108,1936.3292494559107,1960.9041079642404,0.2,482.78498911821686,1.0050878627279454,"{'trail_atr_mult': 4.0, 'trail_atr_len': 14, 'tp_converts_to_trail': True, 'don_upper': 1906.7, 'don_lower': 1775.74, 'atr': 5.975513495530063, 'exit_reason': 'sl', 'signal_time': Timestamp('2021-01-03 22:00:00+0000', tz='UTC')}"
2021-01-17 23:00:00+00:00,2021-01-18 05:00:00+00:00,-1,1810.545,1837.5505057252851,1837.3755057252852,1754.5131698620992,0.18,-489.6991030551309,-0.9807880391745356,"{'trail_atr_mult': 4.0, 'trail_atr_len': 14, 'tp_converts_to_trail': True, 'don_upper': 1959.29, 'don_lower': 1817.0, 'atr': 6.980853767237599, 'exit_reason': 'sl', 'signal_time': Timestamp('2021-01-17 22:00:00+0000', tz='UTC')}"
2021-02-04 13:00:00+00:00,2021-02-05 08:00:00+00:00,-1,1808.305,1804.1171834124966,1803.9421834124967,1763.5403064436848,0.22,87.73196492507586,0.17657045127090207,"{'trail_atr_mult': 4.0, 'trail_atr_len': 14, 'tp_converts_to_trail': True, 'don_upper': 1959.29, 'don_lower': 1810.29, 'atr': 5.612461694539393, 'exit_reason': 'sl', 'signal_time': Timestamp('2021-02-04 12:00:00+0000', tz='UTC')}"
2021-02-17 13:00:00+00:00,2021-02-18 08:00:00+00:00,-1,1778.7250000000001,1788.9122089339673,1788.7372089339674,1728.469295079973,0.19,-204.95696974537705,-0.4248546352775404,"{'trail_atr_mult': 4.0, 'trail_atr_len': 14, 'tp_converts_to_trail': True, 'don_upper': 1875.69, 'don_lower': 1783.68, 'atr': 6.303838115003382, 'exit_reason': 'sl', 'signal_time': Timestamp('2021-02-17 12:00:00+0000', tz='UTC')}"
2021-02-26 05:00:00+00:00,2021-03-01 03:00:00+00:00,-1,1760.415,1748.5670653241566,1748.3920653241566,1704.2709564361053,0.17,191.2148894893372,0.3963398242671726,"{'trail_atr_mult': 4.0, 'trail_atr_len': 14, 'tp_converts_to_trail': True, 'don_upper': 1875.69, 'don_lower': 1760.64, 'atr': 7.043630445486813, 'exit_reason': 'sl', 'signal_time': Timestamp('2021-02-26 04:00:00+0000', tz='UTC')}"
2021-03-02 01:00:00+00:00,2021-03-02 13:00:00+00:00,-1,1711.535,1735.03653760862,1734.86153760862,1652.5079327993976,0.16,-376.0246017379177,-0.7880859504609008,"{'trail_atr_mult': 4.0, 'trail_atr_len': 14, 'tp_converts_to_trail': True, 'don_upper': 1875.69, 'don_lower': 1717.18, 'atr': 7.404008400075303, 'exit_reason': 'sl', 'signal_time': Timestamp('2021-03-02 00:00:00+0000', tz='UTC')}"
2021-04-15 15:00:00+00:00,2021-04-19 14:00:00+00:00,1,1764.955,1772.4180568052539,1772.5930568052538,1801.8342156832005,0.26,235.63947693660214,0.48460082050722075,"{'trail_atr_mult': 4.0, 'trail_atr_len': 14, 'tp_converts_to_trail': True, 'don_upper': 1758.66, 'don_lower': 1677.86, 'atr': 4.6317769604000505, 'exit_reason': 'sl', 'signal_time': Timestamp('2021-04-15 14:00:00+0000', tz='UTC')}"
2021-05-07 04:00:00+00:00,2021-05-11 13:00:00+00:00,1,1820.7649999999999,1830.4585871625522,1830.6335871625522,1851.4902559130267,0.31,350.1012020391237,0.7227836593712279,"{'trail_atr_mult': 4.0, 'trail_atr_len': 14, 'tp_converts_to_trail': True, 'don_upper': 1818.12, 'don_lower': 1723.7, 'atr': 3.8625319891283554, 'exit_reason': 'sl', 'signal_time': Timestamp('2021-05-07 03:00:00+0000', tz='UTC')}"
2021-05-17 02:00:00+00:00,2021-05-19 09:00:00+00:00,1,1851.345,1861.4722630610065,1861.6472630610065,1886.4063945371129,0.28,305.9633657081817,0.6156829843426285,"{'trail_atr_mult': 4.0, 'trail_atr_len': 14, 'tp_converts_to_trail': True, 'don_upper': 1848.07, 'don_lower': 1744.34, 'atr': 4.400799317139107, 'exit_reason': 'sl', 'signal_time': Timestamp('2021-05-17 01:00:00+0000', tz='UTC')}"
2021-05-19 14:00:00+00:00,2021-05-19 20:00:00+00:00,1,1889.235,1862.5076343137007,1862.6826343137006,1943.9923203112548,0.18,-481.09258235338575,-0.9669408062402852,"{'trail_atr_mult': 4.0, 'trail_atr_len': 14, 'tp_converts_to_trail': True, 'don_upper': 1875.03, 'don_lower': 1756.19, 'atr': 6.86654003890685, 'exit_reason': 'sl', 'signal_time': Timestamp('2021-05-19 13:00:00+0000', tz='UTC')}"
2021-05-26 02:00:00+00:00,2021-05-26 18:00:00+00:00,1,1903.145,1895.364987145029,1895.539987145029,1933.5981347303652,0.32,-248.96041135906853,-0.5042438840164339,"{'trail_atr_mult': 4.0, 'trail_atr_len': 14, 'tp_converts_to_trail': True, 'don_upper': 1900.21, 'don_lower': 1756.19, 'atr': 3.823516841295657, 'exit_reason': 'sl', 'signal_time': Timestamp('2021-05-26 01:00:00+0000', tz='UTC')}"
2021-06-16 19:00:00+00:00,2021-06-17 13:00:00+00:00,-1,1834.935,1789.7549538793694,1789.5799538793694,,0.21,936.1809685332415,1.9433304841681476,"{'trail_atr_mult': 4.0, 'trail_atr_len': 14, 'tp_converts_to_trail': True, 'don_upper': 1916.58, 'don_lower': 1844.77, 'atr': 5.691255765078793, 'exit_reason': 'sl', 'signal_time': Timestamp('2021-06-16 18:00:00+0000', tz='UTC')}"
2021-06-17 13:00:00+00:00,2021-06-18 08:00:00+00:00,-1,1785.445,1791.6406030694657,1791.4656030694657,1721.8622662965213,0.15,-95.93404604198598,-0.19952672478012443,"{'trail_atr_mult': 4.0, 'trail_atr_len': 14, 'tp_converts_to_trail': True, 'don_upper': 1916.58, 'don_lower': 1785.63, 'atr': 7.9697167129348285, 'exit_reason': 'sl', 'signal_time': Timestamp('2021-06-17 12:00:00+0000', tz='UTC')}"
2021-06-18 20:00:00+00:00,2021-06-21 09:00:00+00:00,-1,1761.7450000000001,1782.5606002151355,1782.3856002151356,1708.7341952334946,0.18,-385.48080387243755,-0.7933789375840682,"{'trail_atr_mult': 4.0, 'trail_atr_len': 14, 'tp_converts_to_trail': True, 'don_upper': 1916.58, 'don_lower': 1767.3, 'atr': 6.666975595813171, 'exit_reason': 'sl', 'signal_time': Timestamp('2021-06-18 19:00:00+0000', tz='UTC')}"
2021-06-29 13:00:00+00:00,2021-06-30 17:00:00+00:00,-1,1754.585,1767.9453760112206,1767.7703760112206,1710.4542746989189,0.22,-298.3282722468515,-0.6073297844696414,"{'trail_atr_mult': 4.0, 'trail_atr_len': 14, 'tp_converts_to_trail': True, 'don_upper': 1916.58, 'don_lower': 1760.91, 'atr': 5.538215662635149, 'exit_reason': 'sl', 'signal_time': Timestamp('2021-06-29 12:00:00+0000', tz='UTC')}"
2021-07-06 02:00:00+00:00,2021-07-06 14:00:00+00:00,1,1795.825,1809.115,1811.5582450832414,,0.61,810.6899999999978,1.6348627950871852,"{'trail_atr_mult': 4.0, 'trail_atr_len': 14, 'tp_converts_to_trail': True, 'don_upper': 1795.04, 'don_lower': 1750.69, 'atr': 3.181649016648267, 'exit_reason': 'sl_gap', 'signal_time': Timestamp('2021-07-06 01:00:00+0000', tz='UTC')}"
2021-07-08 11:00:00+00:00,2021-07-08 15:00:00+00:00,1,1817.575,1804.098576897362,1804.2735768973619,1843.6528462052768,0.37,-498.62765479761106,-1.013156486990121,"{'trail_atr_mult': 4.0, 'trail_atr_len': 14, 'tp_converts_to_trail': True, 'don_upper': 1815.12, 'don_lower': 1750.69, 'atr': 5.2505692410553255, 'exit_reason': 'sl', 'signal_time': Timestamp('2021-07-08 10:00:00+0000', tz='UTC')}"
2021-07-14 13:00:00+00:00,2021-07-15 15:00:00+00:00,1,1828.7849999999999,1820.3330158846193,1820.5080158846192,1850.1849091954518,0.45,-326.3392851921262,-0.6615292269383743,"{'trail_atr_mult': 4.0, 'trail_atr_len': 14, 'tp_converts_to_trail': True, 'don_upper': 1818.33, 'don_lower': 1750.69, 'atr': 4.314981839090378, 'exit_reason': 'sl', 'signal_time': Timestamp('2021-07-14 12:00:00+0000', tz='UTC')}"
2021-08-06 13:00:00+00:00,2021-08-09 01:00:00+00:00,-1,1776.185,1727.4057383255595,1727.2307383255595,,0.41,1975.3497286520594,4.033246260066895,"{'trail_atr_mult': 4.0, 'trail_atr_len': 14, 'tp_converts_to_trail': True, 'don_upper': 1832.62, 'don_lower': 1789.63, 'atr': 4.660211749821744, 'exit_reason': 'sl', 'signal_time': Timestamp('2021-08-06 12:00:00+0000', tz='UTC')}"
2021-08-23 13:00:00+00:00,2021-08-25 01:00:00+00:00,1,1800.085,1798.0424914536422,1798.2174914536422,1818.2594026645215,0.54,-67.0954615033209,-0.13289285959013425,"{'trail_atr_mult': 4.0, 'trail_atr_len': 14, 'tp_converts_to_trail': True, 'don_upper': 1795.46, 'don_lower': 1683.2, 'atr': 3.6698805329042807, 'exit_reason': 'sl', 'signal_time': Timestamp('2021-08-23 12:00:00+0000', tz='UTC')}"
2021-08-27 16:00:00+00:00,2021-08-30 16:00:00+00:00,1,1813.155,1809.253434321712,1809.4284343217118,1841.8961967294892,0.34,-91.85323306179473,-0.18349165449829452,"{'trail_atr_mult': 4.0, 'trail_atr_len': 14, 'tp_converts_to_trail': True, 'don_upper': 1809.51, 'don_lower': 1751.49, 'atr': 5.795239345897835, 'exit_reason': 'sl', 'signal_time': Timestamp('2021-08-27 15:00:00+0000', tz='UTC')}"
2021-09-03 13:00:00+00:00,2021-09-06 11:00:00+00:00,1,1823.655,1822.9104554497862,1823.0854554497862,1840.008780356001,0.59,26.871871537389822,0.05330461745051858,"{'trail_atr_mult': 4.0, 'trail_atr_len': 14, 'tp_converts_to_trail': True, 'don_upper': 1823.24, 'don_lower': 1776.35, 'atr': 3.3197560712001497, 'exit_reason': 'sl', 'signal_time': Timestamp('2021-09-03 12:00:00+0000', tz='UTC')}"
2021-09-16 10:00:00+00:00,2021-09-17 05:00:00+00:00,-1,1777.7150000000001,1759.9386497366606,1759.7636497366607,,0.55,966.6992644836731,1.902578162118326,"{'trail_atr_mult': 4.0, 'trail_atr_len': 14, 'tp_converts_to_trail': True, 'don_upper': 1833.95, 'don_lower': 1779.6, 'atr': 3.6252700526679003, 'exit_reason': 'sl', 'signal_time': Timestamp('2021-09-16 09:00:00+0000', tz='UTC')}"
2021-09-28 11:00:00+00:00,2021-09-29 11:00:00+00:00,-1,1733.425,1743.7784095907803,1743.6034095907803,1710.7394385806397,0.44,-464.3500219943333,-0.9152777678621631,"{'trail_atr_mult': 4.0, 'trail_atr_len': 14, 'tp_converts_to_trail': True, 'don_upper': 1808.58, 'don_lower': 1735.94, 'atr': 4.562112283872066, 'exit_reason': 'sl', 'signal_time': Timestamp('2021-09-28 10:00:00+0000', tz='UTC')}"
2021-09-29 17:00:00+00:00,2021-09-30 13:00:00+00:00,-1,1724.4550000000002,1735.7841198381807,1735.6091198381807,1700.1406201804584,0.41,-489.09391336540176,-0.9605006183605016,"{'trail_atr_mult': 4.0, 'trail_atr_len': 14, 'tp_converts_to_trail': True, 'don_upper': 1806.94, 'don_lower': 1725.51, 'atr': 4.897875963908325, 'exit_reason': 'sl', 'signal_time': Timestamp('2021-09-29 16:00:00+0000', tz='UTC')}"
2021-10-08 13:00:00+00:00,2021-10-08 15:00:00+00:00,1,1775.975,1765.1582220118532,1765.3332220118532,1796.7335559762935,0.47,-508.38856544289337,-1.016444620456739,"{'trail_atr_mult': 4.0, 'trail_atr_len': 14, 'tp_converts_to_trail': True, 'don_upper': 1770.5, 'don_lower': 1721.65, 'atr': 4.186711195258696, 'exit_reason': 'sl', 'signal_time': Timestamp('2021-10-08 12:00:00+0000', tz='UTC')}"
2021-10-13 14:00:00+00:00,2021-10-15 08:00:00+00:00,1,1781.855,1789.1824207246282,1789.3574207246281,1810.982609395609,0.34,303.5323046373573,0.602133903665836,"{'trail_atr_mult': 4.0, 'trail_atr_len': 14, 'tp_converts_to_trail': True, 'don_upper': 1781.27, 'don_lower': 1721.65, 'atr': 5.860521879121794, 'exit_reason': 'sl', 'signal_time': Timestamp('2021-10-13 13:00:00+0000', tz='UTC')}"
2021-10-22 13:00:00+00:00,2021-10-22 16:00:00+00:00,1,1805.965,1795.0798634444325,1795.2548634444324,1826.8602731111348,0.47,-511.6014181116698,-1.0163396609456847,"{'trail_atr_mult': 4.0, 'trail_atr_len': 14, 'tp_converts_to_trail': True, 'don_upper': 1800.57, 'don_lower': 1750.18, 'atr': 4.214054622226969, 'exit_reason': 'sl', 'signal_time': Timestamp('2021-10-22 12:00:00+0000', tz='UTC')}"
2021-11-03 14:00:00+00:00,2021-11-03 18:00:00+00:00,-1,1763.115,1774.7304296367863,1774.5554296367864,1740.6091407264275,0.44,-511.0789040185973,-1.0152966283221785,"{'trail_atr_mult': 4.0, 'trail_atr_len': 14, 'tp_converts_to_trail': True, 'don_upper': 1813.79, 'don_lower': 1765.77, 'atr': 4.526171854714509, 'exit_reason': 'sl', 'signal_time': Timestamp('2021-11-03 13:00:00+0000', tz='UTC')}"
2021-11-05 16:00:00+00:00,2021-11-10 18:00:00+00:00,1,1814.155,1844.3467489477973,1844.5217489477973,,0.36,1158.9029621207046,2.350105016560566,"{'trail_atr_mult': 4.0, 'trail_atr_len': 14, 'tp_converts_to_trail': True, 'don_upper': 1813.79, 'don_lower': 1758.07, 'atr': 5.429201775401596, 'exit_reason': 'sl', 'signal_time': Timestamp('2021-11-05 15:00:00+0000', tz='UTC')}"
2021-11-16 08:00:00+00:00,2021-11-16 14:00:00+00:00,1,1872.2549999999999,1862.059538669466,1862.234538669466,1891.7709226610675,0.5,-509.77306652669085,-1.0174642657885125,"{'trail_atr_mult': 4.0, 'trail_atr_len': 14, 'tp_converts_to_trail': True, 'don_upper': 1870.3, 'don_lower': 1758.07, 'atr': 3.938184532213539, 'exit_reason': 'sl', 'signal_time': Timestamp('2021-11-16 07:00:00+0000', tz='UTC')}"
2021-11-22 17:00:00+00:00,2021-11-25 06:00:00+00:00,-1,1808.2250000000001,1793.095,1792.6487458532579,1775.0547971191497,0.29,409.77000000000317,0.8335003951845303,"{'trail_atr_mult': 4.0, 'trail_atr_len': 14, 'tp_converts_to_trail': True, 'don_upper': 1877.23, 'don_lower': 1811.54, 'atr': 6.683040576170079, 'exit_reason': 'sl_gap', 'signal_time': Timestamp('2021-11-22 16:00:00+0000', tz='UTC')}"
2021-11-30 16:00:00+00:00,2021-12-01 05:00:00+00:00,-1,1774.265,1791.259450889311,1791.084450889311,1739.092461389982,0.29,-498.63907579001557,-0.9823284682111542,"{'trail_atr_mult': 4.0, 'trail_atr_len': 14, 'tp_converts_to_trail': True, 'don_upper': 1877.23, 'don_lower': 1777.64, 'atr': 7.023507722003597, 'exit_reason': 'sl', 'signal_time': Timestamp('2021-11-30 15:00:00+0000', tz='UTC')}"
2021-12-02 14:00:00+00:00,2021-12-03 13:00:00+00:00,-1,1764.565,1777.941702016728,1777.766702016728,1738.2204506521155,0.37,-502.3379746189324,-1.0105641773851965,"{'trail_atr_mult': 4.0, 'trail_atr_len': 14, 'tp_converts_to_trail': True, 'don_upper': 1870.94, 'don_lower': 1767.45, 'atr': 5.303909869576895, 'exit_reason': 'sl', 'signal_time': Timestamp('2021-12-02 13:00:00+0000', tz='UTC')}"
2021-12-16 14:00:00+00:00,2021-12-17 20:00:00+00:00,1,1793.875,1799.174932331421,1799.3499323314209,1814.4249954549578,0.47,267.8968195767825,0.5378564334711976,"{'trail_atr_mult': 4.0, 'trail_atr_len': 14, 'tp_converts_to_trail': True, 'don_upper': 1793.15, 'don_lower': 1752.34, 'atr': 4.1529990909915355, 'exit_reason': 'sl', 'signal_time': Timestamp('2021-12-16 13:00:00+0000', tz='UTC')}"
2021-12-28 06:00:00+00:00,2021-12-28 16:00:00+00:00,1,1815.115,1809.91825940089,1810.09325940089,1827.2395739124772,0.8,-415.7392479287956,-0.8275345382453456,"{'trail_atr_mult': 4.0, 'trail_atr_len': 14, 'tp_converts_to_trail': True, 'don_upper': 1814.28, 'don_lower': 1752.34, 'atr': 2.4539147824954255, 'exit_reason': 'sl', 'signal_time': Timestamp('2021-12-28 05:00:00+0000', tz='UTC')}"
2021-12-31 13:00:00+00:00,2021-12-31 18:00:00+00:00,1,1824.485,1828.095,1816.8531320228315,1839.2237359543371,0.65,234.65000000000828,0.4730165682634754,"{'trail_atr_mult': 4.0, 'trail_atr_len': 14, 'tp_converts_to_trail': True, 'don_upper': 1820.32, 'don_lower': 1752.34, 'atr': 2.982747190867432, 'exit_reason': 'end_of_data', 'signal_time': Timestamp('2021-12-31 12:00:00+0000', tz='UTC')}"
2022-01-19 15:00:00+00:00,2022-01-21 08:00:00+00:00,1,1838.475,1836.3279244982953,1836.5029244982952,1872.4543766773593,0.28,-15.318114047730162,-0.031655453058582216,"{'trail_atr_mult': 4.0, 'trail_atr_len': 14, 'tp_converts_to_trail': True, 'don_upper': 1831.82, 'don_lower': 1782.64, 'atr': 4.2717970846699025, 'exit_reason': 'sl', 'signal_time': Timestamp('2022-01-19 14:00:00+0000', tz='UTC')}"
2022-02-11 18:00:00+00:00,2022-02-15 08:00:00+00:00,1,1857.355,1862.2783267690886,1862.4533267690886,1900.1191278095741,0.23,150.03651568903757,0.30138407028130826,"{'trail_atr_mult': 4.0, 'trail_atr_len': 14, 'tp_converts_to_trail': True, 'don_upper': 1853.9, 'don_lower': 1780.3, 'atr': 5.36739097619677, 'exit_reason': 'sl', 'signal_time': Timestamp('2022-02-11 17:00:00+0000', tz='UTC')}"
2022-02-17 08:00:00+00:00,2022-02-21 06:00:00+00:00,1,1886.385,1887.7622093566338,1887.9372093566337,1926.0683319579055,0.24,71.45302455921083,0.14742918126635046,"{'trail_atr_mult': 4.0, 'trail_atr_len': 14, 'tp_converts_to_trail': True, 'don_upper': 1879.51, 'don_lower': 1780.3, 'atr': 4.989791494738184, 'exit_reason': 'sl', 'signal_time': Timestamp('2022-02-17 07:00:00+0000', tz='UTC')}"
2022-02-24 04:00:00+00:00,2022-02-24 14:00:00+00:00,1,1935.845,1941.8114789756694,1941.9864789756693,1983.198160687301,0.2,119.32957951338723,0.24923593095554772,"{'trail_atr_mult': 4.0, 'trail_atr_len': 14, 'tp_converts_to_trail': True, 'don_upper': 1931.27, 'don_lower': 1780.3, 'atr': 5.941020085912608, 'exit_reason': 'sl', 'signal_time': Timestamp('2022-02-24 03:00:00+0000', tz='UTC')}"
2022-03-06 23:00:00+00:00,2022-03-07 13:00:00+00:00,1,1988.905,1969.9359980006827,1970.1109980006827,2052.344283423244,0.15,-278.53502998975864,-0.5806053317739327,"{'trail_atr_mult': 4.0, 'trail_atr_len': 14, 'tp_converts_to_trail': True, 'don_upper': 1974.52, 'don_lower': 1788.66, 'atr': 7.951785427905523, 'exit_reason': 'sl', 'signal_time': Timestamp('2022-03-06 22:00:00+0000', tz='UTC')}"
2022-04-18 09:00:00+00:00,2022-04-18 18:00:00+00:00,1,1993.105,1977.918569729156,1978.093569729156,2034.5917527596896,0.23,-349.28789622941395,-0.7224451538759469,"{'trail_atr_mult': 4.0, 'trail_atr_len': 14, 'tp_converts_to_trail': True, 'don_upper': 1992.79, 'don_lower': 1890.02, 'atr': 5.2089690949611835, 'exit_reason': 'sl', 'signal_time': Timestamp('2022-04-18 08:00:00+0000', tz='UTC')}"
2022-04-28 04:00:00+00:00,2022-04-28 10:00:00+00:00,-1,1878.775,1891.3801964006288,1891.205196400629,1840.8939231417366,0.25,-315.1299100157189,-0.6564167669167565,"{'trail_atr_mult': 4.0, 'trail_atr_len': 14, 'tp_converts_to_trail': True, 'don_upper': 1998.43, 'don_lower': 1880.85, 'atr': 4.757009607282912, 'exit_reason': 'sl', 'signal_time': Timestamp('2022-04-28 03:00:00+0000', tz='UTC')}"
2022-05-02 13:00:00+00:00,2022-05-03 14:00:00+00:00,-1,1861.4650000000001,1872.380761073597,1872.205761073597,1812.7999250566577,0.2,-222.31522147193482,-0.4519513778501069,"{'trail_atr_mult': 4.0, 'trail_atr_len': 14, 'tp_converts_to_trail': True, 'don_upper': 1998.43, 'don_lower': 1872.04, 'atr': 6.1050093679177895, 'exit_reason': 'sl', 'signal_time': Timestamp('2022-05-02 12:00:00+0000', tz='UTC')}"
2022-05-11 00:00:00+00:00,2022-05-11 09:00:00+00:00,-1,1833.315,1852.1635267653487,1851.9885267653488,1785.6845408999375,0.2,-376.97053530697303,-0.7799047372790663,"{'trail_atr_mult': 4.0, 'trail_atr_len': 14, 'tp_converts_to_trail': True, 'don_upper': 1998.43, 'don_lower': 1835.49, 'atr': 5.9831823875078225, 'exit_reason': 'sl', 'signal_time': Timestamp('2022-05-10 23:00:00+0000', tz='UTC')}"
2022-05-12 18:00:00+00:00,2022-05-16 15:00:00+00:00,-1,1822.845,1811.8722713147297,1811.6972713147297,1768.1158710597567,0.17,172.9363876495958,0.36841608479793403,"{'trail_atr_mult': 4.0, 'trail_atr_len': 14, 'tp_converts_to_trail': True, 'don_upper': 1998.43, 'don_lower': 1824.11, 'atr': 6.861766117530395, 'exit_reason': 'sl', 'signal_time': Timestamp('2022-05-12 17:00:00+0000', tz='UTC')}"
2022-06-12 23:00:00+00:00,2022-06-13 09:00:00+00:00,1,1876.5449999999998,1854.4157113321075,1854.5907113321075,1930.9055107543152,0.18,-391.12719602206136,-0.7918041890931593,"{'trail_atr_mult': 4.0, 'trail_atr_len': 14, 'tp_converts_to_trail': True, 'don_upper': 1876.0, 'don_lower': 1786.84, 'atr': 6.816938844289417, 'exit_reason': 'sl', 'signal_time': Timestamp('2022-06-12 22:00:00+0000', tz='UTC')}"
2022-07-01 04:00:00+00:00,2022-07-01 15:00:00+00:00,-1,1801.285,1804.1617969291874,1803.9867969291874,1764.8896558226543,0.26,-74.79672015887036,-0.15583803419430334,"{'trail_atr_mult': 4.0, 'trail_atr_len': 14, 'tp_converts_to_trail': True, 'don_upper': 1878.78, 'don_lower': 1802.75, 'atr': 4.571293022168226, 'exit_reason': 'sl', 'signal_time': Timestamp('2022-07-01 03:00:00+0000', tz='UTC')}"
2022-07-06 06:00:00+00:00,2022-07-06 17:00:00+00:00,-1,1763.2250000000001,1736.583518662848,1736.408518662848,,0.36,959.0933281374746,1.9466598105518884,"{'trail_atr_mult': 5.0, 'trail_atr_len': 14, 'tp_converts_to_trail': True, 'don_upper': 1878.78, 'don_lower': 1763.95, 'atr': 4.50024688952532, 'exit_reason': 'sl', 'signal_time': Timestamp('2022-07-06 05:00:00+0000', tz='UTC')}"
2022-07-13 13:00:00+00:00,2022-07-13 14:00:00+00:00,-1,1712.7250000000001,1728.108038422858,1727.933038422858,1682.3239231542839,0.33,-507.64026795431096,-1.0115070724530077,"{'trail_atr_mult': 5.0, 'trail_atr_len': 14, 'tp_converts_to_trail': True, 'don_upper': 1857.23, 'don_lower': 1722.53, 'atr': 5.0676794742860265, 'exit_reason': 'sl', 'signal_time': Timestamp('2022-07-13 12:00:00+0000', tz='UTC')}"
2022-07-14 14:00:00+00:00,2022-07-18 08:00:00+00:00,-1,1702.445,1719.2463527751727,1719.0713527751727,1666.1414703902406,0.26,-457.63517215449144,-0.9420414963598651,"{'trail_atr_mult': 5.0, 'trail_atr_len': 14, 'tp_converts_to_trail': True, 'don_upper': 1857.23, 'don_lower': 1707.03, 'atr': 6.109754934959883, 'exit_reason': 'sl', 'signal_time': Timestamp('2022-07-14 13:00:00+0000', tz='UTC')}"
2022-07-21 07:00:00+00:00,2022-07-21 13:00:00+00:00,-1,1689.295,1700.3264091553472,1700.1514091553472,1668.1071816893057,0.46,-507.4448211459663,-1.016119510373627,"{'trail_atr_mult': 5.0, 'trail_atr_len': 14, 'tp_converts_to_trail': True, 'don_upper': 1847.93, 'don_lower': 1690.07, 'atr': 3.560469718449073, 'exit_reason': 'sl', 'signal_time': Timestamp('2022-07-21 06:00:00+0000', tz='UTC')}"
2022-08-04 17:00:00+00:00,2022-08-05 13:00:00+00:00,1,1790.665,1776.351766040592,1776.526766040592,1819.4589086091298,0.34,-473.04995461986704,-0.952018711712135,"{'trail_atr_mult': 5.0, 'trail_atr_len': 14, 'tp_converts_to_trail': True, 'don_upper': 1790.31, 'don_lower': 1680.84, 'atr': 4.823151434854975, 'exit_reason': 'sl', 'signal_time': Timestamp('2022-08-04 16:00:00+0000', tz='UTC')}"
2022-08-09 14:00:00+00:00,2022-08-11 02:00:00+00:00,1,1797.855,1787.456134641561,1787.631134641561,1822.224785420931,0.39,-343.15574897912194,-0.706033388841132,"{'trail_atr_mult': 5.0, 'trail_atr_len': 14, 'tp_converts_to_trail': True, 'don_upper': 1794.95, 'don_lower': 1680.84, 'atr': 4.092464236821846, 'exit_reason': 'sl', 'signal_time': Timestamp('2022-08-09 13:00:00+0000', tz='UTC')}"
2022-08-29 02:00:00+00:00,2022-08-29 14:00:00+00:00,-1,1723.625,1737.8717197126177,1737.6967197126178,1696.0065605747643,0.35,-498.63518994162064,-1.0124362909135431,"{'trail_atr_mult': 5.0, 'trail_atr_len': 14, 'tp_converts_to_trail': True, 'don_upper': 1807.87, 'don_lower': 1727.77, 'atr': 4.632239904205942, 'exit_reason': 'sl', 'signal_time': Timestamp('2022-08-29 01:00:00+0000', tz='UTC')}"
2022-08-31 09:00:00+00:00,2022-09-01 16:00:00+00:00,-1,1713.935,1693.0762940251614,1692.9012940251614,,0.45,911.6417688677363,1.8793990695437042,"{'trail_atr_mult': 5.0, 'trail_atr_len': 14, 'tp_converts_to_trail': True, 'don_upper': 1807.87, 'don_lower': 1719.48, 'atr': 3.534784329139741, 'exit_reason': 'sl', 'signal_time': Timestamp('2022-08-31 08:00:00+0000', tz='UTC')}"
2022-09-15 05:00:00+00:00,2022-09-15 16:00:00+00:00,-1,1687.275,1668.745,1665.798506872,,0.45,833.850000000009,1.6867310648438314,"{'trail_atr_mult': 5.0, 'trail_atr_len': 14, 'tp_converts_to_trail': True, 'don_upper': 1782.34, 'don_lower': 1688.8, 'atr': 3.6069155213333373, 'exit_reason': 'sl_gap', 'signal_time': Timestamp('2022-09-15 04:00:00+0000', tz='UTC')}"
2022-09-16 07:00:00+00:00,2022-09-16 15:00:00+00:00,-1,1659.9550000000002,1673.2951952585418,1673.1201952585418,1634.119609482916,0.37,-493.58722456603914,-1.0132926247247578,"{'trail_atr_mult': 5.0, 'trail_atr_len': 14, 'tp_converts_to_trail': True, 'don_upper': 1774.52, 'don_lower': 1660.35, 'atr': 4.333398419513976, 'exit_reason': 'sl', 'signal_time': Timestamp('2022-09-16 06:00:00+0000', tz='UTC')}"
2022-09-23 11:00:00+00:00,2022-09-28 13:00:00+00:00,-1,1643.355,1638.2084518607555,1638.0334518607556,1607.5161927768067,0.27,111.95679975960115,0.22881415926917245,"{'trail_atr_mult': 5.0, 'trail_atr_len': 14, 'tp_converts_to_trail': True, 'don_upper': 1765.5, 'don_lower': 1652.77, 'atr': 5.99563453719888, 'exit_reason': 'sl', 'signal_time': Timestamp('2022-09-23 10:00:00+0000', tz='UTC')}"
2022-11-08 16:00:00+00:00,2022-11-10 16:00:00+00:00,1,1715.325,1750.815,1751.3217823174714,,0.27,1001.4300000000004,2.027785288213589,"{'trail_atr_mult': 5.0, 'trail_atr_len': 14, 'tp_converts_to_trail': True, 'don_upper': 1714.19, 'don_lower': 1616.72, 'atr': 6.031963719578529, 'exit_reason': 'sl_gap', 'signal_time': Timestamp('2022-11-08 15:00:00+0000', tz='UTC')}"
2022-11-10 19:00:00+00:00,2022-11-17 03:00:00+00:00,1,1754.305,1765.4008841819732,1765.5758841819732,1790.3225286456654,0.27,396.7888729132746,0.8076319359426327,"{'trail_atr_mult': 5.0, 'trail_atr_len': 14, 'tp_converts_to_trail': True, 'don_upper': 1753.29, 'don_lower': 1616.72, 'atr': 6.023754774277555, 'exit_reason': 'sl', 'signal_time': Timestamp('2022-11-10 18:00:00+0000', tz='UTC')}"
2022-12-01 13:00:00+00:00,2022-12-02 13:00:00+00:00,1,1789.615,1786.1130989858018,1786.2880989858018,1819.4646765539624,0.33,-102.36273346854095,-0.20586920909163292,"{'trail_atr_mult': 5.0, 'trail_atr_len': 14, 'tp_converts_to_trail': True, 'don_upper': 1786.57, 'don_lower': 1616.72, 'atr': 4.990779425660413, 'exit_reason': 'sl', 'signal_time': Timestamp('2022-12-01 12:00:00+0000', tz='UTC')}"
2022-12-27 15:00:00+00:00,2022-12-28 00:00:00+00:00,1,1824.815,1809.3388478790368,1809.5138478790368,1854.892304241927,0.32,-482.43686787082265,-0.9852952249463761,"{'trail_atr_mult': 5.0, 'trail_atr_len': 14, 'tp_converts_to_trail': True, 'don_upper': 1824.52, 'don_lower': 1739.63, 'atr': 5.042050706987789, 'exit_reason': 'sl', 'signal_time': Timestamp('2022-12-27 14:00:00+0000', tz='UTC')}"
2023-01-03 02:00:00+00:00,2023-01-04 09:00:00+00:00,1,1838.595,1859.825,1862.6591609545935,,0.4,865.2000000000008,1.7571679262257065,"{'trail_atr_mult': 5.0, 'trail_atr_len': 14, 'tp_converts_to_trail': True, 'don_upper': 1833.63, 'don_lower': 1744.91, 'atr': 4.849832190918709, 'exit_reason': 'sl_gap', 'signal_time': Timestamp('2023-01-03 01:00:00+0000', tz='UTC')}"
2023-01-06 18:00:00+00:00,2023-01-11 16:00:00+00:00,1,1868.885,1867.4585740065895,1867.6335740065895,1900.4498074931305,0.31,17.780794204275253,0.03571466028943032,"{'trail_atr_mult': 5.0, 'trail_atr_len': 14, 'tp_converts_to_trail': True, 'don_upper': 1865.12, 'don_lower': 1767.27, 'atr': 6.34996149862608, 'exit_reason': 'sl', 'signal_time': Timestamp('2023-01-06 17:00:00+0000', tz='UTC')}"
2023-01-13 08:00:00+00:00,2023-01-17 02:00:00+00:00,1,1906.655,1910.3084114156775,1910.4834114156774,1932.5204906461731,0.38,199.6296337957454,0.39812912053147653,"{'trail_atr_mult': 5.0, 'trail_atr_len': 14, 'tp_converts_to_trail': True, 'don_upper': 1901.61, 'don_lower': 1773.75, 'atr': 5.208098129234603, 'exit_reason': 'sl', 'signal_time': Timestamp('2023-01-13 07:00:00+0000', tz='UTC')}"
2023-01-19 20:00:00+00:00,2023-01-23 07:00:00+00:00,1,1933.555,1920.367990276028,1920.542990276028,1959.2040194479441,0.38,-440.30636951093965,-0.8904857873434604,"{'trail_atr_mult': 5.0, 'trail_atr_len': 14, 'tp_converts_to_trail': True, 'don_upper': 1931.39, 'don_lower': 1783.79, 'atr': 5.154803889588826, 'exit_reason': 'sl', 'signal_time': Timestamp('2023-01-19 19:00:00+0000', tz='UTC')}"
2023-02-10 03:00:00+00:00,2023-02-10 08:00:00+00:00,-1,1855.145,1869.0556400672149,1868.880640067215,1828.19871986557,0.36,-500.7830424197364,-1.0127405784618406,"{'trail_atr_mult': 5.0, 'trail_atr_len': 14, 'tp_converts_to_trail': True, 'don_upper': 1959.68, 'don_lower': 1858.91, 'atr': 5.424256026885983, 'exit_reason': 'sl', 'signal_time': Timestamp('2023-02-10 02:00:00+0000', tz='UTC')}"
2023-02-27 03:00:00+00:00,2023-02-27 14:00:00+00:00,-1,1807.765,1816.9718956985942,1816.7968956985942,1790.1962086028116,0.55,-506.3792634226729,-1.0193757773384378,"{'trail_atr_mult': 5.0, 'trail_atr_len': 14, 'tp_converts_to_trail': True, 'don_upper': 1959.68, 'don_lower': 1808.93, 'atr': 3.546758279437677, 'exit_reason': 'sl', 'signal_time': Timestamp('2023-02-27 02:00:00+0000', tz='UTC')}"
2023-03-13 12:00:00+00:00,2023-03-15 08:00:00+00:00,1,1899.485,1891.7318536457444,1891.9068536457444,1942.5307269028272,0.22,-152.9692197936205,-0.31785283795164554,"{'trail_atr_mult': 5.0, 'trail_atr_len': 14, 'tp_converts_to_trail': True, 'don_upper': 1894.36, 'don_lower': 1804.69, 'atr': 8.656145380565448, 'exit_reason': 'sl', 'signal_time': Timestamp('2023-03-13 11:00:00+0000', tz='UTC')}"
2023-03-15 16:00:00+00:00,2023-03-15 18:00:00+00:00,1,1933.7749999999999,1913.6309841375135,1913.8059841375134,1973.2180317249727,0.24,-483.4563806996739,-1.0087635765931113,"{'trail_atr_mult': 5.0, 'trail_atr_len': 14, 'tp_converts_to_trail': True, 'don_upper': 1930.39, 'don_lower': 1804.69, 'atr': 7.921606344994569, 'exit_reason': 'sl', 'signal_time': Timestamp('2023-03-15 15:00:00+0000', tz='UTC')}"
2023-03-17 12:00:00+00:00,2023-03-17 18:00:00+00:00,1,1945.165,1972.635,1973.5850757326834,,0.34,933.9800000000009,1.892194134632719,"{'trail_atr_mult': 5.0, 'trail_atr_len': 14, 'tp_converts_to_trail': True, 'don_upper': 1937.36, 'don_lower': 1804.69, 'atr': 5.725015146536677, 'exit_reason': 'sl_gap', 'signal_time': Timestamp('2023-03-17 11:00:00+0000', tz='UTC')}"
2023-03-17 18:00:00+00:00,2023-03-21 06:00:00+00:00,1,1983.835,1977.3210617032087,1977.4960617032086,2023.443703954958,0.24,-117.93451912299278,-0.24433047251411585,"{'trail_atr_mult': 5.0, 'trail_atr_len': 14, 'tp_converts_to_trail': True, 'don_upper': 1975.21, 'don_lower': 1804.69, 'atr': 7.962740790991569, 'exit_reason': 'sl', 'signal_time': Timestamp('2023-03-17 17:00:00+0000', tz='UTC')}"
2023-04-05 08:00:00+00:00,2023-04-05 15:00:00+00:00,1,2025.625,2014.636727180626,2014.811727180626,2046.6665456387486,0.46,-505.46054969120684,-1.0161838143662119,"{'trail_atr_mult': 5.0, 'trail_atr_len': 14, 'tp_converts_to_trail': True, 'don_upper': 2025.34, 'don_lower': 1809.41, 'atr': 4.247309127749712, 'exit_reason': 'sl', 'signal_time': Timestamp('2023-04-05 07:00:00+0000', tz='UTC')}"
2023-04-13 13:00:00+00:00,2023-04-14 13:00:00+00:00,1,2045.215,2030.9825927142297,2031.1575927142296,2072.8048145715406,0.35,-484.1342550019587,-0.9839942035237319,"{'trail_atr_mult': 5.0, 'trail_atr_len': 14, 'tp_converts_to_trail': True, 'don_upper': 2032.26, 'don_lower': 1885.75, 'atr': 5.552962914308105, 'exit_reason': 'sl', 'signal_time': Timestamp('2023-04-13 12:00:00+0000', tz='UTC')}"
2023-05-03 23:00:00+00:00,2023-05-04 08:00:00+00:00,1,2056.7650000000003,2035.2352472272587,2035.4102472272587,2098.8595055454825,0.23,-467.58431377305754,-0.9520013174159333,"{'trail_atr_mult': 5.0, 'trail_atr_len': 14, 'tp_converts_to_trail': True, 'don_upper': 2048.67, 'don_lower': 1950.45, 'atr': 8.459901109096508, 'exit_reason': 'sl', 'signal_time': Timestamp('2023-05-03 22:00:00+0000', tz='UTC')}"
2023-05-18 13:00:00+00:00,2023-05-19 16:00:00+00:00,-1,1966.905,1970.5308197649465,1970.3558197649465,1947.5323712340553,0.49,-187.46516848237985,-0.38455032104071635,"{'trail_atr_mult': 5.0, 'trail_atr_len': 14, 'tp_converts_to_trail': True, 'don_upper': 2066.81, 'don_lower': 1969.18, 'atr': 3.9095257531889387, 'exit_reason': 'sl', 'signal_time': Timestamp('2023-05-18 12:00:00+0000', tz='UTC')}"
2023-06-15 12:00:00+00:00,2023-06-15 14:00:00+00:00,-1,1928.385,1941.2541272034023,1941.0791272034023,1903.6117455931949,0.38,-489.0268337292869,-1.0137859025040374,"{'trail_atr_mult': 5.0, 'trail_atr_len': 14, 'tp_converts_to_trail': True, 'don_upper': 2003.74, 'don_lower': 1928.96, 'atr': 4.995650881361002, 'exit_reason': 'sl', 'signal_time': Timestamp('2023-06-15 11:00:00+0000', tz='UTC')}"
2023-06-22 15:00:00+00:00,2023-06-23 13:00:00+00:00,-1,1915.2150000000001,1926.8122025077491,1926.6372025077492,1892.9255949845021,0.42,-495.48250532545745,-1.032830795964749,"{'trail_atr_mult': 5.0, 'trail_atr_len': 14, 'tp_converts_to_trail': True, 'don_upper': 1985.29, 'don_lower': 1918.93, 'atr': 4.494881003099602, 'exit_reason': 'sl', 'signal_time': Timestamp('2023-06-22 14:00:00+0000', tz='UTC')}"
2023-06-28 11:00:00+00:00,2023-06-30 06:00:00+00:00,-1,1906.835,1909.5646143384606,1909.3896143384607,1889.8926866971558,0.55,-194.12878861533184,-0.40413935185852207,"{'trail_atr_mult': 5.0, 'trail_atr_len': 14, 'tp_converts_to_trail': True, 'don_upper': 1983.48, 'don_lower': 1907.2, 'atr': 3.4234626605688603, 'exit_reason': 'sl', 'signal_time': Timestamp('2023-06-28 10:00:00+0000', tz='UTC')}"
2023-07-12 03:00:00+00:00,2023-07-14 15:00:00+00:00,1,1940.2849999999999,1951.4399107714605,1951.6149107714605,1965.0086031356975,0.39,497.4415200869659,1.0091468031672028,"{'trail_atr_mult': 4.0, 'trail_atr_len': 14, 'tp_converts_to_trail': True, 'don_upper': 1939.11, 'don_lower': 1892.95, 'atr': 3.1135753919621996, 'exit_reason': 'sl', 'signal_time': Timestamp('2023-07-12 02:00:00+0000', tz='UTC')}"
2023-07-18 15:00:00+00:00,2023-07-19 15:00:00+00:00,1,1982.975,1970.7767598080204,1970.9517598080204,2021.9826796713282,0.25,-294.95600479948735,-0.5968854269464722,"{'trail_atr_mult': 4.0, 'trail_atr_len': 14, 'tp_converts_to_trail': True, 'don_upper': 1972.21, 'don_lower': 1902.59, 'atr': 4.89783495891605, 'exit_reason': 'sl', 'signal_time': Timestamp('2023-07-18 14:00:00+0000', tz='UTC')}"
2023-07-27 14:00:00+00:00,2023-07-28 13:00:00+00:00,-1,1945.175,1960.5802160844455,1960.4052160844456,1896.9686806165905,0.2,-312.1043216889111,-0.6428338625037668,"{'trail_atr_mult': 4.0, 'trail_atr_len': 14, 'tp_converts_to_trail': True, 'don_upper': 1987.43, 'don_lower': 1945.77, 'atr': 6.0401649229261665, 'exit_reason': 'sl', 'signal_time': Timestamp('2023-07-27 13:00:00+0000', tz='UTC')}"
2023-08-09 15:00:00+00:00,2023-08-10 13:00:00+00:00,-1,1917.195,1924.8263646727717,1924.6513646727717,1888.2440002735457,0.33,-271.6350342014669,-0.5573784364169674,"{'trail_atr_mult': 4.0, 'trail_atr_len': 14, 'tp_converts_to_trail': True, 'don_upper': 1982.23, 'don_lower': 1921.54, 'atr': 3.6432499658068065, 'exit_reason': 'sl', 'signal_time': Timestamp('2023-08-09 14:00:00+0000', tz='UTC')}"
2023-08-16 19:00:00+00:00,2023-08-17 13:00:00+00:00,-1,1894.835,1900.6469612138824,1900.4719612138824,1869.0575875637005,0.37,-237.24256491364662,-0.4881136233247633,"{'trail_atr_mult': 4.0, 'trail_atr_len': 14, 'tp_converts_to_trail': True, 'don_upper': 1954.84, 'don_lower': 1896.35, 'atr': 3.2428015545374245, 'exit_reason': 'sl', 'signal_time': Timestamp('2023-08-16 18:00:00+0000', tz='UTC')}"
2023-08-17 16:00:00+00:00,2023-08-18 14:00:00+00:00,-1,1889.315,1895.6085697529822,1895.4335697529823,1860.0329000637137,0.33,-214.2878018484124,-0.4352681572169234,"{'trail_atr_mult': 4.0, 'trail_atr_len': 14, 'tp_converts_to_trail': True, 'don_upper': 1946.95, 'don_lower': 1889.62, 'atr': 3.6833874920357843, 'exit_reason': 'sl', 'signal_time': Timestamp('2023-08-17 15:00:00+0000', tz='UTC')}"
2023-08-29 15:00:00+00:00,2023-08-31 14:00:00+00:00,1,1934.335,1940.726989469906,1940.9019894699059,1963.037241165208,0.33,263.7356525068936,0.5457659480333737,"{'trail_atr_mult': 4.0, 'trail_atr_len': 14, 'tp_converts_to_trail': True, 'don_upper': 1926.07, 'don_lower': 1884.81, 'atr': 3.612155145650975, 'exit_reason': 'sl', 'signal_time': Timestamp('2023-08-29 14:00:00+0000', tz='UTC')}"
2023-09-14 13:00:00+00:00,2023-09-15 02:00:00+00:00,-1,1904.315,1912.5571156152325,1912.3821156152326,1881.479246182137,0.42,-354.56885583976407,-0.7236899142769145,"{'trail_atr_mult': 4.0, 'trail_atr_len': 14, 'tp_converts_to_trail': True, 'don_upper': 1953.02, 'don_lower': 1905.21, 'atr': 2.875094227232858, 'exit_reason': 'sl', 'signal_time': Timestamp('2023-09-14 12:00:00+0000', tz='UTC')}"
2023-09-26 19:00:00+00:00,2023-09-27 18:00:00+00:00,-1,1899.775,1876.0934419576529,1875.918441957653,,0.4,939.2623216938883,1.9333101649068323,"{'trail_atr_mult': 4.0, 'trail_atr_len': 14, 'tp_converts_to_trail': True, 'don_upper': 1947.42, 'don_lower': 1900.61, 'atr': 3.0001947552933945, 'exit_reason': 'sl', 'signal_time': Timestamp('2023-09-26 18:00:00+0000', tz='UTC')}"
2023-09-27 18:00:00+00:00,2023-09-29 08:00:00+00:00,-1,1874.555,1871.194712139904,1871.019712139904,1845.9123318374573,0.34,87.04978724326912,0.17591844498150927,"{'trail_atr_mult': 4.0, 'trail_atr_len': 14, 'tp_converts_to_trail': True, 'don_upper': 1947.42, 'don_lower': 1875.45, 'atr': 3.599708520317848, 'exit_reason': 'sl', 'signal_time': Timestamp('2023-09-27 17:00:00+0000', tz='UTC')}"
2023-09-29 16:00:00+00:00,2023-10-03 04:00:00+00:00,-1,1854.605,1817.605,1815.6031745676205,,0.25,905.0,1.8302783200781518,"{'trail_atr_mult': 4.0, 'trail_atr_len': 14, 'tp_converts_to_trail': True, 'don_upper': 1947.42, 'don_lower': 1857.66, 'atr': 4.898353179047424, 'exit_reason': 'sl_gap', 'signal_time': Timestamp('2023-09-29 15:00:00+0000', tz='UTC')}"
2023-10-13 10:00:00+00:00,2023-10-13 14:00:00+00:00,1,1887.7849999999999,1912.9276611906075,1913.1026611906075,,0.39,980.5637864336991,1.9435697785688144,"{'trail_atr_mult': 4.0, 'trail_atr_len': 14, 'tp_converts_to_trail': True, 'don_upper': 1885.12, 'don_lower': 1810.47, 'atr': 3.187832648825956, 'exit_reason': 'sl', 'signal_time': Timestamp('2023-10-13 09:00:00+0000', tz='UTC')}"
2023-10-13 15:00:00+00:00,2023-10-16 07:00:00+00:00,1,1921.0249999999999,1913.4321442630808,1913.6071442630807,1968.6943847773082,0.21,-134.24997047530093,-0.2651295922774406,"{'trail_atr_mult': 4.0, 'trail_atr_len': 14, 'tp_converts_to_trail': True, 'don_upper': 1919.22, 'don_lower': 1810.47, 'atr': 5.981798097163535, 'exit_reason': 'sl', 'signal_time': Timestamp('2023-10-13 14:00:00+0000', tz='UTC')}"
2023-10-18 02:00:00+00:00,2023-10-18 16:00:00+00:00,1,1939.2749999999999,1941.8864021919378,1942.0614021919378,1976.392543406962,0.26,67.89645699038647,0.13830647813073443,"{'trail_atr_mult': 4.0, 'trail_atr_len': 14, 'tp_converts_to_trail': True, 'don_upper': 1932.41, 'don_lower': 1810.47, 'atr': 4.666567925870253, 'exit_reason': 'sl', 'signal_time': Timestamp('2023-10-18 01:00:00+0000', tz='UTC')}"
2023-10-19 18:00:00+00:00,2023-10-22 23:00:00+00:00,1,1972.915,1967.895,1973.3252361476516,2020.434887548902,0.21,-80.21999999999962,-0.15891872845731578,"{'trail_atr_mult': 4.0, 'trail_atr_len': 14, 'tp_converts_to_trail': True, 'don_upper': 1962.67, 'don_lower': 1810.47, 'atr': 5.963110943612749, 'exit_reason': 'sl_gap', 'signal_time': Timestamp('2023-10-19 17:00:00+0000', tz='UTC')}"
2023-11-08 15:00:00+00:00,2023-11-09 14:00:00+00:00,-1,1955.2350000000001,1957.7851995868673,1957.6101995868673,1923.8914855839744,0.31,-97.65618719288213,-0.19769980776280285,"{'trail_atr_mult': 4.0, 'trail_atr_len': 14, 'tp_converts_to_trail': True, 'don_upper': 2009.47, 'don_lower': 1956.71, 'atr': 3.9398143020032137, 'exit_reason': 'sl', 'signal_time': Timestamp('2023-11-08 14:00:00+0000', tz='UTC')}"
2023-11-10 14:00:00+00:00,2023-11-13 17:00:00+00:00,-1,1942.4650000000001,1946.8650075345042,1946.6900075345043,1910.484934899768,0.31,-155.0002335696266,-0.3079290230256312,"{'trail_atr_mult': 4.0, 'trail_atr_len': 14, 'tp_converts_to_trail': True, 'don_upper': 2009.47, 'don_lower': 1943.11, 'atr': 4.0181331375290075, 'exit_reason': 'sl', 'signal_time': Timestamp('2023-11-10 13:00:00+0000', tz='UTC')}"
2023-11-21 13:00:00+00:00,2023-11-22 15:00:00+00:00,1,1997.7649999999999,1992.890511375564,1993.065511375564,2033.548461749096,0.27,-120.81119285976656,-0.24545679712045193,"{'trail_atr_mult': 4.0, 'trail_atr_len': 14, 'tp_converts_to_trail': True, 'don_upper': 1994.3, 'don_lower': 1931.6, 'atr': 4.501057718637012, 'exit_reason': 'sl', 'signal_time': Timestamp('2023-11-21 12:00:00+0000', tz='UTC')}"
2023-11-27 01:00:00+00:00,2023-11-28 18:00:00+00:00,1,2012.155,2040.525,2042.8843198701607,,0.32,920.6400000000037,1.8392600586750294,"{'trail_atr_mult': 4.0, 'trail_atr_len': 14, 'tp_converts_to_trail': True, 'don_upper': 2007.53, 'don_lower': 1931.6, 'atr': 3.864289983770078, 'exit_reason': 'sl_gap', 'signal_time': Timestamp('2023-11-27 00:00:00+0000', tz='UTC')}"
2023-11-28 23:00:00+00:00,2023-11-29 09:00:00+00:00,1,2044.575,2036.0359457547281,2036.210945754728,2075.9359009858076,0.31,-252.31068160342974,-0.508120826623703,"{'trail_atr_mult': 4.0, 'trail_atr_len': 14, 'tp_converts_to_trail': True, 'don_upper': 2042.98, 'don_lower': 1943.76, 'atr': 3.9482376232259764, 'exit_reason': 'sl', 'signal_time': Timestamp('2023-11-28 22:00:00+0000', tz='UTC')}"
2023-12-01 18:00:00+00:00,2023-12-04 00:00:00+00:00,1,2071.965,2117.355,2121.8740073747504,,0.2,931.7999999999975,1.8475628816806908,"{'trail_atr_mult': 4.0, 'trail_atr_len': 14, 'tp_converts_to_trail': True, 'don_upper': 2067.68, 'don_lower': 1965.4, 'atr': 6.260500921843802, 'exit_reason': 'sl_gap', 'signal_time': Timestamp('2023-12-01 17:00:00+0000', tz='UTC')}"
2023-12-11 14:00:00+00:00,2023-12-12 13:00:00+00:00,-1,1986.505,1990.4085096873243,1990.2335096873244,1947.7956571663651,0.25,-102.58774218310577,-0.20696394866711393,"{'trail_atr_mult': 4.0, 'trail_atr_len': 14, 'tp_converts_to_trail': True, 'don_upper': 2144.77, 'don_lower': 1990.14, 'atr': 4.87804285420435, 'exit_reason': 'sl', 'signal_time': Timestamp('2023-12-11 13:00:00+0000', tz='UTC')}"
2023-12-22 10:00:00+00:00,2023-12-26 14:00:00+00:00,1,2055.905,2055.949893544269,2056.124893544269,2087.8025967405138,0.31,50.991699872329356,0.1014658731645198,"{'trail_atr_mult': 4.0, 'trail_atr_len': 14, 'tp_converts_to_trail': True, 'don_upper': 2055.09, 'don_lower': 1973.0, 'atr': 4.009074592564206, 'exit_reason': 'sl', 'signal_time': Timestamp('2023-12-22 09:00:00+0000', tz='UTC')}"
2023-12-28 01:00:00+00:00,2023-12-28 09:00:00+00:00,1,2087.1850000000004,2073.06608388355,2073.2410838835503,2121.7572485332503,0.29,-409.4485673770568,-0.8031866374922122,"{'trail_atr_mult': 4.0, 'trail_atr_len': 14, 'tp_converts_to_trail': True, 'don_upper': 2084.51, 'don_lower': 1973.0, 'atr': 4.345906066656331, 'exit_reason': 'sl', 'signal_time': Timestamp('2023-12-28 00:00:00+0000', tz='UTC')}"
2024-01-17 14:00:00+00:00,2024-01-18 18:00:00+00:00,-1,2012.115,2018.1291627915223,2017.9541627915223,1966.820048958405,0.21,-138.8974186219676,-0.28851340694004135,"{'trail_atr_mult': 4.0, 'trail_atr_len': 14, 'tp_converts_to_trail': True, 'don_upper': 2070.79, 'don_lower': 2013.16, 'atr': 5.684993880199354, 'exit_reason': 'sl', 'signal_time': Timestamp('2024-01-17 13:00:00+0000', tz='UTC')}"
2024-01-31 14:00:00+00:00,2024-01-31 20:00:00+00:00,1,2051.855,2038.1992577612184,2038.3742577612184,2086.792347313495,0.28,-382.3607826858852,-0.7701544468030593,"{'trail_atr_mult': 4.0, 'trail_atr_len': 14, 'tp_converts_to_trail': True, 'don_upper': 2048.64, 'don_lower': 2001.68, 'atr': 4.389043414186929, 'exit_reason': 'sl', 'signal_time': Timestamp('2024-01-31 13:00:00+0000', tz='UTC')}"
2024-02-13 15:00:00+00:00,2024-02-15 08:00:00+00:00,-1,1991.9750000000001,1996.084592705004,1995.9095927050041,1950.3499898137486,0.23,-112.92063221509048,-0.23312400368822775,"{'trail_atr_mult': 4.0, 'trail_atr_len': 14, 'tp_converts_to_trail': True, 'don_upper': 2065.54, 'don_lower': 1992.42, 'atr': 5.223751273281438, 'exit_reason': 'sl', 'signal_time': Timestamp('2024-02-13 14:00:00+0000', tz='UTC')}"
2024-02-23 18:00:00+00:00,2024-02-26 14:00:00+00:00,1,2040.7549999999999,2028.0177588449103,2028.1927588449103,2073.9107658488338,0.29,-334.57999349759774,-0.6838754761394004,"{'trail_atr_mult': 4.0, 'trail_atr_len': 14, 'tp_converts_to_trail': True, 'don_upper': 2039.87, 'don_lower': 1984.03, 'atr': 4.168845731104255, 'exit_reason': 'sl', 'signal_time': Timestamp('2024-02-23 17:00:00+0000', tz='UTC')}"
2024-02-29 13:00:00+00:00,2024-03-01 08:00:00+00:00,1,2047.685,2039.5855711477952,2039.7605711477952,2078.155895837639,0.31,-238.682294418346,-0.4972844249412006,"{'trail_atr_mult': 4.0, 'trail_atr_len': 14, 'tp_converts_to_trail': True, 'don_upper': 2041.39, 'don_lower': 1984.03, 'atr': 3.8294869797049085, 'exit_reason': 'sl', 'signal_time': Timestamp('2024-02-29 12:00:00+0000', tz='UTC')}"
2024-03-01 10:00:00+00:00,2024-03-01 19:00:00+00:00,1,2055.025,2085.595,2086.265477218515,,0.31,947.6699999999911,1.9247310399090094,"{'trail_atr_mult': 4.0, 'trail_atr_len': 14, 'tp_converts_to_trail': True, 'don_upper': 2050.78, 'don_lower': 1995.19, 'atr': 3.9269346523143884, 'exit_reason': 'sl_gap', 'signal_time': Timestamp('2024-03-01 09:00:00+0000', tz='UTC')}"
2024-03-04 13:00:00+00:00,2024-03-05 11:00:00+00:00,1,2091.7450000000003,2123.4449999999997,2127.160691614181,,0.27,866.6999999999829,1.7803319106268238,"{'trail_atr_mult': 4.0, 'trail_atr_len': 14, 'tp_converts_to_trail': True, 'don_upper': 2088.38, 'don_lower': 1995.24, 'atr': 4.453836451772586, 'exit_reason': 'sl_gap', 'signal_time': Timestamp('2024-03-04 12:00:00+0000', tz='UTC')}"
2024-03-05 13:00:00+00:00,2024-03-08 14:00:00+00:00,1,2127.8450000000003,2171.015,2174.60223237197,,0.21,948.569999999992,1.9094427692555753,"{'trail_atr_mult': 4.0, 'trail_atr_len': 14, 'tp_converts_to_trail': True, 'don_upper': 2127.39, 'don_lower': 2013.15, 'atr': 5.867779046496245, 'exit_reason': 'sl_gap', 'signal_time': Timestamp('2024-03-05 12:00:00+0000', tz='UTC')}"
2024-03-20 22:00:00+00:00,2024-03-21 14:00:00+00:00,1,2201.0150000000003,2185.5168182134694,2185.6918182134696,2264.2044214774796,0.15,-214.4727267979642,-0.4492439473851586,"{'trail_atr_mult': 4.0, 'trail_atr_len': 14, 'tp_converts_to_trail': True, 'don_upper': 2195.22, 'don_lower': 2123.59, 'atr': 7.918052684684943, 'exit_reason': 'sl', 'signal_time': Timestamp('2024-03-20 21:00:00+0000', tz='UTC')}"
2024-03-31 22:00:00+00:00,2024-04-01 15:00:00+00:00,1,2242.1150000000002,2236.4726821389754,2236.6476821389756,2292.6468581895633,0.12,-62.90781433229786,-0.13401146166485836,"{'trail_atr_mult': 4.0, 'trail_atr_len': 14, 'tp_converts_to_trail': True, 'don_upper': 2225.46, 'don_lower': 2146.08, 'atr': 7.47085727369542, 'exit_reason': 'sl', 'signal_time': Timestamp('2024-03-28 19:00:00+0000', tz='UTC')}"
2024-04-02 20:00:00+00:00,2024-04-04 13:00:00+00:00,1,2277.5950000000003,2284.0167021695675,2284.1917021695676,2342.244722401634,0.15,120.32553254350795,0.24650031139613984,"{'trail_atr_mult': 4.0, 'trail_atr_len': 14, 'tp_converts_to_trail': True, 'don_upper': 2277.0, 'don_lower': 2146.08, 'atr': 8.099340300204291, 'exit_reason': 'sl', 'signal_time': Timestamp('2024-04-02 19:00:00+0000', tz='UTC')}"
2024-04-09 08:00:00+00:00,2024-04-10 13:00:00+00:00,1,2354.1150000000002,2340.276407030398,2340.451407030398,2408.7967952073072,0.18,-241.89467345284245,-0.48684561091217027,"{'trail_atr_mult': 4.0, 'trail_atr_len': 14, 'tp_converts_to_trail': True, 'don_upper': 2353.84, 'don_lower': 2157.09, 'atr': 6.857099400913382, 'exit_reason': 'sl', 'signal_time': Timestamp('2024-04-09 07:00:00+0000', tz='UTC')}"
2024-04-12 02:00:00+00:00,2024-04-12 16:00:00+00:00,1,2390.835,2391.19667410216,2391.3716741021603,2457.5885707069456,0.15,5.425111532401843,0.010727621789048758,"{'trail_atr_mult': 4.0, 'trail_atr_len': 14, 'tp_converts_to_trail': True, 'don_upper': 2379.37, 'don_lower': 2175.71, 'atr': 8.372321338368195, 'exit_reason': 'sl', 'signal_time': Timestamp('2024-04-12 01:00:00+0000', tz='UTC')}"
2024-04-23 02:00:00+00:00,2024-04-23 14:00:00+00:00,-1,2298.6349999999998,2329.345194899699,2329.170194899699,2220.119843668918,0.12,-368.5223387963906,-0.7863303913905698,"{'trail_atr_mult': 4.0, 'trail_atr_len': 14, 'tp_converts_to_trail': True, 'don_upper': 2431.44, 'don_lower': 2318.62, 'atr': 9.797519541385245, 'exit_reason': 'sl', 'signal_time': Timestamp('2024-04-23 01:00:00+0000', tz='UTC')}"
2024-04-30 19:00:00+00:00,2024-05-01 14:00:00+00:00,-1,2289.915,2303.146252492726,2302.971252492726,2235.9365899824106,0.18,-241.76254486906927,-0.492859161964046,"{'trail_atr_mult': 4.0, 'trail_atr_len': 14, 'tp_converts_to_trail': True, 'don_upper': 2417.83, 'don_lower': 2291.39, 'atr': 6.769176252198719, 'exit_reason': 'sl', 'signal_time': Timestamp('2024-04-30 18:00:00+0000', tz='UTC')}"
2024-05-10 06:00:00+00:00,2024-05-13 05:00:00+00:00,1,2357.255,2354.5471336187684,2354.7221336187686,2400.9469346966766,0.22,-33.173060387097934,-0.06820311681827446,"{'trail_atr_mult': 4.0, 'trail_atr_len': 14, 'tp_converts_to_trail': True, 'don_upper': 2355.79, 'don_lower': 2277.38, 'atr': 5.48336683708458, 'exit_reason': 'sl', 'signal_time': Timestamp('2024-05-10 05:00:00+0000', tz='UTC')}"
2024-05-15 18:00:00+00:00,2024-05-16 14:00:00+00:00,1,2389.405,2373.4697108938344,2373.6447108938346,2457.4614735013974,0.14,-206.29404748632098,-0.42971631707112146,"{'trail_atr_mult': 4.0, 'trail_atr_len': 14, 'tp_converts_to_trail': True, 'don_upper': 2386.62, 'don_lower': 2277.38, 'atr': 8.528934187674691, 'exit_reason': 'sl', 'signal_time': Timestamp('2024-05-15 17:00:00+0000', tz='UTC')}"
2024-05-17 14:00:00+00:00,2024-05-20 07:00:00+00:00,1,2401.985,2444.870552670003,2445.045552670003,,0.22,969.8821587400585,2.006371520733891,"{'trail_atr_mult': 4.0, 'trail_atr_len': 14, 'tp_converts_to_trail': True, 'don_upper': 2397.25, 'don_lower': 2277.38, 'atr': 5.419444083750372, 'exit_reason': 'sl', 'signal_time': Timestamp('2024-05-17 13:00:00+0000', tz='UTC')}"
2024-05-30 06:00:00+00:00,2024-05-30 14:00:00+00:00,-1,2324.8849999999998,2347.45064209041,2347.2756420904097,2278.8782367096082,0.21,-473.87848389861347,-0.970528448544755,"{'trail_atr_mult': 4.0, 'trail_atr_len': 14, 'tp_converts_to_trail': True, 'don_upper': 2450.07, 'don_lower': 2325.46, 'atr': 5.771470411298987, 'exit_reason': 'sl', 'signal_time': Timestamp('2024-05-30 05:00:00+0000', tz='UTC')}"
2024-06-07 04:00:00+00:00,2024-06-07 09:00:00+00:00,1,2380.2850000000003,2362.9231246013205,2363.0981246013207,2427.6578855318717,0.21,-364.59938337227544,-0.728146161442858,"{'trail_atr_mult': 4.0, 'trail_atr_len': 14, 'tp_converts_to_trail': True, 'don_upper': 2380.04, 'don_lower': 2314.77, 'atr': 5.934735691483987, 'exit_reason': 'sl', 'signal_time': Timestamp('2024-06-07 03:00:00+0000', tz='UTC')}"
2024-06-07 14:00:00+00:00,2024-06-10 23:00:00+00:00,-1,2309.375,2312.2050000000004,2310.5810724297176,2225.3705437285166,0.11,-37.7300000000042,-0.08138621725006516,"{'trail_atr_mult': 4.0, 'trail_atr_len': 14, 'tp_converts_to_trail': True, 'don_upper': 2387.69, 'don_lower': 2313.31, 'atr': 10.512432033935392, 'exit_reason': 'sl_gap', 'signal_time': Timestamp('2024-06-07 13:00:00+0000', tz='UTC')}"
2024-07-05 19:00:00+00:00,2024-07-08 09:00:00+00:00,1,2391.215,2371.9159726360826,2372.090972636083,2439.911079142951,0.2,-361.9805472783501,-0.7358662456386097,"{'trail_atr_mult': 4.0, 'trail_atr_len': 14, 'tp_converts_to_trail': True, 'don_upper': 2389.93, 'don_lower': 2293.67, 'atr': 6.1076348928689, 'exit_reason': 'sl', 'signal_time': Timestamp('2024-07-05 18:00:00+0000', tz='UTC')}"
2024-07-11 13:00:00+00:00,2024-07-12 07:00:00+00:00,1,2407.2450000000003,2402.463914725076,2402.638914725076,2452.539305612358,0.2,-87.62170549848817,-0.18296716642280056,"{'trail_atr_mult': 4.0, 'trail_atr_len': 14, 'tp_converts_to_trail': True, 'don_upper': 2392.91, 'don_lower': 2293.67, 'atr': 5.769913201544757, 'exit_reason': 'sl', 'signal_time': Timestamp('2024-07-11 12:00:00+0000', tz='UTC')}"
2024-07-16 10:00:00+00:00,2024-07-17 17:00:00+00:00,1,2442.665,2453.969116382274,2454.144116382274,2485.9386805213985,0.22,257.4905604100293,0.5344506383727956,"{'trail_atr_mult': 4.0, 'trail_atr_len': 14, 'tp_converts_to_trail': True, 'don_upper': 2439.67, 'don_lower': 2296.54, 'atr': 5.431085065174867, 'exit_reason': 'sl', 'signal_time': Timestamp('2024-07-16 09:00:00+0000', tz='UTC')}"
2024-08-16 19:00:00+00:00,2024-08-20 16:00:00+00:00,1,2503.3650000000002,2506.0930652995376,2506.2680652995377,2565.6641504564627,0.15,64.9209794930598,0.13784931456435615,"{'trail_atr_mult': 4.0, 'trail_atr_len': 14, 'tp_converts_to_trail': True, 'don_upper': 2499.97, 'don_lower': 2364.06, 'atr': 7.808018807057871, 'exit_reason': 'sl', 'signal_time': Timestamp('2024-08-16 18:00:00+0000', tz='UTC')}"
2024-09-12 19:00:00+00:00,2024-09-17 11:00:00+00:00,1,2555.9350000000004,2571.2809244267137,2571.455924426714,2614.418198687649,0.16,277.5347908274125,0.5876169941594803,"{'trail_atr_mult': 4.0, 'trail_atr_len': 14, 'tp_converts_to_trail': True, 'don_upper': 2555.06, 'don_lower': 2471.77, 'atr': 7.333524835956094, 'exit_reason': 'sl', 'signal_time': Timestamp('2024-09-12 18:00:00+0000', tz='UTC')}"
2024-09-20 08:00:00+00:00,2024-09-24 18:00:00+00:00,1,2607.215,2653.245,2654.6045783168242,,0.2,952.599999999995,1.989367001829299,"{'trail_atr_mult': 4.0, 'trail_atr_len': 14, 'tp_converts_to_trail': True, 'don_upper': 2606.86, 'don_lower': 2471.77, 'atr': 5.944322289602982, 'exit_reason': 'sl_gap', 'signal_time': Timestamp('2024-09-20 07:00:00+0000', tz='UTC')}"
2024-09-24 20:00:00+00:00,2024-09-26 14:00:00+00:00,1,2662.7650000000003,2661.846720223158,2662.0217202231584,2717.0182070267642,0.18,12.270964016841205,0.02489019849900355,"{'trail_atr_mult': 4.0, 'trail_atr_len': 14, 'tp_converts_to_trail': True, 'don_upper': 2657.59, 'don_lower': 2485.02, 'atr': 6.803525878345521, 'exit_reason': 'sl', 'signal_time': Timestamp('2024-09-24 19:00:00+0000', tz='UTC')}"
2024-10-16 09:00:00+00:00,2024-10-21 00:00:00+00:00,1,2680.005,2722.5500232351224,2722.7250232351225,,0.22,997.5905111726894,2.040499472583796,"{'trail_atr_mult': 4.0, 'trail_atr_len': 14, 'tp_converts_to_trail': True, 'don_upper': 2677.67, 'don_lower': 2604.77, 'atr': 5.411877904390339, 'exit_reason': 'sl', 'signal_time': Timestamp('2024-10-16 08:00:00+0000', tz='UTC')}"
2024-10-21 02:00:00+00:00,2024-10-21 16:00:00+00:00,1,2726.6150000000002,2717.4475062060474,2717.6225062060475,2770.73573098385,0.22,-201.68486346696318,-0.4104015129496947,"{'trail_atr_mult': 4.0, 'trail_atr_len': 14, 'tp_converts_to_trail': True, 'don_upper': 2725.84, 'don_lower': 2604.77, 'atr': 5.538216372981251, 'exit_reason': 'sl', 'signal_time': Timestamp('2024-10-21 01:00:00+0000', tz='UTC')}"
2024-10-22 18:00:00+00:00,2024-10-23 14:00:00+00:00,1,2746.915,2737.3544886466625,2737.5294886466627,2798.778919739372,0.19,-174.04971571341176,-0.3485143464523801,"{'trail_atr_mult': 4.0, 'trail_atr_len': 14, 'tp_converts_to_trail': True, 'don_upper': 2745.58, 'don_lower': 2604.77, 'atr': 6.512364967421541, 'exit_reason': 'sl', 'signal_time': Timestamp('2024-10-22 17:00:00+0000', tz='UTC')}"
2024-10-29 18:00:00+00:00,2024-10-31 13:00:00+00:00,1,2773.175,2769.329532788861,2769.504532788861,2827.1896800438612,0.18,-40.41840980050729,-0.0821166702507093,"{'trail_atr_mult': 4.0, 'trail_atr_len': 14, 'tp_converts_to_trail': True, 'don_upper': 2772.54, 'don_lower': 2616.5, 'atr': 6.779960005482655, 'exit_reason': 'sl', 'signal_time': Timestamp('2024-10-29 17:00:00+0000', tz='UTC')}"
2024-11-06 11:00:00+00:00,2024-11-07 13:00:00+00:00,-1,2698.285,2681.1226262560203,2680.94762625602,2601.8747640824113,0.1,165.62373743979515,0.3321601316173666,"{'trail_atr_mult': 4.0, 'trail_atr_len': 14, 'tp_converts_to_trail': True, 'don_upper': 2790.09, 'don_lower': 2701.5, 'atr': 12.189404489698546, 'exit_reason': 'sl', 'signal_time': Timestamp('2024-11-06 10:00:00+0000', tz='UTC')}"
2024-11-11 13:00:00+00:00,2024-11-13 13:00:00+00:00,-1,2635.365,2614.029965103563,2613.854965103563,2569.298273319285,0.15,314.02552344655214,0.6301773280829953,"{'trail_atr_mult': 4.0, 'trail_atr_len': 14, 'tp_converts_to_trail': True, 'don_upper': 2790.09, 'don_lower': 2643.33, 'atr': 8.273965835089394, 'exit_reason': 'sl', 'signal_time': Timestamp('2024-11-11 12:00:00+0000', tz='UTC')}"
2024-11-13 20:00:00+00:00,2024-11-14 15:00:00+00:00,-1,2573.4649999999997,2571.606426652967,2571.431426652967,2509.396915021985,0.15,18.87860020549033,0.03880707639666731,"{'trail_atr_mult': 4.0, 'trail_atr_len': 14, 'tp_converts_to_trail': True, 'don_upper': 2790.09, 'don_lower': 2577.56, 'atr': 8.0416356222519, 'exit_reason': 'sl', 'signal_time': Timestamp('2024-11-13 19:00:00+0000', tz='UTC')}"
2024-12-12 00:00:00+00:00,2024-12-12 13:00:00+00:00,1,2724.485,2697.8898362962354,2698.0648362962356,2779.3701716719424,0.18,-478.71294666776424,-0.9501637065216091,"{'trail_atr_mult': 4.0, 'trail_atr_len': 14, 'tp_converts_to_trail': True, 'don_upper': 2721.31, 'don_lower': 2604.86, 'atr': 6.906271458992842, 'exit_reason': 'sl', 'signal_time': Timestamp('2024-12-11 23:00:00+0000', tz='UTC')}"
2024-12-18 20:00:00+00:00,2024-12-19 01:00:00+00:00,-1,2592.145,2616.7753834719365,2616.6003834719363,2527.716980346267,0.15,-378.45575207904767,-0.7711819997137207,"{'trail_atr_mult': 4.0, 'trail_atr_len': 14, 'tp_converts_to_trail': True, 'don_upper': 2726.15, 'don_lower': 2604.14, 'atr': 8.095377456716609, 'exit_reason': 'sl', 'signal_time': Timestamp('2024-12-18 19:00:00+0000', tz='UTC')}"
2025-01-16 09:00:00+00:00,2025-01-17 20:00:00+00:00,1,2705.445,2701.8749494391086,2702.049949439109,2732.17134079369,0.36,-114.12182019209612,-0.23137922956101883,"{'trail_atr_mult': 5.0, 'trail_atr_len': 14, 'tp_converts_to_trail': True, 'don_upper': 2703.27, 'don_lower': 2596.09, 'atr': 5.3902681587380386, 'exit_reason': 'sl', 'signal_time': Timestamp('2025-01-16 08:00:00+0000', tz='UTC')}"
2025-01-21 15:00:00+00:00,2025-01-23 09:00:00+00:00,1,2739.0150000000003,2740.996470360791,2741.1714703607913,2774.0299243913773,0.28,100.28117010214265,0.20188714729398827,"{'trail_atr_mult': 5.0, 'trail_atr_len': 14, 'tp_converts_to_trail': True, 'don_upper': 2738.48, 'don_lower': 2614.45, 'atr': 7.033984878275446, 'exit_reason': 'sl', 'signal_time': Timestamp('2025-01-21 14:00:00+0000', tz='UTC')}"
2025-01-24 02:00:00+00:00,2025-01-27 02:00:00+00:00,1,2774.4550000000004,2759.0185371277935,2759.1935371277937,2804.362925744412,0.32,-455.5668119106209,-0.9328373689611048,"{'trail_atr_mult': 5.0, 'trail_atr_len': 14, 'tp_converts_to_trail': True, 'don_upper': 2763.45, 'don_lower': 2632.98, 'atr': 6.022585148882445, 'exit_reason': 'sl', 'signal_time': Timestamp('2025-01-24 01:00:00+0000', tz='UTC')}"
2025-01-30 14:00:00+00:00,2025-01-31 16:00:00+00:00,1,2788.165,2809.245,2813.8660070833616,,0.36,773.2799999999974,1.5715535875079145,"{'trail_atr_mult': 5.0, 'trail_atr_len': 14, 'tp_converts_to_trail': True, 'don_upper': 2786.01, 'don_lower': 2656.84, 'atr': 5.249201416672385, 'exit_reason': 'sl_gap', 'signal_time': Timestamp('2025-01-30 13:00:00+0000', tz='UTC')}"
2025-02-03 14:00:00+00:00,2025-02-04 07:00:00+00:00,1,2829.5550000000003,2808.0068863565275,2808.1818863565277,2872.1662272869457,0.23,-486.40661379987415,-0.989472755174886,"{'trail_atr_mult': 5.0, 'trail_atr_len': 14, 'tp_converts_to_trail': True, 'don_upper': 2817.23, 'don_lower': 2676.79, 'atr': 8.53124545738908, 'exit_reason': 'sl', 'signal_time': Timestamp('2025-02-03 13:00:00+0000', tz='UTC')}"
2025-02-04 13:00:00+00:00,2025-02-05 10:00:00+00:00,1,2832.0350000000003,2870.345,2870.525371299272,,0.25,967.7499999999873,1.958741877813145,"{'trail_atr_mult': 5.0, 'trail_atr_len': 14, 'tp_converts_to_trail': True, 'don_upper': 2830.4, 'don_lower': 2689.26, 'atr': 7.767074259854397, 'exit_reason': 'sl_gap', 'signal_time': Timestamp('2025-02-04 12:00:00+0000', tz='UTC')}"
2025-02-05 15:00:00+00:00,2025-02-05 20:00:00+00:00,1,2880.425,2860.4216585379727,2860.596658537973,2919.466682924054,0.25,-500.0835365506873,-1.0088257507737255,"{'trail_atr_mult': 5.0, 'trail_atr_len': 14, 'tp_converts_to_trail': True, 'don_upper': 2877.17, 'don_lower': 2689.26, 'atr': 7.849336584810841, 'exit_reason': 'sl', 'signal_time': Timestamp('2025-02-05 14:00:00+0000', tz='UTC')}"
2025-02-10 08:00:00+00:00,2025-02-11 02:00:00+00:00,1,2896.965,2933.785,2935.320537536352,,0.25,930.4999999999927,1.89846925538792,"{'trail_atr_mult': 5.0, 'trail_atr_len': 14, 'tp_converts_to_trail': True, 'don_upper': 2896.51, 'don_lower': 2730.48, 'atr': 7.728107507270418, 'exit_reason': 'sl_gap', 'signal_time': Timestamp('2025-02-10 07:00:00+0000', tz='UTC')}"
2025-02-19 09:00:00+00:00,2025-02-19 15:00:00+00:00,1,2945.7250000000004,2929.251227992033,2929.426227992033,2977.797544015934,0.31,-510.6869322469911,-1.0107370052120883,"{'trail_atr_mult': 5.0, 'trail_atr_len': 14, 'tp_converts_to_trail': True, 'don_upper': 2942.58, 'don_lower': 2772.17, 'atr': 6.4495088031867605, 'exit_reason': 'sl', 'signal_time': Timestamp('2025-02-19 08:00:00+0000', tz='UTC')}"
2025-02-20 06:00:00+00:00,2025-02-20 14:00:00+00:00,1,2947.895,2931.2150319470543,2931.3900319470545,2980.469936105891,0.3,-500.3990415883709,-1.0106028681448402,"{'trail_atr_mult': 5.0, 'trail_atr_len': 14, 'tp_converts_to_trail': True, 'don_upper': 2947.05, 'don_lower': 2772.17, 'atr': 6.543987221178169, 'exit_reason': 'sl', 'signal_time': Timestamp('2025-02-20 05:00:00+0000', tz='UTC')}"
2025-02-28 08:00:00+00:00,2025-03-02 23:00:00+00:00,-1,2855.7749999999996,2876.762728948715,2876.587728948715,2814.6145421025694,0.24,-513.3054947691685,-1.0276273237121878,"{'trail_atr_mult': 5.0, 'trail_atr_len': 14, 'tp_converts_to_trail': True, 'don_upper': 2956.18, 'don_lower': 2856.98, 'atr': 8.263091579486058, 'exit_reason': 'sl', 'signal_time': Timestamp('2025-02-28 07:00:00+0000', tz='UTC')}"
2025-03-13 14:00:00+00:00,2025-03-18 05:00:00+00:00,1,2970.3250000000003,3008.408202690185,3008.5832026901853,,0.25,1002.0800672546216,2.0201596631764858,"{'trail_atr_mult': 5.0, 'trail_atr_len': 14, 'tp_converts_to_trail': True, 'don_upper': 2956.18, 'don_lower': 2832.57, 'atr': 7.7466405380370755, 'exit_reason': 'sl', 'signal_time': Timestamp('2025-03-13 13:00:00+0000', tz='UTC')}"
2025-03-18 08:00:00+00:00,2025-03-21 05:00:00+00:00,1,3027.0950000000003,3028.2535159122585,3028.4285159122587,3057.9880389881987,0.3,94.75547736774843,0.1931339211988728,"{'trail_atr_mult': 5.0, 'trail_atr_len': 14, 'tp_converts_to_trail': True, 'don_upper': 3018.87, 'don_lower': 2832.57, 'atr': 6.299607797639753, 'exit_reason': 'sl', 'signal_time': Timestamp('2025-03-18 07:00:00+0000', tz='UTC')}"
2025-03-27 14:00:00+00:00,2025-04-01 17:00:00+00:00,1,3058.3450000000003,3105.8228251662363,3105.9978251662365,,0.23,1137.9899788234284,2.283029583671818,"{'trail_atr_mult': 5.0, 'trail_atr_len': 14, 'tp_converts_to_trail': True, 'don_upper': 3057.26, 'don_lower': 2880.26, 'atr': 8.386801406709644, 'exit_reason': 'sl', 'signal_time': Timestamp('2025-03-27 13:00:00+0000', tz='UTC')}"
2025-04-10 23:00:00+00:00,2025-04-16 03:00:00+00:00,1,3188.9550000000004,3270.4649999999997,3270.8676204176704,,0.12,1006.9199999999917,2.0349805068952613,"{'trail_atr_mult': 5.0, 'trail_atr_len': 14, 'tp_converts_to_trail': True, 'don_upper': 3176.45, 'don_lower': 2956.26, 'atr': 16.419524083534057, 'exit_reason': 'sl_gap', 'signal_time': Timestamp('2025-04-10 22:00:00+0000', tz='UTC')}"
2025-04-16 04:00:00+00:00,2025-04-16 21:00:00+00:00,1,3281.565,3335.4904085268195,3335.6654085268196,,0.18,970.6573534827493,1.9798074024638326,"{'trail_atr_mult': 5.0, 'trail_atr_len': 14, 'tp_converts_to_trail': True, 'don_upper': 3275.35, 'don_lower': 2956.26, 'atr': 10.845081705363908, 'exit_reason': 'sl', 'signal_time': Timestamp('2025-04-16 03:00:00+0000', tz='UTC')}"
2025-04-16 22:00:00+00:00,2025-04-17 14:00:00+00:00,1,3343.3650000000002,3311.854646684012,3312.0296466840123,3404.490706631975,0.16,-484.9656530558103,-0.9672893428178824,"{'trail_atr_mult': 5.0, 'trail_atr_len': 14, 'tp_converts_to_trail': True, 'don_upper': 3342.47, 'don_lower': 2956.26, 'atr': 12.328141326395063, 'exit_reason': 'sl', 'signal_time': Timestamp('2025-04-16 20:00:00+0000', tz='UTC')}"
2025-04-21 01:00:00+00:00,2025-04-22 01:00:00+00:00,1,3368.5550000000003,3434.1749999999997,3442.4017835677373,,0.14,924.2799999999922,1.8008290793692245,"{'trail_atr_mult': 5.0, 'trail_atr_len': 14, 'tp_converts_to_trail': True, 'don_upper': 3357.65, 'don_lower': 2956.26, 'atr': 14.734356713547417, 'exit_reason': 'sl_gap', 'signal_time': Timestamp('2025-04-21 00:00:00+0000', tz='UTC')}"
2025-04-22 02:00:00+00:00,2025-04-22 14:00:00+00:00,1,3453.235,3413.78118518973,3413.95618518973,3530.937629620539,0.13,-512.8995925335121,-1.0044553279126545,"{'trail_atr_mult': 5.0, 'trail_atr_len': 14, 'tp_converts_to_trail': True, 'don_upper': 3444.21, 'don_lower': 2956.26, 'atr': 15.597525924107904, 'exit_reason': 'sl', 'signal_time': Timestamp('2025-04-22 01:00:00+0000', tz='UTC')}"
2025-05-14 13:00:00+00:00,2025-05-15 14:00:00+00:00,-1,3184.185,3192.0296058922813,3191.854605892281,3118.6081058283003,0.15,-126.66908838422067,-0.2512830800664162,"{'trail_atr_mult': 5.0, 'trail_atr_len': 14, 'tp_converts_to_trail': True, 'don_upper': 3437.85, 'don_lower': 3201.91, 'atr': 13.224378834339976, 'exit_reason': 'sl', 'signal_time': Timestamp('2025-05-14 12:00:00+0000', tz='UTC')}"
2025-06-02 14:00:00+00:00,2025-06-03 14:00:00+00:00,1,3374.1850000000004,3344.842071561429,3345.017071561429,3431.9212460393665,0.15,-434.14392657857337,-0.8545142031119917,"{'trail_atr_mult': 5.0, 'trail_atr_len': 14, 'tp_converts_to_trail': True, 'don_upper': 3365.87, 'don_lower': 3120.78, 'atr': 12.214249207873296, 'exit_reason': 'sl', 'signal_time': Timestamp('2025-06-02 13:00:00+0000', tz='UTC')}"
2025-06-05 11:00:00+00:00,2025-06-05 14:00:00+00:00,1,3399.775,3375.6035589508374,3375.7785589508376,3448.232882098324,0.21,-507.6002620324166,-1.0072927481055067,"{'trail_atr_mult': 5.0, 'trail_atr_len': 14, 'tp_converts_to_trail': True, 'don_upper': 3392.24, 'don_lower': 3204.57, 'atr': 9.660576419664816, 'exit_reason': 'sl', 'signal_time': Timestamp('2025-06-05 10:00:00+0000', tz='UTC')}"
2025-06-13 01:00:00+00:00,2025-06-16 14:00:00+00:00,1,3415.9350000000004,3398.82178329686,3398.99678329686,3477.7474906345547,0.16,-254.61146725024884,-0.5252104183359073,"{'trail_atr_mult': 5.0, 'trail_atr_len': 14, 'tp_converts_to_trail': True, 'don_upper': 3403.33, 'don_lower': 3245.52, 'atr': 12.281498126910938, 'exit_reason': 'sl', 'signal_time': Timestamp('2025-06-13 00:00:00+0000', tz='UTC')}"
2025-06-27 04:00:00+00:00,2025-06-30 00:00:00+00:00,-1,3294.1549999999997,3263.945,3249.00007095107,,0.22,651.4199999999908,1.2955609696222803,"{'trail_atr_mult': 5.0, 'trail_atr_len': 14, 'tp_converts_to_trail': True, 'don_upper': 3451.23, 'don_lower': 3295.5, 'atr': 9.067985809786036, 'exit_reason': 'sl_gap', 'signal_time': Timestamp('2025-06-27 03:00:00+0000', tz='UTC')}"
2025-07-21 15:00:00+00:00,2025-07-23 14:00:00+00:00,1,3400.655,3411.3023263488894,3411.4773263488896,3446.929651341067,0.21,240.39385332667396,0.4848543360138463,"{'trail_atr_mult': 4.0, 'trail_atr_len': 14, 'tp_converts_to_trail': True, 'don_upper': 3396.7, 'don_lower': 3248.48, 'atr': 7.7649418901777905, 'exit_reason': 'sl', 'signal_time': Timestamp('2025-07-21 14:00:00+0000', tz='UTC')}"
2025-07-30 20:00:00+00:00,2025-07-31 06:00:00+00:00,-1,3269.035,3299.2753141395056,3299.1003141395054,3209.93937172099,0.16,-493.4450262320912,-1.0257772127842777,"{'trail_atr_mult': 4.0, 'trail_atr_len': 14, 'tp_converts_to_trail': True, 'don_upper': 3438.77, 'don_lower': 3274.64, 'atr': 9.906771379835023, 'exit_reason': 'sl', 'signal_time': Timestamp('2025-07-30 19:00:00+0000', tz='UTC')}"
2025-08-28 19:00:00+00:00,2025-09-02 08:00:00+00:00,1,3420.125,3474.7256375606703,3474.9006375606705,,0.25,1415.0159390167573,2.852922654052418,"{'trail_atr_mult': 4.0, 'trail_atr_len': 14, 'tp_converts_to_trail': True, 'don_upper': 3418.74, 'don_lower': 3268.17, 'atr': 6.5681758462118385, 'exit_reason': 'sl', 'signal_time': Timestamp('2025-08-28 18:00:00+0000', tz='UTC')}"
2025-09-02 15:00:00+00:00,2025-09-04 03:00:00+00:00,1,3511.545,3541.4846640951005,3541.6596640951007,3579.716959685273,0.14,441.55529733140554,0.9075253539476186,"{'trail_atr_mult': 4.0, 'trail_atr_len': 14, 'tp_converts_to_trail': True, 'don_upper': 3508.69, 'don_lower': 3311.55, 'atr': 11.43615994754552, 'exit_reason': 'sl', 'signal_time': Timestamp('2025-09-02 14:00:00+0000', tz='UTC')}"
2025-09-08 08:00:00+00:00,2025-09-09 16:00:00+00:00,1,3609.6850000000004,3645.1549999999997,3669.6120574462084,,0.16,573.9199999999895,1.184374495842508,"{'trail_atr_mult': 4.0, 'trail_atr_len': 14, 'tp_converts_to_trail': True, 'don_upper': 3600.0, 'don_lower': 3311.55, 'atr': 10.023676241034789, 'exit_reason': 'sl_gap', 'signal_time': Timestamp('2025-09-08 07:00:00+0000', tz='UTC')}"
2025-09-15 16:00:00+00:00,2025-09-17 03:00:00+00:00,1,3680.7250000000004,3675.1481809618067,3675.323180961807,3735.4553056779155,0.18,-85.98274268748591,-0.1726187606946291,"{'trail_atr_mult': 4.0, 'trail_atr_len': 14, 'tp_converts_to_trail': True, 'don_upper': 3674.12, 'don_lower': 3311.55, 'atr': 9.15588427965259, 'exit_reason': 'sl', 'signal_time': Timestamp('2025-09-15 15:00:00+0000', tz='UTC')}"
2025-09-22 07:00:00+00:00,2025-09-23 15:00:00+00:00,1,3714.565,3771.330895933935,3771.5058959339353,,0.17,971.8202308768967,1.9802549179923534,"{'trail_atr_mult': 4.0, 'trail_atr_len': 14, 'tp_converts_to_trail': True, 'don_upper': 3707.42, 'don_lower': 3321.44, 'atr': 9.534315988989217, 'exit_reason': 'sl', 'signal_time': Timestamp('2025-09-22 06:00:00+0000', tz='UTC')}"
2025-09-29 03:00:00+00:00,2025-09-30 07:00:00+00:00,1,3793.085,3869.705,3870.2260727983066,,0.13,1001.2599999999987,1.9787767637181182,"{'trail_atr_mult': 4.0, 'trail_atr_len': 14, 'tp_converts_to_trail': True, 'don_upper': 3791.18, 'don_lower': 3388.84, 'atr': 12.896012133051121, 'exit_reason': 'sl_gap', 'signal_time': Timestamp('2025-09-29 02:00:00+0000', tz='UTC')}"
2025-10-01 08:00:00+00:00,2025-10-02 15:00:00+00:00,1,3879.405,3853.572801832268,3853.747801832268,3955.2160474260586,0.13,-320.21857618051934,-0.6446021741884062,"{'trail_atr_mult': 4.0, 'trail_atr_len': 14, 'tp_converts_to_trail': True, 'don_upper': 3875.58, 'don_lower': 3467.16, 'atr': 12.669341237676466, 'exit_reason': 'sl', 'signal_time': Timestamp('2025-10-01 07:00:00+0000', tz='UTC')}"
2025-10-06 00:00:00+00:00,2025-10-07 15:00:00+00:00,1,3909.7450000000003,3978.805,3983.282980668233,,0.13,902.9799999999935,1.8726667322965724,"{'trail_atr_mult': 4.0, 'trail_atr_len': 14, 'tp_converts_to_trail': True, 'don_upper': 3903.98, 'don_lower': 3524.59, 'atr': 12.292163444705428, 'exit_reason': 'sl_gap', 'signal_time': Timestamp('2025-10-05 23:00:00+0000', tz='UTC')}"
2025-10-08 00:00:00+00:00,2025-10-09 00:00:00+00:00,1,3994.5150000000003,4006.9379096428115,4007.1129096428117,4065.4308710610308,0.14,190.7207349993567,0.38153601658683867,"{'trail_atr_mult': 4.0, 'trail_atr_len': 14, 'tp_converts_to_trail': True, 'don_upper': 3990.99, 'don_lower': 3581.21, 'atr': 11.846811843505161, 'exit_reason': 'sl', 'signal_time': Timestamp('2025-10-07 23:00:00+0000', tz='UTC')}"
2025-10-13 06:00:00+00:00,2025-10-14 07:00:00+00:00,1,4064.085,4106.8060718183515,4106.981071818352,4186.003157732199,0.08,344.96857454681157,0.700226798538444,"{'trail_atr_mult': 4.0, 'trail_atr_len': 14, 'tp_converts_to_trail': True, 'don_upper': 4060.29, 'don_lower': 3613.51, 'atr': 20.38885962203315, 'exit_reason': 'sl', 'signal_time': Timestamp('2025-10-13 05:00:00+0000', tz='UTC')}"
2025-10-15 04:00:00+00:00,2025-10-16 19:00:00+00:00,1,4187.295,4293.455,4298.553644988367,,0.09,966.2399999999986,1.9157121453561436,"{'trail_atr_mult': 4.0, 'trail_atr_len': 14, 'tp_converts_to_trail': True, 'don_upper': 4186.78, 'don_lower': 3627.78, 'atr': 18.588940831394435, 'exit_reason': 'sl_gap', 'signal_time': Timestamp('2025-10-15 03:00:00+0000', tz='UTC')}"
2025-10-16 23:00:00+00:00,2025-10-17 02:00:00+00:00,1,4346.965,4289.660241775305,4289.835241775305,4476.017330876097,0.08,-455.23806579756354,-0.8770950795686785,"{'trail_atr_mult': 4.0, 'trail_atr_len': 14, 'tp_converts_to_trail': True, 'don_upper': 4330.39, 'don_lower': 3627.78, 'atr': 21.54788847934952, 'exit_reason': 'sl', 'signal_time': Timestamp('2025-10-16 22:00:00+0000', tz='UTC')}"
2025-12-01 01:00:00+00:00,2025-12-02 01:00:00+00:00,1,4255.225,4209.014682230137,4209.189682230137,4346.920635539727,0.11,-503.9134954685002,-0.995112448204993,"{'trail_atr_mult': 4.0, 'trail_atr_len': 14, 'tp_converts_to_trail': True, 'don_upper': 4245.39, 'don_lower': 3928.9, 'atr': 15.303439256621232, 'exit_reason': 'sl', 'signal_time': Timestamp('2025-12-01 00:00:00+0000', tz='UTC')}"
2025-12-11 16:00:00+00:00,2025-12-12 15:00:00+00:00,1,4273.765,4294.910889040763,4295.0858890407635,4369.309865684715,0.1,215.45889040762995,0.44826628826110415,"{'trail_atr_mult': 4.0, 'trail_atr_len': 14, 'tp_converts_to_trail': True, 'don_upper': 4264.63, 'don_lower': 3998.36, 'atr': 15.956644280785884, 'exit_reason': 'sl', 'signal_time': Timestamp('2025-12-11 15:00:00+0000', tz='UTC')}"
2025-12-22 04:00:00+00:00,2025-12-23 14:00:00+00:00,1,4398.6050000000005,4468.72127658206,4468.896276582061,,0.14,987.2278721488399,1.9881583860829024,"{'trail_atr_mult': 4.0, 'trail_atr_len': 14, 'tp_converts_to_trail': True, 'don_upper': 4394.95, 'don_lower': 4022.61, 'atr': 11.751046097010049, 'exit_reason': 'sl', 'signal_time': Timestamp('2025-12-22 03:00:00+0000', tz='UTC')}"
2025-12-24 00:00:00+00:00,2025-12-24 14:00:00+00:00,1,4512.185,4466.540332277879,4466.7153322778795,4602.569335444241,0.11,-502.09134494333193,-1.0038487195699266,"{'trail_atr_mult': 4.0, 'trail_atr_len': 14, 'tp_converts_to_trail': True, 'don_upper': 4499.94, 'don_lower': 4039.89, 'atr': 15.094889240706827, 'exit_reason': 'sl', 'signal_time': Timestamp('2025-12-23 23:00:00+0000', tz='UTC')}"
2025-12-26 15:00:00+00:00,2025-12-29 00:00:00+00:00,1,4546.8150000000005,4497.36287829986,4497.5378782998605,4644.844243400281,0.1,-482.521217001402,-0.9791992721036525,"{'trail_atr_mult': 4.0, 'trail_atr_len': 14, 'tp_converts_to_trail': True, 'don_upper': 4533.48, 'don_lower': 4122.14, 'atr': 16.367373900046715, 'exit_reason': 'sl', 'signal_time': Timestamp('2025-12-26 14:00:00+0000', tz='UTC')}"
2026-01-12 00:00:00+00:00,2026-01-13 20:00:00+00:00,1,4589.085,4570.082032082017,4570.257032082017,4709.645580061498,0.08,-148.82374334386697,-0.30726974935471213,"{'trail_atr_mult': 4.0, 'trail_atr_len': 14, 'tp_converts_to_trail': True, 'don_upper': 4549.92, 'don_lower': 4170.27, 'atr': 20.122596676916316, 'exit_reason': 'sl', 'signal_time': Timestamp('2026-01-11 23:00:00+0000', tz='UTC')}"
2026-01-18 23:00:00+00:00,2026-01-21 02:00:00+00:00,1,4672.695000000001,4818.819293368461,4818.9942933684615,,0.06,883.9457602107643,2.006810861997401,"{'trail_atr_mult': 4.0, 'trail_atr_len': 14, 'tp_converts_to_trail': True, 'don_upper': 4642.91, 'don_lower': 4271.54, 'atr': 24.412382228076844, 'exit_reason': 'sl', 'signal_time': Timestamp('2026-01-18 22:00:00+0000', tz='UTC')}"
2026-01-21 03:00:00+00:00,2026-01-21 17:00:00+00:00,1,4845.125,4806.949870411982,4807.124870411983,4962.568511009423,0.08,-305.401036704141,-0.6472088061697787,"{'trail_atr_mult': 4.0, 'trail_atr_len': 14, 'tp_converts_to_trail': True, 'don_upper': 4844.13, 'don_lower': 4274.49, 'atr': 19.603085168237087, 'exit_reason': 'sl', 'signal_time': Timestamp('2026-01-21 02:00:00+0000', tz='UTC')}"
2026-01-22 17:00:00+00:00,2026-01-26 04:00:00+00:00,1,4904.695000000001,5058.104054565792,5058.279054565792,,0.06,930.0543273947457,2.011680040508133,"{'trail_atr_mult': 4.0, 'trail_atr_len': 14, 'tp_converts_to_trail': True, 'don_upper': 4888.43, 'don_lower': 4274.49, 'atr': 25.626509094298527, 'exit_reason': 'sl', 'signal_time': Timestamp('2026-01-22 16:00:00+0000', tz='UTC')}"
2026-01-27 20:00:00+00:00,2026-01-29 15:00:00+00:00,1,5176.885,5406.877531967744,5407.0525319677445,,0.05,1157.9626598387204,2.5363036984719076,"{'trail_atr_mult': 4.0, 'trail_atr_len': 14, 'tp_converts_to_trail': True, 'don_upper': 5111.03, 'don_lower': 4274.49, 'atr': 30.375347127235575, 'exit_reason': 'sl', 'signal_time': Timestamp('2026-01-27 19:00:00+0000', tz='UTC')}"
2026-03-18 21:00:00+00:00,2026-03-19 19:00:00+00:00,-1,4829.195,4650.869042858997,4650.694042858997,,0.07,1244.0816999870185,2.4573926662568586,"{'trail_atr_mult': 4.0, 'trail_atr_len': 14, 'tp_converts_to_trail': True, 'don_upper': 5419.26, 'don_lower': 4834.17, 'atr': 27.86932619016715, 'exit_reason': 'sl', 'signal_time': Timestamp('2026-03-18 19:00:00+0000', tz='UTC')}"
2026-03-20 18:00:00+00:00,2026-03-23 07:00:00+00:00,-1,4499.505,4220.415,4205.5063473171185,,0.03,835.4700000000004,1.8913141078791698,"{'trail_atr_mult': 4.0, 'trail_atr_len': 14, 'tp_converts_to_trail': True, 'don_upper': 5419.26, 'don_lower': 4502.57, 'atr': 49.027275447146884, 'exit_reason': 'sl_gap', 'signal_time': Timestamp('2026-03-20 17:00:00+0000', tz='UTC')}"
2026-05-27 11:00:00+00:00,2026-05-28 15:00:00+00:00,-1,4445.585,4443.425059838907,4443.250059838907,4330.686471579349,0.09,14.039461449836017,0.02702984707602798,"{'trail_atr_mult': 4.0, 'trail_atr_len': 14, 'tp_converts_to_trail': True, 'don_upper': 4773.42, 'don_lower': 4453.52, 'atr': 19.178921403441798, 'exit_reason': 'sl', 'signal_time': Timestamp('2026-05-27 10:00:00+0000', tz='UTC')}"
2026-06-05 14:00:00+00:00,2026-06-09 04:00:00+00:00,-1,4365.755,4341.953466288133,4341.778466288133,4235.66943365721,0.08,184.01226969493436,0.3522155114387689,"{'trail_atr_mult': 4.0, 'trail_atr_len': 14, 'tp_converts_to_trail': True, 'don_upper': 4773.42, 'don_lower': 4366.52, 'atr': 21.710094390465105, 'exit_reason': 'sl', 'signal_time': Timestamp('2026-06-05 13:00:00+0000', tz='UTC')}"
2026-06-09 17:00:00+00:00,2026-06-10 17:00:00+00:00,-1,4251.8949999999995,4129.085,4112.948014847347,,0.07,858.2699999999965,1.7532998672394997,"{'trail_atr_mult': 4.0, 'trail_atr_len': 14, 'tp_converts_to_trail': True, 'don_upper': 4773.42, 'don_lower': 4263.08, 'atr': 23.20866419210882, 'exit_reason': 'sl_gap', 'signal_time': Timestamp('2026-06-09 16:00:00+0000', tz='UTC')}"
2026-06-10 22:00:00+00:00,2026-06-11 18:00:00+00:00,-1,4067.585,4132.147253774922,4131.972253774922,3912.167468415686,0.05,-325.8112688746114,-0.6489536135298086,"{'trail_atr_mult': 4.0, 'trail_atr_len': 14, 'tp_converts_to_trail': True, 'don_upper': 4773.42, 'don_lower': 4096.9, 'atr': 28.425421930718965, 'exit_reason': 'sl', 'signal_time': Timestamp('2026-06-10 19:00:00+0000', tz='UTC')}"
2026-06-24 13:00:00+00:00,2026-06-26 10:00:00+00:00,-1,3987.605,4046.337080410253,4046.1620804102527,3851.851334724074,0.07,-416.7245628717698,-0.8736815889665064,"{'trail_atr_mult': 4.0, 'trail_atr_len': 14, 'tp_converts_to_trail': True, 'don_upper': 4595.18, 'don_lower': 4023.74, 'atr': 22.65477754598766, 'exit_reason': 'sl', 'signal_time': Timestamp('2026-06-24 12:00:00+0000', tz='UTC')}"
2026-08-05 15:00:00+00:00,2026-08-06 17:00:00+00:00,1,4244.305,4223.637826116261,4223.812826116261,4373.364823556373,0.07,-136.27021718617615,-0.30045453394116955,"{'trail_atr_mult': 4.0, 'trail_atr_len': 14, 'tp_converts_to_trail': True, 'don_upper': 4213.31, 'don_lower': 3959.56, 'atr': 21.53913725939551, 'exit_reason': 'sl', 'signal_time': Timestamp('2026-08-05 14:00:00+0000', tz='UTC')}"
2026-08-07 09:00:00+00:00,2026-08-11 03:00:00+00:00,1,4306.175,4425.592488173446,4425.7674881734465,,0.08,968.1399053875691,2.0154887076771497,"{'trail_atr_mult': 4.0, 'trail_atr_len': 14, 'tp_converts_to_trail': True, 'don_upper': 4304.08, 'don_lower': 3959.56, 'atr': 19.959581362241018, 'exit_reason': 'sl', 'signal_time': Timestamp('2026-08-07 08:00:00+0000', tz='UTC')}"
2026-08-19 14:00:00+00:00,2026-08-20 13:00:00+00:00,1,4459.665,4457.165754181265,4457.340754181265,4586.211842874381,0.07,-9.09472073114703,-0.02052653297771382,"{'trail_atr_mult': 4.0, 'trail_atr_len': 14, 'tp_converts_to_trail': True, 'don_upper': 4449.63, 'don_lower': 3964.89, 'atr': 21.09364047906353, 'exit_reason': 'sl', 'signal_time': Timestamp('2026-08-19 13:00:00+0000', tz='UTC')}"
2026-08-21 06:00:00+00:00,2026-08-24 15:00:00+00:00,1,4553.745,4664.505,4672.7707630588175,,0.08,895.6800000000018,1.8725419898003428,"{'trail_atr_mult': 4.0, 'trail_atr_len': 14, 'tp_converts_to_trail': True, 'don_upper': 4547.93, 'don_lower': 3995.92, 'atr': 19.86846050980289, 'exit_reason': 'sl_gap', 'signal_time': Timestamp('2026-08-21 05:00:00+0000', tz='UTC')}"
2026-08-25 01:00:00+00:00,2026-08-25 14:00:00+00:00,1,4684.265,4611.233011929066,4611.408011929067,4830.0839761418665,0.06,-438.19192842560363,-1.0024019658873324,"{'trail_atr_mult': 4.0, 'trail_atr_len': 14, 'tp_converts_to_trail': True, 'don_upper': 4682.8, 'don_lower': 3995.92, 'atr': 24.297329356977755, 'exit_reason': 'sl', 'signal_time': Timestamp('2026-08-25 00:00:00+0000', tz='UTC')}"
