entry_time,exit_time,direction,entry,exit,sl,tp,lots,pnl,r_multiple,meta
2017-01-04 09:00:00+00:00,2017-01-05 07:00:00+00:00,1,1165.5449999999998,1177.9688963823382,1178.1438963823382,,0.75,1021.7922286753799,2.0667480974122214,"{'trail_atr_mult': 4.0, 'trail_atr_len': 14, 'tp_converts_to_trail': True, 'don_upper': 1164.35, 'don_lower': 1135.66, 'atr': 3.1984740955845625, 'exit_reason': 'sl', 'signal_time': Timestamp('2017-01-04 08:00:00+0000', tz='UTC')}"
2017-01-05 15:00:00+00:00,2017-01-06 06:00:00+00:00,1,1181.565,1173.7306818790394,1173.9056818790393,1196.0886362419212,0.65,-483.23067786244474,-0.9706240168580669,"{'trail_atr_mult': 4.0, 'trail_atr_len': 14, 'tp_converts_to_trail': True, 'don_upper': 1179.26, 'don_lower': 1136.45, 'atr': 3.697159060480332, 'exit_reason': 'sl', 'signal_time': Timestamp('2017-01-05 14:00:00+0000', tz='UTC')}"
2017-01-10 14:00:00+00:00,2017-01-10 17:00:00+00:00,1,1188.985,1182.2464637201697,1182.4214637201696,1201.5870725596606,0.76,-512.1287572670963,-1.0266624564166316,"{'trail_atr_mult': 4.0, 'trail_atr_len': 14, 'tp_converts_to_trail': True, 'don_upper': 1187.54, 'don_lower': 1145.95, 'atr': 3.194268139915143, 'exit_reason': 'sl', 'signal_time': Timestamp('2017-01-10 13:00:00+0000', tz='UTC')}"
2017-01-11 18:00:00+00:00,2017-01-13 01:00:00+00:00,1,1195.0149999999999,1193.2374973480498,1193.4124973480498,1212.7213912207121,0.54,-9.585143205302401,-0.01947220042630505,"{'trail_atr_mult': 4.0, 'trail_atr_len': 14, 'tp_converts_to_trail': True, 'don_upper': 1191.27, 'don_lower': 1160.63, 'atr': 4.470347805178079, 'exit_reason': 'sl', 'signal_time': Timestamp('2017-01-11 17:00:00+0000', tz='UTC')}"
2017-01-17 05:00:00+00:00,2017-01-18 20:00:00+00:00,1,1211.965,1208.1751469545313,1208.3501469545313,1221.4418270192816,0.99,-335.59545150139036,-0.6738046756265399,"{'trail_atr_mult': 4.0, 'trail_atr_len': 14, 'tp_converts_to_trail': True, 'don_upper': 1208.48, 'don_lower': 1177.11, 'atr': 2.4179567548203833, 'exit_reason': 'sl', 'signal_time': Timestamp('2017-01-17 04:00:00+0000', tz='UTC')}"
2017-01-26 09:00:00+00:00,2017-01-27 08:00:00+00:00,-1,1192.4650000000001,1182.365,1181.3415036127099,,0.86,851.4000000000117,1.7130255819237186,"{'trail_atr_mult': 4.0, 'trail_atr_len': 14, 'tp_converts_to_trail': True, 'don_upper': 1219.4, 'don_lower': 1193.22, 'atr': 2.8171240968225173, 'exit_reason': 'sl_gap', 'signal_time': Timestamp('2017-01-26 08:00:00+0000', tz='UTC')}"
2017-02-02 03:00:00+00:00,2017-02-03 00:00:00+00:00,1,1216.2649999999999,1212.762700800253,1212.937700800253,1228.977458915135,0.75,-232.67243998101435,-0.4676553693650908,"{'trail_atr_mult': 4.0, 'trail_atr_len': 14, 'tp_converts_to_trail': True, 'don_upper': 1215.23, 'don_lower': 1180.48, 'atr': 3.224364728783781, 'exit_reason': 'sl', 'signal_time': Timestamp('2017-02-02 02:00:00+0000', tz='UTC')}"
2017-02-06 11:00:00+00:00,2017-02-08 09:00:00+00:00,1,1226.135,1235.864979664263,1236.039979664263,,0.96,1010.8780477692533,2.0308583054510225,"{'trail_atr_mult': 4.0, 'trail_atr_len': 14, 'tp_converts_to_trail': True, 'don_upper': 1225.21, 'don_lower': 1188.2, 'atr': 2.514994916065742, 'exit_reason': 'sl', 'signal_time': Timestamp('2017-02-06 10:00:00+0000', tz='UTC')}"
2017-02-08 12:00:00+00:00,2017-02-09 15:00:00+00:00,1,1239.905,1235.5098700755123,1235.6848700755122,1250.1122044696779,0.93,-297.1470829773579,-0.5921181225698565,"{'trail_atr_mult': 4.0, 'trail_atr_len': 14, 'tp_converts_to_trail': True, 'don_upper': 1238.31, 'don_lower': 1198.1, 'atr': 2.6005511174194296, 'exit_reason': 'sl', 'signal_time': Timestamp('2017-02-08 11:00:00+0000', tz='UTC')}"
2017-02-23 13:00:00+00:00,2017-02-24 13:00:00+00:00,1,1248.575,1257.535,1258.2969464712871,,0.99,926.6400000000036,1.8376458591163518,"{'trail_atr_mult': 4.0, 'trail_atr_len': 14, 'tp_converts_to_trail': True, 'don_upper': 1243.71, 'don_lower': 1226.04, 'atr': 2.469236617821738, 'exit_reason': 'sl_gap', 'signal_time': Timestamp('2017-02-23 12:00:00+0000', tz='UTC')}"
2017-02-24 13:00:00+00:00,2017-02-24 14:00:00+00:00,1,1260.0149999999999,1255.4923349657465,1255.6673349657465,1268.1853300685066,1.17,-529.1518090076419,-1.0402514910006184,"{'trail_atr_mult': 4.0, 'trail_atr_len': 14, 'tp_converts_to_trail': True, 'don_upper': 1258.35, 'don_lower': 1226.04, 'atr': 2.0863325171266696, 'exit_reason': 'sl', 'signal_time': Timestamp('2017-02-24 12:00:00+0000', tz='UTC')}"
2017-02-27 16:00:00+00:00,2017-02-27 18:00:00+00:00,1,1263.075,1257.8498715918063,1258.0248715918062,1272.680256816388,1.0,-522.5128408193768,-1.0346525842226146,"{'trail_atr_mult': 4.0, 'trail_atr_len': 14, 'tp_converts_to_trail': True, 'don_upper': 1260.05, 'don_lower': 1226.04, 'atr': 2.442564204096977, 'exit_reason': 'sl', 'signal_time': Timestamp('2017-02-27 15:00:00+0000', tz='UTC')}"
2017-03-02 17:00:00+00:00,2017-03-03 19:00:00+00:00,-1,1233.555,1234.679030516115,1234.504030516115,1219.968730625672,0.71,-94.00616664416494,-0.1876557637718614,"{'trail_atr_mult': 4.0, 'trail_atr_len': 14, 'tp_converts_to_trail': True, 'don_upper': 1263.79, 'don_lower': 1234.64, 'atr': 3.440317343582024, 'exit_reason': 'sl', 'signal_time': Timestamp('2017-03-02 16:00:00+0000', tz='UTC')}"
2017-03-07 13:00:00+00:00,2017-03-08 09:00:00+00:00,-1,1220.935,1213.205,1212.7234456175402,,1.16,873.4800000000021,1.7477984042735755,"{'trail_atr_mult': 4.0, 'trail_atr_len': 14, 'tp_converts_to_trail': True, 'don_upper': 1258.32, 'don_lower': 1222.16, 'atr': 2.086638595614968, 'exit_reason': 'sl_gap', 'signal_time': Timestamp('2017-03-07 12:00:00+0000', tz='UTC')}"
2017-03-08 13:00:00+00:00,2017-03-09 23:00:00+00:00,-1,1209.395,1200.975,1200.7719604061824,,1.13,883.6600000000082,1.7439708908937115,"{'trail_atr_mult': 4.0, 'trail_atr_len': 14, 'tp_converts_to_trail': True, 'don_upper': 1250.57, 'don_lower': 1211.36, 'atr': 2.18450989845438, 'exit_reason': 'sl_gap', 'signal_time': Timestamp('2017-03-08 12:00:00+0000', tz='UTC')}"
2017-03-10 04:00:00+00:00,2017-03-10 13:00:00+00:00,-1,1196.9550000000002,1201.7050296077264,1201.5300296077264,1188.3299407845475,1.12,-532.0033160653365,-1.0382511185729633,"{'trail_atr_mult': 4.0, 'trail_atr_len': 14, 'tp_converts_to_trail': True, 'don_upper': 1236.76, 'don_lower': 1197.55, 'atr': 2.200014803863175, 'exit_reason': 'sl', 'signal_time': Timestamp('2017-03-10 03:00:00+0000', tz='UTC')}"
2017-03-15 18:00:00+00:00,2017-03-16 13:00:00+00:00,1,1216.5449999999998,1230.6853096993689,1230.8603096993688,,0.67,1027.800749857725,2.0344820504596517,"{'trail_atr_mult': 4.0, 'trail_atr_len': 14, 'tp_converts_to_trail': True, 'don_upper': 1214.51, 'don_lower': 1194.91, 'atr': 3.6425774248422247, 'exit_reason': 'sl', 'signal_time': Timestamp('2017-03-15 17:00:00+0000', tz='UTC')}"
2017-03-20 02:00:00+00:00,2017-03-21 01:00:00+00:00,1,1234.185,1229.6255399093104,1229.8005399093104,1242.4589201813792,1.17,-486.6568306106746,-0.9486823929637689,"{'trail_atr_mult': 4.0, 'trail_atr_len': 14, 'tp_converts_to_trail': True, 'don_upper': 1233.67, 'don_lower': 1197.23, 'atr': 2.109730045344819, 'exit_reason': 'sl', 'signal_time': Timestamp('2017-03-20 01:00:00+0000', tz='UTC')}"
2017-03-21 13:00:00+00:00,2017-03-22 07:00:00+00:00,1,1239.335,1247.275,1248.0605976976858,,1.11,925.7400000000061,1.8148982850376272,"{'trail_atr_mult': 4.0, 'trail_atr_len': 14, 'tp_converts_to_trail': True, 'don_upper': 1235.45, 'don_lower': 1197.23, 'atr': 2.2201494244214164, 'exit_reason': 'sl_gap', 'signal_time': Timestamp('2017-03-21 12:00:00+0000', tz='UTC')}"
2017-03-22 17:00:00+00:00,2017-03-22 23:00:00+00:00,1,1251.185,1246.1358113823076,1246.3108113823075,1260.4983772353846,1.06,-535.2139934753924,-1.035903411567771,"{'trail_atr_mult': 4.0, 'trail_atr_len': 14, 'tp_converts_to_trail': True, 'don_upper': 1250.37, 'don_lower': 1197.47, 'atr': 2.364594308846187, 'exit_reason': 'sl', 'signal_time': Timestamp('2017-03-22 16:00:00+0000', tz='UTC')}"
2017-03-23 12:00:00+00:00,2017-03-23 14:00:00+00:00,1,1252.185,1247.293427753273,1247.4684277532729,1260.9731444934541,1.09,-533.1813748932472,-1.0371032162438287,"{'trail_atr_mult': 4.0, 'trail_atr_len': 14, 'tp_converts_to_trail': True, 'don_upper': 1251.23, 'don_lower': 1223.36, 'atr': 2.25078612336355, 'exit_reason': 'sl', 'signal_time': Timestamp('2017-03-23 11:00:00+0000', tz='UTC')}"
2017-03-27 01:00:00+00:00,2017-03-28 06:00:00+00:00,1,1254.955,1253.4250359758346,1253.6000359758345,1266.2508587656682,0.86,-97.17690607821905,-0.19118137633911025,"{'trail_atr_mult': 4.0, 'trail_atr_len': 14, 'tp_converts_to_trail': True, 'don_upper': 1254.02, 'don_lower': 1226.82, 'atr': 2.867714691417055, 'exit_reason': 'sl', 'signal_time': Timestamp('2017-03-27 00:00:00+0000', tz='UTC')}"
2017-03-31 03:00:00+00:00,2017-03-31 14:00:00+00:00,-1,1240.435,1245.009999849325,1244.834999849325,1232.1300003013496,1.16,-530.6999825216963,-1.039772728634707,"{'trail_atr_mult': 4.0, 'trail_atr_len': 14, 'tp_converts_to_trail': True, 'don_upper': 1260.97, 'don_lower': 1240.84, 'atr': 2.117499924662576, 'exit_reason': 'sl', 'signal_time': Timestamp('2017-03-31 02:00:00+0000', tz='UTC')}"
2017-04-04 12:00:00+00:00,2017-04-04 14:00:00+00:00,1,1260.2549999999999,1256.129676016577,1256.3046760165769,1267.6306479668463,1.28,-528.0414698781387,-1.0443001639192933,"{'trail_atr_mult': 4.0, 'trail_atr_len': 14, 'tp_converts_to_trail': True, 'don_upper': 1260.0, 'don_lower': 1239.61, 'atr': 1.8876619917115809, 'exit_reason': 'sl', 'signal_time': Timestamp('2017-04-04 11:00:00+0000', tz='UTC')}"
2017-04-07 02:00:00+00:00,2017-04-07 18:00:00+00:00,1,1264.565,1259.5359786054366,1259.7109786054366,1275.0198925265624,0.9,-452.61192551070735,-0.9012669938520362,"{'trail_atr_mult': 4.0, 'trail_atr_len': 14, 'tp_converts_to_trail': True, 'don_upper': 1261.22, 'don_lower': 1239.61, 'atr': 2.6724731316406243, 'exit_reason': 'sl', 'signal_time': Timestamp('2017-04-07 01:00:00+0000', tz='UTC')}"
2017-04-11 15:00:00+00:00,2017-04-13 14:00:00+00:00,1,1272.825,1283.5873030303762,1283.7623030303762,,0.87,1075.5203636427282,2.157036504377019,"{'trail_atr_mult': 4.0, 'trail_atr_len': 14, 'tp_converts_to_trail': True, 'don_upper': 1270.83, 'don_lower': 1243.65, 'atr': 2.7780757575940527, 'exit_reason': 'sl', 'signal_time': Timestamp('2017-04-11 14:00:00+0000', tz='UTC')}"
2017-04-16 23:00:00+00:00,2017-04-17 06:00:00+00:00,1,1293.595,1287.6370052990762,1287.8120052990762,1304.6359894018478,0.88,-489.10353368129364,-0.9610928227265881,"{'trail_atr_mult': 4.0, 'trail_atr_len': 14, 'tp_converts_to_trail': True, 'don_upper': 1288.54, 'don_lower': 1247.08, 'atr': 2.8039973504619473, 'exit_reason': 'sl', 'signal_time': Timestamp('2017-04-16 22:00:00+0000', tz='UTC')}"
2017-04-23 23:00:00+00:00,2017-04-24 02:00:00+00:00,-1,1268.875,1276.5713317625903,1276.3963317625903,1254.4773364748194,0.67,-529.0542280935475,-1.0498581915858483,"{'trail_atr_mult': 4.0, 'trail_atr_len': 14, 'tp_converts_to_trail': True, 'don_upper': 1295.45, 'don_lower': 1273.98, 'atr': 3.653165881295145, 'exit_reason': 'sl', 'signal_time': Timestamp('2017-04-23 22:00:00+0000', tz='UTC')}"
2017-04-25 17:00:00+00:00,2017-04-26 20:00:00+00:00,-1,1264.395,1269.3191736093895,1269.1441736093896,1254.0782213510638,0.93,-476.54814567322603,-0.9452643842516154,"{'trail_atr_mult': 4.0, 'trail_atr_len': 14, 'tp_converts_to_trail': True, 'don_upper': 1292.24, 'don_lower': 1265.35, 'atr': 2.62294466223406, 'exit_reason': 'sl', 'signal_time': Timestamp('2017-04-25 16:00:00+0000', tz='UTC')}"
2017-05-01 16:00:00+00:00,2017-05-03 19:00:00+00:00,-1,1259.7250000000001,1250.7411721623448,1250.5661721623449,,1.03,884.1342672784987,1.7673419749896313,"{'trail_atr_mult': 4.0, 'trail_atr_len': 14, 'tp_converts_to_trail': True, 'don_upper': 1278.05, 'don_lower': 1260.0, 'atr': 2.335956959413799, 'exit_reason': 'sl', 'signal_time': Timestamp('2017-05-01 15:00:00+0000', tz='UTC')}"
2017-05-03 20:00:00+00:00,2017-05-04 14:00:00+00:00,-1,1239.335,1228.585,1228.2809538098563,,0.88,893.2000000000002,1.7715261517542644,"{'trail_atr_mult': 4.0, 'trail_atr_len': 14, 'tp_converts_to_trail': True, 'don_upper': 1271.15, 'don_lower': 1245.26, 'atr': 2.797261547535936, 'exit_reason': 'sl_gap', 'signal_time': Timestamp('2017-05-03 19:00:00+0000', tz='UTC')}"
2017-05-09 12:00:00+00:00,2017-05-09 19:00:00+00:00,-1,1223.505,1216.325,1214.9453835498637,,1.12,804.1600000000071,1.5806941414444264,"{'trail_atr_mult': 4.0, 'trail_atr_len': 14, 'tp_converts_to_trail': True, 'don_upper': 1256.98, 'don_lower': 1223.77, 'atr': 2.183654112534114, 'exit_reason': 'sl_gap', 'signal_time': Timestamp('2017-05-09 11:00:00+0000', tz='UTC')}"
2017-05-16 15:00:00+00:00,2017-05-17 11:00:00+00:00,1,1238.365,1245.545,1245.8906081020652,,1.28,970.2400000000082,1.8901309984334942,"{'trail_atr_mult': 4.0, 'trail_atr_len': 14, 'tp_converts_to_trail': True, 'don_upper': 1237.27, 'don_lower': 1214.23, 'atr': 1.9226520255163129, 'exit_reason': 'sl_gap', 'signal_time': Timestamp('2017-05-16 14:00:00+0000', tz='UTC')}"
2017-05-17 13:00:00+00:00,2017-05-17 21:00:00+00:00,1,1251.705,1258.675,1261.0046070750773,,1.05,731.8500000000029,1.4188862611475155,"{'trail_atr_mult': 4.0, 'trail_atr_len': 14, 'tp_converts_to_trail': True, 'don_upper': 1248.77, 'don_lower': 1216.92, 'atr': 2.368651768769341, 'exit_reason': 'sl_gap', 'signal_time': Timestamp('2017-05-17 12:00:00+0000', tz='UTC')}"
2017-05-17 23:00:00+00:00,2017-05-18 08:00:00+00:00,1,1261.475,1254.9976535536748,1255.1726535536748,1273.7346928926502,0.83,-438.0197550449833,-0.8373621620566867,"{'trail_atr_mult': 4.0, 'trail_atr_len': 14, 'tp_converts_to_trail': True, 'don_upper': 1261.12, 'don_lower': 1216.92, 'atr': 3.0936732231625625, 'exit_reason': 'sl', 'signal_time': Timestamp('2017-05-17 22:00:00+0000', tz='UTC')}"
2017-05-18 11:00:00+00:00,2017-05-18 13:00:00+00:00,1,1264.065,1257.1679442335922,1257.342944233592,1276.8641115328157,0.77,-531.0732940134085,-1.026033702498346,"{'trail_atr_mult': 4.0, 'trail_atr_len': 14, 'tp_converts_to_trail': True, 'don_upper': 1263.07, 'don_lower': 1219.65, 'atr': 3.2535278832039407, 'exit_reason': 'sl', 'signal_time': Timestamp('2017-05-18 10:00:00+0000', tz='UTC')}"
2017-05-26 10:00:00+00:00,2017-05-30 08:00:00+00:00,1,1265.875,1263.962281885352,1264.137281885352,1274.7656325014589,1.1,-34.39899261127857,-0.06642530166710281,"{'trail_atr_mult': 4.0, 'trail_atr_len': 14, 'tp_converts_to_trail': True, 'don_upper': 1264.38, 'don_lower': 1247.29, 'atr': 2.266408125364701, 'exit_reason': 'sl', 'signal_time': Timestamp('2017-05-26 09:00:00+0000', tz='UTC')}"
2017-05-31 18:00:00+00:00,2017-06-01 01:00:00+00:00,1,1271.835,1266.9249433942898,1267.0999433942898,1280.7201132114205,1.09,-404.3961700224144,-0.7835295149874363,"{'trail_atr_mult': 4.0, 'trail_atr_len': 14, 'tp_converts_to_trail': True, 'don_upper': 1270.41, 'don_lower': 1249.78, 'atr': 2.2700283028551347, 'exit_reason': 'sl', 'signal_time': Timestamp('2017-05-31 17:00:00+0000', tz='UTC')}"
2017-06-02 15:00:00+00:00,2017-06-06 09:00:00+00:00,1,1276.695,1288.137556195317,1288.312556195317,,0.85,1108.6172766019567,2.148238968059672,"{'trail_atr_mult': 4.0, 'trail_atr_len': 14, 'tp_converts_to_trail': True, 'don_upper': 1276.37, 'don_lower': 1257.7, 'atr': 2.9481390488292494, 'exit_reason': 'sl', 'signal_time': Timestamp('2017-06-02 14:00:00+0000', tz='UTC')}"
2017-06-06 11:00:00+00:00,2017-06-07 11:00:00+00:00,1,1292.2949999999998,1288.7157582789253,1288.8907582789252,1299.6808948338996,1.32,-419.6599071818466,-0.8068225215744416,"{'trail_atr_mult': 4.0, 'trail_atr_len': 14, 'tp_converts_to_trail': True, 'don_upper': 1289.82, 'don_lower': 1258.93, 'atr': 1.8877237084748542, 'exit_reason': 'sl', 'signal_time': Timestamp('2017-06-06 10:00:00+0000', tz='UTC')}"
2017-06-13 09:00:00+00:00,2017-06-13 18:00:00+00:00,-1,1261.9750000000001,1266.0926213301975,1265.9176213301976,1254.554757339605,1.31,-539.4083942558568,-1.0443867126319208,"{'trail_atr_mult': 4.0, 'trail_atr_len': 14, 'tp_converts_to_trail': True, 'don_upper': 1296.01, 'don_lower': 1262.64, 'atr': 1.8938106650987654, 'exit_reason': 'sl', 'signal_time': Timestamp('2017-06-13 08:00:00+0000', tz='UTC')}"
2017-06-15 12:00:00+00:00,2017-06-19 23:00:00+00:00,-1,1255.7250000000001,1244.0349999999999,1243.1460293143107,,0.78,849.420000000022,1.643281135631095,"{'trail_atr_mult': 4.0, 'trail_atr_len': 14, 'tp_converts_to_trail': True, 'don_upper': 1288.85, 'don_lower': 1256.8, 'atr': 3.2009926714223678, 'exit_reason': 'sl_gap', 'signal_time': Timestamp('2017-06-15 11:00:00+0000', tz='UTC')}"
2017-06-20 14:00:00+00:00,2017-06-21 02:00:00+00:00,-1,1242.185,1246.133846514812,1245.958846514812,1235.042306970376,1.38,-572.5408190440527,-1.0993681111640636,"{'trail_atr_mult': 4.0, 'trail_atr_len': 14, 'tp_converts_to_trail': True, 'don_upper': 1280.85, 'don_lower': 1242.8, 'atr': 1.8194232574059865, 'exit_reason': 'sl', 'signal_time': Timestamp('2017-06-20 13:00:00+0000', tz='UTC')}"
2017-07-03 08:00:00+00:00,2017-07-03 15:00:00+00:00,-1,1235.175,1228.325,1227.8567953532786,,1.27,869.9499999999884,1.746734991254698,"{'trail_atr_mult': 4.0, 'trail_atr_len': 14, 'tp_converts_to_trail': True, 'don_upper': 1255.99, 'don_lower': 1235.56, 'atr': 1.8733011616803514, 'exit_reason': 'sl_gap', 'signal_time': Timestamp('2017-07-03 07:00:00+0000', tz='UTC')}"
2017-07-03 15:00:00+00:00,2017-07-05 00:00:00+00:00,-1,1222.445,1226.0021823798206,1225.8271823798207,1212.5990709736623,0.97,-383.84669084260673,-0.7631297774328842,"{'trail_atr_mult': 4.0, 'trail_atr_len': 14, 'tp_converts_to_trail': True, 'don_upper': 1254.76, 'don_lower': 1224.61, 'atr': 2.5052322565844163, 'exit_reason': 'sl', 'signal_time': Timestamp('2017-07-03 14:00:00+0000', tz='UTC')}"
2017-07-07 14:00:00+00:00,2017-07-10 12:00:00+00:00,-1,1214.9550000000002,1214.256873477503,1214.081873477503,1203.2952959421239,0.82,8.046374844770803,0.0161462627193505,"{'trail_atr_mult': 4.0, 'trail_atr_len': 14, 'tp_converts_to_trail': True, 'don_upper': 1247.3, 'don_lower': 1217.38, 'atr': 2.956176014468981, 'exit_reason': 'sl', 'signal_time': Timestamp('2017-07-07 13:00:00+0000', tz='UTC')}"
2017-07-14 13:00:00+00:00,2017-07-14 16:00:00+00:00,1,1231.885,1226.6882648904568,1226.8632648904568,1241.3434702190866,1.0,-519.673510954317,-1.034848512751576,"{'trail_atr_mult': 4.0, 'trail_atr_len': 14, 'tp_converts_to_trail': True, 'don_upper': 1228.33, 'don_lower': 1204.81, 'atr': 2.4133675547716145, 'exit_reason': 'sl', 'signal_time': Timestamp('2017-07-14 12:00:00+0000', tz='UTC')}"
2017-07-17 12:00:00+00:00,2017-07-18 14:00:00+00:00,1,1234.5349999999999,1241.2050000000002,1242.0470031365114,,1.24,876.6800000000372,1.7659540977976447,"{'trail_atr_mult': 4.0, 'trail_atr_len': 14, 'tp_converts_to_trail': True, 'don_upper': 1232.77, 'don_lower': 1204.81, 'atr': 1.919250784127878, 'exit_reason': 'sl_gap', 'signal_time': Timestamp('2017-07-17 11:00:00+0000', tz='UTC')}"
2017-07-20 15:00:00+00:00,2017-07-24 02:00:00+00:00,1,1245.975,1255.505,1256.3196281739645,,0.92,1023.9600000000185,2.0366658083599103,"{'trail_atr_mult': 4.0, 'trail_atr_len': 14, 'tp_converts_to_trail': True, 'don_upper': 1244.51, 'don_lower': 1214.73, 'atr': 2.6349070434911375, 'exit_reason': 'sl_gap', 'signal_time': Timestamp('2017-07-20 14:00:00+0000', tz='UTC')}"
2017-07-24 13:00:00+00:00,2017-07-24 17:00:00+00:00,1,1258.225,1253.7517076421516,1253.9267076421515,1266.296584715697,1.18,-527.848498226102,-1.0407138429475178,"{'trail_atr_mult': 4.0, 'trail_atr_len': 14, 'tp_converts_to_trail': True, 'don_upper': 1257.81, 'don_lower': 1229.43, 'atr': 2.0616461789242626, 'exit_reason': 'sl', 'signal_time': Timestamp('2017-07-24 12:00:00+0000', tz='UTC')}"
2017-07-26 20:00:00+00:00,2017-07-27 17:00:00+00:00,1,1261.195,1255.590516295268,1255.7655162952678,1272.005714343438,0.89,-391.9990497211522,-0.7770985702867154,"{'trail_atr_mult': 4.0, 'trail_atr_len': 14, 'tp_converts_to_trail': True, 'don_upper': 1258.74, 'don_lower': 1235.23, 'atr': 2.746428585859492, 'exit_reason': 'sl', 'signal_time': Timestamp('2017-07-26 19:00:00+0000', tz='UTC')}"
2017-07-28 16:00:00+00:00,2017-08-01 13:00:00+00:00,1,1269.135,1264.2375083497768,1264.4125083497768,1279.697702772708,0.91,-300.0717401703088,-0.5980378177010754,"{'trail_atr_mult': 4.0, 'trail_atr_len': 14, 'tp_converts_to_trail': True, 'don_upper': 1267.87, 'don_lower': 1243.69, 'atr': 2.6794256931769667, 'exit_reason': 'sl', 'signal_time': Timestamp('2017-07-28 15:00:00+0000', tz='UTC')}"
2017-08-01 15:00:00+00:00,2017-08-02 00:00:00+00:00,1,1273.0349999999999,1267.7507292206,1267.9257292206,1282.7285415587996,0.98,-478.65853638117807,-0.9559624044771267,"{'trail_atr_mult': 4.0, 'trail_atr_len': 14, 'tp_converts_to_trail': True, 'don_upper': 1272.07, 'don_lower': 1243.69, 'atr': 2.467135389699956, 'exit_reason': 'sl', 'signal_time': Timestamp('2017-08-01 14:00:00+0000', tz='UTC')}"
2017-08-08 15:00:00+00:00,2017-08-08 18:00:00+00:00,-1,1253.295,1258.2543983867831,1258.0793983867832,1244.251203226434,1.04,-515.7774322254372,-1.0365772215966362,"{'trail_atr_mult': 4.0, 'trail_atr_len': 14, 'tp_converts_to_trail': True, 'don_upper': 1274.04, 'don_lower': 1254.12, 'atr': 2.304699193391542, 'exit_reason': 'sl', 'signal_time': Timestamp('2017-08-08 14:00:00+0000', tz='UTC')}"
2017-08-09 13:00:00+00:00,2017-08-10 15:00:00+00:00,1,1274.995,1285.0519969785942,1285.2269969785941,,0.92,1035.643722030673,2.092962748059734,"{'trail_atr_mult': 4.0, 'trail_atr_len': 14, 'tp_converts_to_trail': True, 'don_upper': 1272.75, 'don_lower': 1251.44, 'atr': 2.601749244648532, 'exit_reason': 'sl', 'signal_time': Timestamp('2017-08-09 12:00:00+0000', tz='UTC')}"
2017-08-10 15:00:00+00:00,2017-08-11 14:00:00+00:00,1,1286.825,1281.993853389666,1282.1688533896659,1296.1789120322817,1.01,-447.5458076437486,-0.8970920271087558,"{'trail_atr_mult': 4.0, 'trail_atr_len': 14, 'tp_converts_to_trail': True, 'don_upper': 1286.0, 'don_lower': 1251.44, 'atr': 2.3822280080703777, 'exit_reason': 'sl', 'signal_time': Timestamp('2017-08-10 14:00:00+0000', tz='UTC')}"
2017-08-18 08:00:00+00:00,2017-08-18 16:00:00+00:00,1,1293.085,1290.025745492456,1290.200745492456,1302.8888783931955,0.97,-296.74768723176635,-0.5923691597646141,"{'trail_atr_mult': 4.0, 'trail_atr_len': 14, 'tp_converts_to_trail': True, 'don_upper': 1291.93, 'don_lower': 1267.23, 'atr': 2.4947195982988175, 'exit_reason': 'sl', 'signal_time': Timestamp('2017-08-18 07:00:00+0000', tz='UTC')}"
2017-08-28 06:00:00+00:00,2017-08-29 17:00:00+00:00,1,1295.145,1313.253158659003,1313.428158659003,,1.03,1906.340341877313,3.821366068100059,"{'trail_atr_mult': 4.0, 'trail_atr_len': 14, 'tp_converts_to_trail': True, 'don_upper': 1294.76, 'don_lower': 1276.37, 'atr': 2.344167844583832, 'exit_reason': 'sl', 'signal_time': Timestamp('2017-08-28 05:00:00+0000', tz='UTC')}"
2017-09-03 23:00:00+00:00,2017-09-05 09:00:00+00:00,1,1335.125,1330.2067557853882,1330.3817557853881,1349.9468046917068,0.65,-267.6858739497691,-0.5335617437492561,"{'trail_atr_mult': 4.0, 'trail_atr_len': 14, 'tp_converts_to_trail': True, 'don_upper': 1328.76, 'don_lower': 1289.87, 'atr': 3.756701172926671, 'exit_reason': 'sl', 'signal_time': Timestamp('2017-09-03 22:00:00+0000', tz='UTC')}"
2017-09-05 19:00:00+00:00,2017-09-06 08:00:00+00:00,1,1343.705,1336.7533678109803,1336.9283678109803,1356.7932643780393,0.74,-484.8207819874518,-0.9667976667872548,"{'trail_atr_mult': 4.0, 'trail_atr_len': 14, 'tp_converts_to_trail': True, 'don_upper': 1339.72, 'don_lower': 1298.78, 'atr': 3.310816094509832, 'exit_reason': 'sl', 'signal_time': Timestamp('2017-09-05 18:00:00+0000', tz='UTC')}"
2017-09-08 03:00:00+00:00,2017-09-08 14:00:00+00:00,1,1352.235,1345.718079887543,1345.8930798875429,1364.3638402249142,0.79,-514.8366888841031,-1.027594166576809,"{'trail_atr_mult': 4.0, 'trail_atr_len': 14, 'tp_converts_to_trail': True, 'don_upper': 1350.53, 'don_lower': 1315.68, 'atr': 3.0784600562285296, 'exit_reason': 'sl', 'signal_time': Timestamp('2017-09-08 02:00:00+0000', tz='UTC')}"
2017-09-12 01:00:00+00:00,2017-09-12 19:00:00+00:00,-1,1324.815,1330.3882913850707,1330.2132913850708,1314.5134172298585,0.93,-518.3160988115715,-1.032417664686261,"{'trail_atr_mult': 4.0, 'trail_atr_len': 14, 'tp_converts_to_trail': True, 'don_upper': 1357.42, 'don_lower': 1326.22, 'atr': 2.6166456925353985, 'exit_reason': 'sl', 'signal_time': Timestamp('2017-09-12 00:00:00+0000', tz='UTC')}"
2017-09-14 01:00:00+00:00,2017-09-14 11:00:00+00:00,-1,1319.845,1324.9966341707304,1324.8216341707305,1310.326731658539,1.0,-515.1634170730404,-1.0351643287403358,"{'trail_atr_mult': 4.0, 'trail_atr_len': 14, 'tp_converts_to_trail': True, 'don_upper': 1357.42, 'don_lower': 1320.77, 'atr': 2.415817085365215, 'exit_reason': 'sl', 'signal_time': Timestamp('2017-09-14 00:00:00+0000', tz='UTC')}"
2017-09-18 08:00:00+00:00,2017-09-20 03:00:00+00:00,-1,1313.785,1312.9645621365692,1312.7895621365692,1304.4204307970294,1.0,42.043786343092506,0.08528524011054034,"{'trail_atr_mult': 4.0, 'trail_atr_len': 14, 'tp_converts_to_trail': True, 'don_upper': 1338.96, 'don_lower': 1314.33, 'atr': 2.382392300742662, 'exit_reason': 'sl', 'signal_time': Timestamp('2017-09-18 07:00:00+0000', tz='UTC')}"
2017-09-20 19:00:00+00:00,2017-09-22 05:00:00+00:00,-1,1300.765,1298.6539741026154,1298.4789741026154,1286.8995885183242,0.69,90.46078691954477,0.18220825708203578,"{'trail_atr_mult': 4.0, 'trail_atr_len': 14, 'tp_converts_to_trail': True, 'don_upper': 1334.24, 'don_lower': 1304.56, 'atr': 3.5101028704189607, 'exit_reason': 'sl', 'signal_time': Timestamp('2017-09-20 18:00:00+0000', tz='UTC')}"
2017-09-27 13:00:00+00:00,2017-09-28 19:00:00+00:00,-1,1284.105,1288.7850775531606,1288.6100775531606,1271.4459168924186,0.75,-396.0058164870429,-0.802804347513575,"{'trail_atr_mult': 4.0, 'trail_atr_len': 14, 'tp_converts_to_trail': True, 'don_upper': 1315.94, 'don_lower': 1286.23, 'atr': 3.2060207768953255, 'exit_reason': 'sl', 'signal_time': Timestamp('2017-09-27 12:00:00+0000', tz='UTC')}"
2017-10-02 01:00:00+00:00,2017-10-04 01:00:00+00:00,-1,1275.125,1275.2542753211012,1275.0792753211012,1263.93078381818,0.85,-44.98840229360235,-0.09079089243177446,"{'trail_atr_mult': 4.0, 'trail_atr_len': 14, 'tp_converts_to_trail': True, 'don_upper': 1313.56, 'don_lower': 1275.92, 'atr': 2.8373040454549634, 'exit_reason': 'sl', 'signal_time': Timestamp('2017-10-02 00:00:00+0000', tz='UTC')}"
2017-10-06 13:00:00+00:00,2017-10-06 15:00:00+00:00,-1,1264.405,1269.0192187042826,1268.8442187042826,1256.1115625914347,1.11,-512.1782761753709,-1.0394213512911914,"{'trail_atr_mult': 4.0, 'trail_atr_len': 14, 'tp_converts_to_trail': True, 'don_upper': 1290.25, 'don_lower': 1266.09, 'atr': 2.1221093521413086, 'exit_reason': 'sl', 'signal_time': Timestamp('2017-10-06 12:00:00+0000', tz='UTC')}"
2017-10-09 03:00:00+00:00,2017-10-11 16:00:00+00:00,1,1283.685,1286.6581146344704,1286.8331146344703,1295.0805519327987,0.84,316.94162929551766,0.6477143153790512,"{'trail_atr_mult': 4.0, 'trail_atr_len': 14, 'tp_converts_to_trail': True, 'don_upper': 1282.12, 'don_lower': 1260.54, 'atr': 2.8701379831996716, 'exit_reason': 'sl', 'signal_time': Timestamp('2017-10-09 02:00:00+0000', tz='UTC')}"
2017-10-12 04:00:00+00:00,2017-10-12 15:00:00+00:00,1,1295.0449999999998,1290.3637711724143,1290.5387711724143,1303.5324576551711,1.09,-510.25394220682256,-1.0388351339214434,"{'trail_atr_mult': 4.0, 'trail_atr_len': 14, 'tp_converts_to_trail': True, 'don_upper': 1294.13, 'don_lower': 1260.54, 'atr': 2.1656144137928037, 'exit_reason': 'sl', 'signal_time': Timestamp('2017-10-12 03:00:00+0000', tz='UTC')}"
2017-10-13 13:00:00+00:00,2017-10-16 19:00:00+00:00,1,1300.455,1298.1985791857721,1298.373579185772,1310.4324631323768,0.93,-98.24713572318494,-0.2011758195981825,"{'trail_atr_mult': 4.0, 'trail_atr_len': 14, 'tp_converts_to_trail': True, 'don_upper': 1298.28, 'don_lower': 1260.54, 'atr': 2.5381157830942076, 'exit_reason': 'sl', 'signal_time': Timestamp('2017-10-13 12:00:00+0000', tz='UTC')}"
2017-10-17 13:00:00+00:00,2017-10-19 08:00:00+00:00,-1,1283.865,1284.2068854043591,1284.0318854043592,1274.3358235007504,0.97,-110.76288422283447,-0.22647072955221134,"{'trail_atr_mult': 4.0, 'trail_atr_len': 14, 'tp_converts_to_trail': True, 'don_upper': 1305.91, 'don_lower': 1284.49, 'atr': 2.4285441248123867, 'exit_reason': 'sl', 'signal_time': Timestamp('2017-10-17 12:00:00+0000', tz='UTC')}"
2017-10-23 00:00:00+00:00,2017-10-23 16:00:00+00:00,-1,1274.665,1280.5358997011904,1280.3608997011904,1263.888200597619,0.86,-504.8973743023753,-1.0307238556120255,"{'trail_atr_mult': 4.0, 'trail_atr_len': 14, 'tp_converts_to_trail': True, 'don_upper': 1305.91, 'don_lower': 1276.45, 'atr': 2.7454498505952345, 'exit_reason': 'sl', 'signal_time': Timestamp('2017-10-22 23:00:00+0000', tz='UTC')}"
2017-10-26 17:00:00+00:00,2017-10-27 15:00:00+00:00,-1,1270.065,1272.4592136592169,1272.284213659217,1259.3352533392665,0.86,-223.10237469264501,-0.46099903221593264,"{'trail_atr_mult': 4.0, 'trail_atr_len': 14, 'tp_converts_to_trail': True, 'don_upper': 1290.9, 'don_lower': 1270.88, 'atr': 2.726186665183376, 'exit_reason': 'sl', 'signal_time': Timestamp('2017-10-26 16:00:00+0000', tz='UTC')}"
2017-11-08 14:00:00+00:00,2017-11-09 01:00:00+00:00,1,1285.0449999999998,1280.0700760279392,1280.2450760279391,1294.0598479441217,1.01,-381.26732117812577,-0.7864549509604016,"{'trail_atr_mult': 4.0, 'trail_atr_len': 14, 'tp_converts_to_trail': True, 'don_upper': 1283.96, 'don_lower': 1265.37, 'atr': 2.302461986030422, 'exit_reason': 'sl', 'signal_time': Timestamp('2017-11-08 13:00:00+0000', tz='UTC')}"
2017-11-17 16:00:00+00:00,2017-11-20 13:00:00+00:00,1,1289.995,1289.4215868602998,1289.5965868602998,1298.4376452319168,1.08,67.67138091239448,0.1397439002314368,"{'trail_atr_mult': 4.0, 'trail_atr_len': 14, 'tp_converts_to_trail': True, 'don_upper': 1289.39, 'don_lower': 1269.8, 'atr': 2.1544113079792, 'exit_reason': 'sl', 'signal_time': Timestamp('2017-11-17 15:00:00+0000', tz='UTC')}"
2017-11-27 13:00:00+00:00,2017-11-27 14:00:00+00:00,1,1298.385,1294.0560086460218,1294.2310086460218,1306.1679827079563,1.17,-506.4919884154439,-1.0421281570151464,"{'trail_atr_mult': 4.0, 'trail_atr_len': 14, 'tp_converts_to_trail': True, 'don_upper': 1295.66, 'don_lower': 1274.46, 'atr': 1.9894956769890906, 'exit_reason': 'sl', 'signal_time': Timestamp('2017-11-27 12:00:00+0000', tz='UTC')}"
2017-11-30 08:00:00+00:00,2017-11-30 18:00:00+00:00,-1,1279.9750000000001,1272.4682623744854,1272.2932623744855,,1.16,870.7815645597037,1.8030441123815157,"{'trail_atr_mult': 4.0, 'trail_atr_len': 14, 'tp_converts_to_trail': True, 'don_upper': 1299.08, 'don_lower': 1281.5, 'atr': 1.9741844063786582, 'exit_reason': 'sl', 'signal_time': Timestamp('2017-11-30 07:00:00+0000', tz='UTC')}"
2017-12-05 14:00:00+00:00,2017-12-06 07:00:00+00:00,-1,1266.625,1268.9349198822001,1268.7599198822002,1258.1597517488917,1.08,-271.071347277613,-0.5583649777170079,"{'trail_atr_mult': 4.0, 'trail_atr_len': 14, 'tp_converts_to_trail': True, 'don_upper': 1297.28, 'don_lower': 1270.22, 'atr': 2.160062062777039, 'exit_reason': 'sl', 'signal_time': Timestamp('2017-12-05 13:00:00+0000', tz='UTC')}"
2017-12-07 05:00:00+00:00,2017-12-07 15:00:00+00:00,-1,1260.285,1254.2849999999999,1253.2054427310034,,1.28,768.0000000000291,1.5780011347832483,"{'trail_atr_mult': 4.0, 'trail_atr_len': 14, 'tp_converts_to_trail': True, 'don_upper': 1289.07, 'don_lower': 1260.86, 'atr': 1.8136393172491527, 'exit_reason': 'sl_gap', 'signal_time': Timestamp('2017-12-07 04:00:00+0000', tz='UTC')}"
2017-12-07 17:00:00+00:00,2017-12-08 14:00:00+00:00,-1,1251.595,1251.1023762278446,1250.9273762278447,1243.2064451437882,1.1,32.18861493709528,0.06587988184725174,"{'trail_atr_mult': 4.0, 'trail_atr_len': 14, 'tp_converts_to_trail': True, 'don_upper': 1289.07, 'don_lower': 1251.77, 'atr': 2.1383887140529585, 'exit_reason': 'sl', 'signal_time': Timestamp('2017-12-07 16:00:00+0000', tz='UTC')}"
2017-12-11 19:00:00+00:00,2017-12-12 06:00:00+00:00,-1,1241.2050000000002,1245.569433277821,1245.394433277821,1233.3511334443585,1.17,-534.0386935050345,-1.089510913560846,"{'trail_atr_mult': 4.0, 'trail_atr_len': 14, 'tp_converts_to_trail': True, 'don_upper': 1277.02, 'don_lower': 1243.6, 'atr': 2.007216638910406, 'exit_reason': 'sl', 'signal_time': Timestamp('2017-12-11 18:00:00+0000', tz='UTC')}"
2017-12-12 14:00:00+00:00,2017-12-12 20:00:00+00:00,-1,1240.305,1244.0158944377051,1243.8408944377052,1233.7582111245897,1.38,-512.1034324032988,-1.0494924277528868,"{'trail_atr_mult': 4.0, 'trail_atr_len': 14, 'tp_converts_to_trail': True, 'don_upper': 1276.68, 'don_lower': 1240.58, 'atr': 1.680447218852581, 'exit_reason': 'sl', 'signal_time': Timestamp('2017-12-12 13:00:00+0000', tz='UTC')}"
2017-12-15 13:00:00+00:00,2017-12-15 14:00:00+00:00,1,1259.7749999999999,1255.499206400322,1255.674206400322,1267.4515871993556,1.18,-504.5436447619868,-1.042674666682493,"{'trail_atr_mult': 4.0, 'trail_atr_len': 14, 'tp_converts_to_trail': True, 'don_upper': 1258.95, 'don_lower': 1236.37, 'atr': 1.9628967998389177, 'exit_reason': 'sl', 'signal_time': Timestamp('2017-12-15 12:00:00+0000', tz='UTC')}"
2017-12-18 15:00:00+00:00,2017-12-19 16:00:00+00:00,1,1263.685,1259.4469677297009,1259.6219677297008,1271.2560645405986,1.18,-452.88780789529056,-0.944622640178174,"{'trail_atr_mult': 4.0, 'trail_atr_len': 14, 'tp_converts_to_trail': True, 'don_upper': 1262.2, 'don_lower': 1236.37, 'atr': 1.9390161351496422, 'exit_reason': 'sl', 'signal_time': Timestamp('2017-12-18 14:00:00+0000', tz='UTC')}"
2017-12-20 17:00:00+00:00,2017-12-21 13:00:00+00:00,1,1266.745,1262.8546049652198,1263.0296049652197,1273.4707900695607,1.29,-347.0609594866346,-0.7241208564890342,"{'trail_atr_mult': 4.0, 'trail_atr_len': 14, 'tp_converts_to_trail': True, 'don_upper': 1266.28, 'don_lower': 1240.12, 'atr': 1.7401975173901785, 'exit_reason': 'sl', 'signal_time': Timestamp('2017-12-20 16:00:00+0000', tz='UTC')}"
2017-12-22 14:00:00+00:00,2017-12-22 18:00:00+00:00,1,1270.7949999999998,1275.075,1275.9226094380604,,1.69,723.3200000000338,1.5143448514882707,"{'trail_atr_mult': 4.0, 'trail_atr_len': 14, 'tp_converts_to_trail': True, 'don_upper': 1269.09, 'don_lower': 1252.62, 'atr': 1.3256523595151, 'exit_reason': 'sl_gap', 'signal_time': Timestamp('2017-12-22 13:00:00+0000', tz='UTC')}"
2017-12-26 07:00:00+00:00,2017-12-27 09:00:00+00:00,1,1278.555,1284.839415313315,1285.0144153133149,,1.38,922.4493132374516,1.9223514881307389,"{'trail_atr_mult': 4.0, 'trail_atr_len': 14, 'tp_converts_to_trail': True, 'don_upper': 1276.02, 'don_lower': 1252.62, 'atr': 1.6561038283286844, 'exit_reason': 'sl', 'signal_time': Timestamp('2017-12-26 06:00:00+0000', tz='UTC')}"
2017-12-27 09:00:00+00:00,2017-12-27 12:00:00+00:00,1,1285.925,1283.0264093345609,1283.2014093345608,1290.937181330878,1.78,-515.9491384481576,-1.0642534145165823,"{'trail_atr_mult': 4.0, 'trail_atr_len': 14, 'tp_converts_to_trail': True, 'don_upper': 1285.56, 'don_lower': 1259.11, 'atr': 1.289295332719536, 'exit_reason': 'sl', 'signal_time': Timestamp('2017-12-27 08:00:00+0000', tz='UTC')}"
2017-12-27 15:00:00+00:00,2017-12-28 09:00:00+00:00,1,1286.405,1292.4750000000001,1292.8914414993117,,1.38,1003.2600000000226,2.082664447082177,"{'trail_atr_mult': 4.0, 'trail_atr_len': 14, 'tp_converts_to_trail': True, 'don_upper': 1286.18, 'don_lower': 1259.11, 'atr': 1.662860374827887, 'exit_reason': 'sl_gap', 'signal_time': Timestamp('2017-12-27 14:00:00+0000', tz='UTC')}"
2017-12-29 01:00:00+00:00,2018-01-02 07:00:00+00:00,1,1295.715,1309.105,1301.2570542423048,,1.64,2458.360000000016,5.036572988742206,"{'trail_atr_mult': 4.0, 'trail_atr_len': 14, 'tp_converts_to_trail': True, 'don_upper': 1295.07, 'don_lower': 1261.95, 'atr': 1.4006150371002584, 'exit_reason': 'end_of_data', 'signal_time': Timestamp('2017-12-29 00:00:00+0000', tz='UTC')}"
2018-01-02 07:00:00+00:00,2018-01-03 00:00:00+00:00,1,1309.455,1320.005,1320.4213201166326,,0.87,952.6500000000158,1.9057862610843734,"{'trail_atr_mult': 4.0, 'trail_atr_len': 14, 'tp_converts_to_trail': True, 'don_upper': 1307.41, 'don_lower': 1262.64, 'atr': 2.228264023326526, 'exit_reason': 'sl_gap', 'signal_time': Timestamp('2018-01-02 06:00:00+0000', tz='UTC')}"
2018-01-04 19:00:00+00:00,2018-01-05 08:00:00+00:00,1,1324.415,1316.3995002546567,1316.5745002546566,1339.5109994906868,0.64,-487.3919837019697,-0.9713028496514295,"{'trail_atr_mult': 4.0, 'trail_atr_len': 14, 'tp_converts_to_trail': True, 'don_upper': 1321.24, 'don_lower': 1281.91, 'atr': 3.0581998981373757, 'exit_reason': 'sl', 'signal_time': Timestamp('2018-01-04 18:00:00+0000', tz='UTC')}"
2018-01-12 04:00:00+00:00,2018-01-12 13:00:00+00:00,1,1329.625,1323.7474020523111,1323.922402052311,1340.3518733633266,0.86,-505.47342350124154,-1.0097340461036017,"{'trail_atr_mult': 4.0, 'trail_atr_len': 14, 'tp_converts_to_trail': True, 'don_upper': 1327.6, 'don_lower': 1307.96, 'atr': 2.20637467266535, 'exit_reason': 'sl', 'signal_time': Timestamp('2018-01-12 03:00:00+0000', tz='UTC')}"
2018-01-12 18:00:00+00:00,2018-01-16 08:00:00+00:00,1,1337.735,1336.0829612799455,1336.2579612799454,1353.2682219270785,0.62,-3.2264006433731964,-0.006469169842419818,"{'trail_atr_mult': 4.0, 'trail_atr_len': 14, 'tp_converts_to_trail': True, 'don_upper': 1332.99, 'don_lower': 1307.96, 'atr': 3.143644385415715, 'exit_reason': 'sl', 'signal_time': Timestamp('2018-01-12 17:00:00+0000', tz='UTC')}"
2018-01-24 08:00:00+00:00,2018-01-24 19:00:00+00:00,1,1347.0349999999999,1357.3688070890985,1357.5438070890984,,0.9,930.0426380188766,1.8782239647470005,"{'trail_atr_mult': 4.0, 'trail_atr_len': 14, 'tp_converts_to_trail': True, 'don_upper': 1343.76, 'don_lower': 1324.14, 'atr': 2.1347614178197047, 'exit_reason': 'sl', 'signal_time': Timestamp('2018-01-24 07:00:00+0000', tz='UTC')}"
2018-01-25 03:00:00+00:00,2018-01-25 08:00:00+00:00,1,1363.2849999999999,1356.2062889580834,1356.3812889580834,1376.6574220838336,0.73,-516.7459060599008,-1.0253486855022504,"{'trail_atr_mult': 4.0, 'trail_atr_len': 14, 'tp_converts_to_trail': True, 'don_upper': 1362.02, 'don_lower': 1324.14, 'atr': 2.703484416766695, 'exit_reason': 'sl', 'signal_time': Timestamp('2018-01-25 02:00:00+0000', tz='UTC')}"
2018-02-02 14:00:00+00:00,2018-02-05 20:00:00+00:00,-1,1331.565,1338.6026906618304,1338.4276906618304,1315.7832807480881,0.6,-458.26143970981866,-0.9265264416927131,"{'trail_atr_mult': 4.0, 'trail_atr_len': 14, 'tp_converts_to_trail': True, 'don_upper': 1355.61, 'don_lower': 1332.75, 'atr': 3.2033438503823666, 'exit_reason': 'sl', 'signal_time': Timestamp('2018-02-02 13:00:00+0000', tz='UTC')}"
2018-02-06 20:00:00+00:00,2018-02-07 07:00:00+00:00,-1,1321.615,1331.7086928412982,1331.5336928412983,1302.2726143174034,0.5,-514.6846420649103,-1.0378074012372451,"{'trail_atr_mult': 4.0, 'trail_atr_len': 14, 'tp_converts_to_trail': True, 'don_upper': 1350.97, 'don_lower': 1325.88, 'atr': 3.9014771365193033, 'exit_reason': 'sl', 'signal_time': Timestamp('2018-02-06 19:00:00+0000', tz='UTC')}"
2018-02-07 16:00:00+00:00,2018-02-08 17:00:00+00:00,-1,1318.345,1320.2971258517807,1320.1221258517808,1301.2292851458883,0.56,-142.91904769971882,-0.29232776242030006,"{'trail_atr_mult': 4.0, 'trail_atr_len': 14, 'tp_converts_to_trail': True, 'don_upper': 1350.97, 'don_lower': 1319.69, 'atr': 3.44614297082237, 'exit_reason': 'sl', 'signal_time': Timestamp('2018-02-07 15:00:00+0000', tz='UTC')}"
2018-02-14 02:00:00+00:00,2018-02-14 13:00:00+00:00,1,1335.345,1328.5976475561606,1328.7726475561606,1347.8147048876785,0.75,-506.05143328795634,-1.0266266913552375,"{'trail_atr_mult': 4.0, 'trail_atr_len': 14, 'tp_converts_to_trail': True, 'don_upper': 1333.83, 'don_lower': 1307.04, 'atr': 2.5389409775357534, 'exit_reason': 'sl', 'signal_time': Timestamp('2018-02-14 01:00:00+0000', tz='UTC')}"
2018-02-14 15:00:00+00:00,2018-02-16 14:00:00+00:00,1,1348.5149999999999,1351.7323554237953,1351.9073554237953,1370.462081476702,0.43,207.14628322320328,0.427031116678661,"{'trail_atr_mult': 4.0, 'trail_atr_len': 14, 'tp_converts_to_trail': True, 'don_upper': 1336.94, 'don_lower': 1307.04, 'atr': 4.430416295340404, 'exit_reason': 'sl', 'signal_time': Timestamp('2018-02-14 14:00:00+0000', tz='UTC')}"
2018-02-22 06:00:00+00:00,2018-02-22 15:00:00+00:00,-1,1321.4950000000001,1329.0159364029025,1328.8409364029026,1307.2981271941953,0.67,-503.90273899446134,-1.0238226946711397,"{'trail_atr_mult': 4.0, 'trail_atr_len': 14, 'tp_converts_to_trail': True, 'don_upper': 1361.69, 'don_lower': 1322.14, 'atr': 2.8723745611609557, 'exit_reason': 'sl', 'signal_time': Timestamp('2018-02-22 05:00:00+0000', tz='UTC')}"
2018-02-27 15:00:00+00:00,2018-02-28 14:00:00+00:00,-1,1317.855,1322.270332657458,1322.0953326574581,1302.4561877899398,0.61,-281.535292104942,-0.579676850816197,"{'trail_atr_mult': 4.0, 'trail_atr_len': 14, 'tp_converts_to_trail': True, 'don_upper': 1343.22, 'don_lower': 1320.93, 'atr': 3.1147624420120286, 'exit_reason': 'sl', 'signal_time': Timestamp('2018-02-27 14:00:00+0000', tz='UTC')}"
2018-03-01 08:00:00+00:00,2018-03-01 19:00:00+00:00,-1,1311.425,1314.5659957170838,1314.3909957170838,1301.0907457870173,0.9,-282.68961453754173,-0.5768982256542455,"{'trail_atr_mult': 4.0, 'trail_atr_len': 14, 'tp_converts_to_trail': True, 'don_upper': 1341.0, 'don_lower': 1312.49, 'atr': 2.103850842596531, 'exit_reason': 'sl', 'signal_time': Timestamp('2018-03-01 07:00:00+0000', tz='UTC')}"
2018-03-06 15:00:00+00:00,2018-03-07 12:00:00+00:00,1,1336.245,1330.2843207962121,1330.459320796212,1348.3636172597942,0.77,-428.17229869165885,-0.8796025835850567,"{'trail_atr_mult': 4.0, 'trail_atr_len': 14, 'tp_converts_to_trail': True, 'don_upper': 1334.11, 'don_lower': 1302.76, 'atr': 2.458723451958829, 'exit_reason': 'sl', 'signal_time': Timestamp('2018-03-06 14:00:00+0000', tz='UTC')}"
2018-03-16 14:00:00+00:00,2018-03-19 15:00:00+00:00,-1,1309.795,1315.4126225868865,1315.2376225868866,1298.584129958571,0.83,-516.0626747115757,-1.0705392819841828,"{'trail_atr_mult': 4.0, 'trail_atr_len': 14, 'tp_converts_to_trail': True, 'don_upper': 1330.01, 'don_lower': 1312.07, 'atr': 2.2691740082857845, 'exit_reason': 'sl', 'signal_time': Timestamp('2018-03-16 13:00:00+0000', tz='UTC')}"
2018-03-21 18:00:00+00:00,2018-03-22 17:00:00+00:00,1,1330.685,1324.9034851757247,1325.0784851757246,1347.5496947411225,0.55,-251.98331533514107,-0.5260155120238458,"{'trail_atr_mult': 4.0, 'trail_atr_len': 14, 'tp_converts_to_trail': True, 'don_upper': 1328.5, 'don_lower': 1307.17, 'atr': 3.4099389482245153, 'exit_reason': 'sl', 'signal_time': Timestamp('2018-03-21 17:00:00+0000', tz='UTC')}"
2018-03-23 00:00:00+00:00,2018-03-26 16:00:00+00:00,1,1338.805,1353.645,1355.4509162954503,,0.56,898.2399999999956,1.8682753702841086,"{'trail_atr_mult': 4.0, 'trail_atr_len': 14, 'tp_converts_to_trail': True, 'don_upper': 1336.6, 'don_lower': 1307.17, 'atr': 3.364183259090035, 'exit_reason': 'sl_gap', 'signal_time': Timestamp('2018-03-22 23:00:00+0000', tz='UTC')}"
2018-03-29 07:00:00+00:00,2018-04-02 02:00:00+00:00,-1,1322.865,1329.4392045238294,1329.2642045238294,1310.771590952341,0.76,-560.4395438110339,-1.1523626876386333,"{'trail_atr_mult': 4.0, 'trail_atr_len': 14, 'tp_converts_to_trail': True, 'don_upper': 1356.84, 'don_lower': 1323.44, 'atr': 2.4656818095317887, 'exit_reason': 'sl', 'signal_time': Timestamp('2018-03-29 06:00:00+0000', tz='UTC')}"
2018-04-11 12:00:00+00:00,2018-04-11 17:00:00+00:00,1,1348.875,1360.7521941741247,1360.9271941741247,,0.78,926.4211455817285,1.925428749275129,"{'trail_atr_mult': 4.0, 'trail_atr_len': 14, 'tp_converts_to_trail': True, 'don_upper': 1348.22, 'don_lower': 1319.5, 'atr': 2.4294388348249627, 'exit_reason': 'sl', 'signal_time': Timestamp('2018-04-11 11:00:00+0000', tz='UTC')}"
2018-04-22 23:00:00+00:00,2018-04-24 15:00:00+00:00,-1,1332.815,1330.4019701787863,1330.2269701787864,1320.6888000765705,0.77,155.003296233458,0.31823539796975353,"{'trail_atr_mult': 4.0, 'trail_atr_len': 14, 'tp_converts_to_trail': True, 'don_upper': 1355.67, 'don_lower': 1334.94, 'atr': 2.4602399846859155, 'exit_reason': 'sl', 'signal_time': Timestamp('2018-04-22 22:00:00+0000', tz='UTC')}"
2018-04-25 12:00:00+00:00,2018-04-26 08:00:00+00:00,-1,1320.4650000000001,1325.9494313003459,1325.774431300346,1310.069127615702,0.88,-535.429954430422,-1.099178292213951,"{'trail_atr_mult': 4.0, 'trail_atr_len': 14, 'tp_converts_to_trail': True, 'don_upper': 1355.67, 'don_lower': 1322.11, 'atr': 2.124174476859617, 'exit_reason': 'sl', 'signal_time': Timestamp('2018-04-25 11:00:00+0000', tz='UTC')}"
2018-04-26 15:00:00+00:00,2018-04-27 14:00:00+00:00,-1,1317.615,1322.7837733491317,1322.6087733491318,1304.82374726893,0.71,-381.18290778835046,-0.7920733635818195,"{'trail_atr_mult': 4.0, 'trail_atr_len': 14, 'tp_converts_to_trail': True, 'don_upper': 1352.5, 'don_lower': 1318.76, 'atr': 2.6092505462139606, 'exit_reason': 'sl', 'signal_time': Timestamp('2018-04-26 14:00:00+0000', tz='UTC')}"
2018-04-30 12:00:00+00:00,2018-04-30 18:00:00+00:00,-1,1313.435,1319.1422395229715,1318.9672395229716,1303.225520954057,0.87,-496.52983849852717,-1.0316327590794467,"{'trail_atr_mult': 4.0, 'trail_atr_len': 14, 'tp_converts_to_trail': True, 'don_upper': 1335.43, 'don_lower': 1315.26, 'atr': 2.0988958091886083, 'exit_reason': 'sl', 'signal_time': Timestamp('2018-04-30 11:00:00+0000', tz='UTC')}"
2018-05-01 09:00:00+00:00,2018-05-02 04:00:00+00:00,-1,1308.625,1310.7371082977395,1310.5621082977395,1298.8001701160233,0.93,-215.02607168977318,-0.44679155573737833,"{'trail_atr_mult': 4.0, 'trail_atr_len': 14, 'tp_converts_to_trail': True, 'don_upper': 1332.64, 'don_lower': 1310.18, 'atr': 1.9999659767953215, 'exit_reason': 'sl', 'signal_time': Timestamp('2018-05-01 08:00:00+0000', tz='UTC')}"
2018-05-10 13:00:00+00:00,2018-05-11 21:00:00+00:00,1,1322.105,1317.788721696465,1317.963721696465,1334.4514125371618,0.74,-289.80459446159,-0.6085234689243527,"{'trail_atr_mult': 4.0, 'trail_atr_len': 14, 'tp_converts_to_trail': True, 'don_upper': 1318.86, 'don_lower': 1304.28, 'atr': 2.5042825074323596, 'exit_reason': 'sl', 'signal_time': Timestamp('2018-05-10 12:00:00+0000', tz='UTC')}"
2018-05-15 13:00:00+00:00,2018-05-17 12:00:00+00:00,-1,1297.385,1287.7949999999998,1285.8445885639587,,0.8,703.2000000000116,1.4643396516360465,"{'trail_atr_mult': 4.0, 'trail_atr_len': 14, 'tp_converts_to_trail': True, 'don_upper': 1325.9, 'don_lower': 1304.28, 'atr': 2.3390822872082704, 'exit_reason': 'sl_gap', 'signal_time': Timestamp('2018-05-15 12:00:00+0000', tz='UTC')}"
2018-05-21 07:00:00+00:00,2018-05-21 14:00:00+00:00,-1,1283.125,1288.5522952516533,1288.3772952516533,1273.1154094966935,0.92,-499.31116315210147,-1.033318766675363,"{'trail_atr_mult': 4.0, 'trail_atr_len': 14, 'tp_converts_to_trail': True, 'don_upper': 1322.29, 'don_lower': 1284.93, 'atr': 2.0349181006613057, 'exit_reason': 'sl', 'signal_time': Timestamp('2018-05-21 06:00:00+0000', tz='UTC')}"
2018-05-23 10:00:00+00:00,2018-05-23 14:00:00+00:00,1,1297.585,1291.506208734752,1291.6812087347519,1308.7775825304964,0.81,-492.38209248509844,-1.0296419693951695,"{'trail_atr_mult': 4.0, 'trail_atr_len': 14, 'tp_converts_to_trail': True, 'don_upper': 1296.87, 'don_lower': 1282.0, 'atr': 2.2795165060992755, 'exit_reason': 'sl', 'signal_time': Timestamp('2018-05-23 09:00:00+0000', tz='UTC')}"
2018-05-24 13:00:00+00:00,2018-05-27 23:00:00+00:00,1,1298.7649999999999,1299.2350000000001,1299.6796197933168,1309.5695045066284,0.85,141.95000000002165,0.2963750534050549,"{'trail_atr_mult': 4.0, 'trail_atr_len': 14, 'tp_converts_to_trail': True, 'don_upper': 1298.28, 'don_lower': 1282.0, 'atr': 2.1919009013256927, 'exit_reason': 'sl_gap', 'signal_time': Timestamp('2018-05-24 12:00:00+0000', tz='UTC')}"
2018-06-01 13:00:00+00:00,2018-06-01 16:00:00+00:00,-1,1292.2050000000002,1298.6220206549983,1298.4470206549984,1280.2759586900033,0.76,-487.6935697798608,-1.0280357931625597,"{'trail_atr_mult': 4.0, 'trail_atr_len': 14, 'tp_converts_to_trail': True, 'don_upper': 1307.75, 'don_lower': 1292.48, 'atr': 2.422808261999352, 'exit_reason': 'sl', 'signal_time': Timestamp('2018-06-01 12:00:00+0000', tz='UTC')}"
2018-06-14 10:00:00+00:00,2018-06-15 01:00:00+00:00,1,1305.335,1300.6404458735003,1300.8154458735003,1314.2566740325624,1.01,-433.7499667764722,-0.9092203481768746,"{'trail_atr_mult': 4.0, 'trail_atr_len': 14, 'tp_converts_to_trail': True, 'don_upper': 1303.51, 'don_lower': 1291.82, 'atr': 1.8193348065124457, 'exit_reason': 'sl', 'signal_time': Timestamp('2018-06-14 09:00:00+0000', tz='UTC')}"
2018-06-15 14:00:00+00:00,2018-06-19 02:00:00+00:00,-1,1283.545,1283.2183547738089,1283.043354773809,1269.1790391301188,0.63,-29.82135074995417,-0.0634482963847579,"{'trail_atr_mult': 4.0, 'trail_atr_len': 14, 'tp_converts_to_trail': True, 'don_upper': 1309.28, 'don_lower': 1291.82, 'atr': 2.910192173976244, 'exit_reason': 'sl', 'signal_time': Timestamp('2018-06-15 13:00:00+0000', tz='UTC')}"
2018-06-19 12:00:00+00:00,2018-06-21 18:00:00+00:00,-1,1272.305,1269.9460029966374,1269.7710029966374,1260.4309481448845,0.76,118.48377225556322,0.25025933297204933,"{'trail_atr_mult': 4.0, 'trail_atr_len': 14, 'tp_converts_to_trail': True, 'don_upper': 1309.28, 'don_lower': 1275.33, 'atr': 2.4138103710230836, 'exit_reason': 'sl', 'signal_time': Timestamp('2018-06-19 11:00:00+0000', tz='UTC')}"
2018-06-26 08:00:00+00:00,2018-06-27 21:00:00+00:00,-1,1260.595,1251.955,1250.9891779218995,,0.94,793.3600000000093,1.671151107254689,"{'trail_atr_mult': 4.0, 'trail_atr_len': 14, 'tp_converts_to_trail': True, 'don_upper': 1283.99, 'don_lower': 1261.29, 'atr': 1.9541644156201288, 'exit_reason': 'sl_gap', 'signal_time': Timestamp('2018-06-26 07:00:00+0000', tz='UTC')}"
2018-06-28 07:00:00+00:00,2018-06-29 17:00:00+00:00,-1,1250.285,1253.300821997118,1253.125821997118,1240.649633131135,0.94,-302.2872677290809,-0.6348875689786884,"{'trail_atr_mult': 4.0, 'trail_atr_len': 14, 'tp_converts_to_trail': True, 'don_upper': 1272.56, 'don_lower': 1250.59, 'atr': 1.960073373772997, 'exit_reason': 'sl', 'signal_time': Timestamp('2018-06-28 06:00:00+0000', tz='UTC')}"
2018-07-02 16:00:00+00:00,2018-07-03 08:00:00+00:00,-1,1243.415,1244.2985243023895,1244.1235243023896,1235.8357502639246,1.21,-131.10644058913675,-0.2625373200556113,"{'trail_atr_mult': 3.0, 'trail_atr_len': 14, 'tp_converts_to_trail': True, 'don_upper': 1270.31, 'don_lower': 1245.84, 'atr': 1.9510624340188891, 'exit_reason': 'sl', 'signal_time': Timestamp('2018-07-02 15:00:00+0000', tz='UTC')}"
2018-07-04 07:00:00+00:00,2018-07-04 12:00:00+00:00,1,1260.7749999999999,1255.5591117028978,1255.7341117028977,1270.3617765942042,0.99,-516.3729414131062,-1.0347161035289272,"{'trail_atr_mult': 3.0, 'trail_atr_len': 14, 'tp_converts_to_trail': True, 'don_upper': 1260.41, 'don_lower': 1237.82, 'atr': 2.437944148551101, 'exit_reason': 'sl', 'signal_time': Timestamp('2018-07-04 06:00:00+0000', tz='UTC')}"
2018-07-09 10:00:00+00:00,2018-07-09 16:00:00+00:00,1,1263.395,1260.3758330226751,1260.550833022675,1270.2451275024814,1.3,-392.4917070522315,-0.7960754717273469,"{'trail_atr_mult': 3.0, 'trail_atr_len': 14, 'tp_converts_to_trail': True, 'don_upper': 1262.09, 'don_lower': 1237.82, 'atr': 1.7737818756203074, 'exit_reason': 'sl', 'signal_time': Timestamp('2018-07-09 09:00:00+0000', tz='UTC')}"
2018-07-11 16:00:00+00:00,2018-07-12 14:00:00+00:00,-1,1246.805,1247.070291652286,1246.895291652286,1237.6155286081016,1.01,-87.3944568808755,-0.17705134479253948,"{'trail_atr_mult': 3.0, 'trail_atr_len': 14, 'tp_converts_to_trail': True, 'don_upper': 1265.84, 'don_lower': 1247.28, 'atr': 2.346117847974596, 'exit_reason': 'sl', 'signal_time': Timestamp('2018-07-11 15:00:00+0000', tz='UTC')}"
2018-07-13 09:00:00+00:00,2018-07-13 14:00:00+00:00,-1,1240.665,1243.6424501094625,1243.4674501094626,1233.787242933978,1.3,-387.06851423013177,-0.7884405875722396,"{'trail_atr_mult': 3.0, 'trail_atr_len': 14, 'tp_converts_to_trail': True, 'don_upper': 1265.84, 'don_lower': 1241.14, 'atr': 1.775689266505546, 'exit_reason': 'sl', 'signal_time': Timestamp('2018-07-13 08:00:00+0000', tz='UTC')}"
2018-07-17 14:00:00+00:00,2018-07-18 08:00:00+00:00,-1,1231.515,1224.575,1222.574828258412,,1.03,694.2200000000056,1.4107543395928572,"{'trail_atr_mult': 3.0, 'trail_atr_len': 14, 'tp_converts_to_trail': True, 'don_upper': 1256.85, 'don_lower': 1236.3, 'atr': 2.286292935397012, 'exit_reason': 'sl_gap', 'signal_time': Timestamp('2018-07-17 13:00:00+0000', tz='UTC')}"
2018-07-19 08:00:00+00:00,2018-07-19 18:00:00+00:00,-1,1218.4950000000001,1218.8775205068143,1218.7025205068144,1210.270888189315,1.13,-43.2248172700065,-0.08744213471979106,"{'trail_atr_mult': 3.0, 'trail_atr_len': 14, 'tp_converts_to_trail': True, 'don_upper': 1248.5, 'don_lower': 1220.98, 'atr': 2.099777952671247, 'exit_reason': 'sl', 'signal_time': Timestamp('2018-07-19 07:00:00+0000', tz='UTC')}"
2018-08-02 18:00:00+00:00,2018-08-03 12:00:00+00:00,-1,1211.655,1210.5969206542848,1210.4219206542848,1203.0181214402985,1.07,91.81448999152789,0.18670380382899604,"{'trail_atr_mult': 3.0, 'trail_atr_len': 14, 'tp_converts_to_trail': True, 'don_upper': 1230.53, 'don_lower': 1213.02, 'atr': 2.2054696399253304, 'exit_reason': 'sl', 'signal_time': Timestamp('2018-08-02 17:00:00+0000', tz='UTC')}"
2018-08-13 08:00:00+00:00,2018-08-13 13:00:00+00:00,-1,1204.2350000000001,1198.945,1195.4541579194865,,1.04,550.1600000000199,1.1188850141441908,"{'trail_atr_mult': 3.0, 'trail_atr_len': 14, 'tp_converts_to_trail': True, 'don_upper': 1217.77, 'don_lower': 1205.7, 'atr': 2.2514605201283637, 'exit_reason': 'sl_gap', 'signal_time': Timestamp('2018-08-13 07:00:00+0000', tz='UTC')}"
2018-08-13 17:00:00+00:00,2018-08-14 14:00:00+00:00,-1,1193.155,1197.5381349561187,1197.3631349561188,1181.6025097579384,0.82,-375.8170664017365,-0.7552030715932316,"{'trail_atr_mult': 3.0, 'trail_atr_len': 14, 'tp_converts_to_trail': True, 'don_upper': 1217.31, 'don_lower': 1194.59, 'atr': 2.9368725605153783, 'exit_reason': 'sl', 'signal_time': Timestamp('2018-08-13 16:00:00+0000', tz='UTC')}"
2018-08-15 03:00:00+00:00,2018-08-15 15:00:00+00:00,-1,1189.065,1181.7154823996673,1181.5404823996673,,1.23,903.9906648409312,1.8260765340843064,"{'trail_atr_mult': 3.0, 'trail_atr_len': 14, 'tp_converts_to_trail': True, 'don_upper': 1217.31, 'don_lower': 1191.22, 'atr': 1.924879400083156, 'exit_reason': 'sl', 'signal_time': Timestamp('2018-08-15 02:00:00+0000', tz='UTC')}"
2018-08-15 15:00:00+00:00,2018-08-16 02:00:00+00:00,-1,1178.815,1168.8270565205198,1168.6520565205199,,0.93,873.0787435916621,1.756735240508016,"{'trail_atr_mult': 3.0, 'trail_atr_len': 14, 'tp_converts_to_trail': True, 'don_upper': 1217.31, 'don_lower': 1180.07, 'atr': 2.584485869870025, 'exit_reason': 'sl', 'signal_time': Timestamp('2018-08-15 14:00:00+0000', tz='UTC')}"
2018-08-22 12:00:00+00:00,2018-08-22 15:00:00+00:00,1,1199.5049999999999,1194.9081494509192,1195.083149450919,1207.7937010981618,1.14,-524.0409625952028,-1.0395761905694287,"{'trail_atr_mult': 3.0, 'trail_atr_len': 14, 'tp_converts_to_trail': True, 'don_upper': 1197.95, 'don_lower': 1160.07, 'atr': 2.1184252745404595, 'exit_reason': 'sl', 'signal_time': Timestamp('2018-08-22 11:00:00+0000', tz='UTC')}"
2018-08-24 15:00:00+00:00,2018-08-28 15:00:00+00:00,1,1206.145,1208.3052500563713,1208.4802500563712,1217.3745107490151,0.86,323.3815048479315,0.6430794989329481,"{'trail_atr_mult': 3.0, 'trail_atr_len': 14, 'tp_converts_to_trail': True, 'don_upper': 1201.52, 'don_lower': 1174.99, 'atr': 2.846127687253769, 'exit_reason': 'sl', 'signal_time': Timestamp('2018-08-24 14:00:00+0000', tz='UTC')}"
2018-09-04 07:00:00+00:00,2018-09-05 08:00:00+00:00,-1,1195.175,1195.5439104502366,1195.3689104502366,1186.962070212785,1.13,-64.28688087673876,-0.12845223746472123,"{'trail_atr_mult': 3.0, 'trail_atr_len': 14, 'tp_converts_to_trail': True, 'don_upper': 1214.21, 'don_lower': 1195.6, 'atr': 2.1069824468037943, 'exit_reason': 'sl', 'signal_time': Timestamp('2018-09-04 06:00:00+0000', tz='UTC')}"
2018-09-11 13:00:00+00:00,2018-09-11 16:00:00+00:00,-1,1188.615,1193.0979606639899,1192.92296066399,1180.5240786720199,1.17,-524.5063976868116,-1.0406224693421122,"{'trail_atr_mult': 3.0, 'trail_atr_len': 14, 'tp_converts_to_trail': True, 'don_upper': 1206.95, 'don_lower': 1189.56, 'atr': 2.0664803319950193, 'exit_reason': 'sl', 'signal_time': Timestamp('2018-09-11 12:00:00+0000', tz='UTC')}"
2018-09-12 18:00:00+00:00,2018-09-13 15:00:00+00:00,1,1207.425,1205.6860894270949,1205.8610894270948,1218.3013877090527,0.88,-47.42413041564613,-0.09528637630796954,"{'trail_atr_mult': 3.0, 'trail_atr_len': 14, 'tp_converts_to_trail': True, 'don_upper': 1206.95, 'don_lower': 1187.66, 'atr': 2.7553469272631963, 'exit_reason': 'sl', 'signal_time': Timestamp('2018-09-12 17:00:00+0000', tz='UTC')}"
2018-09-21 01:00:00+00:00,2018-09-21 11:00:00+00:00,1,1209.495,1205.6481365458803,1205.8231365458803,1216.8964989568387,1.26,-484.7047952190642,-0.9706336870960196,"{'trail_atr_mult': 3.0, 'trail_atr_len': 14, 'tp_converts_to_trail': True, 'don_upper': 1208.52, 'don_lower': 1192.75, 'atr': 1.894124739209698, 'exit_reason': 'sl', 'signal_time': Timestamp('2018-09-21 00:00:00+0000', tz='UTC')}"
2018-09-27 13:00:00+00:00,2018-09-28 14:00:00+00:00,-1,1186.795,1186.7652665818255,1186.5902665818255,1177.1984167646817,1.0,-17.026658182539904,-0.034357090644950475,"{'trail_atr_mult': 3.0, 'trail_atr_len': 14, 'tp_converts_to_trail': True, 'don_upper': 1211.03, 'don_lower': 1190.47, 'atr': 2.4253958088295784, 'exit_reason': 'sl', 'signal_time': Timestamp('2018-09-27 12:00:00+0000', tz='UTC')}"
2018-10-02 14:00:00+00:00,2018-10-03 12:00:00+00:00,1,1203.7849999999999,1201.6396499812518,1201.8146499812517,1214.6656376528663,0.87,-151.84545163108504,-0.3060504062759621,"{'trail_atr_mult': 3.0, 'trail_atr_len': 14, 'tp_converts_to_trail': True, 'don_upper': 1203.34, 'don_lower': 1180.66, 'atr': 2.7639094132165964, 'exit_reason': 'sl', 'signal_time': Timestamp('2018-10-02 13:00:00+0000', tz='UTC')}"
2018-10-11 13:00:00+00:00,2018-10-11 17:00:00+00:00,1,1208.635,1219.275,1219.7553744256575,,0.85,904.4000000000084,1.8273349762902986,"{'trail_atr_mult': 3.0, 'trail_atr_len': 14, 'tp_converts_to_trail': True, 'don_upper': 1206.74, 'don_lower': 1183.16, 'atr': 2.8238436064143855, 'exit_reason': 'sl_gap', 'signal_time': Timestamp('2018-10-11 12:00:00+0000', tz='UTC')}"
2018-10-11 18:00:00+00:00,2018-10-12 07:00:00+00:00,1,1224.7649999999999,1216.8643842911652,1217.039384291165,1239.6912314176698,0.65,-487.54002107425686,-0.9708761076812631,"{'trail_atr_mult': 3.0, 'trail_atr_len': 14, 'tp_converts_to_trail': True, 'don_upper': 1220.72, 'don_lower': 1183.16, 'atr': 3.77530785441745, 'exit_reason': 'sl', 'signal_time': Timestamp('2018-10-11 17:00:00+0000', tz='UTC')}"
2018-10-15 08:00:00+00:00,2018-10-15 14:00:00+00:00,1,1227.325,1225.317871970625,1225.492871970625,1237.2485392682995,0.95,-190.67716279063006,-0.3841930393973057,"{'trail_atr_mult': 3.0, 'trail_atr_len': 14, 'tp_converts_to_trail': True, 'don_upper': 1226.3, 'don_lower': 1183.16, 'atr': 2.5246348170748645, 'exit_reason': 'sl', 'signal_time': Timestamp('2018-10-15 07:00:00+0000', tz='UTC')}"
2018-10-23 09:00:00+00:00,2018-10-23 15:00:00+00:00,1,1235.7649999999999,1232.684209393014,1232.859209393014,1243.9654580402284,1.14,-351.2101291963845,-0.7061613482712007,"{'trail_atr_mult': 3.0, 'trail_atr_len': 14, 'tp_converts_to_trail': True, 'don_upper': 1232.53, 'don_lower': 1218.63, 'atr': 2.09386451005715, 'exit_reason': 'sl', 'signal_time': Timestamp('2018-10-23 08:00:00+0000', tz='UTC')}"
2018-10-26 15:00:00+00:00,2018-10-26 17:00:00+00:00,1,1243.355,1236.9239840889422,1237.0989840889422,1255.3120318221156,0.79,-508.05025697356496,-1.0279730746353493,"{'trail_atr_mult': 3.0, 'trail_atr_len': 14, 'tp_converts_to_trail': True, 'don_upper': 1239.71, 'don_lower': 1219.97, 'atr': 3.0355079555289004, 'exit_reason': 'sl', 'signal_time': Timestamp('2018-10-26 14:00:00+0000', tz='UTC')}"
2018-10-30 10:00:00+00:00,2018-10-30 13:00:00+00:00,-1,1220.325,1225.3458930611248,1225.1708930611248,1211.1582138777505,1.02,-512.1310922347247,-1.0361130544550923,"{'trail_atr_mult': 3.0, 'trail_atr_len': 14, 'tp_converts_to_trail': True, 'don_upper': 1243.36, 'don_lower': 1222.45, 'atr': 2.3354465305623897, 'exit_reason': 'sl', 'signal_time': Timestamp('2018-10-30 09:00:00+0000', tz='UTC')}"
2018-10-31 03:00:00+00:00,2018-11-01 05:00:00+00:00,-1,1217.415,1218.465,1218.2266237863716,1208.874708871321,1.07,-176.54999999999512,-0.35927004966627285,"{'trail_atr_mult': 3.0, 'trail_atr_len': 14, 'tp_converts_to_trail': True, 'don_upper': 1243.36, 'don_lower': 1219.65, 'atr': 2.1888227821697828, 'exit_reason': 'sl_gap', 'signal_time': Timestamp('2018-10-31 02:00:00+0000', tz='UTC')}"
2018-11-09 03:00:00+00:00,2018-11-09 17:00:00+00:00,-1,1218.155,1209.304250047158,1209.129250047158,,1.02,902.7764951898922,1.8534146525756883,"{'trail_atr_mult': 3.0, 'trail_atr_len': 14, 'tp_converts_to_trail': True, 'don_upper': 1236.43, 'don_lower': 1219.57, 'atr': 2.3001874882105158, 'exit_reason': 'sl', 'signal_time': Timestamp('2018-11-09 02:00:00+0000', tz='UTC')}"
2018-11-12 06:00:00+00:00,2018-11-13 11:00:00+00:00,-1,1206.435,1198.105,1197.8420010908249,,1.08,878.0399999999921,1.7832860216333073,"{'trail_atr_mult': 3.0, 'trail_atr_len': 14, 'tp_converts_to_trail': True, 'don_upper': 1236.43, 'don_lower': 1206.65, 'atr': 2.191999727293769, 'exit_reason': 'sl_gap', 'signal_time': Timestamp('2018-11-12 05:00:00+0000', tz='UTC')}"
2018-11-16 13:00:00+00:00,2018-11-19 05:00:00+00:00,1,1223.205,1219.2761305759252,1219.4511305759252,1233.1315785570207,0.95,-259.2425952870983,-0.5221927786672294,"{'trail_atr_mult': 3.0, 'trail_atr_len': 14, 'tp_converts_to_trail': True, 'don_upper': 1221.69, 'don_lower': 1196.21, 'atr': 2.525394639255185, 'exit_reason': 'sl', 'signal_time': Timestamp('2018-11-16 12:00:00+0000', tz='UTC')}"
2018-11-20 13:00:00+00:00,2018-11-20 15:00:00+00:00,1,1226.915,1222.4676118282723,1222.6426118282723,1234.9347763434555,1.16,-515.8970279204077,-1.040960697615916,"{'trail_atr_mult': 3.0, 'trail_atr_len': 14, 'tp_converts_to_trail': True, 'don_upper': 1226.51, 'don_lower': 1196.21, 'atr': 2.048694085863866, 'exit_reason': 'sl', 'signal_time': Timestamp('2018-11-20 12:00:00+0000', tz='UTC')}"
2018-11-27 15:00:00+00:00,2018-11-28 17:00:00+00:00,-1,1214.685,1216.8942431283122,1216.7192431283122,1205.567122754362,1.03,-248.1520422161576,-0.49969382932922063,"{'trail_atr_mult': 3.0, 'trail_atr_len': 14, 'tp_converts_to_trail': True, 'don_upper': 1230.03, 'don_lower': 1219.44, 'atr': 2.3232193114095208, 'exit_reason': 'sl', 'signal_time': Timestamp('2018-11-27 14:00:00+0000', tz='UTC')}"
2018-12-03 07:00:00+00:00,2018-12-04 10:00:00+00:00,1,1231.7649999999999,1239.2882937059796,1239.4632937059796,,1.2,950.7952447175721,1.9270365353042291,"{'trail_atr_mult': 3.0, 'trail_atr_len': 14, 'tp_converts_to_trail': True, 'don_upper': 1228.91, 'don_lower': 1211.15, 'atr': 1.9683234264949157, 'exit_reason': 'sl', 'signal_time': Timestamp('2018-12-03 06:00:00+0000', tz='UTC')}"
2018-12-06 14:00:00+00:00,2018-12-06 18:00:00+00:00,1,1243.625,1239.1165849052181,1239.291584905218,1253.236830189564,1.15,-518.4677358999147,-1.0403838534209846,"{'trail_atr_mult': 3.0, 'trail_atr_len': 14, 'tp_converts_to_trail': True, 'don_upper': 1241.89, 'don_lower': 1216.62, 'atr': 2.3242075473909973, 'exit_reason': 'sl', 'signal_time': Timestamp('2018-12-06 13:00:00+0000', tz='UTC')}"
2018-12-07 18:00:00+00:00,2018-12-10 13:00:00+00:00,1,1248.5249999999999,1244.932118464691,1245.107118464691,1257.6515854072481,1.02,-244.07391660150108,-0.49127147897885165,"{'trail_atr_mult': 3.0, 'trail_atr_len': 14, 'tp_converts_to_trail': True, 'don_upper': 1247.05, 'don_lower': 1216.62, 'atr': 2.3328963518120704, 'exit_reason': 'sl', 'signal_time': Timestamp('2018-12-07 17:00:00+0000', tz='UTC')}"
2018-12-14 13:00:00+00:00,2018-12-14 16:00:00+00:00,-1,1234.265,1237.9059346000918,1237.7309346000918,1227.7081307998164,1.43,-520.6536478131086,-1.0504914316604024,"{'trail_atr_mult': 3.0, 'trail_atr_len': 14, 'tp_converts_to_trail': True, 'don_upper': 1250.49, 'don_lower': 1237.3, 'atr': 1.6704673000458974, 'exit_reason': 'sl', 'signal_time': Timestamp('2018-12-14 12:00:00+0000', tz='UTC')}"
2018-12-19 14:00:00+00:00,2018-12-19 18:00:00+00:00,1,1255.935,1251.4045281071503,1251.5795281071503,1263.8209437857,1.13,-511.94332389200684,-1.0401793432044069,"{'trail_atr_mult': 3.0, 'trail_atr_len': 14, 'tp_converts_to_trail': True, 'don_upper': 1251.32, 'don_lower': 1232.89, 'atr': 2.0402359464249322, 'exit_reason': 'sl', 'signal_time': Timestamp('2018-12-19 13:00:00+0000', tz='UTC')}"
2018-12-20 14:00:00+00:00,2018-12-21 06:00:00+00:00,1,1259.455,1258.5686038128222,1258.7436038128221,1270.810270401556,0.84,-40.85727972293116,-0.0837872280929064,"{'trail_atr_mult': 3.0, 'trail_atr_len': 14, 'tp_converts_to_trail': True, 'don_upper': 1257.99, 'don_lower': 1232.89, 'atr': 2.8600676003889904, 'exit_reason': 'sl', 'signal_time': Timestamp('2018-12-20 13:00:00+0000', tz='UTC')}"
2018-12-24 16:00:00+00:00,2018-12-26 16:00:00+00:00,1,1268.145,1277.4920722923955,1277.6670722923955,,0.96,974.1189400699702,1.9843552489485448,"{'trail_atr_mult': 3.0, 'trail_atr_len': 14, 'tp_converts_to_trail': True, 'don_upper': 1267.19, 'don_lower': 1239.26, 'atr': 2.4392680730988507, 'exit_reason': 'sl', 'signal_time': Timestamp('2018-12-24 15:00:00+0000', tz='UTC')}"
2018-12-28 06:00:00+00:00,2018-12-28 09:00:00+00:00,1,1280.895,1276.067847844451,1276.242847844451,1289.674304311098,1.06,-511.6781284881836,-1.037616998358753,"{'trail_atr_mult': 3.0, 'trail_atr_len': 14, 'tp_converts_to_trail': True, 'don_upper': 1279.05, 'don_lower': 1241.61, 'atr': 2.238576077774487, 'exit_reason': 'sl', 'signal_time': Timestamp('2018-12-28 05:00:00+0000', tz='UTC')}"
2018-12-31 11:00:00+00:00,2018-12-31 13:00:00+00:00,1,1283.605,1279.7876646328848,1279.9626646328848,1290.6046707342305,1.35,-515.3402745605547,-1.0480460974516344,"{'trail_atr_mult': 3.0, 'trail_atr_len': 14, 'tp_converts_to_trail': True, 'don_upper': 1283.38, 'don_lower': 1253.85, 'atr': 1.7736676835576097, 'exit_reason': 'sl', 'signal_time': Timestamp('2018-12-31 10:00:00+0000', tz='UTC')}"
2019-01-02 05:00:00+00:00,2019-01-02 07:00:00+00:00,1,1286.375,1285.275,1281.5153230642495,1295.5693538715009,1.01,-111.0999999999908,-0.22635249514380212,"{'trail_atr_mult': 3.0, 'trail_atr_len': 14, 'tp_converts_to_trail': True, 'don_upper': 1284.05, 'don_lower': 1253.85, 'atr': 2.342338467875212, 'exit_reason': 'end_of_data', 'signal_time': Timestamp('2019-01-02 04:00:00+0000', tz='UTC')}"
2019-01-02 08:00:00+00:00,2019-01-02 12:00:00+00:00,1,1288.215,1284.2488462442584,1284.4238462442584,1295.1223075114835,1.31,-519.5661420021386,-1.0461600903774801,"{'trail_atr_mult': 2.0, 'trail_atr_len': 14, 'tp_converts_to_trail': True, 'don_upper': 1287.31, 'don_lower': 1253.85, 'atr': 2.377435837161165, 'exit_reason': 'sl', 'signal_time': Timestamp('2019-01-02 07:00:00+0000', tz='UTC')}"
2019-01-03 06:00:00+00:00,2019-01-03 09:00:00+00:00,1,1292.205,1287.865395726062,1288.040395726062,1300.0092085478764,1.19,-516.4129085986212,-1.042020799213769,"{'trail_atr_mult': 2.0, 'trail_atr_len': 14, 'tp_converts_to_trail': True, 'don_upper': 1290.23, 'don_lower': 1259.29, 'atr': 2.659736182625429, 'exit_reason': 'sl', 'signal_time': Timestamp('2019-01-03 05:00:00+0000', tz='UTC')}"
2019-01-03 19:00:00+00:00,2019-01-04 07:00:00+00:00,1,1293.5049999999999,1293.6421781357692,1293.8171781357692,1301.58827334055,1.14,61.23830747770225,0.12480508332348515,"{'trail_atr_mult': 2.0, 'trail_atr_len': 14, 'tp_converts_to_trail': True, 'don_upper': 1292.97, 'don_lower': 1264.46, 'atr': 2.7527577801833125, 'exit_reason': 'sl', 'signal_time': Timestamp('2019-01-03 18:00:00+0000', tz='UTC')}"
2019-01-18 09:00:00+00:00,2019-01-18 15:00:00+00:00,-1,1284.865,1285.3190828217976,1285.1440828217976,1279.3656490869935,1.64,-74.46958277479916,-0.15074912745112642,"{'trail_atr_mult': 2.0, 'trail_atr_len': 14, 'tp_converts_to_trail': True, 'don_upper': 1295.79, 'don_lower': 1286.71, 'atr': 1.891450304335465, 'exit_reason': 'sl', 'signal_time': Timestamp('2019-01-18 08:00:00+0000', tz='UTC')}"
2019-01-18 20:00:00+00:00,2019-01-21 14:00:00+00:00,-1,1280.425,1280.3233665073533,1280.1483665073533,1274.9413316846765,1.62,-80.7353741912395,-0.16343453409365372,"{'trail_atr_mult': 2.0, 'trail_atr_len': 14, 'tp_converts_to_trail': True, 'don_upper': 1295.79, 'don_lower': 1281.14, 'atr': 1.8962227717745384, 'exit_reason': 'sl', 'signal_time': Timestamp('2019-01-18 19:00:00+0000', tz='UTC')}"
2019-01-25 14:00:00+00:00,2019-01-25 17:00:00+00:00,1,1293.735,1298.785,1300.178265416268,,1.41,712.0500000000256,1.4432147681227636,"{'trail_atr_mult': 2.0, 'trail_atr_len': 14, 'tp_converts_to_trail': True, 'don_upper': 1292.12, 'don_lower': 1276.7, 'atr': 2.209421805422665, 'exit_reason': 'sl_gap', 'signal_time': Timestamp('2019-01-25 13:00:00+0000', tz='UTC')}"
2019-01-27 22:00:00+00:00,2019-01-28 11:00:00+00:00,1,1302.445,1300.176599235522,1300.351599235522,1310.4397884294565,1.43,-267.18130932035024,-0.5369130925216438,"{'trail_atr_mult': 2.0, 'trail_atr_len': 14, 'tp_converts_to_trail': True, 'don_upper': 1300.31, 'don_lower': 1276.7, 'atr': 2.5499294764855076, 'exit_reason': 'sl', 'signal_time': Timestamp('2019-01-25 20:00:00+0000', tz='UTC')}"
2019-01-29 06:00:00+00:00,2019-01-29 13:00:00+00:00,1,1305.165,1308.545,1310.0192181400623,,1.83,618.54000000002,1.2497185036657088,"{'trail_atr_mult': 2.0, 'trail_atr_len': 14, 'tp_converts_to_trail': True, 'don_upper': 1304.47, 'don_lower': 1276.7, 'atr': 1.6797393800207936, 'exit_reason': 'sl_gap', 'signal_time': Timestamp('2019-01-29 05:00:00+0000', tz='UTC')}"
2019-01-30 01:00:00+00:00,2019-01-30 12:00:00+00:00,1,1313.925,1312.2288142342286,1312.4038142342285,1319.5007975704384,1.62,-274.78209405496045,-0.550638369911803,"{'trail_atr_mult': 2.0, 'trail_atr_len': 14, 'tp_converts_to_trail': True, 'don_upper': 1311.94, 'don_lower': 1276.7, 'atr': 1.9235991901461267, 'exit_reason': 'sl', 'signal_time': Timestamp('2019-01-30 00:00:00+0000', tz='UTC')}"
2019-01-30 19:00:00+00:00,2019-01-31 15:00:00+00:00,1,1319.985,1321.779549508548,1321.9545495085479,1327.675348118461,1.2,359.34594102576193,0.7263609651224917,"{'trail_atr_mult': 2.0, 'trail_atr_len': 14, 'tp_converts_to_trail': True, 'don_upper': 1315.87, 'don_lower': 1276.7, 'atr': 2.625116039486991, 'exit_reason': 'sl', 'signal_time': Timestamp('2019-01-30 18:00:00+0000', tz='UTC')}"
2019-02-06 19:00:00+00:00,2019-02-07 09:00:00+00:00,-1,1306.835,1306.0927710418791,1305.9177710418792,1301.4756903139232,1.79,25.45898350364186,0.05093877887020544,"{'trail_atr_mult': 2.0, 'trail_atr_len': 14, 'tp_converts_to_trail': True, 'don_upper': 1326.25, 'don_lower': 1308.53, 'atr': 1.8114365620255881, 'exit_reason': 'sl', 'signal_time': Timestamp('2019-02-06 18:00:00+0000', tz='UTC')}"
2019-02-15 11:00:00+00:00,2019-02-15 15:00:00+00:00,1,1318.485,1315.4280492937403,1315.6030492937402,1324.0452092511925,1.7,-519.6816200641342,-1.0406270059707263,"{'trail_atr_mult': 2.0, 'trail_atr_len': 14, 'tp_converts_to_trail': True, 'don_upper': 1318.11, 'don_lower': 1302.34, 'atr': 1.888403083730776, 'exit_reason': 'sl', 'signal_time': Timestamp('2019-02-15 10:00:00+0000', tz='UTC')}"
2019-02-15 18:00:00+00:00,2019-02-17 23:00:00+00:00,1,1320.815,1317.185,1318.4596542213424,1327.441289698012,1.39,-393.3700000000151,-0.7914656291401464,"{'trail_atr_mult': 2.0, 'trail_atr_len': 14, 'tp_converts_to_trail': True, 'don_upper': 1319.9, 'don_lower': 1302.34, 'atr': 2.2670965660039775, 'exit_reason': 'sl_gap', 'signal_time': Timestamp('2019-02-15 17:00:00+0000', tz='UTC')}"
2019-02-18 01:00:00+00:00,2019-02-18 08:00:00+00:00,1,1324.805,1321.184116555469,1321.359116555469,1331.6218880595122,1.38,-499.68191534528427,-1.011153320030468,"{'trail_atr_mult': 2.0, 'trail_atr_len': 14, 'tp_converts_to_trail': True, 'don_upper': 1322.57, 'don_lower': 1302.34, 'atr': 2.3106293531707083, 'exit_reason': 'sl', 'signal_time': Timestamp('2019-02-18 00:00:00+0000', tz='UTC')}"
2019-02-18 12:00:00+00:00,2019-02-19 01:00:00+00:00,1,1326.075,1324.1935978689696,1324.3685978689696,1331.2892630867343,1.71,-253.319764406203,-0.516234265146171,"{'trail_atr_mult': 2.0, 'trail_atr_len': 14, 'tp_converts_to_trail': True, 'don_upper': 1325.23, 'don_lower': 1302.34, 'atr': 1.7964210289114217, 'exit_reason': 'sl', 'signal_time': Timestamp('2019-02-18 11:00:00+0000', tz='UTC')}"
2019-02-19 08:00:00+00:00,2019-02-20 05:00:00+00:00,1,1328.635,1342.0329047862986,1342.2079047862985,,1.8,2483.6228615337423,5.073417528401376,"{'trail_atr_mult': 2.0, 'trail_atr_len': 14, 'tp_converts_to_trail': True, 'don_upper': 1327.61, 'don_lower': 1302.34, 'atr': 1.6964313366755057, 'exit_reason': 'sl', 'signal_time': Timestamp('2019-02-19 07:00:00+0000', tz='UTC')}"
2019-02-27 16:00:00+00:00,2019-02-27 23:00:00+00:00,-1,1320.595,1320.8245163577603,1320.6495163577604,1314.4409011548648,1.52,-34.88648637956612,-0.06934972966266695,"{'trail_atr_mult': 2.0, 'trail_atr_len': 14, 'tp_converts_to_trail': True, 'don_upper': 1346.3, 'don_lower': 1320.88, 'atr': 2.1030329483784054, 'exit_reason': 'sl', 'signal_time': Timestamp('2019-02-27 15:00:00+0000', tz='UTC')}"
2019-02-28 15:00:00+00:00,2019-03-01 09:00:00+00:00,-1,1315.155,1307.405,1306.9212765311063,,1.15,868.25,1.7239955175691277,"{'trail_atr_mult': 2.0, 'trail_atr_len': 14, 'tp_converts_to_trail': True, 'don_upper': 1337.32, 'don_lower': 1316.19, 'atr': 2.802907822964575, 'exit_reason': 'sl_gap', 'signal_time': Timestamp('2019-02-28 14:00:00+0000', tz='UTC')}"
2019-03-01 13:00:00+00:00,2019-03-01 15:00:00+00:00,-1,1305.515,1309.129583656595,1308.954583656595,1299.0550362874965,1.45,-524.1146302062691,-1.0349613270358577,"{'trail_atr_mult': 2.0, 'trail_atr_len': 14, 'tp_converts_to_trail': True, 'don_upper': 1333.05, 'don_lower': 1305.99, 'atr': 2.2116545708345265, 'exit_reason': 'sl', 'signal_time': Timestamp('2019-03-01 12:00:00+0000', tz='UTC')}"
2019-03-01 16:00:00+00:00,2019-03-01 20:00:00+00:00,-1,1301.135,1293.405,1292.7537978516225,,1.12,865.7600000000022,1.7242528937179908,"{'trail_atr_mult': 2.0, 'trail_atr_len': 14, 'tp_converts_to_trail': True, 'don_upper': 1333.05, 'don_lower': 1304.17, 'atr': 2.858734049459115, 'exit_reason': 'sl_gap', 'signal_time': Timestamp('2019-03-01 15:00:00+0000', tz='UTC')}"
2019-03-01 20:00:00+00:00,2019-03-03 23:00:00+00:00,-1,1290.045,1295.235,1294.915904214436,1280.828191571128,1.04,-581.359999999982,-1.1476308615210773,"{'trail_atr_mult': 2.0, 'trail_atr_len': 14, 'tp_converts_to_trail': True, 'don_upper': 1333.05, 'don_lower': 1292.05, 'atr': 3.1306028096240053, 'exit_reason': 'sl_gap', 'signal_time': Timestamp('2019-03-01 19:00:00+0000', tz='UTC')}"
2019-03-04 08:00:00+00:00,2019-03-04 16:00:00+00:00,-1,1287.145,1288.9091559592302,1288.7341559592303,1278.977158278384,1.15,-202.8779353114805,-0.4017278268577874,"{'trail_atr_mult': 2.0, 'trail_atr_len': 14, 'tp_converts_to_trail': True, 'don_upper': 1332.51, 'don_lower': 1290.12, 'atr': 2.790947240538615, 'exit_reason': 'sl', 'signal_time': Timestamp('2019-03-04 07:00:00+0000', tz='UTC')}"
2019-03-12 18:00:00+00:00,2019-03-13 10:00:00+00:00,1,1301.975,1307.635,1308.0055885232816,,1.56,945.3600000000127,1.8745393333272273,"{'trail_atr_mult': 2.0, 'trail_atr_len': 14, 'tp_converts_to_trail': True, 'don_upper': 1300.69, 'don_lower': 1280.77, 'atr': 2.058529507760547, 'exit_reason': 'sl_gap', 'signal_time': Timestamp('2019-03-12 17:00:00+0000', tz='UTC')}"
2019-03-13 18:00:00+00:00,2019-03-14 00:00:00+00:00,1,1311.185,1308.0269121099882,1308.2019121099881,1316.626175780024,1.71,-334.8330291920104,-0.6563963122132515,"{'trail_atr_mult': 2.0, 'trail_atr_len': 14, 'tp_converts_to_trail': True, 'don_upper': 1309.37, 'don_lower': 1280.77, 'atr': 1.87205859334127, 'exit_reason': 'sl', 'signal_time': Timestamp('2019-03-13 17:00:00+0000', tz='UTC')}"
2019-03-20 18:00:00+00:00,2019-03-21 10:00:00+00:00,1,1314.5349999999999,1315.5571976787733,1315.7321976787732,1324.079667957475,1.01,224.44196555611433,0.4440102685152595,"{'trail_atr_mult': 2.0, 'trail_atr_len': 14, 'tp_converts_to_trail': True, 'don_upper': 1311.19, 'don_lower': 1292.73, 'atr': 3.2332226524916523, 'exit_reason': 'sl', 'signal_time': Timestamp('2019-03-20 17:00:00+0000', tz='UTC')}"
2019-03-28 11:00:00+00:00,2019-03-29 09:00:00+00:00,-1,1302.9650000000001,1291.7461531146178,1291.5711531146178,,1.32,1454.4877888704755,2.866302017557732,"{'trail_atr_mult': 2.0, 'trail_atr_len': 14, 'tp_converts_to_trail': True, 'don_upper': 1324.49, 'don_lower': 1303.16, 'atr': 2.439515200628111, 'exit_reason': 'sl', 'signal_time': Timestamp('2019-03-28 10:00:00+0000', tz='UTC')}"
2019-04-02 05:00:00+00:00,2019-04-02 07:00:00+00:00,-1,1285.7250000000001,1289.2033059679031,1289.0283059679032,1279.6433880641937,1.56,-542.6157309928676,-1.0529772299933347,"{'trail_atr_mult': 2.0, 'trail_atr_len': 14, 'tp_converts_to_trail': True, 'don_upper': 1324.49, 'don_lower': 1286.26, 'atr': 2.085537311935464, 'exit_reason': 'sl', 'signal_time': Timestamp('2019-04-02 04:00:00+0000', tz='UTC')}"
2019-04-04 13:00:00+00:00,2019-04-04 15:00:00+00:00,-1,1284.595,1285.013954708793,1284.8389547087932,1279.395527603214,1.7,-71.22230049482368,-0.13908428197517733,"{'trail_atr_mult': 2.0, 'trail_atr_len': 14, 'tp_converts_to_trail': True, 'don_upper': 1312.24, 'don_lower': 1285.24, 'atr': 1.8248241322619354, 'exit_reason': 'sl', 'signal_time': Timestamp('2019-04-04 12:00:00+0000', tz='UTC')}"
2019-04-08 07:00:00+00:00,2019-04-08 14:00:00+00:00,1,1297.195,1302.508667284549,1302.6836672845488,,1.71,908.6371056578715,1.7671969642223595,"{'trail_atr_mult': 2.0, 'trail_atr_len': 14, 'tp_converts_to_trail': True, 'don_upper': 1296.99, 'don_lower': 1280.88, 'atr': 1.8878890948496108, 'exit_reason': 'sl', 'signal_time': Timestamp('2019-04-08 06:00:00+0000', tz='UTC')}"
2019-04-09 13:00:00+00:00,2019-04-10 02:00:00+00:00,1,1304.885,1302.7038639178882,1302.878863917888,1310.5567825727194,1.65,-293.88745354845264,-0.5693456857132727,"{'trail_atr_mult': 2.0, 'trail_atr_len': 14, 'tp_converts_to_trail': True, 'don_upper': 1303.66, 'don_lower': 1280.88, 'atr': 1.9555941909064156, 'exit_reason': 'sl', 'signal_time': Timestamp('2019-04-09 12:00:00+0000', tz='UTC')}"
2019-04-10 15:00:00+00:00,2019-04-11 02:00:00+00:00,1,1307.075,1306.8203789415495,1306.9953789415495,1313.0180754506173,1.6,151.26063064791379,0.29232155647141195,"{'trail_atr_mult': 2.0, 'trail_atr_len': 14, 'tp_converts_to_trail': True, 'don_upper': 1306.76, 'don_lower': 1280.88, 'atr': 2.0393584835390546, 'exit_reason': 'sl', 'signal_time': Timestamp('2019-04-10 14:00:00+0000', tz='UTC')}"
2019-04-15 02:00:00+00:00,2019-04-15 13:00:00+00:00,-1,1287.635,1288.4838337704875,1288.3088337704876,1282.0862553899183,1.7,-144.30174098288262,-0.27950920724542755,"{'trail_atr_mult': 2.0, 'trail_atr_len': 14, 'tp_converts_to_trail': True, 'don_upper': 1310.53, 'don_lower': 1288.67, 'atr': 1.9079148700272468, 'exit_reason': 'sl', 'signal_time': Timestamp('2019-04-15 01:00:00+0000', tz='UTC')}"
2019-04-16 13:00:00+00:00,2019-04-16 18:00:00+00:00,-1,1278.865,1274.145,1272.9314789230139,,1.58,745.7600000000044,1.4481812497820332,"{'trail_atr_mult': 2.0, 'trail_atr_len': 14, 'tp_converts_to_trail': True, 'don_upper': 1310.53, 'don_lower': 1282.39, 'atr': 2.0428403589953548, 'exit_reason': 'sl_gap', 'signal_time': Timestamp('2019-04-16 12:00:00+0000', tz='UTC')}"
2019-04-18 02:00:00+00:00,2019-04-18 08:00:00+00:00,-1,1271.9650000000001,1274.0586617420315,1273.8836617420316,1267.3379750826734,2.02,-422.9196718903372,-0.8127529566055355,"{'trail_atr_mult': 2.0, 'trail_atr_len': 14, 'tp_converts_to_trail': True, 'don_upper': 1309.13, 'don_lower': 1272.89, 'atr': 1.6006749724422313, 'exit_reason': 'sl', 'signal_time': Timestamp('2019-04-18 01:00:00+0000', tz='UTC')}"
2019-04-23 13:00:00+00:00,2019-04-23 16:00:00+00:00,-1,1267.395,1270.396801643837,1270.2218016438371,1262.370803454191,1.82,-546.3278991783518,-1.0534122203750533,"{'trail_atr_mult': 2.0, 'trail_atr_len': 14, 'tp_converts_to_trail': True, 'don_upper': 1290.09, 'don_lower': 1271.09, 'atr': 1.7497321819362965, 'exit_reason': 'sl', 'signal_time': Timestamp('2019-04-23 12:00:00+0000', tz='UTC')}"
2019-04-25 14:00:00+00:00,2019-04-25 16:00:00+00:00,1,1282.0449999999998,1278.4539738048472,1278.6289738048472,1288.2920523903051,1.51,-542.2449554680438,-1.0512291153528857,"{'trail_atr_mult': 2.0, 'trail_atr_len': 14, 'tp_converts_to_trail': True, 'don_upper': 1279.77, 'don_lower': 1266.21, 'atr': 2.1473507967684156, 'exit_reason': 'sl', 'signal_time': Timestamp('2019-04-25 13:00:00+0000', tz='UTC')}"
2019-04-26 14:00:00+00:00,2019-04-29 01:00:00+00:00,1,1285.815,1284.724678403322,1284.899678403322,1292.9197712998546,1.34,14.696906045148609,0.028750115570069,"{'trail_atr_mult': 2.0, 'trail_atr_len': 14, 'tp_converts_to_trail': True, 'don_upper': 1284.1, 'don_lower': 1266.21, 'atr': 2.426590433284836, 'exit_reason': 'sl', 'signal_time': Timestamp('2019-04-26 13:00:00+0000', tz='UTC')}"
2019-05-02 07:00:00+00:00,2019-05-02 16:00:00+00:00,-1,1271.655,1270.830811352271,1270.655811352271,1265.3804832367152,1.51,124.45248580707722,0.2424256535933077,"{'trail_atr_mult': 2.0, 'trail_atr_len': 14, 'tp_converts_to_trail': True, 'don_upper': 1288.67, 'don_lower': 1272.67, 'atr': 2.149838921094929, 'exit_reason': 'sl', 'signal_time': Timestamp('2019-05-02 06:00:00+0000', tz='UTC')}"
2019-05-08 07:00:00+00:00,2019-05-08 14:00:00+00:00,1,1287.445,1287.6142406984236,1287.7892406984236,1291.658830332664,2.17,36.7252315579351,0.07142720314636326,"{'trail_atr_mult': 2.0, 'trail_atr_len': 14, 'tp_converts_to_trail': True, 'don_upper': 1287.25, 'don_lower': 1266.2, 'atr': 1.4629434442212732, 'exit_reason': 'sl', 'signal_time': Timestamp('2019-05-08 06:00:00+0000', tz='UTC')}"
2019-05-13 13:00:00+00:00,2019-05-13 15:00:00+00:00,1,1291.645,1297.2150000000001,1297.85689502318,,1.52,846.6400000000249,1.6535807611177833,"{'trail_atr_mult': 2.0, 'trail_atr_len': 14, 'tp_converts_to_trail': True, 'don_upper': 1291.44, 'don_lower': 1276.93, 'atr': 2.1289650077266637, 'exit_reason': 'sl_gap', 'signal_time': Timestamp('2019-05-13 12:00:00+0000', tz='UTC')}"
2019-05-13 17:00:00+00:00,2019-05-14 03:00:00+00:00,1,1300.465,1298.5992970657169,1298.7742970657168,1308.0926566214491,1.27,-186.1442726539455,-0.35956449592807155,"{'trail_atr_mult': 2.0, 'trail_atr_len': 14, 'tp_converts_to_trail': True, 'don_upper': 1299.63, 'don_lower': 1276.93, 'atr': 2.6008855404830555, 'exit_reason': 'sl', 'signal_time': Timestamp('2019-05-13 16:00:00+0000', tz='UTC')}"
2019-05-17 14:00:00+00:00,2019-05-17 19:00:00+00:00,-1,1280.915,1276.7749999999999,1275.0504982731397,,1.44,596.1600000000144,1.154891973730893,"{'trail_atr_mult': 2.0, 'trail_atr_len': 14, 'tp_converts_to_trail': True, 'don_upper': 1303.23, 'don_lower': 1281.9, 'atr': 2.099833908953359, 'exit_reason': 'sl_gap', 'signal_time': Timestamp('2019-05-17 13:00:00+0000', tz='UTC')}"
2019-05-21 12:00:00+00:00,2019-05-21 15:00:00+00:00,-1,1271.895,1272.998580642238,1272.823580642238,1267.4979541562288,2.11,-232.85551551223008,-0.44842355283408053,"{'trail_atr_mult': 2.0, 'trail_atr_len': 14, 'tp_converts_to_trail': True, 'don_upper': 1300.84, 'don_lower': 1273.61, 'atr': 1.5240152812570606, 'exit_reason': 'sl', 'signal_time': Timestamp('2019-05-21 11:00:00+0000', tz='UTC')}"
2019-05-31 00:00:00+00:00,2019-05-31 12:00:00+00:00,1,1290.655,1296.1495159509725,1296.3245159509725,,1.67,917.584163812412,1.7739936403295757,"{'trail_atr_mult': 2.0, 'trail_atr_len': 14, 'tp_converts_to_trail': True, 'don_upper': 1289.17, 'don_lower': 1274.95, 'atr': 1.9481719836575049, 'exit_reason': 'sl', 'signal_time': Timestamp('2019-05-30 23:00:00+0000', tz='UTC')}"
2019-05-31 15:00:00+00:00,2019-06-03 07:00:00+00:00,1,1302.625,1310.3322965736231,1310.507296573623,,1.22,1086.6901819820214,2.0745286941604046,"{'trail_atr_mult': 2.0, 'trail_atr_len': 14, 'tp_converts_to_trail': True, 'don_upper': 1299.21, 'don_lower': 1274.95, 'atr': 2.705765524541011, 'exit_reason': 'sl', 'signal_time': Timestamp('2019-05-31 14:00:00+0000', tz='UTC')}"
2019-06-03 08:00:00+00:00,2019-06-03 14:00:00+00:00,1,1315.2749999999999,1313.2500471457452,1313.425047145745,1322.8831982826691,1.3,-263.2438710531119,-0.49794749466999694,"{'trail_atr_mult': 2.0, 'trail_atr_len': 14, 'tp_converts_to_trail': True, 'don_upper': 1312.69, 'don_lower': 1274.95, 'atr': 2.594399427556419, 'exit_reason': 'sl', 'signal_time': Timestamp('2019-06-03 07:00:00+0000', tz='UTC')}"
2019-06-03 15:00:00+00:00,2019-06-04 04:00:00+00:00,1,1320.085,1322.8710999892216,1323.0460999892216,1328.0136366313477,1.22,388.7041986850366,0.7406402956658745,"{'trail_atr_mult': 2.0, 'trail_atr_len': 14, 'tp_converts_to_trail': True, 'don_upper': 1318.29, 'don_lower': 1274.95, 'atr': 2.717878877115903, 'exit_reason': 'sl', 'signal_time': Timestamp('2019-06-03 14:00:00+0000', tz='UTC')}"
2019-06-04 08:00:00+00:00,2019-06-04 09:00:00+00:00,1,1328.565,1324.5976555432119,1324.7726555432118,1335.6246889135768,1.39,-551.4608794935555,-1.0461455972668066,"{'trail_atr_mult': 2.0, 'trail_atr_len': 14, 'tp_converts_to_trail': True, 'don_upper': 1327.92, 'don_lower': 1274.95, 'atr': 2.4115629711922377, 'exit_reason': 'sl', 'signal_time': Timestamp('2019-06-04 07:00:00+0000', tz='UTC')}"
2019-06-05 07:00:00+00:00,2019-06-05 12:00:00+00:00,1,1333.665,1334.0926694030247,1334.2676694030247,1341.306480102235,1.29,55.16935299019474,0.10473775670076792,"{'trail_atr_mult': 2.0, 'trail_atr_len': 14, 'tp_converts_to_trail': True, 'don_upper': 1329.0, 'don_lower': 1274.95, 'atr': 2.6054933674116305, 'exit_reason': 'sl', 'signal_time': Timestamp('2019-06-05 06:00:00+0000', tz='UTC')}"
2019-06-05 13:00:00+00:00,2019-06-05 15:00:00+00:00,1,1340.955,1335.3113081918534,1335.4863081918534,1351.4730043608881,0.96,-541.7944135820653,-1.0305285421595507,"{'trail_atr_mult': 2.0, 'trail_atr_len': 14, 'tp_converts_to_trail': True, 'don_upper': 1340.02, 'don_lower': 1274.95, 'atr': 3.554334786962706, 'exit_reason': 'sl', 'signal_time': Timestamp('2019-06-05 12:00:00+0000', tz='UTC')}"
2019-06-14 07:00:00+00:00,2019-06-14 10:00:00+00:00,1,1355.335,1352.4663689519193,1352.6413689519193,1363.286706631607,1.23,-352.84161891392796,-0.6768267849177613,"{'trail_atr_mult': 2.0, 'trail_atr_len': 14, 'tp_converts_to_trail': True, 'don_upper': 1348.23, 'don_lower': 1319.83, 'atr': 2.7089022105356673, 'exit_reason': 'sl', 'signal_time': Timestamp('2019-06-14 06:00:00+0000', tz='UTC')}"
2019-06-19 22:00:00+00:00,2019-06-20 03:00:00+00:00,1,1359.645,1377.175,1382.5298778630993,,0.96,1798.0799999999974,3.469565645630008,"{'trail_atr_mult': 2.0, 'trail_atr_len': 14, 'tp_converts_to_trail': True, 'don_upper': 1358.12, 'don_lower': 1331.69, 'atr': 3.595580174008433, 'exit_reason': 'sl_gap', 'signal_time': Timestamp('2019-06-19 20:00:00+0000', tz='UTC')}"
2019-06-21 02:00:00+00:00,2019-06-21 06:00:00+00:00,1,1404.655,1401.678058144749,1401.853058144749,1419.3497437273422,0.69,-205.40898801231697,-0.39119474132838705,"{'trail_atr_mult': 2.0, 'trail_atr_len': 14, 'tp_converts_to_trail': True, 'don_upper': 1395.22, 'don_lower': 1332.93, 'atr': 4.956581242447404, 'exit_reason': 'sl', 'signal_time': Timestamp('2019-06-21 01:00:00+0000', tz='UTC')}"
2019-06-24 16:00:00+00:00,2019-06-25 02:00:00+00:00,1,1413.905,1424.335,1428.0149149498102,,0.72,779.7600000000044,1.4800222669063892,"{'trail_atr_mult': 2.0, 'trail_atr_len': 14, 'tp_converts_to_trail': True, 'don_upper': 1411.76, 'don_lower': 1333.14, 'atr': 4.761638316603416, 'exit_reason': 'sl_gap', 'signal_time': Timestamp('2019-06-24 15:00:00+0000', tz='UTC')}"
2019-06-25 04:00:00+00:00,2019-06-25 06:00:00+00:00,1,1436.325,1429.367976405487,1429.542976405487,1450.7101239155347,0.72,-500.9056988049342,-0.9369650561953082,"{'trail_atr_mult': 2.0, 'trail_atr_len': 14, 'tp_converts_to_trail': True, 'don_upper': 1428.78, 'don_lower': 1338.59, 'atr': 4.84670797184486, 'exit_reason': 'sl', 'signal_time': Timestamp('2019-06-25 03:00:00+0000', tz='UTC')}"
2019-07-01 06:00:00+00:00,2019-07-01 12:00:00+00:00,-1,1385.875,1390.359258740763,1390.184258740763,1372.4122467936638,0.76,-340.8036642979823,-0.6397970737187922,"{'trail_atr_mult': 2.0, 'trail_atr_len': 14, 'tp_converts_to_trail': True, 'don_upper': 1439.21, 'don_lower': 1389.01, 'atr': 4.549251068778678, 'exit_reason': 'sl', 'signal_time': Timestamp('2019-07-01 05:00:00+0000', tz='UTC')}"
2019-07-02 23:00:00+00:00,2019-07-03 03:00:00+00:00,1,1426.7949999999998,1424.910367028085,1425.0853670280849,1448.8809447550545,0.44,-65.32385076425672,-0.13149431859644936,"{'trail_atr_mult': 2.0, 'trail_atr_len': 14, 'tp_converts_to_trail': True, 'don_upper': 1424.6, 'don_lower': 1381.66, 'atr': 5.5627361887635836, 'exit_reason': 'sl', 'signal_time': Timestamp('2019-07-02 22:00:00+0000', tz='UTC')}"
2019-07-10 20:00:00+00:00,2019-07-11 07:00:00+00:00,1,1418.215,1419.2201182881552,1419.3951182881551,1435.1922320439173,0.57,125.69174242484894,0.2519813795888488,"{'trail_atr_mult': 2.0, 'trail_atr_len': 14, 'tp_converts_to_trail': True, 'don_upper': 1417.2, 'don_lower': 1385.69, 'atr': 4.28805801097936, 'exit_reason': 'sl', 'signal_time': Timestamp('2019-07-10 19:00:00+0000', tz='UTC')}"
2019-07-17 16:00:00+00:00,2019-07-18 06:00:00+00:00,1,1423.855,1421.646619060232,1421.821619060232,1438.9026532822625,0.64,-64.53638014514873,-0.12950663210572128,"{'trail_atr_mult': 2.0, 'trail_atr_len': 14, 'tp_converts_to_trail': True, 'don_upper': 1419.73, 'don_lower': 1400.01, 'atr': 3.8056633205655808, 'exit_reason': 'sl', 'signal_time': Timestamp('2019-07-17 15:00:00+0000', tz='UTC')}"
2019-07-18 16:00:00+00:00,2019-07-18 21:00:00+00:00,1,1428.885,1444.732955040922,1444.907955040922,,0.6,950.8773024553193,1.9084775942459944,"{'trail_atr_mult': 2.0, 'trail_atr_len': 14, 'tp_converts_to_trail': True, 'don_upper': 1428.33, 'don_lower': 1400.01, 'atr': 4.054488760230481, 'exit_reason': 'sl', 'signal_time': Timestamp('2019-07-18 15:00:00+0000', tz='UTC')}"
2019-07-25 12:00:00+00:00,2019-07-25 13:00:00+00:00,1,1431.655,1425.9711817781977,1426.1461817781976,1442.2376364436047,0.91,-517.2274581840104,-1.0317672489731742,"{'trail_atr_mult': 2.0, 'trail_atr_len': 14, 'tp_converts_to_trail': True, 'don_upper': 1430.21, 'don_lower': 1414.13, 'atr': 2.681909110901169, 'exit_reason': 'sl', 'signal_time': Timestamp('2019-07-25 11:00:00+0000', tz='UTC')}"
2019-07-25 17:00:00+00:00,2019-07-26 07:00:00+00:00,-1,1411.905,1417.0373195105328,1416.8623195105329,1395.6618271686152,0.59,-314.6068511214383,-0.6360048365618546,"{'trail_atr_mult': 2.0, 'trail_atr_len': 14, 'tp_converts_to_trail': True, 'don_upper': 1433.73, 'don_lower': 1414.13, 'atr': 4.1045432078461745, 'exit_reason': 'sl', 'signal_time': Timestamp('2019-07-25 16:00:00+0000', tz='UTC')}"
2019-08-01 01:00:00+00:00,2019-08-01 15:00:00+00:00,-1,1407.115,1408.4598656866563,1408.2848656866563,1389.3931287250148,0.54,-72.62274707943743,-0.14740781215461796,"{'trail_atr_mult': 2.0, 'trail_atr_len': 14, 'tp_converts_to_trail': True, 'don_upper': 1434.47, 'don_lower': 1410.17, 'atr': 4.474217818746322, 'exit_reason': 'sl', 'signal_time': Timestamp('2019-08-01 00:00:00+0000', tz='UTC')}"
2019-08-01 18:00:00+00:00,2019-08-02 02:00:00+00:00,1,1438.585,1434.1282477827333,1434.3032477827333,1461.4106079149337,0.42,-170.38359312520305,-0.34746437711990685,"{'trail_atr_mult': 2.0, 'trail_atr_len': 14, 'tp_converts_to_trail': True, 'don_upper': 1434.47, 'don_lower': 1400.44, 'atr': 5.750151978733411, 'exit_reason': 'sl', 'signal_time': Timestamp('2019-08-01 17:00:00+0000', tz='UTC')}"
2019-08-02 15:00:00+00:00,2019-08-04 23:00:00+00:00,1,1446.935,1437.8320027560458,1438.0070027560457,1469.7339543033067,0.42,-348.72588424607545,-0.7119716610640907,"{'trail_atr_mult': 2.0, 'trail_atr_len': 14, 'tp_converts_to_trail': True, 'don_upper': 1445.95, 'don_lower': 1400.44, 'atr': 5.743488575826704, 'exit_reason': 'sl', 'signal_time': Timestamp('2019-08-02 14:00:00+0000', tz='UTC')}"
2019-08-05 02:00:00+00:00,2019-08-05 16:00:00+00:00,1,1449.2649999999999,1459.770700482335,1459.945700482335,1470.4509708065918,0.45,472.7565217050847,0.9664426281415,"{'trail_atr_mult': 2.0, 'trail_atr_len': 14, 'tp_converts_to_trail': True, 'don_upper': 1447.93, 'don_lower': 1400.44, 'atr': 5.342742701647987, 'exit_reason': 'sl', 'signal_time': Timestamp('2019-08-05 01:00:00+0000', tz='UTC')}"
2019-08-05 23:00:00+00:00,2019-08-06 02:00:00+00:00,1,1474.175,1463.4212204220958,1463.5962204220957,1497.2460268061684,0.42,-434.85874227197627,-0.877586693976588,"{'trail_atr_mult': 2.0, 'trail_atr_len': 14, 'tp_converts_to_trail': True, 'don_upper': 1469.72, 'don_lower': 1400.44, 'atr': 5.811506701542108, 'exit_reason': 'sl', 'signal_time': Timestamp('2019-08-05 22:00:00+0000', tz='UTC')}"
2019-08-07 00:00:00+00:00,2019-08-07 13:00:00+00:00,1,1476.955,1494.7350000000001,1495.2367329557726,,0.52,924.5600000000104,1.8908121938896159,"{'trail_atr_mult': 2.0, 'trail_atr_len': 14, 'tp_converts_to_trail': True, 'don_upper': 1476.52, 'don_lower': 1400.44, 'atr': 4.614183238943135, 'exit_reason': 'sl_gap', 'signal_time': Timestamp('2019-08-06 23:00:00+0000', tz='UTC')}"
2019-08-07 13:00:00+00:00,2019-08-07 15:00:00+00:00,1,1497.5249999999999,1497.7200902267516,1497.8950902267516,1517.3794143133255,0.49,9.559421110835501,0.019145812902403327,"{'trail_atr_mult': 2.0, 'trail_atr_len': 14, 'tp_converts_to_trail': True, 'don_upper': 1495.37, 'don_lower': 1430.29, 'atr': 5.007353578331364, 'exit_reason': 'sl', 'signal_time': Timestamp('2019-08-07 12:00:00+0000', tz='UTC')}"
2019-08-12 19:00:00+00:00,2019-08-13 11:00:00+00:00,1,1512.0149999999999,1531.400386440716,1531.5753864407159,,0.49,969.4839355950863,1.9671892955204076,"{'trail_atr_mult': 2.0, 'trail_atr_len': 14, 'tp_converts_to_trail': True, 'don_upper': 1510.33, 'don_lower': 1484.97, 'atr': 4.936346610178979, 'exit_reason': 'sl', 'signal_time': Timestamp('2019-08-12 18:00:00+0000', tz='UTC')}"
2019-08-13 14:00:00+00:00,2019-08-13 15:00:00+00:00,-1,1485.9550000000002,1502.0694517360714,1501.8944517360715,1454.571096527857,0.31,-499.548003818209,-1.010979047642142,"{'trail_atr_mult': 2.0, 'trail_atr_len': 14, 'tp_converts_to_trail': True, 'don_upper': 1534.95, 'don_lower': 1487.2, 'atr': 7.88722586803574, 'exit_reason': 'sl', 'signal_time': Timestamp('2019-08-13 13:00:00+0000', tz='UTC')}"
2019-08-22 12:00:00+00:00,2019-08-22 14:00:00+00:00,-1,1492.615,1498.6932021812606,1498.5182021812607,1481.3335956374785,0.85,-516.6471854071528,-1.029644927384578,"{'trail_atr_mult': 2.0, 'trail_atr_len': 14, 'tp_converts_to_trail': True, 'don_upper': 1512.71, 'don_lower': 1492.93, 'atr': 2.8641010906303404, 'exit_reason': 'sl', 'signal_time': Timestamp('2019-08-22 11:00:00+0000', tz='UTC')}"
2019-08-23 15:00:00+00:00,2019-08-26 02:00:00+00:00,1,1519.2649999999999,1543.1659438385525,1543.3409438385524,,0.6,1506.0566303131573,3.0039654100223476,"{'trail_atr_mult': 2.0, 'trail_atr_len': 14, 'tp_converts_to_trail': True, 'don_upper': 1508.55, 'don_lower': 1492.43, 'atr': 4.105468187450974, 'exit_reason': 'sl', 'signal_time': Timestamp('2019-08-23 14:00:00+0000', tz='UTC')}"
2019-08-29 19:00:00+00:00,2019-08-30 06:00:00+00:00,-1,1521.115,1529.769253442236,1529.594253442236,1500.4180005892026,0.47,-416.1499117850938,-0.8228095608806435,"{'trail_atr_mult': 2.0, 'trail_atr_len': 14, 'tp_converts_to_trail': True, 'don_upper': 1550.3, 'don_lower': 1524.93, 'atr': 5.242999852699395, 'exit_reason': 'sl', 'signal_time': Timestamp('2019-08-29 18:00:00+0000', tz='UTC')}"
2019-08-30 18:00:00+00:00,2019-09-01 23:00:00+00:00,-1,1518.765,1529.565,1527.635020965744,1499.9898319700542,0.52,-582.3999999999976,-1.1606116571236313,"{'trail_atr_mult': 2.0, 'trail_atr_len': 14, 'tp_converts_to_trail': True, 'don_upper': 1550.3, 'don_lower': 1519.52, 'atr': 4.73754200748648, 'exit_reason': 'sl_gap', 'signal_time': Timestamp('2019-08-30 17:00:00+0000', tz='UTC')}"
2019-09-04 18:00:00+00:00,2019-09-05 01:00:00+00:00,1,1555.725,1548.731423363689,1548.9064233636889,1573.1627521174025,0.55,-318.6467149971045,-0.6407848317220918,"{'trail_atr_mult': 2.0, 'trail_atr_len': 14, 'tp_converts_to_trail': True, 'don_upper': 1550.06, 'don_lower': 1516.93, 'atr': 4.413188029350641, 'exit_reason': 'sl', 'signal_time': Timestamp('2019-09-04 17:00:00+0000', tz='UTC')}"
2019-09-05 15:00:00+00:00,2019-09-06 13:00:00+00:00,-1,1513.7350000000001,1512.6540596032332,1512.4790596032333,1489.3368118923997,0.4,35.237615870675654,0.07069243252216606,"{'trail_atr_mult': 2.0, 'trail_atr_len': 14, 'tp_converts_to_trail': True, 'don_upper': 1556.98, 'don_lower': 1519.22, 'atr': 6.143297026900071, 'exit_reason': 'sl', 'signal_time': Timestamp('2019-09-05 14:00:00+0000', tz='UTC')}"
2019-09-09 15:00:00+00:00,2019-09-10 08:00:00+00:00,-1,1498.625,1494.6087990225017,1494.4337990225017,1478.0647205204723,0.47,179.36144594242145,0.36352942871939187,"{'trail_atr_mult': 2.0, 'trail_atr_len': 14, 'tp_converts_to_trail': True, 'don_upper': 1556.98, 'don_lower': 1502.43, 'atr': 5.176319869881926, 'exit_reason': 'sl', 'signal_time': Timestamp('2019-09-09 14:00:00+0000', tz='UTC')}"
2019-09-10 22:00:00+00:00,2019-09-11 06:00:00+00:00,-1,1486.105,1493.409006560879,1493.2340065608792,1467.4722485480634,0.57,-427.72837397010795,-0.8513855645559052,"{'trail_atr_mult': 2.0, 'trail_atr_len': 14, 'tp_converts_to_trail': True, 'don_upper': 1544.63, 'don_lower': 1486.38, 'atr': 4.574437862984171, 'exit_reason': 'sl', 'signal_time': Timestamp('2019-09-10 20:00:00+0000', tz='UTC')}"
2019-09-12 13:00:00+00:00,2019-09-12 15:00:00+00:00,1,1516.135,1510.3248336306629,1510.4998336306628,1534.7306693474668,0.53,-307.9388175748684,-0.6203906824208453,"{'trail_atr_mult': 2.0, 'trail_atr_len': 14, 'tp_converts_to_trail': True, 'don_upper': 1515.43, 'don_lower': 1484.45, 'atr': 4.660167336866733, 'exit_reason': 'sl', 'signal_time': Timestamp('2019-09-12 12:00:00+0000', tz='UTC')}"
2019-09-20 19:00:00+00:00,2019-09-23 07:00:00+00:00,1,1512.705,1512.9539936928422,1513.1289936928422,1526.8947604091813,0.67,97.08257742043443,0.1965435385359055,"{'trail_atr_mult': 2.0, 'trail_atr_len': 14, 'tp_converts_to_trail': True, 'don_upper': 1512.4, 'don_lower': 1482.97, 'atr': 3.5936901022953336, 'exit_reason': 'sl', 'signal_time': Timestamp('2019-09-20 18:00:00+0000', tz='UTC')}"
2019-09-23 09:00:00+00:00,2019-09-24 00:00:00+00:00,1,1520.7749999999999,1520.299866564433,1520.474866564433,1534.6422805079624,0.69,-5.184207054118271,-0.010440796442977155,"{'trail_atr_mult': 2.0, 'trail_atr_len': 14, 'tp_converts_to_trail': True, 'don_upper': 1519.47, 'don_lower': 1482.97, 'atr': 3.5105701269905927, 'exit_reason': 'sl', 'signal_time': Timestamp('2019-09-23 08:00:00+0000', tz='UTC')}"
2019-09-24 16:00:00+00:00,2019-09-24 19:00:00+00:00,1,1527.385,1527.5352096376728,1527.7102096376727,1541.1174338555838,0.69,10.364464999422351,0.020808356827857668,"{'trail_atr_mult': 2.0, 'trail_atr_len': 14, 'tp_converts_to_trail': True, 'don_upper': 1526.77, 'don_lower': 1493.49, 'atr': 3.4918584638959156, 'exit_reason': 'sl', 'signal_time': Timestamp('2019-09-24 15:00:00+0000', tz='UTC')}"
2019-09-27 07:00:00+00:00,2019-09-27 15:00:00+00:00,-1,1497.4850000000001,1494.7260270226595,1494.5510270226596,1484.2774261255518,0.74,204.1640003232037,0.40987303068057784,"{'trail_atr_mult': 2.0, 'trail_atr_len': 14, 'tp_converts_to_trail': True, 'don_upper': 1535.63, 'don_lower': 1500.25, 'atr': 3.3231434686120624, 'exit_reason': 'sl', 'signal_time': Timestamp('2019-09-27 06:00:00+0000', tz='UTC')}"
2019-09-30 12:00:00+00:00,2019-09-30 17:00:00+00:00,-1,1484.195,1469.0054172702316,1468.8304172702317,,0.62,941.754129245634,1.894012205389534,"{'trail_atr_mult': 2.0, 'trail_atr_len': 14, 'tp_converts_to_trail': True, 'don_upper': 1535.08, 'don_lower': 1485.39, 'atr': 3.8973956824420846, 'exit_reason': 'sl', 'signal_time': Timestamp('2019-09-30 11:00:00+0000', tz='UTC')}"
2019-10-01 04:00:00+00:00,2019-10-01 10:00:00+00:00,-1,1463.155,1467.7151034777453,1467.5401034777453,1446.021524320757,0.57,-259.92589823148296,-0.5164775896376548,"{'trail_atr_mult': 2.0, 'trail_atr_len': 14, 'tp_converts_to_trail': True, 'don_upper': 1519.55, 'don_lower': 1464.43, 'atr': 4.327118919810758, 'exit_reason': 'sl', 'signal_time': Timestamp('2019-10-01 03:00:00+0000', tz='UTC')}"
2019-10-03 15:00:00+00:00,2019-10-03 21:00:00+00:00,1,1513.905,1504.7955276620069,1504.9705276620068,1533.617899305968,0.49,-446.36414456166244,-0.8896881659476118,"{'trail_atr_mult': 2.0, 'trail_atr_len': 14, 'tp_converts_to_trail': True, 'don_upper': 1505.22, 'don_lower': 1459.03, 'atr': 4.991974826491974, 'exit_reason': 'sl', 'signal_time': Timestamp('2019-10-03 14:00:00+0000', tz='UTC')}"
2019-10-11 12:00:00+00:00,2019-10-11 17:00:00+00:00,-1,1482.4750000000001,1484.6971131172904,1484.5221131172905,1463.2763314185722,0.5,-111.10565586451457,-0.22194865124279595,"{'trail_atr_mult': 2.0, 'trail_atr_len': 14, 'tp_converts_to_trail': True, 'don_upper': 1516.98, 'don_lower': 1486.81, 'atr': 4.8684171453569425, 'exit_reason': 'sl', 'signal_time': Timestamp('2019-10-11 11:00:00+0000', tz='UTC')}"
2019-10-23 14:00:00+00:00,2019-10-24 01:00:00+00:00,1,1495.5449999999998,1491.350581685452,1491.525581685452,1505.1435466103035,0.99,-296.4474131402395,-0.5915749548681348,"{'trail_atr_mult': 2.0, 'trail_atr_len': 14, 'tp_converts_to_trail': True, 'don_upper': 1495.17, 'don_lower': 1480.78, 'atr': 2.443386652575903, 'exit_reason': 'sl', 'signal_time': Timestamp('2019-10-23 13:00:00+0000', tz='UTC')}"
2019-10-24 14:00:00+00:00,2019-10-25 13:00:00+00:00,1,1499.085,1508.895,1509.7469479236988,,0.89,908.6899999999953,1.8253414728732378,"{'trail_atr_mult': 2.0, 'trail_atr_len': 14, 'tp_converts_to_trail': True, 'don_upper': 1496.23, 'don_lower': 1480.78, 'atr': 2.709236980924671, 'exit_reason': 'sl_gap', 'signal_time': Timestamp('2019-10-24 13:00:00+0000', tz='UTC')}"
2019-10-25 13:00:00+00:00,2019-10-25 15:00:00+00:00,1,1513.725,1512.0354428618657,1512.2104428618657,1524.1439175390042,0.92,-155.43925670834687,-0.3087664233785858,"{'trail_atr_mult': 2.0, 'trail_atr_len': 14, 'tp_converts_to_trail': True, 'don_upper': 1509.86, 'don_lower': 1481.4, 'atr': 2.6484793847510533, 'exit_reason': 'sl', 'signal_time': Timestamp('2019-10-25 12:00:00+0000', tz='UTC')}"
2019-10-29 10:00:00+00:00,2019-10-29 15:00:00+00:00,-1,1486.585,1489.8848157090283,1489.7098157090284,1475.780992277741,0.87,-287.0839666854604,-0.571940982873761,"{'trail_atr_mult': 2.0, 'trail_atr_len': 14, 'tp_converts_to_trail': True, 'don_upper': 1517.93, 'don_lower': 1487.93, 'atr': 2.7622519305647124, 'exit_reason': 'sl', 'signal_time': Timestamp('2019-10-29 09:00:00+0000', tz='UTC')}"
2019-10-31 12:00:00+00:00,2019-11-01 06:00:00+00:00,1,1508.445,1509.2233154967355,1509.3983154967354,1520.5028755504736,0.8,94.2652397388447,0.18728874683835106,"{'trail_atr_mult': 2.0, 'trail_atr_len': 14, 'tp_converts_to_trail': True, 'don_upper': 1508.17, 'don_lower': 1481.08, 'atr': 3.0582188876183993, 'exit_reason': 'sl', 'signal_time': Timestamp('2019-10-31 11:00:00+0000', tz='UTC')}"
2019-11-05 13:00:00+00:00,2019-11-06 01:00:00+00:00,-1,1491.345,1486.105,1485.882955064334,1478.4289140091653,0.74,372.96000000000066,0.7466066068198388,"{'trail_atr_mult': 2.0, 'trail_atr_len': 14, 'tp_converts_to_trail': True, 'don_upper': 1516.09, 'don_lower': 1493.89, 'atr': 3.27777149770868, 'exit_reason': 'sl_gap', 'signal_time': Timestamp('2019-11-05 12:00:00+0000', tz='UTC')}"
2019-11-07 15:00:00+00:00,2019-11-07 19:00:00+00:00,-1,1469.4750000000001,1469.471987310706,1469.296987310706,1453.6549754664318,0.62,0.1867867362348079,0.0003693147120816375,"{'trail_atr_mult': 2.0, 'trail_atr_len': 14, 'tp_converts_to_trail': True, 'don_upper': 1514.77, 'don_lower': 1479.31, 'atr': 3.99625613339209, 'exit_reason': 'sl', 'signal_time': Timestamp('2019-11-07 14:00:00+0000', tz='UTC')}"
2019-11-08 12:00:00+00:00,2019-11-08 14:00:00+00:00,-1,1458.025,1464.7921445972365,1464.6171445972366,1443.9426753800844,0.69,-466.9329772093142,-0.924642278962521,"{'trail_atr_mult': 2.0, 'trail_atr_len': 14, 'tp_converts_to_trail': True, 'don_upper': 1507.76, 'don_lower': 1460.46, 'atr': 3.5668311549788747, 'exit_reason': 'sl', 'signal_time': Timestamp('2019-11-08 11:00:00+0000', tz='UTC')}"
2019-11-11 15:00:00+00:00,2019-11-11 16:00:00+00:00,-1,1448.765,1455.5526598094636,1455.3776598094637,1436.0946803810725,0.76,-515.8621455192297,-1.0264643887697815,"{'trail_atr_mult': 2.0, 'trail_atr_len': 14, 'tp_converts_to_trail': True, 'don_upper': 1494.13, 'don_lower': 1456.12, 'atr': 3.2138299047318784, 'exit_reason': 'sl', 'signal_time': Timestamp('2019-11-11 14:00:00+0000', tz='UTC')}"
2019-11-14 08:00:00+00:00,2019-11-14 15:00:00+00:00,1,1469.7849999999999,1465.2394550717152,1465.414455071715,1480.3615151393276,0.9,-409.0990435456229,-0.8189053244060186,"{'trail_atr_mult': 2.0, 'trail_atr_len': 14, 'tp_converts_to_trail': True, 'don_upper': 1467.8, 'don_lower': 1445.57, 'atr': 2.687878784831935, 'exit_reason': 'sl', 'signal_time': Timestamp('2019-11-14 07:00:00+0000', tz='UTC')}"
2019-11-14 16:00:00+00:00,2019-11-14 23:00:00+00:00,1,1473.495,1468.797919247662,1468.972919247662,1485.0985609388063,0.82,-385.16062169169936,-0.7745487327039848,"{'trail_atr_mult': 2.0, 'trail_atr_len': 14, 'tp_converts_to_trail': True, 'don_upper': 1470.47, 'don_lower': 1445.57, 'atr': 2.944640234701597, 'exit_reason': 'sl', 'signal_time': Timestamp('2019-11-14 15:00:00+0000', tz='UTC')}"
2019-11-18 12:00:00+00:00,2019-11-18 13:00:00+00:00,-1,1456.785,1461.9404659346646,1461.7654659346647,1447.3490681306705,0.99,-510.3911275317916,-1.035137274764181,"{'trail_atr_mult': 2.0, 'trail_atr_len': 14, 'tp_converts_to_trail': True, 'don_upper': 1474.55, 'don_lower': 1457.12, 'atr': 2.4027329673323803, 'exit_reason': 'sl', 'signal_time': Timestamp('2019-11-18 11:00:00+0000', tz='UTC')}"
2019-11-20 05:00:00+00:00,2019-11-20 12:00:00+00:00,1,1475.425,1473.5816404653485,1473.7566404653485,1484.9480571408017,0.98,-180.6492343958398,-0.3680073908031008,"{'trail_atr_mult': 2.0, 'trail_atr_len': 14, 'tp_converts_to_trail': True, 'don_upper': 1475.23, 'don_lower': 1456.28, 'atr': 2.4220142852004414, 'exit_reason': 'sl', 'signal_time': Timestamp('2019-11-20 04:00:00+0000', tz='UTC')}"
2019-11-24 23:00:00+00:00,2019-11-25 14:00:00+00:00,-1,1460.185,1458.6067971782174,1458.4317971782175,1450.3855303241432,0.95,130.92926806933724,0.2669779397977951,"{'trail_atr_mult': 2.0, 'trail_atr_len': 14, 'tp_converts_to_trail': True, 'don_upper': 1478.75, 'don_lower': 1461.25, 'atr': 2.4936174189641847, 'exit_reason': 'sl', 'signal_time': Timestamp('2019-11-24 22:00:00+0000', tz='UTC')}"
2019-11-25 23:00:00+00:00,2019-11-26 05:00:00+00:00,-1,1453.625,1455.6134787668846,1455.4384787668846,1445.1637697607207,1.1,-240.73266435730105,-0.48870533883476536,"{'trail_atr_mult': 2.0, 'trail_atr_len': 14, 'tp_converts_to_trail': True, 'don_upper': 1477.01, 'don_lower': 1454.0, 'atr': 2.156557559819838, 'exit_reason': 'sl', 'signal_time': Timestamp('2019-11-25 22:00:00+0000', tz='UTC')}"
2019-11-29 16:00:00+00:00,2019-12-01 23:00:00+00:00,1,1464.245,1461.785550148325,1461.960550148325,1473.0816580848516,1.06,-175.90168427753832,-0.35912383609927123,"{'trail_atr_mult': 2.0, 'trail_atr_len': 14, 'tp_converts_to_trail': True, 'don_upper': 1463.11, 'don_lower': 1450.02, 'atr': 2.242914521212917, 'exit_reason': 'sl', 'signal_time': Timestamp('2019-11-29 15:00:00+0000', tz='UTC')}"
2019-12-03 10:00:00+00:00,2019-12-03 15:00:00+00:00,1,1470.345,1477.9950000000001,1480.0367976877144,,0.96,734.4000000000087,1.4975338132024356,"{'trail_atr_mult': 2.0, 'trail_atr_len': 14, 'tp_converts_to_trail': True, 'don_upper': 1466.89, 'don_lower': 1452.45, 'atr': 2.4666994219285727, 'exit_reason': 'sl_gap', 'signal_time': Timestamp('2019-12-03 09:00:00+0000', tz='UTC')}"
2019-12-04 07:00:00+00:00,2019-12-04 09:00:00+00:00,1,1483.975,1479.2471443936688,1479.4221443936688,1493.0095294717876,1.01,-477.51341623944154,-0.9708591405830153,"{'trail_atr_mult': 2.0, 'trail_atr_len': 14, 'tp_converts_to_trail': True, 'don_upper': 1481.73, 'don_lower': 1452.94, 'atr': 2.3173823679468826, 'exit_reason': 'sl', 'signal_time': Timestamp('2019-12-04 06:00:00+0000', tz='UTC')}"
2019-12-12 13:00:00+00:00,2019-12-12 14:00:00+00:00,1,1483.0349999999999,1477.819675981205,1477.9946759812049,1492.1406480375906,0.97,-505.88642982310967,-1.0347199900933737,"{'trail_atr_mult': 2.0, 'trail_atr_len': 14, 'tp_converts_to_trail': True, 'don_upper': 1478.84, 'don_lower': 1459.0, 'atr': 2.3576620093976177, 'exit_reason': 'sl', 'signal_time': Timestamp('2019-12-12 12:00:00+0000', tz='UTC')}"
2019-12-19 18:00:00+00:00,2019-12-20 03:00:00+00:00,1,1481.195,1477.7880177753837,1477.9630177753836,1488.6219059137798,1.21,-363.8448491785706,-0.7422900874476933,"{'trail_atr_mult': 2.0, 'trail_atr_len': 14, 'tp_converts_to_trail': True, 'don_upper': 1480.49, 'don_lower': 1470.38, 'atr': 1.9129764784449441, 'exit_reason': 'sl', 'signal_time': Timestamp('2019-12-19 17:00:00+0000', tz='UTC')}"
2019-12-23 06:00:00+00:00,2019-12-23 12:00:00+00:00,1,1483.605,1481.9677448030463,1482.1427448030463,1489.1507008634705,1.55,-253.77455552781956,-0.5213606673981551,"{'trail_atr_mult': 2.0, 'trail_atr_len': 14, 'tp_converts_to_trail': True, 'don_upper': 1481.65, 'don_lower': 1470.38, 'atr': 1.4476752158676658, 'exit_reason': 'sl', 'signal_time': Timestamp('2019-12-23 05:00:00+0000', tz='UTC')}"
2019-12-24 01:00:00+00:00,2019-12-24 11:00:00+00:00,1,1487.685,1489.4186641511114,1489.5936641511114,1494.0861818828062,1.4,242.71298115560964,0.4984527950301828,"{'trail_atr_mult': 2.0, 'trail_atr_len': 14, 'tp_converts_to_trail': True, 'don_upper': 1486.09, 'don_lower': 1470.38, 'atr': 1.6465454707015459, 'exit_reason': 'sl', 'signal_time': Timestamp('2019-12-24 00:00:00+0000', tz='UTC')}"
2019-12-24 15:00:00+00:00,2019-12-26 14:00:00+00:00,1,1498.845,1507.5095419837844,1507.6845419837844,,1.04,1067.512366313575,2.1852139255967793,"{'trail_atr_mult': 2.0, 'trail_atr_len': 14, 'tp_converts_to_trail': True, 'don_upper': 1494.13, 'don_lower': 1473.19, 'atr': 2.2561354959460775, 'exit_reason': 'sl', 'signal_time': Timestamp('2019-12-24 14:00:00+0000', tz='UTC')}"
2019-12-26 14:00:00+00:00,2019-12-26 16:00:00+00:00,1,1510.0449999999998,1507.7345410331095,1507.9095410331095,1518.9248892810676,1.05,-242.59819152348544,-0.4913314549149048,"{'trail_atr_mult': 2.0, 'trail_atr_len': 14, 'tp_converts_to_trail': True, 'don_upper': 1508.29, 'don_lower': 1475.78, 'atr': 2.2637223202669414, 'exit_reason': 'sl', 'signal_time': Timestamp('2019-12-26 13:00:00+0000', tz='UTC')}"
2019-12-27 02:00:00+00:00,2019-12-27 06:00:00+00:00,1,1513.635,1509.2209301345167,1509.3959301345167,1523.2298117272762,0.97,-428.1647769518772,-0.8723620526626897,"{'trail_atr_mult': 2.0, 'trail_atr_len': 14, 'tp_converts_to_trail': True, 'don_upper': 1512.56, 'don_lower': 1475.78, 'atr': 2.442452931819031, 'exit_reason': 'sl', 'signal_time': Timestamp('2019-12-27 01:00:00+0000', tz='UTC')}"
2019-12-31 01:00:00+00:00,2019-12-31 11:00:00+00:00,1,1521.405,1521.6836702725848,1521.8586702725847,1529.1605388310209,1.18,32.88309216500693,0.06730727994193889,"{'trail_atr_mult': 2.0, 'trail_atr_len': 14, 'tp_converts_to_trail': True, 'don_upper': 1516.07, 'don_lower': 1488.69, 'atr': 1.9826347077551834, 'exit_reason': 'sl', 'signal_time': Timestamp('2019-12-31 00:00:00+0000', tz='UTC')}"
2020-01-02 13:00:00+00:00,2020-01-02 16:00:00+00:00,1,1528.215,1525.4238202607087,1525.5988202607086,1540.4542609845857,0.78,-217.71201966471656,-0.43734294412530544,"{'trail_atr_mult': 2.0, 'trail_atr_len': 14, 'tp_converts_to_trail': True, 'don_upper': 1525.23, 'don_lower': 1482.14, 'atr': 2.4828521969171398, 'exit_reason': 'sl', 'signal_time': Timestamp('2020-01-02 12:00:00+0000', tz='UTC')}"
2020-01-03 01:00:00+00:00,2020-01-03 10:00:00+00:00,1,1535.065,1546.615,1548.2937646622474,,0.72,831.5999999999967,1.6795401526250606,"{'trail_atr_mult': 2.0, 'trail_atr_len': 14, 'tp_converts_to_trail': True, 'don_upper': 1531.32, 'don_lower': 1488.42, 'atr': 2.680752932449475, 'exit_reason': 'sl_gap', 'signal_time': Timestamp('2020-01-03 00:00:00+0000', tz='UTC')}"
2020-01-05 23:00:00+00:00,2020-01-06 15:00:00+00:00,1,1569.245,1570.6374107756496,1570.8124107756496,1596.6531734906123,0.36,64.52678792339101,0.12847361439033253,"{'trail_atr_mult': 2.0, 'trail_atr_len': 14, 'tp_converts_to_trail': True, 'don_upper': 1553.43, 'don_lower': 1503.4, 'atr': 5.514634698122475, 'exit_reason': 'sl', 'signal_time': Timestamp('2020-01-05 22:00:00+0000', tz='UTC')}"
2020-01-07 23:00:00+00:00,2020-01-08 01:00:00+00:00,1,1595.105,1598.021721315951,1598.196721315951,1623.185672067477,0.35,116.08524605828528,0.23360752357397294,"{'trail_atr_mult': 2.0, 'trail_atr_len': 14, 'tp_converts_to_trail': True, 'don_upper': 1582.09, 'don_lower': 1510.7, 'atr': 5.63713441349542, 'exit_reason': 'sl', 'signal_time': Timestamp('2020-01-07 22:00:00+0000', tz='UTC')}"
2020-01-14 01:00:00+00:00,2020-01-14 07:00:00+00:00,-1,1537.405,1542.3453944293915,1542.1703944293915,1521.0585431464146,0.59,-291.4832713340995,-0.5825436425700911,"{'trail_atr_mult': 2.0, 'trail_atr_len': 14, 'tp_converts_to_trail': True, 'don_upper': 1611.35, 'don_lower': 1540.2, 'atr': 3.3102913707170702, 'exit_reason': 'sl', 'signal_time': Timestamp('2020-01-14 00:00:00+0000', tz='UTC')}"
2020-01-20 05:00:00+00:00,2020-01-20 13:00:00+00:00,1,1562.0349999999999,1558.6071519631637,1558.7821519631636,1573.5735007676735,0.83,-284.51138705740186,-0.5683007118500476,"{'trail_atr_mult': 2.0, 'trail_atr_len': 14, 'tp_converts_to_trail': True, 'don_upper': 1561.21, 'don_lower': 1535.96, 'atr': 2.34270015353472, 'exit_reason': 'sl', 'signal_time': Timestamp('2020-01-20 04:00:00+0000', tz='UTC')}"
2020-01-21 01:00:00+00:00,2020-01-21 07:00:00+00:00,1,1566.7549999999999,1564.107377446557,1564.282377446557,1577.5281857191853,0.88,-232.99078470297897,-0.46868101113739824,"{'trail_atr_mult': 2.0, 'trail_atr_len': 14, 'tp_converts_to_trail': True, 'don_upper': 1562.76, 'don_lower': 1535.96, 'atr': 2.189637143837086, 'exit_reason': 'sl', 'signal_time': Timestamp('2020-01-21 00:00:00+0000', tz='UTC')}"
2020-01-24 15:00:00+00:00,2020-01-27 00:00:00+00:00,1,1570.145,1578.7177861583564,1578.8927861583563,1588.740716904956,0.53,517.9576663928889,1.0418350437103687,"{'trail_atr_mult': 2.0, 'trail_atr_len': 14, 'tp_converts_to_trail': True, 'don_upper': 1568.59, 'don_lower': 1546.3, 'atr': 3.730143380991191, 'exit_reason': 'sl', 'signal_time': Timestamp('2020-01-24 14:00:00+0000', tz='UTC')}"
2020-02-04 13:00:00+00:00,2020-02-05 01:00:00+00:00,-1,1559.685,1556.5715268932877,1556.3965268932877,1540.9599910540592,0.52,151.50060154903767,0.30269836392222665,"{'trail_atr_mult': 2.0, 'trail_atr_len': 14, 'tp_converts_to_trail': True, 'don_upper': 1592.0, 'don_lower': 1563.35, 'atr': 3.780001789188168, 'exit_reason': 'sl', 'signal_time': Timestamp('2020-02-04 12:00:00+0000', tz='UTC')}"
2020-02-05 09:00:00+00:00,2020-02-05 14:00:00+00:00,-1,1548.4750000000001,1556.674649621072,1556.499649621072,1528.5732498595353,0.49,-401.78283143251747,-0.8028344758404372,"{'trail_atr_mult': 2.0, 'trail_atr_len': 14, 'tp_converts_to_trail': True, 'don_upper': 1592.0, 'don_lower': 1548.97, 'atr': 4.015350028092979, 'exit_reason': 'sl', 'signal_time': Timestamp('2020-02-05 08:00:00+0000', tz='UTC')}"
2020-02-14 13:00:00+00:00,2020-02-16 23:00:00+00:00,1,1580.2649999999999,1580.376020127552,1580.551020127552,1591.1295399291755,0.88,80.16977122458812,0.1599748775134392,"{'trail_atr_mult': 2.0, 'trail_atr_len': 14, 'tp_converts_to_trail': True, 'don_upper': 1578.33, 'don_lower': 1560.08, 'atr': 2.2079079858351136, 'exit_reason': 'sl', 'signal_time': Timestamp('2020-02-14 12:00:00+0000', tz='UTC')}"
2020-02-18 00:00:00+00:00,2020-02-19 00:00:00+00:00,1,1586.555,1599.462626009087,1599.637626009087,,1.03,1370.6854789359534,2.756163681088796,"{'trail_atr_mult': 2.0, 'trail_atr_len': 14, 'tp_converts_to_trail': True, 'don_upper': 1585.33, 'don_lower': 1561.92, 'atr': 1.8733259369022304, 'exit_reason': 'sl', 'signal_time': Timestamp('2020-02-17 23:00:00+0000', tz='UTC')}"
2020-02-19 08:00:00+00:00,2020-02-19 13:00:00+00:00,1,1607.975,1605.9487821020193,1606.1237821020193,1621.0911358954613,0.74,-149.94012445056342,-0.2977294347132687,"{'trail_atr_mult': 2.0, 'trail_atr_len': 14, 'tp_converts_to_trail': True, 'don_upper': 1605.77, 'don_lower': 1561.95, 'atr': 2.656227179092297, 'exit_reason': 'sl', 'signal_time': Timestamp('2020-02-19 07:00:00+0000', tz='UTC')}"
2020-02-19 20:00:00+00:00,2020-02-20 01:00:00+00:00,1,1612.975,1606.5551682242144,1606.7301682242144,1629.3302808500052,0.61,-318.4097383229153,-0.6273730380919639,"{'trail_atr_mult': 2.0, 'trail_atr_len': 14, 'tp_converts_to_trail': True, 'don_upper': 1611.29, 'don_lower': 1563.51, 'atr': 3.290056170001042, 'exit_reason': 'sl', 'signal_time': Timestamp('2020-02-19 19:00:00+0000', tz='UTC')}"
2020-02-20 11:00:00+00:00,2020-02-20 18:00:00+00:00,1,1617.655,1615.8943260244605,1616.0693260244605,1634.0675923775648,0.59,-103.87976455682906,-0.2079013281570813,"{'trail_atr_mult': 2.0, 'trail_atr_len': 14, 'tp_converts_to_trail': True, 'don_upper': 1612.91, 'don_lower': 1569.48, 'atr': 3.3175184755129443, 'exit_reason': 'sl', 'signal_time': Timestamp('2020-02-20 10:00:00+0000', tz='UTC')}"
2020-02-21 03:00:00+00:00,2020-02-21 14:00:00+00:00,1,1625.165,1641.0166167807,1641.1916167806999,,0.6,951.0970068419965,1.8948099264364524,"{'trail_atr_mult': 2.0, 'trail_atr_len': 14, 'tp_converts_to_trail': True, 'don_upper': 1624.63, 'don_lower': 1573.02, 'atr': 3.252323356139955, 'exit_reason': 'sl', 'signal_time': Timestamp('2020-02-21 02:00:00+0000', tz='UTC')}"
2020-02-23 23:00:00+00:00,2020-02-24 13:00:00+00:00,1,1665.7949999999998,1675.563766270197,1675.738766270197,1698.8094238008796,0.3,305.0629881059144,0.597821193546158,"{'trail_atr_mult': 2.0, 'trail_atr_len': 14, 'tp_converts_to_trail': True, 'don_upper': 1649.23, 'don_lower': 1574.84, 'atr': 6.669884760175913, 'exit_reason': 'sl', 'signal_time': Timestamp('2020-02-23 22:00:00+0000', tz='UTC')}"
2020-02-28 12:00:00+00:00,2020-02-28 16:00:00+00:00,-1,1619.675,1583.815,1575.3552453375582,,0.22,788.9199999999978,1.610066113137018,"{'trail_atr_mult': 2.0, 'trail_atr_len': 14, 'tp_converts_to_trail': True, 'don_upper': 1689.25, 'don_lower': 1621.16, 'atr': 8.878950932488335, 'exit_reason': 'sl_gap', 'signal_time': Timestamp('2020-02-28 11:00:00+0000', tz='UTC')}"
2020-03-05 17:00:00+00:00,2020-03-06 06:00:00+00:00,1,1667.2649999999999,1669.859179381475,1670.034179381475,1694.782740974793,0.36,107.79045773310773,0.21286083600300648,"{'trail_atr_mult': 2.0, 'trail_atr_len': 14, 'tp_converts_to_trail': True, 'don_upper': 1663.77, 'don_lower': 1562.93, 'atr': 5.544548194958588, 'exit_reason': 'sl', 'signal_time': Timestamp('2020-03-05 16:00:00+0000', tz='UTC')}"
2020-03-06 09:00:00+00:00,2020-03-06 13:00:00+00:00,1,1684.5449999999998,1676.9037015603765,1677.0787015603764,1716.259230365635,0.32,-244.52155006794786,-0.47625314490600396,"{'trail_atr_mult': 2.0, 'trail_atr_len': 14, 'tp_converts_to_trail': True, 'don_upper': 1681.05, 'don_lower': 1562.93, 'atr': 6.36784607312699, 'exit_reason': 'sl', 'signal_time': Timestamp('2020-03-06 08:00:00+0000', tz='UTC')}"
2020-03-08 23:00:00+00:00,2020-03-09 03:00:00+00:00,1,1700.2949999999998,1678.0903719657977,1678.2653719657976,1764.6242013399499,0.15,-327.0694205130328,-0.6721090060108933,"{'trail_atr_mult': 2.0, 'trail_atr_len': 14, 'tp_converts_to_trail': True, 'don_upper': 1692.09, 'don_lower': 1562.93, 'atr': 12.902840267990001, 'exit_reason': 'sl', 'signal_time': Timestamp('2020-03-08 22:00:00+0000', tz='UTC')}"
2020-03-12 12:00:00+00:00,2020-03-12 16:00:00+00:00,-1,1610.055,1566.445,1563.7091820783749,,0.21,915.8100000000026,1.8608593548728967,"{'trail_atr_mult': 2.0, 'trail_atr_len': 14, 'tp_converts_to_trail': True, 'don_upper': 1703.44, 'don_lower': 1630.78, 'atr': 9.304163584325018, 'exit_reason': 'sl_gap', 'signal_time': Timestamp('2020-03-12 11:00:00+0000', tz='UTC')}"
2020-03-13 01:00:00+00:00,2020-03-13 04:00:00+00:00,-1,1554.795,1580.3482377601283,1580.1732377601284,1480.8571533681527,0.13,-332.1920908816671,-0.687165784755269,"{'trail_atr_mult': 2.0, 'trail_atr_len': 14, 'tp_converts_to_trail': True, 'don_upper': 1703.44, 'don_lower': 1560.59, 'atr': 14.816569326369452, 'exit_reason': 'sl', 'signal_time': Timestamp('2020-03-13 00:00:00+0000', tz='UTC')}"
2020-03-13 15:00:00+00:00,2020-03-15 23:00:00+00:00,-1,1534.4550000000002,1543.215,1540.6575391863573,1447.4855561917993,0.11,-100.7599999999974,-0.2083844156480998,"{'trail_atr_mult': 2.0, 'trail_atr_len': 14, 'tp_converts_to_trail': True, 'don_upper': 1703.44, 'don_lower': 1551.31, 'atr': 17.456888761640144, 'exit_reason': 'sl_gap', 'signal_time': Timestamp('2020-03-13 14:00:00+0000', tz='UTC')}"
2020-03-16 10:00:00+00:00,2020-03-16 14:00:00+00:00,-1,1477.375,1493.0709782674494,1492.8959782674494,1377.867662546205,0.1,-156.9597826744939,-0.314383792461793,"{'trail_atr_mult': 2.0, 'trail_atr_len': 14, 'tp_converts_to_trail': True, 'don_upper': 1702.99, 'don_lower': 1504.62, 'atr': 19.924467490759, 'exit_reason': 'sl', 'signal_time': Timestamp('2020-03-16 09:00:00+0000', tz='UTC')}"
2020-03-23 17:00:00+00:00,2020-03-24 05:00:00+00:00,1,1559.745,1562.0859623347296,1562.2609623347296,1614.2465655181327,0.18,49.33732202513529,0.09908304660015248,"{'trail_atr_mult': 2.0, 'trail_atr_len': 14, 'tp_converts_to_trail': True, 'don_upper': 1553.85, 'don_lower': 1451.13, 'atr': 10.95531310362653, 'exit_reason': 'sl', 'signal_time': Timestamp('2020-03-23 16:00:00+0000', tz='UTC')}"
2020-03-24 08:00:00+00:00,2020-03-24 11:00:00+00:00,1,1584.965,1581.0855623143225,1581.2605623143224,1648.2607030839686,0.15,-58.19156528516146,-0.11971595742916902,"{'trail_atr_mult': 2.0, 'trail_atr_len': 14, 'tp_converts_to_trail': True, 'don_upper': 1584.32, 'don_lower': 1461.89, 'atr': 12.76014061679369, 'exit_reason': 'sl', 'signal_time': Timestamp('2020-03-24 07:00:00+0000', tz='UTC')}"
2020-03-24 16:00:00+00:00,2020-03-25 05:00:00+00:00,1,1621.105,1606.1093493272622,1606.2843493272621,1716.180394404559,0.1,-145.95650672737838,-0.2943549989968955,"{'trail_atr_mult': 2.0, 'trail_atr_len': 14, 'tp_converts_to_trail': True, 'don_upper': 1618.12, 'don_lower': 1461.89, 'atr': 19.288078880911762, 'exit_reason': 'sl', 'signal_time': Timestamp('2020-03-24 15:00:00+0000', tz='UTC')}"
2020-04-06 08:00:00+00:00,2020-04-06 21:00:00+00:00,1,1631.5349999999999,1665.2056935466626,1665.3806935466625,,0.29,976.4501128532193,1.9575589951982006,"{'trail_atr_mult': 2.0, 'trail_atr_len': 14, 'tp_converts_to_trail': True, 'don_upper': 1629.67, 'don_lower': 1569.33, 'atr': 6.80613870933251, 'exit_reason': 'sl', 'signal_time': Timestamp('2020-04-06 07:00:00+0000', tz='UTC')}"
2020-04-09 14:00:00+00:00,2020-04-09 19:00:00+00:00,1,1683.225,1675.4489698510451,1675.623969851045,1715.9670739526862,0.31,-241.05693461759756,-0.4645585310081032,"{'trail_atr_mult': 2.0, 'trail_atr_len': 14, 'tp_converts_to_trail': True, 'don_upper': 1674.02, 'don_lower': 1585.69, 'atr': 6.597414790537253, 'exit_reason': 'sl', 'signal_time': Timestamp('2020-04-09 13:00:00+0000', tz='UTC')}"
2020-04-13 15:00:00+00:00,2020-04-14 06:00:00+00:00,1,1699.925,1711.524115656716,1711.699115656716,1734.3726947595892,0.28,335.9752383880507,0.6695431656129021,"{'trail_atr_mult': 2.0, 'trail_atr_len': 14, 'tp_converts_to_trail': True, 'don_upper': 1695.39, 'don_lower': 1605.85, 'atr': 6.982538951917813, 'exit_reason': 'sl', 'signal_time': Timestamp('2020-04-13 14:00:00+0000', tz='UTC')}"
2020-04-14 13:00:00+00:00,2020-04-14 16:00:00+00:00,1,1730.325,1730.2358378195381,1730.410837819538,1767.728020992803,0.27,-2.4073788724720093,-0.004675763353255856,"{'trail_atr_mult': 2.0, 'trail_atr_len': 14, 'tp_converts_to_trail': True, 'don_upper': 1727.53, 'don_lower': 1622.87, 'atr': 7.529604198560635, 'exit_reason': 'sl', 'signal_time': Timestamp('2020-04-14 12:00:00+0000', tz='UTC')}"
2020-04-19 23:00:00+00:00,2020-04-20 12:00:00+00:00,-1,1675.2450000000001,1685.3508224719217,1685.1758224719217,1632.5310088326573,0.25,-257.6455617980389,-0.49847999580996577,"{'trail_atr_mult': 2.0, 'trail_atr_len': 14, 'tp_converts_to_trail': True, 'don_upper': 1747.4, 'don_lower': 1674.98, 'atr': 8.451798233468528, 'exit_reason': 'sl', 'signal_time': Timestamp('2020-04-19 22:00:00+0000', tz='UTC')}"
2020-04-21 12:00:00+00:00,2020-04-21 14:00:00+00:00,-1,1666.775,1679.7326802026585,1679.5576802026585,1625.5484767983107,0.24,-310.9843248638008,-0.6207045496310987,"{'trail_atr_mult': 2.0, 'trail_atr_len': 14, 'tp_converts_to_trail': True, 'don_upper': 1747.4, 'don_lower': 1670.7, 'atr': 8.280304640337844, 'exit_reason': 'sl', 'signal_time': Timestamp('2020-04-21 11:00:00+0000', tz='UTC')}"
2020-04-30 17:00:00+00:00,2020-05-01 12:00:00+00:00,-1,1687.525,1684.030611801972,1683.8556118019721,1647.9663190667636,0.26,85.65409314872777,0.16944837108834995,"{'trail_atr_mult': 2.0, 'trail_atr_len': 14, 'tp_converts_to_trail': True, 'don_upper': 1738.78, 'don_lower': 1691.54, 'atr': 7.866736186647276, 'exit_reason': 'sl', 'signal_time': Timestamp('2020-04-30 16:00:00+0000', tz='UTC')}"
2020-05-07 18:00:00+00:00,2020-05-08 13:00:00+00:00,1,1720.0149999999999,1713.7817074276948,1713.9567074276947,1748.9907715225777,0.35,-204.1652400306791,-0.39708232765927415,"{'trail_atr_mult': 2.0, 'trail_atr_len': 14, 'tp_converts_to_trail': True, 'don_upper': 1716.31, 'don_lower': 1670.4, 'atr': 5.82215430451553, 'exit_reason': 'sl', 'signal_time': Timestamp('2020-05-07 17:00:00+0000', tz='UTC')}"
2020-05-14 14:00:00+00:00,2020-05-15 15:00:00+00:00,1,1732.175,1734.4547101611472,1734.6297101611472,1759.6596265778016,0.36,96.469565801301,0.19032284776529815,"{'trail_atr_mult': 2.0, 'trail_atr_len': 14, 'tp_converts_to_trail': True, 'don_upper': 1723.6, 'don_lower': 1688.79, 'atr': 5.541925315560303, 'exit_reason': 'sl', 'signal_time': Timestamp('2020-05-14 13:00:00+0000', tz='UTC')}"
2020-05-15 16:00:00+00:00,2020-05-15 19:00:00+00:00,1,1749.105,1740.0376625343288,1740.2126625343287,1778.2730838096643,0.34,-308.2894738328223,-0.6107373369363622,"{'trail_atr_mult': 2.0, 'trail_atr_len': 14, 'tp_converts_to_trail': True, 'don_upper': 1745.28, 'don_lower': 1691.53, 'atr': 5.8686167619328335, 'exit_reason': 'sl', 'signal_time': Timestamp('2020-05-15 15:00:00+0000', tz='UTC')}"
2020-05-18 00:00:00+00:00,2020-05-18 13:00:00+00:00,1,1758.235,1754.4034010446826,1754.5784010446826,1790.5589565674181,0.31,-118.77956761483641,-0.23328588519720303,"{'trail_atr_mult': 2.0, 'trail_atr_len': 14, 'tp_converts_to_trail': True, 'don_upper': 1752.09, 'don_lower': 1691.53, 'atr': 6.49979131348365, 'exit_reason': 'sl', 'signal_time': Timestamp('2020-05-17 23:00:00+0000', tz='UTC')}"
2020-05-26 15:00:00+00:00,2020-05-27 15:00:00+00:00,-1,1711.795,1703.5081865238162,1703.3331865238163,1685.9708317667328,0.39,315.3857255711702,0.6131211874971445,"{'trail_atr_mult': 2.0, 'trail_atr_len': 14, 'tp_converts_to_trail': True, 'don_upper': 1753.8, 'don_lower': 1717.1, 'atr': 5.201833646653435, 'exit_reason': 'sl', 'signal_time': Timestamp('2020-05-26 14:00:00+0000', tz='UTC')}"
2020-05-31 23:00:00+00:00,2020-06-01 09:00:00+00:00,1,1738.575,1735.6530588706898,1735.8280588706898,1762.8280379286396,0.41,-103.39958630171812,-0.20380937968352703,"{'trail_atr_mult': 2.0, 'trail_atr_len': 14, 'tp_converts_to_trail': True, 'don_upper': 1738.31, 'don_lower': 1693.62, 'atr': 4.883607585727883, 'exit_reason': 'sl', 'signal_time': Timestamp('2020-05-31 22:00:00+0000', tz='UTC')}"
2020-06-02 14:00:00+00:00,2020-06-02 16:00:00+00:00,1,1744.695,1736.4131073723543,1736.5881073723542,1764.9766047770008,0.5,-414.09463138228375,-0.8041997909183071,"{'trail_atr_mult': 2.0, 'trail_atr_len': 14, 'tp_converts_to_trail': True, 'don_upper': 1744.51, 'don_lower': 1693.62, 'atr': 4.0773209554002054, 'exit_reason': 'sl', 'signal_time': Timestamp('2020-06-02 13:00:00+0000', tz='UTC')}"
2020-06-05 13:00:00+00:00,2020-06-05 20:00:00+00:00,-1,1687.055,1684.1846908394834,1684.0096908394835,1655.5426786223195,0.32,91.84989313653205,0.17918533991523505,"{'trail_atr_mult': 2.0, 'trail_atr_len': 14, 'tp_converts_to_trail': True, 'don_upper': 1745.09, 'don_lower': 1689.21, 'atr': 6.33746427553609, 'exit_reason': 'sl', 'signal_time': Timestamp('2020-06-05 12:00:00+0000', tz='UTC')}"
2020-06-10 19:00:00+00:00,2020-06-11 06:00:00+00:00,1,1728.135,1729.45664956333,1729.63164956333,1756.4059341375357,0.35,88.25773471655293,0.1745935964074192,"{'trail_atr_mult': 2.0, 'trail_atr_len': 14, 'tp_converts_to_trail': True, 'don_upper': 1727.18, 'don_lower': 1670.55, 'atr': 5.695186827507149, 'exit_reason': 'sl', 'signal_time': Timestamp('2020-06-10 18:00:00+0000', tz='UTC')}"
2020-06-11 15:00:00+00:00,2020-06-11 17:00:00+00:00,1,1743.695,1731.4248853610961,1731.599885361096,1773.4672879103193,0.33,-404.9137830838256,-0.8059906468546415,"{'trail_atr_mult': 2.0, 'trail_atr_len': 14, 'tp_converts_to_trail': True, 'don_upper': 1739.75, 'don_lower': 1670.55, 'atr': 5.999457582063859, 'exit_reason': 'sl', 'signal_time': Timestamp('2020-06-11 14:00:00+0000', tz='UTC')}"
2020-06-21 23:00:00+00:00,2020-06-22 08:00:00+00:00,1,1745.835,1749.2213254887356,1749.3963254887356,1767.1565418410742,0.46,174.170972481836,0.34662927581671554,"{'trail_atr_mult': 2.0, 'trail_atr_len': 14, 'tp_converts_to_trail': True, 'don_upper': 1745.28, 'don_lower': 1704.11, 'atr': 4.299308368214834, 'exit_reason': 'sl', 'signal_time': Timestamp('2020-06-21 22:00:00+0000', tz='UTC')}"
2020-06-22 14:00:00+00:00,2020-06-22 16:00:00+00:00,1,1759.745,1751.1961569222988,1751.3711569222987,1786.7169164884197,0.37,-316.3071938749415,-0.6170909044515525,"{'trail_atr_mult': 2.0, 'trail_atr_len': 14, 'tp_converts_to_trail': True, 'don_upper': 1758.53, 'don_lower': 1704.11, 'atr': 5.443383297683914, 'exit_reason': 'sl', 'signal_time': Timestamp('2020-06-22 13:00:00+0000', tz='UTC')}"
2020-06-23 14:00:00+00:00,2020-06-24 07:00:00+00:00,1,1765.475,1765.4410979331992,1765.6160979331992,1791.0511068745552,0.39,14.277819394773,0.028020086172147143,"{'trail_atr_mult': 2.0, 'trail_atr_len': 14, 'tp_converts_to_trail': True, 'don_upper': 1763.2, 'don_lower': 1712.6, 'atr': 5.15222137491104, 'exit_reason': 'sl', 'signal_time': Timestamp('2020-06-23 13:00:00+0000', tz='UTC')}"
2020-06-24 09:00:00+00:00,2020-06-24 13:00:00+00:00,1,1775.185,1770.919586425878,1771.0945864258779,1796.0753203661648,0.47,-200.47443798373502,-0.3983516007410512,"{'trail_atr_mult': 2.0, 'trail_atr_len': 14, 'tp_converts_to_trail': True, 'don_upper': 1773.8, 'don_lower': 1712.6, 'atr': 4.21306407323294, 'exit_reason': 'sl', 'signal_time': Timestamp('2020-06-24 08:00:00+0000', tz='UTC')}"
2020-06-30 15:00:00+00:00,2020-07-01 11:00:00+00:00,1,1781.245,1781.9732224508803,1782.1482224508802,1802.7052034710887,0.46,51.898232740496866,0.10348194662584045,"{'trail_atr_mult': 2.0, 'trail_atr_len': 14, 'tp_converts_to_trail': True, 'don_upper': 1779.43, 'don_lower': 1747.43, 'atr': 4.315040694217712, 'exit_reason': 'sl', 'signal_time': Timestamp('2020-06-30 14:00:00+0000', tz='UTC')}"
2020-07-07 15:00:00+00:00,2020-07-08 15:00:00+00:00,1,1794.145,1810.2050000000002,1815.2435135294409,,0.46,757.1600000000079,1.522416787409669,"{'trail_atr_mult': 4.0, 'trail_atr_len': 14, 'tp_converts_to_trail': True, 'don_upper': 1789.08, 'don_lower': 1757.43, 'atr': 4.254702705888145, 'exit_reason': 'sl_gap', 'signal_time': Timestamp('2020-07-07 14:00:00+0000', tz='UTC')}"
2020-07-20 12:00:00+00:00,2020-07-22 09:00:00+00:00,1,1815.425,1847.118893887701,1847.293893887701,,0.73,2372.054253802177,4.709885704684698,"{'trail_atr_mult': 4.0, 'trail_atr_len': 14, 'tp_converts_to_trail': True, 'don_upper': 1815.04, 'don_lower': 1790.63, 'atr': 2.689633326590571, 'exit_reason': 'sl', 'signal_time': Timestamp('2020-07-20 11:00:00+0000', tz='UTC')}"
2020-07-22 22:00:00+00:00,2020-07-24 15:00:00+00:00,1,1874.145,1901.5622366549271,1901.737236654927,,0.28,812.4826263379599,1.5957900200259576,"{'trail_atr_mult': 4.0, 'trail_atr_len': 14, 'tp_converts_to_trail': True, 'don_upper': 1870.42, 'don_lower': 1794.9, 'atr': 6.103447330985402, 'exit_reason': 'sl', 'signal_time': Timestamp('2020-07-22 20:00:00+0000', tz='UTC')}"
2020-07-26 23:00:00+00:00,2020-07-27 05:00:00+00:00,1,1906.7749999999999,1931.645,1932.8820991156574,,0.38,960.2600000000047,1.889197546013163,"{'trail_atr_mult': 4.0, 'trail_atr_len': 14, 'tp_converts_to_trail': True, 'don_upper': 1906.5, 'don_lower': 1805.62, 'atr': 5.264419823131487, 'exit_reason': 'sl_gap', 'signal_time': Timestamp('2020-07-26 22:00:00+0000', tz='UTC')}"
2020-07-27 11:00:00+00:00,2020-07-28 03:00:00+00:00,1,1944.805,1971.415,1977.2403803825573,,0.32,864.3199999999968,1.6524738888882338,"{'trail_atr_mult': 4.0, 'trail_atr_len': 14, 'tp_converts_to_trail': True, 'don_upper': 1944.54, 'don_lower': 1807.49, 'atr': 6.504076076511434, 'exit_reason': 'sl_gap', 'signal_time': Timestamp('2020-07-27 10:00:00+0000', tz='UTC')}"
2020-08-04 15:00:00+00:00,2020-08-05 00:00:00+00:00,1,1991.915,2020.855,2022.310326159707,,0.34,997.5600000000019,1.9033207659246403,"{'trail_atr_mult': 4.0, 'trail_atr_len': 14, 'tp_converts_to_trail': True, 'don_upper': 1984.9, 'don_lower': 1922.66, 'atr': 6.10806523194141, 'exit_reason': 'sl_gap', 'signal_time': Timestamp('2020-08-04 14:00:00+0000', tz='UTC')}"
2020-08-05 00:00:00+00:00,2020-08-05 03:00:00+00:00,1,2031.075,2012.6096117211505,2012.7846117211504,2067.2807765576995,0.29,-535.4962600866372,-1.0095678668671197,"{'trail_atr_mult': 4.0, 'trail_atr_len': 14, 'tp_converts_to_trail': True, 'don_upper': 2026.12, 'don_lower': 1939.44, 'atr': 7.266155311539873, 'exit_reason': 'sl', 'signal_time': Timestamp('2020-08-04 23:00:00+0000', tz='UTC')}"
2020-08-05 07:00:00+00:00,2020-08-07 00:00:00+00:00,1,2033.595,2070.1349999999998,2074.5855221931847,,0.25,953.4999999999934,1.8494128803296863,"{'trail_atr_mult': 4.0, 'trail_atr_len': 14, 'tp_converts_to_trail': True, 'don_upper': 2030.95, 'don_lower': 1939.44, 'atr': 8.215104438636915, 'exit_reason': 'sl_gap', 'signal_time': Timestamp('2020-08-05 06:00:00+0000', tz='UTC')}"
2020-08-11 13:00:00+00:00,2020-08-11 23:00:00+00:00,-1,1963.295,1915.5349999999999,1908.46534910975,,0.19,907.4400000000041,1.7435540511402683,"{'trail_atr_mult': 4.0, 'trail_atr_len': 14, 'tp_converts_to_trail': True, 'don_upper': 2074.87, 'don_lower': 1966.66, 'atr': 10.96293017805, 'exit_reason': 'sl_gap', 'signal_time': Timestamp('2020-08-11 12:00:00+0000', tz='UTC')}"
2020-08-12 02:00:00+00:00,2020-08-12 08:00:00+00:00,-1,1890.7050000000002,1928.2195480123507,1928.0445480123508,1810.868913969328,0.13,-487.6891241605577,-0.933649602446445,"{'trail_atr_mult': 4.0, 'trail_atr_len': 14, 'tp_converts_to_trail': True, 'don_upper': 2074.87, 'don_lower': 1901.25, 'atr': 16.002217206134397, 'exit_reason': 'sl', 'signal_time': Timestamp('2020-08-12 01:00:00+0000', tz='UTC')}"
2020-08-18 13:00:00+00:00,2020-08-18 15:00:00+00:00,1,2013.455,1994.8881407315685,1995.0631407315684,2049.623718536863,0.29,-538.4389187845127,-1.0095150793318832,"{'trail_atr_mult': 4.0, 'trail_atr_len': 14, 'tp_converts_to_trail': True, 'don_upper': 2009.98, 'don_lower': 1862.58, 'atr': 7.274743707372607, 'exit_reason': 'sl', 'signal_time': Timestamp('2020-08-18 12:00:00+0000', tz='UTC')}"
2020-08-21 12:00:00+00:00,2020-08-21 13:00:00+00:00,-1,1915.765,1940.8257512964572,1940.6507512964572,1866.6384974070857,0.21,-526.2757772255982,-1.0070321364991246,"{'trail_atr_mult': 4.0, 'trail_atr_len': 14, 'tp_converts_to_trail': True, 'don_upper': 2015.57, 'don_lower': 1924.51, 'atr': 9.868300518582892, 'exit_reason': 'sl', 'signal_time': Timestamp('2020-08-21 11:00:00+0000', tz='UTC')}"
2020-09-01 03:00:00+00:00,2020-09-01 15:00:00+00:00,1,1987.845,1971.0569592964744,1971.2319592964743,2020.6360814070515,0.32,-537.2173025128213,-1.010533893410784,"{'trail_atr_mult': 4.0, 'trail_atr_len': 14, 'tp_converts_to_trail': True, 'don_upper': 1977.96, 'don_lower': 1902.64, 'atr': 6.587216281410302, 'exit_reason': 'sl', 'signal_time': Timestamp('2020-09-01 02:00:00+0000', tz='UTC')}"
2020-09-10 13:00:00+00:00,2020-09-10 20:00:00+00:00,1,1956.345,1942.2270326630755,1942.4020326630755,1983.8559346738489,0.38,-536.4827588031308,-1.0125511303133092,"{'trail_atr_mult': 4.0, 'trail_atr_len': 14, 'tp_converts_to_trail': True, 'don_upper': 1952.53, 'don_lower': 1906.54, 'atr': 5.527186934769775, 'exit_reason': 'sl', 'signal_time': Timestamp('2020-09-10 12:00:00+0000', tz='UTC')}"
2020-09-15 06:00:00+00:00,2020-09-15 14:00:00+00:00,1,1967.855,1957.3295477832708,1957.5045477832707,1987.5809044334585,0.5,-526.2726108364632,-1.0169074738316364,"{'trail_atr_mult': 4.0, 'trail_atr_len': 14, 'tp_converts_to_trail': True, 'don_upper': 1967.07, 'don_lower': 1906.54, 'atr': 4.010180886691691, 'exit_reason': 'sl', 'signal_time': Timestamp('2020-09-15 05:00:00+0000', tz='UTC')}"
2020-09-21 10:00:00+00:00,2020-09-21 16:00:00+00:00,-1,1931.535,1904.6060786112992,1904.4310786112992,,0.38,1023.2990127706353,1.9514473779200714,"{'trail_atr_mult': 4.0, 'trail_atr_len': 14, 'tp_converts_to_trail': True, 'don_upper': 1973.64, 'don_lower': 1932.87, 'atr': 5.453784277740152, 'exit_reason': 'sl', 'signal_time': Timestamp('2020-09-21 09:00:00+0000', tz='UTC')}"
2020-09-23 07:00:00+00:00,2020-09-28 13:00:00+00:00,-1,1881.195,1869.9039991867246,1869.7289991867246,1844.7135220811394,0.28,276.94802277170936,0.534555103296358,"{'trail_atr_mult': 4.0, 'trail_atr_len': 14, 'tp_converts_to_trail': True, 'don_upper': 1973.64, 'don_lower': 1882.27, 'atr': 7.331295583772079, 'exit_reason': 'sl', 'signal_time': Timestamp('2020-09-23 06:00:00+0000', tz='UTC')}"
2020-10-01 13:00:00+00:00,2020-10-02 05:00:00+00:00,1,1903.815,1891.1320989291798,1891.3070989291798,1932.2206009059348,0.36,-442.18443854952744,-0.8491286517523096,"{'trail_atr_mult': 4.0, 'trail_atr_len': 14, 'tp_converts_to_trail': True, 'don_upper': 1902.27, 'don_lower': 1848.75, 'atr': 5.716120181186962, 'exit_reason': 'sl', 'signal_time': Timestamp('2020-10-01 12:00:00+0000', tz='UTC')}"
2020-10-02 07:00:00+00:00,2020-10-05 04:00:00+00:00,1,1912.815,1895.9264143146538,1896.1014143146538,1945.7471713706927,0.31,-486.34615624573354,-0.9386726451584403,"{'trail_atr_mult': 4.0, 'trail_atr_len': 14, 'tp_converts_to_trail': True, 'don_upper': 1912.12, 'don_lower': 1848.93, 'atr': 6.619434274138547, 'exit_reason': 'sl', 'signal_time': Timestamp('2020-10-02 06:00:00+0000', tz='UTC')}"
2020-10-06 22:00:00+00:00,2020-10-07 08:00:00+00:00,-1,1877.7050000000002,1894.6357035369767,1894.4607035369768,1843.7585929260463,0.31,-531.051809646274,-1.0223804389456046,"{'trail_atr_mult': 4.0, 'trail_atr_len': 14, 'tp_converts_to_trail': True, 'don_upper': 1921.09, 'don_lower': 1881.34, 'atr': 6.760281414790736, 'exit_reason': 'sl', 'signal_time': Timestamp('2020-10-06 20:00:00+0000', tz='UTC')}"
2020-10-09 14:00:00+00:00,2020-10-13 02:00:00+00:00,1,1923.455,1916.6891907362017,1916.8641907362016,1948.3623004300705,0.41,-211.79817981572808,-0.406240031490847,"{'trail_atr_mult': 4.0, 'trail_atr_len': 14, 'tp_converts_to_trail': True, 'don_upper': 1921.83, 'don_lower': 1872.94, 'atr': 5.016460086014113, 'exit_reason': 'sl', 'signal_time': Timestamp('2020-10-09 13:00:00+0000', tz='UTC')}"
2020-10-21 03:00:00+00:00,2020-10-22 03:00:00+00:00,1,1918.7649999999999,1914.2059062291153,1914.3809062291152,1941.9159859961258,0.44,-147.80012591892245,-0.2837553436156172,"{'trail_atr_mult': 4.0, 'trail_atr_len': 14, 'tp_converts_to_trail': True, 'don_upper': 1918.47, 'don_lower': 1882.46, 'atr': 4.665197199225175, 'exit_reason': 'sl', 'signal_time': Timestamp('2020-10-21 02:00:00+0000', tz='UTC')}"
2020-10-25 22:00:00+00:00,2020-10-26 11:00:00+00:00,-1,1893.265,1905.5424376959975,1905.3674376959975,1869.585124608005,0.43,-536.5298209278873,-1.030985493122925,"{'trail_atr_mult': 4.0, 'trail_atr_len': 14, 'tp_converts_to_trail': True, 'don_upper': 1931.36, 'don_lower': 1894.29, 'atr': 4.770975078399028, 'exit_reason': 'sl', 'signal_time': Timestamp('2020-10-25 21:00:00+0000', tz='UTC')}"
2020-10-28 12:00:00+00:00,2020-10-30 11:00:00+00:00,-1,1881.9950000000001,1879.0809038684745,1878.9059038684745,1859.5758611045028,0.44,93.02022978712812,0.18073724713437422,"{'trail_atr_mult': 4.0, 'trail_atr_len': 14, 'tp_converts_to_trail': True, 'don_upper': 1931.36, 'don_lower': 1890.68, 'atr': 4.548827779099441, 'exit_reason': 'sl', 'signal_time': Timestamp('2020-10-28 11:00:00+0000', tz='UTC')}"
2020-11-03 23:00:00+00:00,2020-11-04 00:00:00+00:00,1,1914.5049999999999,1902.6055187883237,1902.7805187883237,1937.5489624233526,0.44,-505.9771733137517,-0.9808093854271375,"{'trail_atr_mult': 4.0, 'trail_atr_len': 14, 'tp_converts_to_trail': True, 'don_upper': 1910.99, 'don_lower': 1859.92, 'atr': 4.635792484670528, 'exit_reason': 'sl', 'signal_time': Timestamp('2020-11-03 22:00:00+0000', tz='UTC')}"
2020-11-05 08:00:00+00:00,2020-11-05 17:00:00+00:00,1,1918.215,1946.255,1949.7984791053245,,0.32,897.2800000000061,1.7465791455285953,"{'trail_atr_mult': 4.0, 'trail_atr_len': 14, 'tp_converts_to_trail': True, 'don_upper': 1916.31, 'don_lower': 1859.92, 'atr': 6.3516958210649115, 'exit_reason': 'sl_gap', 'signal_time': Timestamp('2020-11-05 07:00:00+0000', tz='UTC')}"
2020-11-06 11:00:00+00:00,2020-11-09 11:00:00+00:00,1,1955.745,1943.472384122591,1943.647384122591,1986.086323141674,0.33,-365.3963239544954,-0.7174560978051394,"{'trail_atr_mult': 4.0, 'trail_atr_len': 14, 'tp_converts_to_trail': True, 'don_upper': 1952.76, 'don_lower': 1866.69, 'atr': 6.1032646283348075, 'exit_reason': 'sl', 'signal_time': Timestamp('2020-11-06 10:00:00+0000', tz='UTC')}"
2020-11-09 13:00:00+00:00,2020-11-10 06:00:00+00:00,-1,1880.315,1886.3637923628598,1886.1887923628599,1823.419388320469,0.17,-106.22947016861637,-0.21629374218180877,"{'trail_atr_mult': 4.0, 'trail_atr_len': 14, 'tp_converts_to_trail': True, 'don_upper': 1965.46, 'don_lower': 1880.87, 'atr': 11.43812233590619, 'exit_reason': 'sl', 'signal_time': Timestamp('2020-11-09 12:00:00+0000', tz='UTC')}"
2020-11-19 05:00:00+00:00,2020-11-20 14:00:00+00:00,-1,1862.2350000000001,1869.8518521525655,1869.6768521525655,1838.0296332155901,0.42,-328.3077904077444,-0.6321662934245783,"{'trail_atr_mult': 4.0, 'trail_atr_len': 14, 'tp_converts_to_trail': True, 'don_upper': 1899.01, 'don_lower': 1862.69, 'atr': 4.876073356881996, 'exit_reason': 'sl', 'signal_time': Timestamp('2020-11-19 04:00:00+0000', tz='UTC')}"
2020-11-23 14:00:00+00:00,2020-11-24 11:00:00+00:00,-1,1841.445,1813.9289820690196,1813.7539820690197,,0.36,983.3766455152906,1.9362064482521164,"{'trail_atr_mult': 4.0, 'trail_atr_len': 14, 'tp_converts_to_trail': True, 'don_upper': 1896.05, 'don_lower': 1852.69, 'atr': 5.57320358619603, 'exit_reason': 'sl', 'signal_time': Timestamp('2020-11-23 13:00:00+0000', tz='UTC')}"
2020-11-24 11:00:00+00:00,2020-11-26 07:00:00+00:00,-1,1810.065,1816.391068838457,1816.216068838457,1779.4013726281617,0.33,-235.16027166907693,-0.45652672384213955,"{'trail_atr_mult': 4.0, 'trail_atr_len': 14, 'tp_converts_to_trail': True, 'don_upper': 1893.43, 'don_lower': 1811.78, 'atr': 6.169725474367654, 'exit_reason': 'sl', 'signal_time': Timestamp('2020-11-24 10:00:00+0000', tz='UTC')}"
2020-11-27 13:00:00+00:00,2020-12-01 04:00:00+00:00,-1,1778.4850000000001,1786.4335959140492,1786.2585959140492,1749.7745921831688,0.36,-314.94945290576635,-0.6110334429326268,"{'trail_atr_mult': 4.0, 'trail_atr_len': 14, 'tp_converts_to_trail': True, 'don_upper': 1879.75, 'don_lower': 1800.25, 'atr': 5.737081563366267, 'exit_reason': 'sl', 'signal_time': Timestamp('2020-11-27 12:00:00+0000', tz='UTC')}"
2020-12-02 08:00:00+00:00,2020-12-07 08:00:00+00:00,1,1825.125,1830.5208518889165,1830.6958518889164,1850.5883356093598,0.4,327.8340755566588,0.6307331113551383,"{'trail_atr_mult': 4.0, 'trail_atr_len': 14, 'tp_converts_to_trail': True, 'don_upper': 1818.22, 'don_lower': 1764.38, 'atr': 5.127667121871951, 'exit_reason': 'sl', 'signal_time': Timestamp('2020-12-02 07:00:00+0000', tz='UTC')}"
2020-12-07 14:00:00+00:00,2020-12-09 04:00:00+00:00,1,1856.845,1857.6670995400796,1857.8420995400795,1888.9306626747448,0.31,50.28508574246557,0.09948277078930826,"{'trail_atr_mult': 4.0, 'trail_atr_len': 14, 'tp_converts_to_trail': True, 'don_upper': 1848.17, 'don_lower': 1764.64, 'atr': 6.452132534948962, 'exit_reason': 'sl', 'signal_time': Timestamp('2020-12-07 13:00:00+0000', tz='UTC')}"
2020-12-17 04:00:00+00:00,2020-12-17 15:00:00+00:00,1,1868.475,1892.035,1892.6616113279422,,0.42,989.5200000000071,1.9091136058307157,"{'trail_atr_mult': 4.0, 'trail_atr_len': 14, 'tp_converts_to_trail': True, 'don_upper': 1867.47, 'don_lower': 1818.34, 'atr': 4.870322265588464, 'exit_reason': 'sl_gap', 'signal_time': Timestamp('2020-12-17 03:00:00+0000', tz='UTC')}"
2020-12-21 01:00:00+00:00,2020-12-21 09:00:00+00:00,1,1896.7549999999999,1885.509455107363,1885.684455107363,1922.1564123802268,0.4,-449.82179570547487,-0.871531054138568,"{'trail_atr_mult': 4.0, 'trail_atr_len': 14, 'tp_converts_to_trail': True, 'don_upper': 1896.19, 'don_lower': 1818.34, 'atr': 5.107282476045386, 'exit_reason': 'sl', 'signal_time': Timestamp('2020-12-21 00:00:00+0000', tz='UTC')}"
2021-01-03 23:00:00+00:00,2021-01-04 15:00:00+00:00,1,1913.215,1941.185,1942.9778974661403,,0.33,936.210000000001,1.884555375007844,"{'trail_atr_mult': 4.0, 'trail_atr_len': 14, 'tp_converts_to_trail': True, 'don_upper': 1900.38, 'don_lower': 1857.06, 'atr': 5.975579493228105, 'exit_reason': 'sl_gap', 'signal_time': Timestamp('2021-01-03 22:00:00+0000', tz='UTC')}"
2021-01-05 09:00:00+00:00,2021-01-06 12:00:00+00:00,1,1945.7849999999999,1936.1542494559108,1936.3292494559107,1972.4428298722423,0.37,-341.53777013129655,-0.6791603808340037,"{'trail_atr_mult': 4.0, 'trail_atr_len': 14, 'tp_converts_to_trail': True, 'don_upper': 1945.58, 'don_lower': 1869.12, 'atr': 5.366565974448488, 'exit_reason': 'sl', 'signal_time': Timestamp('2021-01-05 08:00:00+0000', tz='UTC')}"
2021-01-08 14:00:00+00:00,2021-01-11 02:00:00+00:00,-1,1864.795,1828.975,1818.8390703746538,,0.21,739.6200000000034,1.5105853682512351,"{'trail_atr_mult': 4.0, 'trail_atr_len': 14, 'tp_converts_to_trail': True, 'don_upper': 1959.29, 'don_lower': 1876.3, 'atr': 9.236185925069211, 'exit_reason': 'sl_gap', 'signal_time': Timestamp('2021-01-08 13:00:00+0000', tz='UTC')}"
2021-01-17 23:00:00+00:00,2021-01-18 02:00:00+00:00,-1,1810.545,1827.989306576136,1827.814306576136,1775.451386847728,0.29,-511.68489070794067,-1.0217148267272156,"{'trail_atr_mult': 4.0, 'trail_atr_len': 14, 'tp_converts_to_trail': True, 'don_upper': 1863.8, 'don_lower': 1817.0, 'atr': 6.981722630454403, 'exit_reason': 'sl', 'signal_time': Timestamp('2021-01-17 22:00:00+0000', tz='UTC')}"
2021-01-20 15:00:00+00:00,2021-01-22 06:00:00+00:00,1,1866.875,1858.143905762152,1858.3189057621519,1900.8782449182586,0.29,-206.8017328975944,-0.41305859911096876,"{'trail_atr_mult': 4.0, 'trail_atr_len': 14, 'tp_converts_to_trail': True, 'don_upper': 1864.87, 'don_lower': 1810.29, 'atr': 6.835648983651706, 'exit_reason': 'sl', 'signal_time': Timestamp('2021-01-20 14:00:00+0000', tz='UTC')}"
2021-01-29 13:00:00+00:00,2021-01-29 14:00:00+00:00,1,1872.0149999999999,1855.365457206041,1855.5404572060409,1904.499085587918,0.3,-499.4862838187691,-1.0106224495689267,"{'trail_atr_mult': 4.0, 'trail_atr_len': 14, 'tp_converts_to_trail': True, 'don_upper': 1868.87, 'don_lower': 1831.35, 'atr': 6.527817117583599, 'exit_reason': 'sl', 'signal_time': Timestamp('2021-01-29 12:00:00+0000', tz='UTC')}"
2021-02-04 01:00:00+00:00,2021-02-05 08:00:00+00:00,-1,1826.795,1804.1171834124966,1803.9421834124967,,0.44,989.0239298501522,1.9950759435456884,"{'trail_atr_mult': 4.0, 'trail_atr_len': 14, 'tp_converts_to_trail': True, 'don_upper': 1875.69, 'don_lower': 1829.53, 'atr': 4.448658838771879, 'exit_reason': 'sl', 'signal_time': Timestamp('2021-02-04 00:00:00+0000', tz='UTC')}"
2021-02-10 13:00:00+00:00,2021-02-10 15:00:00+00:00,1,1851.315,1837.6972973118125,1837.8722973118124,1877.7654053763752,0.37,-503.8549994629409,-1.0130182154630059,"{'trail_atr_mult': 4.0, 'trail_atr_len': 14, 'tp_converts_to_trail': True, 'don_upper': 1848.56, 'don_lower': 1784.9, 'atr': 5.319081075275033, 'exit_reason': 'sl', 'signal_time': Timestamp('2021-02-10 12:00:00+0000', tz='UTC')}"
2021-02-16 12:00:00+00:00,2021-02-16 15:00:00+00:00,-1,1807.175,1813.3713507627576,1813.1963507627577,1783.2894644229043,0.4,-247.854030510307,-0.5021244975338439,"{'trail_atr_mult': 4.0, 'trail_atr_len': 14, 'tp_converts_to_trail': True, 'don_upper': 1855.31, 'don_lower': 1810.52, 'atr': 4.8301071154191355, 'exit_reason': 'sl', 'signal_time': Timestamp('2021-02-16 11:00:00+0000', tz='UTC')}"
2021-02-16 23:00:00+00:00,2021-02-18 08:00:00+00:00,-1,1788.335,1788.9122089339673,1788.7372089339674,1755.5431287780812,0.3,-41.31626801901939,-0.08365258421823682,"{'trail_atr_mult': 4.0, 'trail_atr_len': 14, 'tp_converts_to_trail': True, 'don_upper': 1855.31, 'don_lower': 1789.48, 'atr': 6.56737424438379, 'exit_reason': 'sl', 'signal_time': Timestamp('2021-02-16 22:00:00+0000', tz='UTC')}"
2021-02-26 05:00:00+00:00,2021-02-26 16:00:00+00:00,-1,1760.415,1730.125,1725.4023791128407,,0.28,848.1199999999991,1.7003661342381182,"{'trail_atr_mult': 4.0, 'trail_atr_len': 14, 'tp_converts_to_trail': True, 'don_upper': 1816.01, 'don_lower': 1760.64, 'atr': 7.043524177431852, 'exit_reason': 'sl_gap', 'signal_time': Timestamp('2021-02-26 04:00:00+0000', tz='UTC')}"
2021-02-26 16:00:00+00:00,2021-03-01 00:00:00+00:00,-1,1717.785,1741.6459519726184,1741.4709519726184,1671.208096054763,0.21,-513.6799914249841,-1.032719816408303,"{'trail_atr_mult': 4.0, 'trail_atr_len': 14, 'tp_converts_to_trail': True, 'don_upper': 1816.01, 'don_lower': 1724.61, 'atr': 9.368380789047396, 'exit_reason': 'sl', 'signal_time': Timestamp('2021-02-26 15:00:00+0000', tz='UTC')}"
2021-03-02 01:00:00+00:00,2021-03-02 10:00:00+00:00,-1,1711.535,1730.4246165642978,1730.2496165642979,1674.7207668714043,0.26,-491.1300306717412,-1.0093509797221176,"{'trail_atr_mult': 4.0, 'trail_atr_len': 14, 'tp_converts_to_trail': True, 'don_upper': 1816.01, 'don_lower': 1717.18, 'atr': 7.403846625719164, 'exit_reason': 'sl', 'signal_time': Timestamp('2021-03-02 00:00:00+0000', tz='UTC')}"
2021-03-04 17:00:00+00:00,2021-03-07 23:00:00+00:00,-1,1700.195,1710.982066068436,1710.8070660684361,1661.418505347668,0.25,-284.676651710904,-0.5772691842874446,"{'trail_atr_mult': 4.0, 'trail_atr_len': 14, 'tp_converts_to_trail': True, 'don_upper': 1790.69, 'don_lower': 1701.86, 'atr': 7.800298930466375, 'exit_reason': 'sl', 'signal_time': Timestamp('2021-03-04 16:00:00+0000', tz='UTC')}"
2021-03-08 11:00:00+00:00,2021-03-09 08:00:00+00:00,-1,1685.615,1698.876396255732,1698.701396255732,1653.7285970702662,0.3,-403.84188767196156,-0.8268314657560258,"{'trail_atr_mult': 4.0, 'trail_atr_len': 14, 'tp_converts_to_trail': True, 'don_upper': 1759.89, 'don_lower': 1687.28, 'atr': 6.422280585946757, 'exit_reason': 'sl', 'signal_time': Timestamp('2021-03-08 10:00:00+0000', tz='UTC')}"
2021-03-10 22:00:00+00:00,2021-03-11 14:00:00+00:00,1,1726.735,1722.0229914433148,1722.1979914433148,1749.5490936682736,0.41,-143.9923508240882,-0.29231302729674696,"{'trail_atr_mult': 4.0, 'trail_atr_len': 14, 'tp_converts_to_trail': True, 'don_upper': 1726.28, 'don_lower': 1676.82, 'atr': 4.643818733654745, 'exit_reason': 'sl', 'signal_time': Timestamp('2021-03-10 20:00:00+0000', tz='UTC')}"
2021-03-17 18:00:00+00:00,2021-03-18 07:00:00+00:00,1,1749.7949999999998,1736.5026617631363,1736.6776617631363,1775.780960942878,0.37,-447.41651476395106,-0.9153594574404392,"{'trail_atr_mult': 4.0, 'trail_atr_len': 14, 'tp_converts_to_trail': True, 'don_upper': 1741.21, 'don_lower': 1699.21, 'atr': 5.226192188575562, 'exit_reason': 'sl', 'signal_time': Timestamp('2021-03-17 17:00:00+0000', tz='UTC')}"
2021-03-29 14:00:00+00:00,2021-03-30 13:00:00+00:00,-1,1710.945,1688.495,1688.2708697353457,,0.41,912.2500000000017,1.8864620908333645,"{'trail_atr_mult': 4.0, 'trail_atr_len': 14, 'tp_converts_to_trail': True, 'don_upper': 1745.43, 'don_lower': 1721.63, 'atr': 4.595826052930841, 'exit_reason': 'sl_gap', 'signal_time': Timestamp('2021-03-29 13:00:00+0000', tz='UTC')}"
2021-03-30 13:00:00+00:00,2021-03-31 14:00:00+00:00,-1,1683.625,1694.741115271096,1694.5661152710961,1658.483904326754,0.38,-430.012380301651,-0.8828267311317489,"{'trail_atr_mult': 4.0, 'trail_atr_len': 14, 'tp_converts_to_trail': True, 'don_upper': 1745.43, 'don_lower': 1686.24, 'atr': 5.061219134649154, 'exit_reason': 'sl', 'signal_time': Timestamp('2021-03-30 12:00:00+0000', tz='UTC')}"
2021-04-06 02:00:00+00:00,2021-04-07 13:00:00+00:00,1,1734.415,1732.9540286298015,1733.1290286298015,1752.337027158156,0.53,-56.23148262051636,-0.11428554083116975,"{'trail_atr_mult': 4.0, 'trail_atr_len': 14, 'tp_converts_to_trail': True, 'don_upper': 1733.57, 'don_lower': 1677.86, 'atr': 3.627405431631157, 'exit_reason': 'sl', 'signal_time': Timestamp('2021-04-06 01:00:00+0000', tz='UTC')}"
2021-04-08 12:00:00+00:00,2021-04-09 08:00:00+00:00,1,1749.915,1746.277245964883,1746.4522459648829,1767.6055496820245,0.54,-174.83871789632025,-0.3554934209108281,"{'trail_atr_mult': 4.0, 'trail_atr_len': 14, 'tp_converts_to_trail': True, 'don_upper': 1747.61, 'don_lower': 1681.78, 'atr': 3.573109936404916, 'exit_reason': 'sl', 'signal_time': Timestamp('2021-04-08 11:00:00+0000', tz='UTC')}"
2021-04-13 07:00:00+00:00,2021-04-13 13:00:00+00:00,-1,1724.295,1733.8928763827691,1733.7178763827692,1705.734247234462,0.52,-499.08957190399184,-1.0185718238137949,"{'trail_atr_mult': 4.0, 'trail_atr_len': 14, 'tp_converts_to_trail': True, 'don_upper': 1758.66, 'don_lower': 1725.07, 'atr': 3.73115055310765, 'exit_reason': 'sl', 'signal_time': Timestamp('2021-04-13 06:00:00+0000', tz='UTC')}"
2021-04-15 15:00:00+00:00,2021-04-19 10:00:00+00:00,1,1764.955,1786.905,1787.9395517439832,,0.41,965.5500000000019,2.003441006145705,"{'trail_atr_mult': 4.0, 'trail_atr_len': 14, 'tp_converts_to_trail': True, 'don_upper': 1758.66, 'don_lower': 1723.7, 'atr': 4.6319103487966355, 'exit_reason': 'sl_gap', 'signal_time': Timestamp('2021-04-15 14:00:00+0000', tz='UTC')}"
2021-04-21 14:00:00+00:00,2021-04-22 13:00:00+00:00,1,1795.995,1783.220081721622,1783.3950817216219,1820.639836556756,0.39,-451.4218128567413,-0.9186502660291863,"{'trail_atr_mult': 4.0, 'trail_atr_len': 14, 'tp_converts_to_trail': True, 'don_upper': 1790.03, 'don_lower': 1732.58, 'atr': 4.965967311351239, 'exit_reason': 'sl', 'signal_time': Timestamp('2021-04-21 13:00:00+0000', tz='UTC')}"
2021-04-29 14:00:00+00:00,2021-04-29 19:00:00+00:00,-1,1757.605,1771.1959842903034,1771.0209842903034,1730.7280314193927,0.36,-489.27543445092124,-1.0130441416904787,"{'trail_atr_mult': 4.0, 'trail_atr_len': 14, 'tp_converts_to_trail': True, 'don_upper': 1795.95, 'don_lower': 1762.62, 'atr': 5.372393716121437, 'exit_reason': 'sl', 'signal_time': Timestamp('2021-04-29 13:00:00+0000', tz='UTC')}"
2021-05-03 14:00:00+00:00,2021-05-04 06:00:00+00:00,1,1792.385,1785.456644218637,1785.631644218637,1814.1664903698095,0.43,-280.71929859861126,-0.5745150857112067,"{'trail_atr_mult': 4.0, 'trail_atr_len': 14, 'tp_converts_to_trail': True, 'don_upper': 1789.98, 'don_lower': 1756.19, 'atr': 4.4192980739618966, 'exit_reason': 'sl', 'signal_time': Timestamp('2021-05-03 13:00:00+0000', tz='UTC')}"
2021-05-06 14:00:00+00:00,2021-05-07 14:00:00+00:00,1,1812.925,1838.159944782332,1838.334944782332,,0.37,948.4929569462895,1.9564967600783414,"{'trail_atr_mult': 4.0, 'trail_atr_len': 14, 'tp_converts_to_trail': True, 'don_upper': 1799.09, 'don_lower': 1756.19, 'atr': 5.134988956466402, 'exit_reason': 'sl', 'signal_time': Timestamp('2021-05-06 13:00:00+0000', tz='UTC')}"
2021-05-17 02:00:00+00:00,2021-05-18 03:00:00+00:00,1,1851.345,1871.685,1873.2028830604684,,0.44,912.5599999999965,1.8606835144421432,"{'trail_atr_mult': 4.0, 'trail_atr_len': 14, 'tp_converts_to_trail': True, 'don_upper': 1848.07, 'don_lower': 1808.77, 'atr': 4.40057661209368, 'exit_reason': 'sl_gap', 'signal_time': Timestamp('2021-05-17 01:00:00+0000', tz='UTC')}"
2021-05-19 14:00:00+00:00,2021-05-19 19:00:00+00:00,1,1889.235,1871.718321959201,1871.8933219592009,1923.3933560815983,0.28,-490.46698514237147,-1.0100912956398012,"{'trail_atr_mult': 4.0, 'trail_atr_len': 14, 'tp_converts_to_trail': True, 'don_upper': 1875.03, 'don_lower': 1808.77, 'atr': 6.866671216319656, 'exit_reason': 'sl', 'signal_time': Timestamp('2021-05-19 13:00:00+0000', tz='UTC')}"
2021-05-25 15:00:00+00:00,2021-05-26 18:00:00+00:00,1,1890.7949999999998,1895.364987145029,1895.539987145029,1914.6893353988248,0.41,203.76947294619904,0.4100761892399369,"{'trail_atr_mult': 4.0, 'trail_atr_len': 14, 'tp_converts_to_trail': True, 'don_upper': 1890.09, 'don_lower': 1852.23, 'atr': 4.801867079764932, 'exit_reason': 'sl', 'signal_time': Timestamp('2021-05-25 14:00:00+0000', tz='UTC')}"
2021-06-01 07:00:00+00:00,2021-06-01 09:00:00+00:00,1,1915.495,1907.4492284192622,1907.6242284192622,1930.6815431614755,0.63,-506.88360958647286,-1.0222341606797782,"{'trail_atr_mult': 4.0, 'trail_atr_len': 14, 'tp_converts_to_trail': True, 'don_upper': 1914.44, 'don_lower': 1872.71, 'atr': 3.074308632295093, 'exit_reason': 'sl', 'signal_time': Timestamp('2021-06-01 06:00:00+0000', tz='UTC')}"
2021-06-03 13:00:00+00:00,2021-06-04 03:00:00+00:00,-1,1882.075,1861.1268560950944,1860.9518560950944,,0.45,933.6664757207561,1.9195120539647783,"{'trail_atr_mult': 4.0, 'trail_atr_len': 14, 'tp_converts_to_trail': True, 'don_upper': 1916.58, 'don_lower': 1882.27, 'atr': 4.257628780981133, 'exit_reason': 'sl', 'signal_time': Timestamp('2021-06-03 12:00:00+0000', tz='UTC')}"
2021-06-14 02:00:00+00:00,2021-06-14 14:00:00+00:00,-1,1864.695,1864.0535686202663,1863.8785686202664,1843.6413574499782,0.46,29.505843467745763,0.05978303410743441,"{'trail_atr_mult': 4.0, 'trail_atr_len': 14, 'tp_converts_to_trail': True, 'don_upper': 1903.67, 'don_lower': 1869.84, 'atr': 4.237728510004366, 'exit_reason': 'sl', 'signal_time': Timestamp('2021-06-14 01:00:00+0000', tz='UTC')}"
2021-06-16 19:00:00+00:00,2021-06-16 23:00:00+00:00,-1,1834.935,1813.715,1806.6533695046057,,0.34,721.480000000001,1.4732719262943939,"{'trail_atr_mult': 4.0, 'trail_atr_len': 14, 'tp_converts_to_trail': True, 'don_upper': 1903.03, 'don_lower': 1844.77, 'atr': 5.691326099078832, 'exit_reason': 'sl_gap', 'signal_time': Timestamp('2021-06-16 18:00:00+0000', tz='UTC')}"
2021-06-17 11:00:00+00:00,2021-06-18 08:00:00+00:00,-1,1798.395,1791.6406030694657,1791.4656030694657,1763.9162786637364,0.28,183.52311405496076,0.37449714946416496,"{'trail_atr_mult': 4.0, 'trail_atr_len': 14, 'tp_converts_to_trail': True, 'don_upper': 1903.03, 'don_lower': 1802.73, 'atr': 6.930744267252683, 'exit_reason': 'sl', 'signal_time': Timestamp('2021-06-17 10:00:00+0000', tz='UTC')}"
2021-06-18 20:00:00+00:00,2021-06-21 07:00:00+00:00,-1,1761.7450000000001,1778.9129466215497,1778.7379466215498,1728.7341067569002,0.29,-515.2704520249389,-1.0456071579143982,"{'trail_atr_mult': 4.0, 'trail_atr_len': 14, 'tp_converts_to_trail': True, 'don_upper': 1891.8, 'don_lower': 1767.3, 'atr': 6.667178648619929, 'exit_reason': 'sl', 'signal_time': Timestamp('2021-06-18 19:00:00+0000', tz='UTC')}"
2021-06-29 09:00:00+00:00,2021-06-29 14:00:00+00:00,-1,1769.265,1754.935,1751.7523214354173,,0.55,788.1500000000086,1.5888962594263571,"{'trail_atr_mult': 4.0, 'trail_atr_len': 14, 'tp_converts_to_trail': True, 'don_upper': 1794.95, 'don_lower': 1770.67, 'atr': 3.5375357129165628, 'exit_reason': 'sl_gap', 'signal_time': Timestamp('2021-06-29 08:00:00+0000', tz='UTC')}"
2021-07-06 02:00:00+00:00,2021-07-06 14:00:00+00:00,1,1795.825,1809.115,1811.5580888342142,,0.61,810.6899999999978,1.634878507002872,"{'trail_atr_mult': 4.0, 'trail_atr_len': 14, 'tp_converts_to_trail': True, 'don_upper': 1795.04, 'don_lower': 1750.69, 'atr': 3.1816177668428494, 'exit_reason': 'sl_gap', 'signal_time': Timestamp('2021-07-06 01:00:00+0000', tz='UTC')}"
2021-07-08 11:00:00+00:00,2021-07-08 15:00:00+00:00,1,1817.575,1804.0989476185237,1804.2739476185236,1843.652104762953,0.37,-498.61393811462654,-1.0131568536820188,"{'trail_atr_mult': 4.0, 'trail_atr_len': 14, 'tp_converts_to_trail': True, 'don_upper': 1815.12, 'don_lower': 1765.64, 'atr': 5.250420952590575, 'exit_reason': 'sl', 'signal_time': Timestamp('2021-07-08 10:00:00+0000', tz='UTC')}"
2021-07-14 13:00:00+00:00,2021-07-15 15:00:00+00:00,1,1828.7849999999999,1820.3330158846193,1820.5080158846192,1850.185128825308,0.45,-326.3392851921262,-0.6615226002238714,"{'trail_atr_mult': 4.0, 'trail_atr_len': 14, 'tp_converts_to_trail': True, 'don_upper': 1818.33, 'don_lower': 1791.65, 'atr': 4.315025765061637, 'exit_reason': 'sl', 'signal_time': Timestamp('2021-07-14 12:00:00+0000', tz='UTC')}"
2021-07-29 02:00:00+00:00,2021-07-30 15:00:00+00:00,1,1815.725,1821.3736495143576,1821.5486495143575,1836.6311063819512,0.46,278.2378776604522,0.5644738453122297,"{'trail_atr_mult': 4.0, 'trail_atr_len': 14, 'tp_converts_to_trail': True, 'don_upper': 1811.46, 'don_lower': 1789.63, 'atr': 4.216221276390245, 'exit_reason': 'sl', 'signal_time': Timestamp('2021-07-29 01:00:00+0000', tz='UTC')}"
2021-08-05 14:00:00+00:00,2021-08-09 01:00:00+00:00,-1,1803.505,1727.4057383255595,1727.2307383255595,,0.47,3539.0652986987097,7.184097142925913,"{'trail_atr_mult': 4.0, 'trail_atr_len': 14, 'tp_converts_to_trail': True, 'don_upper': 1832.62, 'don_lower': 1805.78, 'atr': 4.106552532427125, 'exit_reason': 'sl', 'signal_time': Timestamp('2021-08-05 13:00:00+0000', tz='UTC')}"
2021-08-15 22:00:00+00:00,2021-08-16 12:00:00+00:00,1,1779.2549999999999,1770.9913733639416,1771.1663733639416,1796.767253272117,0.64,-503.27210470772695,-0.97218316407423,"{'trail_atr_mult': 4.0, 'trail_atr_len': 14, 'tp_converts_to_trail': True, 'don_upper': 1779.27, 'don_lower': 1683.2, 'atr': 3.4134506544233774, 'exit_reason': 'sl', 'signal_time': Timestamp('2021-08-13 20:00:00+0000', tz='UTC')}"
2021-08-16 14:00:00+00:00,2021-08-17 15:00:00+00:00,1,1786.7849999999999,1782.8603318740807,1783.0353318740806,1807.000786311927,0.49,-172.70873817004068,-0.339877965368395,"{'trail_atr_mult': 4.0, 'trail_atr_len': 14, 'tp_converts_to_trail': True, 'don_upper': 1782.58, 'don_lower': 1717.71, 'atr': 4.078157262385402, 'exit_reason': 'sl', 'signal_time': Timestamp('2021-08-16 13:00:00+0000', tz='UTC')}"
2021-08-23 13:00:00+00:00,2021-08-25 01:00:00+00:00,1,1800.085,1798.0424914536422,1798.2174914536422,1818.2596974016092,0.55,-68.33797004967869,-0.13289076498648242,"{'trail_atr_mult': 4.0, 'trail_atr_len': 14, 'tp_converts_to_trail': True, 'don_upper': 1795.46, 'don_lower': 1770.8, 'atr': 3.6699394803218186, 'exit_reason': 'sl', 'signal_time': Timestamp('2021-08-23 12:00:00+0000', tz='UTC')}"
2021-08-27 16:00:00+00:00,2021-08-30 16:00:00+00:00,1,1813.155,1809.253434321712,1809.4284343217118,1841.896508366162,0.34,-91.85323306179473,-0.1834897125794768,"{'trail_atr_mult': 4.0, 'trail_atr_len': 14, 'tp_converts_to_trail': True, 'don_upper': 1809.51, 'don_lower': 1776.44, 'atr': 5.795301673232378, 'exit_reason': 'sl', 'signal_time': Timestamp('2021-08-27 15:00:00+0000', tz='UTC')}"
2021-09-03 13:00:00+00:00,2021-09-06 11:00:00+00:00,1,1823.655,1822.9104554497862,1823.0854554497862,1840.0093807289775,0.6,27.327326987176093,0.05330274478746754,"{'trail_atr_mult': 4.0, 'trail_atr_len': 14, 'tp_converts_to_trail': True, 'don_upper': 1823.24, 'don_lower': 1784.01, 'atr': 3.3198761457954764, 'exit_reason': 'sl', 'signal_time': Timestamp('2021-09-03 12:00:00+0000', tz='UTC')}"
2021-09-07 15:00:00+00:00,2021-09-09 09:00:00+00:00,-1,1796.615,1794.8744837557917,1794.6994837557918,1775.2791017545667,0.46,43.26374723358021,0.08569273418266063,"{'trail_atr_mult': 4.0, 'trail_atr_len': 14, 'tp_converts_to_trail': True, 'don_upper': 1833.95, 'don_lower': 1801.71, 'atr': 4.308179649086647, 'exit_reason': 'sl', 'signal_time': Timestamp('2021-09-07 14:00:00+0000', tz='UTC')}"
2021-09-16 10:00:00+00:00,2021-09-17 05:00:00+00:00,-1,1777.7150000000001,1759.9390508610504,1759.7640508610505,,0.55,966.677202642235,1.9025760470294315,"{'trail_atr_mult': 4.0, 'trail_atr_len': 14, 'tp_converts_to_trail': True, 'don_upper': 1808.58, 'don_lower': 1779.6, 'atr': 3.6251898277899346, 'exit_reason': 'sl', 'signal_time': Timestamp('2021-09-16 09:00:00+0000', tz='UTC')}"
2021-09-28 11:00:00+00:00,2021-09-29 11:00:00+00:00,-1,1733.425,1743.7784095907803,1743.6034095907803,1710.7399955547726,0.45,-474.90343158511365,-0.9152998747981246,"{'trail_atr_mult': 4.0, 'trail_atr_len': 14, 'tp_converts_to_trail': True, 'don_upper': 1787.21, 'don_lower': 1735.94, 'atr': 4.562000889045464, 'exit_reason': 'sl', 'signal_time': Timestamp('2021-09-28 10:00:00+0000', tz='UTC')}"
2021-09-29 17:00:00+00:00,2021-09-30 13:00:00+00:00,-1,1724.4550000000002,1735.7841198381807,1735.6091198381807,1700.1404464268392,0.41,-489.09391336540176,-0.9604938996222587,"{'trail_atr_mult': 4.0, 'trail_atr_len': 14, 'tp_converts_to_trail': True, 'don_upper': 1787.21, 'don_lower': 1725.51, 'atr': 4.897910714632174, 'exit_reason': 'sl', 'signal_time': Timestamp('2021-09-29 16:00:00+0000', tz='UTC')}"
2021-10-04 15:00:00+00:00,2021-10-05 12:00:00+00:00,1,1766.625,1753.9127451280294,1754.0877451280294,1793.8753950223772,0.36,-443.24117539094055,-0.8817962905881626,"{'trail_atr_mult': 4.0, 'trail_atr_len': 14, 'tp_converts_to_trail': True, 'don_upper': 1765.71, 'don_lower': 1721.65, 'atr': 5.49507900447542, 'exit_reason': 'sl', 'signal_time': Timestamp('2021-10-04 14:00:00+0000', tz='UTC')}"
2021-10-08 13:00:00+00:00,2021-10-08 15:00:00+00:00,1,1775.975,1765.1582214470266,1765.3332214470265,1796.7335571059466,0.48,-519.2053705427206,-1.016444619583919,"{'trail_atr_mult': 4.0, 'trail_atr_len': 14, 'tp_converts_to_trail': True, 'don_upper': 1770.5, 'don_lower': 1745.95, 'atr': 4.186711421189347, 'exit_reason': 'sl', 'signal_time': Timestamp('2021-10-08 12:00:00+0000', tz='UTC')}"
2021-10-13 14:00:00+00:00,2021-10-15 08:00:00+00:00,1,1781.855,1789.1824207246282,1789.3574207246281,1810.9832142019693,0.34,303.5323046373573,0.6021216225548542,"{'trail_atr_mult': 4.0, 'trail_atr_len': 14, 'tp_converts_to_trail': True, 'don_upper': 1781.27, 'don_lower': 1745.95, 'atr': 5.860642840393851, 'exit_reason': 'sl', 'signal_time': Timestamp('2021-10-13 13:00:00+0000', tz='UTC')}"
2021-10-22 13:00:00+00:00,2021-10-22 16:00:00+00:00,1,1805.965,1795.0795225846286,1795.2545225846286,1826.8609548307425,0.47,-511.6174385224497,-1.016339140937714,"{'trail_atr_mult': 4.0, 'trail_atr_len': 14, 'tp_converts_to_trail': True, 'don_upper': 1795.09, 'don_lower': 1760.31, 'atr': 4.2141909661485135, 'exit_reason': 'sl', 'signal_time': Timestamp('2021-10-22 12:00:00+0000', tz='UTC')}"
2021-10-29 13:00:00+00:00,2021-11-01 06:00:00+00:00,-1,1780.145,1787.6169646757044,1787.4419646757044,1754.842304219312,0.39,-314.80662235247104,-0.6250627035602624,"{'trail_atr_mult': 4.0, 'trail_atr_len': 14, 'tp_converts_to_trail': True, 'don_upper': 1813.79, 'don_lower': 1782.45, 'atr': 5.095539156137615, 'exit_reason': 'sl', 'signal_time': Timestamp('2021-10-29 12:00:00+0000', tz='UTC')}"
2021-11-03 13:00:00+00:00,2021-11-03 22:00:00+00:00,-1,1766.945,1775.5314570798728,1775.3564570798728,1746.2284494845271,0.47,-403.56348275402365,-0.8084585985018685,"{'trail_atr_mult': 4.0, 'trail_atr_len': 14, 'tp_converts_to_trail': True, 'don_upper': 1810.38, 'don_lower': 1771.98, 'atr': 4.178310103094575, 'exit_reason': 'sl', 'signal_time': Timestamp('2021-11-03 12:00:00+0000', tz='UTC')}"
2021-11-05 15:00:00+00:00,2021-11-10 18:00:00+00:00,1,1810.105,1844.3467489477973,1844.5217489477973,,0.37,1340.9447110685003,2.719743075423211,"{'trail_atr_mult': 4.0, 'trail_atr_len': 14, 'tp_converts_to_trail': True, 'don_upper': 1803.62, 'don_lower': 1758.07, 'atr': 5.260172438020924, 'exit_reason': 'sl', 'signal_time': Timestamp('2021-11-05 14:00:00+0000', tz='UTC')}"
2021-11-16 08:00:00+00:00,2021-11-16 14:00:00+00:00,1,1872.2549999999999,1862.0596689143106,1862.2346689143105,1891.7706621713787,0.51,-519.9618853701545,-1.0174644927900518,"{'trail_atr_mult': 4.0, 'trail_atr_len': 14, 'tp_converts_to_trail': True, 'don_upper': 1870.3, 'don_lower': 1819.23, 'atr': 3.9381324342757424, 'exit_reason': 'sl', 'signal_time': Timestamp('2021-11-16 07:00:00+0000', tz='UTC')}"
2021-11-19 17:00:00+00:00,2021-11-22 15:00:00+00:00,-1,1846.915,1819.385,1818.2035836263526,,0.34,915.6199999999992,1.8441153242133967,"{'trail_atr_mult': 4.0, 'trail_atr_len': 14, 'tp_converts_to_trail': True, 'don_upper': 1877.23, 'don_lower': 1849.02, 'atr': 5.775283274729467, 'exit_reason': 'sl_gap', 'signal_time': Timestamp('2021-11-19 16:00:00+0000', tz='UTC')}"
2021-11-22 17:00:00+00:00,2021-11-25 06:00:00+00:00,-1,1808.2250000000001,1793.095,1792.6487458532579,1775.054678348167,0.3,423.9000000000033,0.8334974754168897,"{'trail_atr_mult': 4.0, 'trail_atr_len': 14, 'tp_converts_to_trail': True, 'don_upper': 1877.23, 'don_lower': 1811.54, 'atr': 6.683064330366609, 'exit_reason': 'sl_gap', 'signal_time': Timestamp('2021-11-22 16:00:00+0000', tz='UTC')}"
2021-11-30 16:00:00+00:00,2021-12-01 05:00:00+00:00,-1,1774.265,1791.259450889311,1791.084450889311,1739.0931789898568,0.29,-498.63907579001557,-0.982348604823549,"{'trail_atr_mult': 4.0, 'trail_atr_len': 14, 'tp_converts_to_trail': True, 'don_upper': 1815.55, 'don_lower': 1777.64, 'atr': 7.023364202028638, 'exit_reason': 'sl', 'signal_time': Timestamp('2021-11-30 15:00:00+0000', tz='UTC')}"
2021-12-02 14:00:00+00:00,2021-12-03 13:00:00+00:00,-1,1764.565,1777.941702016728,1777.766702016728,1738.2213772202938,0.38,-515.9146766356604,-1.0105990268308347,"{'trail_atr_mult': 4.0, 'trail_atr_len': 14, 'tp_converts_to_trail': True, 'don_upper': 1815.55, 'don_lower': 1767.45, 'atr': 5.3037245559412405, 'exit_reason': 'sl', 'signal_time': Timestamp('2021-12-02 13:00:00+0000', tz='UTC')}"
2021-12-15 18:00:00+00:00,2021-12-15 20:00:00+00:00,-1,1762.4850000000001,1770.645107482307,1770.470107482307,1745.3384183022902,0.56,-456.96601900918,-0.9081123319653915,"{'trail_atr_mult': 4.0, 'trail_atr_len': 14, 'tp_converts_to_trail': True, 'don_upper': 1791.57, 'don_lower': 1764.34, 'atr': 3.484316339541949, 'exit_reason': 'sl', 'signal_time': Timestamp('2021-12-15 17:00:00+0000', tz='UTC')}"
2021-12-16 14:00:00+00:00,2021-12-17 20:00:00+00:00,1,1793.875,1799.174932331421,1799.3499323314209,1814.4255512311638,0.48,273.59675190820343,0.5378423301433465,"{'trail_atr_mult': 4.0, 'trail_atr_len': 14, 'tp_converts_to_trail': True, 'don_upper': 1791.57, 'don_lower': 1752.34, 'atr': 4.153110246232754, 'exit_reason': 'sl', 'signal_time': Timestamp('2021-12-16 13:00:00+0000', tz='UTC')}"
2021-12-28 06:00:00+00:00,2021-12-28 16:00:00+00:00,1,1815.115,1809.91825940089,1810.09325940089,1827.2392243005336,0.81,-420.93598852790547,-0.8275575743780906,"{'trail_atr_mult': 4.0, 'trail_atr_len': 14, 'tp_converts_to_trail': True, 'don_upper': 1813.6, 'don_lower': 1785.0, 'atr': 2.4538448601067016, 'exit_reason': 'sl', 'signal_time': Timestamp('2021-12-28 05:00:00+0000', tz='UTC')}"
2021-12-31 13:00:00+00:00,2021-12-31 18:00:00+00:00,1,1824.485,1828.095,1816.8531632086292,1839.2236735827416,0.66,238.2600000000084,0.4730185011401124,"{'trail_atr_mult': 4.0, 'trail_atr_len': 14, 'tp_converts_to_trail': True, 'don_upper': 1820.32, 'don_lower': 1789.47, 'atr': 2.98273471654832, 'exit_reason': 'end_of_data', 'signal_time': Timestamp('2021-12-31 12:00:00+0000', tz='UTC')}"
2022-01-06 08:00:00+00:00,2022-01-06 10:00:00+00:00,-1,1795.315,1805.7199578725463,1805.5449578725463,1775.2000842549076,0.48,-499.4379778822185,-1.0171066198101943,"{'trail_atr_mult': 3.0, 'trail_atr_len': 14, 'tp_converts_to_trail': True, 'don_upper': 1831.82, 'don_lower': 1796.12, 'atr': 4.0459831490184825, 'exit_reason': 'sl', 'signal_time': Timestamp('2022-01-06 07:00:00+0000', tz='UTC')}"
2022-01-06 12:00:00+00:00,2022-01-07 17:00:00+00:00,-1,1791.625,1795.7031611614145,1795.5281611614146,1767.1957281428888,0.4,-171.1264464565811,-0.34537129374290954,"{'trail_atr_mult': 3.0, 'trail_atr_len': 14, 'tp_converts_to_trail': True, 'don_upper': 1831.82, 'don_lower': 1793.75, 'atr': 4.908854371422224, 'exit_reason': 'sl', 'signal_time': Timestamp('2022-01-06 11:00:00+0000', tz='UTC')}"
2022-01-19 15:00:00+00:00,2022-01-21 00:00:00+00:00,1,1838.475,1837.6034665221578,1837.7784665221577,1859.6390458293197,0.45,32.780993497103296,0.06698836609887644,"{'trail_atr_mult': 3.0, 'trail_atr_len': 14, 'tp_converts_to_trail': True, 'don_upper': 1829.18, 'don_lower': 1805.79, 'atr': 4.271809165863944, 'exit_reason': 'sl', 'signal_time': Timestamp('2022-01-19 14:00:00+0000', tz='UTC')}"
2022-01-25 14:00:00+00:00,2022-01-26 07:00:00+00:00,1,1850.555,1844.7161179398697,1844.8911179398697,1870.658150484808,0.48,-261.0663388862566,-0.5273261957378023,"{'trail_atr_mult': 3.0, 'trail_atr_len': 14, 'tp_converts_to_trail': True, 'don_upper': 1847.92, 'don_lower': 1805.79, 'atr': 4.055630096961583, 'exit_reason': 'sl', 'signal_time': Timestamp('2022-01-25 13:00:00+0000', tz='UTC')}"
2022-01-26 19:00:00+00:00,2022-01-27 17:00:00+00:00,-1,1819.195,1794.7480239455754,1794.5730239455754,,0.38,906.1850900681336,1.8720413288831512,"{'trail_atr_mult': 3.0, 'trail_atr_len': 14, 'tp_converts_to_trail': True, 'don_upper': 1853.9, 'don_lower': 1822.47, 'atr': 4.9813952108849, 'exit_reason': 'sl', 'signal_time': Timestamp('2022-01-26 18:00:00+0000', tz='UTC')}"
2022-01-28 09:00:00+00:00,2022-01-28 13:00:00+00:00,-1,1791.255,1792.3704449824088,1792.1954449824088,1773.4884431245248,0.54,-60.23402905006924,-0.1219628258001644,"{'trail_atr_mult': 3.0, 'trail_atr_len': 14, 'tp_converts_to_trail': True, 'don_upper': 1853.9, 'don_lower': 1791.84, 'atr': 3.5883113750950537, 'exit_reason': 'sl', 'signal_time': Timestamp('2022-01-28 08:00:00+0000', tz='UTC')}"
2022-02-04 09:00:00+00:00,2022-02-04 13:00:00+00:00,1,1811.165,1805.5076756949766,1805.6826756949765,1825.456796472314,0.67,-379.0407284365674,-0.7651859299768982,"{'trail_atr_mult': 3.0, 'trail_atr_len': 14, 'tp_converts_to_trail': True, 'don_upper': 1810.77, 'don_lower': 1780.3, 'atr': 2.8913592944628066, 'exit_reason': 'sl', 'signal_time': Timestamp('2022-02-04 08:00:00+0000', tz='UTC')}"
2022-02-07 16:00:00+00:00,2022-02-08 07:00:00+00:00,1,1817.5349999999999,1815.689103626281,1815.864103626281,1835.320064132965,0.54,-78.07840418082142,-0.15793460505862236,"{'trail_atr_mult': 3.0, 'trail_atr_len': 14, 'tp_converts_to_trail': True, 'don_upper': 1817.21, 'don_lower': 1788.66, 'atr': 3.592012826593001, 'exit_reason': 'sl', 'signal_time': Timestamp('2022-02-07 15:00:00+0000', tz='UTC')}"
2022-02-08 13:00:00+00:00,2022-02-09 14:00:00+00:00,1,1824.225,1825.2381664738857,1825.4131664738857,1838.7096360763528,0.66,93.26898727646304,0.18830123084892186,"{'trail_atr_mult': 3.0, 'trail_atr_len': 14, 'tp_converts_to_trail': True, 'don_upper': 1823.54, 'don_lower': 1788.66, 'atr': 2.9319272152705524, 'exit_reason': 'sl', 'signal_time': Timestamp('2022-02-08 12:00:00+0000', tz='UTC')}"
2022-02-09 17:00:00+00:00,2022-02-10 13:00:00+00:00,1,1834.335,1829.805374225602,1829.980374225602,1848.9471759322232,0.65,-216.4256753358718,-0.43905678806351295,"{'trail_atr_mult': 3.0, 'trail_atr_len': 14, 'tp_converts_to_trail': True, 'don_upper': 1833.36, 'don_lower': 1788.66, 'atr': 2.9594351864446176, 'exit_reason': 'sl', 'signal_time': Timestamp('2022-02-09 16:00:00+0000', tz='UTC')}"
2022-02-10 16:00:00+00:00,2022-02-10 19:00:00+00:00,1,1841.7649999999999,1831.0839999093942,1831.258999909394,1862.1620001812116,0.47,-502.00700425846884,-1.0166571481525528,"{'trail_atr_mult': 3.0, 'trail_atr_len': 14, 'tp_converts_to_trail': True, 'don_upper': 1840.55, 'don_lower': 1788.66, 'atr': 4.120400036242335, 'exit_reason': 'sl', 'signal_time': Timestamp('2022-02-10 15:00:00+0000', tz='UTC')}"
2022-02-11 18:00:00+00:00,2022-02-14 07:00:00+00:00,1,1857.355,1850.778035621813,1850.953035621813,1884.0185579632478,0.36,-193.5707176147351,-0.3955314132846214,"{'trail_atr_mult': 3.0, 'trail_atr_len': 14, 'tp_converts_to_trail': True, 'don_upper': 1841.92, 'don_lower': 1792.14, 'atr': 5.367711592649544, 'exit_reason': 'sl', 'signal_time': Timestamp('2022-02-11 17:00:00+0000', tz='UTC')}"
2022-02-14 14:00:00+00:00,2022-02-15 08:00:00+00:00,1,1866.645,1866.5424950768163,1866.7174950768162,1892.566556991371,0.37,11.007317842203564,0.022497830391561387,"{'trail_atr_mult': 3.0, 'trail_atr_len': 14, 'tp_converts_to_trail': True, 'don_upper': 1865.45, 'don_lower': 1810.26, 'atr': 5.219311398274196, 'exit_reason': 'sl', 'signal_time': Timestamp('2022-02-14 13:00:00+0000', tz='UTC')}"
2022-02-17 08:00:00+00:00,2022-02-18 01:00:00+00:00,1,1886.385,1888.120902625938,1888.295902625938,1911.0984310425322,0.38,81.16429978564493,0.16805935994744145,"{'trail_atr_mult': 3.0, 'trail_atr_len': 14, 'tp_converts_to_trail': True, 'don_upper': 1879.51, 'don_lower': 1820.92, 'atr': 4.9896862085064155, 'exit_reason': 'sl', 'signal_time': Timestamp('2022-02-17 07:00:00+0000', tz='UTC')}"
2022-02-20 23:00:00+00:00,2022-02-21 01:00:00+00:00,1,1905.065,1893.1060082291879,1893.2810082291878,1927.9579835416241,0.41,-473.9186626032998,-0.9809063003118055,"{'trail_atr_mult': 3.0, 'trail_atr_len': 14, 'tp_converts_to_trail': True, 'don_upper': 1902.51, 'don_lower': 1836.52, 'atr': 4.623596708324822, 'exit_reason': 'sl', 'signal_time': Timestamp('2022-02-20 22:00:00+0000', tz='UTC')}"
2022-02-21 23:00:00+00:00,2022-02-22 08:00:00+00:00,1,1909.715,1900.5490769912699,1900.7240769912698,1935.0303462801878,0.38,-333.10507433174126,-0.6808392332552421,"{'trail_atr_mult': 3.0, 'trail_atr_len': 14, 'tp_converts_to_trail': True, 'don_upper': 1908.26, 'don_lower': 1844.49, 'atr': 5.092069256037563, 'exit_reason': 'sl', 'signal_time': Timestamp('2022-02-21 22:00:00+0000', tz='UTC')}"
2022-02-24 02:00:00+00:00,2022-02-24 05:00:00+00:00,1,1921.125,1935.4950000000001,1943.0818876527385,,0.43,617.9100000000051,1.2800705421530651,"{'trail_atr_mult': 3.0, 'trail_atr_len': 14, 'tp_converts_to_trail': True, 'don_upper': 1914.1, 'don_lower': 1865.18, 'atr': 4.42437753054768, 'exit_reason': 'sl_gap', 'signal_time': Timestamp('2022-02-24 01:00:00+0000', tz='UTC')}"
2022-02-24 09:00:00+00:00,2022-02-24 14:00:00+00:00,1,1953.695,1949.944859231752,1950.119859231752,1989.073554078296,0.27,-101.25380074269606,-0.2092504978750876,"{'trail_atr_mult': 3.0, 'trail_atr_len': 14, 'tp_converts_to_trail': True, 'don_upper': 1949.09, 'don_lower': 1867.81, 'atr': 7.106710815659183, 'exit_reason': 'sl', 'signal_time': Timestamp('2022-02-24 08:00:00+0000', tz='UTC')}"
2022-03-04 14:00:00+00:00,2022-03-07 03:00:00+00:00,1,1952.245,1986.074791497519,1986.249791497519,,0.28,980.8341619305372,1.9943068264434625,"{'trail_atr_mult': 3.0, 'trail_atr_len': 14, 'tp_converts_to_trail': True, 'don_upper': 1950.93, 'don_lower': 1882.86, 'atr': 6.875958299503834, 'exit_reason': 'sl', 'signal_time': Timestamp('2022-03-04 13:00:00+0000', tz='UTC')}"
2022-03-07 10:00:00+00:00,2022-03-07 12:00:00+00:00,1,2002.645,1981.7658640430739,1981.9408640430738,2043.4382719138528,0.24,-501.0992629662269,-1.0084524174476073,"{'trail_atr_mult': 3.0, 'trail_atr_len': 14, 'tp_converts_to_trail': True, 'don_upper': 2001.41, 'don_lower': 1890.86, 'atr': 8.199654382770523, 'exit_reason': 'sl', 'signal_time': Timestamp('2022-03-07 09:00:00+0000', tz='UTC')}"
2022-03-08 06:00:00+00:00,2022-03-08 16:00:00+00:00,1,2017.105,2047.065,2065.469712897594,,0.2,599.2000000000008,1.2263682376846474,"{'trail_atr_mult': 3.0, 'trail_atr_len': 14, 'tp_converts_to_trail': True, 'don_upper': 2002.61, 'don_lower': 1901.39, 'atr': 9.705942579518807, 'exit_reason': 'sl_gap', 'signal_time': Timestamp('2022-03-08 05:00:00+0000', tz='UTC')}"
2022-03-15 00:00:00+00:00,2022-03-15 14:00:00+00:00,-1,1947.755,1923.055,1913.7464234012557,,0.28,691.6000000000014,1.4181719141002969,"{'trail_atr_mult': 3.0, 'trail_atr_len': 14, 'tp_converts_to_trail': True, 'don_upper': 2070.3, 'don_lower': 1949.7, 'atr': 6.85671531974885, 'exit_reason': 'sl_gap', 'signal_time': Timestamp('2022-03-14 23:00:00+0000', tz='UTC')}"
2022-03-24 11:00:00+00:00,2022-03-24 12:00:00+00:00,1,1956.715,1943.2942061394137,1943.4692061394137,1982.3515877211726,0.37,-496.5693728416884,-1.0132117411641652,"{'trail_atr_mult': 3.0, 'trail_atr_len': 14, 'tp_converts_to_trail': True, 'don_upper': 1949.74, 'don_lower': 1910.67, 'atr': 5.184317544234522, 'exit_reason': 'sl', 'signal_time': Timestamp('2022-03-24 10:00:00+0000', tz='UTC')}"
2022-03-24 14:00:00+00:00,2022-03-25 10:00:00+00:00,1,1964.995,1951.6743601286016,1951.8493601286016,1999.4909944669662,0.29,-374.69855627054983,-0.7580089741247321,"{'trail_atr_mult': 3.0, 'trail_atr_len': 14, 'tp_converts_to_trail': True, 'don_upper': 1957.89, 'don_lower': 1910.67, 'atr': 6.872198893393204, 'exit_reason': 'sl', 'signal_time': Timestamp('2022-03-24 13:00:00+0000', tz='UTC')}"
2022-03-29 12:00:00+00:00,2022-03-29 15:00:00+00:00,-1,1907.855,1911.719250336552,1911.544250336552,1877.0162396232017,0.31,-119.79176043311213,-0.24641498915485105,"{'trail_atr_mult': 3.0, 'trail_atr_len': 14, 'tp_converts_to_trail': True, 'don_upper': 1966.2, 'don_lower': 1909.73, 'atr': 6.202752075359628, 'exit_reason': 'sl', 'signal_time': Timestamp('2022-03-29 11:00:00+0000', tz='UTC')}"
2022-04-11 09:00:00+00:00,2022-04-11 14:00:00+00:00,1,1957.245,1953.4365194351635,1953.6115194351635,1981.7522355118813,0.39,-148.53074202861853,-0.3042860924689437,"{'trail_atr_mult': 3.0, 'trail_atr_len': 14, 'tp_converts_to_trail': True, 'don_upper': 1950.02, 'don_lower': 1915.15, 'atr': 4.936447102376273, 'exit_reason': 'sl', 'signal_time': Timestamp('2022-04-11 08:00:00+0000', tz='UTC')}"
2022-04-12 13:00:00+00:00,2022-04-14 10:00:00+00:00,1,1970.655,1968.4391666311822,1968.6141666311821,1998.3759389597847,0.35,-21.55416790862342,-0.04365145315174822,"{'trail_atr_mult': 3.0, 'trail_atr_len': 14, 'tp_converts_to_trail': True, 'don_upper': 1969.78, 'don_lower': 1915.15, 'atr': 5.577187791956947, 'exit_reason': 'sl', 'signal_time': Timestamp('2022-04-12 12:00:00+0000', tz='UTC')}"
2022-04-18 00:00:00+00:00,2022-04-18 15:00:00+00:00,1,1986.885,1983.002677296867,1983.177677296867,2017.9709741556635,0.31,-120.3520037971234,-0.24563132309780228,"{'trail_atr_mult': 3.0, 'trail_atr_len': 14, 'tp_converts_to_trail': True, 'don_upper': 1981.59, 'don_lower': 1927.67, 'atr': 6.252194831132681, 'exit_reason': 'sl', 'signal_time': Timestamp('2022-04-17 23:00:00+0000', tz='UTC')}"
2022-04-22 11:00:00+00:00,2022-04-22 14:00:00+00:00,-1,1936.4850000000001,1946.4094835167934,1946.2344835167935,1910.3992549469071,0.37,-367.2058901213527,-0.751833593850105,"{'trail_atr_mult': 3.0, 'trail_atr_len': 14, 'tp_converts_to_trail': True, 'don_upper': 1998.43, 'don_lower': 1936.84, 'atr': 5.238149010618535, 'exit_reason': 'sl', 'signal_time': Timestamp('2022-04-22 10:00:00+0000', tz='UTC')}"
2022-04-25 02:00:00+00:00,2022-04-25 14:00:00+00:00,-1,1925.355,1897.0700462843124,1896.8950462843125,,0.34,961.6884263333787,1.9537212176832717,"{'trail_atr_mult': 3.0, 'trail_atr_len': 14, 'tp_converts_to_trail': True, 'don_upper': 1998.43, 'don_lower': 1926.21, 'atr': 5.724990743137495, 'exit_reason': 'sl', 'signal_time': Timestamp('2022-04-25 01:00:00+0000', tz='UTC')}"
2022-04-28 04:00:00+00:00,2022-04-28 08:00:00+00:00,-1,1878.775,1886.5888973004714,1886.4138973004715,1855.1657576944774,0.41,-320.3697893193255,-0.6475361605765704,"{'trail_atr_mult': 3.0, 'trail_atr_len': 14, 'tp_converts_to_trail': True, 'don_upper': 1957.32, 'don_lower': 1880.85, 'atr': 4.756848461104545, 'exit_reason': 'sl', 'signal_time': Timestamp('2022-04-28 03:00:00+0000', tz='UTC')}"
2022-05-02 13:00:00+00:00,2022-05-03 14:00:00+00:00,-1,1861.4650000000001,1866.9243208051978,1866.7493208051978,1831.1142766792332,0.32,-181.09826576632477,-0.36658709150895774,"{'trail_atr_mult': 3.0, 'trail_atr_len': 14, 'tp_converts_to_trail': True, 'don_upper': 1921.18, 'don_lower': 1872.04, 'atr': 6.105144664153391, 'exit_reason': 'sl', 'signal_time': Timestamp('2022-05-02 12:00:00+0000', tz='UTC')}"
2022-05-10 15:00:00+00:00,2022-05-11 08:00:00+00:00,-1,1849.7250000000001,1847.1588950740115,1846.9838950740116,1819.1896741912144,0.31,73.34925270564695,0.15235544794699657,"{'trail_atr_mult': 3.0, 'trail_atr_len': 14, 'tp_converts_to_trail': True, 'don_upper': 1909.77, 'don_lower': 1851.63, 'atr': 6.142065161757142, 'exit_reason': 'sl', 'signal_time': Timestamp('2022-05-10 14:00:00+0000', tz='UTC')}"
2022-05-12 17:00:00+00:00,2022-05-13 05:00:00+00:00,-1,1825.435,1827.1904317953956,1827.0154317953957,1790.4177477224441,0.28,-54.752090271079034,-0.11068820521457766,"{'trail_atr_mult': 3.0, 'trail_atr_len': 14, 'tp_converts_to_trail': True, 'don_upper': 1909.77, 'don_lower': 1831.97, 'atr': 7.024450455511176, 'exit_reason': 'sl', 'signal_time': Timestamp('2022-05-12 16:00:00+0000', tz='UTC')}"
2022-05-13 13:00:00+00:00,2022-05-13 15:00:00+00:00,-1,1810.185,1817.5495407252497,1817.3745407252497,1781.8937136380953,0.34,-250.39438465849165,-0.5116700801667811,"{'trail_atr_mult': 3.0, 'trail_atr_len': 14, 'tp_converts_to_trail': True, 'don_upper': 1892.56, 'don_lower': 1810.5, 'atr': 5.6912572723809145, 'exit_reason': 'sl', 'signal_time': Timestamp('2022-05-13 12:00:00+0000', tz='UTC')}"
2022-05-16 08:00:00+00:00,2022-05-16 13:00:00+00:00,-1,1792.795,1808.650488268196,1808.4754882681962,1761.8690234636078,0.31,-491.5201363140772,-1.0111603667568756,"{'trail_atr_mult': 3.0, 'trail_atr_len': 14, 'tp_converts_to_trail': True, 'don_upper': 1878.75, 'don_lower': 1799.06, 'atr': 6.214195307278443, 'exit_reason': 'sl', 'signal_time': Timestamp('2022-05-16 07:00:00+0000', tz='UTC')}"
2022-05-23 01:00:00+00:00,2022-05-23 16:00:00+00:00,1,1852.725,1851.7434066486524,1851.9184066486523,1876.16703067848,0.41,-40.24532740524978,-0.08191197019904034,"{'trail_atr_mult': 3.0, 'trail_atr_len': 14, 'tp_converts_to_trail': True, 'don_upper': 1849.44, 'don_lower': 1786.84, 'atr': 4.7234061356959804, 'exit_reason': 'sl', 'signal_time': Timestamp('2022-05-23 00:00:00+0000', tz='UTC')}"
2022-05-24 14:00:00+00:00,2022-05-25 07:00:00+00:00,1,1867.745,1858.6214185086435,1858.7964185086435,1889.8572170874827,0.43,-375.1140041283248,-0.7707291455167617,"{'trail_atr_mult': 3.0, 'trail_atr_len': 14, 'tp_converts_to_trail': True, 'don_upper': 1865.39, 'don_lower': 1807.32, 'atr': 4.457443417496547, 'exit_reason': 'sl', 'signal_time': Timestamp('2022-05-24 13:00:00+0000', tz='UTC')}"
2022-05-31 20:00:00+00:00,2022-06-01 13:00:00+00:00,-1,1835.915,1840.8289238761251,1840.6539238761252,1812.8497909319135,0.41,-209.67087892113244,-0.43028009231866454,"{'trail_atr_mult': 3.0, 'trail_atr_len': 14, 'tp_converts_to_trail': True, 'don_upper': 1869.67, 'don_lower': 1839.68, 'atr': 4.6600418136173145, 'exit_reason': 'sl', 'signal_time': Timestamp('2022-05-31 19:00:00+0000', tz='UTC')}"
2022-06-02 14:00:00+00:00,2022-06-03 09:00:00+00:00,1,1864.205,1864.2921473099718,1864.4671473099718,1885.2358904495077,0.45,21.921628948735364,0.04501060477121467,"{'trail_atr_mult': 3.0, 'trail_atr_len': 14, 'tp_converts_to_trail': True, 'don_upper': 1863.96, 'don_lower': 1828.5, 'atr': 4.247178089901544, 'exit_reason': 'sl', 'signal_time': Timestamp('2022-06-02 13:00:00+0000', tz='UTC')}"
2022-06-10 12:00:00+00:00,2022-06-10 13:00:00+00:00,-1,1834.795,1843.606433164387,1843.431433164387,1817.9871336712258,0.56,-493.4402572056679,-1.0202629947651978,"{'trail_atr_mult': 3.0, 'trail_atr_len': 14, 'tp_converts_to_trail': True, 'don_upper': 1869.14, 'don_lower': 1837.03, 'atr': 3.3925732657548417, 'exit_reason': 'sl', 'signal_time': Timestamp('2022-06-10 11:00:00+0000', tz='UTC')}"
2022-06-10 17:00:00+00:00,2022-06-13 07:00:00+00:00,1,1871.875,1861.4559591528562,1861.6309591528561,1910.5312513362167,0.24,-221.25698033145198,-0.4723927894461146,"{'trail_atr_mult': 3.0, 'trail_atr_len': 14, 'tp_converts_to_trail': True, 'don_upper': 1867.89, 'don_lower': 1825.13, 'atr': 7.756250267243312, 'exit_reason': 'sl', 'signal_time': Timestamp('2022-06-10 16:00:00+0000', tz='UTC')}"
2022-06-13 20:00:00+00:00,2022-06-14 07:00:00+00:00,-1,1822.565,1830.353069751621,1830.178069751621,1789.84101014724,0.28,-223.6659530453859,-0.47620329474473266,"{'trail_atr_mult': 3.0, 'trail_atr_len': 14, 'tp_converts_to_trail': True, 'don_upper': 1878.78, 'don_lower': 1823.46, 'atr': 6.599797970551997, 'exit_reason': 'sl', 'signal_time': Timestamp('2022-06-13 19:00:00+0000', tz='UTC')}"
2022-06-14 16:00:00+00:00,2022-06-15 06:00:00+00:00,-1,1810.325,1819.161555995783,1818.986555995783,1782.0991482993486,0.33,-298.20634786083485,-0.6332366034876715,"{'trail_atr_mult': 3.0, 'trail_atr_len': 14, 'tp_converts_to_trail': True, 'don_upper': 1878.78, 'don_lower': 1812.61, 'atr': 5.666170340130271, 'exit_reason': 'sl', 'signal_time': Timestamp('2022-06-14 15:00:00+0000', tz='UTC')}"
2022-06-29 10:00:00+00:00,2022-06-29 11:00:00+00:00,-1,1814.545,1823.0418331108654,1822.8668331108654,1798.4563337782693,0.57,-484.31948731932107,-1.0210290206098303,"{'trail_atr_mult': 3.0, 'trail_atr_len': 14, 'tp_converts_to_trail': True, 'don_upper': 1847.93, 'don_lower': 1815.67, 'atr': 3.254733244346174, 'exit_reason': 'sl', 'signal_time': Timestamp('2022-06-29 09:00:00+0000', tz='UTC')}"
2022-06-30 11:00:00+00:00,2022-06-30 13:00:00+00:00,-1,1810.255,1814.9577788144068,1814.7827788144068,1792.810566418149,0.53,-249.24727716355278,-0.5260545635159615,"{'trail_atr_mult': 3.0, 'trail_atr_len': 14, 'tp_converts_to_trail': True, 'don_upper': 1846.04, 'don_lower': 1811.0, 'atr': 3.5178867163702296, 'exit_reason': 'sl', 'signal_time': Timestamp('2022-06-30 10:00:00+0000', tz='UTC')}"
2022-07-01 04:00:00+00:00,2022-07-01 15:00:00+00:00,-1,1801.285,1799.2775976968906,1799.1025976968906,1778.604500433864,0.41,82.3034944274907,0.17301091039978703,"{'trail_atr_mult': 3.0, 'trail_atr_len': 14, 'tp_converts_to_trail': True, 'don_upper': 1841.03, 'don_lower': 1802.75, 'atr': 4.571099913227218, 'exit_reason': 'sl', 'signal_time': Timestamp('2022-07-01 03:00:00+0000', tz='UTC')}"
2022-07-05 15:00:00+00:00,2022-07-07 03:00:00+00:00,-1,1767.4750000000001,1743.0941026463474,1742.9191026463475,,0.42,990.3976888534133,2.023255114400029,"{'trail_atr_mult': 2.0, 'trail_atr_len': 14, 'tp_converts_to_trail': True, 'don_upper': 1833.07, 'don_lower': 1784.45, 'atr': 5.7499651540039585, 'exit_reason': 'sl', 'signal_time': Timestamp('2022-07-05 14:00:00+0000', tz='UTC')}"
2022-07-13 13:00:00+00:00,2022-07-13 14:00:00+00:00,-1,1712.7250000000001,1723.0405181451629,1722.865518145163,1692.4589637096744,0.49,-505.4603891129743,-1.0172575007997429,"{'trail_atr_mult': 2.0, 'trail_atr_len': 14, 'tp_converts_to_trail': True, 'don_upper': 1771.84, 'don_lower': 1722.53, 'atr': 5.067759072581416, 'exit_reason': 'sl', 'signal_time': Timestamp('2022-07-13 12:00:00+0000', tz='UTC')}"
2022-07-14 14:00:00+00:00,2022-07-14 16:00:00+00:00,-1,1702.445,1711.0831163077826,1710.9081163077826,1678.3613381564703,0.39,-336.8865360035229,-0.6869642895138833,"{'trail_atr_mult': 2.0, 'trail_atr_len': 14, 'tp_converts_to_trail': True, 'don_upper': 1752.45, 'don_lower': 1707.03, 'atr': 6.109665460882406, 'exit_reason': 'sl', 'signal_time': Timestamp('2022-07-14 13:00:00+0000', tz='UTC')}"
2022-07-20 20:00:00+00:00,2022-07-21 13:00:00+00:00,-1,1695.515,1689.0873407031745,1688.9123407031746,1679.3634859265026,0.59,343.83189851271015,0.6951545528521337,"{'trail_atr_mult': 2.0, 'trail_atr_len': 14, 'tp_converts_to_trail': True, 'don_upper': 1745.42, 'don_lower': 1697.61, 'atr': 4.089128518374379, 'exit_reason': 'sl', 'signal_time': Timestamp('2022-07-20 19:00:00+0000', tz='UTC')}"
2022-07-22 10:00:00+00:00,2022-07-22 18:00:00+00:00,1,1724.5449999999998,1728.104297964325,1728.279297964325,1742.273333461273,0.55,195.76138803788584,0.3899888173167634,"{'trail_atr_mult': 2.0, 'trail_atr_len': 14, 'tp_converts_to_trail': True, 'don_upper': 1723.95, 'don_lower': 1680.84, 'atr': 4.47583336531829, 'exit_reason': 'sl', 'signal_time': Timestamp('2022-07-22 09:00:00+0000', tz='UTC')}"
2022-07-28 08:00:00+00:00,2022-07-28 11:00:00+00:00,1,1744.415,1739.6899235495796,1739.8649235495795,1761.3267378307423,0.58,-274.0544341243817,-0.5447798308274976,"{'trail_atr_mult': 2.0, 'trail_atr_len': 14, 'tp_converts_to_trail': True, 'don_upper': 1741.85, 'don_lower': 1680.84, 'atr': 4.264184457685613, 'exit_reason': 'sl', 'signal_time': Timestamp('2022-07-28 07:00:00+0000', tz='UTC')}"
2022-07-28 14:00:00+00:00,2022-07-29 10:00:00+00:00,1,1751.5349999999999,1759.1353909507825,1759.3103909507824,1774.064968220043,0.43,344.0168108836535,0.6895412115990185,"{'trail_atr_mult': 2.0, 'trail_atr_len': 14, 'tp_converts_to_trail': True, 'don_upper': 1749.88, 'don_lower': 1680.84, 'atr': 5.688742055010787, 'exit_reason': 'sl', 'signal_time': Timestamp('2022-07-28 13:00:00+0000', tz='UTC')}"
2022-08-01 10:00:00+00:00,2022-08-01 13:00:00+00:00,1,1773.7949999999998,1765.9509309061661,1766.125930906166,1792.0620250504737,0.52,-407.8915928793522,-0.8191373051321164,"{'trail_atr_mult': 2.0, 'trail_atr_len': 14, 'tp_converts_to_trail': True, 'don_upper': 1767.93, 'don_lower': 1711.52, 'atr': 4.640506262618427, 'exit_reason': 'sl', 'signal_time': Timestamp('2022-08-01 09:00:00+0000', tz='UTC')}"
2022-08-02 01:00:00+00:00,2022-08-02 06:00:00+00:00,1,1780.595,1771.9959682507745,1772.1709682507744,1798.4002172853407,0.54,-464.34771445818023,-0.9336514999819167,"{'trail_atr_mult': 2.0, 'trail_atr_len': 14, 'tp_converts_to_trail': True, 'don_upper': 1775.23, 'don_lower': 1711.52, 'atr': 4.502554321335149, 'exit_reason': 'sl', 'signal_time': Timestamp('2022-08-02 00:00:00+0000', tz='UTC')}"
2022-08-02 13:00:00+00:00,2022-08-02 14:00:00+00:00,1,1785.225,1775.6150074006175,1775.7900074006175,1803.5699851987652,0.52,-499.7196151678845,-1.0185479742730703,"{'trail_atr_mult': 2.0, 'trail_atr_len': 14, 'tp_converts_to_trail': True, 'don_upper': 1780.58, 'don_lower': 1711.52, 'atr': 4.629996299691297, 'exit_reason': 'sl', 'signal_time': Timestamp('2022-08-02 12:00:00+0000', tz='UTC')}"
2022-08-04 17:00:00+00:00,2022-08-05 09:00:00+00:00,1,1790.665,1787.3636796346987,1787.5386796346986,1809.8135028277866,0.5,-145.0660182650654,-0.29630249407523707,"{'trail_atr_mult': 2.0, 'trail_atr_len': 14, 'tp_converts_to_trail': True, 'don_upper': 1790.31, 'don_lower': 1736.09, 'atr': 4.823375706946657, 'exit_reason': 'sl', 'signal_time': Timestamp('2022-08-04 16:00:00+0000', tz='UTC')}"
2022-08-09 14:00:00+00:00,2022-08-10 02:00:00+00:00,1,1797.855,1791.40935884798,1791.58435884798,1814.0400704386484,0.59,-356.69282796918094,-0.7222957841398677,"{'trail_atr_mult': 2.0, 'trail_atr_len': 14, 'tp_converts_to_trail': True, 'don_upper': 1794.95, 'don_lower': 1754.34, 'atr': 4.092517609662076, 'exit_reason': 'sl', 'signal_time': Timestamp('2022-08-09 13:00:00+0000', tz='UTC')}"
2022-08-16 13:00:00+00:00,2022-08-17 05:00:00+00:00,-1,1771.615,1777.2524091566534,1777.0774091566534,1757.818652435131,0.69,-402.78123180908096,-0.8203592990818968,"{'trail_atr_mult': 2.0, 'trail_atr_len': 14, 'tp_converts_to_trail': True, 'don_upper': 1807.87, 'don_lower': 1772.98, 'atr': 3.485336891217254, 'exit_reason': 'sl', 'signal_time': Timestamp('2022-08-16 12:00:00+0000', tz='UTC')}"
2022-08-17 12:00:00+00:00,2022-08-17 14:00:00+00:00,-1,1769.095,1772.476989888205,1772.301989888205,1755.7724631811861,0.7,-236.73929217434986,-0.4853066839816134,"{'trail_atr_mult': 2.0, 'trail_atr_len': 14, 'tp_converts_to_trail': True, 'don_upper': 1807.87, 'don_lower': 1770.97, 'atr': 3.3818842047034456, 'exit_reason': 'sl', 'signal_time': Timestamp('2022-08-17 11:00:00+0000', tz='UTC')}"
2022-08-17 16:00:00+00:00,2022-08-17 19:00:00+00:00,-1,1761.9750000000001,1768.0681244079128,1767.8931244079129,1745.3128370848,0.57,-347.30809125102286,-0.7102717900422384,"{'trail_atr_mult': 2.0, 'trail_atr_len': 14, 'tp_converts_to_trail': True, 'don_upper': 1807.87, 'don_lower': 1764.75, 'atr': 4.206790728799996, 'exit_reason': 'sl', 'signal_time': Timestamp('2022-08-17 15:00:00+0000', tz='UTC')}"
2022-08-18 16:00:00+00:00,2022-08-19 13:00:00+00:00,-1,1759.595,1756.3814893555264,1756.2064893555264,1744.2245657942904,0.61,183.824149312894,0.37916682306057914,"{'trail_atr_mult': 2.0, 'trail_atr_len': 14, 'tp_converts_to_trail': True, 'don_upper': 1802.27, 'don_lower': 1759.8, 'atr': 3.886358551427409, 'exit_reason': 'sl', 'signal_time': Timestamp('2022-08-18 15:00:00+0000', tz='UTC')}"
2022-08-19 15:00:00+00:00,2022-08-22 11:00:00+00:00,-1,1747.905,1737.665,1731.8955734247397,,0.59,568.7600000000006,1.1639400804128084,"{'trail_atr_mult': 2.0, 'trail_atr_len': 14, 'tp_converts_to_trail': True, 'don_upper': 1802.27, 'don_lower': 1749.78, 'atr': 4.0486066438150345, 'exit_reason': 'sl_gap', 'signal_time': Timestamp('2022-08-19 14:00:00+0000', tz='UTC')}"
2022-08-22 13:00:00+00:00,2022-08-22 14:00:00+00:00,-1,1730.305,1738.2425965221034,1738.0675965221035,1715.334806955793,0.63,-500.0685808925128,-1.0225440030924775,"{'trail_atr_mult': 2.0, 'trail_atr_len': 14, 'tp_converts_to_trail': True, 'don_upper': 1791.94, 'don_lower': 1730.67, 'atr': 3.7887982610517312, 'exit_reason': 'sl', 'signal_time': Timestamp('2022-08-22 12:00:00+0000', tz='UTC')}"
2022-08-29 02:00:00+00:00,2022-08-29 11:00:00+00:00,-1,1723.625,1728.7364562717732,1728.5614562717733,1705.2716442945725,0.51,-260.68426986043573,-0.5415149869544854,"{'trail_atr_mult': 2.0, 'trail_atr_len': 14, 'tp_converts_to_trail': True, 'don_upper': 1765.5, 'don_lower': 1727.77, 'atr': 4.632088926356856, 'exit_reason': 'sl', 'signal_time': Timestamp('2022-08-29 01:00:00+0000', tz='UTC')}"
2022-08-31 09:00:00+00:00,2022-08-31 14:00:00+00:00,-1,1713.935,1716.970495424741,1716.7954954247411,1699.9712690824479,0.67,-203.37819345765752,-0.4190146731297073,"{'trail_atr_mult': 2.0, 'trail_atr_len': 14, 'tp_converts_to_trail': True, 'don_upper': 1765.5, 'don_lower': 1719.48, 'atr': 3.534682729387985, 'exit_reason': 'sl', 'signal_time': Timestamp('2022-08-31 08:00:00+0000', tz='UTC')}"
2022-09-01 02:00:00+00:00,2022-09-01 10:00:00+00:00,-1,1703.305,1708.5423996720308,1708.3673996720308,1687.2764632320232,0.59,-309.00658064981326,-0.632783162346625,"{'trail_atr_mult': 2.0, 'trail_atr_len': 14, 'tp_converts_to_trail': True, 'don_upper': 1765.5, 'don_lower': 1705.26, 'atr': 4.0508841919942284, 'exit_reason': 'sl', 'signal_time': Timestamp('2022-09-01 01:00:00+0000', tz='UTC')}"
2022-09-01 15:00:00+00:00,2022-09-02 04:00:00+00:00,-1,1691.9950000000001,1700.273783810619,1700.0987838106191,1671.8478387154446,0.46,-390.0240552884722,-0.8097334076852878,"{'trail_atr_mult': 2.0, 'trail_atr_len': 14, 'tp_converts_to_trail': True, 'don_upper': 1765.5, 'don_lower': 1694.66, 'atr': 5.103040321138854, 'exit_reason': 'sl', 'signal_time': Timestamp('2022-09-01 14:00:00+0000', tz='UTC')}"
2022-09-12 12:00:00+00:00,2022-09-12 14:00:00+00:00,1,1729.7549999999999,1725.3477372856207,1725.5227372856207,1745.5591036189833,0.59,-260.0285001483703,-0.5407981711639769,"{'trail_atr_mult': 2.0, 'trail_atr_len': 14, 'tp_converts_to_trail': True, 'don_upper': 1729.41, 'don_lower': 1691.27, 'atr': 3.9922759047458323, 'exit_reason': 'sl', 'signal_time': Timestamp('2022-09-12 11:00:00+0000', tz='UTC')}"
2022-09-12 16:00:00+00:00,2022-09-12 19:00:00+00:00,1,1734.375,1725.4768856819142,1725.651885681914,1753.0411738458263,0.5,-444.90571590429226,-0.9375726064531353,"{'trail_atr_mult': 2.0, 'trail_atr_len': 14, 'tp_converts_to_trail': True, 'don_upper': 1733.91, 'don_lower': 1691.27, 'atr': 4.692793461456597, 'exit_reason': 'sl', 'signal_time': Timestamp('2022-09-12 15:00:00+0000', tz='UTC')}"
2022-09-14 19:00:00+00:00,2022-09-15 13:00:00+00:00,-1,1694.925,1691.8187382354342,1691.6437382354343,1678.5966585773751,0.57,142.8569205802458,0.29795053213331263,"{'trail_atr_mult': 2.0, 'trail_atr_len': 14, 'tp_converts_to_trail': True, 'don_upper': 1735.13, 'don_lower': 1697.09, 'atr': 4.123335355656183, 'exit_reason': 'sl', 'signal_time': Timestamp('2022-09-14 18:00:00+0000', tz='UTC')}"
2022-09-15 15:00:00+00:00,2022-09-16 10:00:00+00:00,-1,1668.395,1663.7522891112028,1663.5772891112028,1643.643371869909,0.38,168.82301377429295,0.35447215842038016,"{'trail_atr_mult': 2.0, 'trail_atr_len': 14, 'tp_converts_to_trail': True, 'don_upper': 1735.13, 'don_lower': 1680.41, 'atr': 6.214157032522751, 'exit_reason': 'sl', 'signal_time': Timestamp('2022-09-15 14:00:00+0000', tz='UTC')}"
2022-09-23 11:00:00+00:00,2022-09-23 14:00:00+00:00,-1,1643.355,1653.8711784262264,1653.6961784262264,1619.5076338199358,0.39,-410.1309586228281,-0.8672290652506157,"{'trail_atr_mult': 2.0, 'trail_atr_len': 14, 'tp_converts_to_trail': True, 'don_upper': 1688.03, 'don_lower': 1652.77, 'atr': 5.995591545016037, 'exit_reason': 'sl', 'signal_time': Timestamp('2022-09-23 10:00:00+0000', tz='UTC')}"
2022-09-23 19:00:00+00:00,2022-09-26 02:00:00+00:00,-1,1640.105,1639.9612596210654,1639.7862596210655,1615.3860408676596,0.38,-17.337865600485927,-0.03610511662825278,"{'trail_atr_mult': 2.0, 'trail_atr_len': 14, 'tp_converts_to_trail': True, 'don_upper': 1688.03, 'don_lower': 1641.28, 'atr': 6.225989783085076, 'exit_reason': 'sl', 'signal_time': Timestamp('2022-09-23 18:00:00+0000', tz='UTC')}"
2022-09-26 18:00:00+00:00,2022-09-27 05:00:00+00:00,-1,1624.2450000000001,1632.1117922853582,1631.9367922853583,1596.7703659703282,0.34,-274.270937702175,-0.5762069801919266,"{'trail_atr_mult': 2.0, 'trail_atr_len': 14, 'tp_converts_to_trail': True, 'don_upper': 1688.03, 'don_lower': 1626.81, 'atr': 6.912408507417977, 'exit_reason': 'sl', 'signal_time': Timestamp('2022-09-26 17:00:00+0000', tz='UTC')}"
2022-10-03 15:00:00+00:00,2022-10-04 12:00:00+00:00,1,1687.215,1705.845,1711.7258117128672,,0.38,723.1400000000042,1.5220461721870895,"{'trail_atr_mult': 2.0, 'trail_atr_len': 14, 'tp_converts_to_trail': True, 'don_upper': 1675.36, 'don_lower': 1614.81, 'atr': 6.168952928216811, 'exit_reason': 'sl_gap', 'signal_time': Timestamp('2022-10-03 14:00:00+0000', tz='UTC')}"
2022-10-04 15:00:00+00:00,2022-10-05 02:00:00+00:00,1,1720.915,1719.3528791487577,1719.5278791487576,1745.3003145455907,0.38,-44.16059234720733,-0.0933043899638759,"{'trail_atr_mult': 2.0, 'trail_atr_len': 14, 'tp_converts_to_trail': True, 'don_upper': 1713.99, 'don_lower': 1614.81, 'atr': 6.140078636397666, 'exit_reason': 'sl', 'signal_time': Timestamp('2022-10-04 14:00:00+0000', tz='UTC')}"
2022-10-11 03:00:00+00:00,2022-10-11 12:00:00+00:00,-1,1665.275,1670.4378206521758,1670.2628206521758,1647.052125567987,0.51,-263.3038532609605,-0.5552054532951078,"{'trail_atr_mult': 2.0, 'trail_atr_len': 14, 'tp_converts_to_trail': True, 'don_upper': 1729.49, 'don_lower': 1665.71, 'atr': 4.586968608003274, 'exit_reason': 'sl', 'signal_time': Timestamp('2022-10-11 02:00:00+0000', tz='UTC')}"
2022-10-13 13:00:00+00:00,2022-10-13 16:00:00+00:00,-1,1654.405,1656.1079826448656,1655.9329826448657,1629.8717787952849,0.37,-63.01035786002876,-0.13352421803138723,"{'trail_atr_mult': 2.0, 'trail_atr_len': 14, 'tp_converts_to_trail': True, 'don_upper': 1725.57, 'don_lower': 1661.01, 'atr': 6.2145553011788, 'exit_reason': 'sl', 'signal_time': Timestamp('2022-10-13 12:00:00+0000', tz='UTC')}"
2022-10-19 11:00:00+00:00,2022-10-20 05:00:00+00:00,-1,1632.9850000000001,1629.9396522119555,1629.7646522119555,1614.854597456948,0.51,124.7127371902765,0.2617388394400856,"{'trail_atr_mult': 2.0, 'trail_atr_len': 14, 'tp_converts_to_trail': True, 'don_upper': 1682.46, 'don_lower': 1637.76, 'atr': 4.578850635763017, 'exit_reason': 'sl', 'signal_time': Timestamp('2022-10-19 10:00:00+0000', tz='UTC')}"
2022-10-21 04:00:00+00:00,2022-10-21 11:00:00+00:00,-1,1621.4950000000001,1626.2361909459046,1626.0611909459046,1604.7110536052755,0.55,-260.7655020247455,-0.5506946635663044,"{'trail_atr_mult': 2.0, 'trail_atr_len': 14, 'tp_converts_to_trail': True, 'don_upper': 1671.77, 'don_lower': 1622.43, 'atr': 4.232236598681112, 'exit_reason': 'sl', 'signal_time': Timestamp('2022-10-21 03:00:00+0000', tz='UTC')}"
2022-10-26 08:00:00+00:00,2022-10-26 13:00:00+00:00,1,1670.985,1665.6572526620864,1665.8322526620864,1689.1105966898456,0.51,-271.7151142335874,-0.5722423858542489,"{'trail_atr_mult': 2.0, 'trail_atr_len': 14, 'tp_converts_to_trail': True, 'don_upper': 1670.53, 'don_lower': 1617.29, 'atr': 4.572649172461386, 'exit_reason': 'sl', 'signal_time': Timestamp('2022-10-26 07:00:00+0000', tz='UTC')}"
2022-10-31 08:00:00+00:00,2022-10-31 14:00:00+00:00,-1,1636.945,1642.016753115418,1641.841753115418,1621.1398193214818,0.58,-294.1616806942443,-0.6234415235614902,"{'trail_atr_mult': 2.0, 'trail_atr_len': 14, 'tp_converts_to_trail': True, 'don_upper': 1674.93, 'don_lower': 1638.05, 'atr': 3.9900451696295343, 'exit_reason': 'sl', 'signal_time': Timestamp('2022-10-31 07:00:00+0000', tz='UTC')}"
2022-10-31 19:00:00+00:00,2022-11-01 01:00:00+00:00,-1,1632.035,1637.7682815338694,1637.5932815338695,1616.4877353671266,0.6,-355.99689203215985,-0.7452811105298832,"{'trail_atr_mult': 2.0, 'trail_atr_len': 14, 'tp_converts_to_trail': True, 'don_upper': 1674.93, 'don_lower': 1633.47, 'atr': 3.918066158218368, 'exit_reason': 'sl', 'signal_time': Timestamp('2022-10-31 18:00:00+0000', tz='UTC')}"
2022-11-03 07:00:00+00:00,2022-11-03 14:00:00+00:00,-1,1629.855,1626.596615252806,1626.421615252806,1612.0261754169458,0.51,166.1776221068933,0.35506329838222556,"{'trail_atr_mult': 2.0, 'trail_atr_len': 14, 'tp_converts_to_trail': True, 'don_upper': 1669.72, 'don_lower': 1630.65, 'atr': 4.500956145763535, 'exit_reason': 'sl', 'signal_time': Timestamp('2022-11-03 06:00:00+0000', tz='UTC')}"
2022-11-04 14:00:00+00:00,2022-11-07 01:00:00+00:00,1,1673.415,1670.5145871243071,1670.689587124307,1697.893986087167,0.38,-64.6156892763278,-0.13601134393252204,"{'trail_atr_mult': 2.0, 'trail_atr_len': 14, 'tp_converts_to_trail': True, 'don_upper': 1669.33, 'don_lower': 1616.72, 'atr': 6.163496521791756, 'exit_reason': 'sl', 'signal_time': Timestamp('2022-11-04 13:00:00+0000', tz='UTC')}"
2022-11-08 15:00:00+00:00,2022-11-09 05:00:00+00:00,1,1713.2849999999999,1707.6343948398778,1707.8093948398778,1737.7406464204205,0.38,-199.52299608463755,-0.4203738423542128,"{'trail_atr_mult': 2.0, 'trail_atr_len': 14, 'tp_converts_to_trail': True, 'don_upper': 1681.9, 'don_lower': 1616.72, 'atr': 6.157661605105119, 'exit_reason': 'sl', 'signal_time': Timestamp('2022-11-08 14:00:00+0000', tz='UTC')}"
2022-11-10 13:00:00+00:00,2022-11-10 21:00:00+00:00,1,1733.2949999999998,1755.545,1755.76972093813,,0.41,912.2500000000093,1.9322856807319366,"{'trail_atr_mult': 2.0, 'trail_atr_len': 14, 'tp_converts_to_trail': True, 'don_upper': 1722.37, 'don_lower': 1616.72, 'atr': 5.664930234532498, 'exit_reason': 'sl_gap', 'signal_time': Timestamp('2022-11-10 12:00:00+0000', tz='UTC')}"
2022-11-11 05:00:00+00:00,2022-11-13 23:00:00+00:00,1,1760.945,1761.285783388603,1761.460783388603,1782.5965176306383,0.43,49.053685709932694,0.10260450017868487,"{'trail_atr_mult': 2.0, 'trail_atr_len': 14, 'tp_converts_to_trail': True, 'don_upper': 1757.19, 'don_lower': 1629.4, 'atr': 5.461629407659589, 'exit_reason': 'sl', 'signal_time': Timestamp('2022-11-11 04:00:00+0000', tz='UTC')}"
2022-11-15 07:00:00+00:00,2022-11-15 09:00:00+00:00,1,1783.085,1773.6006999000394,1773.7756999000394,1801.2086001999212,0.51,-483.6993050979902,-1.0187984056933233,"{'trail_atr_mult': 2.0, 'trail_atr_len': 14, 'tp_converts_to_trail': True, 'don_upper': 1775.09, 'don_lower': 1664.71, 'atr': 4.572150049980295, 'exit_reason': 'sl', 'signal_time': Timestamp('2022-11-15 06:00:00+0000', tz='UTC')}"
2022-11-18 18:00:00+00:00,2022-11-21 13:00:00+00:00,-1,1748.925,1744.472176464911,1744.297176464911,1730.4252767940993,0.5,192.6411767544505,0.4056730380669315,"{'trail_atr_mult': 2.0, 'trail_atr_len': 14, 'tp_converts_to_trail': True, 'don_upper': 1786.57, 'don_lower': 1749.94, 'atr': 4.666180801475125, 'exit_reason': 'sl', 'signal_time': Timestamp('2022-11-18 17:00:00+0000', tz='UTC')}"
2022-11-21 15:00:00+00:00,2022-11-22 00:00:00+00:00,-1,1736.525,1740.3457271603654,1740.1707271603655,1719.762785857076,0.55,-221.13999382009274,-0.4619610153988711,"{'trail_atr_mult': 2.0, 'trail_atr_len': 14, 'tp_converts_to_trail': True, 'don_upper': 1786.57, 'don_lower': 1737.02, 'atr': 4.244303535730969, 'exit_reason': 'sl', 'signal_time': Timestamp('2022-11-21 14:00:00+0000', tz='UTC')}"
2022-11-30 19:00:00+00:00,2022-12-01 14:00:00+00:00,1,1767.895,1789.265,1790.4036212783165,,0.4,902.8000000000048,1.9320635042947614,"{'trail_atr_mult': 2.0, 'trail_atr_len': 14, 'tp_converts_to_trail': True, 'don_upper': 1764.79, 'don_lower': 1727.31, 'atr': 5.69840531957913, 'exit_reason': 'sl_gap', 'signal_time': Timestamp('2022-11-30 18:00:00+0000', tz='UTC')}"
2022-12-01 14:00:00+00:00,2022-12-02 04:00:00+00:00,1,1801.845,1795.671495318462,1795.8464953184618,1824.2893597518519,0.41,-236.71369194306348,-0.5027135927088867,"{'trail_atr_mult': 2.0, 'trail_atr_len': 14, 'tp_converts_to_trail': True, 'don_upper': 1792.2, 'don_lower': 1739.63, 'atr': 5.654839937962971, 'exit_reason': 'sl', 'signal_time': Timestamp('2022-12-01 13:00:00+0000', tz='UTC')}"
2022-12-05 01:00:00+00:00,2022-12-05 07:00:00+00:00,1,1806.715,1801.1932062228318,1801.3682062228318,1826.2567432687856,0.47,-259.52430752690134,-0.5495212535997993,"{'trail_atr_mult': 2.0, 'trail_atr_len': 14, 'tp_converts_to_trail': True, 'don_upper': 1804.52, 'don_lower': 1739.63, 'atr': 4.931685817196397, 'exit_reason': 'sl', 'signal_time': Timestamp('2022-12-05 00:00:00+0000', tz='UTC')}"
2022-12-13 13:00:00+00:00,2022-12-13 15:00:00+00:00,1,1811.2749999999999,1813.2901316456778,1813.4651316456777,1830.7357126804009,0.48,96.72631899253975,0.20196037875981346,"{'trail_atr_mult': 2.0, 'trail_atr_len': 14, 'tp_converts_to_trail': True, 'don_upper': 1806.14, 'don_lower': 1767.36, 'atr': 4.906428170100263, 'exit_reason': 'sl', 'signal_time': Timestamp('2022-12-13 12:00:00+0000', tz='UTC')}"
2022-12-27 15:00:00+00:00,2022-12-27 17:00:00+00:00,1,1824.815,1815.8054772584514,1815.9804772584514,1844.8081685749964,0.46,-414.43804611123596,-0.878199504855199,"{'trail_atr_mult': 2.0, 'trail_atr_len': 14, 'tp_converts_to_trail': True, 'don_upper': 1823.84, 'don_lower': 1783.79, 'atr': 5.042042143749102, 'exit_reason': 'sl', 'signal_time': Timestamp('2022-12-27 14:00:00+0000', tz='UTC')}"
2023-01-03 02:00:00+00:00,2023-01-03 15:00:00+00:00,1,1838.595,1830.5530444631495,1830.7280444631494,1857.8089786302687,0.5,-402.09777684252686,-0.8135934270814985,"{'trail_atr_mult': 4.0, 'trail_atr_len': 14, 'tp_converts_to_trail': True, 'don_upper': 1833.63, 'don_lower': 1788.52, 'atr': 4.849744657567159, 'exit_reason': 'sl', 'signal_time': Timestamp('2023-01-03 01:00:00+0000', tz='UTC')}"
2023-01-04 07:00:00+00:00,2023-01-04 19:00:00+00:00,1,1858.455,1848.2731240037456,1848.4481240037455,1877.973751992509,0.49,-498.91192381646306,-1.0174879752747468,"{'trail_atr_mult': 4.0, 'trail_atr_len': 14, 'tp_converts_to_trail': True, 'don_upper': 1849.99, 'don_lower': 1797.04, 'atr': 4.920937998127254, 'exit_reason': 'sl', 'signal_time': Timestamp('2023-01-04 06:00:00+0000', tz='UTC')}"
2023-01-06 18:00:00+00:00,2023-01-11 14:00:00+00:00,1,1868.885,1871.2578592052716,1871.4328592052716,1894.1001488934016,0.38,166.16864980032278,0.33937399611930813,"{'trail_atr_mult': 4.0, 'trail_atr_len': 14, 'tp_converts_to_trail': True, 'don_upper': 1865.12, 'don_lower': 1806.63, 'atr': 6.350037223350408, 'exit_reason': 'sl', 'signal_time': Timestamp('2023-01-06 17:00:00+0000', tz='UTC')}"
2023-01-12 12:00:00+00:00,2023-01-12 13:00:00+00:00,1,1887.625,1880.476136592191,1880.651136592191,1901.047726815618,0.71,-507.5693019544321,-1.02509369480968,"{'trail_atr_mult': 4.0, 'trail_atr_len': 14, 'tp_converts_to_trail': True, 'don_upper': 1886.63, 'don_lower': 1825.11, 'atr': 3.399431703904515, 'exit_reason': 'sl', 'signal_time': Timestamp('2023-01-12 11:00:00+0000', tz='UTC')}"
2023-01-12 13:00:00+00:00,2023-01-12 14:00:00+00:00,1,1899.905,1889.463103700019,1889.638103700019,1919.8537925999622,0.48,-501.2110223990858,-1.0170450733003193,"{'trail_atr_mult': 4.0, 'trail_atr_len': 14, 'tp_converts_to_trail': True, 'don_upper': 1890.09, 'don_lower': 1825.11, 'atr': 5.035948149990515, 'exit_reason': 'sl', 'signal_time': Timestamp('2023-01-12 12:00:00+0000', tz='UTC')}"
2023-01-13 08:00:00+00:00,2023-01-13 12:00:00+00:00,1,1906.655,1895.8891957028982,1896.0641957028981,1927.3116085942038,0.46,-495.22699766668256,-1.0165237686478488,"{'trail_atr_mult': 4.0, 'trail_atr_len': 14, 'tp_converts_to_trail': True, 'don_upper': 1901.61, 'don_lower': 1833.28, 'atr': 5.207902148550945, 'exit_reason': 'sl', 'signal_time': Timestamp('2023-01-13 07:00:00+0000', tz='UTC')}"
2023-01-13 14:00:00+00:00,2023-01-17 01:00:00+00:00,1,1911.7949999999998,1914.003729132542,1914.178729132542,1935.8149233699035,0.39,148.54043616914592,0.3103476083541055,"{'trail_atr_mult': 4.0, 'trail_atr_len': 14, 'tp_converts_to_trail': True, 'don_upper': 1909.73, 'don_lower': 1833.28, 'atr': 6.048730842475905, 'exit_reason': 'sl', 'signal_time': Timestamp('2023-01-13 13:00:00+0000', tz='UTC')}"
2023-01-19 19:00:00+00:00,2023-01-23 06:00:00+00:00,1,1929.875,1921.3630616388543,1921.5380616388543,1950.1099701885903,0.47,-324.86110297384636,-0.6658909717456648,"{'trail_atr_mult': 4.0, 'trail_atr_len': 14, 'tp_converts_to_trail': True, 'don_upper': 1928.96, 'don_lower': 1875.3, 'atr': 5.102492547147566, 'exit_reason': 'sl', 'signal_time': Timestamp('2023-01-19 18:00:00+0000', tz='UTC')}"
2023-01-24 06:00:00+00:00,2023-01-24 13:00:00+00:00,1,1939.875,1930.970067435024,1931.145067435024,1956.869865129952,0.55,-489.7712910736789,-1.0200459738603302,"{'trail_atr_mult': 4.0, 'trail_atr_len': 14, 'tp_converts_to_trail': True, 'don_upper': 1937.54, 'don_lower': 1896.59, 'atr': 4.287466282487978, 'exit_reason': 'sl', 'signal_time': Timestamp('2023-01-24 05:00:00+0000', tz='UTC')}"
2023-01-25 20:00:00+00:00,2023-01-26 09:00:00+00:00,1,1946.875,1935.4203022106235,1935.5953022106235,1969.029395578753,0.43,-440.95200494318925,-0.9091287710770573,"{'trail_atr_mult': 4.0, 'trail_atr_len': 14, 'tp_converts_to_trail': True, 'don_upper': 1943.17, 'don_lower': 1900.98, 'atr': 5.572348894688282, 'exit_reason': 'sl', 'signal_time': Timestamp('2023-01-25 19:00:00+0000', tz='UTC')}"
2023-01-31 06:00:00+00:00,2023-01-31 13:00:00+00:00,-1,1915.265,1918.8092225035355,1918.6342225035355,1899.537499175006,0.58,-205.56490520505122,-0.43058130003607586,"{'trail_atr_mult': 4.0, 'trail_atr_len': 14, 'tp_converts_to_trail': True, 'don_upper': 1949.09, 'don_lower': 1916.59, 'atr': 3.9931252062484974, 'exit_reason': 'sl', 'signal_time': Timestamp('2023-01-31 05:00:00+0000', tz='UTC')}"
2023-02-01 20:00:00+00:00,2023-02-02 14:00:00+00:00,1,1953.645,1940.210983665363,1940.385983665363,1979.7280326692742,0.36,-440.4245880469287,-0.9226941143950171,"{'trail_atr_mult': 4.0, 'trail_atr_len': 14, 'tp_converts_to_trail': True, 'don_upper': 1949.09, 'don_lower': 1900.82, 'atr': 6.55700816731852, 'exit_reason': 'sl', 'signal_time': Timestamp('2023-02-01 19:00:00+0000', tz='UTC')}"
2023-02-03 13:00:00+00:00,2023-02-07 09:00:00+00:00,-1,1886.615,1878.1172300726164,1877.9422300726164,1858.9836391571876,0.34,261.7241775310429,0.5467872762646939,"{'trail_atr_mult': 4.0, 'trail_atr_len': 14, 'tp_converts_to_trail': True, 'don_upper': 1959.68, 'don_lower': 1900.82, 'atr': 6.951590210703106, 'exit_reason': 'sl', 'signal_time': Timestamp('2023-02-03 12:00:00+0000', tz='UTC')}"
2023-02-10 03:00:00+00:00,2023-02-10 07:00:00+00:00,-1,1855.145,1866.3429008580563,1866.1679008580563,1833.624198283887,0.43,-481.5097368964209,-1.0158760386447685,"{'trail_atr_mult': 4.0, 'trail_atr_len': 14, 'tp_converts_to_trail': True, 'don_upper': 1918.6, 'don_lower': 1858.91, 'atr': 5.42395042902824, 'exit_reason': 'sl', 'signal_time': Timestamp('2023-02-10 02:00:00+0000', tz='UTC')}"
2023-02-13 16:00:00+00:00,2023-02-14 06:00:00+00:00,-1,1851.085,1861.0838830182374,1860.9088830182375,1831.9922339635248,0.48,-489.54638487539484,-1.0381722786502843,"{'trail_atr_mult': 4.0, 'trail_atr_len': 14, 'tp_converts_to_trail': True, 'don_upper': 1890.31, 'don_lower': 1852.8, 'atr': 4.819441509118776, 'exit_reason': 'sl', 'signal_time': Timestamp('2023-02-13 15:00:00+0000', tz='UTC')}"
2023-02-15 07:00:00+00:00,2023-02-17 15:00:00+00:00,-1,1835.525,1838.090850908062,1837.915850908062,1813.0217194252693,0.41,-137.99988723054096,-0.292323249852652,"{'trail_atr_mult': 4.0, 'trail_atr_len': 14, 'tp_converts_to_trail': True, 'don_upper': 1890.31, 'don_lower': 1842.1, 'atr': 5.669570143682662, 'exit_reason': 'sl', 'signal_time': Timestamp('2023-02-15 06:00:00+0000', tz='UTC')}"
2023-02-24 12:00:00+00:00,2023-02-28 02:00:00+00:00,-1,1816.895,1819.3399265649018,1819.1649265649019,1802.1108807821067,0.61,-197.9405204590119,-0.41818437236572314,"{'trail_atr_mult': 4.0, 'trail_atr_len': 14, 'tp_converts_to_trail': True, 'don_upper': 1847.48, 'don_lower': 1817.4, 'atr': 3.7572798044733684, 'exit_reason': 'sl', 'signal_time': Timestamp('2023-02-24 11:00:00+0000', tz='UTC')}"
2023-03-03 09:00:00+00:00,2023-03-03 15:00:00+00:00,1,1846.115,1839.1403753328334,1839.3153753328334,1858.7992493343331,0.69,-481.24910203449593,-1.0257367146814702,"{'trail_atr_mult': 4.0, 'trail_atr_len': 14, 'tp_converts_to_trail': True, 'don_upper': 1845.75, 'don_lower': 1804.69, 'atr': 3.247312333583323, 'exit_reason': 'sl', 'signal_time': Timestamp('2023-03-03 08:00:00+0000', tz='UTC')}"
2023-03-03 18:00:00+00:00,2023-03-07 00:00:00+00:00,1,1850.325,1845.7664244022633,1845.9414244022632,1864.6858418273716,0.63,-186.39026265741603,-0.39590618339322514,"{'trail_atr_mult': 4.0, 'trail_atr_len': 14, 'tp_converts_to_trail': True, 'don_upper': 1849.27, 'don_lower': 1804.69, 'atr': 3.6389604568428866, 'exit_reason': 'sl', 'signal_time': Timestamp('2023-03-03 17:00:00+0000', tz='UTC')}"
2023-03-08 02:00:00+00:00,2023-03-08 14:00:00+00:00,-1,1810.855,1818.3929208103998,1818.2179208103998,1796.6541583792002,0.64,-482.4269318655861,-1.0237677417028272,"{'trail_atr_mult': 4.0, 'trail_atr_len': 14, 'tp_converts_to_trail': True, 'don_upper': 1858.27, 'don_lower': 1811.37, 'atr': 3.593960405199928, 'exit_reason': 'sl', 'signal_time': Timestamp('2023-03-08 01:00:00+0000', tz='UTC')}"
2023-03-10 14:00:00+00:00,2023-03-12 22:00:00+00:00,1,1858.645,1880.9639440111662,1881.1389440111661,,0.4,924.7577604466478,2.01393792327056,"{'trail_atr_mult': 4.0, 'trail_atr_len': 14, 'tp_converts_to_trail': True, 'don_upper': 1858.27, 'don_lower': 1809.41, 'atr': 5.66223600279152, 'exit_reason': 'sl', 'signal_time': Timestamp('2023-03-10 13:00:00+0000', tz='UTC')}"
2023-03-12 22:00:00+00:00,2023-03-13 20:00:00+00:00,1,1884.115,1913.165,1914.2157101839684,,0.3,883.4999999999985,1.9232207072485266,"{'trail_atr_mult': 4.0, 'trail_atr_len': 14, 'tp_converts_to_trail': True, 'don_upper': 1870.18, 'don_lower': 1809.41, 'atr': 7.568927545992107, 'exit_reason': 'sl_gap', 'signal_time': Timestamp('2023-03-12 21:00:00+0000', tz='UTC')}"
2023-03-15 11:00:00+00:00,2023-03-17 13:00:00+00:00,1,1918.245,1944.7675696058845,1944.9425696058845,,0.35,984.2899362059629,2.072975027015917,"{'trail_atr_mult': 4.0, 'trail_atr_len': 14, 'tp_converts_to_trail': True, 'don_upper': 1914.62, 'don_lower': 1811.94, 'atr': 6.710642401471137, 'exit_reason': 'sl', 'signal_time': Timestamp('2023-03-15 10:00:00+0000', tz='UTC')}"
2023-03-17 13:00:00+00:00,2023-03-17 18:00:00+00:00,1,1950.865,1972.635,1974.17661284214,,0.4,870.7999999999993,1.824305790184204,"{'trail_atr_mult': 4.0, 'trail_atr_len': 14, 'tp_converts_to_trail': True, 'don_upper': 1946.07, 'don_lower': 1830.94, 'atr': 5.874153210534978, 'exit_reason': 'sl_gap', 'signal_time': Timestamp('2023-03-17 12:00:00+0000', tz='UTC')}"
2023-03-17 18:00:00+00:00,2023-03-20 10:00:00+00:00,1,1983.835,1973.8764990840207,1974.0514990840206,2015.482769517644,0.3,-262.7550274793807,-0.542947865104359,"{'trail_atr_mult': 4.0, 'trail_atr_len': 14, 'tp_converts_to_trail': True, 'don_upper': 1975.21, 'don_lower': 1839.95, 'atr': 7.963192379411004, 'exit_reason': 'sl', 'signal_time': Timestamp('2023-03-17 17:00:00+0000', tz='UTC')}"
2023-04-04 14:00:00+00:00,2023-04-05 15:00:00+00:00,1,1992.635,2013.986630139454,2014.161630139454,,0.51,1109.3331371121578,2.3026538202533655,"{'trail_atr_mult': 4.0, 'trail_atr_len': 14, 'tp_converts_to_trail': True, 'don_upper': 1990.54, 'don_lower': 1949.15, 'atr': 4.705665494555397, 'exit_reason': 'sl', 'signal_time': Timestamp('2023-04-04 13:00:00+0000', tz='UTC')}"
2023-04-13 13:00:00+00:00,2023-04-13 15:00:00+00:00,1,2045.215,2033.7591821904475,2033.9341821904475,2067.251635619105,0.43,-492.60016581075325,-1.0155130596871946,"{'trail_atr_mult': 4.0, 'trail_atr_len': 14, 'tp_converts_to_trail': True, 'don_upper': 2032.26, 'don_lower': 1981.72, 'atr': 5.552908904776269, 'exit_reason': 'sl', 'signal_time': Timestamp('2023-04-13 12:00:00+0000', tz='UTC')}"
2023-04-19 09:00:00+00:00,2023-04-19 14:00:00+00:00,-1,1979.7450000000001,1991.156200909426,1990.981200909426,1958.3375981811478,0.43,-490.68163910531,-1.015574659211829,"{'trail_atr_mult': 4.0, 'trail_atr_len': 14, 'tp_converts_to_trail': True, 'don_upper': 2048.67, 'don_lower': 1981.18, 'atr': 5.440600454713044, 'exit_reason': 'sl', 'signal_time': Timestamp('2023-04-19 08:00:00+0000', tz='UTC')}"
2023-05-02 16:00:00+00:00,2023-05-04 07:00:00+00:00,1,2014.635,2037.75613921193,2037.93113921193,,0.4,988.8455684772034,2.0651598065652492,"{'trail_atr_mult': 4.0, 'trail_atr_len': 14, 'tp_converts_to_trail': True, 'don_upper': 2013.02, 'don_lower': 1974.22, 'atr': 5.877784802982484, 'exit_reason': 'sl', 'signal_time': Timestamp('2023-05-02 15:00:00+0000', tz='UTC')}"
2023-05-16 16:00:00+00:00,2023-05-17 15:00:00+00:00,-1,1995.815,1977.835,1976.6180718986177,,0.49,871.2200000000009,1.800330571146177,"{'trail_atr_mult': 4.0, 'trail_atr_len': 14, 'tp_converts_to_trail': True, 'don_upper': 2048.18, 'don_lower': 2000.89, 'atr': 4.845482025345582, 'exit_reason': 'sl_gap', 'signal_time': Timestamp('2023-05-16 15:00:00+0000', tz='UTC')}"
2023-05-18 08:00:00+00:00,2023-05-18 15:00:00+00:00,-1,1974.365,1960.1681354999064,1959.9931354999064,,0.66,936.9930570061794,1.9060204917625168,"{'trail_atr_mult': 4.0, 'trail_atr_len': 14, 'tp_converts_to_trail': True, 'don_upper': 2041.29, 'don_lower': 1974.98, 'atr': 3.63671612502338, 'exit_reason': 'sl', 'signal_time': Timestamp('2023-05-18 07:00:00+0000', tz='UTC')}"
2023-05-18 15:00:00+00:00,2023-05-19 07:00:00+00:00,-1,1955.175,1964.8929781230797,1964.7179781230798,1936.5540437538405,0.52,-515.7348624001484,-1.0392959090090559,"{'trail_atr_mult': 4.0, 'trail_atr_len': 14, 'tp_converts_to_trail': True, 'don_upper': 2041.29, 'don_lower': 1956.62, 'atr': 4.69398906153987, 'exit_reason': 'sl', 'signal_time': Timestamp('2023-05-18 14:00:00+0000', tz='UTC')}"
2023-05-25 13:00:00+00:00,2023-05-26 08:00:00+00:00,-1,1943.415,1954.2592798895662,1954.0842798895662,1921.7617571157189,0.44,-485.94831514091385,-0.9946108701272716,"{'trail_atr_mult': 4.0, 'trail_atr_len': 14, 'tp_converts_to_trail': True, 'don_upper': 1985.29, 'don_lower': 1951.98, 'atr': 5.459560721070284, 'exit_reason': 'sl', 'signal_time': Timestamp('2023-05-25 12:00:00+0000', tz='UTC')}"
2023-05-30 06:00:00+00:00,2023-05-30 08:00:00+00:00,-1,1933.195,1939.916521086905,1939.741521086905,1920.6269578261893,0.75,-504.1140815178835,-1.026731755336434,"{'trail_atr_mult': 4.0, 'trail_atr_len': 14, 'tp_converts_to_trail': True, 'don_upper': 1985.29, 'don_lower': 1936.76, 'atr': 3.185760543452655, 'exit_reason': 'sl', 'signal_time': Timestamp('2023-05-30 05:00:00+0000', tz='UTC')}"
2023-06-01 15:00:00+00:00,2023-06-02 13:00:00+00:00,1,1976.455,1968.6881777690032,1968.8631777690032,1996.4314466121882,0.48,-353.60746708784137,-0.7228949319614241,"{'trail_atr_mult': 4.0, 'trail_atr_len': 14, 'tp_converts_to_trail': True, 'don_upper': 1974.79, 'don_lower': 1932.05, 'atr': 5.0278616530470694, 'exit_reason': 'sl', 'signal_time': Timestamp('2023-06-01 14:00:00+0000', tz='UTC')}"
2023-06-15 01:00:00+00:00,2023-06-15 14:00:00+00:00,-1,1939.015,1946.0274175593408,1945.852417559341,1918.8081844153007,0.47,-329.5836252890151,-0.6735644671153344,"{'trail_atr_mult': 4.0, 'trail_atr_len': 14, 'tp_converts_to_trail': True, 'don_upper': 1973.1, 'don_lower': 1939.61, 'atr': 5.102953896174812, 'exit_reason': 'sl', 'signal_time': Timestamp('2023-06-15 00:00:00+0000', tz='UTC')}"
2023-06-22 15:00:00+00:00,2023-06-23 13:00:00+00:00,-1,1915.2150000000001,1924.216170080431,1924.0411700804311,1897.4202413421153,0.53,-487.6620142628398,-1.0028655146891883,"{'trail_atr_mult': 4.0, 'trail_atr_len': 14, 'tp_converts_to_trail': True, 'don_upper': 1967.93, 'don_lower': 1918.93, 'atr': 4.494939664471171, 'exit_reason': 'sl', 'signal_time': Timestamp('2023-06-22 14:00:00+0000', tz='UTC')}"
2023-06-28 10:00:00+00:00,2023-06-29 15:00:00+00:00,-1,1907.145,1899.825,1893.5077117619498,,0.68,456.9599999999957,0.9510137193362488,"{'trail_atr_mult': 4.0, 'trail_atr_len': 14, 'tp_converts_to_trail': True, 'don_upper': 1937.6, 'don_lower': 1908.27, 'atr': 3.4505720595125244, 'exit_reason': 'sl_gap', 'signal_time': Timestamp('2023-06-28 09:00:00+0000', tz='UTC')}"
2023-07-03 14:00:00+00:00,2023-07-05 07:00:00+00:00,1,1926.205,1922.2153980823296,1922.3903980823295,1947.2662203567193,0.46,-146.72168821283705,-0.29593331900377884,"{'trail_atr_mult': 4.0, 'trail_atr_len': 14, 'tp_converts_to_trail': True, 'don_upper': 1922.8, 'don_lower': 1909.97, 'atr': 4.245244071343859, 'exit_reason': 'sl', 'signal_time': Timestamp('2023-07-03 13:00:00+0000', tz='UTC')}"
2023-07-05 07:00:00+00:00,2023-07-05 09:00:00+00:00,-1,1921.9850000000001,1928.0117053534136,1927.8367053534137,1910.7465892931727,0.85,-512.2699550401467,-1.029905811969475,"{'trail_atr_mult': 4.0, 'trail_atr_len': 14, 'tp_converts_to_trail': True, 'don_upper': 1930.75, 'don_lower': 1923.17, 'atr': 2.2786821413654654, 'exit_reason': 'sl', 'signal_time': Timestamp('2023-07-05 06:00:00+0000', tz='UTC')}"
2023-07-05 19:00:00+00:00,2023-07-06 12:00:00+00:00,-1,1915.935,1925.2004882893093,1925.0254882893094,1898.1290234213811,0.54,-532.7363676227055,-1.0852539462496609,"{'trail_atr_mult': 4.0, 'trail_atr_len': 14, 'tp_converts_to_trail': True, 'don_upper': 1935.05, 'don_lower': 1919.0, 'atr': 3.5861953157237796, 'exit_reason': 'sl', 'signal_time': Timestamp('2023-07-05 18:00:00+0000', tz='UTC')}"
2023-07-06 12:00:00+00:00,2023-07-06 13:00:00+00:00,1,1926.825,1917.6753514585328,1917.8503514585327,1944.2492970829346,0.55,-503.2306697807008,-1.019499370832336,"{'trail_atr_mult': 4.0, 'trail_atr_len': 14, 'tp_converts_to_trail': True, 'don_upper': 1926.31, 'don_lower': 1914.74, 'atr': 3.5198594165869084, 'exit_reason': 'sl', 'signal_time': Timestamp('2023-07-06 11:00:00+0000', tz='UTC')}"
2023-07-06 13:00:00+00:00,2023-07-07 08:00:00+00:00,-1,1906.165,1915.8305680976036,1915.6555680976037,1880.8451847908823,0.38,-374.89158770893994,-0.7688010232856787,"{'trail_atr_mult': 4.0, 'trail_atr_len': 14, 'tp_converts_to_trail': True, 'don_upper': 1927.43, 'don_lower': 1914.74, 'atr': 5.086963041823516, 'exit_reason': 'sl', 'signal_time': Timestamp('2023-07-06 12:00:00+0000', tz='UTC')}"
2023-07-07 13:00:00+00:00,2023-07-10 06:00:00+00:00,1,1918.945,1920.4103884663966,1920.5853884663966,1941.0585807161315,0.43,114.61170405505763,0.23831538533640198,"{'trail_atr_mult': 4.0, 'trail_atr_len': 14, 'tp_converts_to_trail': True, 'don_upper': 1918.37, 'don_lower': 1907.18, 'atr': 4.439716143226329, 'exit_reason': 'sl', 'signal_time': Timestamp('2023-07-07 12:00:00+0000', tz='UTC')}"
2023-07-10 13:00:00+00:00,2023-07-10 17:00:00+00:00,-1,1913.815,1925.457706631148,1925.2827066311481,1891.4045867377038,0.42,-488.9936785082172,-1.0152602438856106,"{'trail_atr_mult': 4.0, 'trail_atr_len': 14, 'tp_converts_to_trail': True, 'don_upper': 1934.97, 'don_lower': 1919.31, 'atr': 4.517082652459229, 'exit_reason': 'sl', 'signal_time': Timestamp('2023-07-10 12:00:00+0000', tz='UTC')}"
2023-07-11 05:00:00+00:00,2023-07-12 14:00:00+00:00,1,1929.615,1943.005,1945.2371093994432,,0.6,827.4000000000059,1.7080456518707876,"{'trail_atr_mult': 4.0, 'trail_atr_len': 14, 'tp_converts_to_trail': True, 'don_upper': 1928.98, 'don_lower': 1912.69, 'atr': 3.1594218798886216, 'exit_reason': 'sl_gap', 'signal_time': Timestamp('2023-07-11 04:00:00+0000', tz='UTC')}"
2023-07-12 14:00:00+00:00,2023-07-14 15:00:00+00:00,1,1956.195,1951.4399107714605,1951.6149107714605,1979.2797338295031,0.41,-129.35865837011613,-0.2632560921186393,"{'trail_atr_mult': 4.0, 'trail_atr_len': 14, 'tp_converts_to_trail': True, 'don_upper': 1950.06, 'don_lower': 1929.32, 'atr': 4.675946765900589, 'exit_reason': 'sl', 'signal_time': Timestamp('2023-07-12 13:00:00+0000', tz='UTC')}"
2023-07-17 13:00:00+00:00,2023-07-18 02:00:00+00:00,-1,1948.505,1957.8509953864382,1957.6759953864382,1927.7711955078203,0.46,-439.11578777615085,-0.9057435292385663,"{'trail_atr_mult': 4.0, 'trail_atr_len': 14, 'tp_converts_to_trail': True, 'don_upper': 1962.03, 'don_lower': 1950.59, 'atr': 4.16976089843592, 'exit_reason': 'sl', 'signal_time': Timestamp('2023-07-17 12:00:00+0000', tz='UTC')}"
2023-07-18 15:00:00+00:00,2023-07-19 15:00:00+00:00,1,1982.975,1970.7860023485784,1970.9610023485784,2006.4779953028433,0.4,-471.55990605685844,-0.9812718458477955,"{'trail_atr_mult': 4.0, 'trail_atr_len': 14, 'tp_converts_to_trail': True, 'don_upper': 1972.21, 'don_lower': 1952.45, 'atr': 4.735599060568664, 'exit_reason': 'sl', 'signal_time': Timestamp('2023-07-18 14:00:00+0000', tz='UTC')}"
2023-07-20 02:00:00+00:00,2023-07-20 13:00:00+00:00,1,1985.125,1976.4891392609884,1976.6641392609883,2001.4317214780235,0.57,-492.2440621236614,-1.0206834748139817,"{'trail_atr_mult': 4.0, 'trail_atr_len': 14, 'tp_converts_to_trail': True, 'don_upper': 1980.93, 'don_lower': 1969.69, 'atr': 3.302344295604709, 'exit_reason': 'sl', 'signal_time': Timestamp('2023-07-20 01:00:00+0000', tz='UTC')}"
2023-07-20 15:00:00+00:00,2023-07-25 17:00:00+00:00,-1,1970.315,1965.6732372197616,1965.4982372197617,1947.4380611171694,0.41,149.31227398977532,0.3104400534350954,"{'trail_atr_mult': 4.0, 'trail_atr_len': 14, 'tp_converts_to_trail': True, 'don_upper': 1987.43, 'don_lower': 1972.4, 'atr': 4.614387776566134, 'exit_reason': 'sl', 'signal_time': Timestamp('2023-07-20 14:00:00+0000', tz='UTC')}"
2023-07-26 07:00:00+00:00,2023-07-27 13:00:00+00:00,1,1969.7549999999999,1967.2011231904069,1967.3761231904068,1986.5188753372815,0.56,-75.81710133720917,-0.15661826268982976,"{'trail_atr_mult': 4.0, 'trail_atr_len': 14, 'tp_converts_to_trail': True, 'don_upper': 1966.18, 'don_lower': 1951.74, 'atr': 3.3877750674563143, 'exit_reason': 'sl', 'signal_time': Timestamp('2023-07-26 06:00:00+0000', tz='UTC')}"
2023-07-27 13:00:00+00:00,2023-07-28 13:00:00+00:00,-1,1959.9950000000001,1960.5802160844455,1960.4052160844456,1932.5786315347382,0.34,-26.697346871143328,-0.056446977827551655,"{'trail_atr_mult': 4.0, 'trail_atr_len': 14, 'tp_converts_to_trail': True, 'don_upper': 1982.23, 'don_lower': 1965.52, 'atr': 5.510273693052364, 'exit_reason': 'sl', 'signal_time': Timestamp('2023-07-27 12:00:00+0000', tz='UTC')}"
2023-07-31 13:00:00+00:00,2023-08-01 05:00:00+00:00,1,1965.665,1959.057447916892,1959.232447916892,1984.369024495536,0.5,-310.3776041553988,-0.643635667998109,"{'trail_atr_mult': 4.0, 'trail_atr_len': 14, 'tp_converts_to_trail': True, 'don_upper': 1963.56, 'don_lower': 1950.87, 'atr': 3.7798048991071846, 'exit_reason': 'sl', 'signal_time': Timestamp('2023-07-31 12:00:00+0000', tz='UTC')}"
2023-08-01 08:00:00+00:00,2023-08-02 12:00:00+00:00,-1,1955.255,1954.9292638600875,1954.7542638600876,1938.4662531933302,0.54,6.789751555279235,0.014277046365281924,"{'trail_atr_mult': 4.0, 'trail_atr_len': 14, 'tp_converts_to_trail': True, 'don_upper': 1972.39, 'don_lower': 1955.84, 'atr': 3.412749361333936, 'exit_reason': 'sl', 'signal_time': Timestamp('2023-08-01 07:00:00+0000', tz='UTC')}"
2023-08-02 15:00:00+00:00,2023-08-04 13:00:00+00:00,-1,1935.325,1941.2352791994608,1941.0602791994609,1913.3391957639174,0.4,-268.41116797843097,-0.5652950197249111,"{'trail_atr_mult': 4.0, 'trail_atr_len': 14, 'tp_converts_to_trail': True, 'don_upper': 1954.84, 'don_lower': 1941.26, 'atr': 4.514160847216522, 'exit_reason': 'sl', 'signal_time': Timestamp('2023-08-02 14:00:00+0000', tz='UTC')}"
2023-08-04 13:00:00+00:00,2023-08-07 10:00:00+00:00,1,1939.205,1934.1442340720837,1934.3192340720836,1959.5157114438002,0.46,-177.59523268414688,-0.36899733978317023,"{'trail_atr_mult': 4.0, 'trail_atr_len': 14, 'tp_converts_to_trail': True, 'don_upper': 1938.77, 'don_lower': 1931.26, 'atr': 4.103142288760032, 'exit_reason': 'sl', 'signal_time': Timestamp('2023-08-04 12:00:00+0000', tz='UTC')}"
2023-08-08 08:00:00+00:00,2023-08-09 17:00:00+00:00,-1,1930.365,1916.915,1915.6972758007519,,0.63,834.7500000000027,1.7477070513037956,"{'trail_atr_mult': 4.0, 'trail_atr_len': 14, 'tp_converts_to_trail': True, 'don_upper': 1941.68, 'don_lower': 1931.15, 'atr': 2.9665448398496013, 'exit_reason': 'sl_gap', 'signal_time': Timestamp('2023-08-08 07:00:00+0000', tz='UTC')}"
2023-08-09 22:00:00+00:00,2023-08-10 10:00:00+00:00,-1,1914.535,1921.7692042145968,1921.5942042145969,1900.9115915708066,0.68,-532.7258865925776,-1.1097857458773377,"{'trail_atr_mult': 4.0, 'trail_atr_len': 14, 'tp_converts_to_trail': True, 'don_upper': 1932.34, 'don_lower': 1915.47, 'atr': 2.7576816858386914, 'exit_reason': 'sl', 'signal_time': Timestamp('2023-08-09 20:00:00+0000', tz='UTC')}"
2023-08-10 13:00:00+00:00,2023-08-10 15:00:00+00:00,1,1926.415,1917.842719630603,1918.0177196306029,1942.714560738794,0.57,-488.61998105563174,-1.0208400806334539,"{'trail_atr_mult': 4.0, 'trail_atr_len': 14, 'tp_converts_to_trail': True, 'don_upper': 1922.7, 'don_lower': 1913.98, 'atr': 3.292912147758814, 'exit_reason': 'sl', 'signal_time': Timestamp('2023-08-10 12:00:00+0000', tz='UTC')}"
2023-08-10 22:00:00+00:00,2023-08-15 15:00:00+00:00,-1,1912.395,1909.17545893249,1909.0004589324901,1894.0125265359948,0.52,115.41613551051523,0.24407360064635877,"{'trail_atr_mult': 4.0, 'trail_atr_len': 14, 'tp_converts_to_trail': True, 'don_upper': 1930.14, 'don_lower': 1912.89, 'atr': 3.663494692801026, 'exit_reason': 'sl', 'signal_time': Timestamp('2023-08-10 20:00:00+0000', tz='UTC')}"
2023-08-16 18:00:00+00:00,2023-08-17 13:00:00+00:00,-1,1898.255,1900.6469612138824,1900.4719612138824,1884.1716836465685,0.65,-194.47747890234746,-0.40962437306192345,"{'trail_atr_mult': 4.0, 'trail_atr_len': 14, 'tp_converts_to_trail': True, 'don_upper': 1907.22, 'don_lower': 1898.88, 'atr': 2.8516632706863034, 'exit_reason': 'sl', 'signal_time': Timestamp('2023-08-16 17:00:00+0000', tz='UTC')}"
2023-08-17 16:00:00+00:00,2023-08-18 14:00:00+00:00,-1,1889.315,1895.6085697529822,1895.4335697529823,1871.0533492496186,0.5,-324.6784876491097,-0.6901940030800308,"{'trail_atr_mult': 4.0, 'trail_atr_len': 14, 'tp_converts_to_trail': True, 'don_upper': 1903.49, 'don_lower': 1889.62, 'atr': 3.689330150076281, 'exit_reason': 'sl', 'signal_time': Timestamp('2023-08-17 15:00:00+0000', tz='UTC')}"
2023-08-21 02:00:00+00:00,2023-08-21 03:00:00+00:00,-1,1885.315,1892.4538176527321,1892.2788176527322,1871.9123646945357,0.68,-485.43960038578194,-1.0251298940791904,"{'trail_atr_mult': 4.0, 'trail_atr_len': 14, 'tp_converts_to_trail': True, 'don_upper': 1896.91, 'don_lower': 1886.76, 'atr': 2.7155270610928555, 'exit_reason': 'sl', 'signal_time': Timestamp('2023-08-21 01:00:00+0000', tz='UTC')}"
2023-08-21 13:00:00+00:00,2023-08-21 15:00:00+00:00,1,1897.375,1888.3062531054918,1888.4812531054918,1914.6374937890166,0.53,-480.64358540893437,-1.019676746153864,"{'trail_atr_mult': 4.0, 'trail_atr_len': 14, 'tp_converts_to_trail': True, 'don_upper': 1894.11, 'don_lower': 1884.81, 'atr': 3.487498757803309, 'exit_reason': 'sl', 'signal_time': Timestamp('2023-08-21 12:00:00+0000', tz='UTC')}"
2023-08-22 07:00:00+00:00,2023-08-22 14:00:00+00:00,1,1899.115,1891.8605515984755,1892.0355515984754,1915.0032306606067,0.57,-413.5035588868989,-0.8839756841943313,"{'trail_atr_mult': 4.0, 'trail_atr_len': 14, 'tp_converts_to_trail': True, 'don_upper': 1898.78, 'don_lower': 1885.28, 'atr': 3.2126461321213347, 'exit_reason': 'sl', 'signal_time': Timestamp('2023-08-22 06:00:00+0000', tz='UTC')}"
2023-08-23 14:00:00+00:00,2023-08-24 13:00:00+00:00,1,1918.165,1912.6413277805302,1912.8163277805302,1937.2368427988697,0.47,-203.21259431507804,-0.4379102283345601,"{'trail_atr_mult': 4.0, 'trail_atr_len': 14, 'tp_converts_to_trail': True, 'don_upper': 1908.68, 'don_lower': 1896.38, 'atr': 3.8593685597739253, 'exit_reason': 'sl', 'signal_time': Timestamp('2023-08-23 13:00:00+0000', tz='UTC')}"
2023-08-25 15:00:00+00:00,2023-08-25 19:00:00+00:00,-1,1904.405,1914.4225302834764,1914.2475302834764,1885.5149394330476,0.47,-470.8239233233903,-1.0177799808544905,"{'trail_atr_mult': 4.0, 'trail_atr_len': 14, 'tp_converts_to_trail': True, 'don_upper': 1920.31, 'don_lower': 1912.84, 'atr': 3.831012113390506, 'exit_reason': 'sl', 'signal_time': Timestamp('2023-08-25 14:00:00+0000', tz='UTC')}"
2023-08-28 14:00:00+00:00,2023-08-29 13:00:00+00:00,1,1918.2949999999998,1916.430507999128,1916.605507999128,1934.1155324702302,0.57,-83.4760440496986,-0.17919171535575698,"{'trail_atr_mult': 4.0, 'trail_atr_len': 14, 'tp_converts_to_trail': True, 'don_upper': 1917.81, 'don_lower': 1907.62, 'atr': 3.1991064940460627, 'exit_reason': 'sl', 'signal_time': Timestamp('2023-08-28 13:00:00+0000', tz='UTC')}"
2023-08-29 15:00:00+00:00,2023-08-31 14:00:00+00:00,1,1934.335,1940.726989469906,1940.9019894699059,1952.8760934359404,0.48,383.6154945554816,0.835715824214051,"{'trail_atr_mult': 4.0, 'trail_atr_len': 14, 'tp_converts_to_trail': True, 'don_upper': 1925.81, 'don_lower': 1914.44, 'atr': 3.7472186871880675, 'exit_reason': 'sl', 'signal_time': Timestamp('2023-08-29 14:00:00+0000', tz='UTC')}"
2023-09-01 13:00:00+00:00,2023-09-01 14:00:00+00:00,1,1950.115,1942.7896915174863,1942.9646915174862,1963.8906169650274,0.65,-476.14505136339176,-1.0244744685390736,"{'trail_atr_mult': 4.0, 'trail_atr_len': 14, 'tp_converts_to_trail': True, 'don_upper': 1945.89, 'don_lower': 1938.24, 'atr': 2.7901233930054934, 'exit_reason': 'sl', 'signal_time': Timestamp('2023-09-01 12:00:00+0000', tz='UTC')}"
2023-09-05 02:00:00+00:00,2023-09-05 15:00:00+00:00,-1,1935.655,1927.945,1927.1151539575337,,1.04,801.8400000000039,1.7238977537223397,"{'trail_atr_mult': 4.0, 'trail_atr_len': 14, 'tp_converts_to_trail': True, 'don_upper': 1946.28, 'don_lower': 1936.79, 'atr': 1.73496920849327, 'exit_reason': 'sl_gap', 'signal_time': Timestamp('2023-09-05 01:00:00+0000', tz='UTC')}"
2023-09-06 01:00:00+00:00,2023-09-08 01:00:00+00:00,-1,1924.605,1924.6657791420187,1924.4907791420187,1913.461116897394,0.8,-68.86233136149168,-0.14753411006858427,"{'trail_atr_mult': 4.0, 'trail_atr_len': 14, 'tp_converts_to_trail': True, 'don_upper': 1938.99, 'don_lower': 1925.36, 'atr': 2.2637766205211984, 'exit_reason': 'sl', 'signal_time': Timestamp('2023-09-06 00:00:00+0000', tz='UTC')}"
2023-09-08 01:00:00+00:00,2023-09-08 17:00:00+00:00,1,1923.905,1918.3480290097873,1918.5230290097873,1935.9715015651009,0.74,-411.215853275738,-0.8847622175443298,"{'trail_atr_mult': 4.0, 'trail_atr_len': 14, 'tp_converts_to_trail': True, 'don_upper': 1923.58, 'don_lower': 1916.25, 'atr': 2.446300313020188, 'exit_reason': 'sl', 'signal_time': Timestamp('2023-09-08 00:00:00+0000', tz='UTC')}"
2023-09-12 06:00:00+00:00,2023-09-12 15:00:00+00:00,-1,1920.125,1909.415,1908.3262029841117,,0.76,813.9600000000028,1.7508873142313441,"{'trail_atr_mult': 4.0, 'trail_atr_len': 14, 'tp_converts_to_trail': True, 'don_upper': 1930.14, 'don_lower': 1920.35, 'atr': 2.3887594031776422, 'exit_reason': 'sl_gap', 'signal_time': Timestamp('2023-09-12 05:00:00+0000', tz='UTC')}"
2023-09-14 13:00:00+00:00,2023-09-15 02:00:00+00:00,-1,1904.315,1912.4653483704262,1912.2903483704263,1888.8593032591473,0.59,-492.67055385514414,-1.0470198896126608,"{'trail_atr_mult': 4.0, 'trail_atr_len': 14, 'tp_converts_to_trail': True, 'don_upper': 1913.59, 'don_lower': 1905.21, 'atr': 3.124139348170539, 'exit_reason': 'sl', 'signal_time': Timestamp('2023-09-14 12:00:00+0000', tz='UTC')}"
2023-09-15 02:00:00+00:00,2023-09-15 16:00:00+00:00,1,1915.465,1928.345,1930.0928385983402,,0.62,798.5600000000068,1.7000115082610299,"{'trail_atr_mult': 4.0, 'trail_atr_len': 14, 'tp_converts_to_trail': True, 'don_upper': 1912.1, 'don_lower': 1901.02, 'atr': 2.9605677196680666, 'exit_reason': 'sl_gap', 'signal_time': Timestamp('2023-09-15 01:00:00+0000', tz='UTC')}"
2023-09-18 17:00:00+00:00,2023-09-20 02:00:00+00:00,1,1931.235,1929.2042041250177,1929.3792041250176,1944.670327732914,0.68,-83.69411949879176,-0.17708875626980997,"{'trail_atr_mult': 4.0, 'trail_atr_len': 14, 'tp_converts_to_trail': True, 'don_upper': 1930.67, 'don_lower': 1922.36, 'atr': 2.718065546582808, 'exit_reason': 'sl', 'signal_time': Timestamp('2023-09-18 16:00:00+0000', tz='UTC')}"
2023-09-20 14:00:00+00:00,2023-09-20 20:00:00+00:00,1,1940.7849999999999,1935.3614663648098,1935.5364663648097,1954.5010028349081,0.67,-363.37675355773655,-0.7730785459891595,"{'trail_atr_mult': 4.0, 'trail_atr_len': 14, 'tp_converts_to_trail': True, 'don_upper': 1934.04, 'don_lower': 1927.95, 'atr': 2.7642005669816108, 'exit_reason': 'sl', 'signal_time': Timestamp('2023-09-20 13:00:00+0000', tz='UTC')}"
2023-09-21 01:00:00+00:00,2023-09-22 06:00:00+00:00,-1,1924.805,1924.8774692124782,1924.7024692124783,1907.367813831011,0.52,-14.168399048864012,-0.03038884494176694,"{'trail_atr_mult': 4.0, 'trail_atr_len': 14, 'tp_converts_to_trail': True, 'don_upper': 1947.42, 'don_lower': 1927.95, 'atr': 3.52043723379781, 'exit_reason': 'sl', 'signal_time': Timestamp('2023-09-21 00:00:00+0000', tz='UTC')}"
2023-09-22 08:00:00+00:00,2023-09-25 07:00:00+00:00,1,1928.165,1920.970138514641,1921.1451385146408,1941.9834037964683,0.66,-395.6608580336987,-0.8429573639535554,"{'trail_atr_mult': 4.0, 'trail_atr_len': 14, 'tp_converts_to_trail': True, 'don_upper': 1926.12, 'don_lower': 1913.9, 'atr': 2.790680759293676, 'exit_reason': 'sl', 'signal_time': Timestamp('2023-09-22 07:00:00+0000', tz='UTC')}"
2023-09-25 15:00:00+00:00,2023-09-26 17:00:00+00:00,-1,1916.7250000000001,1902.665,1901.942450608562,,0.61,845.4600000000105,1.8144271237332756,"{'trail_atr_mult': 4.0, 'trail_atr_len': 14, 'tp_converts_to_trail': True, 'don_upper': 1927.22, 'don_lower': 1920.86, 'atr': 2.98950987828764, 'exit_reason': 'sl_gap', 'signal_time': Timestamp('2023-09-25 14:00:00+0000', tz='UTC')}"
2023-09-26 19:00:00+00:00,2023-09-27 15:00:00+00:00,-1,1899.775,1887.945,1886.1753032022823,,0.67,779.2100000000104,1.6573211616358623,"{'trail_atr_mult': 4.0, 'trail_atr_len': 14, 'tp_converts_to_trail': True, 'don_upper': 1916.81, 'don_lower': 1900.61, 'atr': 2.74893935954354, 'exit_reason': 'sl_gap', 'signal_time': Timestamp('2023-09-26 18:00:00+0000', tz='UTC')}"
2023-09-27 15:00:00+00:00,2023-09-29 06:00:00+00:00,-1,1883.4550000000002,1867.7195254219534,1867.5445254219535,,0.58,866.2575255267088,1.8207915299242428,"{'trail_atr_mult': 4.0, 'trail_atr_len': 14, 'tp_converts_to_trail': True, 'don_upper': 1903.92, 'don_lower': 1884.44, 'atr': 3.2150949156092694, 'exit_reason': 'sl', 'signal_time': Timestamp('2023-09-27 14:00:00+0000', tz='UTC')}"
2023-09-29 15:00:00+00:00,2023-10-02 12:00:00+00:00,-1,1860.7250000000001,1836.6830363256095,1836.5080363256095,,0.39,914.2365833012364,1.897215776396113,"{'trail_atr_mult': 4.0, 'trail_atr_len': 14, 'tp_converts_to_trail': True, 'don_upper': 1879.88, 'don_lower': 1861.01, 'atr': 4.876392734878122, 'exit_reason': 'sl', 'signal_time': Timestamp('2023-09-29 14:00:00+0000', tz='UTC')}"
2023-10-02 15:00:00+00:00,2023-10-03 15:00:00+00:00,-1,1828.7150000000001,1831.8107409780855,1831.6357409780856,1802.0899150696189,0.35,-115.35093423298758,-0.24277942308735861,"{'trail_atr_mult': 4.0, 'trail_atr_len': 14, 'tp_converts_to_trail': True, 'don_upper': 1853.68, 'don_lower': 1831.1, 'atr': 5.360016986076259, 'exit_reason': 'sl', 'signal_time': Timestamp('2023-10-02 14:00:00+0000', tz='UTC')}"
2023-10-04 07:00:00+00:00,2023-10-04 13:00:00+00:00,-1,1818.925,1829.2932507040296,1829.1182507040296,1799.0634985919405,0.47,-487.3077830893915,-1.017168222884067,"{'trail_atr_mult': 4.0, 'trail_atr_len': 14, 'tp_converts_to_trail': True, 'don_upper': 1833.38, 'don_lower': 1819.3, 'atr': 4.007300281611898, 'exit_reason': 'sl', 'signal_time': Timestamp('2023-10-04 06:00:00+0000', tz='UTC')}"
2023-10-05 13:00:00+00:00,2023-10-06 14:00:00+00:00,-1,1815.535,1824.7928967045937,1824.6178967045937,1794.745131174028,0.45,-425.60535170671096,-0.8886967339965944,"{'trail_atr_mult': 4.0, 'trail_atr_len': 14, 'tp_converts_to_trail': True, 'don_upper': 1829.2, 'don_lower': 1816.58, 'atr': 4.19097376519438, 'exit_reason': 'sl', 'signal_time': Timestamp('2023-10-05 12:00:00+0000', tz='UTC')}"
2023-10-06 16:00:00+00:00,2023-10-09 20:00:00+00:00,1,1832.805,1856.8913920712919,1857.0663920712918,,0.38,960.8828987090889,2.0403447180664345,"{'trail_atr_mult': 4.0, 'trail_atr_len': 14, 'tp_converts_to_trail': True, 'don_upper': 1831.52, 'don_lower': 1810.47, 'atr': 4.8872784142583665, 'exit_reason': 'sl', 'signal_time': Timestamp('2023-10-06 15:00:00+0000', tz='UTC')}"
2023-10-09 20:00:00+00:00,2023-10-12 14:00:00+00:00,1,1863.455,1872.8135469634271,1872.988546963427,1886.67035806701,0.41,465.7004255005158,0.9593222307943986,"{'trail_atr_mult': 4.0, 'trail_atr_len': 14, 'tp_converts_to_trail': True, 'don_upper': 1857.66, 'don_lower': 1844.23, 'atr': 4.674071613402038, 'exit_reason': 'sl', 'signal_time': Timestamp('2023-10-09 19:00:00+0000', tz='UTC')}"
2023-10-12 18:00:00+00:00,2023-10-13 06:00:00+00:00,-1,1868.785,1877.8500104131806,1877.6750104131806,1851.5899791736385,0.54,-500.31056231174796,-1.0421821778120721,"{'trail_atr_mult': 4.0, 'trail_atr_len': 14, 'tp_converts_to_trail': True, 'don_upper': 1885.12, 'don_lower': 1870.68, 'atr': 3.478004165272278, 'exit_reason': 'sl', 'signal_time': Timestamp('2023-10-12 17:00:00+0000', tz='UTC')}"
2023-10-13 10:00:00+00:00,2023-10-16 07:00:00+00:00,1,1887.7849999999999,1913.4321442630808,1913.6071442630807,,0.56,1503.4400787325317,3.1237443561553615,"{'trail_atr_mult': 4.0, 'trail_atr_len': 14, 'tp_converts_to_trail': True, 'don_upper': 1885.12, 'don_lower': 1867.91, 'atr': 3.3638158007941543, 'exit_reason': 'sl', 'signal_time': Timestamp('2023-10-13 09:00:00+0000', tz='UTC')}"
2023-10-18 02:00:00+00:00,2023-10-18 15:00:00+00:00,1,1939.2749999999999,1956.9650000000001,1962.093168773811,,0.42,742.9800000000118,1.5078952182916896,"{'trail_atr_mult': 4.0, 'trail_atr_len': 14, 'tp_converts_to_trail': True, 'don_upper': 1931.57, 'don_lower': 1914.24, 'atr': 4.606633754762202, 'exit_reason': 'sl_gap', 'signal_time': Timestamp('2023-10-18 01:00:00+0000', tz='UTC')}"
2023-10-19 17:00:00+00:00,2023-10-20 17:00:00+00:00,1,1962.155,1988.7143896991308,1988.8893896991308,,0.36,970.538029168711,1.9779892357597877,"{'trail_atr_mult': 4.0, 'trail_atr_len': 14, 'tp_converts_to_trail': True, 'don_upper': 1959.98, 'don_lower': 1945.25, 'atr': 5.381877939826155, 'exit_reason': 'sl', 'signal_time': Timestamp('2023-10-19 16:00:00+0000', tz='UTC')}"
2023-10-23 01:00:00+00:00,2023-10-24 17:00:00+00:00,-1,1966.065,1974.0754386037822,1973.9004386037823,1931.8345657707457,0.28,-229.89228090590095,-0.47165510271781935,"{'trail_atr_mult': 4.0, 'trail_atr_len': 14, 'tp_converts_to_trail': True, 'don_upper': 1997.21, 'don_lower': 1968.07, 'atr': 6.885086845850839, 'exit_reason': 'sl', 'signal_time': Timestamp('2023-10-23 00:00:00+0000', tz='UTC')}"
2023-10-25 14:00:00+00:00,2023-10-25 16:00:00+00:00,1,1985.2949999999998,1972.984965661522,1973.159965661522,2009.1600686769564,0.41,-504.7114078775923,-1.0144210551959512,"{'trail_atr_mult': 4.0, 'trail_atr_len': 14, 'tp_converts_to_trail': True, 'don_upper': 1977.59, 'don_lower': 1968.31, 'atr': 4.800013735391259, 'exit_reason': 'sl', 'signal_time': Timestamp('2023-10-25 13:00:00+0000', tz='UTC')}"
2023-10-26 05:00:00+00:00,2023-10-26 13:00:00+00:00,1,1988.635,1976.555642983571,1976.730642983571,2012.0387140328583,0.41,-495.2536376735872,-1.014700499973114,"{'trail_atr_mult': 4.0, 'trail_atr_len': 14, 'tp_converts_to_trail': True, 'don_upper': 1987.37, 'don_lower': 1962.96, 'atr': 4.707742806571637, 'exit_reason': 'sl', 'signal_time': Timestamp('2023-10-26 04:00:00+0000', tz='UTC')}"
2023-10-27 18:00:00+00:00,2023-10-30 08:00:00+00:00,1,1996.935,1990.812093744382,1990.987093744382,2020.9699794906987,0.4,-196.91625022471456,-0.3999114830682688,"{'trail_atr_mult': 4.0, 'trail_atr_len': 14, 'tp_converts_to_trail': True, 'don_upper': 1989.92, 'don_lower': 1976.78, 'atr': 4.845995898139762, 'exit_reason': 'sl', 'signal_time': Timestamp('2023-10-27 17:00:00+0000', tz='UTC')}"
2023-10-31 13:00:00+00:00,2023-10-31 16:00:00+00:00,1,2002.695,1992.0366764726698,1992.2116764726698,2023.0766470546603,0.47,-500.9412057845165,-1.0166931793666127,"{'trail_atr_mult': 4.0, 'trail_atr_len': 14, 'tp_converts_to_trail': True, 'don_upper': 2001.52, 'don_lower': 1990.58, 'atr': 4.115329410932067, 'exit_reason': 'sl', 'signal_time': Timestamp('2023-10-31 12:00:00+0000', tz='UTC')}"
2023-10-31 17:00:00+00:00,2023-11-01 14:00:00+00:00,-1,1983.9850000000001,1990.337371945347,1990.162371945347,1960.4551485979307,0.41,-268.64724975922417,-0.5454661788070516,"{'trail_atr_mult': 4.0, 'trail_atr_len': 14, 'tp_converts_to_trail': True, 'don_upper': 2007.93, 'don_lower': 1986.6, 'atr': 4.738970280413873, 'exit_reason': 'sl', 'signal_time': Timestamp('2023-10-31 16:00:00+0000', tz='UTC')}"
2023-11-03 12:00:00+00:00,2023-11-03 13:00:00+00:00,1,2000.385,1989.6455067590896,1989.8205067590895,2020.898986481821,0.46,-494.0166890818787,-1.0165649213842343,"{'trail_atr_mult': 4.0, 'trail_atr_len': 14, 'tp_converts_to_trail': True, 'don_upper': 1990.33, 'don_lower': 1978.84, 'atr': 4.143797296364211, 'exit_reason': 'sl', 'signal_time': Timestamp('2023-11-03 11:00:00+0000', tz='UTC')}"
2023-11-06 15:00:00+00:00,2023-11-07 13:00:00+00:00,-1,1980.935,1959.609906088054,1959.434906088054,,0.44,929.5041321256215,1.920891449385689,"{'trail_atr_mult': 4.0, 'trail_atr_len': 14, 'tp_converts_to_trail': True, 'don_upper': 1995.14, 'don_lower': 1981.91, 'atr': 4.333018782389149, 'exit_reason': 'sl', 'signal_time': Timestamp('2023-11-06 14:00:00+0000', tz='UTC')}"
2023-11-08 15:00:00+00:00,2023-11-09 14:00:00+00:00,-1,1955.2350000000001,1957.7851995868673,1957.6101995868673,1935.9402777941618,0.49,-154.3597797564911,-0.31788534210022346,"{'trail_atr_mult': 4.0, 'trail_atr_len': 14, 'tp_converts_to_trail': True, 'don_upper': 1971.04, 'don_lower': 1959.56, 'atr': 3.893944441167667, 'exit_reason': 'sl', 'signal_time': Timestamp('2023-11-08 14:00:00+0000', tz='UTC')}"
2023-11-09 14:00:00+00:00,2023-11-10 10:00:00+00:00,1,1958.355,1952.2700965398667,1952.4450965398667,1979.5805829615913,0.45,-255.82065570599934,-0.522735732662629,"{'trail_atr_mult': 4.0, 'trail_atr_len': 14, 'tp_converts_to_trail': True, 'don_upper': 1956.71, 'don_lower': 1944.51, 'atr': 4.280116592318265, 'exit_reason': 'sl', 'signal_time': Timestamp('2023-11-09 13:00:00+0000', tz='UTC')}"
2023-11-10 11:00:00+00:00,2023-11-13 17:00:00+00:00,-1,1948.095,1946.8650075345042,1946.6900075345043,1928.911381897642,0.49,30.869630809294087,0.06402812049290395,"{'trail_atr_mult': 4.0, 'trail_atr_len': 14, 'tp_converts_to_trail': True, 'don_upper': 1965.64, 'don_lower': 1948.59, 'atr': 3.8697236204715733, 'exit_reason': 'sl', 'signal_time': Timestamp('2023-11-10 10:00:00+0000', tz='UTC')}"
2023-11-14 13:00:00+00:00,2023-11-15 09:00:00+00:00,1,1954.565,1971.385,1971.72716949901,,0.55,947.0999999999966,1.9373162865953806,"{'trail_atr_mult': 4.0, 'trail_atr_len': 14, 'tp_converts_to_trail': True, 'don_upper': 1949.22, 'don_lower': 1938.14, 'atr': 3.4734338998020347, 'exit_reason': 'sl_gap', 'signal_time': Timestamp('2023-11-14 12:00:00+0000', tz='UTC')}"
2023-11-15 10:00:00+00:00,2023-11-15 13:00:00+00:00,1,1973.2649999999999,1964.296796269059,1964.471796269059,1990.3264074618817,0.56,-502.2194089326841,-1.0199017338111,"{'trail_atr_mult': 4.0, 'trail_atr_len': 14, 'tp_converts_to_trail': True, 'don_upper': 1972.57, 'don_lower': 1944.24, 'atr': 3.447281492376356, 'exit_reason': 'sl', 'signal_time': Timestamp('2023-11-15 09:00:00+0000', tz='UTC')}"
2023-11-15 14:00:00+00:00,2023-11-16 13:00:00+00:00,-1,1957.305,1968.4310345251502,1968.2560345251502,1933.9129757235319,0.41,-480.76741553115363,-0.9830257444736153,"{'trail_atr_mult': 4.0, 'trail_atr_len': 14, 'tp_converts_to_trail': True, 'don_upper': 1975.34, 'don_lower': 1961.52, 'atr': 4.709404855293619, 'exit_reason': 'sl', 'signal_time': Timestamp('2023-11-15 13:00:00+0000', tz='UTC')}"
2023-11-16 13:00:00+00:00,2023-11-17 10:00:00+00:00,1,1972.245,1990.8554614919449,1991.0304614919448,,0.5,950.5230745972494,1.9658746509087168,"{'trail_atr_mult': 4.0, 'trail_atr_len': 14, 'tp_converts_to_trail': True, 'don_upper': 1968.54, 'don_lower': 1956.41, 'atr': 3.7940922983889744, 'exit_reason': 'sl', 'signal_time': Timestamp('2023-11-16 12:00:00+0000', tz='UTC')}"
2023-11-17 14:00:00+00:00,2023-11-20 23:00:00+00:00,-1,1980.195,1981.0501071491399,1980.87510714914,1958.6436082554749,0.44,-64.02471456215736,-0.13164583039656816,"{'trail_atr_mult': 4.0, 'trail_atr_len': 14, 'tp_converts_to_trail': True, 'don_upper': 1993.36, 'don_lower': 1980.54, 'atr': 4.347278348905042, 'exit_reason': 'sl', 'signal_time': Timestamp('2023-11-17 13:00:00+0000', tz='UTC')}"
2023-11-21 00:00:00+00:00,2023-11-21 15:00:00+00:00,1,1986.5349999999999,2005.165,2006.8429737110584,,0.47,875.6100000000051,1.7885108730407533,"{'trail_atr_mult': 4.0, 'trail_atr_len': 14, 'tp_converts_to_trail': True, 'don_upper': 1983.41, 'don_lower': 1965.4, 'atr': 4.096594742211721, 'exit_reason': 'sl_gap', 'signal_time': Timestamp('2023-11-20 23:00:00+0000', tz='UTC')}"
2023-11-22 15:00:00+00:00,2023-11-24 12:00:00+00:00,-1,1994.845,1996.140055583629,1995.965055583629,1972.5510886149707,0.44,-92.18244567967322,-0.18435159943549917,"{'trail_atr_mult': 4.0, 'trail_atr_len': 14, 'tp_converts_to_trail': True, 'don_upper': 2006.43, 'don_lower': 1995.47, 'atr': 4.4877822770058415, 'exit_reason': 'sl', 'signal_time': Timestamp('2023-11-22 14:00:00+0000', tz='UTC')}"
2023-11-24 13:00:00+00:00,2023-11-27 02:00:00+00:00,1,1999.7549999999999,2011.4902451715643,2011.6652451715643,,0.8,1034.8196137251543,2.0804165889939625,"{'trail_atr_mult': 4.0, 'trail_atr_len': 14, 'tp_converts_to_trail': True, 'don_upper': 1997.09, 'don_lower': 1989.82, 'atr': 2.4170490343128455, 'exit_reason': 'sl', 'signal_time': Timestamp('2023-11-24 12:00:00+0000', tz='UTC')}"
2023-11-28 00:00:00+00:00,2023-11-29 09:00:00+00:00,1,2017.235,2036.0359457547281,2036.210945754728,,0.54,1036.851070755324,2.0740730942516206,"{'trail_atr_mult': 4.0, 'trail_atr_len': 14, 'tp_converts_to_trail': True, 'don_upper': 2016.38, 'don_lower': 2005.69, 'atr': 3.6450412877819334, 'exit_reason': 'sl', 'signal_time': Timestamp('2023-11-27 23:00:00+0000', tz='UTC')}"
2023-12-01 08:00:00+00:00,2023-12-01 12:00:00+00:00,1,2045.5249999999999,2035.5078586666064,2035.6828586666063,2064.684282666787,0.51,-510.8742080030691,-1.0177806834988432,"{'trail_atr_mult': 4.0, 'trail_atr_len': 14, 'tp_converts_to_trail': True, 'don_upper': 2044.19, 'don_lower': 2031.01, 'atr': 3.866856533357437, 'exit_reason': 'sl', 'signal_time': Timestamp('2023-12-01 07:00:00+0000', tz='UTC')}"
2023-12-01 16:00:00+00:00,2023-12-04 00:00:00+00:00,1,2058.905,2101.9633729263956,2102.1383729263957,,0.36,1593.3014253502326,3.176619501832552,"{'trail_atr_mult': 4.0, 'trail_atr_len': 14, 'tp_converts_to_trail': True, 'don_upper': 2053.22, 'don_lower': 2033.91, 'atr': 5.535015326621574, 'exit_reason': 'sl', 'signal_time': Timestamp('2023-12-01 15:00:00+0000', tz='UTC')}"
2023-12-04 14:00:00+00:00,2023-12-06 07:00:00+00:00,-1,2049.9449999999997,2030.3595078825572,2030.1845078825572,1989.6667419699293,0.17,326.15336599652295,0.634196991768839,"{'trail_atr_mult': 4.0, 'trail_atr_len': 14, 'tp_converts_to_trail': True, 'don_upper': 2144.77, 'don_lower': 2055.95, 'atr': 12.070651606014147, 'exit_reason': 'sl', 'signal_time': Timestamp('2023-12-04 13:00:00+0000', tz='UTC')}"
2023-12-06 07:00:00+00:00,2023-12-06 09:00:00+00:00,1,2034.225,2021.003120626789,2021.178120626789,2060.123758746422,0.39,-515.6532955552238,-1.0134131691567012,"{'trail_atr_mult': 4.0, 'trail_atr_len': 14, 'tp_converts_to_trail': True, 'don_upper': 2030.77, 'don_lower': 2009.8, 'atr': 5.192751749284412, 'exit_reason': 'sl', 'signal_time': Timestamp('2023-12-06 06:00:00+0000', tz='UTC')}"
2023-12-07 13:00:00+00:00,2023-12-07 14:00:00+00:00,1,2037.325,2025.6416666392752,2025.8166666392751,2059.8466667214498,0.44,-514.0666678718944,-1.0152063721578648,"{'trail_atr_mult': 4.0, 'trail_atr_len': 14, 'tp_converts_to_trail': True, 'don_upper': 2035.09, 'don_lower': 2023.92, 'atr': 4.537333344289941, 'exit_reason': 'sl', 'signal_time': Timestamp('2023-12-07 12:00:00+0000', tz='UTC')}"
2023-12-08 13:00:00+00:00,2023-12-08 18:00:00+00:00,-1,2018.395,1997.335,1994.685938436276,,0.42,884.5199999999977,1.740203803775141,"{'trail_atr_mult': 4.0, 'trail_atr_len': 14, 'tp_converts_to_trail': True, 'don_upper': 2033.98, 'don_lower': 2020.18, 'atr': 4.774812312744796, 'exit_reason': 'sl_gap', 'signal_time': Timestamp('2023-12-08 12:00:00+0000', tz='UTC')}"
2023-12-11 07:00:00+00:00,2023-12-12 13:00:00+00:00,-1,1992.625,1990.4085096873243,1990.2335096873244,1967.80245206177,0.4,80.6596125070264,0.158731595632772,"{'trail_atr_mult': 4.0, 'trail_atr_len': 14, 'tp_converts_to_trail': True, 'don_upper': 2032.38, 'don_lower': 1994.58, 'atr': 5.003509587645956, 'exit_reason': 'sl', 'signal_time': Timestamp('2023-12-11 06:00:00+0000', tz='UTC')}"
2023-12-12 17:00:00+00:00,2023-12-13 13:00:00+00:00,-1,1977.515,1986.4486255155002,1986.2736255155003,1955.3847979073635,0.45,-411.01314819750564,-0.8052496493707637,"{'trail_atr_mult': 4.0, 'trail_atr_len': 14, 'tp_converts_to_trail': True, 'don_upper': 1996.68, 'don_lower': 1979.21, 'atr': 4.463040418527297, 'exit_reason': 'sl', 'signal_time': Timestamp('2023-12-12 16:00:00+0000', tz='UTC')}"
2023-12-13 13:00:00+00:00,2023-12-15 13:00:00+00:00,1,1984.605,2030.8290343750257,2031.0040343750256,,0.53,2534.6738218763608,4.94259262895262,"{'trail_atr_mult': 4.0, 'trail_atr_len': 14, 'tp_converts_to_trail': True, 'don_upper': 1983.7, 'don_lower': 1973.0, 'atr': 3.800360190713085, 'exit_reason': 'sl', 'signal_time': Timestamp('2023-12-13 12:00:00+0000', tz='UTC')}"
2023-12-15 18:00:00+00:00,2023-12-18 17:00:00+00:00,-1,2019.4550000000002,2032.7711043215158,2032.596104321516,1993.3977913569681,0.4,-556.6441728606278,-1.0589752566480322,"{'trail_atr_mult': 4.0, 'trail_atr_len': 14, 'tp_converts_to_trail': True, 'don_upper': 2044.95, 'don_lower': 2026.83, 'atr': 5.226441728606349, 'exit_reason': 'sl', 'signal_time': Timestamp('2023-12-15 17:00:00+0000', tz='UTC')}"
2023-12-18 17:00:00+00:00,2023-12-20 11:00:00+00:00,1,2033.585,2034.0881223841566,2034.2631223841565,2058.106773555135,0.41,53.42801775041817,0.10405510963621678,"{'trail_atr_mult': 4.0, 'trail_atr_len': 14, 'tp_converts_to_trail': True, 'don_upper': 2027.37, 'don_lower': 2015.86, 'atr': 4.939354711027022, 'exit_reason': 'sl', 'signal_time': Timestamp('2023-12-18 16:00:00+0000', tz='UTC')}"
2023-12-21 13:00:00+00:00,2023-12-22 13:00:00+00:00,1,2041.615,2060.0449999999996,2063.73086946177,,0.46,866.1799999999821,1.658967294773527,"{'trail_atr_mult': 4.0, 'trail_atr_len': 14, 'tp_converts_to_trail': True, 'don_upper': 2039.54, 'don_lower': 2027.27, 'atr': 4.462173892353978, 'exit_reason': 'sl_gap', 'signal_time': Timestamp('2023-12-21 12:00:00+0000', tz='UTC')}"
2023-12-22 13:00:00+00:00,2023-12-22 16:00:00+00:00,1,2067.315,2053.135367345759,2053.310367345759,2094.7692653084828,0.37,-524.6464082069256,-1.012495865069848,"{'trail_atr_mult': 4.0, 'trail_atr_len': 14, 'tp_converts_to_trail': True, 'don_upper': 2066.21, 'don_lower': 2037.42, 'atr': 5.527853061696507, 'exit_reason': 'sl', 'signal_time': Timestamp('2023-12-22 12:00:00+0000', tz='UTC')}"
2023-12-26 20:00:00+00:00,2023-12-28 02:00:00+00:00,1,2068.3650000000002,2086.809684548043,2086.9846845480433,,0.55,1102.4576501423605,2.1138959097646066,"{'trail_atr_mult': 4.0, 'trail_atr_len': 14, 'tp_converts_to_trail': True, 'don_upper': 2065.23, 'don_lower': 2053.39, 'atr': 3.746936909608635, 'exit_reason': 'sl', 'signal_time': Timestamp('2023-12-26 19:00:00+0000', tz='UTC')}"
2023-12-28 02:00:00+00:00,2023-12-28 08:00:00+00:00,1,2088.2250000000004,2077.5878483690663,2077.7628483690664,2108.624303261868,0.5,-531.8575815467057,-1.0167269607795353,"{'trail_atr_mult': 4.0, 'trail_atr_len': 14, 'tp_converts_to_trail': True, 'don_upper': 2087.83, 'don_lower': 2061.32, 'atr': 4.114860652373568, 'exit_reason': 'sl', 'signal_time': Timestamp('2023-12-28 01:00:00+0000', tz='UTC')}"
2023-12-28 19:00:00+00:00,2024-01-02 05:00:00+00:00,-1,2067.875,2074.436525372363,2074.261525372363,2043.8595409466868,0.42,-317.58406563925104,-0.6139979247643064,"{'trail_atr_mult': 4.0, 'trail_atr_len': 14, 'tp_converts_to_trail': True, 'don_upper': 2088.51, 'don_lower': 2071.21, 'atr': 4.844091810662631, 'exit_reason': 'sl', 'signal_time': Timestamp('2023-12-28 18:00:00+0000', tz='UTC')}"
2024-01-02 05:00:00+00:00,2024-01-02 07:00:00+00:00,1,2074.5350000000003,2073.095,2064.1519200838425,2094.716159832316,0.5,-72.00000000002547,-0.13868717294178043,"{'trail_atr_mult': 4.0, 'trail_atr_len': 14, 'tp_converts_to_trail': True, 'don_upper': 2073.53, 'don_lower': 2058.07, 'atr': 4.075231966463119, 'exit_reason': 'end_of_data', 'signal_time': Timestamp('2024-01-02 04:00:00+0000', tz='UTC')}"
2024-01-02 09:00:00+00:00,2024-01-02 12:00:00+00:00,1,2077.315,2066.171293130573,2066.346293130573,2098.7274137388536,0.45,-501.46680912422426,-1.015954478689549,"{'trail_atr_mult': 4.0, 'trail_atr_len': 14, 'tp_converts_to_trail': True, 'don_upper': 2076.83, 'don_lower': 2058.07, 'atr': 4.317482747770717, 'exit_reason': 'sl', 'signal_time': Timestamp('2024-01-02 08:00:00+0000', tz='UTC')}"
2024-01-02 15:00:00+00:00,2024-01-03 18:00:00+00:00,-1,2059.145,2033.405,2031.0271242284211,,0.34,868.3600000000004,1.7852102811258828,"{'trail_atr_mult': 4.0, 'trail_atr_len': 14, 'tp_converts_to_trail': True, 'don_upper': 2078.99, 'don_lower': 2061.01, 'atr': 5.65657515431574, 'exit_reason': 'sl_gap', 'signal_time': Timestamp('2024-01-02 14:00:00+0000', tz='UTC')}"
2024-01-05 15:00:00+00:00,2024-01-05 17:00:00+00:00,1,2055.065,2040.3029350651416,2040.4779350651415,2083.6841298697173,0.34,-501.91020778518805,-1.0119969302105292,"{'trail_atr_mult': 4.0, 'trail_atr_len': 14, 'tp_converts_to_trail': True, 'don_upper': 2049.31, 'don_lower': 2024.34, 'atr': 5.760825973943461, 'exit_reason': 'sl', 'signal_time': Timestamp('2024-01-05 14:00:00+0000', tz='UTC')}"
2024-01-08 11:00:00+00:00,2024-01-08 16:00:00+00:00,-1,2019.805,2035.3183369883934,2035.1433369883935,1989.653326023213,0.32,-496.42678362858715,-1.0114093203280368,"{'trail_atr_mult': 4.0, 'trail_atr_len': 14, 'tp_converts_to_trail': True, 'don_upper': 2064.07, 'don_lower': 2026.4, 'atr': 6.065334795357408, 'exit_reason': 'sl', 'signal_time': Timestamp('2024-01-08 10:00:00+0000', tz='UTC')}"
2024-01-10 06:00:00+00:00,2024-01-10 08:00:00+00:00,-1,2024.4950000000001,2034.917087367588,2034.742087367588,2004.4658252648242,0.48,-500.2601936442188,-1.0170780236102492,"{'trail_atr_mult': 4.0, 'trail_atr_len': 14, 'tp_converts_to_trail': True, 'don_upper': 2042.09, 'don_lower': 2025.5, 'atr': 4.03683494703517, 'exit_reason': 'sl', 'signal_time': Timestamp('2024-01-10 05:00:00+0000', tz='UTC')}"
2024-01-11 16:00:00+00:00,2024-01-11 23:00:00+00:00,-1,2016.345,2031.462265823368,2031.287265823368,1987.0154683532637,0.33,-498.8697721711413,-1.0117117445284822,"{'trail_atr_mult': 4.0, 'trail_atr_len': 14, 'tp_converts_to_trail': True, 'don_upper': 2045.8, 'don_lower': 2020.31, 'atr': 5.902906329347238, 'exit_reason': 'sl', 'signal_time': Timestamp('2024-01-11 15:00:00+0000', tz='UTC')}"
2024-01-12 12:00:00+00:00,2024-01-16 03:00:00+00:00,1,2047.875,2048.8713813867334,2049.0463813867336,2076.4196879902024,0.33,85.68058576220375,0.1784473694431114,"{'trail_atr_mult': 4.0, 'trail_atr_len': 14, 'tp_converts_to_trail': True, 'don_upper': 2047.46, 'don_lower': 2013.16, 'atr': 5.745937598040438, 'exit_reason': 'sl', 'signal_time': Timestamp('2024-01-12 11:00:00+0000', tz='UTC')}"
2024-01-16 08:00:00+00:00,2024-01-16 18:00:00+00:00,-1,2043.025,2027.2907650187824,2027.1157650187824,,0.59,928.3198638918441,1.9148119762434872,"{'trail_atr_mult': 4.0, 'trail_atr_len': 14, 'tp_converts_to_trail': True, 'don_upper': 2057.06, 'don_lower': 2047.23, 'atr': 3.2168469962435298, 'exit_reason': 'sl', 'signal_time': Timestamp('2024-01-16 07:00:00+0000', tz='UTC')}"
2024-01-17 03:00:00+00:00,2024-01-18 18:00:00+00:00,-1,2023.825,2018.1291627915223,2017.9541627915223,2000.795996889462,0.42,214.0251627560663,0.4315945233532835,"{'trail_atr_mult': 4.0, 'trail_atr_len': 14, 'tp_converts_to_trail': True, 'don_upper': 2050.99, 'don_lower': 2024.19, 'atr': 4.644800622107596, 'exit_reason': 'sl', 'signal_time': Timestamp('2024-01-17 02:00:00+0000', tz='UTC')}"
2024-01-18 18:00:00+00:00,2024-01-19 15:00:00+00:00,1,2020.705,2024.1159033542629,2024.2909033542628,2040.7902879293856,0.48,182.92336100462052,0.37034499880067534,"{'trail_atr_mult': 4.0, 'trail_atr_len': 14, 'tp_converts_to_trail': True, 'don_upper': 2017.82, 'don_lower': 2005.16, 'atr': 4.050057585877152, 'exit_reason': 'sl', 'signal_time': Timestamp('2024-01-18 17:00:00+0000', tz='UTC')}"
2024-01-22 06:00:00+00:00,2024-01-23 05:00:00+00:00,-1,2020.665,2030.9921012656228,2030.8171012656228,2001.1857974687546,0.49,-515.8279620155165,-1.0369381658228511,"{'trail_atr_mult': 4.0, 'trail_atr_len': 14, 'tp_converts_to_trail': True, 'don_upper': 2039.5, 'don_lower': 2021.68, 'atr': 3.9508405062491185, 'exit_reason': 'sl', 'signal_time': Timestamp('2024-01-22 05:00:00+0000', tz='UTC')}"
2024-01-23 05:00:00+00:00,2024-01-24 05:00:00+00:00,1,2030.905,2023.6931250245607,2023.8681250245606,2050.15210178502,0.5,-340.59374877196433,-0.6932464578044976,"{'trail_atr_mult': 4.0, 'trail_atr_len': 14, 'tp_converts_to_trail': True, 'don_upper': 2030.27, 'don_lower': 2016.42, 'atr': 3.8764203570040383, 'exit_reason': 'sl', 'signal_time': Timestamp('2024-01-23 04:00:00+0000', tz='UTC')}"
2024-01-24 15:00:00+00:00,2024-01-25 14:00:00+00:00,-1,2014.9650000000001,2025.5913811563157,2025.4163811563158,1991.3717065688857,0.41,-460.28162740893856,-0.9309432434247468,"{'trail_atr_mult': 4.0, 'trail_atr_len': 14, 'tp_converts_to_trail': True, 'don_upper': 2036.78, 'don_lower': 2022.69, 'atr': 4.753658686222871, 'exit_reason': 'sl', 'signal_time': Timestamp('2024-01-24 14:00:00+0000', tz='UTC')}"
2024-01-25 14:00:00+00:00,2024-01-29 15:00:00+00:00,1,2023.615,2021.217954653411,2021.392954653411,2048.245021926943,0.39,-31.08476851697251,-0.0634463403778629,"{'trail_atr_mult': 4.0, 'trail_atr_len': 14, 'tp_converts_to_trail': True, 'don_upper': 2023.03, 'don_lower': 2009.47, 'atr': 4.959004385388563, 'exit_reason': 'sl', 'signal_time': Timestamp('2024-01-25 13:00:00+0000', tz='UTC')}"
2024-01-30 07:00:00+00:00,2024-01-30 15:00:00+00:00,1,2038.0449999999998,2030.488468849617,2030.663468849617,2059.428868628351,0.44,-332.4873706168455,-0.6888715437784796,"{'trail_atr_mult': 4.0, 'trail_atr_len': 14, 'tp_converts_to_trail': True, 'don_upper': 2037.46, 'don_lower': 2020.43, 'atr': 4.3137737256702895, 'exit_reason': 'sl', 'signal_time': Timestamp('2024-01-30 06:00:00+0000', tz='UTC')}"
2024-01-31 13:00:00+00:00,2024-01-31 20:00:00+00:00,1,2041.975,2038.1992577612184,2038.3742577612184,2061.2668434055067,0.49,-185.0113697002937,-0.3810639425784897,"{'trail_atr_mult': 4.0, 'trail_atr_len': 14, 'tp_converts_to_trail': True, 'don_upper': 2040.5, 'don_lower': 2031.36, 'atr': 3.8933686811013786, 'exit_reason': 'sl', 'signal_time': Timestamp('2024-01-31 12:00:00+0000', tz='UTC')}"
2024-02-01 15:00:00+00:00,2024-02-02 13:00:00+00:00,1,2052.025,2049.8792271837965,2050.0542271837967,2085.688759148672,0.28,-48.8816388537005,-0.10230508578402224,"{'trail_atr_mult': 4.0, 'trail_atr_len': 14, 'tp_converts_to_trail': True, 'don_upper': 2050.89, 'don_lower': 2029.93, 'atr': 6.763751829734452, 'exit_reason': 'sl', 'signal_time': Timestamp('2024-02-01 14:00:00+0000', tz='UTC')}"
2024-02-02 13:00:00+00:00,2024-02-06 13:00:00+00:00,-1,2031.605,2029.4615108112414,2029.2865108112414,2000.978265939961,0.31,41.64816485151728,0.0863376819663582,"{'trail_atr_mult': 4.0, 'trail_atr_len': 14, 'tp_converts_to_trail': True, 'don_upper': 2065.54, 'don_lower': 2051.21, 'atr': 6.158346812007825, 'exit_reason': 'sl', 'signal_time': Timestamp('2024-02-02 12:00:00+0000', tz='UTC')}"
2024-02-06 15:00:00+00:00,2024-02-08 03:00:00+00:00,1,2036.605,2031.8192189812494,2031.9942189812493,2057.509991308509,0.45,-143.3601458437788,-0.29731986101979685,"{'trail_atr_mult': 4.0, 'trail_atr_len': 14, 'tp_converts_to_trail': True, 'don_upper': 2033.08, 'don_lower': 2022.77, 'atr': 4.215998261701783, 'exit_reason': 'sl', 'signal_time': Timestamp('2024-02-06 14:00:00+0000', tz='UTC')}"
2024-02-08 12:00:00+00:00,2024-02-09 02:00:00+00:00,-1,2024.7450000000001,2035.3121604830735,2035.1371604830736,2003.595162530356,0.45,-484.5222217383028,-0.9921438479447068,"{'trail_atr_mult': 4.0, 'trail_atr_len': 14, 'tp_converts_to_trail': True, 'don_upper': 2043.26, 'don_lower': 2027.75, 'atr': 4.2669674939288, 'exit_reason': 'sl', 'signal_time': Timestamp('2024-02-08 11:00:00+0000', tz='UTC')}"
2024-02-09 13:00:00+00:00,2024-02-13 06:00:00+00:00,-1,2026.925,2023.131239461919,2022.956239461919,2007.7069557711216,0.49,146.69426636596705,0.3018962196153176,"{'trail_atr_mult': 4.0, 'trail_atr_len': 14, 'tp_converts_to_trail': True, 'don_upper': 2035.44, 'don_lower': 2027.59, 'atr': 3.88460884577571, 'exit_reason': 'sl', 'signal_time': Timestamp('2024-02-09 12:00:00+0000', tz='UTC')}"
2024-02-13 13:00:00+00:00,2024-02-15 08:00:00+00:00,-1,2004.275,1996.084592705004,1995.9095927050041,1980.6517613389683,0.4,295.61629179984084,0.611327185458487,"{'trail_atr_mult': 4.0, 'trail_atr_len': 14, 'tp_converts_to_trail': True, 'don_upper': 2029.35, 'don_lower': 2011.75, 'atr': 4.76164773220634, 'exit_reason': 'sl', 'signal_time': Timestamp('2024-02-13 12:00:00+0000', tz='UTC')}"
2024-02-15 09:00:00+00:00,2024-02-16 13:00:00+00:00,1,1996.425,1998.0273886346138,1998.2023886346137,2011.7890229819377,0.62,124.14809534605665,0.25739259295886524,"{'trail_atr_mult': 4.0, 'trail_atr_len': 14, 'tp_converts_to_trail': True, 'don_upper': 1996.14, 'don_lower': 1984.03, 'atr': 3.0858045963875838, 'exit_reason': 'sl', 'signal_time': Timestamp('2024-02-15 08:00:00+0000', tz='UTC')}"
2024-02-16 17:00:00+00:00,2024-02-21 17:00:00+00:00,1,2013.405,2021.504606805666,2021.679606805666,2034.01052537362,0.46,464.58191306064055,0.9559257639921019,"{'trail_atr_mult': 4.0, 'trail_atr_len': 14, 'tp_converts_to_trail': True, 'don_upper': 2011.13, 'don_lower': 1995.19, 'atr': 4.156105074724008, 'exit_reason': 'sl', 'signal_time': Timestamp('2024-02-16 16:00:00+0000', tz='UTC')}"
2024-02-22 08:00:00+00:00,2024-02-22 13:00:00+00:00,1,2033.2749999999999,2025.4318885832442,2025.6068885832442,2048.0862228335113,0.64,-501.9591306723596,-1.0228217862898497,"{'trail_atr_mult': 4.0, 'trail_atr_len': 14, 'tp_converts_to_trail': True, 'don_upper': 2032.0, 'don_lower': 2020.05, 'atr': 2.9972445667023018, 'exit_reason': 'sl', 'signal_time': Timestamp('2024-02-22 07:00:00+0000', tz='UTC')}"
2024-02-23 09:00:00+00:00,2024-02-23 12:00:00+00:00,-1,2016.565,2025.5892924793231,2025.4142924793232,1999.6614150413534,0.55,-496.33608636277023,-1.01977559227575,"{'trail_atr_mult': 4.0, 'trail_atr_len': 14, 'tp_converts_to_trail': True, 'don_upper': 2029.97, 'don_lower': 2018.06, 'atr': 3.433716991729289, 'exit_reason': 'sl', 'signal_time': Timestamp('2024-02-23 08:00:00+0000', tz='UTC')}"
2024-02-23 12:00:00+00:00,2024-02-26 14:00:00+00:00,1,2028.185,2028.6527588449105,2028.8277588449105,2046.5247700199873,0.5,83.38794224552885,0.17377221432442005,"{'trail_atr_mult': 4.0, 'trail_atr_len': 14, 'tp_converts_to_trail': True, 'don_upper': 2027.35, 'don_lower': 2015.92, 'atr': 3.7249540039974494, 'exit_reason': 'sl', 'signal_time': Timestamp('2024-02-23 11:00:00+0000', tz='UTC')}"
2024-02-26 14:00:00+00:00,2024-02-27 07:00:00+00:00,-1,2027.2350000000001,2035.1524640252885,2034.9774640252886,2009.550416130958,0.53,-430.2255933402843,-0.8915595308126526,"{'trail_atr_mult': 4.0, 'trail_atr_len': 14, 'tp_converts_to_trail': True, 'don_upper': 2041.39, 'don_lower': 2029.81, 'atr': 3.571916773808422, 'exit_reason': 'sl', 'signal_time': Timestamp('2024-02-26 13:00:00+0000', tz='UTC')}"
2024-02-27 08:00:00+00:00,2024-02-27 17:00:00+00:00,1,2038.205,2030.806603003475,2030.981603003475,2051.7967939930504,0.67,-495.69259876717365,-1.0242268284692289,"{'trail_atr_mult': 4.0, 'trail_atr_len': 14, 'tp_converts_to_trail': True, 'don_upper': 2036.31, 'don_lower': 2024.94, 'atr': 2.775358798610108, 'exit_reason': 'sl', 'signal_time': Timestamp('2024-02-27 07:00:00+0000', tz='UTC')}"
2024-02-28 07:00:00+00:00,2024-02-28 13:00:00+00:00,-1,2027.905,2034.716749478348,2034.541749478348,2014.7494078246998,0.7,-476.8224634843613,-0.9958266997603474,"{'trail_atr_mult': 4.0, 'trail_atr_len': 14, 'tp_converts_to_trail': True, 'don_upper': 2039.2, 'don_lower': 2028.53, 'atr': 2.6661184350600244, 'exit_reason': 'sl', 'signal_time': Timestamp('2024-02-28 06:00:00+0000', tz='UTC')}"
2024-02-29 13:00:00+00:00,2024-03-01 08:00:00+00:00,1,2047.685,2039.5855711477952,2039.7605711477952,2067.7089398634944,0.46,-354.1737272014167,-0.750470433991858,"{'trail_atr_mult': 4.0, 'trail_atr_len': 14, 'tp_converts_to_trail': True, 'don_upper': 2037.94, 'don_lower': 2027.97, 'atr': 4.037787972698864, 'exit_reason': 'sl', 'signal_time': Timestamp('2024-02-29 12:00:00+0000', tz='UTC')}"
2024-03-01 10:00:00+00:00,2024-03-06 08:00:00+00:00,1,2055.025,2124.3606171823244,2124.5356171823246,,0.43,3067.4315388399455,6.476727279605312,"{'trail_atr_mult': 4.0, 'trail_atr_len': 14, 'tp_converts_to_trail': True, 'don_upper': 2050.78, 'don_lower': 2030.11, 'atr': 4.335658234642876, 'exit_reason': 'sl', 'signal_time': Timestamp('2024-03-01 09:00:00+0000', tz='UTC')}"
2024-03-06 13:00:00+00:00,2024-03-08 09:00:00+00:00,1,2139.5350000000003,2164.8849999999998,2165.6999715919496,,0.36,970.1999999999804,2.0149554108767265,"{'trail_atr_mult': 4.0, 'trail_atr_len': 14, 'tp_converts_to_trail': True, 'don_upper': 2135.1, 'don_lower': 2123.58, 'atr': 5.2719943183899085, 'exit_reason': 'sl_gap', 'signal_time': Timestamp('2024-03-06 12:00:00+0000', tz='UTC')}"
2024-03-08 09:00:00+00:00,2024-03-08 13:00:00+00:00,1,2169.1850000000004,2156.76173103892,2156.9367310389202,2193.12653792216,0.4,-496.9307584432136,-1.0142877332753109,"{'trail_atr_mult': 4.0, 'trail_atr_len': 14, 'tp_converts_to_trail': True, 'don_upper': 2168.69, 'don_lower': 2147.98, 'atr': 4.8253075844319655, 'exit_reason': 'sl', 'signal_time': Timestamp('2024-03-08 08:00:00+0000', tz='UTC')}"
2024-03-08 13:00:00+00:00,2024-03-12 05:00:00+00:00,1,2171.3650000000002,2176.77585920323,2176.9508592032303,2203.5392634922728,0.3,210.32577609689542,0.42841533570622337,"{'trail_atr_mult': 4.0, 'trail_atr_len': 14, 'tp_converts_to_trail': True, 'don_upper': 2171.16, 'don_lower': 2149.21, 'atr': 6.471852698454548, 'exit_reason': 'sl', 'signal_time': Timestamp('2024-03-08 12:00:00+0000', tz='UTC')}"
2024-03-12 11:00:00+00:00,2024-03-12 20:00:00+00:00,-1,2171.7749999999996,2157.4550000000004,2151.666307395165,,0.48,687.3599999999642,1.3839965900192222,"{'trail_atr_mult': 4.0, 'trail_atr_len': 14, 'tp_converts_to_trail': True, 'don_upper': 2185.77, 'don_lower': 2173.56, 'atr': 4.060738520967012, 'exit_reason': 'sl_gap', 'signal_time': Timestamp('2024-03-12 10:00:00+0000', tz='UTC')}"
2024-03-13 15:00:00+00:00,2024-03-14 12:00:00+00:00,1,2171.885,2166.014411561669,2166.189411561669,2196.892437821732,0.39,-182.15294909491672,-0.3684528068797775,"{'trail_atr_mult': 4.0, 'trail_atr_len': 14, 'tp_converts_to_trail': True, 'don_upper': 2171.58, 'don_lower': 2150.5, 'atr': 5.024487564346407, 'exit_reason': 'sl', 'signal_time': Timestamp('2024-03-13 14:00:00+0000', tz='UTC')}"
2024-03-14 12:00:00+00:00,2024-03-15 05:00:00+00:00,-1,2162.535,2166.7195939406947,2166.5445939406945,2142.8180605124926,0.49,-214.8451030940485,-0.43386177198926923,"{'trail_atr_mult': 4.0, 'trail_atr_len': 14, 'tp_converts_to_trail': True, 'don_upper': 2179.85, 'don_lower': 2167.16, 'atr': 3.976387897501449, 'exit_reason': 'sl', 'signal_time': Timestamp('2024-03-14 11:00:00+0000', tz='UTC')}"
2024-03-15 09:00:00+00:00,2024-03-15 12:00:00+00:00,1,2172.025,2161.793653186847,2161.9686531868474,2191.6126936263054,0.49,-501.33599384449053,-1.0174019455823957,"{'trail_atr_mult': 4.0, 'trail_atr_len': 14, 'tp_converts_to_trail': True, 'don_upper': 2170.42, 'don_lower': 2152.75, 'atr': 3.9525387252610584, 'exit_reason': 'sl', 'signal_time': Timestamp('2024-03-15 08:00:00+0000', tz='UTC')}"
2024-03-17 22:00:00+00:00,2024-03-18 12:00:00+00:00,-1,2154.6549999999997,2161.615626644466,2161.4406266444657,2134.5704241466915,0.47,-336.5494522899101,-0.6849136199320032,"{'trail_atr_mult': 4.0, 'trail_atr_len': 14, 'tp_converts_to_trail': True, 'don_upper': 2172.71, 'don_lower': 2155.17, 'atr': 4.071915170661677, 'exit_reason': 'sl', 'signal_time': Timestamp('2024-03-17 21:00:00+0000', tz='UTC')}"
2024-03-19 08:00:00+00:00,2024-03-20 14:00:00+00:00,-1,2152.895,2160.5515023997996,2160.3765023997994,2134.714651497051,0.52,-408.5381247895788,-0.8400273749041246,"{'trail_atr_mult': 4.0, 'trail_atr_len': 14, 'tp_converts_to_trail': True, 'don_upper': 2163.58, 'don_lower': 2153.92, 'atr': 3.671069700589846, 'exit_reason': 'sl', 'signal_time': Timestamp('2024-03-19 07:00:00+0000', tz='UTC')}"
2024-03-20 18:00:00+00:00,2024-03-20 23:00:00+00:00,1,2182.2450000000003,2200.665,2207.6405545917205,,0.36,663.1199999999862,1.3828540946158576,"{'trail_atr_mult': 4.0, 'trail_atr_len': 14, 'tp_converts_to_trail': True, 'don_upper': 2164.86, 'don_lower': 2149.61, 'atr': 5.162110918344111, 'exit_reason': 'sl_gap', 'signal_time': Timestamp('2024-03-20 17:00:00+0000', tz='UTC')}"
2024-03-22 16:00:00+00:00,2024-03-25 02:00:00+00:00,-1,2162.415,2177.1274265430575,2176.9524265430573,2133.8351469138856,0.34,-520.6225024639556,-1.0533106735022713,"{'trail_atr_mult': 4.0, 'trail_atr_len': 14, 'tp_converts_to_trail': True, 'don_upper': 2186.03, 'don_lower': 2162.6, 'atr': 5.748970617222862, 'exit_reason': 'sl', 'signal_time': Timestamp('2024-03-22 15:00:00+0000', tz='UTC')}"
2024-03-26 09:00:00+00:00,2024-03-26 13:00:00+00:00,1,2190.985,2179.1559983637007,2179.330998363701,2214.88049662856,0.4,-473.16006545197524,-0.978391951001332,"{'trail_atr_mult': 4.0, 'trail_atr_len': 14, 'tp_converts_to_trail': True, 'don_upper': 2181.26, 'don_lower': 2167.57, 'atr': 4.798099325712025, 'exit_reason': 'sl', 'signal_time': Timestamp('2024-03-26 08:00:00+0000', tz='UTC')}"
2024-03-28 10:00:00+00:00,2024-04-01 00:00:00+00:00,1,2212.5150000000003,2236.765,2242.9833878007225,,0.31,801.3499999999859,1.6457951090142278,"{'trail_atr_mult': 4.0, 'trail_atr_len': 14, 'tp_converts_to_trail': True, 'don_upper': 2200.58, 'don_lower': 2183.5, 'atr': 6.15667756014458, 'exit_reason': 'sl_gap', 'signal_time': Timestamp('2024-03-28 09:00:00+0000', tz='UTC')}"
2024-04-01 00:00:00+00:00,2024-04-01 15:00:00+00:00,1,2246.315,2236.4726821389754,2236.6476821389756,2285.7643984418364,0.24,-236.21562866459135,-0.48514916987044276,"{'trail_atr_mult': 4.0, 'trail_atr_len': 14, 'tp_converts_to_trail': True, 'don_upper': 2245.51, 'don_lower': 2189.02, 'atr': 7.96487968836723, 'exit_reason': 'sl', 'signal_time': Timestamp('2024-03-31 23:00:00+0000', tz='UTC')}"
2024-04-02 09:00:00+00:00,2024-04-03 18:00:00+00:00,1,2261.2450000000003,2293.625,2294.4110197747864,,0.29,950.6199999999899,1.9459191332956498,"{'trail_atr_mult': 4.0, 'trail_atr_len': 14, 'tp_converts_to_trail': True, 'don_upper': 2259.83, 'don_lower': 2228.51, 'atr': 6.668203954957283, 'exit_reason': 'sl_gap', 'signal_time': Timestamp('2024-04-02 08:00:00+0000', tz='UTC')}"
2024-04-03 19:00:00+00:00,2024-04-04 13:00:00+00:00,1,2296.5750000000003,2284.0167021695675,2284.1917021695676,2331.7781410003795,0.27,-306.6740414216862,-0.6358180141705156,"{'trail_atr_mult': 4.0, 'trail_atr_len': 14, 'tp_converts_to_trail': True, 'don_upper': 2295.55, 'don_lower': 2265.42, 'atr': 7.0756282000759, 'exit_reason': 'sl', 'signal_time': Timestamp('2024-04-03 18:00:00+0000', tz='UTC')}"
2024-04-05 02:00:00+00:00,2024-04-05 08:00:00+00:00,-1,2271.555,2290.6875543181527,2290.5125543181525,2234.1948913636948,0.26,-497.4464122719747,-1.0092311485470788,"{'trail_atr_mult': 4.0, 'trail_atr_len': 14, 'tp_converts_to_trail': True, 'don_upper': 2305.56, 'don_lower': 2279.95, 'atr': 7.50902172726103, 'exit_reason': 'sl', 'signal_time': Timestamp('2024-04-05 01:00:00+0000', tz='UTC')}"
2024-04-05 15:00:00+00:00,2024-04-10 13:00:00+00:00,1,2317.875,2340.276407030398,2340.451407030398,2368.7531276053805,0.19,463.62673357755966,0.9395432333523949,"{'trail_atr_mult': 4.0, 'trail_atr_len': 14, 'tp_converts_to_trail': True, 'don_upper': 2305.56, 'don_lower': 2267.75, 'atr': 10.246625521076123, 'exit_reason': 'sl', 'signal_time': Timestamp('2024-04-05 14:00:00+0000', tz='UTC')}"
2024-04-11 17:00:00+00:00,2024-04-12 04:00:00+00:00,1,2349.9950000000003,2390.4249999999997,2391.5889551699693,,0.23,939.0899999999858,1.9319143251029542,"{'trail_atr_mult': 4.0, 'trail_atr_len': 14, 'tp_converts_to_trail': True, 'don_upper': 2347.39, 'don_lower': 2325.85, 'atr': 8.363791033993845, 'exit_reason': 'sl_gap', 'signal_time': Timestamp('2024-04-11 16:00:00+0000', tz='UTC')}"
2024-04-12 08:00:00+00:00,2024-04-12 16:00:00+00:00,1,2400.3450000000003,2391.19667410216,2391.3716741021603,2441.2783938035755,0.23,-210.4114956503222,-0.43225480939781386,"{'trail_atr_mult': 4.0, 'trail_atr_len': 14, 'tp_converts_to_trail': True, 'don_upper': 2395.35, 'don_lower': 2330.66, 'atr': 8.279678760715043, 'exit_reason': 'sl', 'signal_time': Timestamp('2024-04-12 07:00:00+0000', tz='UTC')}"
2024-04-12 18:00:00+00:00,2024-04-15 19:00:00+00:00,-1,2354.8849999999998,2373.4517395870466,2373.2767395870464,2281.5382497466203,0.13,-249.1676146316093,-0.5155692911526495,"{'trail_atr_mult': 4.0, 'trail_atr_len': 14, 'tp_converts_to_trail': True, 'don_upper': 2431.44, 'don_lower': 2360.73, 'atr': 14.736350050675899, 'exit_reason': 'sl', 'signal_time': Timestamp('2024-04-12 17:00:00+0000', tz='UTC')}"
2024-04-15 19:00:00+00:00,2024-04-17 17:00:00+00:00,1,2376.005,2366.970467216867,2367.145467216867,2440.8402636328087,0.15,-123.51799174699909,-0.2530188794313809,"{'trail_atr_mult': 4.0, 'trail_atr_len': 14, 'tp_converts_to_trail': True, 'don_upper': 2372.37, 'don_lower': 2323.98, 'atr': 12.984052726561757, 'exit_reason': 'sl', 'signal_time': Timestamp('2024-04-15 18:00:00+0000', tz='UTC')}"
2024-04-17 17:00:00+00:00,2024-04-18 11:00:00+00:00,-1,2372.125,2381.5855664669216,2381.4105664669214,2324.924578617671,0.2,-201.21132933843182,-0.42054458613827395,"{'trail_atr_mult': 4.0, 'trail_atr_len': 14, 'tp_converts_to_trail': True, 'don_upper': 2395.53, 'don_lower': 2372.64, 'atr': 9.483084276465801, 'exit_reason': 'sl', 'signal_time': Timestamp('2024-04-17 16:00:00+0000', tz='UTC')}"
2024-04-19 02:00:00+00:00,2024-04-19 04:00:00+00:00,1,2409.645,2388.4959658777434,2388.6709658777436,2450.4080682445124,0.23,-486.42778481190135,-1.0083436500093457,"{'trail_atr_mult': 4.0, 'trail_atr_len': 14, 'tp_converts_to_trail': True, 'don_upper': 2392.76, 'don_lower': 2369.58, 'atr': 8.231613648902478, 'exit_reason': 'sl', 'signal_time': Timestamp('2024-04-19 01:00:00+0000', tz='UTC')}"
2024-04-22 03:00:00+00:00,2024-04-23 14:00:00+00:00,-1,2372.4849999999997,2324.5757070737604,2324.4007070737603,,0.2,954.1858585247847,1.9569312868589301,"{'trail_atr_mult': 4.0, 'trail_atr_len': 14, 'tp_converts_to_trail': True, 'don_upper': 2401.96, 'don_lower': 2372.91, 'atr': 9.661858585247925, 'exit_reason': 'sl', 'signal_time': Timestamp('2024-04-22 02:00:00+0000', tz='UTC')}"
2024-04-26 08:00:00+00:00,2024-04-26 15:00:00+00:00,1,2345.695,2329.3158424735275,2329.4908424735277,2377.638315052944,0.3,-491.37472579418045,-1.0107996975291242,"{'trail_atr_mult': 4.0, 'trail_atr_len': 14, 'tp_converts_to_trail': True, 'don_upper': 2344.8, 'don_lower': 2312.77, 'atr': 6.419663010588855, 'exit_reason': 'sl', 'signal_time': Timestamp('2024-04-26 07:00:00+0000', tz='UTC')}"
2024-04-30 06:00:00+00:00,2024-04-30 16:00:00+00:00,-1,2322.6949999999997,2295.2395716344463,2295.064571634446,,0.35,960.9399927943695,1.9378869457240475,"{'trail_atr_mult': 4.0, 'trail_atr_len': 14, 'tp_converts_to_trail': True, 'don_upper': 2346.63, 'don_lower': 2324.92, 'atr': 5.573085673110788, 'exit_reason': 'sl', 'signal_time': Timestamp('2024-04-30 05:00:00+0000', tz='UTC')}"
2024-04-30 19:00:00+00:00,2024-05-01 14:00:00+00:00,-1,2289.915,2303.146252492726,2302.971252492726,2258.0822354934976,0.31,-416.3688272745082,-0.8301718426825571,"{'trail_atr_mult': 4.0, 'trail_atr_len': 14, 'tp_converts_to_trail': True, 'don_upper': 2336.23, 'don_lower': 2291.55, 'atr': 6.401552901300549, 'exit_reason': 'sl', 'signal_time': Timestamp('2024-04-30 18:00:00+0000', tz='UTC')}"
2024-05-01 14:00:00+00:00,2024-05-02 10:00:00+00:00,1,2302.645,2299.8789364564586,2300.053936456459,2332.9200879865753,0.32,-50.11403339332319,-0.10169214738762543,"{'trail_atr_mult': 4.0, 'trail_atr_len': 14, 'tp_converts_to_trail': True, 'don_upper': 2299.97, 'don_lower': 2281.63, 'atr': 6.090017597315091, 'exit_reason': 'sl', 'signal_time': Timestamp('2024-05-01 13:00:00+0000', tz='UTC')}"
2024-05-02 13:00:00+00:00,2024-05-03 13:00:00+00:00,-1,2294.435,2306.4339473723558,2306.2589473723556,2254.917266953307,0.25,-304.9736843088954,-0.6143594981495087,"{'trail_atr_mult': 4.0, 'trail_atr_len': 14, 'tp_converts_to_trail': True, 'don_upper': 2328.2, 'don_lower': 2295.25, 'atr': 7.916546609338609, 'exit_reason': 'sl', 'signal_time': Timestamp('2024-05-02 12:00:00+0000', tz='UTC')}"
2024-05-03 14:00:00+00:00,2024-05-06 03:00:00+00:00,-1,2290.895,2310.8049079647567,2310.6299079647565,2245.590184070487,0.25,-512.7476991189178,-1.039270515037831,"{'trail_atr_mult': 4.0, 'trail_atr_len': 14, 'tp_converts_to_trail': True, 'don_upper': 2320.59, 'don_lower': 2294.66, 'atr': 8.671963185902614, 'exit_reason': 'sl', 'signal_time': Timestamp('2024-05-03 13:00:00+0000', tz='UTC')}"
2024-05-06 08:00:00+00:00,2024-05-07 13:00:00+00:00,1,2322.915,2310.3155644898425,2310.4905644898427,2363.2535986844537,0.24,-292.78645224377976,-0.6091555271358248,"{'trail_atr_mult': 4.0, 'trail_atr_len': 14, 'tp_converts_to_trail': True, 'don_upper': 2320.59, 'don_lower': 2277.38, 'atr': 8.04871973689069, 'exit_reason': 'sl', 'signal_time': Timestamp('2024-05-06 07:00:00+0000', tz='UTC')}"
2024-05-08 02:00:00+00:00,2024-05-08 06:00:00+00:00,-1,2307.395,2319.55489939009,2319.37989939009,2284.4902012198204,0.41,-498.55587499369943,-1.0146017078912555,"{'trail_atr_mult': 4.0, 'trail_atr_len': 14, 'tp_converts_to_trail': True, 'don_upper': 2325.06, 'don_lower': 2310.01, 'atr': 4.651959756035948, 'exit_reason': 'sl', 'signal_time': Timestamp('2024-05-08 01:00:00+0000', tz='UTC')}"
2024-05-08 08:00:00+00:00,2024-05-08 13:00:00+00:00,-1,2305.205,2318.9506456843706,2318.7756456843704,2279.998708631259,0.36,-494.84324463734265,-1.0128954807361696,"{'trail_atr_mult': 4.0, 'trail_atr_len': 14, 'tp_converts_to_trail': True, 'don_upper': 2323.63, 'don_lower': 2306.97, 'atr': 5.170258273748213, 'exit_reason': 'sl', 'signal_time': Timestamp('2024-05-08 07:00:00+0000', tz='UTC')}"
2024-05-09 13:00:00+00:00,2024-05-09 14:00:00+00:00,1,2326.885,2312.8181105664294,2312.9931105664296,2354.053778867141,0.35,-492.34113017497975,-1.01259727849383,"{'trail_atr_mult': 4.0, 'trail_atr_len': 14, 'tp_converts_to_trail': True, 'don_upper': 2321.01, 'don_lower': 2306.73, 'atr': 5.474755773428191, 'exit_reason': 'sl', 'signal_time': Timestamp('2024-05-09 12:00:00+0000', tz='UTC')}"
2024-05-09 15:00:00+00:00,2024-05-10 08:00:00+00:00,1,2333.635,2366.8031397823697,2366.97813978237,,0.28,939.9079139063464,1.9631558906999125,"{'trail_atr_mult': 4.0, 'trail_atr_len': 14, 'tp_converts_to_trail': True, 'don_upper': 2329.33, 'don_lower': 2306.73, 'atr': 6.725627956473994, 'exit_reason': 'sl', 'signal_time': Timestamp('2024-05-09 14:00:00+0000', tz='UTC')}"
2024-05-10 10:00:00+00:00,2024-05-13 02:00:00+00:00,1,2372.625,2355.9449595901033,2356.1199595901035,2405.1100808197925,0.29,-448.9211718870048,-0.9378977588334032,"{'trail_atr_mult': 4.0, 'trail_atr_len': 14, 'tp_converts_to_trail': True, 'don_upper': 2372.06, 'don_lower': 2312.29, 'atr': 6.5320161639585494, 'exit_reason': 'sl', 'signal_time': Timestamp('2024-05-10 09:00:00+0000', tz='UTC')}"
2024-05-13 05:00:00+00:00,2024-05-14 13:00:00+00:00,-1,2354.115,2350.281729756895,2350.1067297568948,2324.932080051311,0.32,116.2646477793547,0.2445994367414596,"{'trail_atr_mult': 4.0, 'trail_atr_len': 14, 'tp_converts_to_trail': True, 'don_upper': 2378.32, 'don_lower': 2354.8, 'atr': 5.8715839897377515, 'exit_reason': 'sl', 'signal_time': Timestamp('2024-05-13 04:00:00+0000', tz='UTC')}"
2024-05-14 14:00:00+00:00,2024-05-15 14:00:00+00:00,1,2353.9350000000004,2354.158549094424,2354.333549094424,2381.697368489583,0.34,21.200669210401067,0.04455932287136254,"{'trail_atr_mult': 4.0, 'trail_atr_len': 14, 'tp_converts_to_trail': True, 'don_upper': 2350.24, 'don_lower': 2334.39, 'atr': 5.56747369791654, 'exit_reason': 'sl', 'signal_time': Timestamp('2024-05-14 13:00:00+0000', tz='UTC')}"
2024-05-15 18:00:00+00:00,2024-05-16 14:00:00+00:00,1,2389.405,2373.4697108938344,2373.6447108938346,2430.2440257757153,0.23,-338.911649441813,-0.7124688097847999,"{'trail_atr_mult': 4.0, 'trail_atr_len': 14, 'tp_converts_to_trail': True, 'don_upper': 2386.62, 'don_lower': 2351.84, 'atr': 8.202805155143022, 'exit_reason': 'sl', 'signal_time': Timestamp('2024-05-15 17:00:00+0000', tz='UTC')}"
2024-05-16 14:00:00+00:00,2024-05-17 12:00:00+00:00,-1,2374.785,2389.7195755683547,2389.5445755683545,2337.8178427907264,0.25,-378.36438920887076,-0.793379807350772,"{'trail_atr_mult': 4.0, 'trail_atr_len': 14, 'tp_converts_to_trail': True, 'don_upper': 2397.25, 'don_lower': 2377.08, 'atr': 7.472431441854648, 'exit_reason': 'sl', 'signal_time': Timestamp('2024-05-16 13:00:00+0000', tz='UTC')}"
2024-05-17 12:00:00+00:00,2024-05-17 16:00:00+00:00,1,2389.9550000000004,2413.2349999999997,2413.5962712854243,,0.4,931.1999999999717,1.943541189914813,"{'trail_atr_mult': 4.0, 'trail_atr_len': 14, 'tp_converts_to_trail': True, 'don_upper': 2387.84, 'don_lower': 2371.02, 'atr': 4.749254257084913, 'exit_reason': 'sl_gap', 'signal_time': Timestamp('2024-05-17 11:00:00+0000', tz='UTC')}"
2024-05-20 01:00:00+00:00,2024-05-20 13:00:00+00:00,1,2425.625,2417.8237757748293,2417.9987757748295,2460.558611746973,0.27,-210.6330540796089,-0.44039118895689006,"{'trail_atr_mult': 4.0, 'trail_atr_len': 14, 'tp_converts_to_trail': True, 'don_upper': 2425.35, 'don_lower': 2374.76, 'atr': 7.019722349394581, 'exit_reason': 'sl', 'signal_time': Timestamp('2024-05-20 00:00:00+0000', tz='UTC')}"
2024-05-22 12:00:00+00:00,2024-05-22 20:00:00+00:00,-1,2408.5249999999996,2379.2556056070407,2379.0806056070405,,0.33,965.8900149676447,1.9750332280682776,"{'trail_atr_mult': 4.0, 'trail_atr_len': 14, 'tp_converts_to_trail': True, 'don_upper': 2433.83, 'don_lower': 2410.66, 'atr': 5.901878878591899, 'exit_reason': 'sl', 'signal_time': Timestamp('2024-05-22 11:00:00+0000', tz='UTC')}"
2024-05-23 02:00:00+00:00,2024-05-24 06:00:00+00:00,-1,2372.845,2336.857415046965,2336.6824150469647,,0.26,930.4772087789077,1.9477516685122258,"{'trail_atr_mult': 4.0, 'trail_atr_len': 14, 'tp_converts_to_trail': True, 'don_upper': 2419.34, 'don_lower': 2375.06, 'atr': 7.271516990607023, 'exit_reason': 'sl', 'signal_time': Timestamp('2024-05-23 01:00:00+0000', tz='UTC')}"
2024-05-27 14:00:00+00:00,2024-05-28 07:00:00+00:00,1,2355.2250000000004,2341.4168686302914,2341.5918686302916,2381.8762627394167,0.36,-482.69272930952104,-0.9834960880300955,"{'trail_atr_mult': 4.0, 'trail_atr_len': 14, 'tp_converts_to_trail': True, 'don_upper': 2349.67, 'don_lower': 2331.68, 'atr': 5.371252547883377, 'exit_reason': 'sl', 'signal_time': Timestamp('2024-05-27 13:00:00+0000', tz='UTC')}"
2024-05-29 13:00:00+00:00,2024-05-30 14:00:00+00:00,-1,2337.615,2346.0008816095055,2345.8258816095054,2307.219415182953,0.32,-287.5482115041843,-0.5880700034570873,"{'trail_atr_mult': 4.0, 'trail_atr_len': 14, 'tp_converts_to_trail': True, 'don_upper': 2362.66, 'don_lower': 2338.75, 'atr': 6.090116963409381, 'exit_reason': 'sl', 'signal_time': Timestamp('2024-05-29 12:00:00+0000', tz='UTC')}"
2024-05-30 14:00:00+00:00,2024-05-31 15:00:00+00:00,1,2348.885,2334.8850098998955,2335.0600098998957,2383.111275714487,0.28,-380.79972280293157,-0.778671252161818,"{'trail_atr_mult': 4.0, 'trail_atr_len': 14, 'tp_converts_to_trail': True, 'don_upper': 2345.16, 'don_lower': 2322.74, 'atr': 6.892255142897375, 'exit_reason': 'sl', 'signal_time': Timestamp('2024-05-30 13:00:00+0000', tz='UTC')}"
2024-05-31 15:00:00+00:00,2024-06-03 15:00:00+00:00,-1,2334.9249999999997,2338.5000730307593,2338.325073030759,2302.135491798405,0.29,-121.07711789202668,-0.24577680453743245,"{'trail_atr_mult': 4.0, 'trail_atr_len': 14, 'tp_converts_to_trail': True, 'don_upper': 2359.8, 'don_lower': 2337.06, 'atr': 6.636901640319085, 'exit_reason': 'sl', 'signal_time': Timestamp('2024-05-31 14:00:00+0000', tz='UTC')}"
2024-06-03 15:00:00+00:00,2024-06-04 09:00:00+00:00,1,2341.775,2333.882656731771,2334.057656731771,2377.519397854887,0.27,-202.29326824218487,-0.41764041294848403,"{'trail_atr_mult': 4.0, 'trail_atr_len': 14, 'tp_converts_to_trail': True, 'don_upper': 2336.66, 'don_lower': 2314.77, 'atr': 7.157879570977411, 'exit_reason': 'sl', 'signal_time': Timestamp('2024-06-03 14:00:00+0000', tz='UTC')}"
2024-06-04 14:00:00+00:00,2024-06-05 04:00:00+00:00,-1,2326.5449999999996,2337.2134122096136,2337.0384122096134,2290.225547774896,0.34,-369.52601512687477,-0.7609746634708312,"{'trail_atr_mult': 4.0, 'trail_atr_len': 14, 'tp_converts_to_trail': True, 'don_upper': 2354.76, 'don_lower': 2325.42, 'atr': 6.746890445020844, 'exit_reason': 'sl', 'signal_time': Timestamp('2024-06-04 13:00:00+0000', tz='UTC')}"
2024-06-05 13:00:00+00:00,2024-06-06 03:00:00+00:00,1,2342.215,2367.335,2371.9294904013436,,0.32,842.2399999999965,1.7688474933569704,"{'trail_atr_mult': 4.0, 'trail_atr_len': 14, 'tp_converts_to_trail': True, 'don_upper': 2341.7, 'don_lower': 2317.49, 'atr': 5.945898080268789, 'exit_reason': 'sl_gap', 'signal_time': Timestamp('2024-06-05 12:00:00+0000', tz='UTC')}"
2024-06-06 03:00:00+00:00,2024-06-06 10:00:00+00:00,1,2374.6850000000004,2359.3021331100954,2359.4771331100956,2404.335733779809,0.32,-492.25174047696055,-1.0115072022438825,"{'trail_atr_mult': 4.0, 'trail_atr_len': 14, 'tp_converts_to_trail': True, 'don_upper': 2373.06, 'don_lower': 2328.14, 'atr': 5.981146755961764, 'exit_reason': 'sl', 'signal_time': Timestamp('2024-06-06 02:00:00+0000', tz='UTC')}"
2024-06-07 04:00:00+00:00,2024-06-07 09:00:00+00:00,1,2380.2850000000003,2365.150667526335,2365.325667526335,2409.8886649473293,0.32,-484.29863915729226,-1.0116983829531336,"{'trail_atr_mult': 4.0, 'trail_atr_len': 14, 'tp_converts_to_trail': True, 'don_upper': 2380.04, 'don_lower': 2353.44, 'atr': 5.941732989465927, 'exit_reason': 'sl', 'signal_time': Timestamp('2024-06-07 03:00:00+0000', tz='UTC')}"
2024-06-07 09:00:00+00:00,2024-06-07 15:00:00+00:00,-1,2347.185,2309.7250000000004,2305.995554803338,,0.23,861.5799999999904,1.7947298052961398,"{'trail_atr_mult': 4.0, 'trail_atr_len': 14, 'tp_converts_to_trail': True, 'don_upper': 2387.69, 'don_lower': 2353.44, 'atr': 8.27488903933234, 'exit_reason': 'sl_gap', 'signal_time': Timestamp('2024-06-07 08:00:00+0000', tz='UTC')}"
2024-06-07 16:00:00+00:00,2024-06-10 23:00:00+00:00,-1,2304.745,2312.2050000000004,2310.5810724297176,2251.2744651748194,0.18,-145.08000000000885,-0.2985432045851964,"{'trail_atr_mult': 4.0, 'trail_atr_len': 14, 'tp_converts_to_trail': True, 'don_upper': 2387.69, 'don_lower': 2305.12, 'atr': 10.729106965036125, 'exit_reason': 'sl_gap', 'signal_time': Timestamp('2024-06-07 15:00:00+0000', tz='UTC')}"
2024-06-11 13:00:00+00:00,2024-06-12 20:00:00+00:00,1,2317.7650000000003,2316.0381467694915,2316.2131467694917,2343.8039038193856,0.38,-50.42042275933527,-0.10487340135179507,"{'trail_atr_mult': 4.0, 'trail_atr_len': 14, 'tp_converts_to_trail': True, 'don_upper': 2313.84, 'don_lower': 2297.75, 'atr': 5.158780763877102, 'exit_reason': 'sl', 'signal_time': Timestamp('2024-06-11 12:00:00+0000', tz='UTC')}"
2024-06-13 12:00:00+00:00,2024-06-13 13:00:00+00:00,-1,2306.6549999999997,2325.4239805231555,2325.2489805231553,2270.682038953689,0.26,-487.9934936020491,-1.009411648021372,"{'trail_atr_mult': 4.0, 'trail_atr_len': 14, 'tp_converts_to_trail': True, 'don_upper': 2339.61, 'don_lower': 2308.19, 'atr': 7.275592209262214, 'exit_reason': 'sl', 'signal_time': Timestamp('2024-06-13 11:00:00+0000', tz='UTC')}"
2024-06-13 16:00:00+00:00,2024-06-14 09:00:00+00:00,-1,2298.805,2317.6818555811956,2317.5068555811954,2253.076371823743,0.21,-400.61396720511055,-0.8243457279773991,"{'trail_atr_mult': 4.0, 'trail_atr_len': 14, 'tp_converts_to_trail': True, 'don_upper': 2333.94, 'don_lower': 2304.05, 'atr': 9.182725635251316, 'exit_reason': 'sl', 'signal_time': Timestamp('2024-06-13 15:00:00+0000', tz='UTC')}"
2024-06-14 11:00:00+00:00,2024-06-17 07:00:00+00:00,1,2330.735,2315.5397698335128,2315.714769833513,2364.888176325717,0.28,-391.8664446616462,-0.8149038268450359,"{'trail_atr_mult': 4.0, 'trail_atr_len': 14, 'tp_converts_to_trail': True, 'don_upper': 2324.78, 'don_lower': 2295.67, 'atr': 6.843635265143374, 'exit_reason': 'sl', 'signal_time': Timestamp('2024-06-14 10:00:00+0000', tz='UTC')}"
2024-06-17 16:00:00+00:00,2024-06-18 14:00:00+00:00,-1,2312.4249999999997,2324.923035806831,2324.748035806831,2283.610964795325,0.33,-419.03518162543844,-0.867380753366079,"{'trail_atr_mult': 4.0, 'trail_atr_len': 14, 'tp_converts_to_trail': True, 'don_upper': 2335.34, 'don_lower': 2315.52, 'atr': 5.793807040934973, 'exit_reason': 'sl', 'signal_time': Timestamp('2024-06-17 15:00:00+0000', tz='UTC')}"
2024-06-18 14:00:00+00:00,2024-06-20 16:00:00+00:00,1,2326.885,2357.15934961468,2357.3343496146804,,0.31,988.1048380550792,2.0721614475132664,"{'trail_atr_mult': 4.0, 'trail_atr_len': 14, 'tp_converts_to_trail': True, 'don_upper': 2325.69, 'don_lower': 2306.64, 'atr': 6.110869922936037, 'exit_reason': 'sl', 'signal_time': Timestamp('2024-06-18 13:00:00+0000', tz='UTC')}"
2024-06-21 14:00:00+00:00,2024-06-25 11:00:00+00:00,-1,2339.825,2334.5324434164045,2334.3574434164043,2303.9555643645836,0.25,112.31391458988355,0.23881057656936333,"{'trail_atr_mult': 4.0, 'trail_atr_len': 14, 'tp_converts_to_trail': True, 'don_upper': 2368.73, 'don_lower': 2352.83, 'atr': 7.290887127083293, 'exit_reason': 'sl', 'signal_time': Timestamp('2024-06-21 13:00:00+0000', tz='UTC')}"
2024-06-25 11:00:00+00:00,2024-06-25 14:00:00+00:00,1,2335.5150000000003,2323.4320748603745,2323.6070748603747,2358.775850279251,0.41,-495.39993072465717,-1.0146960950751898,"{'trail_atr_mult': 4.0, 'trail_atr_len': 14, 'tp_converts_to_trail': True, 'don_upper': 2334.68, 'don_lower': 2322.78, 'atr': 4.689170055850149, 'exit_reason': 'sl', 'signal_time': Timestamp('2024-06-25 10:00:00+0000', tz='UTC')}"
2024-06-26 02:00:00+00:00,2024-06-27 10:00:00+00:00,-1,2312.7149999999997,2310.498618438218,2310.3236184382176,2286.140024203303,0.35,56.573354662365546,0.11889540276664315,"{'trail_atr_mult': 4.0, 'trail_atr_len': 14, 'tp_converts_to_trail': True, 'don_upper': 2337.13, 'don_lower': 2315.54, 'atr': 5.355995159339459, 'exit_reason': 'sl', 'signal_time': Timestamp('2024-06-26 01:00:00+0000', tz='UTC')}"
2024-06-27 11:00:00+00:00,2024-06-28 14:00:00+00:00,1,2315.355,2335.6549999999997,2338.6190576477356,,0.41,848.6999999999888,1.7424933519594408,"{'trail_atr_mult': 4.0, 'trail_atr_len': 14, 'tp_converts_to_trail': True, 'don_upper': 2313.77, 'don_lower': 2293.67, 'atr': 4.685811529547081, 'exit_reason': 'sl_gap', 'signal_time': Timestamp('2024-06-27 10:00:00+0000', tz='UTC')}"
2024-07-01 12:00:00+00:00,2024-07-01 15:00:00+00:00,1,2338.375,2324.953941264939,2325.1289412649394,2364.342117470121,0.37,-496.5791731972495,-1.0132114769759384,"{'trail_atr_mult': 4.0, 'trail_atr_len': 14, 'tp_converts_to_trail': True, 'don_upper': 2333.7, 'don_lower': 2318.5, 'atr': 5.228423494024235, 'exit_reason': 'sl', 'signal_time': Timestamp('2024-07-01 11:00:00+0000', tz='UTC')}"
2024-07-03 07:00:00+00:00,2024-07-03 14:00:00+00:00,1,2340.3650000000002,2350.285,2353.939254601135,,0.7,694.3999999999733,1.3923535339467612,"{'trail_atr_mult': 2.0, 'trail_atr_len': 14, 'tp_converts_to_trail': True, 'don_upper': 2339.75, 'don_lower': 2293.67, 'atr': 4.599751533711745, 'exit_reason': 'sl_gap', 'signal_time': Timestamp('2024-07-03 06:00:00+0000', tz='UTC')}"
2024-07-03 15:00:00+00:00,2024-07-04 07:00:00+00:00,1,2362.655,2355.062758072378,2355.2377580723783,2380.276275229526,0.55,-351.57330601921694,-0.701046880151528,"{'trail_atr_mult': 2.0, 'trail_atr_len': 14, 'tp_converts_to_trail': True, 'don_upper': 2358.7, 'don_lower': 2293.67, 'atr': 5.9420917431754345, 'exit_reason': 'sl', 'signal_time': Timestamp('2024-07-03 14:00:00+0000', tz='UTC')}"
2024-07-05 13:00:00+00:00,2024-07-05 17:00:00+00:00,1,2372.3250000000003,2384.5049999999997,2387.1672975693145,,0.65,791.6999999999598,1.5882850215238997,"{'trail_atr_mult': 2.0, 'trail_atr_len': 14, 'tp_converts_to_trail': True, 'don_upper': 2368.02, 'don_lower': 2318.5, 'atr': 5.002432523104868, 'exit_reason': 'sl_gap', 'signal_time': Timestamp('2024-07-05 12:00:00+0000', tz='UTC')}"
2024-07-05 19:00:00+00:00,2024-07-08 03:00:00+00:00,1,2391.215,2381.9018065681826,2382.0768065681827,2409.373429731502,0.54,-438.11244531814935,-0.8698875808469668,"{'trail_atr_mult': 2.0, 'trail_atr_len': 14, 'tp_converts_to_trail': True, 'don_upper': 2389.93, 'don_lower': 2318.5, 'atr': 6.107809910500582, 'exit_reason': 'sl', 'signal_time': Timestamp('2024-07-05 18:00:00+0000', tz='UTC')}"
2024-07-11 13:00:00+00:00,2024-07-11 14:00:00+00:00,1,2407.2450000000003,2397.5502856568937,2397.725285656894,2423.689428686213,0.52,-504.1251458415445,-1.0183829045381918,"{'trail_atr_mult': 2.0, 'trail_atr_len': 14, 'tp_converts_to_trail': True, 'don_upper': 2392.91, 'don_lower': 2349.29, 'atr': 5.769809562070948, 'exit_reason': 'sl', 'signal_time': Timestamp('2024-07-11 12:00:00+0000', tz='UTC')}"
2024-07-11 15:00:00+00:00,2024-07-11 23:00:00+00:00,1,2417.895,2411.130554570001,2411.3055545700013,2439.05706595001,0.46,-311.16448977994884,-0.6316874072095627,"{'trail_atr_mult': 2.0, 'trail_atr_len': 14, 'tp_converts_to_trail': True, 'don_upper': 2412.98, 'don_lower': 2349.29, 'atr': 7.082355316669927, 'exit_reason': 'sl', 'signal_time': Timestamp('2024-07-11 14:00:00+0000', tz='UTC')}"
2024-07-15 15:00:00+00:00,2024-07-15 18:00:00+00:00,1,2431.7050000000004,2426.8462439357304,2427.0212439357306,2449.667783507917,0.54,-262.37282747057907,-0.5290519743087658,"{'trail_atr_mult': 2.0, 'trail_atr_len': 14, 'tp_converts_to_trail': True, 'don_upper': 2424.54, 'don_lower': 2349.29, 'atr': 6.032594502639073, 'exit_reason': 'sl', 'signal_time': Timestamp('2024-07-15 14:00:00+0000', tz='UTC')}"
2024-07-16 10:00:00+00:00,2024-07-16 13:00:00+00:00,1,2442.665,2434.168554354793,2434.343554354793,2458.7828912904133,0.59,-501.2902930672207,-1.0210299997694487,"{'trail_atr_mult': 2.0, 'trail_atr_len': 14, 'tp_converts_to_trail': True, 'don_upper': 2439.67, 'don_lower': 2349.29, 'atr': 5.430963763471172, 'exit_reason': 'sl', 'signal_time': Timestamp('2024-07-16 09:00:00+0000', tz='UTC')}"
2024-07-16 15:00:00+00:00,2024-07-17 03:00:00+00:00,1,2452.2650000000003,2473.433136496451,2473.608136496451,,0.45,970.5661423402789,1.9725628198772756,"{'trail_atr_mult': 2.0, 'trail_atr_len': 14, 'tp_converts_to_trail': True, 'don_upper': 2448.01, 'don_lower': 2349.29, 'atr': 7.172712165483619, 'exit_reason': 'sl', 'signal_time': Timestamp('2024-07-16 14:00:00+0000', tz='UTC')}"
2024-07-17 14:00:00+00:00,2024-07-17 15:00:00+00:00,1,2483.0150000000003,2471.3641079438185,2471.5391079438186,2505.5317841123624,0.43,-500.9883584158206,-1.015249359190854,"{'trail_atr_mult': 2.0, 'trail_atr_len': 14, 'tp_converts_to_trail': True, 'don_upper': 2482.36, 'don_lower': 2369.85, 'atr': 7.553928037454183, 'exit_reason': 'sl', 'signal_time': Timestamp('2024-07-17 13:00:00+0000', tz='UTC')}"
2024-07-22 15:00:00+00:00,2024-07-22 20:00:00+00:00,-1,2386.935,2397.2007931236776,2397.0257931236774,2366.7684566274306,0.48,-492.75806993652805,-0.9908328679095962,"{'trail_atr_mult': 2.0, 'trail_atr_len': 14, 'tp_converts_to_trail': True, 'don_upper': 2483.54, 'don_lower': 2388.7, 'atr': 6.7838477908564006, 'exit_reason': 'sl', 'signal_time': Timestamp('2024-07-22 14:00:00+0000', tz='UTC')}"
2024-07-25 02:00:00+00:00,2024-07-25 11:00:00+00:00,-1,2376.145,2381.705645683329,2381.5306456833287,2352.9190225284196,0.41,-227.98647301648316,-0.4653069682979251,"{'trail_atr_mult': 2.0, 'trail_atr_len': 14, 'tp_converts_to_trail': True, 'don_upper': 2474.8, 'don_lower': 2383.71, 'atr': 7.816992490526696, 'exit_reason': 'sl', 'signal_time': Timestamp('2024-07-25 01:00:00+0000', tz='UTC')}"
2024-07-25 18:00:00+00:00,2024-07-26 02:00:00+00:00,-1,2355.865,2369.39073375832,2369.21573375832,2328.417048660342,0.35,-480.400681541209,-0.9803062250000439,"{'trail_atr_mult': 2.0, 'trail_atr_len': 14, 'tp_converts_to_trail': True, 'don_upper': 2469.8, 'don_lower': 2357.43, 'atr': 9.210983779885968, 'exit_reason': 'sl', 'signal_time': Timestamp('2024-07-25 17:00:00+0000', tz='UTC')}"
2024-07-31 19:00:00+00:00,2024-08-01 03:00:00+00:00,1,2433.855,2451.145,2453.499839084061,,0.48,887.5199999999983,1.836161641890552,"{'trail_atr_mult': 2.0, 'trail_atr_len': 14, 'tp_converts_to_trail': True, 'don_upper': 2431.9, 'don_lower': 2352.97, 'atr': 6.603279694686917, 'exit_reason': 'sl_gap', 'signal_time': Timestamp('2024-07-31 18:00:00+0000', tz='UTC')}"
2024-08-02 06:00:00+00:00,2024-08-02 14:00:00+00:00,1,2466.8250000000003,2461.439368908568,2461.6143689085684,2490.0375653952315,0.41,-220.81087474871444,-0.4509150264854429,"{'trail_atr_mult': 2.0, 'trail_atr_len': 14, 'tp_converts_to_trail': True, 'don_upper': 2462.17, 'don_lower': 2355.7, 'atr': 7.81252179841053, 'exit_reason': 'sl', 'signal_time': Timestamp('2024-08-02 05:00:00+0000', tz='UTC')}"
2024-08-12 14:00:00+00:00,2024-08-12 15:00:00+00:00,1,2454.315,2445.4385856472786,2445.613585647279,2471.252828705442,0.56,-497.07920375240076,-1.0201116729885933,"{'trail_atr_mult': 2.0, 'trail_atr_len': 14, 'tp_converts_to_trail': True, 'don_upper': 2445.31, 'don_lower': 2364.06, 'atr': 5.697609568480717, 'exit_reason': 'sl', 'signal_time': Timestamp('2024-08-12 13:00:00+0000', tz='UTC')}"
2024-08-12 16:00:00+00:00,2024-08-13 02:00:00+00:00,1,2459.855,2465.4254931438327,2465.600493143833,2478.238320312687,0.52,310.46564347929854,0.6315202032860072,"{'trail_atr_mult': 2.0, 'trail_atr_len': 14, 'tp_converts_to_trail': True, 'don_upper': 2457.41, 'don_lower': 2364.06, 'atr': 6.186106770895736, 'exit_reason': 'sl', 'signal_time': Timestamp('2024-08-12 15:00:00+0000', tz='UTC')}"
2024-08-16 13:00:00+00:00,2024-08-16 15:00:00+00:00,1,2491.7050000000004,2484.8496617813585,2485.0246617813586,2511.846933799089,0.47,-322.20089627617017,-0.6643756563239264,"{'trail_atr_mult': 2.0, 'trail_atr_len': 14, 'tp_converts_to_trail': True, 'don_upper': 2479.7, 'don_lower': 2420.23, 'atr': 6.768977933029694, 'exit_reason': 'sl', 'signal_time': Timestamp('2024-08-16 12:00:00+0000', tz='UTC')}"
2024-08-16 19:00:00+00:00,2024-08-19 02:00:00+00:00,1,2503.3650000000002,2495.5415698565494,2495.7165698565495,2526.6243036652313,0.41,-271.560635881486,-0.5576614862548191,"{'trail_atr_mult': 2.0, 'trail_atr_len': 14, 'tp_converts_to_trail': True, 'don_upper': 2499.97, 'don_lower': 2420.96, 'atr': 7.808101221743795, 'exit_reason': 'sl', 'signal_time': Timestamp('2024-08-16 18:00:00+0000', tz='UTC')}"
2024-08-20 08:00:00+00:00,2024-08-20 16:00:00+00:00,1,2515.0350000000003,2518.724032649769,2518.899032649769,2532.4975736065526,0.54,199.2077630875101,0.4094927241953377,"{'trail_atr_mult': 2.0, 'trail_atr_len': 14, 'tp_converts_to_trail': True, 'don_upper': 2510.06, 'don_lower': 2432.09, 'atr': 5.8825245355175335, 'exit_reason': 'sl', 'signal_time': Timestamp('2024-08-20 07:00:00+0000', tz='UTC')}"
2024-09-02 03:00:00+00:00,2024-09-02 07:00:00+00:00,-1,2491.685,2500.8652311498813,2500.690231149881,2474.1995377002377,0.54,-495.7324820935938,-1.019433149142706,"{'trail_atr_mult': 2.0, 'trail_atr_len': 14, 'tp_converts_to_trail': True, 'don_upper': 2528.9, 'don_lower': 2493.55, 'atr': 5.886820766587474, 'exit_reason': 'sl', 'signal_time': Timestamp('2024-09-02 02:00:00+0000', tz='UTC')}"
2024-09-03 12:00:00+00:00,2024-09-03 13:00:00+00:00,-1,2489.3849999999998,2497.98469489507,2497.8096948950697,2473.120610209861,0.58,-498.78230391406663,-1.020772265604846,"{'trail_atr_mult': 2.0, 'trail_atr_len': 14, 'tp_converts_to_trail': True, 'don_upper': 2528.9, 'don_lower': 2489.69, 'atr': 5.486463263379763, 'exit_reason': 'sl', 'signal_time': Timestamp('2024-09-03 11:00:00+0000', tz='UTC')}"
2024-09-03 14:00:00+00:00,2024-09-03 16:00:00+00:00,-1,2479.535,2488.8662362717,2488.6912362717,2457.9999537646963,0.43,-401.243159683107,-0.8246767306328067,"{'trail_atr_mult': 2.0, 'trail_atr_len': 14, 'tp_converts_to_trail': True, 'don_upper': 2528.9, 'don_lower': 2484.67, 'atr': 7.3000154117679585, 'exit_reason': 'sl', 'signal_time': Timestamp('2024-09-03 13:00:00+0000', tz='UTC')}"
2024-09-04 09:00:00+00:00,2024-09-04 10:00:00+00:00,-1,2473.015,2482.2355184788785,2482.0605184788783,2455.478963042243,0.53,-488.687479380566,-1.0193465969262914,"{'trail_atr_mult': 2.0, 'trail_atr_len': 14, 'tp_converts_to_trail': True, 'don_upper': 2528.6, 'don_lower': 2473.39, 'atr': 5.907012319252295, 'exit_reason': 'sl', 'signal_time': Timestamp('2024-09-04 08:00:00+0000', tz='UTC')}"
2024-09-12 14:00:00+00:00,2024-09-13 03:00:00+00:00,1,2545.485,2563.015,2566.879846618347,,0.44,788.9199999999888,1.6404506685742823,"{'trail_atr_mult': 2.0, 'trail_atr_len': 14, 'tp_converts_to_trail': True, 'don_upper': 2535.14, 'don_lower': 2485.02, 'atr': 7.183282206115784, 'exit_reason': 'sl_gap', 'signal_time': Timestamp('2024-09-12 13:00:00+0000', tz='UTC')}"
2024-09-13 13:00:00+00:00,2024-09-16 08:00:00+00:00,1,2575.915,2579.9097843439836,2580.0847843439838,2593.4564286918303,0.53,275.3235702311314,0.5722253458711425,"{'trail_atr_mult': 2.0, 'trail_atr_len': 14, 'tp_converts_to_trail': True, 'don_upper': 2572.82, 'don_lower': 2485.02, 'atr': 5.91547623061007, 'exit_reason': 'sl', 'signal_time': Timestamp('2024-09-13 12:00:00+0000', tz='UTC')}"
2024-09-20 07:00:00+00:00,2024-09-20 14:00:00+00:00,1,2605.525,2606.6315374331766,2606.806537433177,2623.3978177182444,0.53,58.64648395835593,0.12029007462979903,"{'trail_atr_mult': 2.0, 'trail_atr_len': 14, 'tp_converts_to_trail': True, 'don_upper': 2600.04, 'don_lower': 2546.71, 'atr': 6.015939239414818, 'exit_reason': 'sl', 'signal_time': Timestamp('2024-09-20 06:00:00+0000', tz='UTC')}"
2024-09-20 16:00:00+00:00,2024-09-23 08:00:00+00:00,1,2622.875,2619.841582790432,2620.016582790432,2645.2020199336225,0.42,-77.00352280186198,-0.1604599693938303,"{'trail_atr_mult': 2.0, 'trail_atr_len': 14, 'tp_converts_to_trail': True, 'don_upper': 2619.23, 'don_lower': 2546.71, 'atr': 7.5006733112075406, 'exit_reason': 'sl', 'signal_time': Timestamp('2024-09-20 15:00:00+0000', tz='UTC')}"
2024-09-23 14:00:00+00:00,2024-09-24 01:00:00+00:00,1,2632.005,2625.2815685248843,2625.4565685248845,2649.9846659322397,0.52,-328.8184367060232,-0.681232993709228,"{'trail_atr_mult': 2.0, 'trail_atr_len': 14, 'tp_converts_to_trail': True, 'don_upper': 2631.22, 'don_lower': 2546.71, 'atr': 6.0582219774133, 'exit_reason': 'sl', 'signal_time': Timestamp('2024-09-23 13:00:00+0000', tz='UTC')}"
2024-09-24 05:00:00+00:00,2024-09-24 06:00:00+00:00,1,2638.1850000000004,2630.7117794966202,2630.8867794966204,2652.2264410067596,0.66,-493.2325532230907,-1.0239784478859106,"{'trail_atr_mult': 2.0, 'trail_atr_len': 14, 'tp_converts_to_trail': True, 'don_upper': 2635.99, 'don_lower': 2546.71, 'atr': 4.742147002253172, 'exit_reason': 'sl', 'signal_time': Timestamp('2024-09-24 04:00:00+0000', tz='UTC')}"
2024-09-24 15:00:00+00:00,2024-09-24 21:00:00+00:00,1,2643.605,2662.415,2662.897395322294,,0.48,902.8799999999974,1.9012103102632962,"{'trail_atr_mult': 2.0, 'trail_atr_len': 14, 'tp_converts_to_trail': True, 'don_upper': 2639.96, 'don_lower': 2546.71, 'atr': 6.485798440764579, 'exit_reason': 'sl_gap', 'signal_time': Timestamp('2024-09-24 14:00:00+0000', tz='UTC')}"
2024-09-25 03:00:00+00:00,2024-09-25 04:00:00+00:00,1,2670.175,2660.054216470623,2660.229216470623,2689.601567058754,0.49,-495.9183929394803,-1.017595396027199,"{'trail_atr_mult': 2.0, 'trail_atr_len': 14, 'tp_converts_to_trail': True, 'don_upper': 2664.24, 'don_lower': 2546.71, 'atr': 6.527189019584621, 'exit_reason': 'sl', 'signal_time': Timestamp('2024-09-25 02:00:00+0000', tz='UTC')}"
2024-09-26 11:00:00+00:00,2024-09-26 13:00:00+00:00,1,2672.755,2673.555860111579,2673.730860111579,2688.439945930862,0.6,48.0516066947348,0.09899416413393174,"{'trail_atr_mult': 2.0, 'trail_atr_len': 14, 'tp_converts_to_trail': True, 'don_upper': 2670.42, 'don_lower': 2563.86, 'atr': 5.283315310287226, 'exit_reason': 'sl', 'signal_time': Timestamp('2024-09-26 10:00:00+0000', tz='UTC')}"
2024-10-08 15:00:00+00:00,2024-10-08 20:00:00+00:00,-1,2620.855,2623.359848561585,2623.1848485615847,2594.1001838811076,0.36,-90.1745482170536,-0.18756015020358704,"{'trail_atr_mult': 2.0, 'trail_atr_len': 14, 'tp_converts_to_trail': True, 'don_upper': 2673.04, 'don_lower': 2628.63, 'atr': 8.913272039630794, 'exit_reason': 'sl', 'signal_time': Timestamp('2024-10-08 14:00:00+0000', tz='UTC')}"
2024-10-14 07:00:00+00:00,2024-10-14 12:00:00+00:00,1,2664.385,2654.9899411757406,2655.1649411757408,2682.0001176485193,0.52,-488.5430588615018,-1.0189803561274173,"{'trail_atr_mult': 2.0, 'trail_atr_len': 14, 'tp_converts_to_trail': True, 'don_upper': 2661.4, 'don_lower': 2604.77, 'atr': 5.9633725495063326, 'exit_reason': 'sl', 'signal_time': Timestamp('2024-10-14 06:00:00+0000', tz='UTC')}"
2024-10-16 07:00:00+00:00,2024-10-16 15:00:00+00:00,1,2677.3450000000003,2672.731258282488,2672.906258282488,2693.7098648872925,0.57,-262.9832778982018,-0.5512280712628986,"{'trail_atr_mult': 2.0, 'trail_atr_len': 14, 'tp_converts_to_trail': True, 'don_upper': 2670.57, 'don_lower': 2605.21, 'atr': 5.496621629097567, 'exit_reason': 'sl', 'signal_time': Timestamp('2024-10-16 06:00:00+0000', tz='UTC')}"
2024-10-17 11:00:00+00:00,2024-10-17 13:00:00+00:00,1,2687.635,2679.1002448623235,2679.2752448623237,2703.8895102753527,0.57,-486.48104284757255,-1.0209336274948384,"{'trail_atr_mult': 2.0, 'trail_atr_len': 14, 'tp_converts_to_trail': True, 'don_upper': 2685.72, 'don_lower': 2610.24, 'atr': 5.469836758450837, 'exit_reason': 'sl', 'signal_time': Timestamp('2024-10-17 10:00:00+0000', tz='UTC')}"
2024-10-17 15:00:00+00:00,2024-10-17 17:00:00+00:00,1,2695.8650000000002,2685.4609716248747,2685.635971624875,2715.7680567502493,0.46,-478.58530525577595,-1.0171081742646977,"{'trail_atr_mult': 2.0, 'trail_atr_len': 14, 'tp_converts_to_trail': True, 'don_upper': 2689.96, 'don_lower': 2611.34, 'atr': 6.69601891674985, 'exit_reason': 'sl', 'signal_time': Timestamp('2024-10-17 14:00:00+0000', tz='UTC')}"
2024-10-18 02:00:00+00:00,2024-10-18 07:00:00+00:00,1,2704.7050000000004,2702.8216773571708,2702.996677357171,2722.331212787539,0.53,-99.81610006997018,-0.21171380111294388,"{'trail_atr_mult': 2.0, 'trail_atr_len': 14, 'tp_converts_to_trail': True, 'don_upper': 2696.74, 'don_lower': 2625.99, 'atr': 5.893737595846241, 'exit_reason': 'sl', 'signal_time': Timestamp('2024-10-18 01:00:00+0000', tz='UTC')}"
2024-10-18 15:00:00+00:00,2024-10-21 11:00:00+00:00,1,2717.585,2734.3849999999998,2736.5360253562617,,0.48,863.9999999999869,1.848426428979946,"{'trail_atr_mult': 2.0, 'trail_atr_len': 14, 'tp_converts_to_trail': True, 'don_upper': 2716.97, 'don_lower': 2636.17, 'atr': 6.375341785420675, 'exit_reason': 'sl_gap', 'signal_time': Timestamp('2024-10-18 14:00:00+0000', tz='UTC')}"
2024-10-21 13:00:00+00:00,2024-10-21 15:00:00+00:00,1,2738.875,2729.878747759267,2730.053747759267,2755.4825044814665,0.54,-485.7976209995905,-1.019838453229135,"{'trail_atr_mult': 2.0, 'trail_atr_len': 14, 'tp_converts_to_trail': True, 'don_upper': 2738.1, 'don_lower': 2638.33, 'atr': 5.650834827155459, 'exit_reason': 'sl', 'signal_time': Timestamp('2024-10-21 12:00:00+0000', tz='UTC')}"
2024-10-22 17:00:00+00:00,2024-10-23 02:00:00+00:00,1,2745.605,2738.3160345938445,2738.4910345938447,2765.311232599405,0.46,-316.8924086831536,-0.6740264191657628,"{'trail_atr_mult': 2.0, 'trail_atr_len': 14, 'tp_converts_to_trail': True, 'don_upper': 2744.19, 'don_lower': 2645.84, 'atr': 6.65041086646819, 'exit_reason': 'sl', 'signal_time': Timestamp('2024-10-22 16:00:00+0000', tz='UTC')}"
2024-10-23 05:00:00+00:00,2024-10-23 13:00:00+00:00,1,2750.165,2747.824744323331,2747.999744323331,2766.6352757603017,0.56,-131.05431789347134,-0.27588772616891644,"{'trail_atr_mult': 2.0, 'trail_atr_len': 14, 'tp_converts_to_trail': True, 'don_upper': 2748.86, 'don_lower': 2658.73, 'atr': 5.5450919201005435, 'exit_reason': 'sl', 'signal_time': Timestamp('2024-10-23 04:00:00+0000', tz='UTC')}"
2024-10-29 13:00:00+00:00,2024-10-30 01:00:00+00:00,1,2759.945,2777.955,2779.1191460244236,,0.49,902.0899999999884,1.9098356303413577,"{'trail_atr_mult': 2.0, 'trail_atr_len': 14, 'tp_converts_to_trail': True, 'don_upper': 2758.47, 'don_lower': 2708.78, 'atr': 6.403048674807842, 'exit_reason': 'sl_gap', 'signal_time': Timestamp('2024-10-29 12:00:00+0000', tz='UTC')}"
2024-10-30 01:00:00+00:00,2024-10-30 11:00:00+00:00,1,2781.895,2778.3411067556613,2778.5161067556614,2798.4996974895007,0.56,-199.01802168296857,-0.4163979175992361,"{'trail_atr_mult': 2.0, 'trail_atr_len': 14, 'tp_converts_to_trail': True, 'don_upper': 2779.15, 'don_lower': 2708.78, 'atr': 5.586565829833686, 'exit_reason': 'sl', 'signal_time': Timestamp('2024-10-30 00:00:00+0000', tz='UTC')}"
2024-11-05 02:00:00+00:00,2024-11-05 05:00:00+00:00,-1,2728.2149999999997,2736.8461934966763,2736.671193496676,2711.857613006648,0.56,-483.3468358138889,-1.0206948906820736,"{'trail_atr_mult': 2.0, 'trail_atr_len': 14, 'tp_converts_to_trail': True, 'don_upper': 2790.09, 'don_lower': 2730.55, 'atr': 5.514128997783983, 'exit_reason': 'sl', 'signal_time': Timestamp('2024-11-05 01:00:00+0000', tz='UTC')}"
2024-11-06 06:00:00+00:00,2024-11-06 07:00:00+00:00,-1,2706.835,2721.8775954514067,2721.7025954514065,2677.114809097188,0.32,-481.36305444501335,-1.011770565090512,"{'trail_atr_mult': 2.0, 'trail_atr_len': 14, 'tp_converts_to_trail': True, 'don_upper': 2790.09, 'don_lower': 2724.71, 'atr': 9.90839696760415, 'exit_reason': 'sl', 'signal_time': Timestamp('2024-11-06 05:00:00+0000', tz='UTC')}"
2024-11-06 11:00:00+00:00,2024-11-06 14:00:00+00:00,-1,2698.285,2664.065,2662.8217156220053,,0.24,821.2799999999952,1.764905309705661,"{'trail_atr_mult': 2.0, 'trail_atr_len': 14, 'tp_converts_to_trail': True, 'don_upper': 2790.09, 'don_lower': 2701.5, 'atr': 12.18942812599826, 'exit_reason': 'sl_gap', 'signal_time': Timestamp('2024-11-06 10:00:00+0000', tz='UTC')}"
2024-11-07 01:00:00+00:00,2024-11-07 07:00:00+00:00,-1,2649.2349999999997,2666.9791122372735,2666.8041122372733,2614.7117755254535,0.27,-479.0910304063937,-1.0099606626468531,"{'trail_atr_mult': 2.0, 'trail_atr_len': 14, 'tp_converts_to_trail': True, 'don_upper': 2790.09, 'don_lower': 2652.44, 'atr': 11.5760748248488, 'exit_reason': 'sl', 'signal_time': Timestamp('2024-11-07 00:00:00+0000', tz='UTC')}"
2024-11-11 13:00:00+00:00,2024-11-11 19:00:00+00:00,-1,2635.365,2619.105,2610.6679318717024,,0.38,617.879999999991,1.2970609298598756,"{'trail_atr_mult': 2.0, 'trail_atr_len': 14, 'tp_converts_to_trail': True, 'don_upper': 2749.88, 'don_lower': 2643.33, 'atr': 8.274022709432415, 'exit_reason': 'sl_gap', 'signal_time': Timestamp('2024-11-11 12:00:00+0000', tz='UTC')}"
2024-11-12 05:00:00+00:00,2024-11-12 12:00:00+00:00,-1,2606.665,2605.6822689759388,2605.5072689759386,2585.247880807314,0.43,42.25743403463139,0.08896665960290223,"{'trail_atr_mult': 2.0, 'trail_atr_len': 14, 'tp_converts_to_trail': True, 'don_upper': 2749.88, 'don_lower': 2610.59, 'atr': 7.214039730895307, 'exit_reason': 'sl', 'signal_time': Timestamp('2024-11-12 04:00:00+0000', tz='UTC')}"
2024-11-13 16:00:00+00:00,2024-11-14 03:00:00+00:00,-1,2585.555,2560.7650000000003,2560.4218381042906,,0.37,895.0299999999818,1.86592478844416,"{'trail_atr_mult': 2.0, 'trail_atr_len': 14, 'tp_converts_to_trail': True, 'don_upper': 2722.72, 'don_lower': 2589.81, 'atr': 8.466053965236483, 'exit_reason': 'sl_gap', 'signal_time': Timestamp('2024-11-13 15:00:00+0000', tz='UTC')}"
2024-11-14 05:00:00+00:00,2024-11-14 11:00:00+00:00,-1,2558.535,2554.3587721292083,2554.183772129208,2535.253721086076,0.41,171.22534270245296,0.35397342827026734,"{'trail_atr_mult': 2.0, 'trail_atr_len': 14, 'tp_converts_to_trail': True, 'don_upper': 2710.35, 'don_lower': 2558.95, 'atr': 7.795426304641222, 'exit_reason': 'sl', 'signal_time': Timestamp('2024-11-14 04:00:00+0000', tz='UTC')}"
2024-11-19 09:00:00+00:00,2024-11-19 14:00:00+00:00,1,2630.125,2626.0631541927187,2626.238154192719,2648.7552916002305,0.53,-215.27782778590972,-0.44720953526889773,"{'trail_atr_mult': 2.0, 'trail_atr_len': 14, 'tp_converts_to_trail': True, 'don_upper': 2627.01, 'don_lower': 2536.77, 'atr': 6.158430533410033, 'exit_reason': 'sl', 'signal_time': Timestamp('2024-11-19 08:00:00+0000', tz='UTC')}"
2024-11-20 01:00:00+00:00,2024-11-20 06:00:00+00:00,1,2639.7850000000003,2631.021644658562,2631.196644658562,2657.4618973097613,0.52,-455.6944777547997,-0.9565991112469944,"{'trail_atr_mult': 2.0, 'trail_atr_len': 14, 'tp_converts_to_trail': True, 'don_upper': 2639.4, 'don_lower': 2536.77, 'atr': 5.9639657699204465, 'exit_reason': 'sl', 'signal_time': Timestamp('2024-11-20 00:00:00+0000', tz='UTC')}"
2024-11-20 14:00:00+00:00,2024-11-21 08:00:00+00:00,1,2643.3250000000003,2662.0855046787597,2662.26050467876,,0.49,978.06472925921,2.0609173596437502,"{'trail_atr_mult': 2.0, 'trail_atr_len': 14, 'tp_converts_to_trail': True, 'don_upper': 2641.75, 'don_lower': 2536.77, 'atr': 6.360168226253293, 'exit_reason': 'sl', 'signal_time': Timestamp('2024-11-20 13:00:00+0000', tz='UTC')}"
2024-11-21 08:00:00+00:00,2024-11-21 13:00:00+00:00,1,2668.985,2661.7418217337913,2661.9168217337915,2685.9402406380163,0.56,-405.6179829076937,-0.8344559752642036,"{'trail_atr_mult': 2.0, 'trail_atr_len': 14, 'tp_converts_to_trail': True, 'don_upper': 2664.48, 'don_lower': 2536.77, 'atr': 5.696746879338764, 'exit_reason': 'sl', 'signal_time': Timestamp('2024-11-21 07:00:00+0000', tz='UTC')}"
2024-11-22 01:00:00+00:00,2024-11-22 08:00:00+00:00,1,2677.915,2695.0180025566574,2695.1930025566576,,0.55,940.6651406161586,1.9643944231912698,"{'trail_atr_mult': 2.0, 'trail_atr_len': 14, 'tp_converts_to_trail': True, 'don_upper': 2673.54, 'don_lower': 2554.58, 'atr': 5.774334185552577, 'exit_reason': 'sl', 'signal_time': Timestamp('2024-11-22 00:00:00+0000', tz='UTC')}"
2024-11-22 09:00:00+00:00,2024-11-22 13:00:00+00:00,1,2703.625,2694.9907769380934,2695.1657769380936,2724.4756880037926,0.44,-379.9058147238902,-0.7868719413503497,"{'trail_atr_mult': 2.0, 'trail_atr_len': 14, 'tp_converts_to_trail': True, 'don_upper': 2700.39, 'don_lower': 2554.58, 'atr': 7.071896001264124, 'exit_reason': 'sl', 'signal_time': Timestamp('2024-11-22 08:00:00+0000', tz='UTC')}"
2024-11-22 18:00:00+00:00,2024-11-24 23:00:00+00:00,1,2711.175,2692.075,2700.79883726978,2733.901722004394,0.41,-750.300000000015,-1.552049506527985,"{'trail_atr_mult': 2.0, 'trail_atr_len': 14, 'tp_converts_to_trail': True, 'don_upper': 2709.99, 'don_lower': 2559.45, 'atr': 7.6705740014646855, 'exit_reason': 'sl_gap', 'signal_time': Timestamp('2024-11-22 17:00:00+0000', tz='UTC')}"
2024-11-24 23:00:00+00:00,2024-11-25 01:00:00+00:00,1,2720.0150000000003,2706.283863635379,2706.458863635379,2746.6922727292413,0.35,-466.5897727617457,-0.9834023504966337,"{'trail_atr_mult': 2.0, 'trail_atr_len': 14, 'tp_converts_to_trail': True, 'don_upper': 2715.5, 'don_lower': 2559.45, 'atr': 8.940757576413821, 'exit_reason': 'sl', 'signal_time': Timestamp('2024-11-24 22:00:00+0000', tz='UTC')}"
2024-12-06 01:00:00+00:00,2024-12-06 03:00:00+00:00,-1,2617.435,2628.129387429855,2627.9543874298547,2596.921225140291,0.45,-481.24743434347243,-1.0166359496850093,"{'trail_atr_mult': 2.0, 'trail_atr_len': 14, 'tp_converts_to_trail': True, 'don_upper': 2666.37, 'don_lower': 2621.86, 'atr': 6.896258286569737, 'exit_reason': 'sl', 'signal_time': Timestamp('2024-12-06 00:00:00+0000', tz='UTC')}"
2024-12-09 10:00:00+00:00,2024-12-09 19:00:00+00:00,1,2657.625,2661.423388450522,2661.598388450522,2680.0715356939345,0.41,155.7339264714019,0.33200467847346626,"{'trail_atr_mult': 2.0, 'trail_atr_len': 14, 'tp_converts_to_trail': True, 'don_upper': 2657.47, 'don_lower': 2612.32, 'atr': 7.530511897978224, 'exit_reason': 'sl', 'signal_time': Timestamp('2024-12-09 09:00:00+0000', tz='UTC')}"
2024-12-10 12:00:00+00:00,2024-12-11 00:00:00+00:00,1,2677.9550000000004,2695.645,2696.6050146719235,,0.49,886.4099999999804,1.872184865792784,"{'trail_atr_mult': 2.0, 'trail_atr_len': 14, 'tp_converts_to_trail': True, 'don_upper': 2676.73, 'don_lower': 2612.32, 'atr': 6.291671557307834, 'exit_reason': 'sl_gap', 'signal_time': Timestamp('2024-12-10 11:00:00+0000', tz='UTC')}"
2024-12-11 00:00:00+00:00,2024-12-11 04:00:00+00:00,1,2701.235,2691.9862124041015,2692.1612124041017,2718.8575751917965,0.53,-490.18574258262834,-1.0192863231754825,"{'trail_atr_mult': 2.0, 'trail_atr_len': 14, 'tp_converts_to_trail': True, 'don_upper': 2698.26, 'don_lower': 2612.32, 'atr': 5.93252506393217, 'exit_reason': 'sl', 'signal_time': Timestamp('2024-12-10 23:00:00+0000', tz='UTC')}"
2024-12-11 14:00:00+00:00,2024-12-12 01:00:00+00:00,1,2706.6150000000002,2710.3024570825014,2710.4774570825016,2730.4926393097167,0.39,190.6108262175456,0.39812070880434497,"{'trail_atr_mult': 2.0, 'trail_atr_len': 14, 'tp_converts_to_trail': True, 'don_upper': 2704.06, 'don_lower': 2612.32, 'atr': 8.034213103238935, 'exit_reason': 'sl', 'signal_time': Timestamp('2024-12-11 13:00:00+0000', tz='UTC')}"
2024-12-17 09:00:00+00:00,2024-12-17 17:00:00+00:00,-1,2639.3849999999998,2646.0733328931674,2645.898332893167,2621.700964241461,0.52,-347.79331044471655,-0.7238833216799982,"{'trail_atr_mult': 2.0, 'trail_atr_len': 14, 'tp_converts_to_trail': True, 'don_upper': 2726.15, 'don_lower': 2641.13, 'atr': 5.98301191951308, 'exit_reason': 'sl', 'signal_time': Timestamp('2024-12-17 08:00:00+0000', tz='UTC')}"
2024-12-18 19:00:00+00:00,2024-12-19 00:00:00+00:00,-1,2604.285,2588.355,2583.3605522539815,,0.45,689.8499999999926,1.4394739415593762,"{'trail_atr_mult': 2.0, 'trail_atr_len': 14, 'tp_converts_to_trail': True, 'don_upper': 2726.15, 'don_lower': 2632.92, 'atr': 7.016482582006152, 'exit_reason': 'sl_gap', 'signal_time': Timestamp('2024-12-18 18:00:00+0000', tz='UTC')}"
2025-01-02 10:00:00+00:00,2025-01-03 13:00:00+00:00,1,2642.915,2644.540921810298,2644.7159218102984,2670.035924711048,0.36,72.93318517073604,0.14656205798669172,"{'trail_atr_mult': 4.0, 'trail_atr_len': 14, 'tp_converts_to_trail': True, 'don_upper': 2639.97, 'don_lower': 2596.09, 'atr': 5.45918494220971, 'exit_reason': 'sl', 'signal_time': Timestamp('2025-01-02 09:00:00+0000', tz='UTC')}"
2025-01-08 16:00:00+00:00,2025-01-08 17:00:00+00:00,1,2669.795,2655.4702571870516,2655.645257187052,2697.5394856258963,0.35,-501.3659984531955,-1.0123677159587694,"{'trail_atr_mult': 4.0, 'trail_atr_len': 14, 'tp_converts_to_trail': True, 'don_upper': 2667.77, 'don_lower': 2605.33, 'atr': 5.5858971251792715, 'exit_reason': 'sl', 'signal_time': Timestamp('2025-01-08 15:00:00+0000', tz='UTC')}"
2025-01-09 11:00:00+00:00,2025-01-10 13:00:00+00:00,1,2670.235,2665.3039691384197,2665.47896913842,2697.8413238908497,0.35,-158.58608015531536,-0.3242086764315051,"{'trail_atr_mult': 4.0, 'trail_atr_len': 14, 'tp_converts_to_trail': True, 'don_upper': 2670.0, 'don_lower': 2614.45, 'atr': 5.544264778169994, 'exit_reason': 'sl', 'signal_time': Timestamp('2025-01-09 10:00:00+0000', tz='UTC')}"
2025-01-10 14:00:00+00:00,2025-01-13 12:00:00+00:00,1,2686.165,2673.330531213156,2673.5055312131562,2718.7732914463822,0.37,-430.47534511322425,-0.8769713934929498,"{'trail_atr_mult': 4.0, 'trail_atr_len': 14, 'tp_converts_to_trail': True, 'don_upper': 2683.45, 'don_lower': 2614.45, 'atr': 6.116658289276395, 'exit_reason': 'sl', 'signal_time': Timestamp('2025-01-10 13:00:00+0000', tz='UTC')}"
2025-01-16 09:00:00+00:00,2025-01-17 09:00:00+00:00,1,2705.445,2706.4169595512867,2706.591959551287,2732.1705815276973,0.36,49.39054384631563,0.10014090758619149,"{'trail_atr_mult': 4.0, 'trail_atr_len': 14, 'tp_converts_to_trail': True, 'don_upper': 2703.27, 'don_lower': 2655.51, 'atr': 5.3901163055394665, 'exit_reason': 'sl', 'signal_time': Timestamp('2025-01-16 08:00:00+0000', tz='UTC')}"
2025-01-21 02:00:00+00:00,2025-01-22 10:00:00+00:00,1,2725.0150000000003,2758.2349999999997,2759.7577902758244,,0.28,941.3599999999818,1.9081786761790314,"{'trail_atr_mult': 4.0, 'trail_atr_len': 14, 'tp_converts_to_trail': True, 'don_upper': 2724.76, 'don_lower': 2656.84, 'atr': 6.981558055164878, 'exit_reason': 'sl_gap', 'signal_time': Timestamp('2025-01-21 01:00:00+0000', tz='UTC')}"
2025-01-24 02:00:00+00:00,2025-01-27 01:00:00+00:00,1,2774.4550000000004,2764.0931278685553,2764.2681278685554,2804.3623408961416,0.32,-293.179908206244,-0.6003387592465554,"{'trail_atr_mult': 4.0, 'trail_atr_len': 14, 'tp_converts_to_trail': True, 'don_upper': 2763.45, 'don_lower': 2689.26, 'atr': 6.022468179228282, 'exit_reason': 'sl', 'signal_time': Timestamp('2025-01-24 01:00:00+0000', tz='UTC')}"
2025-01-30 14:00:00+00:00,2025-01-31 16:00:00+00:00,1,2788.165,2809.245,2813.8666506550794,,0.36,773.2799999999974,1.571516589286931,"{'trail_atr_mult': 4.0, 'trail_atr_len': 14, 'tp_converts_to_trail': True, 'don_upper': 2786.01, 'don_lower': 2730.48, 'atr': 5.249330131015924, 'exit_reason': 'sl_gap', 'signal_time': Timestamp('2025-01-30 13:00:00+0000', tz='UTC')}"
2025-02-03 14:00:00+00:00,2025-02-04 07:00:00+00:00,1,2829.5550000000003,2808.0063669243564,2808.1813669243566,2872.167266151287,0.23,-486.41856073981023,-0.9894730110129843,"{'trail_atr_mult': 4.0, 'trail_atr_len': 14, 'tp_converts_to_trail': True, 'don_upper': 2817.23, 'don_lower': 2730.48, 'atr': 8.531453230257412, 'exit_reason': 'sl', 'signal_time': Timestamp('2025-02-03 13:00:00+0000', tz='UTC')}"
2025-02-04 13:00:00+00:00,2025-02-05 10:00:00+00:00,1,2832.0350000000003,2870.345,2870.5245998475966,,0.25,967.7499999999873,1.9587801090592616,"{'trail_atr_mult': 4.0, 'trail_atr_len': 14, 'tp_converts_to_trail': True, 'don_upper': 2830.4, 'don_lower': 2734.81, 'atr': 7.7669199695192965, 'exit_reason': 'sl_gap', 'signal_time': Timestamp('2025-02-04 12:00:00+0000', tz='UTC')}"
2025-02-05 15:00:00+00:00,2025-02-05 20:00:00+00:00,1,2880.425,2860.4213928933623,2860.5963928933625,2919.467214213274,0.25,-500.0901776659475,-1.0088256325348037,"{'trail_atr_mult': 4.0, 'trail_atr_len': 14, 'tp_converts_to_trail': True, 'don_upper': 2877.17, 'don_lower': 2744.76, 'atr': 7.8494428426548595, 'exit_reason': 'sl', 'signal_time': Timestamp('2025-02-05 14:00:00+0000', tz='UTC')}"
2025-02-10 06:00:00+00:00,2025-02-11 02:00:00+00:00,1,2888.355,2926.3489640290327,2926.523964029033,,0.26,998.2430647548495,1.9922166801584424,"{'trail_atr_mult': 4.0, 'trail_atr_len': 14, 'tp_converts_to_trail': True, 'don_upper': 2886.68, 'don_lower': 2772.17, 'atr': 7.658792805806543, 'exit_reason': 'sl', 'signal_time': Timestamp('2025-02-10 05:00:00+0000', tz='UTC')}"
2025-02-19 09:00:00+00:00,2025-02-19 15:00:00+00:00,1,2945.7250000000004,2929.251854919278,2929.426854919278,2977.7962901614446,0.31,-510.6674975024002,-1.0107374182235727,"{'trail_atr_mult': 4.0, 'trail_atr_len': 14, 'tp_converts_to_trail': True, 'don_upper': 2940.08, 'don_lower': 2863.54, 'atr': 6.4492580322888875, 'exit_reason': 'sl', 'signal_time': Timestamp('2025-02-19 08:00:00+0000', tz='UTC')}"
2025-02-20 06:00:00+00:00,2025-02-20 14:00:00+00:00,1,2947.895,2931.2159231983205,2931.3909231983207,2980.468153603358,0.3,-500.37230405038366,-1.0106034407197122,"{'trail_atr_mult': 4.0, 'trail_atr_len': 14, 'tp_converts_to_trail': True, 'don_upper': 2947.05, 'don_lower': 2877.03, 'atr': 6.543630720671629, 'exit_reason': 'sl', 'signal_time': Timestamp('2025-02-20 05:00:00+0000', tz='UTC')}"
2025-02-25 15:00:00+00:00,2025-02-26 00:00:00+00:00,-1,2905.705,2925.365891801966,2925.190891801966,2855.627034949289,0.2,-397.2178360393209,-0.7934364966936399,"{'trail_atr_mult': 4.0, 'trail_atr_len': 14, 'tp_converts_to_trail': True, 'don_upper': 2956.18, 'don_lower': 2906.95, 'atr': 10.014593010142164, 'exit_reason': 'sl', 'signal_time': Timestamp('2025-02-25 14:00:00+0000', tz='UTC')}"
2025-02-27 08:00:00+00:00,2025-02-28 15:00:00+00:00,-1,2881.2749999999996,2842.430291417179,2842.255291417179,,0.25,966.1177145705165,1.9769789817438368,"{'trail_atr_mult': 4.0, 'trail_atr_len': 14, 'tp_converts_to_trail': True, 'don_upper': 2956.18, 'don_lower': 2887.91, 'atr': 7.8089417165643065, 'exit_reason': 'sl', 'signal_time': Timestamp('2025-02-27 07:00:00+0000', tz='UTC')}"
2025-03-12 16:00:00+00:00,2025-03-20 10:00:00+00:00,1,2936.385,3030.055407503688,3030.230407503688,,0.27,2658.70100259957,5.381545946450485,"{'trail_atr_mult': 4.0, 'trail_atr_len': 14, 'tp_converts_to_trail': True, 'don_upper': 2930.33, 'don_lower': 2880.26, 'atr': 7.381116735861768, 'exit_reason': 'sl', 'signal_time': Timestamp('2025-03-12 15:00:00+0000', tz='UTC')}"
2025-03-27 14:00:00+00:00,2025-04-01 16:00:00+00:00,1,3058.3450000000003,3114.207260132989,3114.3822601329894,,0.23,1330.8319830587452,2.669875809790819,"{'trail_atr_mult': 4.0, 'trail_atr_len': 14, 'tp_converts_to_trail': True, 'don_upper': 3055.91, 'don_lower': 2999.55, 'atr': 8.386906609183626, 'exit_reason': 'sl', 'signal_time': Timestamp('2025-03-27 13:00:00+0000', tz='UTC')}"
2025-04-03 00:00:00+00:00,2025-04-03 06:00:00+00:00,1,3162.5550000000003,3129.2685569463224,3129.4435569463226,3228.882886107355,0.15,-499.2966458051683,-1.0052851819147988,"{'trail_atr_mult': 4.0, 'trail_atr_len': 14, 'tp_converts_to_trail': True, 'don_upper': 3149.04, 'don_lower': 3015.21, 'atr': 13.258577221470972, 'exit_reason': 'sl', 'signal_time': Timestamp('2025-04-02 23:00:00+0000', tz='UTC')}"
2025-04-04 15:00:00+00:00,2025-04-08 12:00:00+00:00,-1,3037.915,3015.3840914954235,3015.2090914954233,2938.1927315909757,0.1,217.30908504576473,0.42905221129616294,"{'trail_atr_mult': 4.0, 'trail_atr_len': 14, 'tp_converts_to_trail': True, 'don_upper': 3167.73, 'don_lower': 3054.08, 'atr': 20.04945368180491, 'exit_reason': 'sl', 'signal_time': Timestamp('2025-04-04 14:00:00+0000', tz='UTC')}"
2025-04-10 15:00:00+00:00,2025-04-17 15:00:00+00:00,1,3154.7650000000003,3309.975923478342,3310.150923478342,,0.11,1746.920158261757,3.4171533047040734,"{'trail_atr_mult': 4.0, 'trail_atr_len': 14, 'tp_converts_to_trail': True, 'don_upper': 3136.58, 'don_lower': 2956.26, 'atr': 18.491850594027454, 'exit_reason': 'sl', 'signal_time': Timestamp('2025-04-10 14:00:00+0000', tz='UTC')}"
2025-04-21 01:00:00+00:00,2025-04-22 01:00:00+00:00,1,3368.5550000000003,3434.1749999999997,3442.402121240516,,0.14,924.2799999999922,1.8008207859517726,"{'trail_atr_mult': 4.0, 'trail_atr_len': 14, 'tp_converts_to_trail': True, 'don_upper': 3357.65, 'don_lower': 3158.15, 'atr': 14.734424248103199, 'exit_reason': 'sl_gap', 'signal_time': Timestamp('2025-04-21 00:00:00+0000', tz='UTC')}"
2025-04-22 02:00:00+00:00,2025-04-22 13:00:00+00:00,1,3453.235,3429.429431464398,3429.604431464398,3530.9355755047714,0.13,-309.4723909628274,-0.606082213328221,"{'trail_atr_mult': 4.0, 'trail_atr_len': 14, 'tp_converts_to_trail': True, 'don_upper': 3444.21, 'don_lower': 3193.57, 'atr': 15.59711510095429, 'exit_reason': 'sl', 'signal_time': Timestamp('2025-04-22 01:00:00+0000', tz='UTC')}"
2025-05-01 01:00:00+00:00,2025-05-02 04:00:00+00:00,-1,3246.365,3255.078557378325,3254.903557378325,3168.8105137324856,0.13,-115.87624591822859,-0.22788229358542056,"{'trail_atr_mult': 4.0, 'trail_atr_len': 14, 'tp_converts_to_trail': True, 'don_upper': 3370.76, 'don_lower': 3265.19, 'atr': 15.555897253502948, 'exit_reason': 'sl', 'signal_time': Timestamp('2025-05-01 00:00:00+0000', tz='UTC')}"
2025-05-06 02:00:00+00:00,2025-05-07 00:00:00+00:00,1,3379.775,3380.096493769838,3380.2714937698383,3449.9650994302397,0.15,10.822406547571063,0.02028516936412286,"{'trail_atr_mult': 4.0, 'trail_atr_len': 14, 'tp_converts_to_trail': True, 'don_upper': 3353.0, 'don_lower': 3201.91, 'atr': 14.101019886047943, 'exit_reason': 'sl', 'signal_time': Timestamp('2025-05-06 01:00:00+0000', tz='UTC')}"
2025-05-12 08:00:00+00:00,2025-05-13 07:00:00+00:00,-1,3223.375,3261.731472816471,3261.556472816471,3131.2058844563862,0.11,-424.12120098118174,-0.8548717003456243,"{'trail_atr_mult': 4.0, 'trail_atr_len': 14, 'tp_converts_to_trail': True, 'don_upper': 3437.85, 'don_lower': 3253.12, 'atr': 18.302823108722738, 'exit_reason': 'sl', 'signal_time': Timestamp('2025-05-12 07:00:00+0000', tz='UTC')}"
2025-05-14 13:00:00+00:00,2025-05-15 11:00:00+00:00,-1,3184.185,3178.376684713825,3178.2016847138248,3118.610882487262,0.15,78.12472929262503,0.15498835511976133,"{'trail_atr_mult': 4.0, 'trail_atr_len': 14, 'tp_converts_to_trail': True, 'don_upper': 3414.78, 'don_lower': 3207.74, 'atr': 13.223823502547525, 'exit_reason': 'sl', 'signal_time': Timestamp('2025-05-14 12:00:00+0000', tz='UTC')}"
2025-05-20 14:00:00+00:00,2025-05-21 21:00:00+00:00,1,3261.7650000000003,3318.3149999999996,3324.721451264043,,0.16,911.1999999999884,1.7601212424559851,"{'trail_atr_mult': 4.0, 'trail_atr_len': 14, 'tp_converts_to_trail': True, 'don_upper': 3261.1, 'don_lower': 3120.78, 'atr': 12.708290252808629, 'exit_reason': 'sl_gap', 'signal_time': Timestamp('2025-05-20 13:00:00+0000', tz='UTC')}"
2025-05-22 02:00:00+00:00,2025-05-22 10:00:00+00:00,1,3338.3050000000003,3309.517320583677,3309.692320583677,3394.7053588326467,0.18,-518.178229493823,-1.0061161695992842,"{'trail_atr_mult': 4.0, 'trail_atr_len': 14, 'tp_converts_to_trail': True, 'don_upper': 3326.24, 'don_lower': 3120.78, 'atr': 11.335071766529328, 'exit_reason': 'sl', 'signal_time': Timestamp('2025-05-22 01:00:00+0000', tz='UTC')}"
2025-05-23 12:00:00+00:00,2025-05-26 10:00:00+00:00,1,3347.605,3324.238211718401,3324.4132117184013,3408.8006958785118,0.17,-376.8354007871818,-0.7398708561910486,"{'trail_atr_mult': 4.0, 'trail_atr_len': 14, 'tp_converts_to_trail': True, 'don_upper': 3345.31, 'don_lower': 3154.35, 'atr': 12.154139175702355, 'exit_reason': 'sl', 'signal_time': Timestamp('2025-05-23 11:00:00+0000', tz='UTC')}"
2025-05-29 00:00:00+00:00,2025-05-29 11:00:00+00:00,-1,3259.765,3291.786842423606,3291.6118424236056,3196.386315152789,0.16,-512.3494787776945,-1.0054950502681694,"{'trail_atr_mult': 4.0, 'trail_atr_len': 14, 'tp_converts_to_trail': True, 'don_upper': 3365.87, 'don_lower': 3276.94, 'atr': 12.696736969442227, 'exit_reason': 'sl', 'signal_time': Timestamp('2025-05-28 23:00:00+0000', tz='UTC')}"
2025-06-02 14:00:00+00:00,2025-06-03 07:00:00+00:00,1,3374.1850000000004,3351.724362577184,3351.899362577184,3431.9193751541457,0.15,-330.90956134224734,-0.6513386748140392,"{'trail_atr_mult': 4.0, 'trail_atr_len': 14, 'tp_converts_to_trail': True, 'don_upper': 3363.64, 'don_lower': 3245.52, 'atr': 12.213875030829177, 'exit_reason': 'sl', 'signal_time': Timestamp('2025-06-02 13:00:00+0000', tz='UTC')}"
2025-06-05 11:00:00+00:00,2025-06-05 14:00:00+00:00,1,3399.775,3375.603713283232,3375.7787132832323,3448.2325734335345,0.22,-531.7683077688962,-1.0072927950089001,"{'trail_atr_mult': 4.0, 'trail_atr_len': 14, 'tp_converts_to_trail': True, 'don_upper': 3392.24, 'don_lower': 3266.04, 'atr': 9.660514686706984, 'exit_reason': 'sl', 'signal_time': Timestamp('2025-06-05 10:00:00+0000', tz='UTC')}"
2025-06-13 01:00:00+00:00,2025-06-16 14:00:00+00:00,1,3415.9350000000004,3409.268426637488,3409.4434266374883,3477.7483177157765,0.17,-92.93174716270879,-0.180419971001573,"{'trail_atr_mult': 4.0, 'trail_atr_len': 14, 'tp_converts_to_trail': True, 'don_upper': 3398.77, 'don_lower': 3293.61, 'atr': 12.281663543155227, 'exit_reason': 'sl', 'signal_time': Timestamp('2025-06-13 00:00:00+0000', tz='UTC')}"
2025-06-20 06:00:00+00:00,2025-06-20 14:00:00+00:00,-1,3344.2549999999997,3367.8055163702197,3367.6305163702195,3298.898967259561,0.22,-518.1113601448415,-1.0074864656347498,"{'trail_atr_mult': 4.0, 'trail_atr_len': 14, 'tp_converts_to_trail': True, 'don_upper': 3451.23, 'don_lower': 3344.88, 'atr': 9.164206548087822, 'exit_reason': 'sl', 'signal_time': Timestamp('2025-06-20 05:00:00+0000', tz='UTC')}"
2025-06-24 06:00:00+00:00,2025-06-25 02:00:00+00:00,-1,3332.035,3334.121633421315,3333.946633421315,3270.4547410991368,0.16,-36.586134741042045,-0.0741026923337806,"{'trail_atr_mult': 4.0, 'trail_atr_len': 14, 'tp_converts_to_trail': True, 'don_upper': 3403.24, 'don_lower': 3333.3, 'atr': 12.325051780172625, 'exit_reason': 'sl', 'signal_time': Timestamp('2025-06-24 05:00:00+0000', tz='UTC')}"
2025-06-27 04:00:00+00:00,2025-06-30 00:00:00+00:00,-1,3294.1549999999997,3263.945,3249.0010493385903,,0.22,651.4199999999908,1.2955887007486189,"{'trail_atr_mult': 4.0, 'trail_atr_len': 14, 'tp_converts_to_trail': True, 'don_upper': 3396.7, 'don_lower': 3295.5, 'atr': 9.067790132281948, 'exit_reason': 'sl_gap', 'signal_time': Timestamp('2025-06-27 03:00:00+0000', tz='UTC')}"
2025-07-01 13:00:00+00:00,2025-07-02 01:00:00+00:00,1,3354.775,3334.7758776655696,3334.95087766557,3393.628244668861,0.26,-509.57718069519217,-0.9886501911053566,"{'trail_atr_mult': 4.0, 'trail_atr_len': 14, 'tp_converts_to_trail': True, 'don_upper': 3352.92, 'don_lower': 3248.48, 'atr': 7.823648933772207, 'exit_reason': 'sl', 'signal_time': Timestamp('2025-07-01 12:00:00+0000', tz='UTC')}"
2025-07-02 20:00:00+00:00,2025-07-03 13:00:00+00:00,1,3358.315,3339.7228894823784,3339.8978894823786,3394.8042210352423,0.27,-469.58698397578536,-0.9443452327106853,"{'trail_atr_mult': 4.0, 'trail_atr_len': 14, 'tp_converts_to_trail': True, 'don_upper': 3357.92, 'don_lower': 3248.48, 'atr': 7.320844207048514, 'exit_reason': 'sl', 'signal_time': Timestamp('2025-07-02 19:00:00+0000', tz='UTC')}"
2025-07-11 13:00:00+00:00,2025-07-14 15:00:00+00:00,1,3355.5150000000003,3343.251530043349,3343.426530043349,3396.436885588095,0.23,-254.45980900298528,-0.5254945742070903,"{'trail_atr_mult': 4.0, 'trail_atr_len': 14, 'tp_converts_to_trail': True, 'don_upper': 3350.23, 'don_lower': 3282.77, 'atr': 8.26337711761897, 'exit_reason': 'sl', 'signal_time': Timestamp('2025-07-11 12:00:00+0000', tz='UTC')}"
2025-07-21 13:00:00+00:00,2025-07-23 02:00:00+00:00,1,3387.585,3421.2577722009655,3421.4327722009657,,0.28,965.2376216270337,1.969716684326723,"{'trail_atr_mult': 4.0, 'trail_atr_len': 14, 'tp_converts_to_trail': True, 'don_upper': 3377.48, 'don_lower': 3309.9, 'atr': 6.846554440193157, 'exit_reason': 'sl', 'signal_time': Timestamp('2025-07-21 12:00:00+0000', tz='UTC')}"
2025-07-25 15:00:00+00:00,2025-07-29 16:00:00+00:00,-1,3331.4049999999997,3330.5869925075995,3330.4119925075993,3292.9216102126775,0.25,0.4501873100070952,0.0009031203364188176,"{'trail_atr_mult': 4.0, 'trail_atr_len': 14, 'tp_converts_to_trail': True, 'don_upper': 3438.77, 'don_lower': 3336.28, 'atr': 7.789677957464512, 'exit_reason': 'sl', 'signal_time': Timestamp('2025-07-25 14:00:00+0000', tz='UTC')}"
2025-07-30 16:00:00+00:00,2025-07-31 06:00:00+00:00,-1,3290.2349999999997,3301.4431133075295,3301.2681133075293,3246.937860160232,0.22,-259.7784927656569,-0.5396497223748427,"{'trail_atr_mult': 4.0, 'trail_atr_len': 14, 'tp_converts_to_trail': True, 'don_upper': 3431.37, 'don_lower': 3298.49, 'atr': 8.690427967953529, 'exit_reason': 'sl', 'signal_time': Timestamp('2025-07-30 15:00:00+0000', tz='UTC')}"
2025-08-01 20:00:00+00:00,2025-08-05 10:00:00+00:00,1,3357.3050000000003,3360.1646674941167,3360.339667494117,3407.841039839312,0.19,84.73368238821095,0.17509134121265782,"{'trail_atr_mult': 4.0, 'trail_atr_len': 14, 'tp_converts_to_trail': True, 'don_upper': 3355.07, 'don_lower': 3268.17, 'atr': 10.13420796786244, 'exit_reason': 'sl', 'signal_time': Timestamp('2025-08-01 19:00:00+0000', tz='UTC')}"
2025-08-05 16:00:00+00:00,2025-08-06 09:00:00+00:00,1,3389.695,3368.1564371742165,3368.3314371742167,3431.7471256515655,0.23,-486.1869449930235,-0.9894680488533368,"{'trail_atr_mult': 4.0, 'trail_atr_len': 14, 'tp_converts_to_trail': True, 'don_upper': 3386.57, 'don_lower': 3268.17, 'atr': 8.455425130313161, 'exit_reason': 'sl', 'signal_time': Timestamp('2025-08-05 15:00:00+0000', tz='UTC')}"
2025-08-07 08:00:00+00:00,2025-08-07 09:00:00+00:00,1,3396.5550000000003,3377.216771108587,3377.3917711085874,3433.726457782826,0.25,-483.45572228532774,-1.0091320727311566,"{'trail_atr_mult': 4.0, 'trail_atr_len': 14, 'tp_converts_to_trail': True, 'don_upper': 3390.38, 'don_lower': 3281.59, 'atr': 7.511291556565132, 'exit_reason': 'sl', 'signal_time': Timestamp('2025-08-07 07:00:00+0000', tz='UTC')}"
2025-08-07 20:00:00+00:00,2025-08-11 02:00:00+00:00,1,3399.985,3376.373624151879,3376.5486241518793,3446.3627516962424,0.21,-462.2388928105418,-0.9391970836602674,"{'trail_atr_mult': 4.0, 'trail_atr_len': 14, 'tp_converts_to_trail': True, 'don_upper': 3397.44, 'don_lower': 3281.59, 'atr': 9.308550339248429, 'exit_reason': 'sl', 'signal_time': Timestamp('2025-08-07 19:00:00+0000', tz='UTC')}"
2025-08-18 00:00:00+00:00,2025-08-18 02:00:00+00:00,-1,3326.9249999999997,3343.429478344255,3343.254478344255,3294.7910433114894,0.3,-495.1343503276621,-1.0107168150942034,"{'trail_atr_mult': 4.0, 'trail_atr_len': 14, 'tp_converts_to_trail': True, 'don_upper': 3404.19, 'don_lower': 3329.85, 'atr': 6.461791337702094, 'exit_reason': 'sl', 'signal_time': Timestamp('2025-08-17 23:00:00+0000', tz='UTC')}"
2025-08-19 17:00:00+00:00,2025-08-20 12:00:00+00:00,-1,3317.245,3331.795573123034,3331.620573123034,3284.0412896820367,0.29,-427.76662056799046,-0.8723320898017278,"{'trail_atr_mult': 4.0, 'trail_atr_len': 14, 'tp_converts_to_trail': True, 'don_upper': 3374.81, 'don_lower': 3321.01, 'atr': 6.681742063592642, 'exit_reason': 'sl', 'signal_time': Timestamp('2025-08-19 16:00:00+0000', tz='UTC')}"
2025-08-22 15:00:00+00:00,2025-08-26 00:00:00+00:00,1,3373.9750000000004,3358.630278540438,3358.8052785404384,3415.687615438877,0.23,-316.1285935699295,-0.6526827939491916,"{'trail_atr_mult': 4.0, 'trail_atr_len': 14, 'tp_converts_to_trail': True, 'don_upper': 3358.39, 'don_lower': 3311.55, 'atr': 8.369523087775361, 'exit_reason': 'sl', 'signal_time': Timestamp('2025-08-22 14:00:00+0000', tz='UTC')}"
2025-08-26 01:00:00+00:00,2025-08-28 21:00:00+00:00,1,3383.505,3421.3589543549615,3421.5339543549617,,0.25,986.3488588740347,2.0356000831949093,"{'trail_atr_mult': 4.0, 'trail_atr_len': 14, 'tp_converts_to_trail': True, 'don_upper': 3378.79, 'don_lower': 3311.55, 'atr': 7.654790870992256, 'exit_reason': 'sl', 'signal_time': Timestamp('2025-08-26 00:00:00+0000', tz='UTC')}"
2025-08-29 14:00:00+00:00,2025-09-02 08:00:00+00:00,1,3429.445,3474.7256375606703,3474.9006375606705,,0.29,1359.5384892594338,2.8373251261892967,"{'trail_atr_mult': 4.0, 'trail_atr_len': 14, 'tp_converts_to_trail': True, 'don_upper': 3423.17, 'don_lower': 3321.44, 'atr': 6.2911315553439415, 'exit_reason': 'sl', 'signal_time': Timestamp('2025-08-29 13:00:00+0000', tz='UTC')}"
2025-09-02 15:00:00+00:00,2025-09-03 19:00:00+00:00,1,3511.545,3568.1055568976226,3568.280556897623,,0.17,968.3294672595828,1.961770643875242,"{'trail_atr_mult': 4.0, 'trail_atr_len': 14, 'tp_converts_to_trail': True, 'don_upper': 3508.69, 'don_lower': 3367.29, 'atr': 11.436111379524588, 'exit_reason': 'sl', 'signal_time': Timestamp('2025-09-02 14:00:00+0000', tz='UTC')}"
2025-09-05 13:00:00+00:00,2025-09-08 15:00:00+00:00,1,3580.8650000000002,3631.21111853239,3631.3861185323904,,0.19,979.3762521154088,1.9675548485723775,"{'trail_atr_mult': 4.0, 'trail_atr_len': 14, 'tp_converts_to_trail': True, 'don_upper': 3578.46, 'don_lower': 3404.36, 'atr': 10.229223706478093, 'exit_reason': 'sl', 'signal_time': Timestamp('2025-09-05 12:00:00+0000', tz='UTC')}"
2025-09-08 15:00:00+00:00,2025-09-09 16:00:00+00:00,1,3640.925,3627.0272352722377,3627.202235272238,3691.7598456804876,0.19,-256.45752982748706,-0.5228667469313616,"{'trail_atr_mult': 4.0, 'trail_atr_len': 14, 'tp_converts_to_trail': True, 'don_upper': 3636.93, 'don_lower': 3466.4, 'atr': 10.21996913609755, 'exit_reason': 'sl', 'signal_time': Timestamp('2025-09-08 14:00:00+0000', tz='UTC')}"
2025-09-15 16:00:00+00:00,2025-09-17 03:00:00+00:00,1,3680.7250000000004,3675.1481809618067,3675.323180961807,3726.299912308661,0.21,-100.31319980206689,-0.20683386477431895,"{'trail_atr_mult': 4.0, 'trail_atr_len': 14, 'tp_converts_to_trail': True, 'don_upper': 3674.12, 'don_lower': 3612.99, 'atr': 9.155982461732204, 'exit_reason': 'sl', 'signal_time': Timestamp('2025-09-15 15:00:00+0000', tz='UTC')}"
2025-09-22 07:00:00+00:00,2025-09-23 19:00:00+00:00,1,3714.565,3761.7965964454356,3761.971596445436,,0.21,1000.2635253541469,1.9763493310581695,"{'trail_atr_mult': 4.0, 'trail_atr_len': 14, 'tp_converts_to_trail': True, 'don_upper': 3707.42, 'don_lower': 3626.69, 'atr': 9.534319289087117, 'exit_reason': 'sl', 'signal_time': Timestamp('2025-09-22 06:00:00+0000', tz='UTC')}"
2025-09-29 03:00:00+00:00,2025-09-30 07:00:00+00:00,1,3793.085,3857.1536174495313,3857.3286174495315,,0.15,967.0292617429694,1.9852190849058795,"{'trail_atr_mult': 4.0, 'trail_atr_len': 14, 'tp_converts_to_trail': True, 'don_upper': 3791.18, 'don_lower': 3680.85, 'atr': 12.895723489906342, 'exit_reason': 'sl', 'signal_time': Timestamp('2025-09-29 02:00:00+0000', tz='UTC')}"
2025-10-01 08:00:00+00:00,2025-10-02 15:00:00+00:00,1,3879.405,3853.572801832268,3853.747801832268,3942.545437037349,0.16,-394.11517068371614,-0.7727089425581667,"{'trail_atr_mult': 4.0, 'trail_atr_len': 14, 'tp_converts_to_trail': True, 'don_upper': 3875.58, 'don_lower': 3717.48, 'atr': 12.669087407469867, 'exit_reason': 'sl', 'signal_time': Timestamp('2025-10-01 07:00:00+0000', tz='UTC')}"
2025-10-05 23:00:00+00:00,2025-10-06 16:00:00+00:00,1,3900.155,3954.875,3957.516480446234,,0.17,937.0399999999967,1.9014607156471341,"{'trail_atr_mult': 4.0, 'trail_atr_len': 14, 'tp_converts_to_trail': True, 'don_upper': 3896.82, 'don_lower': 3757.78, 'atr': 11.513296089246818, 'exit_reason': 'sl_gap', 'signal_time': Timestamp('2025-10-05 22:00:00+0000', tz='UTC')}"
2025-10-06 16:00:00+00:00,2025-10-08 07:00:00+00:00,1,3962.8650000000002,4029.455,4031.024300038473,,0.14,943.4599999999957,1.9402772348580373,"{'trail_atr_mult': 4.0, 'trail_atr_len': 14, 'tp_converts_to_trail': True, 'don_upper': 3958.9, 'don_lower': 3793.21, 'atr': 13.718860007694634, 'exit_reason': 'sl_gap', 'signal_time': Timestamp('2025-10-06 15:00:00+0000', tz='UTC')}"
2025-10-08 10:00:00+00:00,2025-10-08 23:00:00+00:00,1,4049.405,4019.2554140501265,4019.4304140501267,4109.159171899747,0.17,-512.5429611478521,-1.0058382791439666,"{'trail_atr_mult': 4.0, 'trail_atr_len': 14, 'tp_converts_to_trail': True, 'don_upper': 4040.42, 'don_lower': 3819.28, 'atr': 11.96383437994938, 'exit_reason': 'sl', 'signal_time': Timestamp('2025-10-08 09:00:00+0000', tz='UTC')}"
2025-10-13 06:00:00+00:00,2025-10-14 05:00:00+00:00,1,4064.085,4163.1849999999995,4165.614677306455,,0.1,994.9999999999947,1.9362746273249656,"{'trail_atr_mult': 4.0, 'trail_atr_len': 14, 'tp_converts_to_trail': True, 'don_upper': 4060.29, 'don_lower': 3899.05, 'atr': 20.38893546129086, 'exit_reason': 'sl_gap', 'signal_time': Timestamp('2025-10-13 05:00:00+0000', tz='UTC')}"
2025-10-14 05:00:00+00:00,2025-10-14 06:00:00+00:00,1,4167.965,4128.552866251465,4128.7278662514655,4246.90426749707,0.13,-512.3577387309533,-1.0044600607455614,"{'trail_atr_mult': 4.0, 'trail_atr_len': 14, 'tp_converts_to_trail': True, 'don_upper': 4166.51, 'don_lower': 3940.96, 'atr': 15.7568534994139, 'exit_reason': 'sl', 'signal_time': Timestamp('2025-10-14 04:00:00+0000', tz='UTC')}"
2025-10-15 02:00:00+00:00,2025-10-16 19:00:00+00:00,1,4182.205,4276.46019813343,4276.63519813343,,0.1,954.5519813343,1.9885422870700256,"{'trail_atr_mult': 4.0, 'trail_atr_len': 14, 'tp_converts_to_trail': True, 'don_upper': 4179.6, 'don_lower': 3944.81, 'atr': 18.991039626686025, 'exit_reason': 'sl', 'signal_time': Timestamp('2025-10-15 01:00:00+0000', tz='UTC')}"
2025-10-16 20:00:00+00:00,2025-10-17 02:00:00+00:00,1,4307.575,4292.813446082602,4292.988446082602,4401.6633030266285,0.11,-157.97709309137335,-0.3058144987368257,"{'trail_atr_mult': 4.0, 'trail_atr_len': 14, 'tp_converts_to_trail': True, 'don_upper': 4298.65, 'don_lower': 3944.81, 'atr': 18.806660605325757, 'exit_reason': 'sl', 'signal_time': Timestamp('2025-10-16 19:00:00+0000', tz='UTC')}"
2025-10-22 01:00:00+00:00,2025-10-23 07:00:00+00:00,-1,4076.605,4130.625216711614,4130.450216711613,3894.24979063096,0.05,-273.1010835580678,-0.6140545523283628,"{'trail_atr_mult': 4.0, 'trail_atr_len': 14, 'tp_converts_to_trail': True, 'don_upper': 4381.53, 'don_lower': 4080.66, 'atr': 36.17404187380794, 'exit_reason': 'sl', 'signal_time': Timestamp('2025-10-22 00:00:00+0000', tz='UTC')}"
2025-10-27 14:00:00+00:00,2025-10-29 00:00:00+00:00,-1,3987.6749999999997,3971.342150422586,3971.167150422586,3864.1102475771722,0.08,127.46279661930821,0.2564236150274445,"{'trail_atr_mult': 4.0, 'trail_atr_len': 14, 'tp_converts_to_trail': True, 'don_upper': 4381.53, 'don_lower': 4004.22, 'atr': 24.75995048456551, 'exit_reason': 'sl', 'signal_time': Timestamp('2025-10-27 13:00:00+0000', tz='UTC')}"
2025-11-10 01:00:00+00:00,2025-11-11 00:00:00+00:00,1,4044.145,4117.890959490506,4118.065959490506,,0.14,1038.0434328670879,1.995156470196057,"{'trail_atr_mult': 4.0, 'trail_atr_len': 14, 'tp_converts_to_trail': True, 'don_upper': 4030.74, 'don_lower': 3928.9, 'atr': 14.811191898101265, 'exit_reason': 'sl', 'signal_time': Timestamp('2025-11-10 00:00:00+0000', tz='UTC')}"
2025-11-11 00:00:00+00:00,2025-11-11 15:00:00+00:00,1,4131.165,4104.721328076733,4104.896328076733,4192.043406498305,0.17,-449.542422695542,-0.8550433491158674,"{'trail_atr_mult': 4.0, 'trail_atr_len': 14, 'tp_converts_to_trail': True, 'don_upper': 4122.49, 'don_lower': 3928.9, 'atr': 12.240681299660897, 'exit_reason': 'sl', 'signal_time': Timestamp('2025-11-10 23:00:00+0000', tz='UTC')}"
2025-11-12 15:00:00+00:00,2025-11-13 18:00:00+00:00,1,4181.615,4181.56351210526,4181.73851210526,4258.777969974678,0.13,14.930657368383981,0.029601601836623064,"{'trail_atr_mult': 4.0, 'trail_atr_len': 14, 'tp_converts_to_trail': True, 'don_upper': 4148.7, 'don_lower': 3955.99, 'atr': 15.461593994935622, 'exit_reason': 'sl', 'signal_time': Timestamp('2025-11-12 14:00:00+0000', tz='UTC')}"
2025-11-17 19:00:00+00:00,2025-11-18 13:00:00+00:00,-1,4010.9649999999997,4067.488059359762,4067.3130593597616,3898.6438812804777,0.09,-510.5075342378589,-1.0066550650414763,"{'trail_atr_mult': 4.0, 'trail_atr_len': 14, 'tp_converts_to_trail': True, 'don_upper': 4245.39, 'don_lower': 4032.39, 'atr': 22.48922374390451, 'exit_reason': 'sl', 'signal_time': Timestamp('2025-11-17 18:00:00+0000', tz='UTC')}"
2025-11-24 20:00:00+00:00,2025-11-28 08:00:00+00:00,1,4132.715,4157.983621417174,4158.158621417174,4214.064753900818,0.12,332.02345700608277,0.678611930102241,"{'trail_atr_mult': 4.0, 'trail_atr_len': 14, 'tp_converts_to_trail': True, 'don_upper': 4132.46, 'don_lower': 3998.36, 'atr': 16.28295078016356, 'exit_reason': 'sl', 'signal_time': Timestamp('2025-11-24 19:00:00+0000', tz='UTC')}"
2025-11-28 14:00:00+00:00,2025-12-01 11:00:00+00:00,1,4198.305,4255.095,4261.182618453199,,0.16,927.8399999999995,1.833599981095055,"{'trail_atr_mult': 4.0, 'trail_atr_len': 14, 'tp_converts_to_trail': True, 'don_upper': 4193.0, 'don_lower': 4031.07, 'atr': 12.600523690639822, 'exit_reason': 'sl_gap', 'signal_time': Timestamp('2025-11-28 13:00:00+0000', tz='UTC')}"
2025-12-11 16:00:00+00:00,2025-12-12 15:00:00+00:00,1,4273.765,4346.835,4353.352460235133,,0.13,955.1099999999964,1.832798938301849,"{'trail_atr_mult': 4.0, 'trail_atr_len': 14, 'tp_converts_to_trail': True, 'don_upper': 4261.48, 'don_lower': 4170.27, 'atr': 15.956492047026513, 'exit_reason': 'sl_gap', 'signal_time': Timestamp('2025-12-11 15:00:00+0000', tz='UTC')}"
2025-12-18 16:00:00+00:00,2025-12-18 17:00:00+00:00,1,4360.495,4323.573808403704,4323.748808403704,4433.432383192593,0.14,-516.8966823481443,-1.0047623982894005,"{'trail_atr_mult': 4.0, 'trail_atr_len': 14, 'tp_converts_to_trail': True, 'don_upper': 4353.51, 'don_lower': 4205.37, 'atr': 14.624476638518487, 'exit_reason': 'sl', 'signal_time': Timestamp('2025-12-18 15:00:00+0000', tz='UTC')}"
2025-12-22 01:00:00+00:00,2025-12-23 14:00:00+00:00,1,4383.155,4451.036371040181,4451.211371040181,,0.17,1160.7833076830766,2.233852535302187,"{'trail_atr_mult': 4.0, 'trail_atr_len': 14, 'tp_converts_to_trail': True, 'don_upper': 4374.63, 'don_lower': 4271.54, 'atr': 12.156656856012134, 'exit_reason': 'sl', 'signal_time': Timestamp('2025-12-22 00:00:00+0000', tz='UTC')}"
2025-12-24 00:00:00+00:00,2025-12-24 03:00:00+00:00,1,4512.185,4474.087091417393,4474.262091417393,4587.475817165213,0.14,-533.3707201565048,-1.004614624946791,"{'trail_atr_mult': 4.0, 'trail_atr_len': 14, 'tp_converts_to_trail': True, 'don_upper': 4499.94, 'don_lower': 4297.29, 'atr': 15.095163433042636, 'exit_reason': 'sl', 'signal_time': Timestamp('2025-12-23 23:00:00+0000', tz='UTC')}"
2025-12-26 15:00:00+00:00,2025-12-29 00:00:00+00:00,1,4546.8150000000005,4505.547634744312,4505.722634744312,4628.474730511377,0.13,-520.8757483239527,-0.9750561936841071,"{'trail_atr_mult': 4.0, 'trail_atr_len': 14, 'tp_converts_to_trail': True, 'don_upper': 4533.48, 'don_lower': 4308.62, 'atr': 16.36694610227538, 'exit_reason': 'sl', 'signal_time': Timestamp('2025-12-26 14:00:00+0000', tz='UTC')}"
2025-12-31 05:00:00+00:00,2025-12-31 13:00:00+00:00,-1,4285.775,4348.253357337145,4348.078357337145,4161.693285325709,0.08,-499.8268586971608,-1.002808837396245,"{'trail_atr_mult': 4.0, 'trail_atr_len': 14, 'tp_converts_to_trail': True, 'don_upper': 4549.92, 'don_lower': 4302.53, 'atr': 24.85134293485804, 'exit_reason': 'sl', 'signal_time': Timestamp('2025-12-31 04:00:00+0000', tz='UTC')}"
2026-01-06 14:00:00+00:00,2026-01-07 05:00:00+00:00,1,4487.705,4446.224754684588,4446.3997546845885,4569.910490630822,0.12,-492.96294378493906,-0.9945527499405535,"{'trail_atr_mult': 4.0, 'trail_atr_len': 14, 'tp_converts_to_trail': True, 'don_upper': 4476.23, 'don_lower': 4274.49, 'atr': 16.468098126164445, 'exit_reason': 'sl', 'signal_time': Timestamp('2026-01-06 13:00:00+0000', tz='UTC')}"
2026-01-09 15:00:00+00:00,2026-01-12 01:00:00+00:00,1,4512.505,4588.735,4589.380224609518,,0.12,929.1599999999947,2.000769387702194,"{'trail_atr_mult': 4.0, 'trail_atr_len': 14, 'tp_converts_to_trail': True, 'don_upper': 4500.42, 'don_lower': 4309.97, 'atr': 15.410044921903623, 'exit_reason': 'sl_gap', 'signal_time': Timestamp('2026-01-09 14:00:00+0000', tz='UTC')}"
2026-01-12 13:00:00+00:00,2026-01-13 20:00:00+00:00,1,4616.055,4571.480987918425,4571.655987918425,4704.32802416315,0.11,-485.91413289732884,-0.9949323196744464,"{'trail_atr_mult': 4.0, 'trail_atr_len': 14, 'tp_converts_to_trail': True, 'don_upper': 4601.17, 'don_lower': 4396.23, 'atr': 17.68960483262997, 'exit_reason': 'sl', 'signal_time': Timestamp('2026-01-12 12:00:00+0000', tz='UTC')}"
2026-01-18 23:00:00+00:00,2026-01-21 17:00:00+00:00,1,4672.695000000001,4806.949870411982,4807.124870411983,,0.08,1083.638963295854,2.213010099448419,"{'trail_atr_mult': 4.0, 'trail_atr_len': 14, 'tp_converts_to_trail': True, 'don_upper': 4642.91, 'don_lower': 4481.98, 'atr': 24.413371394598208, 'exit_reason': 'sl', 'signal_time': Timestamp('2026-01-18 22:00:00+0000', tz='UTC')}"
2026-01-22 17:00:00+00:00,2026-01-26 00:00:00+00:00,1,4904.695000000001,5032.476185893919,5032.651185893919,,0.07,905.6683012574297,2.014009833326762,"{'trail_atr_mult': 4.0, 'trail_atr_len': 14, 'tp_converts_to_trail': True, 'don_upper': 4888.43, 'don_lower': 4536.85, 'atr': 25.62623717878385, 'exit_reason': 'sl', 'signal_time': Timestamp('2026-01-22 16:00:00+0000', tz='UTC')}"
2026-01-26 00:00:00+00:00,2026-01-26 19:00:00+00:00,1,5041.8550000000005,5015.44987733692,5015.62487733692,5162.386211601236,0.08,-211.24098130464702,-0.43646197370382483,"{'trail_atr_mult': 4.0, 'trail_atr_len': 14, 'tp_converts_to_trail': True, 'don_upper': 5040.07, 'don_lower': 4567.82, 'atr': 24.137242320247186, 'exit_reason': 'sl', 'signal_time': Timestamp('2026-01-25 23:00:00+0000', tz='UTC')}"
2026-01-27 20:00:00+00:00,2026-01-28 20:00:00+00:00,1,5176.885,5325.235,5328.578489781634,,0.06,892.4999999999966,1.9540423713016264,"{'trail_atr_mult': 4.0, 'trail_atr_len': 14, 'tp_converts_to_trail': True, 'don_upper': 5111.03, 'don_lower': 4722.41, 'atr': 30.375697956326835, 'exit_reason': 'sl_gap', 'signal_time': Timestamp('2026-01-27 19:00:00+0000', tz='UTC')}"
2026-01-28 20:00:00+00:00,2026-01-29 00:00:00+00:00,1,5377.095,5512.855,5564.041301032018,,0.05,684.7999999999965,1.4597287548422526,"{'trail_atr_mult': 4.0, 'trail_atr_len': 14, 'tp_converts_to_trail': True, 'don_upper': 5331.91, 'don_lower': 4755.93, 'atr': 37.43626020640372, 'exit_reason': 'sl_gap', 'signal_time': Timestamp('2026-01-28 19:00:00+0000', tz='UTC')}"
2026-01-30 17:00:00+00:00,2026-02-03 00:00:00+00:00,-1,4849.825,4793.040261628479,4792.865261628479,4350.294491991735,0.02,111.9694767430414,0.2239140954351627,"{'trail_atr_mult': 4.0, 'trail_atr_len': 14, 'tp_converts_to_trail': True, 'don_upper': 5598.03, 'don_lower': 4918.38, 'atr': 99.94110160165287, 'exit_reason': 'sl', 'signal_time': Timestamp('2026-01-30 16:00:00+0000', tz='UTC')}"
2026-02-11 10:00:00+00:00,2026-02-11 13:00:00+00:00,1,5093.595,5031.821438138283,5031.996438138283,5216.237123723433,0.08,-494.1884948937368,-1.0028409754174625,"{'trail_atr_mult': 4.0, 'trail_atr_len': 14, 'tp_converts_to_trail': True, 'don_upper': 5091.94, 'don_lower': 4655.27, 'atr': 24.565424744686613, 'exit_reason': 'sl', 'signal_time': Timestamp('2026-02-11 09:00:00+0000', tz='UTC')}"
2026-02-20 14:00:00+00:00,2026-02-20 15:00:00+00:00,1,5054.595,5004.002848816524,5004.177848816525,5154.96430236695,0.1,-505.9215118347584,-1.0034710410225944,"{'trail_atr_mult': 4.0, 'trail_atr_len': 14, 'tp_converts_to_trail': True, 'don_upper': 5048.81, 'don_lower': 4841.48, 'atr': 20.104860473390083, 'exit_reason': 'sl', 'signal_time': Timestamp('2026-02-20 13:00:00+0000', tz='UTC')}"
2026-02-20 16:00:00+00:00,2026-02-23 15:00:00+00:00,1,5066.885,5188.868892623579,5189.043892623579,,0.08,985.471140988631,2.00815102927217,"{'trail_atr_mult': 4.0, 'trail_atr_len': 14, 'tp_converts_to_trail': True, 'don_upper': 5064.24, 'don_lower': 4841.48, 'atr': 24.466778524715817, 'exit_reason': 'sl', 'signal_time': Timestamp('2026-02-20 15:00:00+0000', tz='UTC')}"
2026-02-23 16:00:00+00:00,2026-02-24 01:00:00+00:00,1,5210.255,5157.471961969067,5157.646961969067,5339.32453447054,0.07,-366.6812662165332,-0.8084143092136558,"{'trail_atr_mult': 4.0, 'trail_atr_len': 14, 'tp_converts_to_trail': True, 'don_upper': 5205.03, 'don_lower': 4841.48, 'atr': 25.848906894107976, 'exit_reason': 'sl', 'signal_time': Timestamp('2026-02-23 15:00:00+0000', tz='UTC')}"
2026-02-27 20:00:00+00:00,2026-03-02 00:00:00+00:00,1,5263.585,5367.119377292009,5367.294377292009,,0.09,942.6093956280781,2.0095937638423766,"{'trail_atr_mult': 4.0, 'trail_atr_len': 14, 'tp_converts_to_trail': True, 'don_upper': 5257.98, 'don_lower': 4989.4, 'atr': 20.776875458401822, 'exit_reason': 'sl', 'signal_time': Timestamp('2026-02-27 19:00:00+0000', tz='UTC')}"
2026-03-02 07:00:00+00:00,2026-03-02 14:00:00+00:00,1,5408.295,5334.625489136611,5334.800489136611,5554.759021726778,0.07,-515.6865760437258,-1.0023811302088323,"{'trail_atr_mult': 4.0, 'trail_atr_len': 14, 'tp_converts_to_trail': True, 'don_upper': 5393.5, 'don_lower': 5091.62, 'atr': 29.327804345355695, 'exit_reason': 'sl', 'signal_time': Timestamp('2026-03-02 06:00:00+0000', tz='UTC')}"
2026-03-03 14:00:00+00:00,2026-03-04 08:00:00+00:00,-1,5038.224999999999,5174.683460371752,5174.508460371751,4730.7197864413565,0.03,-409.9753811152564,-0.8873055587174419,"{'trail_atr_mult': 4.0, 'trail_atr_len': 14, 'tp_converts_to_trail': True, 'don_upper': 5419.26, 'don_lower': 5075.28, 'atr': 61.53604271172857, 'exit_reason': 'sl', 'signal_time': Timestamp('2026-03-03 13:00:00+0000', tz='UTC')}"
2026-03-15 23:00:00+00:00,2026-03-18 14:00:00+00:00,-1,4997.4349999999995,4878.375,4860.056335791232,,0.07,829.2199999999965,1.7180109126131373,"{'trail_atr_mult': 4.0, 'trail_atr_len': 14, 'tp_converts_to_trail': True, 'don_upper': 5238.55, 'don_lower': 5000.88, 'atr': 27.51073284175336, 'exit_reason': 'sl_gap', 'signal_time': Timestamp('2026-03-15 22:00:00+0000', tz='UTC')}"
2026-03-18 21:00:00+00:00,2026-03-19 11:00:00+00:00,-1,4829.195,4679.205,4678.562513199775,,0.08,1195.1199999999983,2.558541103998338,"{'trail_atr_mult': 4.0, 'trail_atr_len': 14, 'tp_converts_to_trail': True, 'don_upper': 5191.7, 'don_lower': 4834.17, 'atr': 27.86949736004493, 'exit_reason': 'sl_gap', 'signal_time': Timestamp('2026-03-18 19:00:00+0000', tz='UTC')}"
2026-03-19 11:00:00+00:00,2026-03-20 01:00:00+00:00,-1,4651.325,4671.986058709523,4671.8110587095225,4472.212354317006,0.05,-104.3052935476144,-0.2322570932190486,"{'trail_atr_mult': 4.0, 'trail_atr_len': 14, 'tp_converts_to_trail': True, 'don_upper': 5191.7, 'don_lower': 4666.56, 'atr': 35.85752913659874, 'exit_reason': 'sl', 'signal_time': Timestamp('2026-03-19 10:00:00+0000', tz='UTC')}"
2026-03-20 18:00:00+00:00,2026-03-23 08:00:00+00:00,-1,4499.505,4254.705393253746,4254.530393253745,,0.04,976.7984269850183,1.9896524867837349,"{'trail_atr_mult': 4.0, 'trail_atr_len': 14, 'tp_converts_to_trail': True, 'don_upper': 5121.29, 'don_lower': 4502.57, 'atr': 49.02792134925093, 'exit_reason': 'sl', 'signal_time': Timestamp('2026-03-20 17:00:00+0000', tz='UTC')}"
2026-03-31 02:00:00+00:00,2026-04-01 18:00:00+00:00,1,4605.195000000001,4787.135,4790.247608944397,,0.05,911.699999999998,1.9651077631314076,"{'trail_atr_mult': 4.0, 'trail_atr_len': 14, 'tp_converts_to_trail': True, 'don_upper': 4602.46, 'don_lower': 4305.89, 'atr': 37.045521788879356, 'exit_reason': 'sl_gap', 'signal_time': Timestamp('2026-03-31 01:00:00+0000', tz='UTC')}"
2026-04-07 23:00:00+00:00,2026-04-08 15:00:00+00:00,1,4818.345,4733.455442444557,4733.630442444557,5005.856250547024,0.05,-422.44778777721694,-0.8986518004868889,"{'trail_atr_mult': 4.0, 'trail_atr_len': 14, 'tp_converts_to_trail': True, 'don_upper': 4800.45, 'don_lower': 4482.59, 'atr': 37.537250109404724, 'exit_reason': 'sl', 'signal_time': Timestamp('2026-04-07 22:00:00+0000', tz='UTC')}"
2026-04-17 14:00:00+00:00,2026-04-19 23:00:00+00:00,1,4880.515,4770.485,4827.848095002719,4985.203809994564,0.1,-1092.3000000000065,-2.0739779564726395,"{'trail_atr_mult': 4.0, 'trail_atr_len': 14, 'tp_converts_to_trail': True, 'don_upper': 4871.42, 'don_lower': 4585.32, 'atr': 20.98076199891266, 'exit_reason': 'sl_gap', 'signal_time': Timestamp('2026-04-17 13:00:00+0000', tz='UTC')}"
2026-04-21 17:00:00+00:00,2026-04-22 04:00:00+00:00,-1,4710.905,4762.548680839569,4762.373680839569,4595.573418726415,0.09,-466.59312755612314,-0.8949630701970215,"{'trail_atr_mult': 4.0, 'trail_atr_len': 14, 'tp_converts_to_trail': True, 'don_upper': 4889.64, 'don_lower': 4723.72, 'atr': 23.10131625471701, 'exit_reason': 'sl', 'signal_time': Timestamp('2026-04-21 16:00:00+0000', tz='UTC')}"
2026-04-28 06:00:00+00:00,2026-04-28 13:00:00+00:00,-1,4632.035,4562.725,4556.792645305403,,0.13,901.0299999999934,1.8295478383632136,"{'trail_atr_mult': 4.0, 'trail_atr_len': 14, 'tp_converts_to_trail': True, 'don_upper': 4833.24, 'don_lower': 4657.74, 'atr': 15.083470938919273, 'exit_reason': 'sl_gap', 'signal_time': Timestamp('2026-04-28 05:00:00+0000', tz='UTC')}"
2026-04-29 13:00:00+00:00,2026-04-30 07:00:00+00:00,-1,4544.735,4586.839517083888,4586.664517083887,4451.567547650038,0.11,-469.74968792276707,-0.9115892692055306,"{'trail_atr_mult': 4.0, 'trail_atr_len': 14, 'tp_converts_to_trail': True, 'don_upper': 4772.35, 'don_lower': 4551.51, 'atr': 18.668490469992232, 'exit_reason': 'sl', 'signal_time': Timestamp('2026-04-29 12:00:00+0000', tz='UTC')}"
2026-05-06 06:00:00+00:00,2026-05-07 10:00:00+00:00,1,4663.0650000000005,4731.005,4751.965082051286,,0.11,760.5399999999956,1.5463223161561572,"{'trail_atr_mult': 4.0, 'trail_atr_len': 14, 'tp_converts_to_trail': True, 'don_upper': 4660.16, 'don_lower': 4500.98, 'atr': 17.815016410257122, 'exit_reason': 'sl_gap', 'signal_time': Timestamp('2026-05-06 05:00:00+0000', tz='UTC')}"
2026-05-07 15:00:00+00:00,2026-05-07 17:00:00+00:00,1,4762.885,4712.461377457837,4712.636377457838,4862.857245084325,0.1,-504.2362254216278,-1.003482682532309,"{'trail_atr_mult': 4.0, 'trail_atr_len': 14, 'tp_converts_to_trail': True, 'don_upper': 4758.39, 'don_lower': 4500.98, 'atr': 20.029449016864895, 'exit_reason': 'sl', 'signal_time': Timestamp('2026-05-07 14:00:00+0000', tz='UTC')}"
2026-05-12 00:00:00+00:00,2026-05-12 05:00:00+00:00,1,4767.485000000001,4716.059705078945,4716.234705078945,4869.460589842111,0.1,-514.2529492105587,-1.0034146144967506,"{'trail_atr_mult': 4.0, 'trail_atr_len': 14, 'tp_converts_to_trail': True, 'don_upper': 4764.81, 'don_lower': 4500.98, 'atr': 20.430117968422206, 'exit_reason': 'sl', 'signal_time': Timestamp('2026-05-11 23:00:00+0000', tz='UTC')}"
2026-05-15 01:00:00+00:00,2026-05-15 15:00:00+00:00,-1,4630.385,4533.615,4531.8287022307695,,0.1,967.7000000000044,1.955121352698958,"{'trail_atr_mult': 4.0, 'trail_atr_len': 14, 'tp_converts_to_trail': True, 'don_upper': 4773.42, 'don_lower': 4638.32, 'atr': 19.74025955384601, 'exit_reason': 'sl_gap', 'signal_time': Timestamp('2026-05-15 00:00:00+0000', tz='UTC')}"
2026-05-27 11:00:00+00:00,2026-05-28 15:00:00+00:00,-1,4445.585,4443.425059838907,4443.250059838907,4349.867176277096,0.11,17.159341772021797,0.03241675796180191,"{'trail_atr_mult': 4.0, 'trail_atr_len': 14, 'tp_converts_to_trail': True, 'don_upper': 4580.5, 'don_lower': 4453.52, 'atr': 19.17856474458083, 'exit_reason': 'sl', 'signal_time': Timestamp('2026-05-27 10:00:00+0000', tz='UTC')}"
2026-06-05 13:00:00+00:00,2026-06-08 00:00:00+00:00,-1,4406.115,4317.425,4310.712835180581,,0.11,968.9899999999956,1.8366017627191904,"{'trail_atr_mult': 4.0, 'trail_atr_len': 14, 'tp_converts_to_trail': True, 'don_upper': 4595.18, 'don_lower': 4424.02, 'atr': 19.115432963883748, 'exit_reason': 'sl_gap', 'signal_time': Timestamp('2026-06-05 12:00:00+0000', tz='UTC')}"
2026-06-08 06:00:00+00:00,2026-06-09 06:00:00+00:00,-1,4291.855,4343.636483687217,4343.461483687217,4169.681038444065,0.08,-415.8518694977407,-0.8473011185758127,"{'trail_atr_mult': 4.0, 'trail_atr_len': 14, 'tp_converts_to_trail': True, 'don_upper': 4568.61, 'don_lower': 4299.84, 'atr': 24.469792311187025, 'exit_reason': 'sl', 'signal_time': Timestamp('2026-06-08 05:00:00+0000', tz='UTC')}"
2026-06-09 17:00:00+00:00,2026-06-10 14:00:00+00:00,-1,4251.8949999999995,4147.175,4136.158072991844,,0.09,940.6799999999942,1.7919978294518972,"{'trail_atr_mult': 4.0, 'trail_atr_len': 14, 'tp_converts_to_trail': True, 'don_upper': 4541.46, 'don_lower': 4263.08, 'atr': 23.208385401631176, 'exit_reason': 'sl_gap', 'signal_time': Timestamp('2026-06-09 16:00:00+0000', tz='UTC')}"
2026-06-10 15:00:00+00:00,2026-06-11 18:00:00+00:00,-1,4124.695,4132.147253774922,4131.972253774922,3975.7361188396535,0.07,-56.36577642445828,-0.10773407423486896,"{'trail_atr_mult': 4.0, 'trail_atr_len': 14, 'tp_converts_to_trail': True, 'don_upper': 4515.39, 'don_lower': 4130.72, 'atr': 29.826776232069317, 'exit_reason': 'sl', 'signal_time': Timestamp('2026-06-10 14:00:00+0000', tz='UTC')}"
2026-06-17 18:00:00+00:00,2026-06-17 19:00:00+00:00,1,4380.055,4339.593119291297,4339.768119291297,4460.103761417407,0.13,-526.0044492131465,-1.0043438458605303,"{'trail_atr_mult': 4.0, 'trail_atr_len': 14, 'tp_converts_to_trail': True, 'don_upper': 4369.4, 'don_lower': 4023.74, 'atr': 16.044752283481376, 'exit_reason': 'sl', 'signal_time': Timestamp('2026-06-17 17:00:00+0000', tz='UTC')}"
2026-06-23 05:00:00+00:00,2026-06-24 14:00:00+00:00,-1,4118.014999999999,4019.11889969332,4018.94389969332,,0.1,986.9610030667928,1.98312170162557,"{'trail_atr_mult': 4.0, 'trail_atr_len': 14, 'tp_converts_to_trail': True, 'don_upper': 4382.48, 'don_lower': 4121.68, 'atr': 19.845220061336036, 'exit_reason': 'sl', 'signal_time': Timestamp('2026-06-23 04:00:00+0000', tz='UTC')}"
2026-07-02 13:00:00+00:00,2026-07-06 13:00:00+00:00,1,4117.775000000001,4138.516743817345,4138.691743817345,4231.791323400044,0.08,178.7339505387543,0.39010800912984106,"{'trail_atr_mult': 4.0, 'trail_atr_len': 14, 'tp_converts_to_trail': True, 'don_upper': 4115.79, 'don_lower': 3942.48, 'atr': 22.838264680008763, 'exit_reason': 'sl', 'signal_time': Timestamp('2026-07-02 12:00:00+0000', tz='UTC')}"
2026-07-13 15:00:00+00:00,2026-07-14 12:00:00+00:00,-1,4015.015,4031.28597300928,4031.11097300928,3917.460011834471,0.1,-164.7097300928017,-0.33607376041435955,"{'trail_atr_mult': 4.0, 'trail_atr_len': 14, 'tp_converts_to_trail': True, 'don_upper': 4180.51, 'don_lower': 4021.54, 'atr': 19.541997633105787, 'exit_reason': 'sl', 'signal_time': Timestamp('2026-07-13 14:00:00+0000', tz='UTC')}"
2026-07-17 13:00:00+00:00,2026-07-17 16:00:00+00:00,-1,3965.845,4007.1257566891654,4006.9507566891652,3884.36848662167,0.12,-495.36908026998753,-1.0042573112404547,"{'trail_atr_mult': 4.0, 'trail_atr_len': 14, 'tp_converts_to_trail': True, 'don_upper': 4134.76, 'don_lower': 3969.1, 'atr': 16.34430267566603, 'exit_reason': 'sl', 'signal_time': Timestamp('2026-07-17 12:00:00+0000', tz='UTC')}"
2026-07-22 02:00:00+00:00,2026-07-22 23:00:00+00:00,1,4122.275000000001,4106.013923611219,4106.188923611219,4196.062187566695,0.13,-211.3939930541592,-0.43764224742239627,"{'trail_atr_mult': 4.0, 'trail_atr_len': 14, 'tp_converts_to_trail': True, 'don_upper': 4102.36, 'don_lower': 3959.56, 'atr': 14.79243751333881, 'exit_reason': 'sl', 'signal_time': Timestamp('2026-07-22 01:00:00+0000', tz='UTC')}"
2026-07-29 14:00:00+00:00,2026-07-29 18:00:00+00:00,-1,4007.095,4040.8703571020324,4040.695357102032,3940.329285795935,0.14,-472.85499942845587,-1.0052082779795692,"{'trail_atr_mult': 4.0, 'trail_atr_len': 14, 'tp_converts_to_trail': True, 'don_upper': 4166.0, 'don_lower': 4009.11, 'atr': 13.382142840812964, 'exit_reason': 'sl', 'signal_time': Timestamp('2026-07-29 13:00:00+0000', tz='UTC')}"
2026-08-05 03:00:00+00:00,2026-08-06 17:00:00+00:00,1,4129.1050000000005,4223.637826116261,4223.812826116261,,0.1,957.3282611626037,2.0606554777557347,"{'trail_atr_mult': 4.0, 'trail_atr_len': 14, 'tp_converts_to_trail': True, 'don_upper': 4120.29, 'don_lower': 3995.92, 'atr': 18.608985297575774, 'exit_reason': 'sl', 'signal_time': Timestamp('2026-08-05 02:00:00+0000', tz='UTC')}"
2026-08-07 09:00:00+00:00,2026-08-11 02:00:00+00:00,1,4306.175,4405.628971322062,4405.803971322062,,0.09,909.4857418985578,2.0185769698848333,"{'trail_atr_mult': 4.0, 'trail_atr_len': 14, 'tp_converts_to_trail': True, 'don_upper': 4304.08, 'don_lower': 4017.16, 'atr': 19.958794264412344, 'exit_reason': 'sl', 'signal_time': Timestamp('2026-08-07 08:00:00+0000', tz='UTC')}"
2026-08-11 02:00:00+00:00,2026-08-11 06:00:00+00:00,1,4429.835,4376.408822303119,4376.58382230312,4535.81235539376,0.09,-480.8355992719252,-1.0032863122952196,"{'trail_atr_mult': 4.0, 'trail_atr_len': 14, 'tp_converts_to_trail': True, 'don_upper': 4419.08, 'don_lower': 4017.16, 'atr': 21.23047107875204, 'exit_reason': 'sl', 'signal_time': Timestamp('2026-08-11 01:00:00+0000', tz='UTC')}"
2026-08-12 13:00:00+00:00,2026-08-12 23:00:00+00:00,1,4437.265,4389.162135908076,4389.337135908077,4532.655728183847,0.1,-481.02864091923954,-1.0036513206527322,"{'trail_atr_mult': 4.0, 'trail_atr_len': 14, 'tp_converts_to_trail': True, 'don_upper': 4435.21, 'don_lower': 4095.24, 'atr': 19.10914563676934, 'exit_reason': 'sl', 'signal_time': Timestamp('2026-08-12 12:00:00+0000', tz='UTC')}"
2026-08-19 14:00:00+00:00,2026-08-20 13:00:00+00:00,1,4459.665,4457.165754181265,4457.340754181265,4565.117156724807,0.09,-11.693212368617605,-0.0246309163027857,"{'trail_atr_mult': 4.0, 'trail_atr_len': 14, 'tp_converts_to_trail': True, 'don_upper': 4449.63, 'don_lower': 4276.43, 'atr': 21.093431344961303, 'exit_reason': 'sl', 'signal_time': Timestamp('2026-08-19 13:00:00+0000', tz='UTC')}"
2026-08-21 06:00:00+00:00,2026-08-24 04:00:00+00:00,1,4553.745,4643.405,4652.9039423702025,,0.1,908.5999999999985,1.8224131518673732,"{'trail_atr_mult': 4.0, 'trail_atr_len': 14, 'tp_converts_to_trail': True, 'don_upper': 4547.93, 'don_lower': 4276.43, 'atr': 19.868788474040436, 'exit_reason': 'sl_gap', 'signal_time': Timestamp('2026-08-21 05:00:00+0000', tz='UTC')}"
2026-08-25 01:00:00+00:00,2026-08-25 03:00:00+00:00,1,4684.265,4623.382498811357,4623.557498811358,4805.785002377285,0.08,-487.06000950914313,-1.0028826750660744,"{'trail_atr_mult': 4.0, 'trail_atr_len': 14, 'tp_converts_to_trail': True, 'don_upper': 4682.8, 'don_lower': 4314.8, 'atr': 24.297000475456976, 'exit_reason': 'sl', 'signal_time': Timestamp('2026-08-25 00:00:00+0000', tz='UTC')}"
2026-08-28 16:00:00+00:00,2026-08-31 00:00:00+00:00,-1,4524.264999999999,4461.445000000001,4393.884791701588,,0.07,435.53999999999166,0.9508294322348431,"{'trail_atr_mult': 4.0, 'trail_atr_len': 14, 'tp_converts_to_trail': True, 'don_upper': 4696.73, 'don_lower': 4529.08, 'atr': 26.109041659682404, 'exit_reason': 'sl_gap', 'signal_time': Timestamp('2026-08-28 15:00:00+0000', tz='UTC')}"
2026-09-01 09:00:00+00:00,2026-09-02 14:00:00+00:00,-1,4370.405,4360.455419129735,4360.280419129735,4258.0994077349205,0.08,77.99664696211985,0.17258859552426742,"{'trail_atr_mult': 4.0, 'trail_atr_len': 14, 'tp_converts_to_trail': True, 'don_upper': 4696.73, 'don_lower': 4386.38, 'atr': 22.50611845301583, 'exit_reason': 'sl', 'signal_time': Timestamp('2026-09-01 08:00:00+0000', tz='UTC')}"
