entry_time,exit_time,direction,entry,exit,sl,tp,lots,pnl,r_multiple,meta
2017-01-03 20:00:00+00:00,2017-01-04 00:00:00+00:00,1,1159.455,1156.785,1147.8930921506983,,0.43,-97.60999999999335,-0.19633437920342522,"{'time_exit_bars': 2, 'atr': 3.7789692831005763, 'entry_hour_utc': 19, 'exit_reason': 'time_exit', 'signal_time': Timestamp('2017-01-03 19:00:00+0000', tz='UTC')}"
2017-01-04 20:00:00+00:00,2017-01-05 00:00:00+00:00,1,1163.715,1171.505,1154.7733533195142,,0.55,494.4500000000105,1.0054076526664792,"{'time_exit_bars': 2, 'atr': 2.922215560161963, 'entry_hour_utc': 19, 'exit_reason': 'time_exit', 'signal_time': Timestamp('2017-01-04 19:00:00+0000', tz='UTC')}"
2017-01-05 20:00:00+00:00,2017-01-06 00:00:00+00:00,1,1181.235,1178.335,1171.201704654842,,0.5,-124.99999999999318,-0.24917037862404348,"{'time_exit_bars': 2, 'atr': 3.2694317817193355, 'entry_hour_utc': 19, 'exit_reason': 'time_exit', 'signal_time': Timestamp('2017-01-05 19:00:00+0000', tz='UTC')}"
2017-01-06 20:00:00+00:00,2017-01-09 00:00:00+00:00,1,1173.0449999999998,1173.935,1162.4950949474176,,0.47,98.2300000000047,0.19810604830879808,"{'time_exit_bars': 2, 'atr': 3.4583016841940952, 'entry_hour_utc': 19, 'exit_reason': 'time_exit', 'signal_time': Timestamp('2017-01-06 19:00:00+0000', tz='UTC')}"
2017-01-09 20:00:00+00:00,2017-01-10 00:00:00+00:00,1,1182.605,1181.385,1174.5789241554858,,0.62,-50.840000000001695,-0.10216698868606999,"{'time_exit_bars': 2, 'atr': 2.6170252815047435, 'entry_hour_utc': 19, 'exit_reason': 'time_exit', 'signal_time': Timestamp('2017-01-09 19:00:00+0000', tz='UTC')}"
2017-01-10 20:00:00+00:00,2017-01-11 00:00:00+00:00,1,1187.355,1187.4850000000001,1177.2580618911975,,0.49,25.97000000000535,0.052491160616113315,"{'time_exit_bars': 2, 'atr': 3.307312702934157, 'entry_hour_utc': 19, 'exit_reason': 'time_exit', 'signal_time': Timestamp('2017-01-10 19:00:00+0000', tz='UTC')}"
2017-01-11 20:00:00+00:00,2017-01-12 00:00:00+00:00,1,1191.0349999999999,1194.285,1178.1970925632072,,0.39,173.55000000000888,0.3466296997318117,"{'time_exit_bars': 2, 'atr': 4.234302478930969, 'entry_hour_utc': 19, 'exit_reason': 'time_exit', 'signal_time': Timestamp('2017-01-11 19:00:00+0000', tz='UTC')}"
2017-01-12 20:00:00+00:00,2017-01-13 00:00:00+00:00,1,1195.5149999999999,1193.805,1185.2623025575547,,0.49,-64.18999999999065,-0.12777125311203794,"{'time_exit_bars': 2, 'atr': 3.352565814148452, 'entry_hour_utc': 19, 'exit_reason': 'time_exit', 'signal_time': Timestamp('2017-01-12 19:00:00+0000', tz='UTC')}"
2017-01-13 20:00:00+00:00,2017-01-16 00:00:00+00:00,1,1198.305,1201.395,1188.7473996777492,,0.52,223.07999999999578,0.44885743862007293,"{'time_exit_bars': 2, 'atr': 3.1442001074169688, 'entry_hour_utc': 19, 'exit_reason': 'time_exit', 'signal_time': Timestamp('2017-01-13 19:00:00+0000', tz='UTC')}"
2017-01-17 20:00:00+00:00,2017-01-18 00:00:00+00:00,1,1215.745,1216.435,1205.8942074053434,,0.51,55.59000000000279,0.11065099478303114,"{'time_exit_bars': 2, 'atr': 3.2152641982188706, 'entry_hour_utc': 19, 'exit_reason': 'time_exit', 'signal_time': Timestamp('2017-01-17 19:00:00+0000', tz='UTC')}"
2017-01-18 20:00:00+00:00,2017-01-19 00:00:00+00:00,1,1205.705,1203.515,1196.9172591803797,,0.57,-56.429999999990144,-0.11265694110930889,"{'time_exit_bars': 2, 'atr': 2.8575802732067443, 'entry_hour_utc': 19, 'exit_reason': 'time_exit', 'signal_time': Timestamp('2017-01-18 19:00:00+0000', tz='UTC')}"
2017-01-19 20:00:00+00:00,2017-01-20 00:00:00+00:00,1,1204.745,1203.2450000000001,1194.4312539909497,,0.48,-52.79999999998908,-0.1066537802108502,"{'time_exit_bars': 2, 'atr': 3.372915336350063, 'entry_hour_utc': 19, 'exit_reason': 'time_exit', 'signal_time': Timestamp('2017-01-19 19:00:00+0000', tz='UTC')}"
2017-01-20 20:00:00+00:00,2017-01-23 00:00:00+00:00,1,1207.585,1214.9550000000002,1196.5729882704593,,0.45,385.6500000000053,0.7782410889565524,"{'time_exit_bars': 2, 'atr': 3.605670576513598, 'entry_hour_utc': 19, 'exit_reason': 'time_exit', 'signal_time': Timestamp('2017-01-20 19:00:00+0000', tz='UTC')}"
2017-01-23 20:00:00+00:00,2017-01-24 00:00:00+00:00,1,1215.415,1217.7050000000002,1206.731302978032,,0.58,156.02000000001104,0.3097758930551207,"{'time_exit_bars': 2, 'atr': 2.852899007322632, 'entry_hour_utc': 19, 'exit_reason': 'time_exit', 'signal_time': Timestamp('2017-01-23 19:00:00+0000', tz='UTC')}"
2017-01-24 20:00:00+00:00,2017-01-25 00:00:00+00:00,1,1209.975,1208.765,1202.4109202970806,,0.66,-53.45999999998739,-0.10708506940866722,"{'time_exit_bars': 2, 'atr': 2.453026567639796, 'entry_hour_utc': 19, 'exit_reason': 'time_exit', 'signal_time': Timestamp('2017-01-24 19:00:00+0000', tz='UTC')}"
2017-01-25 20:00:00+00:00,2017-01-26 00:00:00+00:00,1,1200.0449999999998,1201.345,1190.2452283859188,,0.51,127.50000000000927,0.25510798602775636,"{'time_exit_bars': 2, 'atr': 3.198257204693662, 'entry_hour_utc': 19, 'exit_reason': 'time_exit', 'signal_time': Timestamp('2017-01-25 19:00:00+0000', tz='UTC')}"
2017-01-26 20:00:00+00:00,2017-01-27 00:00:00+00:00,1,1189.065,1186.605,1179.8129576815888,,0.54,-111.24000000000197,-0.22265354276435967,"{'time_exit_bars': 2, 'atr': 3.0423474394703933, 'entry_hour_utc': 19, 'exit_reason': 'time_exit', 'signal_time': Timestamp('2017-01-26 19:00:00+0000', tz='UTC')}"
2017-01-27 20:00:00+00:00,2017-01-30 00:00:00+00:00,1,1190.885,1193.2250000000001,1183.1287910304168,,0.65,230.10000000000946,0.456408538486086,"{'time_exit_bars': 2, 'atr': 2.543736323194389, 'entry_hour_utc': 19, 'exit_reason': 'time_exit', 'signal_time': Timestamp('2017-01-27 19:00:00+0000', tz='UTC')}"
2017-01-30 20:00:00+00:00,2017-01-31 00:00:00+00:00,1,1195.905,1196.175,1188.2180632179725,,0.65,43.54999999999882,0.0871608573087893,"{'time_exit_bars': 2, 'atr': 2.4973122606758174, 'entry_hour_utc': 19, 'exit_reason': 'time_exit', 'signal_time': Timestamp('2017-01-30 19:00:00+0000', tz='UTC')}"
2017-01-31 20:00:00+00:00,2017-02-01 00:00:00+00:00,1,1212.115,1211.095,1201.6480137222266,,0.48,-29.759999999999128,-0.05923386001914856,"{'time_exit_bars': 2, 'atr': 3.4506620925911373, 'entry_hour_utc': 19, 'exit_reason': 'time_exit', 'signal_time': Timestamp('2017-01-31 19:00:00+0000', tz='UTC')}"
2017-02-01 20:00:00+00:00,2017-02-02 00:00:00+00:00,1,1208.965,1212.915,1198.8989172068505,,0.5,257.5000000000023,0.5116190782282172,"{'time_exit_bars': 2, 'atr': 3.2970275977165153, 'entry_hour_utc': 19, 'exit_reason': 'time_exit', 'signal_time': Timestamp('2017-02-01 19:00:00+0000', tz='UTC')}"
2017-02-02 20:00:00+00:00,2017-02-03 00:00:00+00:00,1,1215.735,1212.9550000000002,1206.0326128369663,,0.52,-123.75999999998676,-0.2453004564760752,"{'time_exit_bars': 2, 'atr': 3.215795721011233, 'entry_hour_utc': 19, 'exit_reason': 'time_exit', 'signal_time': Timestamp('2017-02-02 19:00:00+0000', tz='UTC')}"
2017-02-03 20:00:00+00:00,2017-02-06 00:00:00+00:00,1,1219.105,1223.4850000000001,1209.7076290172463,,0.54,301.3200000000059,0.5937830921265803,"{'time_exit_bars': 2, 'atr': 3.0707903275845716, 'entry_hour_utc': 19, 'exit_reason': 'time_exit', 'signal_time': Timestamp('2017-02-03 19:00:00+0000', tz='UTC')}"
2017-02-06 20:00:00+00:00,2017-02-07 00:00:00+00:00,1,1235.055,1233.755,1228.1563862620485,,0.73,-65.69999999999668,-0.13046099320632432,"{'time_exit_bars': 2, 'atr': 2.287871245983806, 'entry_hour_utc': 19, 'exit_reason': 'time_exit', 'signal_time': Timestamp('2017-02-06 19:00:00+0000', tz='UTC')}"
2017-02-07 20:00:00+00:00,2017-02-08 00:00:00+00:00,1,1233.105,1231.595,1225.652081557217,,0.68,-75.4799999999994,-0.1489349452193235,"{'time_exit_bars': 2, 'atr': 2.4259728142610535, 'entry_hour_utc': 19, 'exit_reason': 'time_exit', 'signal_time': Timestamp('2017-02-07 19:00:00+0000', tz='UTC')}"
2017-02-08 20:00:00+00:00,2017-02-09 00:00:00+00:00,1,1240.5249999999999,1239.4750000000001,1231.8872458422404,,0.58,8.700000000015827,0.017365625052609916,"{'time_exit_bars': 2, 'atr': 2.820918052586513, 'entry_hour_utc': 19, 'exit_reason': 'time_exit', 'signal_time': Timestamp('2017-02-08 19:00:00+0000', tz='UTC')}"
2017-02-09 20:00:00+00:00,2017-02-10 00:00:00+00:00,1,1231.565,1225.405,1222.4280298374297,,0.55,-316.8000000000045,-0.6304059110968684,"{'time_exit_bars': 2, 'atr': 2.9973233875234677, 'entry_hour_utc': 19, 'exit_reason': 'time_exit', 'signal_time': Timestamp('2017-02-09 19:00:00+0000', tz='UTC')}"
2017-02-10 20:00:00+00:00,2017-02-13 00:00:00+00:00,1,1234.135,1230.295,1225.2481726231204,,0.57,-150.4799999999953,-0.29706889624842475,"{'time_exit_bars': 2, 'atr': 2.9072757922932038, 'entry_hour_utc': 19, 'exit_reason': 'time_exit', 'signal_time': Timestamp('2017-02-10 19:00:00+0000', tz='UTC')}"
2017-02-13 20:00:00+00:00,2017-02-14 00:00:00+00:00,1,1226.0449999999998,1225.295,1219.5200237544518,,0.77,-26.949999999982488,-0.0536400420213907,"{'time_exit_bars': 2, 'atr': 2.129992081849394, 'entry_hour_utc': 19, 'exit_reason': 'time_exit', 'signal_time': Timestamp('2017-02-13 19:00:00+0000', tz='UTC')}"
2017-02-14 20:00:00+00:00,2017-02-15 00:00:00+00:00,1,1227.5349999999999,1225.545,1217.8705769253243,,0.52,-82.67999999998865,-0.16452094322796945,"{'time_exit_bars': 2, 'atr': 3.1631410248918685, 'entry_hour_utc': 19, 'exit_reason': 'time_exit', 'signal_time': Timestamp('2017-02-14 19:00:00+0000', tz='UTC')}"
2017-02-15 20:00:00+00:00,2017-02-16 00:00:00+00:00,1,1232.835,1233.9950000000001,1224.6743895719471,,0.61,143.96000000000498,0.28919405243109614,"{'time_exit_bars': 2, 'atr': 2.665203476017643, 'entry_hour_utc': 19, 'exit_reason': 'time_exit', 'signal_time': Timestamp('2017-02-15 19:00:00+0000', tz='UTC')}"
2017-02-16 20:00:00+00:00,2017-02-17 00:00:00+00:00,1,1239.455,1238.025,1231.9594601181268,,0.67,-69.00999999998903,-0.13741505164834641,"{'time_exit_bars': 2, 'atr': 2.4601799606243904, 'entry_hour_utc': 19, 'exit_reason': 'time_exit', 'signal_time': Timestamp('2017-02-16 19:00:00+0000', tz='UTC')}"
2017-02-17 20:00:00+00:00,2017-02-20 00:00:00+00:00,1,1235.745,1235.585,1229.188763607744,,0.77,80.0800000000112,0.1586275932985849,"{'time_exit_bars': 2, 'atr': 2.1270787974186116, 'entry_hour_utc': 19, 'exit_reason': 'time_exit', 'signal_time': Timestamp('2017-02-17 19:00:00+0000', tz='UTC')}"
2017-02-21 20:00:00+00:00,2017-02-22 00:00:00+00:00,1,1236.335,1236.185,1229.0024854174283,,0.69,17.249999999993722,0.0340947156919564,"{'time_exit_bars': 2, 'atr': 2.382504860857307, 'entry_hour_utc': 19, 'exit_reason': 'time_exit', 'signal_time': Timestamp('2017-02-21 19:00:00+0000', tz='UTC')}"
2017-02-22 20:00:00+00:00,2017-02-23 00:00:00+00:00,1,1238.085,1236.685,1230.1606226771478,,0.63,-12.600000000005736,-0.02523857608639265,"{'time_exit_bars': 2, 'atr': 2.583125774284101, 'entry_hour_utc': 19, 'exit_reason': 'time_exit', 'signal_time': Timestamp('2017-02-22 19:00:00+0000', tz='UTC')}"
2017-02-23 20:00:00+00:00,2017-02-24 00:00:00+00:00,1,1248.935,1248.085,1242.3333359877688,,0.76,-34.19999999999308,-0.06816463230576075,"{'time_exit_bars': 2, 'atr': 2.1422213374104233, 'entry_hour_utc': 19, 'exit_reason': 'time_exit', 'signal_time': Timestamp('2017-02-23 19:00:00+0000', tz='UTC')}"
2017-02-24 20:00:00+00:00,2017-02-27 00:00:00+00:00,1,1256.7949999999998,1255.915,1249.602098363033,,0.7,22.400000000008284,0.04448830474137571,"{'time_exit_bars': 2, 'atr': 2.335967212322283, 'entry_hour_utc': 19, 'exit_reason': 'time_exit', 'signal_time': Timestamp('2017-02-24 19:00:00+0000', tz='UTC')}"
2017-02-27 20:00:00+00:00,2017-02-28 00:00:00+00:00,1,1251.245,1252.2050000000002,1243.1377013377717,,0.62,84.32000000001635,0.167750080102079,"{'time_exit_bars': 2, 'atr': 2.6440995540760857, 'entry_hour_utc': 19, 'exit_reason': 'time_exit', 'signal_time': Timestamp('2017-02-27 19:00:00+0000', tz='UTC')}"
2017-02-28 20:00:00+00:00,2017-03-01 00:00:00+00:00,1,1251.7549999999999,1244.895,1243.1686155003442,,0.59,-381.1399999999941,-0.7523539156974594,"{'time_exit_bars': 2, 'atr': 2.8004614998852704, 'entry_hour_utc': 19, 'exit_reason': 'time_exit', 'signal_time': Timestamp('2017-02-28 19:00:00+0000', tz='UTC')}"
2017-03-01 20:00:00+00:00,2017-03-02 00:00:00+00:00,1,1249.905,1247.595,1239.6001366073556,,0.48,-53.279999999997386,-0.10771612953086435,"{'time_exit_bars': 2, 'atr': 3.343287797548206, 'entry_hour_utc': 19, 'exit_reason': 'time_exit', 'signal_time': Timestamp('2017-03-01 19:00:00+0000', tz='UTC')}"
2017-03-02 20:00:00+00:00,2017-03-03 00:00:00+00:00,1,1235.065,1233.665,1226.0541122972254,,0.55,-55.000000000005,-0.11097685744015748,"{'time_exit_bars': 2, 'atr': 2.948629234258264, 'entry_hour_utc': 19, 'exit_reason': 'time_exit', 'signal_time': Timestamp('2017-03-02 19:00:00+0000', tz='UTC')}"
2017-03-03 20:00:00+00:00,2017-03-06 00:00:00+00:00,1,1234.425,1235.065,1224.0969773635454,,0.48,88.3200000000048,0.17815607737975936,"{'time_exit_bars': 2, 'atr': 3.3510075454848924, 'entry_hour_utc': 19, 'exit_reason': 'time_exit', 'signal_time': Timestamp('2017-03-03 19:00:00+0000', tz='UTC')}"
2017-03-06 20:00:00+00:00,2017-03-07 00:00:00+00:00,1,1226.095,1224.345,1219.7693765751303,,0.79,-106.64999999999999,-0.2134176996203033,"{'time_exit_bars': 2, 'atr': 2.050207808289915, 'entry_hour_utc': 19, 'exit_reason': 'time_exit', 'signal_time': Timestamp('2017-03-06 19:00:00+0000', tz='UTC')}"
2017-03-07 20:00:00+00:00,2017-03-08 00:00:00+00:00,1,1215.915,1216.075,1209.0417358812017,,0.73,40.88000000000598,0.08147511725447759,"{'time_exit_bars': 2, 'atr': 2.232754706266105, 'entry_hour_utc': 19, 'exit_reason': 'time_exit', 'signal_time': Timestamp('2017-03-07 19:00:00+0000', tz='UTC')}"
2017-03-08 20:00:00+00:00,2017-03-09 00:00:00+00:00,1,1208.685,1207.7450000000001,1201.6862174282717,,0.72,18.720000000012462,0.03714931809004163,"{'time_exit_bars': 2, 'atr': 2.261260857242759, 'entry_hour_utc': 19, 'exit_reason': 'time_exit', 'signal_time': Timestamp('2017-03-08 19:00:00+0000', tz='UTC')}"
2017-03-09 20:00:00+00:00,2017-03-10 00:00:00+00:00,1,1202.135,1199.125,1195.2095273387365,,0.72,-187.91999999999933,-0.37686958387672304,"{'time_exit_bars': 2, 'atr': 2.233490887087889, 'entry_hour_utc': 19, 'exit_reason': 'time_exit', 'signal_time': Timestamp('2017-03-09 19:00:00+0000', tz='UTC')}"
2017-03-10 20:00:00+00:00,2017-03-13 00:00:00+00:00,1,1204.385,1204.555,1196.8514763459527,,0.66,90.4200000000048,0.1818538127591945,"{'time_exit_bars': 2, 'atr': 2.4595078846824183, 'entry_hour_utc': 19, 'exit_reason': 'time_exit', 'signal_time': Timestamp('2017-03-10 19:00:00+0000', tz='UTC')}"
2017-03-13 22:00:00+00:00,2017-03-14 01:00:00+00:00,1,1202.245,1204.095,1197.8430229246533,,1.14,256.5000000000156,0.5111339658267,"{'time_exit_bars': 2, 'atr': 1.9523256917822893, 'entry_hour_utc': 19, 'exit_reason': 'time_exit', 'signal_time': Timestamp('2017-03-13 19:00:00+0000', tz='UTC')}"
2017-03-14 22:00:00+00:00,2017-03-15 01:00:00+00:00,1,1199.2849999999999,1200.605,1192.2243202277007,,0.71,122.12000000001163,0.24360260703907793,"{'time_exit_bars': 2, 'atr': 2.081893257433119, 'entry_hour_utc': 19, 'exit_reason': 'time_exit', 'signal_time': Timestamp('2017-03-14 19:00:00+0000', tz='UTC')}"
2017-03-15 22:00:00+00:00,2017-03-16 01:00:00+00:00,1,1219.055,1224.545,1207.434294439923,,0.43,287.6700000000004,0.5756965414375077,"{'time_exit_bars': 2, 'atr': 3.718568520025664, 'entry_hour_utc': 19, 'exit_reason': 'time_exit', 'signal_time': Timestamp('2017-03-15 19:00:00+0000', tz='UTC')}"
2017-03-16 22:00:00+00:00,2017-03-17 01:00:00+00:00,1,1226.605,1226.875,1218.2912448748502,,0.61,40.86999999999889,0.08058933537423751,"{'time_exit_bars': 2, 'atr': 2.572918375049947, 'entry_hour_utc': 19, 'exit_reason': 'time_exit', 'signal_time': Timestamp('2017-03-16 19:00:00+0000', tz='UTC')}"
2017-03-19 22:00:00+00:00,2017-03-20 01:00:00+00:00,1,1230.705,1233.135,1223.6028097601234,,0.71,200.93000000000453,0.3984686279044603,"{'time_exit_bars': 2, 'atr': 1.8823967466255536, 'entry_hour_utc': 19, 'exit_reason': 'time_exit', 'signal_time': Timestamp('2017-03-17 19:00:00+0000', tz='UTC')}"
2017-03-20 22:00:00+00:00,2017-03-21 01:00:00+00:00,1,1234.595,1229.2918643525975,1229.4668643525974,,0.99,-485.4104290928516,-0.9561244055402457,"{'time_exit_bars': 2, 'atr': 1.5510452158008017, 'entry_hour_utc': 19, 'exit_reason': 'sl', 'signal_time': Timestamp('2017-03-20 19:00:00+0000', tz='UTC')}"
2017-03-21 22:00:00+00:00,2017-03-22 01:00:00+00:00,1,1245.5349999999999,1244.575,1237.3464940987067,,0.61,-34.159999999988344,-0.06838854447321946,"{'time_exit_bars': 2, 'atr': 2.5011686337644154, 'entry_hour_utc': 19, 'exit_reason': 'time_exit', 'signal_time': Timestamp('2017-03-21 19:00:00+0000', tz='UTC')}"
2017-03-22 22:00:00+00:00,2017-03-23 01:00:00+00:00,1,1247.605,1245.4550000000002,1242.4689177952002,,0.98,-93.09999999998661,-0.1849658868606247,"{'time_exit_bars': 2, 'atr': 2.1036940682665968, 'entry_hour_utc': 19, 'exit_reason': 'time_exit', 'signal_time': Timestamp('2017-03-22 19:00:00+0000', tz='UTC')}"
2017-03-23 22:00:00+00:00,2017-03-24 01:00:00+00:00,1,1244.955,1243.525,1237.3073361014542,,0.66,-67.97999999998919,-0.13468165098046497,"{'time_exit_bars': 2, 'atr': 2.68755463284856, 'entry_hour_utc': 19, 'exit_reason': 'time_exit', 'signal_time': Timestamp('2017-03-23 19:00:00+0000', tz='UTC')}"
2017-03-26 22:00:00+00:00,2017-03-27 01:00:00+00:00,1,1248.2649999999999,1254.605,1238.7036237093494,,0.52,350.4800000000076,0.7049194378628085,"{'time_exit_bars': 2, 'atr': 2.2887920968835123, 'entry_hour_utc': 19, 'exit_reason': 'time_exit', 'signal_time': Timestamp('2017-03-24 19:00:00+0000', tz='UTC')}"
2017-03-27 20:00:00+00:00,2017-03-28 00:00:00+00:00,1,1255.355,1252.755,1249.0355121178782,,0.8,-175.99999999999272,-0.3481294752101386,"{'time_exit_bars': 2, 'atr': 2.0514959607072583, 'entry_hour_utc': 19, 'exit_reason': 'time_exit', 'signal_time': Timestamp('2017-03-27 19:00:00+0000', tz='UTC')}"
2017-03-28 20:00:00+00:00,2017-03-29 00:00:00+00:00,1,1250.455,1249.895,1243.8042257783216,,0.76,-12.159999999995847,-0.024057349515552807,"{'time_exit_bars': 2, 'atr': 2.1685914072261596, 'entry_hour_utc': 19, 'exit_reason': 'time_exit', 'signal_time': Timestamp('2017-03-28 19:00:00+0000', tz='UTC')}"
2017-03-29 20:00:00+00:00,2017-03-30 00:00:00+00:00,1,1253.055,1252.375,1247.083590271698,,0.84,43.67999999999465,0.08708161450308029,"{'time_exit_bars': 2, 'atr': 1.9354699094339833, 'entry_hour_utc': 19, 'exit_reason': 'time_exit', 'signal_time': Timestamp('2017-03-29 19:00:00+0000', tz='UTC')}"
2017-03-30 20:00:00+00:00,2017-03-31 00:00:00+00:00,1,1244.555,1243.425,1237.768455356346,,0.74,-54.02000000000808,-0.10756578470057249,"{'time_exit_bars': 2, 'atr': 2.2238482145513045, 'entry_hour_utc': 19, 'exit_reason': 'time_exit', 'signal_time': Timestamp('2017-03-30 19:00:00+0000', tz='UTC')}"
2017-03-31 20:00:00+00:00,2017-04-03 00:00:00+00:00,1,1247.415,1247.945,1240.7943860126309,,0.76,131.47999999999791,0.26130506978665297,"{'time_exit_bars': 2, 'atr': 2.1418713291230844, 'entry_hour_utc': 19, 'exit_reason': 'time_exit', 'signal_time': Timestamp('2017-03-31 19:00:00+0000', tz='UTC')}"
2017-04-03 20:00:00+00:00,2017-04-04 00:00:00+00:00,1,1253.2949999999998,1255.375,1247.5858585429435,,0.88,218.2400000000136,0.434391058384957,"{'time_exit_bars': 2, 'atr': 1.8647138190188315, 'entry_hour_utc': 19, 'exit_reason': 'time_exit', 'signal_time': Timestamp('2017-04-03 19:00:00+0000', tz='UTC')}"
2017-04-04 20:00:00+00:00,2017-04-05 00:00:00+00:00,1,1256.365,1255.305,1250.5655448808532,,0.87,-57.41999999999525,-0.11380379474288234,"{'time_exit_bars': 2, 'atr': 1.8814850397155969, 'entry_hour_utc': 19, 'exit_reason': 'time_exit', 'signal_time': Timestamp('2017-04-04 19:00:00+0000', tz='UTC')}"
2017-04-05 20:00:00+00:00,2017-04-06 00:00:00+00:00,1,1256.375,1258.035,1247.4654911736925,,0.56,160.1600000000046,0.3210053500991248,"{'time_exit_bars': 2, 'atr': 2.9148362754358152, 'entry_hour_utc': 19, 'exit_reason': 'time_exit', 'signal_time': Timestamp('2017-04-05 19:00:00+0000', tz='UTC')}"
2017-04-06 20:00:00+00:00,2017-04-07 00:00:00+00:00,1,1251.835,1251.2150000000001,1246.1261825230665,,0.88,-19.359999999990393,-0.038536877538789954,"{'time_exit_bars': 2, 'atr': 1.8446058256445066, 'entry_hour_utc': 19, 'exit_reason': 'time_exit', 'signal_time': Timestamp('2017-04-06 19:00:00+0000', tz='UTC')}"
2017-04-07 20:00:00+00:00,2017-04-10 00:00:00+00:00,1,1254.7549999999999,1254.835,1242.6691024785591,,0.42,53.76000000000649,0.10590855976805984,"{'time_exit_bars': 2, 'atr': 3.94029917381363, 'entry_hour_utc': 19, 'exit_reason': 'time_exit', 'signal_time': Timestamp('2017-04-07 19:00:00+0000', tz='UTC')}"
2017-04-10 20:00:00+00:00,2017-04-11 00:00:00+00:00,1,1254.595,1255.795,1247.9537730691507,,0.76,121.60000000000346,0.24091933864928416,"{'time_exit_bars': 2, 'atr': 2.148742310283132, 'entry_hour_utc': 19, 'exit_reason': 'time_exit', 'signal_time': Timestamp('2017-04-10 19:00:00+0000', tz='UTC')}"
2017-04-11 20:00:00+00:00,2017-04-12 00:00:00+00:00,1,1272.7549999999999,1275.885,1264.4204045043411,,0.61,215.33000000000666,0.42353585148058975,"{'time_exit_bars': 2, 'atr': 2.7031984985529127, 'entry_hour_utc': 19, 'exit_reason': 'time_exit', 'signal_time': Timestamp('2017-04-11 19:00:00+0000', tz='UTC')}"
2017-04-12 20:00:00+00:00,2017-04-13 00:00:00+00:00,1,1281.555,1286.935,1272.0608118269174,,0.53,348.73999999999376,0.693055570423083,"{'time_exit_bars': 2, 'atr': 3.1097293910275683, 'entry_hour_utc': 19, 'exit_reason': 'time_exit', 'signal_time': Timestamp('2017-04-12 19:00:00+0000', tz='UTC')}"
2017-04-13 20:00:00+00:00,2017-04-17 00:00:00+00:00,1,1288.0249999999999,1294.365,1280.9935894177277,,0.72,571.6800000000105,1.129218654933721,"{'time_exit_bars': 2, 'atr': 2.272136860757425, 'entry_hour_utc': 19, 'exit_reason': 'time_exit', 'signal_time': Timestamp('2017-04-13 19:00:00+0000', tz='UTC')}"
2017-04-17 20:00:00+00:00,2017-04-18 00:00:00+00:00,1,1283.975,1282.7450000000001,1275.7153815932347,,0.62,-51.45999999998703,-0.10048890386025157,"{'time_exit_bars': 2, 'atr': 2.7048728022550383, 'entry_hour_utc': 19, 'exit_reason': 'time_exit', 'signal_time': Timestamp('2017-04-17 19:00:00+0000', tz='UTC')}"
2017-04-18 20:00:00+00:00,2017-04-19 00:00:00+00:00,1,1290.2949999999998,1288.9750000000001,1281.2369307511112,,0.56,-51.51999999998371,-0.10156689849910223,"{'time_exit_bars': 2, 'atr': 2.951023082962906, 'entry_hour_utc': 19, 'exit_reason': 'time_exit', 'signal_time': Timestamp('2017-04-18 19:00:00+0000', tz='UTC')}"
2017-04-19 20:00:00+00:00,2017-04-20 00:00:00+00:00,1,1279.095,1279.345,1269.3731550071611,,0.52,75.4,0.1491486442201114,"{'time_exit_bars': 2, 'atr': 3.178948330946304, 'entry_hour_utc': 19, 'exit_reason': 'time_exit', 'signal_time': Timestamp('2017-04-19 19:00:00+0000', tz='UTC')}"
2017-04-20 20:00:00+00:00,2017-04-21 00:00:00+00:00,1,1281.335,1280.755,1272.6103440955726,,0.58,-10.43999999999578,-0.020631186143236203,"{'time_exit_bars': 2, 'atr': 2.846551968142506, 'entry_hour_utc': 19, 'exit_reason': 'time_exit', 'signal_time': Timestamp('2017-04-20 19:00:00+0000', tz='UTC')}"
2017-04-21 20:00:00+00:00,2017-04-23 23:00:00+00:00,1,1285.0049999999999,1268.2150000000001,1277.945795126021,,0.72,-1151.279999999981,-2.2651276291669875,"{'time_exit_bars': 2, 'atr': 2.2780682913263113, 'entry_hour_utc': 19, 'exit_reason': 'sl_gap', 'signal_time': Timestamp('2017-04-21 19:00:00+0000', tz='UTC')}"
2017-04-24 20:00:00+00:00,2017-04-25 00:00:00+00:00,1,1276.2549999999999,1277.2150000000001,1267.9443480886473,,0.61,82.9600000000161,0.16364540525905874,"{'time_exit_bars': 2, 'atr': 2.728550637117618, 'entry_hour_utc': 19, 'exit_reason': 'time_exit', 'signal_time': Timestamp('2017-04-24 19:00:00+0000', tz='UTC')}"
2017-04-25 20:00:00+00:00,2017-04-26 00:00:00+00:00,1,1263.865,1263.405,1256.7603005351193,,0.71,-4.260000000002584,-0.008445114433991607,"{'time_exit_bars': 2, 'atr': 2.3165664882935735, 'entry_hour_utc': 19, 'exit_reason': 'time_exit', 'signal_time': Timestamp('2017-04-25 19:00:00+0000', tz='UTC')}"
2017-04-26 20:00:00+00:00,2017-04-27 00:00:00+00:00,1,1269.615,1267.2150000000001,1261.3181029388797,,0.61,-73.19999999999168,-0.14463238378877,"{'time_exit_bars': 2, 'atr': 2.7106323537068038, 'entry_hour_utc': 19, 'exit_reason': 'time_exit', 'signal_time': Timestamp('2017-04-26 19:00:00+0000', tz='UTC')}"
2017-04-27 20:00:00+00:00,2017-04-28 00:00:00+00:00,1,1264.955,1263.755,1258.1067660809379,,0.74,-59.199999999986545,-0.11681843953563227,"{'time_exit_bars': 2, 'atr': 2.204411306354058, 'entry_hour_utc': 19, 'exit_reason': 'time_exit', 'signal_time': Timestamp('2017-04-27 19:00:00+0000', tz='UTC')}"
2017-04-28 20:00:00+00:00,2017-05-01 00:00:00+00:00,1,1268.615,1269.9850000000001,1263.5800946114077,,1.0,257.0000000000118,0.510436602408267,"{'time_exit_bars': 2, 'atr': 1.6199684628640982, 'entry_hour_utc': 19, 'exit_reason': 'time_exit', 'signal_time': Timestamp('2017-04-28 19:00:00+0000', tz='UTC')}"
2017-05-01 20:00:00+00:00,2017-05-02 00:00:00+00:00,1,1257.2849999999999,1256.435,1249.8983303380182,,0.68,-30.59999999999382,-0.060920552913853745,"{'time_exit_bars': 2, 'atr': 2.417223220660605, 'entry_hour_utc': 19, 'exit_reason': 'time_exit', 'signal_time': Timestamp('2017-05-01 19:00:00+0000', tz='UTC')}"
2017-05-02 20:00:00+00:00,2017-05-03 00:00:00+00:00,1,1256.905,1256.335,1252.024025613265,,1.04,-17.679999999993377,-0.034829111265558634,"{'time_exit_bars': 2, 'atr': 1.555324795578367, 'entry_hour_utc': 19, 'exit_reason': 'time_exit', 'signal_time': Timestamp('2017-05-02 19:00:00+0000', tz='UTC')}"
2017-05-03 20:00:00+00:00,2017-05-04 00:00:00+00:00,1,1239.685,1237.9950000000001,1231.3140644536397,,0.6,-29.39999999998963,-0.05853587060682664,"{'time_exit_bars': 2, 'atr': 2.718645182120116, 'entry_hour_utc': 19, 'exit_reason': 'time_exit', 'signal_time': Timestamp('2017-05-03 19:00:00+0000', tz='UTC')}"
2017-05-04 20:00:00+00:00,2017-05-05 00:00:00+00:00,1,1227.7749999999999,1228.165,1219.0918270156355,,0.58,45.820000000005805,0.09098056682996448,"{'time_exit_bars': 2, 'atr': 2.8560576614548596, 'entry_hour_utc': 19, 'exit_reason': 'time_exit', 'signal_time': Timestamp('2017-05-04 19:00:00+0000', tz='UTC')}"
2017-05-05 20:00:00+00:00,2017-05-08 00:00:00+00:00,1,1229.435,1234.395,1221.6236634594748,,0.65,400.40000000000236,0.7885974401489393,"{'time_exit_bars': 2, 'atr': 2.5454455135084144, 'entry_hour_utc': 19, 'exit_reason': 'time_exit', 'signal_time': Timestamp('2017-05-05 19:00:00+0000', tz='UTC')}"
2017-05-08 20:00:00+00:00,2017-05-09 00:00:00+00:00,1,1227.195,1227.555,1219.9678249390136,,0.7,53.200000000008906,0.10515865377369185,"{'time_exit_bars': 2, 'atr': 2.3440583536621635, 'entry_hour_utc': 19, 'exit_reason': 'time_exit', 'signal_time': Timestamp('2017-05-08 19:00:00+0000', tz='UTC')}"
2017-05-09 20:00:00+00:00,2017-05-10 00:00:00+00:00,1,1219.945,1223.2050000000002,1212.0852595060308,,0.65,237.9000000000142,0.46566422934810037,"{'time_exit_bars': 2, 'atr': 2.5549134979897588, 'entry_hour_utc': 19, 'exit_reason': 'time_exit', 'signal_time': Timestamp('2017-05-09 19:00:00+0000', tz='UTC')}"
2017-05-10 20:00:00+00:00,2017-05-11 00:00:00+00:00,1,1219.705,1217.4650000000001,1213.1808535306823,,0.78,-81.11999999998298,-0.15940782520606908,"{'time_exit_bars': 2, 'atr': 2.1297154897725568, 'entry_hour_utc': 19, 'exit_reason': 'time_exit', 'signal_time': Timestamp('2017-05-10 19:00:00+0000', tz='UTC')}"
2017-05-11 20:00:00+00:00,2017-05-12 00:00:00+00:00,1,1224.175,1224.7450000000001,1217.582481988266,,0.77,74.69000000001262,0.14713649599040368,"{'time_exit_bars': 2, 'atr': 2.135839337244677, 'entry_hour_utc': 19, 'exit_reason': 'time_exit', 'signal_time': Timestamp('2017-05-11 19:00:00+0000', tz='UTC')}"
2017-05-12 20:00:00+00:00,2017-05-15 00:00:00+00:00,1,1227.915,1229.535,1222.512502680112,,0.94,265.08000000001107,0.5219808235015645,"{'time_exit_bars': 2, 'atr': 1.7291657732960024, 'entry_hour_utc': 19, 'exit_reason': 'time_exit', 'signal_time': Timestamp('2017-05-12 19:00:00+0000', tz='UTC')}"
2017-05-15 20:00:00+00:00,2017-05-16 00:00:00+00:00,1,1231.0349999999999,1231.2050000000002,1224.6157906224234,,0.8,45.60000000002402,0.08879598194622303,"{'time_exit_bars': 2, 'atr': 2.1147364591921836, 'entry_hour_utc': 19, 'exit_reason': 'time_exit', 'signal_time': Timestamp('2017-05-15 19:00:00+0000', tz='UTC')}"
2017-05-16 20:00:00+00:00,2017-05-17 00:00:00+00:00,1,1236.565,1243.145,1230.8312021285244,,0.89,621.2199999999935,1.2173432263323858,"{'time_exit_bars': 2, 'atr': 1.8662659571585691, 'entry_hour_utc': 19, 'exit_reason': 'time_exit', 'signal_time': Timestamp('2017-05-16 19:00:00+0000', tz='UTC')}"
2017-05-17 20:00:00+00:00,2017-05-18 00:00:00+00:00,1,1259.0249999999999,1260.065,1249.659323621004,,0.55,123.2000000000105,0.2391711937670375,"{'time_exit_bars': 2, 'atr': 3.0535587929986474, 'entry_hour_utc': 19, 'exit_reason': 'time_exit', 'signal_time': Timestamp('2017-05-17 19:00:00+0000', tz='UTC')}"
2017-05-18 20:00:00+00:00,2017-05-19 00:00:00+00:00,1,1249.055,1248.2450000000001,1236.8622301852333,,0.42,-17.219999999997707,-0.03362648571478747,"{'time_exit_bars': 2, 'atr': 3.999256604922219, 'entry_hour_utc': 19, 'exit_reason': 'time_exit', 'signal_time': Timestamp('2017-05-18 19:00:00+0000', tz='UTC')}"
2017-05-19 20:00:00+00:00,2017-05-22 00:00:00+00:00,1,1255.065,1256.685,1247.2733559159556,,0.66,186.11999999999279,0.3619261826620914,"{'time_exit_bars': 2, 'atr': 2.538881361348158, 'entry_hour_utc': 19, 'exit_reason': 'time_exit', 'signal_time': Timestamp('2017-05-19 19:00:00+0000', tz='UTC')}"
2017-05-22 20:00:00+00:00,2017-05-23 00:00:00+00:00,1,1260.2949999999998,1262.865,1254.59374147225,,0.91,270.2700000000149,0.5209376115017835,"{'time_exit_bars': 2, 'atr': 1.825419509249994, 'entry_hour_utc': 19, 'exit_reason': 'time_exit', 'signal_time': Timestamp('2017-05-22 19:00:00+0000', tz='UTC')}"
2017-05-23 20:00:00+00:00,2017-05-24 00:00:00+00:00,1,1251.955,1250.775,1243.6918903156848,,0.62,-48.35999999998985,-0.09439545519774634,"{'time_exit_bars': 2, 'atr': 2.7093698947717257, 'entry_hour_utc': 19, 'exit_reason': 'time_exit', 'signal_time': Timestamp('2017-05-23 19:00:00+0000', tz='UTC')}"
2017-05-24 20:00:00+00:00,2017-05-25 00:00:00+00:00,1,1257.2749999999999,1257.615,1249.8519203613607,,0.7,107.80000000001019,0.20746106400152697,"{'time_exit_bars': 2, 'atr': 2.4093598795463667, 'entry_hour_utc': 19, 'exit_reason': 'time_exit', 'signal_time': Timestamp('2017-05-24 19:00:00+0000', tz='UTC')}"
2017-05-25 20:00:00+00:00,2017-05-26 00:00:00+00:00,1,1256.115,1254.9750000000001,1250.3618306719034,,0.9,-66.59999999998854,-0.1286247558169283,"{'time_exit_bars': 2, 'atr': 1.8627231093655645, 'entry_hour_utc': 19, 'exit_reason': 'time_exit', 'signal_time': Timestamp('2017-05-25 19:00:00+0000', tz='UTC')}"
2017-05-26 20:00:00+00:00,2017-05-29 00:00:00+00:00,1,1267.345,1268.075,1260.1508170835493,,0.72,138.96000000000132,0.2682723003312511,"{'time_exit_bars': 2, 'atr': 2.3330609721502364, 'entry_hour_utc': 19, 'exit_reason': 'time_exit', 'signal_time': Timestamp('2017-05-26 19:00:00+0000', tz='UTC')}"
2017-05-30 20:00:00+00:00,2017-05-31 00:00:00+00:00,1,1262.995,1262.155,1255.953887361718,,0.73,-32.11999999999402,-0.06249012373522862,"{'time_exit_bars': 2, 'atr': 2.275370879427338, 'entry_hour_utc': 19, 'exit_reason': 'time_exit', 'signal_time': Timestamp('2017-05-30 19:00:00+0000', tz='UTC')}"
2017-05-31 20:00:00+00:00,2017-06-01 00:00:00+00:00,1,1268.205,1268.415,1260.8395543364159,,0.7,98.70000000000255,0.19143444462176945,"{'time_exit_bars': 2, 'atr': 2.383481887861369, 'entry_hour_utc': 19, 'exit_reason': 'time_exit', 'signal_time': Timestamp('2017-05-31 19:00:00+0000', tz='UTC')}"
2017-06-01 20:00:00+00:00,2017-06-02 00:00:00+00:00,1,1268.105,1264.555,1261.0391691320688,,0.73,-229.9499999999967,-0.44580744414594475,"{'time_exit_bars': 2, 'atr': 2.3102769559770926, 'entry_hour_utc': 19, 'exit_reason': 'time_exit', 'signal_time': Timestamp('2017-06-01 19:00:00+0000', tz='UTC')}"
2017-06-02 20:00:00+00:00,2017-06-05 00:00:00+00:00,1,1278.165,1279.615,1270.1689276802713,,0.65,172.25000000000296,0.33141271039554127,"{'time_exit_bars': 2, 'atr': 2.6236907732428705, 'entry_hour_utc': 19, 'exit_reason': 'time_exit', 'signal_time': Timestamp('2017-06-02 19:00:00+0000', tz='UTC')}"
2017-06-05 20:00:00+00:00,2017-06-06 00:00:00+00:00,1,1279.615,1280.2250000000001,1274.249940102551,,0.97,97.97000000001235,0.18825512096898436,"{'time_exit_bars': 2, 'atr': 1.7266866324830787, 'entry_hour_utc': 19, 'exit_reason': 'time_exit', 'signal_time': Timestamp('2017-06-05 19:00:00+0000', tz='UTC')}"
2017-06-06 20:00:00+00:00,2017-06-07 00:00:00+00:00,1,1293.955,1293.425,1286.1040623114093,,0.66,-8.579999999998197,-0.01655853162468667,"{'time_exit_bars': 2, 'atr': 2.551979229530229, 'entry_hour_utc': 19, 'exit_reason': 'time_exit', 'signal_time': Timestamp('2017-06-06 19:00:00+0000', tz='UTC')}"
2017-06-07 20:00:00+00:00,2017-06-08 00:00:00+00:00,1,1287.165,1284.355,1278.812029612449,,0.62,-99.81999999999661,-0.1927458048216506,"{'time_exit_bars': 2, 'atr': 2.732656795850335, 'entry_hour_utc': 19, 'exit_reason': 'time_exit', 'signal_time': Timestamp('2017-06-07 19:00:00+0000', tz='UTC')}"
2017-06-08 20:00:00+00:00,2017-06-09 00:00:00+00:00,1,1278.495,1279.685,1269.3832785725442,,0.57,90.63000000000311,0.17450050604148465,"{'time_exit_bars': 2, 'atr': 2.9989071424852627, 'entry_hour_utc': 19, 'exit_reason': 'time_exit', 'signal_time': Timestamp('2017-06-08 19:00:00+0000', tz='UTC')}"
2017-06-09 20:00:00+00:00,2017-06-12 00:00:00+00:00,1,1267.435,1267.545,1258.8975978652602,,0.61,79.91000000000777,0.15344246169096037,"{'time_exit_bars': 2, 'atr': 2.7941340449132372, 'entry_hour_utc': 19, 'exit_reason': 'time_exit', 'signal_time': Timestamp('2017-06-09 19:00:00+0000', tz='UTC')}"
2017-06-12 20:00:00+00:00,2017-06-13 00:00:00+00:00,1,1265.2549999999999,1264.9550000000002,1258.4322722595389,,0.76,7.600000000020742,0.014656894398297655,"{'time_exit_bars': 2, 'atr': 2.2092425801536986, 'entry_hour_utc': 19, 'exit_reason': 'time_exit', 'signal_time': Timestamp('2017-06-12 19:00:00+0000', tz='UTC')}"
2017-06-13 20:00:00+00:00,2017-06-14 00:00:00+00:00,1,1266.835,1267.055,1260.5350737681579,,0.82,50.84000000000224,0.09841385076325457,"{'time_exit_bars': 2, 'atr': 2.0416420772807524, 'entry_hour_utc': 19, 'exit_reason': 'time_exit', 'signal_time': Timestamp('2017-06-13 19:00:00+0000', tz='UTC')}"
2017-06-14 20:00:00+00:00,2017-06-15 00:00:00+00:00,1,1260.055,1263.155,1247.814334082472,,0.42,180.5999999999962,0.3512880777051929,"{'time_exit_bars': 2, 'atr': 4.015221972509339, 'entry_hour_utc': 19, 'exit_reason': 'time_exit', 'signal_time': Timestamp('2017-06-14 19:00:00+0000', tz='UTC')}"
2017-06-15 20:00:00+00:00,2017-06-16 00:00:00+00:00,1,1254.245,1253.605,1246.5257438878039,,0.67,-16.07999999999147,-0.03109107879199457,"{'time_exit_bars': 2, 'atr': 2.518085370732014, 'entry_hour_utc': 19, 'exit_reason': 'time_exit', 'signal_time': Timestamp('2017-06-15 19:00:00+0000', tz='UTC')}"
2017-06-16 20:00:00+00:00,2017-06-19 00:00:00+00:00,1,1254.225,1254.345,1249.3554444178233,,1.07,141.24000000001266,0.27107196493074853,"{'time_exit_bars': 2, 'atr': 1.5648518607255515, 'entry_hour_utc': 19, 'exit_reason': 'time_exit', 'signal_time': Timestamp('2017-06-16 19:00:00+0000', tz='UTC')}"
2017-06-19 20:00:00+00:00,2017-06-20 00:00:00+00:00,1,1244.935,1243.545,1239.4664894569864,,0.95,-94.0499999999879,-0.18103649836877111,"{'time_exit_bars': 2, 'atr': 1.7511701810045093, 'entry_hour_utc': 19, 'exit_reason': 'time_exit', 'signal_time': Timestamp('2017-06-19 19:00:00+0000', tz='UTC')}"
2017-06-20 20:00:00+00:00,2017-06-21 00:00:00+00:00,1,1242.695,1244.615,1237.4245800365388,,0.99,229.6800000000072,0.4401926252716526,"{'time_exit_bars': 2, 'atr': 1.7118066544870685, 'entry_hour_utc': 19, 'exit_reason': 'time_exit', 'signal_time': Timestamp('2017-06-20 19:00:00+0000', tz='UTC')}"
2017-06-21 20:00:00+00:00,2017-06-22 00:00:00+00:00,1,1246.385,1248.665,1240.8733589666083,,0.95,330.5999999999974,0.631390901351659,"{'time_exit_bars': 2, 'atr': 1.755547011130568, 'entry_hour_utc': 19, 'exit_reason': 'time_exit', 'signal_time': Timestamp('2017-06-21 19:00:00+0000', tz='UTC')}"
2017-06-22 20:00:00+00:00,2017-06-23 00:00:00+00:00,1,1250.2549999999999,1251.2150000000001,1244.3841658051704,,0.89,121.04000000002347,0.23165362108131513,"{'time_exit_bars': 2, 'atr': 1.8852780649432024, 'entry_hour_utc': 19, 'exit_reason': 'time_exit', 'signal_time': Timestamp('2017-06-22 19:00:00+0000', tz='UTC')}"
2017-06-23 20:00:00+00:00,2017-06-26 00:00:00+00:00,1,1255.955,1257.145,1251.5224959599102,,1.18,282.02000000000646,0.5391986061115188,"{'time_exit_bars': 2, 'atr': 1.4225013466965677, 'entry_hour_utc': 19, 'exit_reason': 'time_exit', 'signal_time': Timestamp('2017-06-23 19:00:00+0000', tz='UTC')}"
2017-06-26 20:00:00+00:00,2017-06-27 00:00:00+00:00,1,1244.405,1242.865,1235.0147690893568,,0.56,-63.83999999999797,-0.12140276536840613,"{'time_exit_bars': 2, 'atr': 3.0750769702143734, 'entry_hour_utc': 19, 'exit_reason': 'time_exit', 'signal_time': Timestamp('2017-06-26 19:00:00+0000', tz='UTC')}"
2017-06-27 20:00:00+00:00,2017-06-28 00:00:00+00:00,1,1249.185,1249.055,1242.4213469050417,,0.78,21.06000000000923,0.03991925608978679,"{'time_exit_bars': 2, 'atr': 2.1928843649861283, 'entry_hour_utc': 19, 'exit_reason': 'time_exit', 'signal_time': Timestamp('2017-06-27 19:00:00+0000', tz='UTC')}"
2017-06-28 20:00:00+00:00,2017-06-29 00:00:00+00:00,1,1250.2749999999999,1249.4850000000001,1243.8205732756971,,0.81,33.21000000002136,0.06352229524219387,"{'time_exit_bars': 2, 'atr': 2.0931422414342364, 'entry_hour_utc': 19, 'exit_reason': 'time_exit', 'signal_time': Timestamp('2017-06-28 19:00:00+0000', tz='UTC')}"
2017-06-29 20:00:00+00:00,2017-06-30 00:00:00+00:00,1,1244.375,1246.2150000000001,1236.0497835311498,,0.63,141.12000000000916,0.2690620728459598,"{'time_exit_bars': 2, 'atr': 2.7167388229500373, 'entry_hour_utc': 19, 'exit_reason': 'time_exit', 'signal_time': Timestamp('2017-06-29 19:00:00+0000', tz='UTC')}"
2017-06-30 20:00:00+00:00,2017-06-30 21:00:00+00:00,1,1241.495,1241.255,1234.7956264981,,0.78,-18.719999999982974,-0.03582424534648245,"{'time_exit_bars': 2, 'atr': 2.178124500633246, 'entry_hour_utc': 19, 'exit_reason': 'end_of_data', 'signal_time': Timestamp('2017-06-30 19:00:00+0000', tz='UTC')}"
2017-07-03 22:00:00+00:00,2017-07-04 00:00:00+00:00,1,1221.675,1223.165,1212.0243062334785,,0.51,96.39000000000047,0.19584084271293187,"{'time_exit_bars': 1, 'atr': 2.4785645888405266, 'entry_hour_utc': 20, 'exit_reason': 'time_exit', 'signal_time': Timestamp('2017-07-03 20:00:00+0000', tz='UTC')}"
2017-07-05 22:00:00+00:00,2017-07-06 00:00:00+00:00,1,1227.085,1226.285,1218.4849392777985,,0.58,23.200000000002632,0.04651129950366783,"{'time_exit_bars': 1, 'atr': 2.7816869074004416, 'entry_hour_utc': 20, 'exit_reason': 'time_exit', 'signal_time': Timestamp('2017-07-05 20:00:00+0000', tz='UTC')}"
2017-07-06 22:00:00+00:00,2017-07-07 00:00:00+00:00,1,1224.965,1222.545,1218.6044821965122,,0.78,-157.55999999998792,-0.3175842065707612,"{'time_exit_bars': 1, 'atr': 1.9985059344958742, 'entry_hour_utc': 20, 'exit_reason': 'time_exit', 'signal_time': Timestamp('2017-07-06 20:00:00+0000', tz='UTC')}"
2017-07-09 22:00:00+00:00,2017-07-10 00:00:00+00:00,1,1213.655,1213.115,1204.2149164477069,,0.52,-7.2799999999981075,-0.014830377212705475,"{'time_exit_bars': 1, 'atr': 2.661694517431089, 'entry_hour_utc': 20, 'exit_reason': 'time_exit', 'signal_time': Timestamp('2017-07-07 20:00:00+0000', tz='UTC')}"
2017-07-10 22:00:00+00:00,2017-07-11 00:00:00+00:00,1,1214.575,1213.445,1206.9588679780536,,0.65,-47.450000000007094,-0.0958491788084241,"{'time_exit_bars': 1, 'atr': 2.430377340648835, 'entry_hour_utc': 20, 'exit_reason': 'time_exit', 'signal_time': Timestamp('2017-07-10 20:00:00+0000', tz='UTC')}"
2017-07-11 22:00:00+00:00,2017-07-12 00:00:00+00:00,1,1216.875,1217.695,1210.525590304635,,0.78,95.15999999999504,0.19214384620518674,"{'time_exit_bars': 1, 'atr': 2.2281365651216607, 'entry_hour_utc': 20, 'exit_reason': 'time_exit', 'signal_time': Timestamp('2017-07-11 20:00:00+0000', tz='UTC')}"
2017-07-12 22:00:00+00:00,2017-07-13 00:00:00+00:00,1,1218.625,1218.815,1212.349658395949,,0.79,109.81000000000431,0.22150188590574327,"{'time_exit_bars': 1, 'atr': 2.5967805346836546, 'entry_hour_utc': 20, 'exit_reason': 'time_exit', 'signal_time': Timestamp('2017-07-12 20:00:00+0000', tz='UTC')}"
2017-07-13 22:00:00+00:00,2017-07-14 00:00:00+00:00,1,1217.565,1217.355,1212.2041277111898,,0.93,17.66999999999662,0.03544199334808833,"{'time_exit_bars': 1, 'atr': 1.7652907629367558, 'entry_hour_utc': 20, 'exit_reason': 'time_exit', 'signal_time': Timestamp('2017-07-13 20:00:00+0000', tz='UTC')}"
2017-07-16 22:00:00+00:00,2017-07-17 00:00:00+00:00,1,1229.725,1230.555,1222.2502979811768,,0.66,81.18000000001021,0.16455505475706148,"{'time_exit_bars': 1, 'atr': 2.186567339607684, 'entry_hour_utc': 20, 'exit_reason': 'time_exit', 'signal_time': Timestamp('2017-07-14 20:00:00+0000', tz='UTC')}"
2017-07-17 22:00:00+00:00,2017-07-18 00:00:00+00:00,1,1234.115,1232.625,1228.4255150968133,,0.88,-95.9200000000008,-0.19158149086387463,"{'time_exit_bars': 1, 'atr': 1.728161634395549, 'entry_hour_utc': 20, 'exit_reason': 'time_exit', 'signal_time': Timestamp('2017-07-17 20:00:00+0000', tz='UTC')}"
2017-07-18 22:00:00+00:00,2017-07-19 00:00:00+00:00,1,1242.965,1242.4550000000002,1236.1948827617,,0.73,-8.029999999982739,-0.01624787224916452,"{'time_exit_bars': 1, 'atr': 1.9450390794333192, 'entry_hour_utc': 20, 'exit_reason': 'time_exit', 'signal_time': Timestamp('2017-07-18 20:00:00+0000', tz='UTC')}"
2017-07-19 22:00:00+00:00,2017-07-20 00:00:00+00:00,1,1241.225,1241.045,1235.4417575770938,,0.86,87.72000000001408,0.17637164853407664,"{'time_exit_bars': 1, 'atr': 1.8960808076354208, 'entry_hour_utc': 20, 'exit_reason': 'time_exit', 'signal_time': Timestamp('2017-07-19 20:00:00+0000', tz='UTC')}"
2017-07-20 22:00:00+00:00,2017-07-21 00:00:00+00:00,1,1244.395,1243.665,1237.3657630921746,,0.71,-23.430000000001286,-0.046946774497334205,"{'time_exit_bars': 1, 'atr': 2.418078969275112, 'entry_hour_utc': 20, 'exit_reason': 'time_exit', 'signal_time': Timestamp('2017-07-20 20:00:00+0000', tz='UTC')}"
2017-07-23 22:00:00+00:00,2017-07-24 00:00:00+00:00,1,1255.475,1255.935,1249.364434699562,,0.81,69.66000000000295,0.14073984283228408,"{'time_exit_bars': 1, 'atr': 1.7785217668127042, 'entry_hour_utc': 20, 'exit_reason': 'time_exit', 'signal_time': Timestamp('2017-07-21 20:00:00+0000', tz='UTC')}"
2017-07-24 22:00:00+00:00,2017-07-25 00:00:00+00:00,1,1254.7949999999998,1253.405,1249.6359939483655,,0.97,-96.02999999998764,-0.19189742948377425,"{'time_exit_bars': 1, 'atr': 1.8913353505448018, 'entry_hour_utc': 20, 'exit_reason': 'time_exit', 'signal_time': Timestamp('2017-07-24 20:00:00+0000', tz='UTC')}"
2017-07-25 22:00:00+00:00,2017-07-26 00:00:00+00:00,1,1249.885,1246.4950000000001,1243.099363029807,,0.73,-218.26999999999072,-0.4406365995018437,"{'time_exit_bars': 1, 'atr': 2.2035456567310434, 'entry_hour_utc': 20, 'exit_reason': 'time_exit', 'signal_time': Timestamp('2017-07-25 20:00:00+0000', tz='UTC')}"
2017-07-26 22:00:00+00:00,2017-07-27 00:00:00+00:00,1,1260.2749999999999,1259.9950000000001,1252.899394339837,,0.67,61.64000000001707,0.12473551900549215,"{'time_exit_bars': 1, 'atr': 2.6468685533876313, 'entry_hour_utc': 20, 'exit_reason': 'time_exit', 'signal_time': Timestamp('2017-07-26 20:00:00+0000', tz='UTC')}"
2017-07-27 22:00:00+00:00,2017-07-28 00:00:00+00:00,1,1259.335,1259.825,1250.5095301649399,,0.56,49.840000000000515,0.10084448948705071,"{'time_exit_bars': 1, 'atr': 2.636823278353405, 'entry_hour_utc': 20, 'exit_reason': 'time_exit', 'signal_time': Timestamp('2017-07-27 20:00:00+0000', tz='UTC')}"
2017-07-30 22:00:00+00:00,2017-07-31 00:00:00+00:00,1,1270.715,1269.9750000000001,1262.2075919246552,,0.58,-19.719999999987333,-0.039965168825641814,"{'time_exit_bars': 1, 'atr': 2.2341360251149602, 'entry_hour_utc': 20, 'exit_reason': 'time_exit', 'signal_time': Timestamp('2017-07-28 20:00:00+0000', tz='UTC')}"
2017-07-31 22:00:00+00:00,2017-08-01 00:00:00+00:00,1,1269.645,1267.275,1264.3569273764012,,0.94,-185.17999999998972,-0.3725364873410588,"{'time_exit_bars': 1, 'atr': 1.6710242078661819, 'entry_hour_utc': 20, 'exit_reason': 'time_exit', 'signal_time': Timestamp('2017-07-31 20:00:00+0000', tz='UTC')}"
2017-08-01 22:00:00+00:00,2017-08-02 00:00:00+00:00,1,1268.7849999999999,1267.425,1261.9068157905083,,0.72,-69.1199999999928,-0.13957171991339604,"{'time_exit_bars': 1, 'atr': 2.3377280698306104, 'entry_hour_utc': 20, 'exit_reason': 'time_exit', 'signal_time': Timestamp('2017-08-01 20:00:00+0000', tz='UTC')}"
2017-08-02 22:00:00+00:00,2017-08-03 00:00:00+00:00,1,1266.305,1259.0661057348022,1259.2411057348022,,0.7,-422.72259856384693,-0.8548959028095905,"{'time_exit_bars': 1, 'atr': 2.3129647550659227, 'entry_hour_utc': 20, 'exit_reason': 'sl', 'signal_time': Timestamp('2017-08-02 20:00:00+0000', tz='UTC')}"
2017-08-03 22:00:00+00:00,2017-08-04 00:00:00+00:00,1,1268.585,1268.9650000000001,1262.6931708461186,,0.84,65.52000000000916,0.13238673078058635,"{'time_exit_bars': 1, 'atr': 2.0522763846271257, 'entry_hour_utc': 20, 'exit_reason': 'time_exit', 'signal_time': Timestamp('2017-08-03 20:00:00+0000', tz='UTC')}"
2017-08-06 22:00:00+00:00,2017-08-07 00:00:00+00:00,1,1257.315,1257.115,1252.0550667252273,,0.94,18.799999999995727,0.03802329602909202,"{'time_exit_bars': 1, 'atr': 2.2249777582575896, 'entry_hour_utc': 20, 'exit_reason': 'time_exit', 'signal_time': Timestamp('2017-08-04 20:00:00+0000', tz='UTC')}"
2017-08-07 22:00:00+00:00,2017-08-08 00:00:00+00:00,1,1257.245,1257.415,1253.2547461543447,,1.24,70.68000000000902,0.1428480547974973,"{'time_exit_bars': 1, 'atr': 1.4717512818850822, 'entry_hour_utc': 20, 'exit_reason': 'time_exit', 'signal_time': Timestamp('2017-08-07 20:00:00+0000', tz='UTC')}"
2017-08-08 22:00:00+00:00,2017-08-09 00:00:00+00:00,1,1261.085,1261.685,1252.73666716382,,0.59,58.99999999999463,0.11978439523471003,"{'time_exit_bars': 1, 'atr': 2.667777612060017, 'entry_hour_utc': 20, 'exit_reason': 'time_exit', 'signal_time': Timestamp('2017-08-08 20:00:00+0000', tz='UTC')}"
2017-08-09 22:00:00+00:00,2017-08-10 00:00:00+00:00,1,1277.495,1275.585,1269.5408690641761,,0.62,-44.01999999999097,-0.08926179437179779,"{'time_exit_bars': 1, 'atr': 2.6163769786080158, 'entry_hour_utc': 20, 'exit_reason': 'time_exit', 'signal_time': Timestamp('2017-08-09 20:00:00+0000', tz='UTC')}"
2017-08-10 22:00:00+00:00,2017-08-11 00:00:00+00:00,1,1286.305,1286.315,1280.053954652717,,0.79,32.38999999999929,0.06558902986973127,"{'time_exit_bars': 1, 'atr': 2.0653484490943246, 'entry_hour_utc': 20, 'exit_reason': 'time_exit', 'signal_time': Timestamp('2017-08-10 20:00:00+0000', tz='UTC')}"
2017-08-13 22:00:00+00:00,2017-08-14 00:00:00+00:00,1,1289.485,1288.605,1283.089767790472,,0.77,-36.95999999999089,-0.07505591419882429,"{'time_exit_bars': 1, 'atr': 2.440077403175984, 'entry_hour_utc': 20, 'exit_reason': 'time_exit', 'signal_time': Timestamp('2017-08-11 20:00:00+0000', tz='UTC')}"
2017-08-14 22:00:00+00:00,2017-08-15 00:00:00+00:00,1,1281.145,1278.895,1273.7167071344104,,0.66,-122.1,-0.24904780054779993,"{'time_exit_bars': 1, 'atr': 2.527764288529882, 'entry_hour_utc': 20, 'exit_reason': 'time_exit', 'signal_time': Timestamp('2017-08-14 20:00:00+0000', tz='UTC')}"
2017-08-15 22:00:00+00:00,2017-08-16 00:00:00+00:00,1,1271.5249999999999,1272.665,1264.974689664808,,0.75,115.5000000000075,0.23510336475607532,"{'time_exit_bars': 1, 'atr': 2.1817701117306267, 'entry_hour_utc': 20, 'exit_reason': 'time_exit', 'signal_time': Timestamp('2017-08-15 20:00:00+0000', tz='UTC')}"
2017-08-16 22:00:00+00:00,2017-08-17 00:00:00+00:00,1,1283.825,1282.665,1275.8456862441456,,0.62,2.4799999999949307,0.005012962420555263,"{'time_exit_bars': 1, 'atr': 2.4114379186181165, 'entry_hour_utc': 20, 'exit_reason': 'time_exit', 'signal_time': Timestamp('2017-08-16 20:00:00+0000', tz='UTC')}"
2017-08-17 22:00:00+00:00,2017-08-18 00:00:00+00:00,1,1288.7649999999999,1288.275,1279.6756513322998,,0.54,-4.859999999988215,-0.009901699592579844,"{'time_exit_bars': 1, 'atr': 2.688116222566705, 'entry_hour_utc': 20, 'exit_reason': 'time_exit', 'signal_time': Timestamp('2017-08-17 20:00:00+0000', tz='UTC')}"
2017-08-20 22:00:00+00:00,2017-08-21 00:00:00+00:00,1,1283.165,1283.295,1274.7566467282977,,0.59,31.270000000006437,0.06303255618240833,"{'time_exit_bars': 1, 'atr': 3.2877844239007485, 'entry_hour_utc': 20, 'exit_reason': 'time_exit', 'signal_time': Timestamp('2017-08-18 20:00:00+0000', tz='UTC')}"
2017-08-21 22:00:00+00:00,2017-08-22 00:00:00+00:00,1,1290.925,1291.435,1285.5293837468869,,0.92,83.71999999999917,0.16865543383945325,"{'time_exit_bars': 1, 'atr': 2.0202054177043713, 'entry_hour_utc': 20, 'exit_reason': 'time_exit', 'signal_time': Timestamp('2017-08-21 20:00:00+0000', tz='UTC')}"
2017-08-22 22:00:00+00:00,2017-08-23 00:00:00+00:00,1,1284.725,1282.9750000000001,1278.3556278819838,,0.78,-105.29999999998229,-0.21195181801063534,"{'time_exit_bars': 1, 'atr': 2.2014573726721274, 'entry_hour_utc': 20, 'exit_reason': 'time_exit', 'signal_time': Timestamp('2017-08-22 20:00:00+0000', tz='UTC')}"
2017-08-23 22:00:00+00:00,2017-08-24 00:00:00+00:00,1,1290.5349999999999,1290.315,1284.843672647292,,0.87,85.26000000001741,0.17219181735064173,"{'time_exit_bars': 1, 'atr': 1.8654424509026981, 'entry_hour_utc': 20, 'exit_reason': 'time_exit', 'signal_time': Timestamp('2017-08-23 20:00:00+0000', tz='UTC')}"
2017-08-24 22:00:00+00:00,2017-08-25 00:00:00+00:00,1,1286.235,1286.395,1279.8503187965368,,0.77,43.12000000000631,0.08770993917383645,"{'time_exit_bars': 1, 'atr': 2.09989373448772, 'entry_hour_utc': 20, 'exit_reason': 'time_exit', 'signal_time': Timestamp('2017-08-24 20:00:00+0000', tz='UTC')}"
2017-08-27 22:00:00+00:00,2017-08-28 00:00:00+00:00,1,1292.655,1292.325,1282.0401701831295,,0.46,3.2200000000033473,0.006594547553538679,"{'time_exit_bars': 1, 'atr': 3.1432766056235146, 'entry_hour_utc': 20, 'exit_reason': 'time_exit', 'signal_time': Timestamp('2017-08-25 20:00:00+0000', tz='UTC')}"
2017-08-28 22:00:00+00:00,2017-08-29 00:00:00+00:00,1,1314.305,1317.2450000000001,1302.7971392739207,,0.43,143.62000000000234,0.2902363940181236,"{'time_exit_bars': 1, 'atr': 2.270953575359757, 'entry_hour_utc': 20, 'exit_reason': 'time_exit', 'signal_time': Timestamp('2017-08-28 20:00:00+0000', tz='UTC')}"
2017-08-29 22:00:00+00:00,2017-08-30 00:00:00+00:00,1,1310.415,1308.665,1299.0246590507038,,0.43,-58.05,-0.1185214741164899,"{'time_exit_bars': 1, 'atr': 3.4851136497654287, 'entry_hour_utc': 20, 'exit_reason': 'time_exit', 'signal_time': Timestamp('2017-08-29 20:00:00+0000', tz='UTC')}"
2017-08-30 22:00:00+00:00,2017-08-31 00:00:00+00:00,1,1308.575,1306.9850000000001,1300.728769837876,,0.63,-24.569999999994863,-0.04970539889112018,"{'time_exit_bars': 1, 'atr': 2.4737433873747285, 'entry_hour_utc': 20, 'exit_reason': 'time_exit', 'signal_time': Timestamp('2017-08-30 20:00:00+0000', tz='UTC')}"
2017-08-31 22:00:00+00:00,2017-09-01 00:00:00+00:00,1,1322.0249999999999,1320.9850000000001,1312.7182472651702,,0.53,-33.91999999998602,-0.06876727234888261,"{'time_exit_bars': 1, 'atr': 2.8972509116099427, 'entry_hour_utc': 20, 'exit_reason': 'time_exit', 'signal_time': Timestamp('2017-08-31 20:00:00+0000', tz='UTC')}"
2017-09-03 22:00:00+00:00,2017-09-04 00:00:00+00:00,1,1335.355,1335.855,1315.844699316133,,0.25,22.5,0.04612947870886528,"{'time_exit_bars': 1, 'atr': 2.915100227955606, 'entry_hour_utc': 20, 'exit_reason': 'time_exit', 'signal_time': Timestamp('2017-09-01 20:00:00+0000', tz='UTC')}"
2017-09-05 22:00:00+00:00,2017-09-06 00:00:00+00:00,1,1339.7849999999999,1341.355,1329.9313210535151,,0.5,98.50000000000819,0.19992532846860817,"{'time_exit_bars': 1, 'atr': 3.339559648828306, 'entry_hour_utc': 20, 'exit_reason': 'time_exit', 'signal_time': Timestamp('2017-09-05 20:00:00+0000', tz='UTC')}"
2017-09-06 22:00:00+00:00,2017-09-07 00:00:00+00:00,1,1334.225,1333.165,1326.3987799394279,,0.63,8.820000000003432,0.01788858464450353,"{'time_exit_bars': 1, 'atr': 2.5370733535240646, 'entry_hour_utc': 20, 'exit_reason': 'time_exit', 'signal_time': Timestamp('2017-09-06 20:00:00+0000', tz='UTC')}"
2017-09-07 22:00:00+00:00,2017-09-08 00:00:00+00:00,1,1348.7549999999999,1348.605,1340.1769216283712,,0.58,14.500000000007914,0.02914405641559456,"{'time_exit_bars': 1, 'atr': 3.0443594572095694, 'entry_hour_utc': 20, 'exit_reason': 'time_exit', 'signal_time': Timestamp('2017-09-07 20:00:00+0000', tz='UTC')}"
2017-09-10 22:00:00+00:00,2017-09-10 23:00:00+00:00,1,1339.105,1337.2814114269459,1337.4564114269458,,3.02,-550.7237490623584,-1.106151409066087,"{'time_exit_bars': 1, 'atr': 3.007862857684714, 'entry_hour_utc': 20, 'exit_reason': 'sl', 'signal_time': Timestamp('2017-09-08 20:00:00+0000', tz='UTC')}"
2017-09-11 22:00:00+00:00,2017-09-12 00:00:00+00:00,1,1327.625,1327.055,1320.4180960008691,,0.68,-11.559999999995675,-0.023588492370709778,"{'time_exit_bars': 1, 'atr': 2.2773013330436496, 'entry_hour_utc': 20, 'exit_reason': 'time_exit', 'signal_time': Timestamp('2017-09-11 20:00:00+0000', tz='UTC')}"
2017-09-12 22:00:00+00:00,2017-09-13 00:00:00+00:00,1,1333.385,1330.645,1324.560683955824,,0.56,-131.04000000000053,-0.26517635908387654,"{'time_exit_bars': 1, 'atr': 2.2331053480586305, 'entry_hour_utc': 20, 'exit_reason': 'time_exit', 'signal_time': Timestamp('2017-09-12 20:00:00+0000', tz='UTC')}"
2017-09-13 22:00:00+00:00,2017-09-14 00:00:00+00:00,1,1323.245,1322.025,1315.6349243658574,,0.65,-1.2999999999869942,-0.002628094773469816,"{'time_exit_bars': 1, 'atr': 2.455025211380846, 'entry_hour_utc': 20, 'exit_reason': 'time_exit', 'signal_time': Timestamp('2017-09-13 20:00:00+0000', tz='UTC')}"
2017-09-14 22:00:00+00:00,2017-09-15 00:00:00+00:00,1,1330.7549999999999,1333.615,1320.1351458403278,,0.46,149.9600000000059,0.30697220046389007,"{'time_exit_bars': 1, 'atr': 3.141618053224009, 'entry_hour_utc': 20, 'exit_reason': 'time_exit', 'signal_time': Timestamp('2017-09-14 20:00:00+0000', tz='UTC')}"
2017-09-17 22:00:00+00:00,2017-09-18 00:00:00+00:00,1,1318.5049999999999,1316.035,1312.4664501145887,,0.82,-169.73999999998358,-0.34279753240108507,"{'time_exit_bars': 1, 'atr': 2.607849961803715, 'entry_hour_utc': 20, 'exit_reason': 'time_exit', 'signal_time': Timestamp('2017-09-15 20:00:00+0000', tz='UTC')}"
2017-09-18 22:00:00+00:00,2017-09-19 00:00:00+00:00,1,1307.845,1308.615,1299.9486024809498,,0.62,72.53999999999887,0.14816883232858227,"{'time_exit_bars': 1, 'atr': 2.4137991730167405, 'entry_hour_utc': 20, 'exit_reason': 'time_exit', 'signal_time': Timestamp('2017-09-18 20:00:00+0000', tz='UTC')}"
2017-09-19 22:00:00+00:00,2017-09-20 00:00:00+00:00,1,1310.805,1310.595,1304.2327669527049,,0.75,14.249999999997275,0.028909504369775584,"{'time_exit_bars': 1, 'atr': 2.222411015765084, 'entry_hour_utc': 20, 'exit_reason': 'time_exit', 'signal_time': Timestamp('2017-09-19 20:00:00+0000', tz='UTC')}"
2017-09-20 22:00:00+00:00,2017-09-21 00:00:00+00:00,1,1301.585,1298.685,1289.890680116278,,0.42,-71.40000000000381,-0.1453697193939776,"{'time_exit_bars': 1, 'atr': 3.396439961240647, 'entry_hour_utc': 20, 'exit_reason': 'time_exit', 'signal_time': Timestamp('2017-09-20 20:00:00+0000', tz='UTC')}"
2017-09-21 22:00:00+00:00,2017-09-22 00:00:00+00:00,1,1291.805,1291.655,1283.3774175394074,,0.58,14.499999999994724,0.029664497638427954,"{'time_exit_bars': 1, 'atr': 2.6141941535308595, 'entry_hour_utc': 20, 'exit_reason': 'time_exit', 'signal_time': Timestamp('2017-09-21 20:00:00+0000', tz='UTC')}"
2017-09-24 22:00:00+00:00,2017-09-25 00:00:00+00:00,1,1296.145,1290.5832947727458,1290.7582947727458,,0.92,-474.876880907382,-0.9582304970278213,"{'time_exit_bars': 1, 'atr': 2.043901742418135, 'entry_hour_utc': 20, 'exit_reason': 'sl', 'signal_time': Timestamp('2017-09-22 20:00:00+0000', tz='UTC')}"
2017-09-25 22:00:00+00:00,2017-09-26 00:00:00+00:00,1,1309.725,1308.095,1301.210869795961,,0.57,-70.10999999999326,-0.14446572586080278,"{'time_exit_bars': 1, 'atr': 3.023043401346364, 'entry_hour_utc': 20, 'exit_reason': 'time_exit', 'signal_time': Timestamp('2017-09-25 20:00:00+0000', tz='UTC')}"
2017-09-26 22:00:00+00:00,2017-09-27 00:00:00+00:00,1,1293.435,1293.025,1283.6997189454967,,0.5,-0.49999999999272404,-0.001027191710631585,"{'time_exit_bars': 1, 'atr': 3.366760351501059, 'entry_hour_utc': 20, 'exit_reason': 'time_exit', 'signal_time': Timestamp('2017-09-26 20:00:00+0000', tz='UTC')}"
2017-09-27 22:00:00+00:00,2017-09-28 00:00:00+00:00,1,1283.395,1283.295,1272.7449521258682,,0.46,50.60000000000419,0.10328592068322157,"{'time_exit_bars': 1, 'atr': 3.1383492913772972, 'entry_hour_utc': 20, 'exit_reason': 'time_exit', 'signal_time': Timestamp('2017-09-27 20:00:00+0000', tz='UTC')}"
2017-09-28 22:00:00+00:00,2017-09-29 00:00:00+00:00,1,1286.805,1286.685,1279.1990560108884,,0.64,17.919999999992434,0.03681331342969622,"{'time_exit_bars': 1, 'atr': 2.5936479963705397, 'entry_hour_utc': 20, 'exit_reason': 'time_exit', 'signal_time': Timestamp('2017-09-28 20:00:00+0000', tz='UTC')}"
2017-10-01 22:00:00+00:00,2017-10-02 00:00:00+00:00,1,1279.125,1277.655,1270.6896630602469,,0.58,-62.06000000000158,-0.1268473337392662,"{'time_exit_bars': 1, 'atr': 2.8934456465843614, 'entry_hour_utc': 20, 'exit_reason': 'time_exit', 'signal_time': Timestamp('2017-09-29 20:00:00+0000', tz='UTC')}"
2017-10-02 22:00:00+00:00,2017-10-03 00:00:00+00:00,1,1270.845,1270.825,1264.0598082378517,,0.72,27.360000000001307,0.05600431252656347,"{'time_exit_bars': 1, 'atr': 2.296730587382806, 'entry_hour_utc': 20, 'exit_reason': 'time_exit', 'signal_time': Timestamp('2017-10-02 20:00:00+0000', tz='UTC')}"
2017-10-03 22:00:00+00:00,2017-10-04 00:00:00+00:00,1,1271.615,1272.185,1266.352834222454,,0.93,90.2099999999941,0.1843347475176459,"{'time_exit_bars': 1, 'atr': 1.7290552591819819, 'entry_hour_utc': 20, 'exit_reason': 'time_exit', 'signal_time': Timestamp('2017-10-03 20:00:00+0000', tz='UTC')}"
2017-10-04 22:00:00+00:00,2017-10-05 00:00:00+00:00,1,1275.145,1273.7050000000002,1267.549911525757,,0.64,-15.359999999988943,-0.03159936856742742,"{'time_exit_bars': 1, 'atr': 2.3633628247477674, 'entry_hour_utc': 20, 'exit_reason': 'time_exit', 'signal_time': Timestamp('2017-10-04 20:00:00+0000', tz='UTC')}"
2017-10-05 22:00:00+00:00,2017-10-06 00:00:00+00:00,1,1268.895,1268.785,1261.3512029081207,,0.65,18.850000000006503,0.038442179245817686,"{'time_exit_bars': 1, 'atr': 2.072932363959768, 'entry_hour_utc': 20, 'exit_reason': 'time_exit', 'signal_time': Timestamp('2017-10-05 20:00:00+0000', tz='UTC')}"
2017-10-08 22:00:00+00:00,2017-10-09 00:00:00+00:00,1,1276.085,1276.375,1267.5821434601016,,0.58,40.01999999999789,0.08114919930287431,"{'time_exit_bars': 1, 'atr': 2.8626188466327767, 'entry_hour_utc': 20, 'exit_reason': 'time_exit', 'signal_time': Timestamp('2017-10-06 20:00:00+0000', tz='UTC')}"
2017-10-09 22:00:00+00:00,2017-10-10 00:00:00+00:00,1,1283.905,1282.935,1277.073665444989,,0.72,-41.04000000000197,-0.08343904041149916,"{'time_exit_bars': 1, 'atr': 2.28877818500369, 'entry_hour_utc': 20, 'exit_reason': 'time_exit', 'signal_time': Timestamp('2017-10-09 20:00:00+0000', tz='UTC')}"
2017-10-10 22:00:00+00:00,2017-10-11 00:00:00+00:00,1,1288.0249999999999,1289.345,1281.5360977980583,,0.76,130.72000000001245,0.2650679493189968,"{'time_exit_bars': 1, 'atr': 2.1279674006472455, 'entry_hour_utc': 20, 'exit_reason': 'time_exit', 'signal_time': Timestamp('2017-10-10 20:00:00+0000', tz='UTC')}"
2017-10-11 22:00:00+00:00,2017-10-12 00:00:00+00:00,1,1291.705,1292.125,1284.1583421395421,,0.65,105.30000000000473,0.21466456144625054,"{'time_exit_bars': 1, 'atr': 2.3872192868192985, 'entry_hour_utc': 20, 'exit_reason': 'time_exit', 'signal_time': Timestamp('2017-10-11 20:00:00+0000', tz='UTC')}"
2017-10-12 22:00:00+00:00,2017-10-13 00:00:00+00:00,1,1293.835,1293.675,1287.3249065825569,,0.75,17.999999999993864,0.03686583042831024,"{'time_exit_bars': 1, 'atr': 1.9816978058143315, 'entry_hour_utc': 20, 'exit_reason': 'time_exit', 'signal_time': Timestamp('2017-10-12 20:00:00+0000', tz='UTC')}"
2017-10-15 22:00:00+00:00,2017-10-16 00:00:00+00:00,1,1303.5049999999999,1303.925,1295.9667144163996,,0.65,53.30000000000473,0.10877804918720473,"{'time_exit_bars': 1, 'atr': 2.44442852786682, 'entry_hour_utc': 20, 'exit_reason': 'time_exit', 'signal_time': Timestamp('2017-10-13 20:00:00+0000', tz='UTC')}"
2017-10-16 22:00:00+00:00,2017-10-17 00:00:00+00:00,1,1296.055,1294.685,1287.688040796936,,0.59,-57.23000000000698,-0.11593220146751829,"{'time_exit_bars': 1, 'atr': 2.2939864010212827, 'entry_hour_utc': 20, 'exit_reason': 'time_exit', 'signal_time': Timestamp('2017-10-16 20:00:00+0000', tz='UTC')}"
2017-10-17 22:00:00+00:00,2017-10-18 00:00:00+00:00,1,1285.105,1285.7250000000001,1278.2300445857488,,0.71,72.4200000000084,0.14836459853772235,"{'time_exit_bars': 1, 'atr': 2.3033184714170925, 'entry_hour_utc': 20, 'exit_reason': 'time_exit', 'signal_time': Timestamp('2017-10-17 20:00:00+0000', tz='UTC')}"
2017-10-18 22:00:00+00:00,2017-10-19 00:00:00+00:00,1,1281.5449999999998,1280.035,1274.4802406722008,,0.7,-21.699999999983433,-0.04387976796038161,"{'time_exit_bars': 1, 'atr': 2.109919775933056, 'entry_hour_utc': 20, 'exit_reason': 'time_exit', 'signal_time': Timestamp('2017-10-18 20:00:00+0000', tz='UTC')}"
2017-10-19 22:00:00+00:00,2017-10-20 00:00:00+00:00,1,1289.615,1289.755,1280.5690995700133,,0.54,29.160000000005404,0.059695549843775626,"{'time_exit_bars': 1, 'atr': 2.930300143328884, 'entry_hour_utc': 20, 'exit_reason': 'time_exit', 'signal_time': Timestamp('2017-10-19 20:00:00+0000', tz='UTC')}"
2017-10-22 22:00:00+00:00,2017-10-23 00:00:00+00:00,1,1277.405,1274.695,1272.506774384238,,1.01,-233.31000000000367,-0.47159934662191144,"{'time_exit_bars': 1, 'atr': 2.534408538587274, 'entry_hour_utc': 20, 'exit_reason': 'time_exit', 'signal_time': Timestamp('2017-10-20 20:00:00+0000', tz='UTC')}"
2017-10-23 22:00:00+00:00,2017-10-24 00:00:00+00:00,1,1281.715,1282.345,1275.04013432169,,0.74,76.22000000000807,0.15431022130484248,"{'time_exit_bars': 1, 'atr': 2.2966218927700224, 'entry_hour_utc': 20, 'exit_reason': 'time_exit', 'signal_time': Timestamp('2017-10-23 20:00:00+0000', tz='UTC')}"
2017-10-24 22:00:00+00:00,2017-10-25 00:00:00+00:00,1,1276.495,1275.445,1269.173765253264,,0.67,-43.549999999996956,-0.0887828382076882,"{'time_exit_bars': 1, 'atr': 2.432078248911986, 'entry_hour_utc': 20, 'exit_reason': 'time_exit', 'signal_time': Timestamp('2017-10-24 20:00:00+0000', tz='UTC')}"
2017-10-25 22:00:00+00:00,2017-10-26 00:00:00+00:00,1,1278.145,1278.9750000000001,1270.287235234681,,0.62,125.86000000000959,0.25834318799663797,"{'time_exit_bars': 1, 'atr': 2.3575882551063043, 'entry_hour_utc': 20, 'exit_reason': 'time_exit', 'signal_time': Timestamp('2017-10-25 20:00:00+0000', tz='UTC')}"
2017-10-26 22:00:00+00:00,2017-10-27 00:00:00+00:00,1,1267.7649999999999,1266.835,1258.954914322742,,0.56,-29.67999999999083,-0.06015832528938609,"{'time_exit_bars': 1, 'atr': 2.6483618924193406, 'entry_hour_utc': 20, 'exit_reason': 'time_exit', 'signal_time': Timestamp('2017-10-26 20:00:00+0000', tz='UTC')}"
2017-10-29 22:00:00+00:00,2017-10-30 00:00:00+00:00,1,1273.455,1271.7150000000001,1266.7018172527496,,0.73,-97.81999999998405,-0.198424957557292,"{'time_exit_bars': 1, 'atr': 2.242727582416782, 'entry_hour_utc': 20, 'exit_reason': 'time_exit', 'signal_time': Timestamp('2017-10-27 20:00:00+0000', tz='UTC')}"
2017-11-06 22:00:00+00:00,2017-11-07 00:00:00+00:00,1,1281.2649999999999,1280.155,1275.118760267565,,0.8,-56.79999999999199,-0.11551778500488591,"{'time_exit_bars': 1, 'atr': 2.123746577478332, 'entry_hour_utc': 20, 'exit_reason': 'time_exit', 'signal_time': Timestamp('2017-11-06 20:00:00+0000', tz='UTC')}"
2017-11-07 22:00:00+00:00,2017-11-08 00:00:00+00:00,1,1276.855,1276.525,1268.8287491194676,,0.61,4.270000000004437,0.008721382005371522,"{'time_exit_bars': 1, 'atr': 2.1337502935107793, 'entry_hour_utc': 20, 'exit_reason': 'time_exit', 'signal_time': Timestamp('2017-11-07 20:00:00+0000', tz='UTC')}"
2017-11-08 22:00:00+00:00,2017-11-09 00:00:00+00:00,1,1281.655,1280.515,1274.47742048514,,0.68,4.080000000008653,0.008359364027372761,"{'time_exit_bars': 1, 'atr': 2.2275265049532957, 'entry_hour_utc': 20, 'exit_reason': 'time_exit', 'signal_time': Timestamp('2017-11-08 20:00:00+0000', tz='UTC')}"
2017-11-09 22:00:00+00:00,2017-11-10 00:00:00+00:00,1,1285.435,1286.555,1277.5363708135535,,0.62,94.24000000000733,0.1924384553472068,"{'time_exit_bars': 1, 'atr': 2.364543062148864, 'entry_hour_utc': 20, 'exit_reason': 'time_exit', 'signal_time': Timestamp('2017-11-09 20:00:00+0000', tz='UTC')}"
2017-11-12 22:00:00+00:00,2017-11-13 00:00:00+00:00,1,1275.125,1275.185,1269.5871072174964,,0.89,40.939999999995145,0.08306408557660552,"{'time_exit_bars': 1, 'atr': 2.004297594167822, 'entry_hour_utc': 20, 'exit_reason': 'time_exit', 'signal_time': Timestamp('2017-11-10 20:00:00+0000', tz='UTC')}"
2017-11-13 22:00:00+00:00,2017-11-14 00:00:00+00:00,1,1278.065,1277.2350000000001,1273.9123237620486,,1.19,-51.16999999999135,-0.1035476823524404,"{'time_exit_bars': 1, 'atr': 1.3425587459838086, 'entry_hour_utc': 20, 'exit_reason': 'time_exit', 'signal_time': Timestamp('2017-11-13 20:00:00+0000', tz='UTC')}"
2017-11-14 22:00:00+00:00,2017-11-15 00:00:00+00:00,1,1280.0149999999999,1280.565,1272.8635246182498,,0.69,65.55000000001255,0.13283972177608255,"{'time_exit_bars': 1, 'atr': 2.4854917939166796, 'entry_hour_utc': 20, 'exit_reason': 'time_exit', 'signal_time': Timestamp('2017-11-14 20:00:00+0000', tz='UTC')}"
2017-11-15 22:00:00+00:00,2017-11-16 00:00:00+00:00,1,1278.5449999999998,1278.085,1271.7949400228645,,0.73,54.02000000001394,0.10962865552407068,"{'time_exit_bars': 1, 'atr': 2.181686659045131, 'entry_hour_utc': 20, 'exit_reason': 'time_exit', 'signal_time': Timestamp('2017-11-15 20:00:00+0000', tz='UTC')}"
2017-11-16 22:00:00+00:00,2017-11-17 00:00:00+00:00,1,1278.695,1279.635,1272.316469046698,,0.77,103.18000000000421,0.2100797205203506,"{'time_exit_bars': 1, 'atr': 1.9945103177672627, 'entry_hour_utc': 20, 'exit_reason': 'time_exit', 'signal_time': Timestamp('2017-11-16 20:00:00+0000', tz='UTC')}"
2017-11-19 22:00:00+00:00,2017-11-20 00:00:00+00:00,1,1293.315,1293.365,1287.886483151153,,0.91,40.94999999999587,0.08289557028740362,"{'time_exit_bars': 1, 'atr': 2.0745056162822864, 'entry_hour_utc': 20, 'exit_reason': 'time_exit', 'signal_time': Timestamp('2017-11-17 20:00:00+0000', tz='UTC')}"
2017-11-20 22:00:00+00:00,2017-11-21 00:00:00+00:00,1,1277.915,1278.615,1269.511606381854,,0.58,63.80000000000264,0.13089949727271638,"{'time_exit_bars': 1, 'atr': 2.379464539381993, 'entry_hour_utc': 20, 'exit_reason': 'time_exit', 'signal_time': Timestamp('2017-11-20 20:00:00+0000', tz='UTC')}"
2017-11-21 22:00:00+00:00,2017-11-22 00:00:00+00:00,1,1280.855,1281.4950000000001,1274.4286115518937,,0.77,80.08000000000771,0.16183273208555599,"{'time_exit_bars': 1, 'atr': 1.9804628160353823, 'entry_hour_utc': 20, 'exit_reason': 'time_exit', 'signal_time': Timestamp('2017-11-21 20:00:00+0000', tz='UTC')}"
2017-11-22 22:00:00+00:00,2017-11-23 00:00:00+00:00,1,1291.7549999999999,1290.925,1285.0883680641145,,0.74,27.38000000000538,0.05550028913527179,"{'time_exit_bars': 1, 'atr': 2.283877311961871, 'entry_hour_utc': 20, 'exit_reason': 'time_exit', 'signal_time': Timestamp('2017-11-22 20:00:00+0000', tz='UTC')}"
2017-11-27 22:00:00+00:00,2017-11-28 00:00:00+00:00,1,1294.725,1295.605,1287.9540843844827,,0.73,93.44000000000797,0.18904385650098468,"{'time_exit_bars': 1, 'atr': 2.1019718718391194, 'entry_hour_utc': 20, 'exit_reason': 'time_exit', 'signal_time': Timestamp('2017-11-27 20:00:00+0000', tz='UTC')}"
2017-11-28 22:00:00+00:00,2017-11-29 00:00:00+00:00,1,1293.595,1293.585,1286.5823442998346,,0.7,27.300000000000633,0.05561373845728812,"{'time_exit_bars': 1, 'atr': 2.3892185667217847, 'entry_hour_utc': 20, 'exit_reason': 'time_exit', 'signal_time': Timestamp('2017-11-28 20:00:00+0000', tz='UTC')}"
2017-11-29 22:00:00+00:00,2017-11-30 00:00:00+00:00,1,1284.425,1284.445,1276.0969212604866,,0.59,71.97999999999892,0.14649237094884568,"{'time_exit_bars': 1, 'atr': 2.381026246504435, 'entry_hour_utc': 20, 'exit_reason': 'time_exit', 'signal_time': Timestamp('2017-11-29 20:00:00+0000', tz='UTC')}"
2017-11-30 22:00:00+00:00,2017-12-01 00:00:00+00:00,1,1275.195,1275.375,1267.1872747098892,,0.62,35.960000000003944,0.07243005709952864,"{'time_exit_bars': 1, 'atr': 2.504241763370297, 'entry_hour_utc': 20, 'exit_reason': 'time_exit', 'signal_time': Timestamp('2017-11-30 20:00:00+0000', tz='UTC')}"
2017-12-03 22:00:00+00:00,2017-12-04 00:00:00+00:00,1,1274.125,1275.375,1270.1434892495367,,1.24,204.6,0.41441555816671316,"{'time_exit_bars': 1, 'atr': 3.2455035834877783, 'entry_hour_utc': 20, 'exit_reason': 'time_exit', 'signal_time': Timestamp('2017-12-01 20:00:00+0000', tz='UTC')}"
2017-12-04 22:00:00+00:00,2017-12-05 00:00:00+00:00,1,1276.555,1276.065,1270.046965631083,,0.76,-6.8400000000006855,-0.013829060342682824,"{'time_exit_bars': 1, 'atr': 1.9643447896390602, 'entry_hour_utc': 20, 'exit_reason': 'time_exit', 'signal_time': Timestamp('2017-12-04 20:00:00+0000', tz='UTC')}"
2017-12-05 22:00:00+00:00,2017-12-06 00:00:00+00:00,1,1266.165,1264.875,1258.805575513551,,0.67,-59.629999999997565,-0.12093336940120003,"{'time_exit_bars': 1, 'atr': 2.2848081621496905, 'entry_hour_utc': 20, 'exit_reason': 'time_exit', 'signal_time': Timestamp('2017-12-05 20:00:00+0000', tz='UTC')}"
2017-12-06 22:00:00+00:00,2017-12-07 00:00:00+00:00,1,1263.835,1262.325,1257.47268613896,,0.78,-24.179999999999296,-0.04872441171101123,"{'time_exit_bars': 1, 'atr': 1.882437953679999, 'entry_hour_utc': 20, 'exit_reason': 'time_exit', 'signal_time': Timestamp('2017-12-06 20:00:00+0000', tz='UTC')}"
2017-12-07 22:00:00+00:00,2017-12-08 00:00:00+00:00,1,1247.7549999999999,1247.4950000000001,1239.1732467538504,,0.58,8.120000000013714,0.01631368276209214,"{'time_exit_bars': 1, 'atr': 2.4889177487165455, 'entry_hour_utc': 20, 'exit_reason': 'time_exit', 'signal_time': Timestamp('2017-12-07 20:00:00+0000', tz='UTC')}"
2017-12-10 22:00:00+00:00,2017-12-11 00:00:00+00:00,1,1247.905,1247.055,1242.1419951933292,,0.86,-38.69999999999217,-0.07808426595081547,"{'time_exit_bars': 1, 'atr': 1.9660016022235944, 'entry_hour_utc': 20, 'exit_reason': 'time_exit', 'signal_time': Timestamp('2017-12-08 20:00:00+0000', tz='UTC')}"
2017-12-11 22:00:00+00:00,2017-12-12 00:00:00+00:00,1,1242.2749999999999,1242.815,1235.9251448442506,,0.78,73.3200000000149,0.1480348727559703,"{'time_exit_bars': 1, 'atr': 1.8716183852497819, 'entry_hour_utc': 20, 'exit_reason': 'time_exit', 'signal_time': Timestamp('2017-12-11 20:00:00+0000', tz='UTC')}"
2017-12-12 22:00:00+00:00,2017-12-13 00:00:00+00:00,1,1243.975,1243.115,1237.6996490633687,,0.79,-36.33999999999209,-0.07330267337157768,"{'time_exit_bars': 1, 'atr': 2.023450312210449, 'entry_hour_utc': 20, 'exit_reason': 'time_exit', 'signal_time': Timestamp('2017-12-12 20:00:00+0000', tz='UTC')}"
2017-12-13 22:00:00+00:00,2017-12-14 00:00:00+00:00,1,1254.185,1253.635,1247.1842843304023,,0.71,46.15000000000323,0.09284765025136406,"{'time_exit_bars': 1, 'atr': 2.7752385565325612, 'entry_hour_utc': 20, 'exit_reason': 'time_exit', 'signal_time': Timestamp('2017-12-13 20:00:00+0000', tz='UTC')}"
2017-12-14 22:00:00+00:00,2017-12-15 00:00:00+00:00,1,1253.125,1252.915,1245.5492772210664,,0.65,12.349999999997634,0.025080115197497914,"{'time_exit_bars': 1, 'atr': 2.3169075929778677, 'entry_hour_utc': 20, 'exit_reason': 'time_exit', 'signal_time': Timestamp('2017-12-14 20:00:00+0000', tz='UTC')}"
2017-12-17 22:00:00+00:00,2017-12-18 00:00:00+00:00,1,1254.315,1253.815,1249.8383395550536,,1.11,-11.100000000000001,-0.0223380801894159,"{'time_exit_bars': 1, 'atr': 1.8305534816488047, 'entry_hour_utc': 20, 'exit_reason': 'time_exit', 'signal_time': Timestamp('2017-12-15 20:00:00+0000', tz='UTC')}"
2017-12-18 22:00:00+00:00,2017-12-19 00:00:00+00:00,1,1261.835,1260.9950000000001,1256.8073155092159,,0.99,-43.559999999991895,-0.08751543594401075,"{'time_exit_bars': 1, 'atr': 1.6042281635946514, 'entry_hour_utc': 20, 'exit_reason': 'time_exit', 'signal_time': Timestamp('2017-12-18 20:00:00+0000', tz='UTC')}"
2017-12-19 22:00:00+00:00,2017-12-20 00:00:00+00:00,1,1261.615,1261.755,1256.999811668342,,1.07,57.78000000001071,0.11700497600411365,"{'time_exit_bars': 1, 'atr': 1.546729443886003, 'entry_hour_utc': 20, 'exit_reason': 'time_exit', 'signal_time': Timestamp('2017-12-19 20:00:00+0000', tz='UTC')}"
2017-12-20 22:00:00+00:00,2017-12-21 00:00:00+00:00,1,1265.935,1266.015,1260.8494874571288,,0.98,125.44000000001515,0.25169537764575145,"{'time_exit_bars': 1, 'atr': 1.5068375142903687, 'entry_hour_utc': 20, 'exit_reason': 'time_exit', 'signal_time': Timestamp('2017-12-20 20:00:00+0000', tz='UTC')}"
2017-12-21 22:00:00+00:00,2017-12-22 00:00:00+00:00,1,1266.385,1265.7050000000002,1262.0380487097746,,1.14,-31.91999999998133,-0.06441296009675677,"{'time_exit_bars': 1, 'atr': 1.493983763408513, 'entry_hour_utc': 20, 'exit_reason': 'time_exit', 'signal_time': Timestamp('2017-12-21 20:00:00+0000', tz='UTC')}"
2017-12-26 06:00:00+00:00,2017-12-26 08:00:00+00:00,1,1278.315,1277.9950000000001,1270.9698822663177,,0.67,-21.439999999995734,-0.043566354087493646,"{'time_exit_bars': 1, 'atr': 1.4367059112274552, 'entry_hour_utc': 20, 'exit_reason': 'time_exit', 'signal_time': Timestamp('2017-12-22 20:00:00+0000', tz='UTC')}"
2017-12-26 22:00:00+00:00,2017-12-27 00:00:00+00:00,1,1282.445,1282.075,1278.6476244379467,,1.31,3.930000000014303,0.007900193043821007,"{'time_exit_bars': 1, 'atr': 1.4774585206844235, 'entry_hour_utc': 20, 'exit_reason': 'time_exit', 'signal_time': Timestamp('2017-12-26 20:00:00+0000', tz='UTC')}"
2017-12-27 22:00:00+00:00,2017-12-28 00:00:00+00:00,1,1287.495,1287.505,1282.4502674308217,,0.98,118.58000000002139,0.23985414160364996,"{'time_exit_bars': 1, 'atr': 1.519910856392753, 'entry_hour_utc': 20, 'exit_reason': 'time_exit', 'signal_time': Timestamp('2017-12-27 20:00:00+0000', tz='UTC')}"
2017-12-28 22:00:00+00:00,2017-12-29 00:00:00+00:00,1,1294.235,1294.415,1290.232088026407,,1.24,71.92000000000789,0.144894517747654,"{'time_exit_bars': 1, 'atr': 1.542637324531026, 'entry_hour_utc': 20, 'exit_reason': 'time_exit', 'signal_time': Timestamp('2017-12-28 20:00:00+0000', tz='UTC')}"
2018-01-02 06:00:00+00:00,2018-01-02 07:00:00+00:00,1,1309.985,1309.105,1297.281746527276,,0.39,-34.31999999999539,-0.06927359214624798,"{'time_exit_bars': 1, 'atr': 1.7527511575746668, 'entry_hour_utc': 20, 'exit_reason': 'end_of_data', 'signal_time': Timestamp('2017-12-29 20:00:00+0000', tz='UTC')}"
2018-01-02 22:00:00+00:00,2018-01-03 00:00:00+00:00,1,1317.445,1320.295,1310.2662184469268,,0.69,224.2500000000094,0.45272306671720125,"{'time_exit_bars': 1, 'atr': 2.51792718435772, 'entry_hour_utc': 20, 'exit_reason': 'time_exit', 'signal_time': Timestamp('2018-01-02 20:00:00+0000', tz='UTC')}"
2018-01-03 22:00:00+00:00,2018-01-04 00:00:00+00:00,1,1312.915,1308.945,1304.6699233113434,,0.6,-166.2000000000016,-0.3359580637753121,"{'time_exit_bars': 1, 'atr': 2.703358896218829, 'entry_hour_utc': 20, 'exit_reason': 'time_exit', 'signal_time': Timestamp('2018-01-03 20:00:00+0000', tz='UTC')}"
2018-01-04 22:00:00+00:00,2018-01-05 00:00:00+00:00,1,1322.135,1322.585,1313.8810843124995,,0.6,51.00000000000273,0.10298142508134234,"{'time_exit_bars': 1, 'atr': 2.936305229166857, 'entry_hour_utc': 20, 'exit_reason': 'time_exit', 'signal_time': Timestamp('2018-01-04 20:00:00+0000', tz='UTC')}"
2018-01-07 22:00:00+00:00,2018-01-08 00:00:00+00:00,1,1320.865,1320.335,1312.9365902799323,,0.63,-8.189999999998282,-0.01639673081865677,"{'time_exit_bars': 1, 'atr': 2.3211365733559206, 'entry_hour_utc': 20, 'exit_reason': 'time_exit', 'signal_time': Timestamp('2018-01-05 20:00:00+0000', tz='UTC')}"
2018-01-08 22:00:00+00:00,2018-01-09 00:00:00+00:00,1,1319.665,1317.655,1314.1018988766373,,0.89,-143.2899999999992,-0.28940692687369424,"{'time_exit_bars': 1, 'atr': 2.0560337077875945, 'entry_hour_utc': 20, 'exit_reason': 'time_exit', 'signal_time': Timestamp('2018-01-08 20:00:00+0000', tz='UTC')}"
2018-01-09 22:00:00+00:00,2018-01-10 00:00:00+00:00,1,1311.995,1310.045,1305.999162746549,,0.83,-128.64999999998486,-0.25851268713268083,"{'time_exit_bars': 1, 'atr': 2.2036124178169585, 'entry_hour_utc': 20, 'exit_reason': 'time_exit', 'signal_time': Timestamp('2018-01-09 20:00:00+0000', tz='UTC')}"
2018-01-10 22:00:00+00:00,2018-01-11 00:00:00+00:00,1,1317.305,1318.595,1307.015221287208,,0.48,119.51999999999825,0.24198771125218274,"{'time_exit_bars': 1, 'atr': 3.191592904263948, 'entry_hour_utc': 20, 'exit_reason': 'time_exit', 'signal_time': Timestamp('2018-01-10 20:00:00+0000', tz='UTC')}"
2018-01-11 22:00:00+00:00,2018-01-12 00:00:00+00:00,1,1322.5249999999999,1324.055,1315.7694141312293,,0.73,140.8900000000146,0.2856895075410281,"{'time_exit_bars': 1, 'atr': 2.1901952895902315, 'entry_hour_utc': 20, 'exit_reason': 'time_exit', 'signal_time': Timestamp('2018-01-11 20:00:00+0000', tz='UTC')}"
2018-01-14 22:00:00+00:00,2018-01-15 00:00:00+00:00,1,1336.225,1338.075,1329.0530009618124,,0.69,155.2500000000094,0.31372006438092587,"{'time_exit_bars': 1, 'atr': 3.038999679395924, 'entry_hour_utc': 20, 'exit_reason': 'time_exit', 'signal_time': Timestamp('2018-01-12 20:00:00+0000', tz='UTC')}"
2018-01-16 22:00:00+00:00,2018-01-17 00:00:00+00:00,1,1339.375,1341.615,1330.973736228899,,0.59,155.7600000000005,0.3142384374457089,"{'time_exit_bars': 1, 'atr': 2.465421257033633, 'entry_hour_utc': 20, 'exit_reason': 'time_exit', 'signal_time': Timestamp('2018-01-16 20:00:00+0000', tz='UTC')}"
2018-01-17 22:00:00+00:00,2018-01-18 00:00:00+00:00,1,1327.685,1328.2150000000001,1315.9893070210435,,0.42,72.66000000000841,0.14791769954229414,"{'time_exit_bars': 1, 'atr': 3.5402309929854874, 'entry_hour_utc': 20, 'exit_reason': 'time_exit', 'signal_time': Timestamp('2018-01-17 20:00:00+0000', tz='UTC')}"
2018-01-18 22:00:00+00:00,2018-01-19 00:00:00+00:00,1,1327.715,1327.085,1319.0200814206878,,0.57,-13.109999999993263,-0.02645223159962907,"{'time_exit_bars': 1, 'atr': 2.673306193104082, 'entry_hour_utc': 20, 'exit_reason': 'time_exit', 'signal_time': Timestamp('2018-01-18 20:00:00+0000', tz='UTC')}"
2018-01-21 22:00:00+00:00,2018-01-22 00:00:00+00:00,1,1335.225,1333.2450000000001,1325.055941842897,,0.49,-77.41999999998976,-0.15537328782962984,"{'time_exit_bars': 1, 'atr': 2.124686052367659, 'entry_hour_utc': 20, 'exit_reason': 'time_exit', 'signal_time': Timestamp('2018-01-19 20:00:00+0000', tz='UTC')}"
2018-01-22 22:00:00+00:00,2018-01-23 00:00:00+00:00,1,1333.575,1333.945,1327.3483362573734,,0.8,61.59999999999128,0.12366172830702311,"{'time_exit_bars': 1, 'atr': 2.173887914208818, 'entry_hour_utc': 20, 'exit_reason': 'time_exit', 'signal_time': Timestamp('2018-01-22 20:00:00+0000', tz='UTC')}"
2018-01-23 22:00:00+00:00,2018-01-24 00:00:00+00:00,1,1341.095,1340.515,1334.7792431246758,,0.79,-14.219999999994247,-0.028500147100846956,"{'time_exit_bars': 1, 'atr': 2.110252291774702, 'entry_hour_utc': 20, 'exit_reason': 'time_exit', 'signal_time': Timestamp('2018-01-23 20:00:00+0000', tz='UTC')}"
2018-01-24 22:00:00+00:00,2018-01-25 00:00:00+00:00,1,1357.425,1356.9550000000002,1349.8931013239064,,0.66,48.18000000001321,0.0969211126428508,"{'time_exit_bars': 1, 'atr': 2.692299558697882, 'entry_hour_utc': 20, 'exit_reason': 'time_exit', 'signal_time': Timestamp('2018-01-24 20:00:00+0000', tz='UTC')}"
2018-01-25 22:00:00+00:00,2018-01-26 00:00:00+00:00,1,1347.175,1347.9850000000001,1334.3311510191334,,0.39,47.19000000000674,0.09420851972042822,"{'time_exit_bars': 1, 'atr': 4.6296163269555874, 'entry_hour_utc': 20, 'exit_reason': 'time_exit', 'signal_time': Timestamp('2018-01-25 20:00:00+0000', tz='UTC')}"
2018-01-28 22:00:00+00:00,2018-01-29 00:00:00+00:00,1,1351.205,1350.625,1341.5894964603397,,0.52,-9.359999999996216,-0.01871976847156222,"{'time_exit_bars': 1, 'atr': 2.8035011798867697, 'entry_hour_utc': 20, 'exit_reason': 'time_exit', 'signal_time': Timestamp('2018-01-26 20:00:00+0000', tz='UTC')}"
2018-01-29 22:00:00+00:00,2018-01-30 00:00:00+00:00,1,1341.475,1338.775,1332.5035385314577,,0.56,-128.79999999998984,-0.25636848668019213,"{'time_exit_bars': 1, 'atr': 2.6054871561807063, 'entry_hour_utc': 20, 'exit_reason': 'time_exit', 'signal_time': Timestamp('2018-01-29 20:00:00+0000', tz='UTC')}"
2018-01-30 22:00:00+00:00,2018-01-31 00:00:00+00:00,1,1337.595,1339.255,1328.7507778527122,,0.56,115.3600000000046,0.23292042710978267,"{'time_exit_bars': 1, 'atr': 3.2797407157626, 'entry_hour_utc': 20, 'exit_reason': 'time_exit', 'signal_time': Timestamp('2018-01-30 20:00:00+0000', tz='UTC')}"
2018-01-31 22:00:00+00:00,2018-02-01 00:00:00+00:00,1,1343.565,1345.785,1335.51094023058,,0.62,212.0400000000017,0.4246305711543392,"{'time_exit_bars': 1, 'atr': 3.143019923140001, 'entry_hour_utc': 20, 'exit_reason': 'time_exit', 'signal_time': Timestamp('2018-01-31 20:00:00+0000', tz='UTC')}"
2018-02-01 22:00:00+00:00,2018-02-02 00:00:00+00:00,1,1347.985,1347.585,1339.64505462488,,0.6,8.185452315956354e-12,1.6357925517465154e-14,"{'time_exit_bars': 1, 'atr': 2.9149817917066865, 'entry_hour_utc': 20, 'exit_reason': 'time_exit', 'signal_time': Timestamp('2018-02-01 20:00:00+0000', tz='UTC')}"
2018-02-04 22:00:00+00:00,2018-02-05 00:00:00+00:00,1,1331.815,1333.2450000000001,1322.257760852727,,0.52,95.16000000000331,0.1914778914496668,"{'time_exit_bars': 1, 'atr': 3.4374130490909622, 'entry_hour_utc': 20, 'exit_reason': 'time_exit', 'signal_time': Timestamp('2018-02-02 20:00:00+0000', tz='UTC')}"
2018-02-05 22:00:00+00:00,2018-02-06 00:00:00+00:00,1,1339.085,1339.7150000000001,1330.9315703105742,,0.61,62.830000000006656,0.12632720698332822,"{'time_exit_bars': 1, 'atr': 2.876143229808596, 'entry_hour_utc': 20, 'exit_reason': 'time_exit', 'signal_time': Timestamp('2018-02-05 20:00:00+0000', tz='UTC')}"
2018-02-06 22:00:00+00:00,2018-02-07 00:00:00+00:00,1,1324.815,1326.915,1313.1043426646743,,0.43,107.49999999999609,0.21348075760517177,"{'time_exit_bars': 1, 'atr': 3.7652191117752483, 'entry_hour_utc': 20, 'exit_reason': 'time_exit', 'signal_time': Timestamp('2018-02-06 20:00:00+0000', tz='UTC')}"
2018-02-07 22:00:00+00:00,2018-02-08 00:00:00+00:00,1,1317.5149999999999,1315.315,1308.611778363235,,0.56,-55.999999999989825,-0.11231889318249008,"{'time_exit_bars': 1, 'atr': 3.2260738789216408, 'entry_hour_utc': 20, 'exit_reason': 'time_exit', 'signal_time': Timestamp('2018-02-07 20:00:00+0000', tz='UTC')}"
2018-02-08 22:00:00+00:00,2018-02-09 00:00:00+00:00,1,1319.2849999999999,1319.865,1308.1917539261383,,0.45,44.10000000000696,0.08834204104687422,"{'time_exit_bars': 1, 'atr': 3.382748691287197, 'entry_hour_utc': 20, 'exit_reason': 'time_exit', 'signal_time': Timestamp('2018-02-08 20:00:00+0000', tz='UTC')}"
2018-02-11 22:00:00+00:00,2018-02-12 00:00:00+00:00,1,1315.555,1316.605,1305.1627220136806,,0.48,69.5999999999978,0.13952667566329163,"{'time_exit_bars': 1, 'atr': 3.492425995439815, 'entry_hour_utc': 20, 'exit_reason': 'time_exit', 'signal_time': Timestamp('2018-02-09 20:00:00+0000', tz='UTC')}"
2018-02-12 22:00:00+00:00,2018-02-13 00:00:00+00:00,1,1323.805,1322.525,1315.7974049928175,,0.63,-55.43999999999828,-0.10989566770180588,"{'time_exit_bars': 1, 'atr': 2.354198335727443, 'entry_hour_utc': 20, 'exit_reason': 'time_exit', 'signal_time': Timestamp('2018-02-12 20:00:00+0000', tz='UTC')}"
2018-02-13 22:00:00+00:00,2018-02-14 00:00:00+00:00,1,1329.895,1332.435,1321.7373261845087,,0.61,179.3399999999978,0.36039685656675136,"{'time_exit_bars': 1, 'atr': 2.4175579384971226, 'entry_hour_utc': 20, 'exit_reason': 'time_exit', 'signal_time': Timestamp('2018-02-13 20:00:00+0000', tz='UTC')}"
2018-02-14 22:00:00+00:00,2018-02-15 00:00:00+00:00,1,1350.815,1351.2150000000001,1337.4304193591745,,0.37,59.200000000003364,0.11954054018844501,"{'time_exit_bars': 1, 'atr': 4.236526880275218, 'entry_hour_utc': 20, 'exit_reason': 'time_exit', 'signal_time': Timestamp('2018-02-14 20:00:00+0000', tz='UTC')}"
2018-02-15 22:00:00+00:00,2018-02-16 00:00:00+00:00,1,1353.965,1352.665,1345.1618563521045,,0.57,-51.29999999999741,-0.10223620515554281,"{'time_exit_bars': 1, 'atr': 2.6360478826318157, 'entry_hour_utc': 20, 'exit_reason': 'time_exit', 'signal_time': Timestamp('2018-02-15 20:00:00+0000', tz='UTC')}"
2018-02-18 22:00:00+00:00,2018-02-19 00:00:00+00:00,1,1349.865,1349.855,1338.307655385405,,0.43,16.770000000000394,0.03374477555229298,"{'time_exit_bars': 1, 'atr': 3.0407815381983374, 'entry_hour_utc': 20, 'exit_reason': 'time_exit', 'signal_time': Timestamp('2018-02-16 20:00:00+0000', tz='UTC')}"
2018-02-20 22:00:00+00:00,2018-02-21 00:00:00+00:00,1,1329.665,1328.525,1320.1312133324018,,0.53,-39.219999999993256,-0.07761868665625377,"{'time_exit_bars': 1, 'atr': 3.0662622225327105, 'entry_hour_utc': 20, 'exit_reason': 'time_exit', 'signal_time': Timestamp('2018-02-20 20:00:00+0000', tz='UTC')}"
2018-02-21 22:00:00+00:00,2018-02-22 00:00:00+00:00,1,1324.565,1326.035,1314.6945573113667,,0.51,136.17000000000138,0.2705045846702247,"{'time_exit_bars': 1, 'atr': 3.2251475628776998, 'entry_hour_utc': 20, 'exit_reason': 'time_exit', 'signal_time': Timestamp('2018-02-21 20:00:00+0000', tz='UTC')}"
2018-02-22 22:00:00+00:00,2018-02-23 00:00:00+00:00,1,1331.955,1330.055,1325.4895592835999,,0.78,-116.99999999998936,-0.232002745952802,"{'time_exit_bars': 1, 'atr': 2.120146905466682, 'entry_hour_utc': 20, 'exit_reason': 'time_exit', 'signal_time': Timestamp('2018-02-22 20:00:00+0000', tz='UTC')}"
2018-02-25 22:00:00+00:00,2018-02-26 00:00:00+00:00,1,1330.0049999999999,1328.285,1322.77857875306,,0.69,-91.07999999998619,-0.18266302985848776,"{'time_exit_bars': 1, 'atr': 2.000473748979994, 'entry_hour_utc': 20, 'exit_reason': 'time_exit', 'signal_time': Timestamp('2018-02-23 20:00:00+0000', tz='UTC')}"
2018-02-26 22:00:00+00:00,2018-02-27 00:00:00+00:00,1,1333.475,1334.905,1326.410965829767,,0.71,129.93000000000453,0.2590587695217425,"{'time_exit_bars': 1, 'atr': 2.173011390077682, 'entry_hour_utc': 20, 'exit_reason': 'time_exit', 'signal_time': Timestamp('2018-02-26 20:00:00+0000', tz='UTC')}"
2018-02-27 22:00:00+00:00,2018-02-28 00:00:00+00:00,1,1318.565,1317.125,1309.8570354268843,,0.58,-60.32000000000316,-0.11943089470194486,"{'time_exit_bars': 1, 'atr': 2.810988191038555, 'entry_hour_utc': 20, 'exit_reason': 'time_exit', 'signal_time': Timestamp('2018-02-27 20:00:00+0000', tz='UTC')}"
2018-02-28 22:00:00+00:00,2018-03-01 00:00:00+00:00,1,1319.195,1315.175,1311.595405067457,,0.66,-186.1199999999988,-0.3710724091259397,"{'time_exit_bars': 1, 'atr': 2.1615316441809984, 'entry_hour_utc': 20, 'exit_reason': 'time_exit', 'signal_time': Timestamp('2018-02-28 20:00:00+0000', tz='UTC')}"
2018-03-01 22:00:00+00:00,2018-03-02 00:00:00+00:00,1,1316.645,1316.305,1305.2667731491026,,0.44,2.640000000003603,0.005273229369244812,"{'time_exit_bars': 1, 'atr': 3.964408950299165, 'entry_hour_utc': 20, 'exit_reason': 'time_exit', 'signal_time': Timestamp('2018-03-01 20:00:00+0000', tz='UTC')}"
2018-03-04 22:00:00+00:00,2018-03-05 00:00:00+00:00,1,1323.885,1323.925,1314.099583597183,,0.51,22.439999999998147,0.04496487240678887,"{'time_exit_bars': 1, 'atr': 2.6734721342722874, 'entry_hour_utc': 20, 'exit_reason': 'time_exit', 'signal_time': Timestamp('2018-03-02 20:00:00+0000', tz='UTC')}"
2018-03-05 22:00:00+00:00,2018-03-06 00:00:00+00:00,1,1320.725,1322.055,1314.0358321283013,,0.75,129.7500000000116,0.2586270868338741,"{'time_exit_bars': 1, 'atr': 1.9480559572329619, 'entry_hour_utc': 20, 'exit_reason': 'time_exit', 'signal_time': Timestamp('2018-03-05 20:00:00+0000', tz='UTC')}"
2018-03-06 22:00:00+00:00,2018-03-07 00:00:00+00:00,1,1339.725,1336.4650000000001,1326.6995978052298,,0.38,-108.67999999999101,-0.21957095506410534,"{'time_exit_bars': 1, 'atr': 2.533467398256709, 'entry_hour_utc': 20, 'exit_reason': 'time_exit', 'signal_time': Timestamp('2018-03-06 20:00:00+0000', tz='UTC')}"
2018-03-07 22:00:00+00:00,2018-03-08 00:00:00+00:00,1,1325.815,1326.005,1317.372271952747,,0.59,82.01000000000322,0.16463872722423115,"{'time_exit_bars': 1, 'atr': 2.659242682417611, 'entry_hour_utc': 20, 'exit_reason': 'time_exit', 'signal_time': Timestamp('2018-03-07 20:00:00+0000', tz='UTC')}"
2018-03-08 22:00:00+00:00,2018-03-09 00:00:00+00:00,1,1321.495,1318.285,1315.5413914881342,,0.84,-236.03999999998396,-0.47198266301847136,"{'time_exit_bars': 1, 'atr': 2.1995361706219314, 'entry_hour_utc': 20, 'exit_reason': 'time_exit', 'signal_time': Timestamp('2018-03-08 20:00:00+0000', tz='UTC')}"
2018-03-11 22:00:00+00:00,2018-03-12 00:00:00+00:00,1,1323.0349999999999,1322.165,1316.3142593540954,,0.75,-35.249999999991815,-0.06993276853888158,"{'time_exit_bars': 1, 'atr': 2.348580215301489, 'entry_hour_utc': 20, 'exit_reason': 'time_exit', 'signal_time': Timestamp('2018-03-09 20:00:00+0000', tz='UTC')}"
2018-03-26 22:00:00+00:00,2018-03-27 00:00:00+00:00,1,1353.075,1352.675,1346.8180505120104,,0.8,-7.268852186825825e-12,-1.452155759124015e-14,"{'time_exit_bars': 1, 'atr': 2.207316495996538, 'entry_hour_utc': 20, 'exit_reason': 'time_exit', 'signal_time': Timestamp('2018-03-26 20:00:00+0000', tz='UTC')}"
2018-03-27 22:00:00+00:00,2018-03-28 00:00:00+00:00,1,1345.7849999999999,1345.255,1336.7287886743618,,0.55,-7.149999999985994,-0.014354788699742065,"{'time_exit_bars': 1, 'atr': 2.6204037752126728, 'entry_hour_utc': 20, 'exit_reason': 'time_exit', 'signal_time': Timestamp('2018-03-27 20:00:00+0000', tz='UTC')}"
2018-03-28 22:00:00+00:00,2018-03-29 00:00:00+00:00,1,1324.5349999999999,1326.345,1316.292871868864,,0.61,183.61000000001053,0.36519694332698716,"{'time_exit_bars': 1, 'atr': 2.8457093770452806, 'entry_hour_utc': 20, 'exit_reason': 'time_exit', 'signal_time': Timestamp('2018-03-28 20:00:00+0000', tz='UTC')}"
2018-04-01 22:00:00+00:00,2018-04-02 00:00:00+00:00,1,1325.975,1326.445,1318.6392173116644,,0.68,59.16000000000186,0.11859675197077484,"{'time_exit_bars': 1, 'atr': 2.13359422944519, 'entry_hour_utc': 20, 'exit_reason': 'time_exit', 'signal_time': Timestamp('2018-03-29 20:00:00+0000', tz='UTC')}"
2018-04-02 22:00:00+00:00,2018-04-03 00:00:00+00:00,1,1340.7849999999999,1341.395,1334.0648207698323,,0.75,75.75000000000955,0.1502936105433224,"{'time_exit_bars': 1, 'atr': 2.3250597433892395, 'entry_hour_utc': 20, 'exit_reason': 'time_exit', 'signal_time': Timestamp('2018-04-02 20:00:00+0000', tz='UTC')}"
2018-04-03 22:00:00+00:00,2018-04-04 00:00:00+00:00,1,1332.7549999999999,1333.015,1324.7893222384487,,0.63,41.580000000013754,0.08285547316336488,"{'time_exit_bars': 1, 'atr': 2.5835592538504146, 'entry_hour_utc': 20, 'exit_reason': 'time_exit', 'signal_time': Timestamp('2018-04-03 20:00:00+0000', tz='UTC')}"
2018-04-04 22:00:00+00:00,2018-04-05 00:00:00+00:00,1,1333.2749999999999,1333.295,1323.422071730582,,0.51,62.220000000010664,0.1238210577242227,"{'time_exit_bars': 1, 'atr': 3.2726427564726848, 'entry_hour_utc': 20, 'exit_reason': 'time_exit', 'signal_time': Timestamp('2018-04-04 20:00:00+0000', tz='UTC')}"
2018-04-05 22:00:00+00:00,2018-04-06 00:00:00+00:00,1,1327.425,1330.7350000000001,1319.0900045726587,,0.6,222.60000000001037,0.44511122199662806,"{'time_exit_bars': 1, 'atr': 2.4266651424470465, 'entry_hour_utc': 20, 'exit_reason': 'time_exit', 'signal_time': Timestamp('2018-04-05 20:00:00+0000', tz='UTC')}"
2018-04-08 22:00:00+00:00,2018-04-09 00:00:00+00:00,1,1333.665,1332.305,1323.4270575265195,,0.49,-47.039999999995096,-0.0937688410036109,"{'time_exit_bars': 1, 'atr': 3.0876474911601384, 'entry_hour_utc': 20, 'exit_reason': 'time_exit', 'signal_time': Timestamp('2018-04-06 20:00:00+0000', tz='UTC')}"
2018-04-09 22:00:00+00:00,2018-04-10 00:00:00+00:00,1,1336.7849999999999,1336.305,1329.2842133233708,,0.67,-5.359999999985991,-0.010665547954997082,"{'time_exit_bars': 1, 'atr': 2.258595558876386, 'entry_hour_utc': 20, 'exit_reason': 'time_exit', 'signal_time': Timestamp('2018-04-09 20:00:00+0000', tz='UTC')}"
2018-04-10 22:00:00+00:00,2018-04-11 00:00:00+00:00,1,1339.715,1341.645,1331.2207010272612,,0.59,137.47000000000375,0.2743016236510942,"{'time_exit_bars': 1, 'atr': 2.619766324246274, 'entry_hour_utc': 20, 'exit_reason': 'time_exit', 'signal_time': Timestamp('2018-04-10 20:00:00+0000', tz='UTC')}"
2018-04-11 22:00:00+00:00,2018-04-12 00:00:00+00:00,1,1352.745,1352.7150000000001,1341.2306928554428,,0.44,51.48000000001121,0.10161271410527968,"{'time_exit_bars': 1, 'atr': 3.9497690481857295, 'entry_hour_utc': 20, 'exit_reason': 'time_exit', 'signal_time': Timestamp('2018-04-11 20:00:00+0000', tz='UTC')}"
2018-04-12 22:00:00+00:00,2018-04-13 00:00:00+00:00,1,1335.715,1337.585,1325.2420285752003,,0.48,108.96000000000568,0.2167484191377466,"{'time_exit_bars': 1, 'atr': 3.209323808266567, 'entry_hour_utc': 20, 'exit_reason': 'time_exit', 'signal_time': Timestamp('2018-04-12 20:00:00+0000', tz='UTC')}"
2018-04-15 22:00:00+00:00,2018-04-16 00:00:00+00:00,1,1342.865,1343.625,1336.9485726119112,,0.85,98.59999999999923,0.19606426715138195,"{'time_exit_bars': 1, 'atr': 2.7071424626962335, 'entry_hour_utc': 20, 'exit_reason': 'time_exit', 'signal_time': Timestamp('2018-04-13 20:00:00+0000', tz='UTC')}"
2018-04-16 22:00:00+00:00,2018-04-17 00:00:00+00:00,1,1346.065,1347.915,1339.0312876517223,,0.72,161.99999999999346,0.3198879750251434,"{'time_exit_bars': 1, 'atr': 2.1862374494258643, 'entry_hour_utc': 20, 'exit_reason': 'time_exit', 'signal_time': Timestamp('2018-04-16 20:00:00+0000', tz='UTC')}"
2018-04-17 22:00:00+00:00,2018-04-18 00:00:00+00:00,1,1347.2949999999998,1346.075,1339.1636307814983,,0.62,-50.8399999999876,-0.10084402490715018,"{'time_exit_bars': 1, 'atr': 2.6687897395005487, 'entry_hour_utc': 20, 'exit_reason': 'time_exit', 'signal_time': Timestamp('2018-04-17 20:00:00+0000', tz='UTC')}"
2018-04-18 22:00:00+00:00,2018-04-19 00:00:00+00:00,1,1349.345,1350.385,1340.827916661797,,0.59,132.15999999999784,0.2630008315114783,"{'time_exit_bars': 1, 'atr': 2.7940277794010204, 'entry_hour_utc': 20, 'exit_reason': 'time_exit', 'signal_time': Timestamp('2018-04-18 20:00:00+0000', tz='UTC')}"
2018-04-19 22:00:00+00:00,2018-04-20 00:00:00+00:00,1,1345.855,1344.2250000000001,1336.9088474190175,,0.57,-70.10999999999326,-0.13748927137846811,"{'time_exit_bars': 1, 'atr': 2.9303841936608133, 'entry_hour_utc': 20, 'exit_reason': 'time_exit', 'signal_time': Timestamp('2018-04-19 20:00:00+0000', tz='UTC')}"
2018-04-22 22:00:00+00:00,2018-04-23 00:00:00+00:00,1,1334.865,1332.7350000000001,1328.6804491046992,,0.82,-141.85999999999026,-0.27972928500182165,"{'time_exit_bars': 1, 'atr': 2.253183631766954, 'entry_hour_utc': 20, 'exit_reason': 'time_exit', 'signal_time': Timestamp('2018-04-20 20:00:00+0000', tz='UTC')}"
2018-04-23 22:00:00+00:00,2018-04-24 00:00:00+00:00,1,1324.955,1324.345,1318.3571132616935,,0.77,-16.169999999992292,-0.0318283729820138,"{'time_exit_bars': 1, 'atr': 2.1342955794354683, 'entry_hour_utc': 20, 'exit_reason': 'time_exit', 'signal_time': Timestamp('2018-04-23 20:00:00+0000', tz='UTC')}"
2018-04-24 22:00:00+00:00,2018-04-25 00:00:00+00:00,1,1330.235,1331.4650000000001,1323.8785381595892,,0.8,130.40000000001965,0.2564319649710865,"{'time_exit_bars': 1, 'atr': 2.2971539468036277, 'entry_hour_utc': 20, 'exit_reason': 'time_exit', 'signal_time': Timestamp('2018-04-24 20:00:00+0000', tz='UTC')}"
2018-04-25 22:00:00+00:00,2018-04-26 00:00:00+00:00,1,1322.2649999999999,1322.4750000000001,1316.745313724511,,0.92,129.72000000002427,0.2554493008527752,"{'time_exit_bars': 1, 'atr': 2.0448954251630047, 'entry_hour_utc': 20, 'exit_reason': 'time_exit', 'signal_time': Timestamp('2018-04-25 20:00:00+0000', tz='UTC')}"
2018-04-26 22:00:00+00:00,2018-04-27 00:00:00+00:00,1,1317.5349999999999,1317.775,1310.2559629743453,,0.7,44.80000000001655,0.08792371817104237,"{'time_exit_bars': 1, 'atr': 2.2513456752182197, 'entry_hour_utc': 20, 'exit_reason': 'time_exit', 'signal_time': Timestamp('2018-04-26 20:00:00+0000', tz='UTC')}"
2018-04-29 22:00:00+00:00,2018-04-30 00:00:00+00:00,1,1322.955,1323.165,1316.2478484012827,,0.76,46.36000000000277,0.09094769829217815,"{'time_exit_bars': 1, 'atr': 2.2207171995724484, 'entry_hour_utc': 20, 'exit_reason': 'time_exit', 'signal_time': Timestamp('2018-04-27 20:00:00+0000', tz='UTC')}"
2018-04-30 22:00:00+00:00,2018-05-01 00:00:00+00:00,1,1316.2849999999999,1314.9850000000001,1306.6987112154056,,0.53,-47.699999999985536,-0.09388409010232249,"{'time_exit_bars': 1, 'atr': 2.760429594864767, 'entry_hour_utc': 20, 'exit_reason': 'time_exit', 'signal_time': Timestamp('2018-04-30 20:00:00+0000', tz='UTC')}"
2018-05-01 22:00:00+00:00,2018-05-02 00:00:00+00:00,1,1304.7849999999999,1305.355,1297.5882974077022,,0.7,67.90000000001146,0.1347839496713829,"{'time_exit_bars': 1, 'atr': 2.1372341974326177, 'entry_hour_utc': 20, 'exit_reason': 'time_exit', 'signal_time': Timestamp('2018-05-01 20:00:00+0000', tz='UTC')}"
2018-05-02 22:00:00+00:00,2018-05-03 00:00:00+00:00,1,1305.7849999999999,1305.655,1296.9083446629381,,0.57,60.99000000000673,0.12054089737298519,"{'time_exit_bars': 1, 'atr': 2.6705517790206783, 'entry_hour_utc': 20, 'exit_reason': 'time_exit', 'signal_time': Timestamp('2018-05-02 20:00:00+0000', tz='UTC')}"
2018-05-03 22:00:00+00:00,2018-05-04 00:00:00+00:00,1,1312.5149999999999,1312.625,1304.5444243403579,,0.64,32.64000000000815,0.0639853408057397,"{'time_exit_bars': 1, 'atr': 2.548525219880731, 'entry_hour_utc': 20, 'exit_reason': 'time_exit', 'signal_time': Timestamp('2018-05-03 20:00:00+0000', tz='UTC')}"
2018-05-06 22:00:00+00:00,2018-05-07 00:00:00+00:00,1,1315.065,1314.4750000000001,1308.2956818494524,,0.75,-14.249999999993857,-0.028067819501813078,"{'time_exit_bars': 1, 'atr': 2.1014393835158103, 'entry_hour_utc': 20, 'exit_reason': 'time_exit', 'signal_time': Timestamp('2018-05-04 20:00:00+0000', tz='UTC')}"
2018-05-07 22:00:00+00:00,2018-05-08 00:00:00+00:00,1,1314.475,1315.605,1308.534478825787,,0.86,131.5800000000094,0.2575531599216628,"{'time_exit_bars': 1, 'atr': 1.8885070580710601, 'entry_hour_utc': 20, 'exit_reason': 'time_exit', 'signal_time': Timestamp('2018-05-07 20:00:00+0000', tz='UTC')}"
2018-05-08 22:00:00+00:00,2018-05-09 00:00:00+00:00,1,1315.165,1316.175,1306.40798747891,,0.58,81.77999999999946,0.16101381568248377,"{'time_exit_bars': 1, 'atr': 2.754004173696731, 'entry_hour_utc': 20, 'exit_reason': 'time_exit', 'signal_time': Timestamp('2018-05-08 20:00:00+0000', tz='UTC')}"
2018-05-09 22:00:00+00:00,2018-05-10 00:00:00+00:00,1,1312.365,1312.2450000000001,1305.2594819866722,,0.72,77.76000000000786,0.15199454817711458,"{'time_exit_bars': 1, 'atr': 2.366839337775915, 'entry_hour_utc': 20, 'exit_reason': 'time_exit', 'signal_time': Timestamp('2018-05-09 20:00:00+0000', tz='UTC')}"
2018-05-10 22:00:00+00:00,2018-05-11 00:00:00+00:00,1,1321.455,1320.895,1313.7643353826847,,0.66,-10.559999999996396,-0.020804443823972344,"{'time_exit_bars': 1, 'atr': 2.428554872438388, 'entry_hour_utc': 20, 'exit_reason': 'time_exit', 'signal_time': Timestamp('2018-05-10 20:00:00+0000', tz='UTC')}"
2018-05-13 22:00:00+00:00,2018-05-14 00:00:00+00:00,1,1318.2849999999999,1319.935,1312.054941408076,,0.82,168.10000000000747,0.32904987485311316,"{'time_exit_bars': 1, 'atr': 1.95835286397467, 'entry_hour_utc': 20, 'exit_reason': 'time_exit', 'signal_time': Timestamp('2018-05-11 20:00:00+0000', tz='UTC')}"
2018-05-14 22:00:00+00:00,2018-05-15 00:00:00+00:00,1,1314.315,1313.555,1307.5159418654748,,0.75,-26.999999999999314,-0.052948510349092454,"{'time_exit_bars': 1, 'atr': 1.8713527115083948, 'entry_hour_utc': 20, 'exit_reason': 'time_exit', 'signal_time': Timestamp('2018-05-14 20:00:00+0000', tz='UTC')}"
2018-05-15 22:00:00+00:00,2018-05-16 00:00:00+00:00,1,1290.865,1292.625,1282.5590696505071,,0.61,131.75999999999942,0.2600551544634454,"{'time_exit_bars': 1, 'atr': 2.736976783164262, 'entry_hour_utc': 20, 'exit_reason': 'time_exit', 'signal_time': Timestamp('2018-05-15 20:00:00+0000', tz='UTC')}"
2018-05-16 22:00:00+00:00,2018-05-17 00:00:00+00:00,1,1291.135,1291.585,1283.356682211228,,0.66,108.900000000003,0.21212812909004744,"{'time_exit_bars': 1, 'atr': 2.374439262924012, 'entry_hour_utc': 20, 'exit_reason': 'time_exit', 'signal_time': Timestamp('2018-05-16 20:00:00+0000', tz='UTC')}"
2018-05-17 22:00:00+00:00,2018-05-18 00:00:00+00:00,1,1290.665,1289.335,1283.8811382839526,,0.75,-69.74999999999454,-0.13709005857239048,"{'time_exit_bars': 1, 'atr': 2.2962872386824538, 'entry_hour_utc': 20, 'exit_reason': 'time_exit', 'signal_time': Timestamp('2018-05-17 20:00:00+0000', tz='UTC')}"
2018-05-20 22:00:00+00:00,2018-05-21 00:00:00+00:00,1,1291.695,1290.9650000000001,1286.2981381402521,,0.95,-31.349999999980128,-0.06114664569443191,"{'time_exit_bars': 1, 'atr': 2.0606206199159884, 'entry_hour_utc': 20, 'exit_reason': 'time_exit', 'signal_time': Timestamp('2018-05-18 20:00:00+0000', tz='UTC')}"
2018-05-21 22:00:00+00:00,2018-05-22 00:00:00+00:00,1,1292.7949999999998,1292.315,1286.4685601078208,,0.81,-6.4799999999830575,-0.012645342619739437,"{'time_exit_bars': 1, 'atr': 2.003813297393085, 'entry_hour_utc': 20, 'exit_reason': 'time_exit', 'signal_time': Timestamp('2018-05-21 20:00:00+0000', tz='UTC')}"
2018-05-22 22:00:00+00:00,2018-05-23 00:00:00+00:00,1,1291.405,1293.275,1284.876298766617,,0.78,177.06000000000924,0.3476954939204505,"{'time_exit_bars': 1, 'atr': 2.0479004111276238, 'entry_hour_utc': 20, 'exit_reason': 'time_exit', 'signal_time': Timestamp('2018-05-22 20:00:00+0000', tz='UTC')}"
2018-05-23 22:00:00+00:00,2018-05-24 00:00:00+00:00,1,1294.075,1294.755,1284.9517746963425,,0.56,105.28000000000357,0.20606747476096562,"{'time_exit_bars': 1, 'atr': 2.7427417678858346, 'entry_hour_utc': 20, 'exit_reason': 'time_exit', 'signal_time': Timestamp('2018-05-23 20:00:00+0000', tz='UTC')}"
2018-05-24 22:00:00+00:00,2018-05-25 00:00:00+00:00,1,1305.0149999999999,1304.145,1298.0737592475816,,0.74,-34.77999999999193,-0.06771123733694845,"{'time_exit_bars': 1, 'atr': 2.0587469174727597, 'entry_hour_utc': 20, 'exit_reason': 'time_exit', 'signal_time': Timestamp('2018-05-24 20:00:00+0000', tz='UTC')}"
2018-05-27 22:00:00+00:00,2018-05-28 00:00:00+00:00,1,1299.585,1298.605,1294.6099644639457,,1.03,-59.74000000000187,-0.11658208183574442,"{'time_exit_bars': 1, 'atr': 1.9700118453514341, 'entry_hour_utc': 20, 'exit_reason': 'time_exit', 'signal_time': Timestamp('2018-05-25 20:00:00+0000', tz='UTC')}"
2018-05-29 22:00:00+00:00,2018-05-30 00:00:00+00:00,1,1299.855,1301.895,1287.8584971318287,,0.42,102.47999999999847,0.203392607563466,"{'time_exit_bars': 1, 'atr': 3.5938342893904944, 'entry_hour_utc': 20, 'exit_reason': 'time_exit', 'signal_time': Timestamp('2018-05-29 20:00:00+0000', tz='UTC')}"
2018-05-30 22:00:00+00:00,2018-05-31 00:00:00+00:00,1,1301.875,1302.365,1295.4953081876492,,0.8,135.20000000000073,0.2649030783474925,"{'time_exit_bars': 1, 'atr': 2.018230604116918, 'entry_hour_utc': 20, 'exit_reason': 'time_exit', 'signal_time': Timestamp('2018-05-30 20:00:00+0000', tz='UTC')}"
2018-05-31 22:00:00+00:00,2018-06-01 00:00:00+00:00,1,1299.065,1299.125,1290.8976105446604,,0.63,28.97999999999656,0.056321545888718454,"{'time_exit_bars': 1, 'atr': 2.4474631517798646, 'entry_hour_utc': 20, 'exit_reason': 'time_exit', 'signal_time': Timestamp('2018-05-31 20:00:00+0000', tz='UTC')}"
2018-06-03 22:00:00+00:00,2018-06-04 00:00:00+00:00,1,1293.215,1292.515,1286.7154454497593,,0.79,-23.699999999985625,-0.046157009327463916,"{'time_exit_bars': 1, 'atr': 2.184851516746891, 'entry_hour_utc': 20, 'exit_reason': 'time_exit', 'signal_time': Timestamp('2018-06-01 20:00:00+0000', tz='UTC')}"
2018-06-04 22:00:00+00:00,2018-06-05 00:00:00+00:00,1,1292.355,1291.315,1286.6314220504426,,0.9,-57.59999999999672,-0.11181816787337488,"{'time_exit_bars': 1, 'atr': 1.726192649852478, 'entry_hour_utc': 20, 'exit_reason': 'time_exit', 'signal_time': Timestamp('2018-06-04 20:00:00+0000', tz='UTC')}"
2018-06-05 22:00:00+00:00,2018-06-06 00:00:00+00:00,1,1297.0149999999999,1296.7350000000001,1290.153087135781,,0.75,9.000000000019103,0.017487835006764808,"{'time_exit_bars': 1, 'atr': 2.1123042880729606, 'entry_hour_utc': 20, 'exit_reason': 'time_exit', 'signal_time': Timestamp('2018-06-05 20:00:00+0000', tz='UTC')}"
2018-06-06 22:00:00+00:00,2018-06-07 00:00:00+00:00,1,1296.7849999999999,1297.075,1289.5019887002334,,0.7,104.30000000001337,0.20458570482349311,"{'time_exit_bars': 1, 'atr': 2.149337099922218, 'entry_hour_utc': 20, 'exit_reason': 'time_exit', 'signal_time': Timestamp('2018-06-06 20:00:00+0000', tz='UTC')}"
2018-06-07 22:00:00+00:00,2018-06-08 00:00:00+00:00,1,1297.475,1297.035,1291.0276220739233,,0.8,-3.1999999999861686,-0.006204072486281001,"{'time_exit_bars': 1, 'atr': 1.8941259753588835, 'entry_hour_utc': 20, 'exit_reason': 'time_exit', 'signal_time': Timestamp('2018-06-07 20:00:00+0000', tz='UTC')}"
2018-06-10 22:00:00+00:00,2018-06-11 00:00:00+00:00,1,1299.2749999999999,1298.935,1293.0431181416757,,0.82,4.920000000006716,0.009627910375087968,"{'time_exit_bars': 1, 'atr': 1.8522939527747462, 'entry_hour_utc': 20, 'exit_reason': 'time_exit', 'signal_time': Timestamp('2018-06-08 20:00:00+0000', tz='UTC')}"
2018-06-11 22:00:00+00:00,2018-06-12 00:00:00+00:00,1,1300.095,1297.945,1295.5770798160736,,1.14,-199.50000000001037,-0.3873463737199538,"{'time_exit_bars': 1, 'atr': 1.5909733946420974, 'entry_hour_utc': 20, 'exit_reason': 'time_exit', 'signal_time': Timestamp('2018-06-11 20:00:00+0000', tz='UTC')}"
2018-06-12 22:00:00+00:00,2018-06-13 00:00:00+00:00,1,1295.615,1295.2150000000001,1289.6968511167222,,0.87,1.1873169114551274e-11,2.306011742942945e-14,"{'time_exit_bars': 1, 'atr': 1.941049627759284, 'entry_hour_utc': 20, 'exit_reason': 'time_exit', 'signal_time': Timestamp('2018-06-12 20:00:00+0000', tz='UTC')}"
2018-06-13 22:00:00+00:00,2018-06-14 00:00:00+00:00,1,1300.0249999999999,1299.145,1293.5674596296506,,0.79,25.280000000009323,0.04955447146245379,"{'time_exit_bars': 1, 'atr': 1.9641801234498586, 'entry_hour_utc': 20, 'exit_reason': 'time_exit', 'signal_time': Timestamp('2018-06-13 20:00:00+0000', tz='UTC')}"
2018-06-14 22:00:00+00:00,2018-06-15 00:00:00+00:00,1,1302.335,1302.155,1295.3208815164705,,0.73,16.05999999999535,0.03136530991264813,"{'time_exit_bars': 1, 'atr': 2.309706161176485, 'entry_hour_utc': 20, 'exit_reason': 'time_exit', 'signal_time': Timestamp('2018-06-14 20:00:00+0000', tz='UTC')}"
2018-06-17 22:00:00+00:00,2018-06-18 00:00:00+00:00,1,1279.305,1280.695,1270.9110297739464,,0.61,109.18999999999224,0.21324831418200427,"{'time_exit_bars': 1, 'atr': 3.0929900753512154, 'entry_hour_utc': 20, 'exit_reason': 'time_exit', 'signal_time': Timestamp('2018-06-15 20:00:00+0000', tz='UTC')}"
2018-06-18 22:00:00+00:00,2018-06-19 00:00:00+00:00,1,1279.055,1281.035,1272.816642929923,,0.82,195.1600000000015,0.3815107043833662,"{'time_exit_bars': 1, 'atr': 1.7944523566923478, 'entry_hour_utc': 20, 'exit_reason': 'time_exit', 'signal_time': Timestamp('2018-06-18 20:00:00+0000', tz='UTC')}"
2018-06-19 22:00:00+00:00,2018-06-20 00:00:00+00:00,1,1275.115,1274.765,1267.1816628740469,,0.65,3.2500000000059117,0.00630251799542476,"{'time_exit_bars': 1, 'atr': 2.4261123753177123, 'entry_hour_utc': 20, 'exit_reason': 'time_exit', 'signal_time': Timestamp('2018-06-19 20:00:00+0000', tz='UTC')}"
2018-06-20 22:00:00+00:00,2018-06-21 00:00:00+00:00,1,1268.225,1269.165,1261.8552609828812,,0.81,173.3400000000044,0.3359635291569701,"{'time_exit_bars': 1, 'atr': 1.9015796723728995, 'entry_hour_utc': 20, 'exit_reason': 'time_exit', 'signal_time': Timestamp('2018-06-20 20:00:00+0000', tz='UTC')}"
2018-06-21 22:00:00+00:00,2018-06-22 00:00:00+00:00,1,1267.555,1267.115,1261.0029027167145,,0.79,-3.160000000004313,-0.0061049154599848365,"{'time_exit_bars': 1, 'atr': 2.0790324277618164, 'entry_hour_utc': 20, 'exit_reason': 'time_exit', 'signal_time': Timestamp('2018-06-21 20:00:00+0000', tz='UTC')}"
2018-06-24 22:00:00+00:00,2018-06-25 00:00:00+00:00,1,1271.5449999999998,1270.7150000000001,1263.9834886266565,,0.68,-29.239999999979595,-0.05686693820438876,"{'time_exit_bars': 1, 'atr': 1.74217045778119, 'entry_hour_utc': 20, 'exit_reason': 'time_exit', 'signal_time': Timestamp('2018-06-22 20:00:00+0000', tz='UTC')}"
2018-06-25 22:00:00+00:00,2018-06-26 00:00:00+00:00,1,1266.215,1265.7150000000001,1258.9267165307397,,0.71,-7.099999999983858,-0.013720651840936491,"{'time_exit_bars': 1, 'atr': 2.131094489753424, 'entry_hour_utc': 20, 'exit_reason': 'time_exit', 'signal_time': Timestamp('2018-06-25 20:00:00+0000', tz='UTC')}"
2018-06-26 22:00:00+00:00,2018-06-27 00:00:00+00:00,1,1258.615,1257.935,1252.03717776102,,0.78,-21.840000000004967,-0.042567279842376085,"{'time_exit_bars': 1, 'atr': 2.137607412993309, 'entry_hour_utc': 20, 'exit_reason': 'time_exit', 'signal_time': Timestamp('2018-06-26 20:00:00+0000', tz='UTC')}"
2018-06-27 22:00:00+00:00,2018-06-28 00:00:00+00:00,1,1252.485,1252.675,1244.7184589475366,,0.66,91.7400000000036,0.17897285169943178,"{'time_exit_bars': 1, 'atr': 2.3571803508210936, 'entry_hour_utc': 20, 'exit_reason': 'time_exit', 'signal_time': Timestamp('2018-06-27 20:00:00+0000', tz='UTC')}"
2018-06-28 22:00:00+00:00,2018-06-29 00:00:00+00:00,1,1248.185,1248.335,1242.0638599098272,,0.84,46.20000000000764,0.08985254248356384,"{'time_exit_bars': 1, 'atr': 2.025380030057631, 'entry_hour_utc': 20, 'exit_reason': 'time_exit', 'signal_time': Timestamp('2018-06-28 20:00:00+0000', tz='UTC')}"
2018-07-01 22:00:00+00:00,2018-07-02 00:00:00+00:00,1,1252.905,1253.115,1246.7475187541438,,0.84,51.24000000000306,0.09906648118669496,"{'time_exit_bars': 1, 'atr': 1.9974937486187576, 'entry_hour_utc': 20, 'exit_reason': 'time_exit', 'signal_time': Timestamp('2018-06-29 20:00:00+0000', tz='UTC')}"
2018-07-02 20:00:00+00:00,2018-07-03 00:00:00+00:00,1,1240.095,1241.875,1233.8733662977374,,0.8,174.39999999999782,0.3503902840193222,"{'time_exit_bars': 2, 'atr': 2.0155445674209105, 'entry_hour_utc': 19, 'exit_reason': 'time_exit', 'signal_time': Timestamp('2018-07-02 19:00:00+0000', tz='UTC')}"
2018-07-03 20:00:00+00:00,2018-07-04 00:00:00+00:00,1,1252.915,1254.7450000000001,1245.139573212745,,0.64,142.72000000000992,0.2868009771059078,"{'time_exit_bars': 2, 'atr': 2.530142262418344, 'entry_hour_utc': 19, 'exit_reason': 'time_exit', 'signal_time': Timestamp('2018-07-03 19:00:00+0000', tz='UTC')}"
2018-07-05 20:00:00+00:00,2018-07-06 00:00:00+00:00,1,1257.225,1257.125,1250.8723926334903,,0.78,23.4000000000071,0.04722470360464374,"{'time_exit_bars': 2, 'atr': 2.069202455503231, 'entry_hour_utc': 19, 'exit_reason': 'time_exit', 'signal_time': Timestamp('2018-07-05 19:00:00+0000', tz='UTC')}"
2018-07-06 20:00:00+00:00,2018-07-09 00:00:00+00:00,1,1255.095,1256.155,1249.2015726706136,,0.85,192.09999999999536,0.383478046591139,"{'time_exit_bars': 2, 'atr': 1.9094757764621895, 'entry_hour_utc': 19, 'exit_reason': 'time_exit', 'signal_time': Timestamp('2018-07-06 19:00:00+0000', tz='UTC')}"
2018-07-09 20:00:00+00:00,2018-07-10 00:00:00+00:00,1,1258.305,1258.125,1252.6348302910035,,0.88,19.3599999999944,0.038799544156654264,"{'time_exit_bars': 2, 'atr': 1.8317232363322025, 'entry_hour_utc': 19, 'exit_reason': 'time_exit', 'signal_time': Timestamp('2018-07-09 19:00:00+0000', tz='UTC')}"
2018-07-10 20:00:00+00:00,2018-07-11 00:00:00+00:00,1,1255.585,1255.7050000000002,1248.2312824588394,,0.68,35.36000000000804,0.07071253377486184,"{'time_exit_bars': 2, 'atr': 2.3729058470534987, 'entry_hour_utc': 19, 'exit_reason': 'time_exit', 'signal_time': Timestamp('2018-07-10 19:00:00+0000', tz='UTC')}"
2018-07-11 20:00:00+00:00,2018-07-12 00:00:00+00:00,1,1242.385,1242.4950000000001,1235.2638642580368,,0.7,91.70000000000891,0.1839594198830689,"{'time_exit_bars': 2, 'atr': 2.2887119139877847, 'entry_hour_utc': 19, 'exit_reason': 'time_exit', 'signal_time': Timestamp('2018-07-11 19:00:00+0000', tz='UTC')}"
2018-07-12 20:00:00+00:00,2018-07-13 00:00:00+00:00,1,1247.115,1245.7450000000001,1241.478489161882,,0.89,-86.32999999999029,-0.17209227975577868,"{'time_exit_bars': 2, 'atr': 1.8305036127060201, 'entry_hour_utc': 19, 'exit_reason': 'time_exit', 'signal_time': Timestamp('2018-07-12 19:00:00+0000', tz='UTC')}"
2018-07-13 20:00:00+00:00,2018-07-16 00:00:00+00:00,1,1241.665,1240.935,1234.654961078611,,0.71,33.36999999999872,0.06704670334510157,"{'time_exit_bars': 2, 'atr': 2.298346307129682, 'entry_hour_utc': 19, 'exit_reason': 'time_exit', 'signal_time': Timestamp('2018-07-13 19:00:00+0000', tz='UTC')}"
2018-07-16 20:00:00+00:00,2018-07-17 00:00:00+00:00,1,1241.2749999999999,1240.515,1235.6935159643301,,0.9,-32.39999999997871,-0.06449897512903403,"{'time_exit_bars': 2, 'atr': 1.8054946785565573, 'entry_hour_utc': 19, 'exit_reason': 'time_exit', 'signal_time': Timestamp('2018-07-16 19:00:00+0000', tz='UTC')}"
2018-07-17 20:00:00+00:00,2018-07-18 00:00:00+00:00,1,1227.825,1226.915,1220.2340237300148,,0.66,-33.66000000000541,-0.06718503415912683,"{'time_exit_bars': 2, 'atr': 2.49865875666175, 'entry_hour_utc': 19, 'exit_reason': 'time_exit', 'signal_time': Timestamp('2018-07-17 19:00:00+0000', tz='UTC')}"
2018-07-18 20:00:00+00:00,2018-07-19 00:00:00+00:00,1,1227.925,1227.135,1222.111279388265,,0.86,35.26000000000313,0.07052282477635055,"{'time_exit_bars': 2, 'atr': 1.8462402039116408, 'entry_hour_utc': 19, 'exit_reason': 'time_exit', 'signal_time': Timestamp('2018-07-18 19:00:00+0000', tz='UTC')}"
2018-07-19 20:00:00+00:00,2018-07-20 00:00:00+00:00,1,1222.855,1223.2450000000001,1212.3371613031668,,0.47,37.1300000000047,0.07511048826390142,"{'time_exit_bars': 2, 'atr': 3.4309462322777864, 'entry_hour_utc': 19, 'exit_reason': 'time_exit', 'signal_time': Timestamp('2018-07-19 19:00:00+0000', tz='UTC')}"
2018-07-20 20:00:00+00:00,2018-07-23 00:00:00+00:00,1,1230.875,1232.605,1221.7365655068254,,0.55,161.150000000001,0.3206238445095168,"{'time_exit_bars': 2, 'atr': 2.9544781643915123, 'entry_hour_utc': 19, 'exit_reason': 'time_exit', 'signal_time': Timestamp('2018-07-20 19:00:00+0000', tz='UTC')}"
2018-07-23 20:00:00+00:00,2018-07-24 00:00:00+00:00,1,1225.065,1223.9950000000001,1217.5366236100072,,0.66,-44.21999999999579,-0.08899661298690302,"{'time_exit_bars': 2, 'atr': 2.444458796664232, 'entry_hour_utc': 19, 'exit_reason': 'time_exit', 'signal_time': Timestamp('2018-07-23 19:00:00+0000', tz='UTC')}"
2018-07-24 20:00:00+00:00,2018-07-25 00:00:00+00:00,1,1225.355,1224.915,1217.6784828069087,,0.65,-2.6000000000035506,-0.00521069633453747,"{'time_exit_bars': 2, 'atr': 2.5005057310304477, 'entry_hour_utc': 19, 'exit_reason': 'time_exit', 'signal_time': Timestamp('2018-07-24 19:00:00+0000', tz='UTC')}"
2018-07-25 20:00:00+00:00,2018-07-26 00:00:00+00:00,1,1232.145,1232.875,1224.6568787027516,,0.67,129.31000000000122,0.257741551370063,"{'time_exit_bars': 2, 'atr': 2.4377070990828567, 'entry_hour_utc': 19, 'exit_reason': 'time_exit', 'signal_time': Timestamp('2018-07-25 19:00:00+0000', tz='UTC')}"
2018-07-26 20:00:00+00:00,2018-07-27 00:00:00+00:00,1,1222.855,1223.915,1216.2121265639744,,0.75,109.49999999999591,0.2197844071636337,"{'time_exit_bars': 2, 'atr': 2.165957812008584, 'entry_hour_utc': 19, 'exit_reason': 'time_exit', 'signal_time': Timestamp('2018-07-26 19:00:00+0000', tz='UTC')}"
2018-07-27 20:00:00+00:00,2018-07-30 00:00:00+00:00,1,1223.2549999999999,1222.2450000000001,1216.2433298280264,,0.72,13.680000000017031,0.02709768077222028,"{'time_exit_bars': 2, 'atr': 2.2822233906578435, 'entry_hour_utc': 19, 'exit_reason': 'time_exit', 'signal_time': Timestamp('2018-07-27 19:00:00+0000', tz='UTC')}"
2018-07-30 20:00:00+00:00,2018-07-31 00:00:00+00:00,1,1221.385,1222.315,1216.0404105565071,,0.94,125.02000000000598,0.24884979736270793,"{'time_exit_bars': 2, 'atr': 1.723196481164261, 'entry_hour_utc': 19, 'exit_reason': 'time_exit', 'signal_time': Timestamp('2018-07-30 19:00:00+0000', tz='UTC')}"
2018-07-31 20:00:00+00:00,2018-08-01 00:00:00+00:00,1,1224.725,1223.685,1216.3464753605,,0.6,-38.39999999999781,-0.07638576331001536,"{'time_exit_bars': 2, 'atr': 2.7511748798332505, 'entry_hour_utc': 19, 'exit_reason': 'time_exit', 'signal_time': Timestamp('2018-07-31 19:00:00+0000', tz='UTC')}"
2018-08-01 20:00:00+00:00,2018-08-02 00:00:00+00:00,1,1216.2949999999998,1217.545,1209.1438218835794,,0.7,171.50000000001592,0.342600891785171,"{'time_exit_bars': 2, 'atr': 2.3253927054734587, 'entry_hour_utc': 19, 'exit_reason': 'time_exit', 'signal_time': Timestamp('2018-08-01 19:00:00+0000', tz='UTC')}"
2018-08-02 20:00:00+00:00,2018-08-03 00:00:00+00:00,1,1209.335,1208.125,1202.5897169440454,,0.75,-60.75000000000273,-0.12008391542368059,"{'time_exit_bars': 2, 'atr': 2.1934276853182064, 'entry_hour_utc': 19, 'exit_reason': 'time_exit', 'signal_time': Timestamp('2018-08-02 19:00:00+0000', tz='UTC')}"
2018-08-03 20:00:00+00:00,2018-08-06 00:00:00+00:00,1,1213.715,1214.615,1206.5328739725794,,0.7,147.00000000000637,0.29239253000887744,"{'time_exit_bars': 2, 'atr': 2.3357086758068735, 'entry_hour_utc': 19, 'exit_reason': 'time_exit', 'signal_time': Timestamp('2018-08-03 19:00:00+0000', tz='UTC')}"
2018-08-06 20:00:00+00:00,2018-08-07 00:00:00+00:00,1,1207.585,1208.4650000000001,1202.1200244490499,,0.92,117.76000000001005,0.23421879715044006,"{'time_exit_bars': 2, 'atr': 1.7633251836500967, 'entry_hour_utc': 19, 'exit_reason': 'time_exit', 'signal_time': Timestamp('2018-08-06 19:00:00+0000', tz='UTC')}"
2018-08-07 20:00:00+00:00,2018-08-08 00:00:00+00:00,1,1210.2949999999998,1212.2150000000001,1203.9974661771985,,0.8,185.60000000002404,0.36839818018925397,"{'time_exit_bars': 2, 'atr': 2.0375112742671107, 'entry_hour_utc': 19, 'exit_reason': 'time_exit', 'signal_time': Timestamp('2018-08-07 19:00:00+0000', tz='UTC')}"
2018-08-08 20:00:00+00:00,2018-08-09 00:00:00+00:00,1,1213.665,1213.075,1206.9134873623022,,0.75,45.750000000006125,0.09035012340702563,"{'time_exit_bars': 2, 'atr': 2.1888375458992573, 'entry_hour_utc': 19, 'exit_reason': 'time_exit', 'signal_time': Timestamp('2018-08-08 19:00:00+0000', tz='UTC')}"
2018-08-09 20:00:00+00:00,2018-08-10 00:00:00+00:00,1,1212.0349999999999,1211.895,1205.9466171301924,,0.83,21.58000000001057,0.04270427887994341,"{'time_exit_bars': 2, 'atr': 1.9911276232692285, 'entry_hour_utc': 19, 'exit_reason': 'time_exit', 'signal_time': Timestamp('2018-08-09 19:00:00+0000', tz='UTC')}"
2018-08-10 20:00:00+00:00,2018-08-13 00:00:00+00:00,1,1211.385,1212.155,1203.8195347375988,,0.67,131.9899999999988,0.2603937671606902,"{'time_exit_bars': 2, 'atr': 2.4634884208004304, 'entry_hour_utc': 19, 'exit_reason': 'time_exit', 'signal_time': Timestamp('2018-08-10 19:00:00+0000', tz='UTC')}"
2018-08-13 20:00:00+00:00,2018-08-14 00:00:00+00:00,1,1193.5249999999999,1192.585,1184.9893063503514,,0.59,-31.859999999989807,-0.06326375127369605,"{'time_exit_bars': 2, 'atr': 2.7868978832161737, 'entry_hour_utc': 19, 'exit_reason': 'time_exit', 'signal_time': Timestamp('2018-08-13 19:00:00+0000', tz='UTC')}"
2018-08-14 20:00:00+00:00,2018-08-15 00:00:00+00:00,1,1194.405,1193.685,1188.9258983953328,,0.92,-29.440000000002506,-0.058403735336363186,"{'time_exit_bars': 2, 'atr': 1.7680338682224157, 'entry_hour_utc': 19, 'exit_reason': 'time_exit', 'signal_time': Timestamp('2018-08-14 19:00:00+0000', tz='UTC')}"
2018-08-15 20:00:00+00:00,2018-08-16 00:00:00+00:00,1,1174.735,1173.535,1165.6803047730962,,0.56,1.0174971976084635e-11,2.0066487451118737e-14,"{'time_exit_bars': 2, 'atr': 2.95323174230126, 'entry_hour_utc': 19, 'exit_reason': 'time_exit', 'signal_time': Timestamp('2018-08-15 19:00:00+0000', tz='UTC')}"
2018-08-16 20:00:00+00:00,2018-08-17 00:00:00+00:00,1,1173.825,1175.145,1163.0189073496695,,0.47,80.839999999997,0.15916946630541035,"{'time_exit_bars': 2, 'atr': 3.5570308834435145, 'entry_hour_utc': 19, 'exit_reason': 'time_exit', 'signal_time': Timestamp('2018-08-16 19:00:00+0000', tz='UTC')}"
2018-08-17 20:00:00+00:00,2018-08-20 00:00:00+00:00,1,1184.405,1183.325,1176.7116425646946,,0.66,7.920000000004805,0.015597871411691269,"{'time_exit_bars': 2, 'atr': 2.5127858117684814, 'entry_hour_utc': 19, 'exit_reason': 'time_exit', 'signal_time': Timestamp('2018-08-17 19:00:00+0000', tz='UTC')}"
2018-08-20 20:00:00+00:00,2018-08-21 00:00:00+00:00,1,1190.335,1190.935,1183.8614725914053,,0.78,77.99999999999291,0.15447528632878602,"{'time_exit_bars': 2, 'atr': 2.066175802864881, 'entry_hour_utc': 19, 'exit_reason': 'time_exit', 'signal_time': Timestamp('2018-08-20 19:00:00+0000', tz='UTC')}"
2018-08-21 20:00:00+00:00,2018-08-22 00:00:00+00:00,1,1193.985,1195.815,1187.3050391352137,,0.76,169.48000000001176,0.33383429111924057,"{'time_exit_bars': 2, 'atr': 2.1683202882620893, 'entry_hour_utc': 19, 'exit_reason': 'time_exit', 'signal_time': Timestamp('2018-08-21 19:00:00+0000', tz='UTC')}"
2018-08-22 20:00:00+00:00,2018-08-23 00:00:00+00:00,1,1196.685,1194.855,1189.723649187679,,0.73,-45.989999999994694,-0.09049967700017192,"{'time_exit_bars': 2, 'atr': 2.265450270773639, 'entry_hour_utc': 19, 'exit_reason': 'time_exit', 'signal_time': Timestamp('2018-08-22 19:00:00+0000', tz='UTC')}"
2018-08-23 20:00:00+00:00,2018-08-24 00:00:00+00:00,1,1185.365,1184.275,1177.9683418447034,,0.69,-47.60999999999436,-0.09328537097605713,"{'time_exit_bars': 2, 'atr': 2.4072193850988617, 'entry_hour_utc': 19, 'exit_reason': 'time_exit', 'signal_time': Timestamp('2018-08-23 19:00:00+0000', tz='UTC')}"
2018-08-24 20:00:00+00:00,2018-08-27 00:00:00+00:00,1,1205.815,1207.535,1197.9647805097156,,0.64,186.88000000000176,0.37196412197313405,"{'time_exit_bars': 2, 'atr': 2.568406496761504, 'entry_hour_utc': 19, 'exit_reason': 'time_exit', 'signal_time': Timestamp('2018-08-24 19:00:00+0000', tz='UTC')}"
2018-08-27 20:00:00+00:00,2018-08-28 00:00:00+00:00,1,1210.5049999999999,1210.835,1203.70162192066,,0.75,54.750000000011596,0.10729963725182093,"{'time_exit_bars': 2, 'atr': 2.2194593597799197, 'entry_hour_utc': 19, 'exit_reason': 'time_exit', 'signal_time': Timestamp('2018-08-27 19:00:00+0000', tz='UTC')}"
2018-08-28 20:00:00+00:00,2018-08-29 00:00:00+00:00,1,1201.305,1202.445,1193.5246418823153,,0.65,100.09999999999172,0.19793433370367078,"{'time_exit_bars': 2, 'atr': 2.5351193725616197, 'entry_hour_utc': 19, 'exit_reason': 'time_exit', 'signal_time': Timestamp('2018-08-28 19:00:00+0000', tz='UTC')}"
2018-08-29 20:00:00+00:00,2018-08-30 00:00:00+00:00,1,1206.445,1206.9750000000001,1200.0097521334649,,0.79,136.67000000001582,0.2688319138407462,"{'time_exit_bars': 2, 'atr': 2.0834159555117213, 'entry_hour_utc': 19, 'exit_reason': 'time_exit', 'signal_time': Timestamp('2018-08-29 19:00:00+0000', tz='UTC')}"
2018-08-30 20:00:00+00:00,2018-08-31 00:00:00+00:00,1,1200.5149999999999,1199.655,1192.3918553493868,,0.63,-28.979999999993698,-0.056628315730556635,"{'time_exit_bars': 2, 'atr': 2.6493815502043905, 'entry_hour_utc': 19, 'exit_reason': 'time_exit', 'signal_time': Timestamp('2018-08-30 19:00:00+0000', tz='UTC')}"
2018-08-31 20:00:00+00:00,2018-09-03 00:00:00+00:00,1,1199.465,1198.865,1190.8850442444261,,0.59,35.40000000000537,0.06993043053984438,"{'time_exit_bars': 2, 'atr': 2.8016519185245916, 'entry_hour_utc': 19, 'exit_reason': 'time_exit', 'signal_time': Timestamp('2018-08-31 19:00:00+0000', tz='UTC')}"
2018-09-04 20:00:00+00:00,2018-09-05 00:00:00+00:00,1,1193.305,1191.785,1185.935871047034,,0.69,-77.27999999999874,-0.15198539843018746,"{'time_exit_bars': 2, 'atr': 2.3980429843220343, 'entry_hour_utc': 19, 'exit_reason': 'time_exit', 'signal_time': Timestamp('2018-09-04 19:00:00+0000', tz='UTC')}"
2018-09-05 20:00:00+00:00,2018-09-06 00:00:00+00:00,1,1197.145,1196.885,1191.1070435442502,,0.84,78.96000000000076,0.15568181170052656,"{'time_exit_bars': 2, 'atr': 1.9543188185832252, 'entry_hour_utc': 19, 'exit_reason': 'time_exit', 'signal_time': Timestamp('2018-09-05 19:00:00+0000', tz='UTC')}"
2018-09-06 20:00:00+00:00,2018-09-07 00:00:00+00:00,1,1199.585,1200.885,1191.759726459904,,0.65,110.49999999999704,0.21724480189597078,"{'time_exit_bars': 2, 'atr': 2.5867578466986747, 'entry_hour_utc': 19, 'exit_reason': 'time_exit', 'signal_time': Timestamp('2018-09-06 19:00:00+0000', tz='UTC')}"
2018-09-07 20:00:00+00:00,2018-09-10 00:00:00+00:00,1,1196.2949999999998,1195.935,1187.812749551898,,0.6,50.400000000006,0.09903032280638062,"{'time_exit_bars': 2, 'atr': 2.769083482700638, 'entry_hour_utc': 19, 'exit_reason': 'time_exit', 'signal_time': Timestamp('2018-09-07 19:00:00+0000', tz='UTC')}"
2018-09-10 20:00:00+00:00,2018-09-11 00:00:00+00:00,1,1195.5449999999998,1194.805,1189.1795754054433,,0.8,-27.199999999982538,-0.05341356180552922,"{'time_exit_bars': 2, 'atr': 2.063474864852211, 'entry_hour_utc': 19, 'exit_reason': 'time_exit', 'signal_time': Timestamp('2018-09-10 19:00:00+0000', tz='UTC')}"
2018-09-11 20:00:00+00:00,2018-09-12 00:00:00+00:00,1,1196.225,1196.805,1189.2044805390399,,0.73,71.54000000001129,0.13959081025980705,"{'time_exit_bars': 2, 'atr': 2.2785064869867173, 'entry_hour_utc': 19, 'exit_reason': 'time_exit', 'signal_time': Timestamp('2018-09-11 19:00:00+0000', tz='UTC')}"
2018-09-12 20:00:00+00:00,2018-09-13 00:00:00+00:00,1,1206.305,1205.9550000000002,1198.1506334693136,,0.62,52.700000000005645,0.10423863053020392,"{'time_exit_bars': 2, 'atr': 2.6597888435621906, 'entry_hour_utc': 19, 'exit_reason': 'time_exit', 'signal_time': Timestamp('2018-09-12 19:00:00+0000', tz='UTC')}"
2018-09-13 20:00:00+00:00,2018-09-14 00:00:00+00:00,1,1202.135,1201.895,1194.427104000831,,0.66,10.559999999999402,0.02075793446321011,"{'time_exit_bars': 2, 'atr': 2.510965333056373, 'entry_hour_utc': 19, 'exit_reason': 'time_exit', 'signal_time': Timestamp('2018-09-13 19:00:00+0000', tz='UTC')}"
2018-09-14 20:00:00+00:00,2018-09-17 00:00:00+00:00,1,1194.085,1193.185,1186.6997290536895,,0.69,20.69999999999372,0.040621393877198,"{'time_exit_bars': 2, 'atr': 2.396756982103572, 'entry_hour_utc': 19, 'exit_reason': 'time_exit', 'signal_time': Timestamp('2018-09-14 19:00:00+0000', tz='UTC')}"
2018-09-17 20:00:00+00:00,2018-09-18 00:00:00+00:00,1,1200.645,1198.2050000000002,1194.927917821231,,0.89,-181.55999999998463,-0.356825376338926,"{'time_exit_bars': 2, 'atr': 1.8440273929230198, 'entry_hour_utc': 19, 'exit_reason': 'time_exit', 'signal_time': Timestamp('2018-09-17 19:00:00+0000', tz='UTC')}"
2018-09-18 20:00:00+00:00,2018-09-19 00:00:00+00:00,1,1198.495,1199.275,1191.8886391697974,,0.77,90.86000000001542,0.17861573570210815,"{'time_exit_bars': 2, 'atr': 2.137120276734206, 'entry_hour_utc': 19, 'exit_reason': 'time_exit', 'signal_time': Timestamp('2018-09-18 19:00:00+0000', tz='UTC')}"
2018-09-19 20:00:00+00:00,2018-09-20 00:00:00+00:00,1,1203.665,1203.7350000000001,1197.4498254606924,,0.82,104.14000000001342,0.20433858968370294,"{'time_exit_bars': 2, 'atr': 2.013391513102522, 'entry_hour_utc': 19, 'exit_reason': 'time_exit', 'signal_time': Timestamp('2018-09-19 19:00:00+0000', tz='UTC')}"
2018-09-20 20:00:00+00:00,2018-09-21 00:00:00+00:00,1,1207.355,1207.185,1200.798365300332,,0.78,17.93999999999433,0.03507897123071012,"{'time_exit_bars': 2, 'atr': 2.127211566556025, 'entry_hour_utc': 19, 'exit_reason': 'time_exit', 'signal_time': Timestamp('2018-09-20 19:00:00+0000', tz='UTC')}"
2018-09-21 20:00:00+00:00,2018-09-24 00:00:00+00:00,1,1199.095,1197.775,1190.7553058302663,,0.61,-7.319999999996114,-0.014389016858128625,"{'time_exit_bars': 2, 'atr': 2.7215647232445734, 'entry_hour_utc': 19, 'exit_reason': 'time_exit', 'signal_time': Timestamp('2018-09-21 19:00:00+0000', tz='UTC')}"
2018-09-24 20:00:00+00:00,2018-09-25 00:00:00+00:00,1,1199.0149999999999,1199.095,1192.5655170385,,0.79,37.92000000001222,0.07442457059976958,"{'time_exit_bars': 2, 'atr': 2.071494320499974, 'entry_hour_utc': 19, 'exit_reason': 'time_exit', 'signal_time': Timestamp('2018-09-24 19:00:00+0000', tz='UTC')}"
2018-09-25 20:00:00+00:00,2018-09-26 00:00:00+00:00,1,1201.085,1201.015,1196.0835391901971,,1.02,33.6600000000065,0.06598072294263743,"{'time_exit_bars': 2, 'atr': 1.6088202699342782, 'entry_hour_utc': 19, 'exit_reason': 'time_exit', 'signal_time': Timestamp('2018-09-25 19:00:00+0000', tz='UTC')}"
2018-09-26 20:00:00+00:00,2018-09-27 00:00:00+00:00,1,1194.705,1196.275,1186.1589736777935,,0.6,166.20000000000982,0.3241272488012879,"{'time_exit_bars': 2, 'atr': 2.7903421074021577, 'entry_hour_utc': 19, 'exit_reason': 'time_exit', 'signal_time': Timestamp('2018-09-26 19:00:00+0000', tz='UTC')}"
2018-09-27 20:00:00+00:00,2018-09-28 00:00:00+00:00,1,1184.345,1183.335,1177.308682423459,,0.73,-44.52999999999933,-0.08669307395017554,"{'time_exit_bars': 2, 'atr': 2.287105858847052, 'entry_hour_utc': 19, 'exit_reason': 'time_exit', 'signal_time': Timestamp('2018-09-27 19:00:00+0000', tz='UTC')}"
2018-09-28 20:00:00+00:00,2018-10-01 00:00:00+00:00,1,1191.805,1190.685,1184.859220293256,,0.74,5.919999999991248,0.011517785385880327,"{'time_exit_bars': 2, 'atr': 2.256926568914748, 'entry_hour_utc': 19, 'exit_reason': 'time_exit', 'signal_time': Timestamp('2018-09-28 19:00:00+0000', tz='UTC')}"
2018-10-01 20:00:00+00:00,2018-10-02 00:00:00+00:00,1,1189.615,1188.815,1182.9579476026145,,0.77,-30.799999999996494,-0.060086653389876954,"{'time_exit_bars': 2, 'atr': 2.170684132461829, 'entry_hour_utc': 19, 'exit_reason': 'time_exit', 'signal_time': Timestamp('2018-10-01 19:00:00+0000', tz='UTC')}"
2018-10-02 20:00:00+00:00,2018-10-03 00:00:00+00:00,1,1203.375,1205.315,1194.857272750937,,0.6,140.40000000000327,0.2747211705161689,"{'time_exit_bars': 2, 'atr': 2.777575749687654, 'entry_hour_utc': 19, 'exit_reason': 'time_exit', 'signal_time': Timestamp('2018-10-02 19:00:00+0000', tz='UTC')}"
2018-10-03 20:00:00+00:00,2018-10-04 00:00:00+00:00,1,1198.695,1197.7250000000001,1191.6739779821758,,0.73,16.7900000000146,0.032758763527062286,"{'time_exit_bars': 2, 'atr': 2.2486740059414303, 'entry_hour_utc': 19, 'exit_reason': 'time_exit', 'signal_time': Timestamp('2018-10-03 19:00:00+0000', tz='UTC')}"
2018-10-04 20:00:00+00:00,2018-10-05 00:00:00+00:00,1,1199.465,1198.835,1191.7919518772471,,0.67,-15.409999999992078,-0.02997504985246551,"{'time_exit_bars': 2, 'atr': 2.4993493742509787, 'entry_hour_utc': 19, 'exit_reason': 'time_exit', 'signal_time': Timestamp('2018-10-04 19:00:00+0000', tz='UTC')}"
2018-10-05 20:00:00+00:00,2018-10-08 00:00:00+00:00,1,1203.225,1203.565,1196.438461113673,,0.75,115.5000000000109,0.22691979310732666,"{'time_exit_bars': 2, 'atr': 2.203846295442362, 'entry_hour_utc': 19, 'exit_reason': 'time_exit', 'signal_time': Timestamp('2018-10-05 19:00:00+0000', tz='UTC')}"
2018-10-08 20:00:00+00:00,2018-10-09 00:00:00+00:00,1,1189.0349999999999,1190.4650000000001,1181.3320667103521,,0.67,122.6100000000195,0.2375718354538656,"{'time_exit_bars': 2, 'atr': 2.5126444298825663, 'entry_hour_utc': 19, 'exit_reason': 'time_exit', 'signal_time': Timestamp('2018-10-08 19:00:00+0000', tz='UTC')}"
2018-10-09 20:00:00+00:00,2018-10-10 00:00:00+00:00,1,1190.2749999999999,1189.655,1183.6860431864593,,0.78,-17.15999999999148,-0.03338920047977583,"{'time_exit_bars': 2, 'atr': 2.1513189378469098, 'entry_hour_utc': 19, 'exit_reason': 'time_exit', 'signal_time': Timestamp('2018-10-09 19:00:00+0000', tz='UTC')}"
2018-10-10 20:00:00+00:00,2018-10-11 00:00:00+00:00,1,1193.075,1193.695,1186.178348691075,,0.74,134.67999999999194,0.2638961893933341,"{'time_exit_bars': 2, 'atr': 2.2405504363084283, 'entry_hour_utc': 19, 'exit_reason': 'time_exit', 'signal_time': Timestamp('2018-10-10 19:00:00+0000', tz='UTC')}"
2018-10-11 20:00:00+00:00,2018-10-12 00:00:00+00:00,1,1223.065,1221.055,1211.0732602925334,,0.43,-69.2299999999996,-0.13425908494307337,"{'time_exit_bars': 2, 'atr': 3.9389132358222367, 'entry_hour_utc': 19, 'exit_reason': 'time_exit', 'signal_time': Timestamp('2018-10-11 19:00:00+0000', tz='UTC')}"
2018-10-12 20:00:00+00:00,2018-10-15 00:00:00+00:00,1,1217.975,1218.9950000000001,1208.5751565156204,,0.55,122.1000000000115,0.23617414520671148,"{'time_exit_bars': 2, 'atr': 3.0849478281264746, 'entry_hour_utc': 19, 'exit_reason': 'time_exit', 'signal_time': Timestamp('2018-10-12 19:00:00+0000', tz='UTC')}"
2018-10-15 20:00:00+00:00,2018-10-16 00:00:00+00:00,1,1225.5249999999999,1226.575,1217.4119948533348,,0.63,91.35000000001146,0.17872538890182052,"{'time_exit_bars': 2, 'atr': 2.6526683822216532, 'entry_hour_utc': 19, 'exit_reason': 'time_exit', 'signal_time': Timestamp('2018-10-15 19:00:00+0000', tz='UTC')}"
2018-10-16 20:00:00+00:00,2018-10-17 00:00:00+00:00,1,1224.915,1224.7050000000002,1218.2064573740004,,0.77,14.63000000001471,0.028322097748000867,"{'time_exit_bars': 2, 'atr': 2.177847541999914, 'entry_hour_utc': 19, 'exit_reason': 'time_exit', 'signal_time': Timestamp('2018-10-16 19:00:00+0000', tz='UTC')}"
2018-10-17 20:00:00+00:00,2018-10-18 00:00:00+00:00,1,1223.585,1221.9550000000002,1216.650097140116,,0.74,-31.819999999991254,-0.062005194403988245,"{'time_exit_bars': 2, 'atr': 2.2666342866280305, 'entry_hour_utc': 19, 'exit_reason': 'time_exit', 'signal_time': Timestamp('2018-10-17 19:00:00+0000', tz='UTC')}"
2018-10-18 20:00:00+00:00,2018-10-19 00:00:00+00:00,1,1225.195,1225.625,1217.708858569771,,0.69,57.27000000000439,0.11087153612254066,"{'time_exit_bars': 2, 'atr': 2.4370471434096124, 'entry_hour_utc': 19, 'exit_reason': 'time_exit', 'signal_time': Timestamp('2018-10-18 19:00:00+0000', tz='UTC')}"
2018-10-19 20:00:00+00:00,2018-10-22 00:00:00+00:00,1,1226.465,1227.095,1220.0899205395922,,0.81,148.23000000000886,0.2870552455644321,"{'time_exit_bars': 2, 'atr': 2.0666931534692226, 'entry_hour_utc': 19, 'exit_reason': 'time_exit', 'signal_time': Timestamp('2018-10-19 19:00:00+0000', tz='UTC')}"
2018-10-22 20:00:00+00:00,2018-10-23 00:00:00+00:00,1,1222.975,1222.105,1217.191548415467,,0.89,-41.829999999990285,-0.08126634988297339,"{'time_exit_bars': 2, 'atr': 1.8428171948443581, 'entry_hour_utc': 19, 'exit_reason': 'time_exit', 'signal_time': Timestamp('2018-10-22 19:00:00+0000', tz='UTC')}"
2018-10-23 20:00:00+00:00,2018-10-24 00:00:00+00:00,1,1230.195,1230.645,1221.1770430355866,,0.57,48.45000000000259,0.09425638238841876,"{'time_exit_bars': 2, 'atr': 2.947652321471086, 'entry_hour_utc': 19, 'exit_reason': 'time_exit', 'signal_time': Timestamp('2018-10-23 19:00:00+0000', tz='UTC')}"
2018-10-24 20:00:00+00:00,2018-10-25 00:00:00+00:00,1,1232.825,1235.025,1224.953851403327,,0.65,221.00000000000296,0.43195728783943305,"{'time_exit_bars': 2, 'atr': 2.5653828655576816, 'entry_hour_utc': 19, 'exit_reason': 'time_exit', 'signal_time': Timestamp('2018-10-24 19:00:00+0000', tz='UTC')}"
2018-10-25 20:00:00+00:00,2018-10-26 00:00:00+00:00,1,1230.345,1231.515,1222.959037145184,,0.7,109.9000000000051,0.2125653798781793,"{'time_exit_bars': 2, 'atr': 2.4036542849386797, 'entry_hour_utc': 19, 'exit_reason': 'time_exit', 'signal_time': Timestamp('2018-10-25 19:00:00+0000', tz='UTC')}"
2018-10-26 20:00:00+00:00,2018-10-29 00:00:00+00:00,1,1234.0449999999998,1232.395,1223.9901545686214,,0.51,-22.949999999993047,-0.04475454178495229,"{'time_exit_bars': 2, 'atr': 3.2932818104595234, 'entry_hour_utc': 19, 'exit_reason': 'time_exit', 'signal_time': Timestamp('2018-10-26 19:00:00+0000', tz='UTC')}"
2018-10-29 22:00:00+00:00,2018-10-30 01:00:00+00:00,1,1229.725,1227.255,1222.4773870421764,,0.71,-146.9699999999858,-0.28561127809195525,"{'time_exit_bars': 2, 'atr': 2.3308709859412313, 'entry_hour_utc': 19, 'exit_reason': 'time_exit', 'signal_time': Timestamp('2018-10-29 19:00:00+0000', tz='UTC')}"
2018-10-30 22:00:00+00:00,2018-10-31 01:00:00+00:00,1,1222.575,1219.9850000000001,1216.840699905014,,0.9,-197.09999999999263,-0.3819123456609438,"{'time_exit_bars': 2, 'atr': 2.0431000316620063, 'entry_hour_utc': 19, 'exit_reason': 'time_exit', 'signal_time': Timestamp('2018-10-30 19:00:00+0000', tz='UTC')}"
2018-10-31 22:00:00+00:00,2018-11-01 01:00:00+00:00,1,1215.475,1217.2150000000001,1206.5670435973745,,0.58,170.5200000000137,0.33004202839764213,"{'time_exit_bars': 2, 'atr': 2.6376521342085186, 'entry_hour_utc': 19, 'exit_reason': 'time_exit', 'signal_time': Timestamp('2018-10-31 19:00:00+0000', tz='UTC')}"
2018-11-01 22:00:00+00:00,2018-11-02 01:00:00+00:00,1,1234.465,1231.795,1225.078136117551,,0.55,-124.8499999999915,-0.24182730552257767,"{'time_exit_bars': 2, 'atr': 2.6539546274830097, 'entry_hour_utc': 19, 'exit_reason': 'time_exit', 'signal_time': Timestamp('2018-11-01 19:00:00+0000', tz='UTC')}"
2018-11-04 22:00:00+00:00,2018-11-05 01:00:00+00:00,1,1233.315,1232.9550000000002,1225.2485002900578,,0.64,2.5600000000064043,0.004958780318407322,"{'time_exit_bars': 2, 'atr': 2.5004999033140973, 'entry_hour_utc': 19, 'exit_reason': 'time_exit', 'signal_time': Timestamp('2018-11-02 19:00:00+0000', tz='UTC')}"
2018-11-05 20:00:00+00:00,2018-11-06 00:00:00+00:00,1,1230.565,1230.2450000000001,1224.420203044384,,0.84,6.720000000005349,0.013019144583279758,"{'time_exit_bars': 2, 'atr': 1.9799323185386233, 'entry_hour_utc': 19, 'exit_reason': 'time_exit', 'signal_time': Timestamp('2018-11-05 19:00:00+0000', tz='UTC')}"
2018-11-06 20:00:00+00:00,2018-11-07 00:00:00+00:00,1,1226.5249999999999,1230.255,1219.8925281703946,,0.78,322.14000000001914,0.6226939376606511,"{'time_exit_bars': 2, 'atr': 2.1258239432017865, 'entry_hour_utc': 19, 'exit_reason': 'time_exit', 'signal_time': Timestamp('2018-11-06 19:00:00+0000', tz='UTC')}"
2018-11-07 20:00:00+00:00,2018-11-08 00:00:00+00:00,1,1226.305,1224.935,1218.475789405881,,0.66,-11.2200000000078,-0.021713555658831474,"{'time_exit_bars': 2, 'atr': 2.5914035313729857, 'entry_hour_utc': 19, 'exit_reason': 'time_exit', 'signal_time': Timestamp('2018-11-07 19:00:00+0000', tz='UTC')}"
2018-11-08 20:00:00+00:00,2018-11-09 00:00:00+00:00,1,1223.925,1222.085,1215.765139707148,,0.63,-90.71999999999484,-0.17647360963536882,"{'time_exit_bars': 2, 'atr': 2.6582867642840187, 'entry_hour_utc': 19, 'exit_reason': 'time_exit', 'signal_time': Timestamp('2018-11-08 19:00:00+0000', tz='UTC')}"
2018-11-09 20:00:00+00:00,2018-11-12 00:00:00+00:00,1,1210.0349999999999,1210.435,1202.1611146370772,,0.66,105.600000000006,0.20320336482600124,"{'time_exit_bars': 2, 'atr': 2.566295120974259, 'entry_hour_utc': 19, 'exit_reason': 'time_exit', 'signal_time': Timestamp('2018-11-09 19:00:00+0000', tz='UTC')}"
2018-11-12 20:00:00+00:00,2018-11-13 00:00:00+00:00,1,1201.585,1202.765,1195.714003003638,,0.88,139.0400000000056,0.26911953812599765,"{'time_exit_bars': 2, 'atr': 1.9186656654540035, 'entry_hour_utc': 19, 'exit_reason': 'time_exit', 'signal_time': Timestamp('2018-11-12 19:00:00+0000', tz='UTC')}"
2018-11-13 20:00:00+00:00,2018-11-14 00:00:00+00:00,1,1201.7949999999998,1202.015,1194.7969799081911,,0.74,45.88000000001884,0.08859648755881308,"{'time_exit_bars': 2, 'atr': 2.2776733639363553, 'entry_hour_utc': 19, 'exit_reason': 'time_exit', 'signal_time': Timestamp('2018-11-13 19:00:00+0000', tz='UTC')}"
2018-11-14 20:00:00+00:00,2018-11-15 00:00:00+00:00,1,1212.065,1210.435,1202.3802149521566,,0.53,-22.790000000005783,-0.04439953988404313,"{'time_exit_bars': 2, 'atr': 3.1665950159478498, 'entry_hour_utc': 19, 'exit_reason': 'time_exit', 'signal_time': Timestamp('2018-11-14 19:00:00+0000', tz='UTC')}"
2018-11-15 20:00:00+00:00,2018-11-16 00:00:00+00:00,1,1213.345,1214.2350000000001,1204.8188059237648,,0.61,78.69000000000611,0.15129845608319792,"{'time_exit_bars': 2, 'atr': 2.7837313587451056, 'entry_hour_utc': 19, 'exit_reason': 'time_exit', 'signal_time': Timestamp('2018-11-15 19:00:00+0000', tz='UTC')}"
2018-11-16 20:00:00+00:00,2018-11-19 00:00:00+00:00,1,1222.065,1222.405,1215.3428669376176,,0.77,118.57999999999369,0.22909394766638436,"{'time_exit_bars': 2, 'atr': 2.179044354127537, 'entry_hour_utc': 19, 'exit_reason': 'time_exit', 'signal_time': Timestamp('2018-11-16 19:00:00+0000', tz='UTC')}"
2018-11-19 20:00:00+00:00,2018-11-20 00:00:00+00:00,1,1223.365,1222.435,1217.539796968897,,0.89,-47.170000000005665,-0.09098395320647017,"{'time_exit_bars': 2, 'atr': 1.8634010103676677, 'entry_hour_utc': 19, 'exit_reason': 'time_exit', 'signal_time': Timestamp('2018-11-19 19:00:00+0000', tz='UTC')}"
2018-11-20 20:00:00+00:00,2018-11-21 00:00:00+00:00,1,1222.555,1220.075,1216.084686108148,,0.8,-166.40000000000146,-0.3214681752332448,"{'time_exit_bars': 2, 'atr': 2.0651046306173138, 'entry_hour_utc': 19, 'exit_reason': 'time_exit', 'signal_time': Timestamp('2018-11-20 19:00:00+0000', tz='UTC')}"
2018-11-21 20:00:00+00:00,2018-11-22 00:00:00+00:00,1,1225.345,1225.125,1219.3297848778464,,0.86,84.27999999999766,0.16292019156400434,"{'time_exit_bars': 2, 'atr': 1.9467383740512325, 'entry_hour_utc': 19, 'exit_reason': 'time_exit', 'signal_time': Timestamp('2018-11-21 19:00:00+0000', tz='UTC')}"
2018-11-26 20:00:00+00:00,2018-11-27 00:00:00+00:00,1,1222.5349999999999,1222.805,1217.461421644043,,1.02,68.34000000002135,0.13205669706737871,"{'time_exit_bars': 2, 'atr': 1.6661927853190288, 'entry_hour_utc': 19, 'exit_reason': 'time_exit', 'signal_time': Timestamp('2018-11-26 19:00:00+0000', tz='UTC')}"
2018-11-27 20:00:00+00:00,2018-11-28 00:00:00+00:00,1,1215.075,1214.375,1208.0948750613584,,0.74,-22.200000000003367,-0.042979173386891494,"{'time_exit_bars': 2, 'atr': 2.2683749795472163, 'entry_hour_utc': 19, 'exit_reason': 'time_exit', 'signal_time': Timestamp('2018-11-27 19:00:00+0000', tz='UTC')}"
2018-11-28 20:00:00+00:00,2018-11-29 00:00:00+00:00,1,1220.345,1221.7150000000001,1212.5159252044218,,0.66,169.6200000000078,0.328263564610678,"{'time_exit_bars': 2, 'atr': 2.554691598526118, 'entry_hour_utc': 19, 'exit_reason': 'time_exit', 'signal_time': Timestamp('2018-11-28 19:00:00+0000', tz='UTC')}"
2018-11-29 20:00:00+00:00,2018-11-30 00:00:00+00:00,1,1224.105,1224.035,1217.0919492236974,,0.74,24.42000000000471,0.04705512772203877,"{'time_exit_bars': 2, 'atr': 2.2793502587675922, 'entry_hour_utc': 19, 'exit_reason': 'time_exit', 'signal_time': Timestamp('2018-11-29 19:00:00+0000', tz='UTC')}"
2018-11-30 20:00:00+00:00,2018-12-03 00:00:00+00:00,1,1221.905,1222.525,1216.3937707396578,,0.94,171.0800000000111,0.3302348557873518,"{'time_exit_bars': 2, 'atr': 1.7820764201140544, 'entry_hour_utc': 19, 'exit_reason': 'time_exit', 'signal_time': Timestamp('2018-11-30 19:00:00+0000', tz='UTC')}"
2018-12-03 20:00:00+00:00,2018-12-04 00:00:00+00:00,1,1230.895,1231.165,1223.776391368605,,0.73,48.909999999998675,0.09411951614323776,"{'time_exit_bars': 2, 'atr': 2.3145362104650187, 'entry_hour_utc': 19, 'exit_reason': 'time_exit', 'signal_time': Timestamp('2018-12-03 19:00:00+0000', tz='UTC')}"
2018-12-04 20:00:00+00:00,2018-12-05 00:00:00+00:00,1,1238.105,1236.505,1231.2740820005376,,0.76,-91.19999999999308,-0.17567184968321317,"{'time_exit_bars': 2, 'atr': 2.218639333154134, 'entry_hour_utc': 19, 'exit_reason': 'time_exit', 'signal_time': Timestamp('2018-12-04 19:00:00+0000', tz='UTC')}"
2018-12-05 20:00:00+00:00,2018-12-06 00:00:00+00:00,1,1237.325,1239.075,1232.3525501199542,,1.05,309.75,0.5932689260153627,"{'time_exit_bars': 2, 'atr': 1.5858166266818998, 'entry_hour_utc': 19, 'exit_reason': 'time_exit', 'signal_time': Timestamp('2018-12-05 19:00:00+0000', tz='UTC')}"
2018-12-06 20:00:00+00:00,2018-12-07 00:00:00+00:00,1,1238.405,1238.195,1230.7528824020496,,0.68,12.919999999997529,0.024829728185418405,"{'time_exit_bars': 2, 'atr': 2.492372532650097, 'entry_hour_utc': 19, 'exit_reason': 'time_exit', 'signal_time': Timestamp('2018-12-06 19:00:00+0000', tz='UTC')}"
2018-12-07 20:00:00+00:00,2018-12-10 00:00:00+00:00,1,1248.485,1248.565,1241.993807897326,,0.8,102.40000000001237,0.19719028180861845,"{'time_exit_bars': 2, 'atr': 2.1420640342247097, 'entry_hour_utc': 19, 'exit_reason': 'time_exit', 'signal_time': Timestamp('2018-12-07 19:00:00+0000', tz='UTC')}"
2018-12-10 20:00:00+00:00,2018-12-11 00:00:00+00:00,1,1244.345,1244.265,1238.3468332470952,,0.87,27.840000000006334,0.053349633843557676,"{'time_exit_bars': 2, 'atr': 1.9410555843015989, 'entry_hour_utc': 19, 'exit_reason': 'time_exit', 'signal_time': Timestamp('2018-12-10 19:00:00+0000', tz='UTC')}"
2018-12-11 20:00:00+00:00,2018-12-12 00:00:00+00:00,1,1243.075,1243.795,1237.0519608379589,,0.87,97.44000000000239,0.18595263452022176,"{'time_exit_bars': 2, 'atr': 1.949346387347089, 'entry_hour_utc': 19, 'exit_reason': 'time_exit', 'signal_time': Timestamp('2018-12-11 19:00:00+0000', tz='UTC')}"
2018-12-12 20:00:00+00:00,2018-12-13 00:00:00+00:00,1,1245.995,1245.175,1240.725090313666,,0.99,37.6200000000063,0.07210749758871421,"{'time_exit_bars': 2, 'atr': 1.6983032287780027, 'entry_hour_utc': 19, 'exit_reason': 'time_exit', 'signal_time': Timestamp('2018-12-12 19:00:00+0000', tz='UTC')}"
2018-12-13 20:00:00+00:00,2018-12-14 00:00:00+00:00,1,1243.115,1242.075,1237.611282025878,,0.95,-60.79999999999653,-0.116285028231675,"{'time_exit_bars': 2, 'atr': 1.7762393247073809, 'entry_hour_utc': 19, 'exit_reason': 'time_exit', 'signal_time': Timestamp('2018-12-13 19:00:00+0000', tz='UTC')}"
2018-12-14 20:00:00+00:00,2018-12-17 00:00:00+00:00,1,1238.425,1236.195,1232.7775689869868,,0.93,-95.79000000000168,-0.18238381267989476,"{'time_exit_bars': 2, 'atr': 1.8241436710043926, 'entry_hour_utc': 19, 'exit_reason': 'time_exit', 'signal_time': Timestamp('2018-12-14 19:00:00+0000', tz='UTC')}"
2018-12-17 20:00:00+00:00,2018-12-18 00:00:00+00:00,1,1246.2849999999999,1245.875,1241.4011057932387,,1.07,-1.0699999999844252,-0.0020475463997583383,"{'time_exit_bars': 2, 'atr': 1.5696314022537297, 'entry_hour_utc': 19, 'exit_reason': 'time_exit', 'signal_time': Timestamp('2018-12-17 19:00:00+0000', tz='UTC')}"
2018-12-18 20:00:00+00:00,2018-12-19 00:00:00+00:00,1,1249.385,1249.095,1244.330029248814,,1.04,11.440000000003785,0.021760758946870244,"{'time_exit_bars': 2, 'atr': 1.6399902503952757, 'entry_hour_utc': 19, 'exit_reason': 'time_exit', 'signal_time': Timestamp('2018-12-18 19:00:00+0000', tz='UTC')}"
2018-12-19 20:00:00+00:00,2018-12-20 00:00:00+00:00,1,1241.945,1244.415,1233.232792893214,,0.6,220.20000000000164,0.4212480207387976,"{'time_exit_bars': 2, 'atr': 2.8490690355952926, 'entry_hour_utc': 19, 'exit_reason': 'time_exit', 'signal_time': Timestamp('2018-12-19 19:00:00+0000', tz='UTC')}"
2018-12-20 20:00:00+00:00,2018-12-21 00:00:00+00:00,1,1261.095,1261.395,1250.6254333560528,,0.5,34.999999999997726,0.06686045600604151,"{'time_exit_bars': 2, 'atr': 3.4315222146491107, 'entry_hour_utc': 19, 'exit_reason': 'time_exit', 'signal_time': Timestamp('2018-12-20 19:00:00+0000', tz='UTC')}"
2018-12-21 20:00:00+00:00,2018-12-24 00:00:00+00:00,1,1255.595,1260.335,1248.8290000087654,,0.77,457.3800000000007,0.8779190079360516,"{'time_exit_bars': 2, 'atr': 2.1969999970781795, 'entry_hour_utc': 19, 'exit_reason': 'time_exit', 'signal_time': Timestamp('2018-12-21 19:00:00+0000', tz='UTC')}"
2018-12-26 20:00:00+00:00,2018-12-27 00:00:00+00:00,1,1266.345,1270.2050000000002,1256.9952260949412,,0.56,283.3600000000072,0.5411895572429155,"{'time_exit_bars': 2, 'atr': 3.058257968352905, 'entry_hour_utc': 19, 'exit_reason': 'time_exit', 'signal_time': Timestamp('2018-12-26 19:00:00+0000', tz='UTC')}"
2018-12-27 20:00:00+00:00,2018-12-28 00:00:00+00:00,1,1275.205,1275.375,1267.1527316689899,,0.65,37.05000000000473,0.07078750689478992,"{'time_exit_bars': 2, 'atr': 2.6257561103366642, 'entry_hour_utc': 19, 'exit_reason': 'time_exit', 'signal_time': Timestamp('2018-12-27 19:00:00+0000', tz='UTC')}"
2018-12-28 20:00:00+00:00,2018-12-31 00:00:00+00:00,1,1280.105,1279.015,1273.2599743662824,,0.77,8.470000000006294,0.01607006399775017,"{'time_exit_bars': 2, 'atr': 2.2233418779058414, 'entry_hour_utc': 19, 'exit_reason': 'time_exit', 'signal_time': Timestamp('2018-12-28 19:00:00+0000', tz='UTC')}"
2019-01-02 20:00:00+00:00,2019-01-03 00:00:00+00:00,1,1283.345,1286.4950000000001,1274.298647062714,,0.55,239.250000000005,0.4808567640635463,"{'time_exit_bars': 2, 'atr': 2.957117645761973, 'entry_hour_utc': 19, 'exit_reason': 'time_exit', 'signal_time': Timestamp('2019-01-02 19:00:00+0000', tz='UTC')}"
2019-01-03 20:00:00+00:00,2019-01-04 00:00:00+00:00,1,1295.135,1296.605,1287.1780282038628,,0.62,115.94000000000169,0.23501402894350423,"{'time_exit_bars': 2, 'atr': 2.587323932045729, 'entry_hour_utc': 19, 'exit_reason': 'time_exit', 'signal_time': Timestamp('2019-01-03 19:00:00+0000', tz='UTC')}"
2019-01-04 20:00:00+00:00,2019-01-07 00:00:00+00:00,1,1285.055,1284.7050000000002,1275.8961646135965,,0.54,45.90000000000491,0.09280655936473434,"{'time_exit_bars': 2, 'atr': 2.994611795467858, 'entry_hour_utc': 19, 'exit_reason': 'time_exit', 'signal_time': Timestamp('2019-01-04 19:00:00+0000', tz='UTC')}"
2019-01-07 20:00:00+00:00,2019-01-08 00:00:00+00:00,1,1288.905,1288.815,1282.6492355133173,,0.8,24.800000000006555,0.049554295188064236,"{'time_exit_bars': 2, 'atr': 2.0269214955609187, 'entry_hour_utc': 19, 'exit_reason': 'time_exit', 'signal_time': Timestamp('2019-01-07 19:00:00+0000', tz='UTC')}"
2019-01-08 20:00:00+00:00,2019-01-09 00:00:00+00:00,1,1285.415,1285.095,1278.9395242057412,,0.77,6.160000000004906,0.01235430453944298,"{'time_exit_bars': 2, 'atr': 2.1001585980862405, 'entry_hour_utc': 19, 'exit_reason': 'time_exit', 'signal_time': Timestamp('2019-01-08 19:00:00+0000', tz='UTC')}"
2019-01-09 20:00:00+00:00,2019-01-10 00:00:00+00:00,1,1293.805,1292.9550000000002,1286.4829753692657,,0.68,23.800000000006186,0.04780098642811936,"{'time_exit_bars': 2, 'atr': 2.3756748769114235, 'entry_hour_utc': 19, 'exit_reason': 'time_exit', 'signal_time': Timestamp('2019-01-09 19:00:00+0000', tz='UTC')}"
2019-01-10 20:00:00+00:00,2019-01-11 00:00:00+00:00,1,1286.395,1287.7050000000002,1279.9660315575886,,0.78,133.3800000000135,0.2659835734640487,"{'time_exit_bars': 2, 'atr': 2.084656147470442, 'entry_hour_utc': 19, 'exit_reason': 'time_exit', 'signal_time': Timestamp('2019-01-10 19:00:00+0000', tz='UTC')}"
2019-01-11 20:00:00+00:00,2019-01-14 00:00:00+00:00,1,1288.475,1288.825,1282.2150658579758,,0.8,124.00000000001091,0.247606438795369,"{'time_exit_bars': 2, 'atr': 2.0283113806747317, 'entry_hour_utc': 19, 'exit_reason': 'time_exit', 'signal_time': Timestamp('2019-01-11 19:00:00+0000', tz='UTC')}"
2019-01-14 20:00:00+00:00,2019-01-15 00:00:00+00:00,1,1291.695,1290.9850000000001,1285.0413724750103,,0.75,-23.249999999985672,-0.0465911262443706,"{'time_exit_bars': 2, 'atr': 2.159542508329844, 'entry_hour_utc': 19, 'exit_reason': 'time_exit', 'signal_time': Timestamp('2019-01-14 19:00:00+0000', tz='UTC')}"
2019-01-15 20:00:00+00:00,2019-01-16 00:00:00+00:00,1,1289.175,1290.425,1282.6568634096443,,0.77,127.05000000000001,0.2531398317797403,"{'time_exit_bars': 2, 'atr': 2.114378863451871, 'entry_hour_utc': 19, 'exit_reason': 'time_exit', 'signal_time': Timestamp('2019-01-15 19:00:00+0000', tz='UTC')}"
2019-01-16 20:00:00+00:00,2019-01-17 00:00:00+00:00,1,1293.2749999999999,1293.7150000000001,1287.969677131499,,0.95,155.80000000002678,0.309123504949612,"{'time_exit_bars': 2, 'atr': 1.7101076228336163, 'entry_hour_utc': 19, 'exit_reason': 'time_exit', 'signal_time': Timestamp('2019-01-16 19:00:00+0000', tz='UTC')}"
2019-01-17 20:00:00+00:00,2019-01-18 00:00:00+00:00,1,1291.925,1290.885,1286.1318825077667,,0.87,-55.67999999999683,-0.11047592265442613,"{'time_exit_bars': 2, 'atr': 1.8727058307444244, 'entry_hour_utc': 19, 'exit_reason': 'time_exit', 'signal_time': Timestamp('2019-01-17 19:00:00+0000', tz='UTC')}"
2019-01-18 20:00:00+00:00,2019-01-21 00:00:00+00:00,1,1280.7749999999999,1283.2050000000002,1274.8983668236663,,0.85,308.55000000002474,0.6177006273964899,"{'time_exit_bars': 2, 'atr': 1.9105443921112715, 'entry_hour_utc': 19, 'exit_reason': 'time_exit', 'signal_time': Timestamp('2019-01-18 19:00:00+0000', tz='UTC')}"
2019-01-22 20:00:00+00:00,2019-01-23 00:00:00+00:00,1,1284.555,1284.2450000000001,1278.9012755752813,,0.89,8.010000000004855,0.015918710081899833,"{'time_exit_bars': 2, 'atr': 1.836241474906258, 'entry_hour_utc': 19, 'exit_reason': 'time_exit', 'signal_time': Timestamp('2019-01-22 19:00:00+0000', tz='UTC')}"
2019-01-23 20:00:00+00:00,2019-01-24 00:00:00+00:00,1,1283.215,1284.195,1278.0071397905529,,0.97,211.46000000000174,0.41859802535511537,"{'time_exit_bars': 2, 'atr': 1.6776200698156942, 'entry_hour_utc': 19, 'exit_reason': 'time_exit', 'signal_time': Timestamp('2019-01-23 19:00:00+0000', tz='UTC')}"
2019-01-24 20:00:00+00:00,2019-01-25 00:00:00+00:00,1,1281.065,1280.615,1275.4255775362521,,0.89,-4.450000000004046,-0.008866156121741575,"{'time_exit_bars': 2, 'atr': 1.8214741545826847, 'entry_hour_utc': 19, 'exit_reason': 'time_exit', 'signal_time': Timestamp('2019-01-24 19:00:00+0000', tz='UTC')}"
2019-01-25 20:00:00+00:00,2019-01-28 00:00:00+00:00,1,1299.815,1300.9550000000002,1292.3020053440212,,0.67,156.7800000000067,0.31146035730744326,"{'time_exit_bars': 2, 'atr': 2.4126648853262482, 'entry_hour_utc': 19, 'exit_reason': 'time_exit', 'signal_time': Timestamp('2019-01-25 19:00:00+0000', tz='UTC')}"
2019-01-28 20:00:00+00:00,2019-01-29 00:00:00+00:00,1,1304.075,1304.175,1298.832491918493,,0.96,47.99999999999127,0.09537419727852223,"{'time_exit_bars': 2, 'atr': 1.7091693605024034, 'entry_hour_utc': 19, 'exit_reason': 'time_exit', 'signal_time': Timestamp('2019-01-28 19:00:00+0000', tz='UTC')}"
2019-01-29 20:00:00+00:00,2019-01-30 00:00:00+00:00,1,1311.5449999999998,1311.065,1305.2343028720495,,0.8,-6.399999999983265,-0.012676887890161543,"{'time_exit_bars': 2, 'atr': 2.0118990426501937, 'entry_hour_utc': 19, 'exit_reason': 'time_exit', 'signal_time': Timestamp('2019-01-29 19:00:00+0000', tz='UTC')}"
2019-01-30 20:00:00+00:00,2019-01-31 00:00:00+00:00,1,1319.115,1317.795,1310.986801166765,,0.62,-7.439999999996047,-0.014763418373732856,"{'time_exit_bars': 2, 'atr': 2.6243996110782795, 'entry_hour_utc': 19, 'exit_reason': 'time_exit', 'signal_time': Timestamp('2019-01-30 19:00:00+0000', tz='UTC')}"
2019-01-31 20:00:00+00:00,2019-02-01 00:00:00+00:00,1,1320.225,1321.195,1313.683526546656,,0.77,105.49000000000211,0.2094329373605704,"{'time_exit_bars': 2, 'atr': 2.0954911511147056, 'entry_hour_utc': 19, 'exit_reason': 'time_exit', 'signal_time': Timestamp('2019-01-31 19:00:00+0000', tz='UTC')}"
2019-02-01 20:00:00+00:00,2019-02-04 00:00:00+00:00,1,1317.925,1315.405,1311.670851258298,,0.81,-106.91999999999852,-0.21105989871944675,"{'time_exit_bars': 2, 'atr': 2.0263829139006573, 'entry_hour_utc': 19, 'exit_reason': 'time_exit', 'signal_time': Timestamp('2019-02-01 19:00:00+0000', tz='UTC')}"
2019-02-04 20:00:00+00:00,2019-02-05 00:00:00+00:00,1,1312.145,1312.005,1306.5066374568103,,0.9,23.400000000011467,0.04611267863826315,"{'time_exit_bars': 2, 'atr': 1.797787514396632, 'entry_hour_utc': 19, 'exit_reason': 'time_exit', 'signal_time': Timestamp('2019-02-04 19:00:00+0000', tz='UTC')}"
2019-02-05 20:00:00+00:00,2019-02-06 00:00:00+00:00,1,1315.385,1314.9850000000001,1309.8748013556215,,0.92,1.255529014088097e-11,2.4766901125933462e-14,"{'time_exit_bars': 2, 'atr': 1.7783995481262145, 'entry_hour_utc': 19, 'exit_reason': 'time_exit', 'signal_time': Timestamp('2019-02-05 19:00:00+0000', tz='UTC')}"
2019-02-06 20:00:00+00:00,2019-02-07 00:00:00+00:00,1,1306.7649999999999,1306.515,1301.3406488766373,,0.93,88.35000000002115,0.17513615516307365,"{'time_exit_bars': 2, 'atr': 1.749783707787548, 'entry_hour_utc': 19, 'exit_reason': 'time_exit', 'signal_time': Timestamp('2019-02-06 19:00:00+0000', tz='UTC')}"
2019-02-07 20:00:00+00:00,2019-02-08 00:00:00+00:00,1,1309.735,1310.285,1304.0435168302536,,0.89,84.55000000001618,0.16691606944390258,"{'time_exit_bars': 2, 'atr': 1.8388277232488024, 'entry_hour_utc': 19, 'exit_reason': 'time_exit', 'signal_time': Timestamp('2019-02-07 19:00:00+0000', tz='UTC')}"
2019-02-08 20:00:00+00:00,2019-02-11 00:00:00+00:00,1,1314.5249999999999,1312.645,1309.5217039164165,,1.01,-68.67999999998806,-0.13591040558864328,"{'time_exit_bars': 2, 'atr': 1.596098694527769, 'entry_hour_utc': 19, 'exit_reason': 'time_exit', 'signal_time': Timestamp('2019-02-08 19:00:00+0000', tz='UTC')}"
2019-02-11 20:00:00+00:00,2019-02-12 00:00:00+00:00,1,1308.435,1306.925,1302.6838810519,,0.88,-97.6799999999992,-0.19300591937273628,"{'time_exit_bars': 2, 'atr': 1.8587063160332877, 'entry_hour_utc': 19, 'exit_reason': 'time_exit', 'signal_time': Timestamp('2019-02-11 19:00:00+0000', tz='UTC')}"
2019-02-12 20:00:00+00:00,2019-02-13 00:00:00+00:00,1,1311.115,1309.515,1305.6498149208664,,0.93,-111.59999999999154,-0.2195717039083614,"{'time_exit_bars': 2, 'atr': 1.7600616930445598, 'entry_hour_utc': 19, 'exit_reason': 'time_exit', 'signal_time': Timestamp('2019-02-12 19:00:00+0000', tz='UTC')}"
2019-02-13 20:00:00+00:00,2019-02-14 00:00:00+00:00,1,1305.875,1307.635,1298.9211558919435,,0.73,216.07999999999933,0.4256638420425085,"{'time_exit_bars': 2, 'atr': 2.2596147026855364, 'entry_hour_utc': 19, 'exit_reason': 'time_exit', 'signal_time': Timestamp('2019-02-13 19:00:00+0000', tz='UTC')}"
2019-02-14 20:00:00+00:00,2019-02-15 00:00:00+00:00,1,1312.825,1312.2150000000001,1305.0429931326446,,0.65,-13.649999999993497,-0.02698532699589663,"{'time_exit_bars': 2, 'atr': 2.5390022891184674, 'entry_hour_utc': 19, 'exit_reason': 'time_exit', 'signal_time': Timestamp('2019-02-14 19:00:00+0000', tz='UTC')}"
2019-02-15 20:00:00+00:00,2019-02-18 00:00:00+00:00,1,1321.125,1321.375,1314.9412035349856,,0.82,118.89999999999999,0.23448378487286034,"{'time_exit_bars': 2, 'atr': 1.9862654883381896, 'entry_hour_utc': 19, 'exit_reason': 'time_exit', 'signal_time': Timestamp('2019-02-15 19:00:00+0000', tz='UTC')}"
2019-02-19 20:00:00+00:00,2019-02-20 00:00:00+00:00,1,1340.875,1340.295,1334.0357417973696,,0.74,-13.319999999994618,-0.02631864372816031,"{'time_exit_bars': 2, 'atr': 2.2214194008767896, 'entry_hour_utc': 19, 'exit_reason': 'time_exit', 'signal_time': Timestamp('2019-02-19 19:00:00+0000', tz='UTC')}"
2019-02-20 20:00:00+00:00,2019-02-21 00:00:00+00:00,1,1338.745,1340.165,1330.737044585483,,0.63,165.06000000000458,0.32717464875622854,"{'time_exit_bars': 2, 'atr': 2.6176518048389776, 'entry_hour_utc': 19, 'exit_reason': 'time_exit', 'signal_time': Timestamp('2019-02-20 19:00:00+0000', tz='UTC')}"
2019-02-21 20:00:00+00:00,2019-02-22 00:00:00+00:00,1,1323.705,1325.065,1315.1208846853247,,0.59,103.8400000000075,0.20502986452095512,"{'time_exit_bars': 2, 'atr': 2.8030384382251157, 'entry_hour_utc': 19, 'exit_reason': 'time_exit', 'signal_time': Timestamp('2019-02-21 19:00:00+0000', tz='UTC')}"
2019-02-22 20:00:00+00:00,2019-02-25 00:00:00+00:00,1,1328.495,1329.375,1321.5064335810334,,0.73,151.84000000000796,0.2976289950332506,"{'time_exit_bars': 2, 'atr': 2.2711888063221624, 'entry_hour_utc': 19, 'exit_reason': 'time_exit', 'signal_time': Timestamp('2019-02-22 19:00:00+0000', tz='UTC')}"
2019-02-25 20:00:00+00:00,2019-02-26 00:00:00+00:00,1,1327.145,1327.045,1320.8180751801972,,0.8,24.000000000007283,0.04741640031206213,"{'time_exit_bars': 2, 'atr': 2.0506416066009825, 'entry_hour_utc': 19, 'exit_reason': 'time_exit', 'signal_time': Timestamp('2019-02-25 19:00:00+0000', tz='UTC')}"
2019-02-26 20:00:00+00:00,2019-02-27 00:00:00+00:00,1,1329.095,1328.535,1322.658363407785,,0.79,-12.639999999995684,-0.024857702886855515,"{'time_exit_bars': 2, 'atr': 2.1072121974049964, 'entry_hour_utc': 19, 'exit_reason': 'time_exit', 'signal_time': Timestamp('2019-02-26 19:00:00+0000', tz='UTC')}"
2019-02-27 20:00:00+00:00,2019-02-28 00:00:00+00:00,1,1320.135,1320.395,1313.6955804341728,,0.79,115.33999999999928,0.22672850946814316,"{'time_exit_bars': 2, 'atr': 2.084806521942377, 'entry_hour_utc': 19, 'exit_reason': 'time_exit', 'signal_time': Timestamp('2019-02-27 19:00:00+0000', tz='UTC')}"
2019-02-28 20:00:00+00:00,2019-03-01 00:00:00+00:00,1,1312.825,1313.085,1305.1989246641494,,0.67,44.21999999999939,0.08654517178676356,"{'time_exit_bars': 2, 'atr': 2.4836917786168895, 'entry_hour_utc': 19, 'exit_reason': 'time_exit', 'signal_time': Timestamp('2019-02-28 19:00:00+0000', tz='UTC')}"
2019-03-01 20:00:00+00:00,2019-03-04 00:00:00+00:00,1,1290.395,1294.415,1281.0753335398092,,0.54,281.87999999999903,0.5601058817176949,"{'time_exit_bars': 2, 'atr': 3.0482221533969702, 'entry_hour_utc': 19, 'exit_reason': 'time_exit', 'signal_time': Timestamp('2019-03-01 19:00:00+0000', tz='UTC')}"
2019-03-04 20:00:00+00:00,2019-03-05 00:00:00+00:00,1,1286.905,1286.175,1278.825666521815,,0.63,-20.790000000001147,-0.04084495347184931,"{'time_exit_bars': 2, 'atr': 2.6214444927283647, 'entry_hour_utc': 19, 'exit_reason': 'time_exit', 'signal_time': Timestamp('2019-03-04 19:00:00+0000', tz='UTC')}"
2019-03-05 20:00:00+00:00,2019-03-06 00:00:00+00:00,1,1288.325,1287.9750000000001,1281.7736067959568,,0.78,3.9000000000071005,0.007631964445246985,"{'time_exit_bars': 2, 'atr': 2.1587977346811007, 'entry_hour_utc': 19, 'exit_reason': 'time_exit', 'signal_time': Timestamp('2019-03-05 19:00:00+0000', tz='UTC')}"
2019-03-06 20:00:00+00:00,2019-03-07 00:00:00+00:00,1,1287.595,1287.355,1281.4435260512735,,0.83,79.67999999999924,0.15606015858991387,"{'time_exit_bars': 2, 'atr': 1.9921579829088734, 'entry_hour_utc': 19, 'exit_reason': 'time_exit', 'signal_time': Timestamp('2019-03-06 19:00:00+0000', tz='UTC')}"
2019-03-07 20:00:00+00:00,2019-03-08 00:00:00+00:00,1,1285.985,1286.2150000000001,1279.28161199973,,0.76,47.88000000001867,0.09398232654515738,"{'time_exit_bars': 2, 'atr': 2.2094626667566244, 'entry_hour_utc': 19, 'exit_reason': 'time_exit', 'signal_time': Timestamp('2019-03-07 19:00:00+0000', tz='UTC')}"
2019-03-08 20:00:00+00:00,2019-03-11 00:00:00+00:00,1,1300.135,1298.035,1292.9670973895338,,0.71,-63.89999999999351,-0.1255597416580101,"{'time_exit_bars': 2, 'atr': 2.3876342034887528, 'entry_hour_utc': 19, 'exit_reason': 'time_exit', 'signal_time': Timestamp('2019-03-08 19:00:00+0000', tz='UTC')}"
2019-03-11 22:00:00+00:00,2019-03-12 01:00:00+00:00,1,1293.215,1294.625,1288.021652193442,,0.98,177.380000000008,0.3485227771023676,"{'time_exit_bars': 2, 'atr': 1.749449268852653, 'entry_hour_utc': 19, 'exit_reason': 'time_exit', 'signal_time': Timestamp('2019-03-11 19:00:00+0000', tz='UTC')}"
2019-03-12 22:00:00+00:00,2019-03-13 01:00:00+00:00,1,1301.085,1303.7150000000001,1295.367268304448,,0.9,272.7000000000098,0.529930427193229,"{'time_exit_bars': 2, 'atr': 1.9275772318506732, 'entry_hour_utc': 19, 'exit_reason': 'time_exit', 'signal_time': Timestamp('2019-03-12 19:00:00+0000', tz='UTC')}"
2019-03-13 22:00:00+00:00,2019-03-14 01:00:00+00:00,1,1309.965,1305.925,1303.875087852691,,0.84,-238.55999999999693,-0.4663449868082121,"{'time_exit_bars': 2, 'atr': 1.7416373824363305, 'entry_hour_utc': 19, 'exit_reason': 'time_exit', 'signal_time': Timestamp('2019-03-13 19:00:00+0000', tz='UTC')}"
2019-03-14 22:00:00+00:00,2019-03-15 01:00:00+00:00,1,1296.2649999999999,1294.565,1289.8514544269394,,0.8,-103.99999999998548,-0.2026959947802286,"{'time_exit_bars': 2, 'atr': 2.076181857686804, 'entry_hour_utc': 19, 'exit_reason': 'time_exit', 'signal_time': Timestamp('2019-03-14 19:00:00+0000', tz='UTC')}"
2019-03-17 22:00:00+00:00,2019-03-18 01:00:00+00:00,1,1302.415,1299.2150000000001,1295.481602965973,,0.74,-207.19999999998655,-0.40384244350327786,"{'time_exit_bars': 2, 'atr': 2.146132344675709, 'entry_hour_utc': 19, 'exit_reason': 'time_exit', 'signal_time': Timestamp('2019-03-15 19:00:00+0000', tz='UTC')}"
2019-03-18 22:00:00+00:00,2019-03-19 01:00:00+00:00,1,1303.5249999999999,1305.615,1297.8163160452386,,0.89,221.61000000001295,0.4361775883430024,"{'time_exit_bars': 2, 'atr': 1.8645613182538365, 'entry_hour_utc': 19, 'exit_reason': 'time_exit', 'signal_time': Timestamp('2019-03-18 19:00:00+0000', tz='UTC')}"
2019-03-19 22:00:00+00:00,2019-03-20 01:00:00+00:00,1,1306.805,1304.755,1301.1342966233246,,0.9,-148.4999999999959,-0.29096919560044154,"{'time_exit_bars': 2, 'atr': 1.7585677922251295, 'entry_hour_utc': 19, 'exit_reason': 'time_exit', 'signal_time': Timestamp('2019-03-19 19:00:00+0000', tz='UTC')}"
2019-03-20 22:00:00+00:00,2019-03-21 01:00:00+00:00,1,1314.325,1317.585,1303.3301705496858,,0.46,205.15999999999957,0.40564521897813755,"{'time_exit_bars': 2, 'atr': 3.0032764834380483, 'entry_hour_utc': 19, 'exit_reason': 'time_exit', 'signal_time': Timestamp('2019-03-20 19:00:00+0000', tz='UTC')}"
2019-03-21 22:00:00+00:00,2019-03-22 01:00:00+00:00,1,1309.325,1309.795,1301.8876110094964,,0.69,60.03000000000188,0.11697653586640071,"{'time_exit_bars': 2, 'atr': 2.4641296635012035, 'entry_hour_utc': 19, 'exit_reason': 'time_exit', 'signal_time': Timestamp('2019-03-21 19:00:00+0000', tz='UTC')}"
2019-03-24 22:00:00+00:00,2019-03-25 01:00:00+00:00,1,1312.365,1314.395,1306.2597369399653,,0.84,204.1199999999977,0.39801724775904057,"{'time_exit_bars': 2, 'atr': 2.270087686678204, 'entry_hour_utc': 19, 'exit_reason': 'time_exit', 'signal_time': Timestamp('2019-03-22 19:00:00+0000', tz='UTC')}"
2019-03-25 22:00:00+00:00,2019-03-26 01:00:00+00:00,1,1322.065,1321.395,1316.064937680091,,0.86,-23.22000000000625,-0.04499953260554817,"{'time_exit_bars': 2, 'atr': 1.9816874399697029, 'entry_hour_utc': 19, 'exit_reason': 'time_exit', 'signal_time': Timestamp('2019-03-25 19:00:00+0000', tz='UTC')}"
2019-03-26 22:00:00+00:00,2019-03-27 01:00:00+00:00,1,1316.735,1317.175,1308.2014796051176,,0.6,50.400000000003274,0.0984353421717742,"{'time_exit_bars': 2, 'atr': 2.2995067982940838, 'entry_hour_utc': 19, 'exit_reason': 'time_exit', 'signal_time': Timestamp('2019-03-26 19:00:00+0000', tz='UTC')}"
2019-03-27 22:00:00+00:00,2019-03-28 01:00:00+00:00,1,1309.485,1307.605,1301.838103276218,,0.67,-45.55999999999207,-0.08892496192410562,"{'time_exit_bars': 2, 'atr': 2.5972989079273856, 'entry_hour_utc': 19, 'exit_reason': 'time_exit', 'signal_time': Timestamp('2019-03-27 19:00:00+0000', tz='UTC')}"
2019-03-28 22:00:00+00:00,2019-03-29 01:00:00+00:00,1,1291.205,1290.885,1281.3617209493386,,0.52,4.160000000003311,0.008127372960607988,"{'time_exit_bars': 2, 'atr': 2.8360930168870886, 'entry_hour_utc': 19, 'exit_reason': 'time_exit', 'signal_time': Timestamp('2019-03-28 19:00:00+0000', tz='UTC')}"
2019-03-31 22:00:00+00:00,2019-04-01 01:00:00+00:00,1,1292.325,1291.4750000000001,1285.0675379651548,,0.71,-31.949999999993544,-0.062005146956239335,"{'time_exit_bars': 2, 'atr': 2.364154011615069, 'entry_hour_utc': 19, 'exit_reason': 'time_exit', 'signal_time': Timestamp('2019-03-29 19:00:00+0000', tz='UTC')}"
2019-04-01 20:00:00+00:00,2019-04-02 00:00:00+00:00,1,1287.335,1287.175,1279.8800476111676,,0.69,16.559999999994353,0.03219336455581381,"{'time_exit_bars': 2, 'atr': 2.426650796277479, 'entry_hour_utc': 19, 'exit_reason': 'time_exit', 'signal_time': Timestamp('2019-04-01 19:00:00+0000', tz='UTC')}"
2019-04-02 20:00:00+00:00,2019-04-03 00:00:00+00:00,1,1291.675,1291.555,1285.2532284751678,,0.8,22.40000000000874,0.04360167578640666,"{'time_exit_bars': 2, 'atr': 2.0822571749440946, 'entry_hour_utc': 19, 'exit_reason': 'time_exit', 'signal_time': Timestamp('2019-04-02 19:00:00+0000', tz='UTC')}"
2019-04-03 20:00:00+00:00,2019-04-04 00:00:00+00:00,1,1290.155,1291.585,1284.903905658994,,0.98,257.74000000000626,0.5008479812412313,"{'time_exit_bars': 2, 'atr': 1.688698113668621, 'entry_hour_utc': 19, 'exit_reason': 'time_exit', 'signal_time': Timestamp('2019-04-03 19:00:00+0000', tz='UTC')}"
2019-04-04 20:00:00+00:00,2019-04-05 00:00:00+00:00,1,1293.315,1291.925,1286.3135030618087,,0.73,-72.2700000000073,-0.1413983336334692,"{'time_exit_bars': 2, 'atr': 2.262165646063717, 'entry_hour_utc': 19, 'exit_reason': 'time_exit', 'signal_time': Timestamp('2019-04-04 19:00:00+0000', tz='UTC')}"
2019-04-05 20:00:00+00:00,2019-04-08 00:00:00+00:00,1,1291.985,1291.535,1285.2222010904788,,0.76,57.00000000001381,0.11090082819766962,"{'time_exit_bars': 2, 'atr': 2.1859329698403687, 'entry_hour_utc': 19, 'exit_reason': 'time_exit', 'signal_time': Timestamp('2019-04-05 19:00:00+0000', tz='UTC')}"
2019-04-08 20:00:00+00:00,2019-04-09 00:00:00+00:00,1,1298.085,1297.755,1293.079894382602,,1.03,7.210000000007497,0.013985718854113732,"{'time_exit_bars': 2, 'atr': 1.616701872465965, 'entry_hour_utc': 19, 'exit_reason': 'time_exit', 'signal_time': Timestamp('2019-04-08 19:00:00+0000', tz='UTC')}"
2019-04-09 20:00:00+00:00,2019-04-10 00:00:00+00:00,1,1304.415,1304.435,1298.63083932662,,0.89,37.37999999999838,0.07261209079701288,"{'time_exit_bars': 2, 'atr': 1.8697202244600537, 'entry_hour_utc': 19, 'exit_reason': 'time_exit', 'signal_time': Timestamp('2019-04-09 19:00:00+0000', tz='UTC')}"
2019-04-10 20:00:00+00:00,2019-04-11 00:00:00+00:00,1,1308.205,1307.845,1301.8334125595522,,0.81,68.0400000000081,0.13183527776259782,"{'time_exit_bars': 2, 'atr': 2.0655291468159063, 'entry_hour_utc': 19, 'exit_reason': 'time_exit', 'signal_time': Timestamp('2019-04-10 19:00:00+0000', tz='UTC')}"
2019-04-11 20:00:00+00:00,2019-04-12 00:00:00+00:00,1,1291.5149999999999,1291.9850000000001,1284.2083885912757,,0.7,60.900000000017826,0.11907024355523632,"{'time_exit_bars': 2, 'atr': 2.3838704695747626, 'entry_hour_utc': 19, 'exit_reason': 'time_exit', 'signal_time': Timestamp('2019-04-11 19:00:00+0000', tz='UTC')}"
2019-04-12 20:00:00+00:00,2019-04-15 00:00:00+00:00,1,1290.385,1289.505,1285.0058574074153,,0.96,30.720000000011353,0.059489034635603115,"{'time_exit_bars': 2, 'atr': 1.7347141975282276, 'entry_hour_utc': 19, 'exit_reason': 'time_exit', 'signal_time': Timestamp('2019-04-12 19:00:00+0000', tz='UTC')}"
2019-04-15 20:00:00+00:00,2019-04-16 00:00:00+00:00,1,1287.995,1288.145,1282.2242102182656,,0.89,48.950000000008096,0.09530757847755153,"{'time_exit_bars': 2, 'atr': 1.8652632605780957, 'entry_hour_utc': 19, 'exit_reason': 'time_exit', 'signal_time': Timestamp('2019-04-15 19:00:00+0000', tz='UTC')}"
2019-04-16 20:00:00+00:00,2019-04-17 00:00:00+00:00,1,1276.5449999999998,1276.395,1269.4085516159296,,0.72,18.00000000000982,0.03503143111889912,"{'time_exit_bars': 2, 'atr': 2.3204827946900966, 'entry_hour_utc': 19, 'exit_reason': 'time_exit', 'signal_time': Timestamp('2019-04-16 19:00:00+0000', tz='UTC')}"
2019-04-17 20:00:00+00:00,2019-04-18 00:00:00+00:00,1,1274.315,1273.935,1269.0387992487188,,0.98,80.3599999999893,0.15541485979295966,"{'time_exit_bars': 2, 'atr': 1.700400250427112, 'entry_hour_utc': 19, 'exit_reason': 'time_exit', 'signal_time': Timestamp('2019-04-17 19:00:00+0000', tz='UTC')}"
2019-04-18 20:00:00+00:00,2019-04-22 00:00:00+00:00,1,1275.2549999999999,1276.555,1269.3459655322717,,0.87,252.30000000001584,0.4907739184528999,"{'time_exit_bars': 2, 'atr': 1.911344822576055, 'entry_hour_utc': 19, 'exit_reason': 'time_exit', 'signal_time': Timestamp('2019-04-18 19:00:00+0000', tz='UTC')}"
2019-04-22 20:00:00+00:00,2019-04-23 00:00:00+00:00,1,1275.0049999999999,1274.405,1269.951087448151,,1.02,-20.399999999990726,-0.03957330047721936,"{'time_exit_bars': 2, 'atr': 1.6263041839496961, 'entry_hour_utc': 19, 'exit_reason': 'time_exit', 'signal_time': Timestamp('2019-04-22 19:00:00+0000', tz='UTC')}"
2019-04-23 20:00:00+00:00,2019-04-24 00:00:00+00:00,1,1272.175,1271.185,1265.8974607771315,,0.82,-48.38000000000074,-0.0939858723384316,"{'time_exit_bars': 2, 'atr': 2.0341797409561653, 'entry_hour_utc': 19, 'exit_reason': 'time_exit', 'signal_time': Timestamp('2019-04-23 19:00:00+0000', tz='UTC')}"
2019-04-24 20:00:00+00:00,2019-04-25 00:00:00+00:00,1,1275.975,1274.4650000000001,1269.4068238002978,,0.79,-24.489999999981336,-0.04719727220683048,"{'time_exit_bars': 2, 'atr': 2.1210587332340514, 'entry_hour_utc': 19, 'exit_reason': 'time_exit', 'signal_time': Timestamp('2019-04-24 19:00:00+0000', tz='UTC')}"
2019-04-25 20:00:00+00:00,2019-04-26 00:00:00+00:00,1,1277.425,1278.415,1271.3340725869427,,0.85,118.15000000000077,0.22820826874742334,"{'time_exit_bars': 2, 'atr': 1.9719758043523927, 'entry_hour_utc': 19, 'exit_reason': 'time_exit', 'signal_time': Timestamp('2019-04-25 19:00:00+0000', tz='UTC')}"
2019-04-26 20:00:00+00:00,2019-04-29 00:00:00+00:00,1,1285.575,1285.625,1278.9008732941845,,0.77,96.24999999999649,0.1872904209191537,"{'time_exit_bars': 2, 'atr': 2.163042235271861, 'entry_hour_utc': 19, 'exit_reason': 'time_exit', 'signal_time': Timestamp('2019-04-26 19:00:00+0000', tz='UTC')}"
2019-04-29 20:00:00+00:00,2019-04-30 00:00:00+00:00,1,1280.0149999999999,1280.175,1275.1635761818522,,1.07,59.92000000000876,0.11543003064488021,"{'time_exit_bars': 2, 'atr': 1.562141272715885, 'entry_hour_utc': 19, 'exit_reason': 'time_exit', 'signal_time': Timestamp('2019-04-29 19:00:00+0000', tz='UTC')}"
2019-04-30 20:00:00+00:00,2019-05-01 00:00:00+00:00,1,1283.845,1282.945,1278.121358593677,,0.91,-45.50000000000827,-0.08735697513260315,"{'time_exit_bars': 2, 'atr': 1.8495471354410142, 'entry_hour_utc': 19, 'exit_reason': 'time_exit', 'signal_time': Timestamp('2019-04-30 19:00:00+0000', tz='UTC')}"
2019-05-01 20:00:00+00:00,2019-05-02 00:00:00+00:00,1,1275.605,1276.875,1266.9391561551734,,0.6,148.1999999999989,0.2850270607489104,"{'time_exit_bars': 2, 'atr': 2.830281281608874, 'entry_hour_utc': 19, 'exit_reason': 'time_exit', 'signal_time': Timestamp('2019-05-01 19:00:00+0000', tz='UTC')}"
2019-05-02 20:00:00+00:00,2019-05-03 00:00:00+00:00,1,1270.7849999999999,1270.535,1264.6934439851275,,0.85,12.750000000019327,0.02462425029565623,"{'time_exit_bars': 2, 'atr': 1.9688520049575022, 'entry_hour_utc': 19, 'exit_reason': 'time_exit', 'signal_time': Timestamp('2019-05-02 19:00:00+0000', tz='UTC')}"
2019-05-03 20:00:00+00:00,2019-05-06 00:00:00+00:00,1,1278.325,1284.005,1271.7251510199303,,0.79,543.520000000005,1.042448095521023,"{'time_exit_bars': 2, 'atr': 2.1416163266899484, 'entry_hour_utc': 19, 'exit_reason': 'time_exit', 'signal_time': Timestamp('2019-05-03 19:00:00+0000', tz='UTC')}"
2019-05-06 20:00:00+00:00,2019-05-07 00:00:00+00:00,1,1280.225,1282.685,1274.7316366692448,,0.95,271.70000000000346,0.5206282249688596,"{'time_exit_bars': 2, 'atr': 1.7761211102516976, 'entry_hour_utc': 19, 'exit_reason': 'time_exit', 'signal_time': Timestamp('2019-05-06 19:00:00+0000', tz='UTC')}"
2019-05-07 20:00:00+00:00,2019-05-08 00:00:00+00:00,1,1284.385,1284.635,1279.1242397685594,,0.99,64.35,0.12355628681104229,"{'time_exit_bars': 2, 'atr': 1.711920077146858, 'entry_hour_utc': 19, 'exit_reason': 'time_exit', 'signal_time': Timestamp('2019-05-07 19:00:00+0000', tz='UTC')}"
2019-05-08 20:00:00+00:00,2019-05-09 00:00:00+00:00,1,1280.985,1281.115,1274.9587381652732,,0.87,115.7100000000095,0.22070066593122473,"{'time_exit_bars': 2, 'atr': 1.9504206115755514, 'entry_hour_utc': 19, 'exit_reason': 'time_exit', 'signal_time': Timestamp('2019-05-08 19:00:00+0000', tz='UTC')}"
2019-05-09 20:00:00+00:00,2019-05-10 00:00:00+00:00,1,1283.975,1283.535,1277.1912660673909,,0.77,-3.07999999998669,-0.005896457673192241,"{'time_exit_bars': 2, 'atr': 2.202911310869659, 'entry_hour_utc': 19, 'exit_reason': 'time_exit', 'signal_time': Timestamp('2019-05-09 19:00:00+0000', tz='UTC')}"
2019-05-10 20:00:00+00:00,2019-05-13 00:00:00+00:00,1,1286.105,1286.9550000000002,1279.7329944076237,,0.82,168.10000000001116,0.3217197427530217,"{'time_exit_bars': 2, 'atr': 2.0690018641254584, 'entry_hour_utc': 19, 'exit_reason': 'time_exit', 'signal_time': Timestamp('2019-05-10 19:00:00+0000', tz='UTC')}"
2019-05-13 20:00:00+00:00,2019-05-14 00:00:00+00:00,1,1299.5249999999999,1301.4950000000001,1291.9743630935557,,0.69,163.53000000001757,0.31388080626384574,"{'time_exit_bars': 2, 'atr': 2.4585456354813813, 'entry_hour_utc': 19, 'exit_reason': 'time_exit', 'signal_time': Timestamp('2019-05-13 19:00:00+0000', tz='UTC')}"
2019-05-14 20:00:00+00:00,2019-05-15 00:00:00+00:00,1,1297.115,1296.815,1291.5425431088981,,0.94,9.40000000000428,0.01794540576163562,"{'time_exit_bars': 2, 'atr': 1.7991522970339866, 'entry_hour_utc': 19, 'exit_reason': 'time_exit', 'signal_time': Timestamp('2019-05-14 19:00:00+0000', tz='UTC')}"
2019-05-15 20:00:00+00:00,2019-05-16 00:00:00+00:00,1,1296.445,1296.255,1290.3826623048221,,0.87,87.87000000001504,0.16660239841201233,"{'time_exit_bars': 2, 'atr': 1.9624458983926332, 'entry_hour_utc': 19, 'exit_reason': 'time_exit', 'signal_time': Timestamp('2019-05-15 19:00:00+0000', tz='UTC')}"
2019-05-16 20:00:00+00:00,2019-05-17 00:00:00+00:00,1,1287.145,1285.655,1280.7882631838138,,0.83,-90.47000000000074,-0.1714716263263468,"{'time_exit_bars': 2, 'atr': 2.0705789387287403, 'entry_hour_utc': 19, 'exit_reason': 'time_exit', 'signal_time': Timestamp('2019-05-16 19:00:00+0000', tz='UTC')}"
2019-05-17 20:00:00+00:00,2019-05-20 00:00:00+00:00,1,1278.105,1277.505,1271.357792298224,,0.78,46.80000000000709,0.08892567511181823,"{'time_exit_bars': 2, 'atr': 2.190735900591983, 'entry_hour_utc': 19, 'exit_reason': 'time_exit', 'signal_time': Timestamp('2019-05-17 19:00:00+0000', tz='UTC')}"
2019-05-20 20:00:00+00:00,2019-05-21 00:00:00+00:00,1,1278.085,1277.2250000000001,1272.7970591627427,,0.99,-45.539999999990094,-0.08699038324310851,"{'time_exit_bars': 2, 'atr': 1.7043136124191602, 'entry_hour_utc': 19, 'exit_reason': 'time_exit', 'signal_time': Timestamp('2019-05-20 19:00:00+0000', tz='UTC')}"
2019-05-21 20:00:00+00:00,2019-05-22 00:00:00+00:00,1,1274.825,1274.375,1269.7872116847573,,1.04,-5.200000000004728,-0.009924990267804829,"{'time_exit_bars': 2, 'atr': 1.6309294384142348, 'entry_hour_utc': 19, 'exit_reason': 'time_exit', 'signal_time': Timestamp('2019-05-21 19:00:00+0000', tz='UTC')}"
2019-05-22 20:00:00+00:00,2019-05-23 00:00:00+00:00,1,1273.975,1274.015,1269.5382540106057,,1.19,147.5600000000227,0.2794841090664943,"{'time_exit_bars': 2, 'atr': 1.397248663131448, 'entry_hour_utc': 19, 'exit_reason': 'time_exit', 'signal_time': Timestamp('2019-05-22 19:00:00+0000', tz='UTC')}"
2019-05-23 20:00:00+00:00,2019-05-24 00:00:00+00:00,1,1283.7749999999999,1283.855,1277.4400956167815,,0.83,39.840000000012836,0.07577067797135345,"{'time_exit_bars': 2, 'atr': 2.0533014610727913, 'entry_hour_utc': 19, 'exit_reason': 'time_exit', 'signal_time': Timestamp('2019-05-23 19:00:00+0000', tz='UTC')}"
2019-05-24 20:00:00+00:00,2019-05-27 00:00:00+00:00,1,1284.955,1284.4850000000001,1280.3626172223628,,1.15,83.95000000002301,0.158958875021259,"{'time_exit_bars': 2, 'atr': 1.4724609258790853, 'entry_hour_utc': 19, 'exit_reason': 'time_exit', 'signal_time': Timestamp('2019-05-24 19:00:00+0000', tz='UTC')}"
2019-05-28 20:00:00+00:00,2019-05-29 00:00:00+00:00,1,1279.815,1279.7350000000001,1274.0947659271435,,0.92,29.440000000006698,0.0559417667047097,"{'time_exit_bars': 2, 'atr': 1.8484113576188541, 'entry_hour_utc': 19, 'exit_reason': 'time_exit', 'signal_time': Timestamp('2019-05-28 19:00:00+0000', tz='UTC')}"
2019-05-29 20:00:00+00:00,2019-05-30 00:00:00+00:00,1,1280.5449999999998,1279.655,1273.5251181228166,,0.75,23.250000000009535,0.04416028722758445,"{'time_exit_bars': 2, 'atr': 2.264960625727788, 'entry_hour_utc': 19, 'exit_reason': 'time_exit', 'signal_time': Timestamp('2019-05-29 19:00:00+0000', tz='UTC')}"
2019-05-30 20:00:00+00:00,2019-05-31 00:00:00+00:00,1,1289.085,1290.305,1282.7545316789774,,0.83,134.46000000000225,0.25590523762992773,"{'time_exit_bars': 2, 'atr': 2.051822773674246, 'entry_hour_utc': 19, 'exit_reason': 'time_exit', 'signal_time': Timestamp('2019-05-30 19:00:00+0000', tz='UTC')}"
2019-05-31 20:00:00+00:00,2019-06-03 00:00:00+00:00,1,1306.465,1309.165,1298.1790005931307,,0.64,249.60000000000292,0.4706734587461936,"{'time_exit_bars': 2, 'atr': 2.703666468956398, 'entry_hour_utc': 19, 'exit_reason': 'time_exit', 'signal_time': Timestamp('2019-05-31 19:00:00+0000', tz='UTC')}"
2019-06-03 20:00:00+00:00,2019-06-04 00:00:00+00:00,1,1325.565,1324.915,1316.9130457321673,,0.61,-15.25000000000555,-0.028895205899269662,"{'time_exit_bars': 2, 'atr': 2.825651422610901, 'entry_hour_utc': 19, 'exit_reason': 'time_exit', 'signal_time': Timestamp('2019-06-03 19:00:00+0000', tz='UTC')}"
2019-06-04 20:00:00+00:00,2019-06-05 00:00:00+00:00,1,1326.645,1325.125,1317.4218561608577,,0.57,-63.83999999999895,-0.12143364773807316,"{'time_exit_bars': 2, 'atr': 3.0160479463807612, 'entry_hour_utc': 19, 'exit_reason': 'time_exit', 'signal_time': Timestamp('2019-06-04 19:00:00+0000', tz='UTC')}"
2019-06-05 20:00:00+00:00,2019-06-06 00:00:00+00:00,1,1329.365,1330.675,1318.1834302432446,,0.47,117.96999999999741,0.22447653188261163,"{'time_exit_bars': 2, 'atr': 3.6688565855851105, 'entry_hour_utc': 19, 'exit_reason': 'time_exit', 'signal_time': Timestamp('2019-06-05 19:00:00+0000', tz='UTC')}"
2019-06-06 20:00:00+00:00,2019-06-07 00:00:00+00:00,1,1333.905,1333.175,1325.5566120475419,,0.63,-20.790000000001147,-0.03952858945694457,"{'time_exit_bars': 2, 'atr': 2.7244626508193774, 'entry_hour_utc': 19, 'exit_reason': 'time_exit', 'signal_time': Timestamp('2019-06-06 19:00:00+0000', tz='UTC')}"
2019-06-07 20:00:00+00:00,2019-06-10 00:00:00+00:00,1,1341.485,1334.775,1331.6776908656789,,0.54,-297.5399999999897,-0.5618258713511299,"{'time_exit_bars': 2, 'atr': 3.210769711440385, 'entry_hour_utc': 19, 'exit_reason': 'time_exit', 'signal_time': Timestamp('2019-06-07 19:00:00+0000', tz='UTC')}"
2019-06-10 20:00:00+00:00,2019-06-11 00:00:00+00:00,1,1328.245,1329.075,1320.9841301296653,,0.73,89.79000000001129,0.16940119048621405,"{'time_exit_bars': 2, 'atr': 2.3652899567782226, 'entry_hour_utc': 19, 'exit_reason': 'time_exit', 'signal_time': Timestamp('2019-06-10 19:00:00+0000', tz='UTC')}"
2019-06-11 20:00:00+00:00,2019-06-12 00:00:00+00:00,1,1326.915,1327.545,1320.4545832452359,,0.82,84.46000000000895,0.15943243897393458,"{'time_exit_bars': 2, 'atr': 2.095138918254729, 'entry_hour_utc': 19, 'exit_reason': 'time_exit', 'signal_time': Timestamp('2019-06-11 19:00:00+0000', tz='UTC')}"
2019-06-12 20:00:00+00:00,2019-06-13 00:00:00+00:00,1,1333.115,1333.385,1325.5092366408767,,0.69,101.42999999999874,0.19327448549088436,"{'time_exit_bars': 2, 'atr': 2.4769211197077636, 'entry_hour_utc': 19, 'exit_reason': 'time_exit', 'signal_time': Timestamp('2019-06-12 19:00:00+0000', tz='UTC')}"
2019-06-13 20:00:00+00:00,2019-06-14 00:00:00+00:00,1,1341.405,1344.275,1334.2129007165913,,0.73,238.7100000000086,0.4546655810972511,"{'time_exit_bars': 2, 'atr': 2.339033094469558, 'entry_hour_utc': 19, 'exit_reason': 'time_exit', 'signal_time': Timestamp('2019-06-13 19:00:00+0000', tz='UTC')}"
2019-06-14 20:00:00+00:00,2019-06-17 00:00:00+00:00,1,1341.165,1338.365,1329.4838306171855,,0.45,-71.99999999999795,-0.1369725878946591,"{'time_exit_bars': 2, 'atr': 3.8353897942715314, 'entry_hour_utc': 19, 'exit_reason': 'time_exit', 'signal_time': Timestamp('2019-06-14 19:00:00+0000', tz='UTC')}"
2019-06-17 20:00:00+00:00,2019-06-18 00:00:00+00:00,1,1340.175,1339.4650000000001,1331.4725513617307,,0.61,-18.90999999998835,-0.03562215795639108,"{'time_exit_bars': 2, 'atr': 2.8424828794231263, 'entry_hour_utc': 19, 'exit_reason': 'time_exit', 'signal_time': Timestamp('2019-06-17 19:00:00+0000', tz='UTC')}"
2019-06-18 20:00:00+00:00,2019-06-19 00:00:00+00:00,1,1346.125,1345.255,1334.8981600247346,,0.47,-22.08999999999487,-0.041863961812529465,"{'time_exit_bars': 2, 'atr': 3.687279991755124, 'entry_hour_utc': 19, 'exit_reason': 'time_exit', 'signal_time': Timestamp('2019-06-18 19:00:00+0000', tz='UTC')}"
2019-06-19 20:00:00+00:00,2019-06-20 00:00:00+00:00,1,1355.395,1357.7450000000001,1346.0131495406888,,0.56,198.80000000000763,0.378390171043163,"{'time_exit_bars': 2, 'atr': 3.068950153103753, 'entry_hour_utc': 19, 'exit_reason': 'time_exit', 'signal_time': Timestamp('2019-06-19 19:00:00+0000', tz='UTC')}"
2019-06-20 20:00:00+00:00,2019-06-21 00:00:00+00:00,1,1389.585,1390.605,1373.7784397763687,,0.33,46.8599999999994,0.0898361174037749,"{'time_exit_bars': 2, 'atr': 5.210520074543759, 'entry_hour_utc': 19, 'exit_reason': 'time_exit', 'signal_time': Timestamp('2019-06-20 19:00:00+0000', tz='UTC')}"
2019-06-21 20:00:00+00:00,2019-06-24 00:00:00+00:00,1,1399.075,1406.675,1379.520582278908,,0.27,237.59999999999758,0.45002618464613986,"{'time_exit_bars': 2, 'atr': 6.459805907030693, 'entry_hour_utc': 19, 'exit_reason': 'time_exit', 'signal_time': Timestamp('2019-06-21 19:00:00+0000', tz='UTC')}"
2019-06-24 20:00:00+00:00,2019-06-25 00:00:00+00:00,1,1419.105,1425.005,1407.0241449340303,,0.44,277.200000000004,0.5214862661291617,"{'time_exit_bars': 2, 'atr': 4.0019516886565345, 'entry_hour_utc': 19, 'exit_reason': 'time_exit', 'signal_time': Timestamp('2019-06-24 19:00:00+0000', tz='UTC')}"
2019-06-25 20:00:00+00:00,2019-06-26 00:00:00+00:00,1,1422.2849999999999,1418.195,1401.9738264695195,,0.26,-95.93999999999788,-0.1816734023005835,"{'time_exit_bars': 2, 'atr': 6.735391176826852, 'entry_hour_utc': 19, 'exit_reason': 'time_exit', 'signal_time': Timestamp('2019-06-25 19:00:00+0000', tz='UTC')}"
2019-06-26 20:00:00+00:00,2019-06-27 00:00:00+00:00,1,1409.455,1410.4950000000001,1394.657469712609,,0.36,80.64000000000688,0.15137661194104296,"{'time_exit_bars': 2, 'atr': 4.850843429130318, 'entry_hour_utc': 19, 'exit_reason': 'time_exit', 'signal_time': Timestamp('2019-06-26 19:00:00+0000', tz='UTC')}"
2019-06-27 20:00:00+00:00,2019-06-28 00:00:00+00:00,1,1408.305,1410.865,1397.9116694109703,,0.51,150.95999999999722,0.2847980226015553,"{'time_exit_bars': 2, 'atr': 3.4027768630099096, 'entry_hour_utc': 19, 'exit_reason': 'time_exit', 'signal_time': Timestamp('2019-06-27 19:00:00+0000', tz='UTC')}"
2019-06-28 20:00:00+00:00,2019-06-30 23:00:00+00:00,1,1411.375,1391.4950000000001,1399.145170912258,,0.43,-820.4399999999949,-1.560119921800363,"{'time_exit_bars': 2, 'atr': 4.018276362580654, 'entry_hour_utc': 19, 'exit_reason': 'sl_gap', 'signal_time': Timestamp('2019-06-28 19:00:00+0000', tz='UTC')}"
2019-07-01 20:00:00+00:00,2019-07-02 00:00:00+00:00,1,1384.455,1385.295,1372.023830828354,,0.42,52.08000000000611,0.0997492659683566,"{'time_exit_bars': 2, 'atr': 4.075389723882013, 'entry_hour_utc': 19, 'exit_reason': 'time_exit', 'signal_time': Timestamp('2019-07-01 19:00:00+0000', tz='UTC')}"
2019-07-02 20:00:00+00:00,2019-07-03 00:00:00+00:00,1,1413.495,1431.085,1401.1853915340864,,0.4,719.6000000000058,1.4614599684316723,"{'time_exit_bars': 2, 'atr': 4.044869488637847, 'entry_hour_utc': 19, 'exit_reason': 'time_exit', 'signal_time': Timestamp('2019-07-02 19:00:00+0000', tz='UTC')}"
2019-07-03 20:00:00+00:00,2019-07-04 00:00:00+00:00,1,1418.0049999999999,1418.2150000000001,1403.577148683531,,0.34,47.94000000000897,0.09772764974302194,"{'time_exit_bars': 2, 'atr': 4.747617105489657, 'entry_hour_utc': 19, 'exit_reason': 'time_exit', 'signal_time': Timestamp('2019-07-03 19:00:00+0000', tz='UTC')}"
2019-07-05 20:00:00+00:00,2019-07-08 00:00:00+00:00,1,1400.975,1395.4550000000002,1385.4581195959486,,0.32,-138.23999999999214,-0.27840647652809364,"{'time_exit_bars': 2, 'atr': 5.117293468017159, 'entry_hour_utc': 19, 'exit_reason': 'time_exit', 'signal_time': Timestamp('2019-07-05 19:00:00+0000', tz='UTC')}"
2019-07-08 20:00:00+00:00,2019-07-09 00:00:00+00:00,1,1392.0249999999999,1394.085,1381.7345555516304,,0.48,118.0800000000083,0.2390567299928387,"{'time_exit_bars': 2, 'atr': 3.3484814827898917, 'entry_hour_utc': 19, 'exit_reason': 'time_exit', 'signal_time': Timestamp('2019-07-08 19:00:00+0000', tz='UTC')}"
2019-07-09 20:00:00+00:00,2019-07-10 00:00:00+00:00,1,1396.7949999999998,1395.015,1387.2114968877231,,0.52,-71.75999999998676,-0.14399744893200142,"{'time_exit_bars': 2, 'atr': 3.1361677040922737, 'entry_hour_utc': 19, 'exit_reason': 'time_exit', 'signal_time': Timestamp('2019-07-09 19:00:00+0000', tz='UTC')}"
2019-07-10 20:00:00+00:00,2019-07-11 00:00:00+00:00,1,1418.215,1421.775,1405.2511425378668,,0.38,180.88000000000656,0.36717466339813914,"{'time_exit_bars': 2, 'atr': 4.262952487377744, 'entry_hour_utc': 19, 'exit_reason': 'time_exit', 'signal_time': Timestamp('2019-07-10 19:00:00+0000', tz='UTC')}"
2019-07-11 20:00:00+00:00,2019-07-12 00:00:00+00:00,1,1406.885,1403.7450000000001,1394.9711661781018,,0.42,-115.07999999999466,-0.22998474218799597,"{'time_exit_bars': 2, 'atr': 3.9362779406327193, 'entry_hour_utc': 19, 'exit_reason': 'time_exit', 'signal_time': Timestamp('2019-07-11 19:00:00+0000', tz='UTC')}"
2019-07-12 20:00:00+00:00,2019-07-15 00:00:00+00:00,1,1415.065,1416.005,1404.9143271431335,,0.49,104.86000000000267,0.21082346265867732,"{'time_exit_bars': 2, 'atr': 3.3085576189555055, 'entry_hour_utc': 19, 'exit_reason': 'time_exit', 'signal_time': Timestamp('2019-07-12 19:00:00+0000', tz='UTC')}"
2019-07-15 20:00:00+00:00,2019-07-16 00:00:00+00:00,1,1415.2849999999999,1415.255,1406.31958015474,,0.56,20.720000000014263,0.04126967909884062,"{'time_exit_bars': 2, 'atr': 2.9134732817533524, 'entry_hour_utc': 19, 'exit_reason': 'time_exit', 'signal_time': Timestamp('2019-07-15 19:00:00+0000', tz='UTC')}"
2019-07-16 20:00:00+00:00,2019-07-17 00:00:00+00:00,1,1403.405,1404.9950000000001,1392.5441217905059,,0.46,91.5400000000067,0.1832264354332392,"{'time_exit_bars': 2, 'atr': 3.595292736497983, 'entry_hour_utc': 19, 'exit_reason': 'time_exit', 'signal_time': Timestamp('2019-07-16 19:00:00+0000', tz='UTC')}"
2019-07-17 20:00:00+00:00,2019-07-18 00:00:00+00:00,1,1426.5049999999999,1424.425,1415.8825171126082,,0.47,-41.359999999996575,-0.08284315534595389,"{'time_exit_bars': 2, 'atr': 3.4724942957972553, 'entry_hour_utc': 19, 'exit_reason': 'time_exit', 'signal_time': Timestamp('2019-07-17 19:00:00+0000', tz='UTC')}"
2019-07-18 20:00:00+00:00,2019-07-19 00:00:00+00:00,1,1446.055,1442.7150000000001,1431.6011827661096,,0.34,-99.95999999999722,-0.2034064740424675,"{'time_exit_bars': 2, 'atr': 4.759605744630189, 'entry_hour_utc': 19, 'exit_reason': 'time_exit', 'signal_time': Timestamp('2019-07-18 19:00:00+0000', tz='UTC')}"
2019-07-19 20:00:00+00:00,2019-07-22 00:00:00+00:00,1,1425.645,1424.815,1410.9101932801702,,0.34,12.580000000002475,0.02511061102024064,"{'time_exit_bars': 2, 'atr': 4.853268906609946, 'entry_hour_utc': 19, 'exit_reason': 'time_exit', 'signal_time': Timestamp('2019-07-19 19:00:00+0000', tz='UTC')}"
2019-07-22 20:00:00+00:00,2019-07-23 00:00:00+00:00,1,1425.195,1423.4750000000001,1416.5724767515555,,0.58,-76.55999999998839,-0.1530874387886334,"{'time_exit_bars': 2, 'atr': 2.8425077494814563, 'entry_hour_utc': 19, 'exit_reason': 'time_exit', 'signal_time': Timestamp('2019-07-22 19:00:00+0000', tz='UTC')}"
2019-07-23 20:00:00+00:00,2019-07-24 00:00:00+00:00,1,1417.235,1416.825,1406.3436005459034,,0.46,-0.459999999993304,-0.0009181556550194507,"{'time_exit_bars': 2, 'atr': 3.602133151365525, 'entry_hour_utc': 19, 'exit_reason': 'time_exit', 'signal_time': Timestamp('2019-07-23 19:00:00+0000', tz='UTC')}"
2019-07-24 20:00:00+00:00,2019-07-25 00:00:00+00:00,1,1424.575,1425.055,1415.686605875847,,0.56,94.08000000000102,0.189010520520779,"{'time_exit_bars': 2, 'atr': 2.9044647080510746, 'entry_hour_utc': 19, 'exit_reason': 'time_exit', 'signal_time': Timestamp('2019-07-24 19:00:00+0000', tz='UTC')}"
2019-07-25 20:00:00+00:00,2019-07-26 00:00:00+00:00,1,1414.365,1414.7450000000001,1402.5868819008235,,0.42,32.76000000000458,0.06622450152326509,"{'time_exit_bars': 2, 'atr': 3.834372699725439, 'entry_hour_utc': 19, 'exit_reason': 'time_exit', 'signal_time': Timestamp('2019-07-25 19:00:00+0000', tz='UTC')}"
2019-07-26 20:00:00+00:00,2019-07-29 00:00:00+00:00,1,1416.825,1419.915,1408.1751278352347,,0.58,248.81999999999525,0.49596108685570134,"{'time_exit_bars': 2, 'atr': 2.821624054921809, 'entry_hour_utc': 19, 'exit_reason': 'time_exit', 'signal_time': Timestamp('2019-07-26 19:00:00+0000', tz='UTC')}"
2019-07-29 20:00:00+00:00,2019-07-30 00:00:00+00:00,1,1426.0049999999999,1424.295,1418.3706155027348,,0.66,-86.45999999998739,-0.17159209108070275,"{'time_exit_bars': 2, 'atr': 2.4864614990883522, 'entry_hour_utc': 19, 'exit_reason': 'time_exit', 'signal_time': Timestamp('2019-07-29 19:00:00+0000', tz='UTC')}"
2019-07-30 20:00:00+00:00,2019-07-31 00:00:00+00:00,1,1431.195,1430.565,1423.6274967355225,,0.66,-15.179999999992202,-0.03039311539904106,"{'time_exit_bars': 2, 'atr': 2.4641677548258056, 'entry_hour_utc': 19, 'exit_reason': 'time_exit', 'signal_time': Timestamp('2019-07-30 19:00:00+0000', tz='UTC')}"
2019-07-31 20:00:00+00:00,2019-08-01 00:00:00+00:00,1,1412.5049999999999,1411.9650000000001,1399.071223796526,,0.37,24.420000000009757,0.04912989393329294,"{'time_exit_bars': 2, 'atr': 4.41959206782464, 'entry_hour_utc': 19, 'exit_reason': 'time_exit', 'signal_time': Timestamp('2019-07-31 19:00:00+0000', tz='UTC')}"
2019-08-01 20:00:00+00:00,2019-08-02 00:00:00+00:00,1,1445.915,1437.9550000000002,1429.0841077830028,,0.3,-226.79999999999427,-0.4491740486796718,"{'time_exit_bars': 2, 'atr': 5.568630738999077, 'entry_hour_utc': 19, 'exit_reason': 'time_exit', 'signal_time': Timestamp('2019-08-01 19:00:00+0000', tz='UTC')}"
2019-08-02 20:00:00+00:00,2019-08-05 00:00:00+00:00,1,1441.115,1439.425,1426.5214561322239,,0.34,-16.66000000000185,-0.03357649138822399,"{'time_exit_bars': 2, 'atr': 4.806181289258718, 'entry_hour_utc': 19, 'exit_reason': 'time_exit', 'signal_time': Timestamp('2019-08-02 19:00:00+0000', tz='UTC')}"
2019-08-05 20:00:00+00:00,2019-08-06 00:00:00+00:00,1,1461.155,1473.755,1443.7778561627172,,0.29,377.000000000004,0.7481091324172926,"{'time_exit_bars': 2, 'atr': 5.740714612427631, 'entry_hour_utc': 19, 'exit_reason': 'time_exit', 'signal_time': Timestamp('2019-08-05 19:00:00+0000', tz='UTC')}"
2019-08-06 20:00:00+00:00,2019-08-07 00:00:00+00:00,1,1472.885,1476.605,1458.136388226313,,0.34,140.08000000000095,0.27934832533530723,"{'time_exit_bars': 2, 'atr': 4.857870591229013, 'entry_hour_utc': 19, 'exit_reason': 'time_exit', 'signal_time': Timestamp('2019-08-06 19:00:00+0000', tz='UTC')}"
2019-08-07 20:00:00+00:00,2019-08-08 00:00:00+00:00,1,1495.435,1501.445,1473.7120815107332,,0.23,165.82999999999979,0.3319075198649045,"{'time_exit_bars': 2, 'atr': 7.199306163088929, 'entry_hour_utc': 19, 'exit_reason': 'time_exit', 'signal_time': Timestamp('2019-08-07 19:00:00+0000', tz='UTC')}"
2019-08-08 20:00:00+00:00,2019-08-09 00:00:00+00:00,1,1503.185,1503.9750000000001,1485.5447551203686,,0.28,33.32000000000535,0.06745938098479831,"{'time_exit_bars': 2, 'atr': 5.825081626543814, 'entry_hour_utc': 19, 'exit_reason': 'time_exit', 'signal_time': Timestamp('2019-08-08 19:00:00+0000', tz='UTC')}"
2019-08-09 20:00:00+00:00,2019-08-12 00:00:00+00:00,1,1498.565,1500.555,1485.8808014199017,,0.4,127.60000000000036,0.25149401279519124,"{'time_exit_bars': 2, 'atr': 4.169732860032787, 'entry_hour_utc': 19, 'exit_reason': 'time_exit', 'signal_time': Timestamp('2019-08-09 19:00:00+0000', tz='UTC')}"
2019-08-12 20:00:00+00:00,2019-08-13 00:00:00+00:00,1,1512.065,1511.865,1497.1609750441462,,0.34,6.799999999998455,0.01341919384812896,"{'time_exit_bars': 2, 'atr': 4.909674985284642, 'entry_hour_utc': 19, 'exit_reason': 'time_exit', 'signal_time': Timestamp('2019-08-12 19:00:00+0000', tz='UTC')}"
2019-08-13 20:00:00+00:00,2019-08-14 00:00:00+00:00,1,1502.915,1500.615,1478.5009476467076,,0.2,-37.99999999999909,-0.07782403234437757,"{'time_exit_bars': 2, 'atr': 8.07635078443081, 'entry_hour_utc': 19, 'exit_reason': 'time_exit', 'signal_time': Timestamp('2019-08-13 19:00:00+0000', tz='UTC')}"
2019-08-14 20:00:00+00:00,2019-08-15 00:00:00+00:00,1,1513.925,1516.765,1494.9724564448593,,0.26,105.0400000000038,0.21316400029611546,"{'time_exit_bars': 2, 'atr': 6.2558478517135985, 'entry_hour_utc': 19, 'exit_reason': 'time_exit', 'signal_time': Timestamp('2019-08-14 19:00:00+0000', tz='UTC')}"
2019-08-15 20:00:00+00:00,2019-08-16 00:00:00+00:00,1,1523.385,1526.315,1505.6583362042495,,0.28,93.24000000000179,0.18785260658005745,"{'time_exit_bars': 2, 'atr': 5.850554598583523, 'entry_hour_utc': 19, 'exit_reason': 'time_exit', 'signal_time': Timestamp('2019-08-15 19:00:00+0000', tz='UTC')}"
2019-08-16 20:00:00+00:00,2019-08-19 00:00:00+00:00,1,1514.185,1509.135,1499.018830854916,,0.33,-127.0499999999985,-0.25385448119229853,"{'time_exit_bars': 2, 'atr': 4.997056381694694, 'entry_hour_utc': 19, 'exit_reason': 'time_exit', 'signal_time': Timestamp('2019-08-16 19:00:00+0000', tz='UTC')}"
2019-08-19 20:00:00+00:00,2019-08-20 00:00:00+00:00,1,1496.385,1495.865,1483.7716505027665,,0.4,-4.799999999999272,-0.009513729880100599,"{'time_exit_bars': 2, 'atr': 4.146116499077804, 'entry_hour_utc': 19, 'exit_reason': 'time_exit', 'signal_time': Timestamp('2019-08-19 19:00:00+0000', tz='UTC')}"
2019-08-20 20:00:00+00:00,2019-08-21 00:00:00+00:00,1,1508.125,1505.935,1499.6231449454522,,0.59,-105.61000000000323,-0.21054228618524187,"{'time_exit_bars': 2, 'atr': 2.7756183515159694, 'entry_hour_utc': 19, 'exit_reason': 'time_exit', 'signal_time': Timestamp('2019-08-20 19:00:00+0000', tz='UTC')}"
2019-08-21 20:00:00+00:00,2019-08-22 00:00:00+00:00,1,1503.095,1502.355,1492.956327356692,,0.5,22.999999999999545,0.04537083069780498,"{'time_exit_bars': 2, 'atr': 3.3045575477692637, 'entry_hour_utc': 19, 'exit_reason': 'time_exit', 'signal_time': Timestamp('2019-08-21 19:00:00+0000', tz='UTC')}"
2019-08-22 20:00:00+00:00,2019-08-23 00:00:00+00:00,1,1499.2849999999999,1497.255,1489.9479424177,,0.54,-88.01999999998625,-0.17457319778017832,"{'time_exit_bars': 2, 'atr': 3.057352527433286, 'entry_hour_utc': 19, 'exit_reason': 'time_exit', 'signal_time': Timestamp('2019-08-22 19:00:00+0000', tz='UTC')}"
2019-08-23 20:00:00+00:00,2019-08-26 00:00:00+00:00,1,1528.645,1547.055,1515.9587671312017,,0.4,784.4000000000033,1.545770143336311,"{'time_exit_bars': 2, 'atr': 4.160410956266083, 'entry_hour_utc': 19, 'exit_reason': 'time_exit', 'signal_time': Timestamp('2019-08-23 19:00:00+0000', tz='UTC')}"
2019-08-26 20:00:00+00:00,2019-08-27 00:00:00+00:00,1,1529.0049999999999,1528.335,1513.5440325140885,,0.33,-8.909999999994897,-0.01746333146653851,"{'time_exit_bars': 2, 'atr': 5.0953224953038045, 'entry_hour_utc': 19, 'exit_reason': 'time_exit', 'signal_time': Timestamp('2019-08-26 19:00:00+0000', tz='UTC')}"
2019-08-27 20:00:00+00:00,2019-08-28 00:00:00+00:00,1,1543.0449999999998,1543.335,1531.6223171746572,,0.44,30.360000000008405,0.06040612442370696,"{'time_exit_bars': 2, 'atr': 3.749227608447603, 'entry_hour_utc': 19, 'exit_reason': 'time_exit', 'signal_time': Timestamp('2019-08-27 19:00:00+0000', tz='UTC')}"
2019-08-28 20:00:00+00:00,2019-08-29 00:00:00+00:00,1,1539.5049999999999,1538.4750000000001,1526.2492089353182,,0.38,6.460000000009671,0.012824583547729322,"{'time_exit_bars': 2, 'atr': 4.360263688227287, 'entry_hour_utc': 19, 'exit_reason': 'time_exit', 'signal_time': Timestamp('2019-08-28 19:00:00+0000', tz='UTC')}"
2019-08-29 20:00:00+00:00,2019-08-30 00:00:00+00:00,1,1528.715,1528.4650000000001,1511.8031565132299,,0.3,4.500000000006821,0.008869523900074559,"{'time_exit_bars': 2, 'atr': 5.5689478289233625, 'entry_hour_utc': 19, 'exit_reason': 'time_exit', 'signal_time': Timestamp('2019-08-29 19:00:00+0000', tz='UTC')}"
2019-08-30 20:00:00+00:00,2019-09-02 00:00:00+00:00,1,1524.225,1528.915,1510.3261863453472,,0.36,212.04000000000195,0.4237771759770548,"{'time_exit_bars': 2, 'atr': 4.567937884884274, 'entry_hour_utc': 19, 'exit_reason': 'time_exit', 'signal_time': Timestamp('2019-08-30 19:00:00+0000', tz='UTC')}"
2019-09-03 20:00:00+00:00,2019-09-04 00:00:00+00:00,1,1545.5249999999999,1548.885,1533.0080597502954,,0.4,150.4000000000051,0.30039290153908826,"{'time_exit_bars': 2, 'atr': 4.113980083234866, 'entry_hour_utc': 19, 'exit_reason': 'time_exit', 'signal_time': Timestamp('2019-09-03 19:00:00+0000', tz='UTC')}"
2019-09-04 20:00:00+00:00,2019-09-05 00:00:00+00:00,1,1555.085,1551.015,1542.23220249694,,0.39,-111.92999999999752,-0.2232976905857777,"{'time_exit_bars': 2, 'atr': 4.245932501019973, 'entry_hour_utc': 19, 'exit_reason': 'time_exit', 'signal_time': Timestamp('2019-09-04 19:00:00+0000', tz='UTC')}"
2019-09-05 20:00:00+00:00,2019-09-06 00:00:00+00:00,1,1518.395,1518.185,1500.7676275762544,,0.29,5.5099999999989455,0.01077869097177624,"{'time_exit_bars': 2, 'atr': 5.814124141248525, 'entry_hour_utc': 19, 'exit_reason': 'time_exit', 'signal_time': Timestamp('2019-09-05 19:00:00+0000', tz='UTC')}"
2019-09-06 20:00:00+00:00,2019-09-09 00:00:00+00:00,1,1505.5449999999998,1505.585,1485.2953267399214,,0.25,31.000000000004775,0.06123555595560197,"{'time_exit_bars': 2, 'atr': 6.691557753359536, 'entry_hour_utc': 19, 'exit_reason': 'time_exit', 'signal_time': Timestamp('2019-09-06 19:00:00+0000', tz='UTC')}"
2019-09-09 20:00:00+00:00,2019-09-10 00:00:00+00:00,1,1499.825,1495.915,1486.8531377936172,,0.39,-136.8900000000032,-0.27058566797548694,"{'time_exit_bars': 2, 'atr': 4.275620735460965, 'entry_hour_utc': 19, 'exit_reason': 'time_exit', 'signal_time': Timestamp('2019-09-09 19:00:00+0000', tz='UTC')}"
2019-09-10 20:00:00+00:00,2019-09-11 00:00:00+00:00,1,1486.805,1486.775,1473.133765999658,,0.37,13.690000000001008,0.02706412603213202,"{'time_exit_bars': 2, 'atr': 4.5154113334473776, 'entry_hour_utc': 19, 'exit_reason': 'time_exit', 'signal_time': Timestamp('2019-09-10 19:00:00+0000', tz='UTC')}"
2019-09-11 20:00:00+00:00,2019-09-12 00:00:00+00:00,1,1495.895,1492.795,1485.6762980215512,,0.5,-94.99999999999545,-0.18593359548081678,"{'time_exit_bars': 2, 'atr': 3.347900659482889, 'entry_hour_utc': 19, 'exit_reason': 'time_exit', 'signal_time': Timestamp('2019-09-11 19:00:00+0000', tz='UTC')}"
2019-09-12 20:00:00+00:00,2019-09-13 00:00:00+00:00,1,1499.225,1497.605,1482.0612921380548,,0.29,-35.379999999996826,-0.07108021237676972,"{'time_exit_bars': 2, 'atr': 5.656235953981762, 'entry_hour_utc': 19, 'exit_reason': 'time_exit', 'signal_time': Timestamp('2019-09-12 19:00:00+0000', tz='UTC')}"
2019-09-13 20:00:00+00:00,2019-09-16 00:00:00+00:00,1,1487.105,1505.915,1472.0748237633766,,0.34,680.3399999999981,1.331321714727626,"{'time_exit_bars': 2, 'atr': 4.918392078874437, 'entry_hour_utc': 19, 'exit_reason': 'time_exit', 'signal_time': Timestamp('2019-09-13 19:00:00+0000', tz='UTC')}"
2019-09-16 20:00:00+00:00,2019-09-17 00:00:00+00:00,1,1498.945,1497.805,1486.3604566310594,,0.4,-29.59999999999491,-0.05880229248732529,"{'time_exit_bars': 2, 'atr': 4.123181122980235, 'entry_hour_utc': 19, 'exit_reason': 'time_exit', 'signal_time': Timestamp('2019-09-16 19:00:00+0000', tz='UTC')}"
2019-09-17 20:00:00+00:00,2019-09-18 00:00:00+00:00,1,1502.185,1500.565,1492.317293918244,,0.52,-63.43999999999433,-0.12363562411486079,"{'time_exit_bars': 2, 'atr': 3.2242353605853045, 'entry_hour_utc': 19, 'exit_reason': 'time_exit', 'signal_time': Timestamp('2019-09-17 19:00:00+0000', tz='UTC')}"
2019-09-18 20:00:00+00:00,2019-09-19 00:00:00+00:00,1,1492.345,1490.905,1477.9818171996258,,0.35,-8.40000000000191,-0.016709388395015127,"{'time_exit_bars': 2, 'atr': 4.729394266791461, 'entry_hour_utc': 19, 'exit_reason': 'time_exit', 'signal_time': Timestamp('2019-09-18 19:00:00+0000', tz='UTC')}"
2019-09-19 20:00:00+00:00,2019-09-20 00:00:00+00:00,1,1498.745,1499.395,1488.9840804134546,,0.52,54.60000000000473,0.10757183180234818,"{'time_exit_bars': 2, 'atr': 3.215306528848506, 'entry_hour_utc': 19, 'exit_reason': 'time_exit', 'signal_time': Timestamp('2019-09-19 19:00:00+0000', tz='UTC')}"
2019-09-20 20:00:00+00:00,2019-09-23 00:00:00+00:00,1,1516.565,1514.135,1505.6767650011898,,0.47,-57.810000000003,-0.11296596740743217,"{'time_exit_bars': 2, 'atr': 3.5644116662700003, 'entry_hour_utc': 19, 'exit_reason': 'time_exit', 'signal_time': Timestamp('2019-09-20 19:00:00+0000', tz='UTC')}"
2019-09-23 20:00:00+00:00,2019-09-24 00:00:00+00:00,1,1524.815,1520.595,1514.4052900909167,,0.49,-187.18000000000134,-0.36696507716000193,"{'time_exit_bars': 2, 'atr': 3.4082366363611403, 'entry_hour_utc': 19, 'exit_reason': 'time_exit', 'signal_time': Timestamp('2019-09-23 19:00:00+0000', tz='UTC')}"
2019-09-24 20:00:00+00:00,2019-09-25 00:00:00+00:00,1,1532.905,1531.4850000000001,1520.28310848371,,0.4,-40.799999999993815,-0.08081197645245372,"{'time_exit_bars': 2, 'atr': 4.1322971720966875, 'entry_hour_utc': 19, 'exit_reason': 'time_exit', 'signal_time': Timestamp('2019-09-24 19:00:00+0000', tz='UTC')}"
2019-09-25 20:00:00+00:00,2019-09-26 00:00:00+00:00,1,1504.435,1506.2350000000001,1491.113214886017,,0.38,114.0000000000069,0.22519504513334979,"{'time_exit_bars': 2, 'atr': 4.365595037994361, 'entry_hour_utc': 19, 'exit_reason': 'time_exit', 'signal_time': Timestamp('2019-09-25 19:00:00+0000', tz='UTC')}"
2019-09-26 20:00:00+00:00,2019-09-27 00:00:00+00:00,1,1504.565,1506.555,1493.3210336148204,,0.45,107.55000000000041,0.21255844406918545,"{'time_exit_bars': 2, 'atr': 3.6629887950598823, 'entry_hour_utc': 19, 'exit_reason': 'time_exit', 'signal_time': Timestamp('2019-09-26 19:00:00+0000', tz='UTC')}"
2019-09-27 20:00:00+00:00,2019-09-30 00:00:00+00:00,1,1496.5049999999999,1496.095,1483.0189516830783,,0.38,30.020000000005524,0.0585790575144903,"{'time_exit_bars': 2, 'atr': 4.437016105640548, 'entry_hour_utc': 19, 'exit_reason': 'time_exit', 'signal_time': Timestamp('2019-09-27 19:00:00+0000', tz='UTC')}"
2019-09-30 20:00:00+00:00,2019-10-01 00:00:00+00:00,1,1473.5149999999999,1473.375,1458.3375474318739,,0.33,8.580000000004203,0.017130674520844852,"{'time_exit_bars': 2, 'atr': 5.014150856042114, 'entry_hour_utc': 19, 'exit_reason': 'time_exit', 'signal_time': Timestamp('2019-09-30 19:00:00+0000', tz='UTC')}"
2019-10-01 20:00:00+00:00,2019-10-02 00:00:00+00:00,1,1481.225,1481.315,1465.824892049125,,0.33,16.170000000004805,0.03181795878075714,"{'time_exit_bars': 2, 'atr': 5.135035983624991, 'entry_hour_utc': 19, 'exit_reason': 'time_exit', 'signal_time': Timestamp('2019-10-01 19:00:00+0000', tz='UTC')}"
2019-10-02 20:00:00+00:00,2019-10-03 00:00:00+00:00,1,1499.0149999999999,1499.795,1485.2872601525512,,0.37,73.26000000000741,0.14423350252869097,"{'time_exit_bars': 2, 'atr': 4.507579949149552, 'entry_hour_utc': 19, 'exit_reason': 'time_exit', 'signal_time': Timestamp('2019-10-02 19:00:00+0000', tz='UTC')}"
2019-10-03 20:00:00+00:00,2019-10-04 00:00:00+00:00,1,1505.625,1508.035,1491.5701165915139,,0.36,101.16000000000295,0.1999305094415399,"{'time_exit_bars': 2, 'atr': 4.626627802828738, 'entry_hour_utc': 19, 'exit_reason': 'time_exit', 'signal_time': Timestamp('2019-10-03 19:00:00+0000', tz='UTC')}"
2019-10-04 20:00:00+00:00,2019-10-07 00:00:00+00:00,1,1505.7849999999999,1507.875,1491.998499598116,,0.37,121.73000000000539,0.2386392415837883,"{'time_exit_bars': 2, 'atr': 4.503833467294684, 'entry_hour_utc': 19, 'exit_reason': 'time_exit', 'signal_time': Timestamp('2019-10-04 19:00:00+0000', tz='UTC')}"
2019-10-07 20:00:00+00:00,2019-10-08 00:00:00+00:00,1,1493.0049999999999,1491.775,1481.9868704087476,,0.46,-38.179999999990386,-0.07533039007444216,"{'time_exit_bars': 2, 'atr': 3.591043197084105, 'entry_hour_utc': 19, 'exit_reason': 'time_exit', 'signal_time': Timestamp('2019-10-07 19:00:00+0000', tz='UTC')}"
2019-10-08 20:00:00+00:00,2019-10-09 00:00:00+00:00,1,1506.095,1508.525,1493.3015150163303,,0.4,113.20000000000255,0.2212063408533661,"{'time_exit_bars': 2, 'atr': 4.226161661223214, 'entry_hour_utc': 19, 'exit_reason': 'time_exit', 'signal_time': Timestamp('2019-10-08 19:00:00+0000', tz='UTC')}"
2019-10-09 20:00:00+00:00,2019-10-10 00:00:00+00:00,1,1507.365,1511.335,1495.673395230463,,0.44,227.4800000000012,0.4421976368437208,"{'time_exit_bars': 2, 'atr': 3.792201589845678, 'entry_hour_utc': 19, 'exit_reason': 'time_exit', 'signal_time': Timestamp('2019-10-09 19:00:00+0000', tz='UTC')}"
2019-10-10 20:00:00+00:00,2019-10-11 00:00:00+00:00,1,1494.245,1493.805,1481.4797609786315,,0.4,-1.5999999999930843,-0.0031335096767768286,"{'time_exit_bars': 2, 'atr': 4.163413007122886, 'entry_hour_utc': 19, 'exit_reason': 'time_exit', 'signal_time': Timestamp('2019-10-10 19:00:00+0000', tz='UTC')}"
2019-10-11 20:00:00+00:00,2019-10-14 00:00:00+00:00,1,1485.925,1484.375,1469.5057439860836,,0.31,-10.849999999998587,-0.02131643478263012,"{'time_exit_bars': 2, 'atr': 5.414752004638784, 'entry_hour_utc': 19, 'exit_reason': 'time_exit', 'signal_time': Timestamp('2019-10-11 19:00:00+0000', tz='UTC')}"
2019-10-14 20:00:00+00:00,2019-10-15 00:00:00+00:00,1,1492.105,1490.9850000000001,1483.7502438224612,,0.61,-43.919999999993344,-0.08617845747977237,"{'time_exit_bars': 2, 'atr': 2.726585392512922, 'entry_hour_utc': 19, 'exit_reason': 'time_exit', 'signal_time': Timestamp('2019-10-14 19:00:00+0000', tz='UTC')}"
2019-10-15 20:00:00+00:00,2019-10-16 00:00:00+00:00,1,1481.365,1481.7150000000001,1471.311132412409,,0.51,38.25000000000696,0.07459815772050034,"{'time_exit_bars': 2, 'atr': 3.259622529196968, 'entry_hour_utc': 19, 'exit_reason': 'time_exit', 'signal_time': Timestamp('2019-10-15 19:00:00+0000', tz='UTC')}"
2019-10-16 20:00:00+00:00,2019-10-17 00:00:00+00:00,1,1489.555,1489.835,1478.2415540200618,,0.45,66.59999999999877,0.13081778996641752,"{'time_exit_bars': 2, 'atr': 3.7594819933127512, 'entry_hour_utc': 19, 'exit_reason': 'time_exit', 'signal_time': Timestamp('2019-10-16 19:00:00+0000', tz='UTC')}"
2019-10-17 20:00:00+00:00,2019-10-18 00:00:00+00:00,1,1491.985,1492.625,1481.7409832265894,,0.5,52.000000000005,0.1015226764075138,"{'time_exit_bars': 2, 'atr': 3.3263389244702517, 'entry_hour_utc': 19, 'exit_reason': 'time_exit', 'signal_time': Timestamp('2019-10-17 19:00:00+0000', tz='UTC')}"
2019-10-18 20:00:00+00:00,2019-10-21 00:00:00+00:00,1,1490.7649999999999,1491.335,1483.2115254299868,,0.68,120.36000000001114,0.23432924591114218,"{'time_exit_bars': 2, 'atr': 2.4728248566711155, 'entry_hour_utc': 19, 'exit_reason': 'time_exit', 'signal_time': Timestamp('2019-10-18 19:00:00+0000', tz='UTC')}"
2019-10-21 20:00:00+00:00,2019-10-22 00:00:00+00:00,1,1483.835,1483.875,1475.2350367366594,,0.6,26.399999999997817,0.05116300925093079,"{'time_exit_bars': 2, 'atr': 2.77832108778019, 'entry_hour_utc': 19, 'exit_reason': 'time_exit', 'signal_time': Timestamp('2019-10-21 19:00:00+0000', tz='UTC')}"
2019-10-22 20:00:00+00:00,2019-10-23 00:00:00+00:00,1,1487.725,1488.615,1480.4185189538905,,0.71,91.5900000000071,0.17655558015674386,"{'time_exit_bars': 2, 'atr': 2.3338270153698693, 'entry_hour_utc': 19, 'exit_reason': 'time_exit', 'signal_time': Timestamp('2019-10-22 19:00:00+0000', tz='UTC')}"
2019-10-23 20:00:00+00:00,2019-10-24 00:00:00+00:00,1,1491.985,1491.845,1484.7245861245633,,0.71,75.26000000000904,0.14599718668743045,"{'time_exit_bars': 2, 'atr': 2.3418046251455915, 'entry_hour_utc': 19, 'exit_reason': 'time_exit', 'signal_time': Timestamp('2019-10-23 19:00:00+0000', tz='UTC')}"
2019-10-24 20:00:00+00:00,2019-10-25 00:00:00+00:00,1,1502.135,1502.4750000000001,1493.629378812984,,0.61,45.140000000008875,0.0870012881751388,"{'time_exit_bars': 2, 'atr': 2.7868737290053494, 'entry_hour_utc': 19, 'exit_reason': 'time_exit', 'signal_time': Timestamp('2019-10-24 19:00:00+0000', tz='UTC')}"
2019-10-25 20:00:00+00:00,2019-10-28 00:00:00+00:00,1,1505.705,1504.545,1496.2351266240044,,0.54,2.160000000007848,0.004223921314675456,"{'time_exit_bars': 2, 'atr': 3.1016244586652095, 'entry_hour_utc': 19, 'exit_reason': 'time_exit', 'signal_time': Timestamp('2019-10-25 19:00:00+0000', tz='UTC')}"
2019-10-28 22:00:00+00:00,2019-10-29 01:00:00+00:00,1,1491.985,1491.7350000000001,1483.504211627383,,0.61,9.150000000013868,0.017687034908753733,"{'time_exit_bars': 2, 'atr': 3.0119294575389537, 'entry_hour_utc': 19, 'exit_reason': 'time_exit', 'signal_time': Timestamp('2019-10-28 19:00:00+0000', tz='UTC')}"
2019-10-29 22:00:00+00:00,2019-10-30 01:00:00+00:00,1,1487.565,1488.7450000000001,1479.11081902258,,0.61,96.38000000000389,0.18688977728534886,"{'time_exit_bars': 2, 'atr': 2.929726992473364, 'entry_hour_utc': 19, 'exit_reason': 'time_exit', 'signal_time': Timestamp('2019-10-29 19:00:00+0000', tz='UTC')}"
2019-10-30 22:00:00+00:00,2019-10-31 01:00:00+00:00,1,1495.945,1498.775,1485.3466191449247,,0.49,197.4700000000076,0.3802467617560959,"{'time_exit_bars': 2, 'atr': 3.4177936183584197, 'entry_hour_utc': 19, 'exit_reason': 'time_exit', 'signal_time': Timestamp('2019-10-30 19:00:00+0000', tz='UTC')}"
2019-10-31 22:00:00+00:00,2019-11-01 01:00:00+00:00,1,1512.665,1511.045,1503.5554451960918,,0.57,-69.53999999999377,-0.13392531537067962,"{'time_exit_bars': 2, 'atr': 2.85818493463607, 'entry_hour_utc': 19, 'exit_reason': 'time_exit', 'signal_time': Timestamp('2019-10-31 19:00:00+0000', tz='UTC')}"
2019-11-03 22:00:00+00:00,2019-11-04 01:00:00+00:00,1,1512.865,1512.875,1504.3647687878777,,0.61,25.009999999999444,0.048233982084544,"{'time_exit_bars': 2, 'atr': 3.178410404040813, 'entry_hour_utc': 19, 'exit_reason': 'time_exit', 'signal_time': Timestamp('2019-11-01 19:00:00+0000', tz='UTC')}"
2019-11-04 20:00:00+00:00,2019-11-05 00:00:00+00:00,1,1508.735,1506.9550000000002,1501.0506606887861,,0.67,-92.45999999998294,-0.17958603129170916,"{'time_exit_bars': 2, 'atr': 2.496446437071296, 'entry_hour_utc': 19, 'exit_reason': 'time_exit', 'signal_time': Timestamp('2019-11-04 19:00:00+0000', tz='UTC')}"
2019-11-05 20:00:00+00:00,2019-11-06 00:00:00+00:00,1,1484.825,1485.755,1473.6346757157414,,0.46,61.180000000002934,0.11885267720712693,"{'time_exit_bars': 2, 'atr': 3.681774761419527, 'entry_hour_utc': 19, 'exit_reason': 'time_exit', 'signal_time': Timestamp('2019-11-05 19:00:00+0000', tz='UTC')}"
2019-11-06 20:00:00+00:00,2019-11-07 00:00:00+00:00,1,1491.2849999999999,1490.305,1482.7438518455851,,0.61,13.420000000012763,0.025757661150801667,"{'time_exit_bars': 2, 'atr': 2.785382718138245, 'entry_hour_utc': 19, 'exit_reason': 'time_exit', 'signal_time': Timestamp('2019-11-06 19:00:00+0000', tz='UTC')}"
2019-11-07 20:00:00+00:00,2019-11-08 00:00:00+00:00,1,1468.085,1468.775,1454.6567627898983,,0.38,41.42000000000208,0.08117223302996698,"{'time_exit_bars': 2, 'atr': 4.3844124033672, 'entry_hour_utc': 19, 'exit_reason': 'time_exit', 'signal_time': Timestamp('2019-11-07 19:00:00+0000', tz='UTC')}"
2019-11-08 20:00:00+00:00,2019-11-11 00:00:00+00:00,1,1458.675,1461.415,1448.0362924886738,,0.49,193.06000000000046,0.3703457394430112,"{'time_exit_bars': 2, 'atr': 3.471235837108731, 'entry_hour_utc': 19, 'exit_reason': 'time_exit', 'signal_time': Timestamp('2019-11-08 19:00:00+0000', tz='UTC')}"
2019-11-11 20:00:00+00:00,2019-11-12 00:00:00+00:00,1,1454.965,1455.155,1446.6677361632908,,0.62,36.58000000000338,0.07110777861368581,"{'time_exit_bars': 2, 'atr': 2.730754612236382, 'entry_hour_utc': 19, 'exit_reason': 'time_exit', 'signal_time': Timestamp('2019-11-11 19:00:00+0000', tz='UTC')}"
2019-11-12 20:00:00+00:00,2019-11-13 00:00:00+00:00,1,1458.745,1458.645,1447.5256850302594,,0.46,13.800000000004186,0.026739600484451898,"{'time_exit_bars': 2, 'atr': 3.6947716565801905, 'entry_hour_utc': 19, 'exit_reason': 'time_exit', 'signal_time': Timestamp('2019-11-12 19:00:00+0000', tz='UTC')}"
2019-11-13 20:00:00+00:00,2019-11-14 00:00:00+00:00,1,1464.445,1464.175,1455.626150616718,,0.59,54.87000000000107,0.10545593416790087,"{'time_exit_bars': 2, 'atr': 2.8846164610940312, 'entry_hour_utc': 19, 'exit_reason': 'time_exit', 'signal_time': Timestamp('2019-11-13 19:00:00+0000', tz='UTC')}"
2019-11-14 20:00:00+00:00,2019-11-15 00:00:00+00:00,1,1470.825,1466.785,1462.3675244928772,,0.61,-222.03999999999778,-0.4303884766718377,"{'time_exit_bars': 2, 'atr': 2.7608251690409786, 'entry_hour_utc': 19, 'exit_reason': 'time_exit', 'signal_time': Timestamp('2019-11-14 19:00:00+0000', tz='UTC')}"
2019-11-15 20:00:00+00:00,2019-11-18 00:00:00+00:00,1,1466.995,1467.285,1459.3843169034585,,0.68,101.320000000013,0.1957774329977438,"{'time_exit_bars': 2, 'atr': 2.4485610321805074, 'entry_hour_utc': 19, 'exit_reason': 'time_exit', 'signal_time': Timestamp('2019-11-15 19:00:00+0000', tz='UTC')}"
2019-11-18 20:00:00+00:00,2019-11-19 00:00:00+00:00,1,1471.715,1472.645,1462.9054598397565,,0.59,78.47000000000375,0.1509726927634914,"{'time_exit_bars': 2, 'atr': 2.921513386747839, 'entry_hour_utc': 19, 'exit_reason': 'time_exit', 'signal_time': Timestamp('2019-11-18 19:00:00+0000', tz='UTC')}"
2019-11-19 20:00:00+00:00,2019-11-20 00:00:00+00:00,1,1472.5449999999998,1472.7050000000002,1464.2192309951106,,0.62,34.72000000001917,0.06726105416466069,"{'time_exit_bars': 2, 'atr': 2.726923001629843, 'entry_hour_utc': 19, 'exit_reason': 'time_exit', 'signal_time': Timestamp('2019-11-19 19:00:00+0000', tz='UTC')}"
2019-11-20 20:00:00+00:00,2019-11-21 00:00:00+00:00,1,1473.0049999999999,1474.7150000000001,1463.0972652830133,,0.52,151.32000000001372,0.29370992291619635,"{'time_exit_bars': 2, 'atr': 3.2542449056621843, 'entry_hour_utc': 19, 'exit_reason': 'time_exit', 'signal_time': Timestamp('2019-11-20 19:00:00+0000', tz='UTC')}"
2019-11-21 20:00:00+00:00,2019-11-22 00:00:00+00:00,1,1464.985,1464.355,1455.7070703055274,,0.56,-12.879999999993384,-0.02479001324367747,"{'time_exit_bars': 2, 'atr': 3.0709765648242087, 'entry_hour_utc': 19, 'exit_reason': 'time_exit', 'signal_time': Timestamp('2019-11-21 19:00:00+0000', tz='UTC')}"
2019-11-22 20:00:00+00:00,2019-11-25 00:00:00+00:00,1,1462.2749999999999,1460.685,1454.7292990232067,,0.69,-26.90999999999434,-0.0516850589758814,"{'time_exit_bars': 2, 'atr': 2.4469003255977455, 'entry_hour_utc': 19, 'exit_reason': 'time_exit', 'signal_time': Timestamp('2019-11-22 19:00:00+0000', tz='UTC')}"
2019-11-25 20:00:00+00:00,2019-11-26 00:00:00+00:00,1,1455.0349999999999,1453.355,1448.276631594563,,0.77,-98.55999999998738,-0.1893948247879069,"{'time_exit_bars': 2, 'atr': 2.194456135145628, 'entry_hour_utc': 19, 'exit_reason': 'time_exit', 'signal_time': Timestamp('2019-11-25 19:00:00+0000', tz='UTC')}"
2019-11-26 20:00:00+00:00,2019-11-27 00:00:00+00:00,1,1462.455,1459.695,1454.5157516372853,,0.65,-153.3999999999994,-0.29725735890608446,"{'time_exit_bars': 2, 'atr': 2.5880827875715173, 'entry_hour_utc': 19, 'exit_reason': 'time_exit', 'signal_time': Timestamp('2019-11-26 19:00:00+0000', tz='UTC')}"
2019-11-27 20:00:00+00:00,2019-11-28 00:00:00+00:00,1,1454.685,1457.365,1448.8467279776603,,0.89,345.3200000000057,0.6645802020107274,"{'time_exit_bars': 2, 'atr': 1.881090674113264, 'entry_hour_utc': 19, 'exit_reason': 'time_exit', 'signal_time': Timestamp('2019-11-27 19:00:00+0000', tz='UTC')}"
2019-12-02 20:00:00+00:00,2019-12-03 00:00:00+00:00,1,1462.985,1461.4750000000001,1455.341704231177,,0.68,-75.47999999998392,-0.14522531033372432,"{'time_exit_bars': 2, 'atr': 2.5060985896076398, 'entry_hour_utc': 19, 'exit_reason': 'time_exit', 'signal_time': Timestamp('2019-12-02 19:00:00+0000', tz='UTC')}"
2019-12-03 20:00:00+00:00,2019-12-04 00:00:00+00:00,1,1477.2849999999999,1477.2450000000001,1468.7257144105558,,0.61,21.960000000016088,0.04205958502474132,"{'time_exit_bars': 2, 'atr': 2.7947618631480258, 'entry_hour_utc': 19, 'exit_reason': 'time_exit', 'signal_time': Timestamp('2019-12-03 19:00:00+0000', tz='UTC')}"
2019-12-04 20:00:00+00:00,2019-12-05 00:00:00+00:00,1,1475.0349999999999,1475.255,1466.5436849813852,,0.61,86.62000000001554,0.16722969256085052,"{'time_exit_bars': 2, 'atr': 2.792105006204917, 'entry_hour_utc': 19, 'exit_reason': 'time_exit', 'signal_time': Timestamp('2019-12-04 19:00:00+0000', tz='UTC')}"
2019-12-05 20:00:00+00:00,2019-12-06 00:00:00+00:00,1,1475.815,1474.865,1467.9704034923268,,0.66,-36.30000000000301,-0.07011195533920175,"{'time_exit_bars': 2, 'atr': 2.58319883589109, 'entry_hour_utc': 19, 'exit_reason': 'time_exit', 'signal_time': Timestamp('2019-12-05 19:00:00+0000', tz='UTC')}"
2019-12-06 20:00:00+00:00,2019-12-09 00:00:00+00:00,1,1460.825,1460.815,1452.3962377216872,,0.62,73.78000000000057,0.14118324383899947,"{'time_exit_bars': 2, 'atr': 2.754587426104285, 'entry_hour_utc': 19, 'exit_reason': 'time_exit', 'signal_time': Timestamp('2019-12-06 19:00:00+0000', tz='UTC')}"
2019-12-09 20:00:00+00:00,2019-12-10 00:00:00+00:00,1,1460.905,1461.315,1455.8977989135055,,1.04,84.24000000000851,0.1617670203389349,"{'time_exit_bars': 2, 'atr': 1.6240670288314867, 'entry_hour_utc': 19, 'exit_reason': 'time_exit', 'signal_time': Timestamp('2019-12-09 19:00:00+0000', tz='UTC')}"
2019-12-10 20:00:00+00:00,2019-12-11 00:00:00+00:00,1,1464.805,1463.915,1458.2920571825407,,0.8,-39.20000000000801,-0.07523480763358592,"{'time_exit_bars': 2, 'atr': 2.0993142724863953, 'entry_hour_utc': 19, 'exit_reason': 'time_exit', 'signal_time': Timestamp('2019-12-10 19:00:00+0000', tz='UTC')}"
2019-12-11 20:00:00+00:00,2019-12-12 00:00:00+00:00,1,1475.2949999999998,1474.435,1466.9341311828512,,0.62,21.08000000000621,0.04066563026353649,"{'time_exit_bars': 2, 'atr': 2.7186229390495766, 'entry_hour_utc': 19, 'exit_reason': 'time_exit', 'signal_time': Timestamp('2019-12-11 19:00:00+0000', tz='UTC')}"
2019-12-12 20:00:00+00:00,2019-12-13 00:00:00+00:00,1,1469.955,1465.665,1459.2127883218834,,0.48,-186.71999999999824,-0.36212282131104073,"{'time_exit_bars': 2, 'atr': 3.545737226038866, 'entry_hour_utc': 19, 'exit_reason': 'time_exit', 'signal_time': Timestamp('2019-12-12 19:00:00+0000', tz='UTC')}"
2019-12-13 20:00:00+00:00,2019-12-16 00:00:00+00:00,1,1476.655,1474.085,1466.3039266124765,,0.5,-68.49999999999682,-0.13235342352525967,"{'time_exit_bars': 2, 'atr': 3.368691129174503, 'entry_hour_utc': 19, 'exit_reason': 'time_exit', 'signal_time': Timestamp('2019-12-13 19:00:00+0000', tz='UTC')}"
2019-12-16 20:00:00+00:00,2019-12-17 00:00:00+00:00,1,1476.445,1475.165,1470.5936250201871,,0.89,-78.31999999999758,-0.1503920023987462,"{'time_exit_bars': 2, 'atr': 1.888791659937606, 'entry_hour_utc': 19, 'exit_reason': 'time_exit', 'signal_time': Timestamp('2019-12-16 19:00:00+0000', tz='UTC')}"
2019-12-17 20:00:00+00:00,2019-12-18 00:00:00+00:00,1,1476.0249999999999,1475.415,1470.2203935806933,,0.9,-18.899999999990996,-0.03617816348433631,"{'time_exit_bars': 2, 'atr': 1.876535473102187, 'entry_hour_utc': 19, 'exit_reason': 'time_exit', 'signal_time': Timestamp('2019-12-17 19:00:00+0000', tz='UTC')}"
2019-12-18 20:00:00+00:00,2019-12-19 00:00:00+00:00,1,1475.965,1474.795,1469.9817891646976,,0.87,2.610000000013457,0.0050140302299139785,"{'time_exit_bars': 2, 'atr': 1.9360702784341164, 'entry_hour_utc': 19, 'exit_reason': 'time_exit', 'signal_time': Timestamp('2019-12-18 19:00:00+0000', tz='UTC')}"
2019-12-19 20:00:00+00:00,2019-12-20 00:00:00+00:00,1,1479.475,1478.7350000000001,1474.2323716401647,,0.99,-33.65999999997839,-0.06485296623437767,"{'time_exit_bars': 2, 'atr': 1.6892094532783928, 'entry_hour_utc': 19, 'exit_reason': 'time_exit', 'signal_time': Timestamp('2019-12-19 19:00:00+0000', tz='UTC')}"
2019-12-20 20:00:00+00:00,2019-12-23 00:00:00+00:00,1,1477.685,1478.855,1473.1886028780525,,1.16,274.92000000000843,0.5270886747151016,"{'time_exit_bars': 2, 'atr': 1.440465707315816, 'entry_hour_utc': 19, 'exit_reason': 'time_exit', 'signal_time': Timestamp('2019-12-20 19:00:00+0000', tz='UTC')}"
2019-12-23 20:00:00+00:00,2019-12-24 00:00:00+00:00,1,1485.895,1484.775,1480.473058687813,,0.96,-69.11999999998952,-0.13279376491617928,"{'time_exit_bars': 2, 'atr': 1.7523137707290164, 'entry_hour_utc': 19, 'exit_reason': 'time_exit', 'signal_time': Timestamp('2019-12-23 19:00:00+0000', tz='UTC')}"
2019-12-26 20:00:00+00:00,2019-12-27 00:00:00+00:00,1,1511.995,1509.885,1504.003534964173,,0.65,-111.1499999999935,-0.21397828712679418,"{'time_exit_bars': 2, 'atr': 2.6021550119423065, 'entry_hour_utc': 19, 'exit_reason': 'time_exit', 'signal_time': Timestamp('2019-12-26 19:00:00+0000', tz='UTC')}"
2019-12-27 20:00:00+00:00,2019-12-30 00:00:00+00:00,1,1510.945,1513.015,1503.5559520931968,,0.7,228.90000000001143,0.4425468668283286,"{'time_exit_bars': 2, 'atr': 2.401349302267754, 'entry_hour_utc': 19, 'exit_reason': 'time_exit', 'signal_time': Timestamp('2019-12-27 19:00:00+0000', tz='UTC')}"
2019-12-30 20:00:00+00:00,2019-12-31 00:00:00+00:00,1,1515.0249999999999,1515.615,1509.7415754702547,,0.99,98.0100000000144,0.18737846910210273,"{'time_exit_bars': 2, 'atr': 1.686141509915074, 'entry_hour_utc': 19, 'exit_reason': 'time_exit', 'signal_time': Timestamp('2019-12-30 19:00:00+0000', tz='UTC')}"
2020-01-02 20:00:00+00:00,2020-01-03 00:00:00+00:00,1,1528.485,1530.355,1520.4805193029158,,0.62,140.74000000000734,0.2835911642371809,"{'time_exit_bars': 2, 'atr': 2.6098268990280187, 'entry_hour_utc': 19, 'exit_reason': 'time_exit', 'signal_time': Timestamp('2020-01-02 19:00:00+0000', tz='UTC')}"
2020-01-03 20:00:00+00:00,2020-01-06 00:00:00+00:00,1,1549.175,1569.265,1537.0689676070344,,0.41,872.8900000000059,1.7586273775684904,"{'time_exit_bars': 2, 'atr': 3.9836774643218393, 'entry_hour_utc': 19, 'exit_reason': 'time_exit', 'signal_time': Timestamp('2020-01-03 19:00:00+0000', tz='UTC')}"
2020-01-06 20:00:00+00:00,2020-01-07 00:00:00+00:00,1,1565.675,1563.935,1552.5285676408214,,0.38,-50.92000000000034,-0.10192879432148368,"{'time_exit_bars': 2, 'atr': 4.3404774530595285, 'entry_hour_utc': 19, 'exit_reason': 'time_exit', 'signal_time': Timestamp('2020-01-06 19:00:00+0000', tz='UTC')}"
2020-01-07 20:00:00+00:00,2020-01-08 00:00:00+00:00,1,1571.925,1598.815,1559.9554698802156,,0.42,1146.1800000000042,2.2799558317575523,"{'time_exit_bars': 2, 'atr': 3.9115100399281304, 'entry_hour_utc': 19, 'exit_reason': 'time_exit', 'signal_time': Timestamp('2020-01-07 19:00:00+0000', tz='UTC')}"
2020-01-08 20:00:00+00:00,2020-01-09 00:00:00+00:00,1,1560.0249999999999,1556.435,1537.699450944919,,0.22,-52.57999999999819,-0.10705223840647224,"{'time_exit_bars': 2, 'atr': 7.396849685027048, 'entry_hour_utc': 19, 'exit_reason': 'time_exit', 'signal_time': Timestamp('2020-01-08 19:00:00+0000', tz='UTC')}"
2020-01-09 20:00:00+00:00,2020-01-10 00:00:00+00:00,1,1550.925,1551.7050000000002,1536.892764122517,,0.36,42.4800000000072,0.08409208698477702,"{'time_exit_bars': 2, 'atr': 4.609078625827639, 'entry_hour_utc': 19, 'exit_reason': 'time_exit', 'signal_time': Timestamp('2020-01-09 19:00:00+0000', tz='UTC')}"
2020-01-10 20:00:00+00:00,2020-01-13 00:00:00+00:00,1,1560.445,1558.395,1550.7732481576554,,0.52,-44.19999999999764,-0.08788480244897462,"{'time_exit_bars': 2, 'atr': 3.152250614114871, 'entry_hour_utc': 19, 'exit_reason': 'time_exit', 'signal_time': Timestamp('2020-01-10 19:00:00+0000', tz='UTC')}"
2020-01-13 20:00:00+00:00,2020-01-14 00:00:00+00:00,1,1548.705,1543.255,1540.3965570043094,,0.61,-308.0499999999889,-0.6078154478064313,"{'time_exit_bars': 2, 'atr': 2.7144809985635296, 'entry_hour_utc': 19, 'exit_reason': 'time_exit', 'signal_time': Timestamp('2020-01-13 19:00:00+0000', tz='UTC')}"
2020-01-14 20:00:00+00:00,2020-01-15 00:00:00+00:00,1,1547.245,1548.945,1537.7220838880378,,0.53,111.30000000000241,0.22052068665838126,"{'time_exit_bars': 2, 'atr': 3.0959720373207515, 'entry_hour_utc': 19, 'exit_reason': 'time_exit', 'signal_time': Timestamp('2020-01-14 19:00:00+0000', tz='UTC')}"
2020-01-15 20:00:00+00:00,2020-01-16 00:00:00+00:00,1,1556.2649999999999,1556.785,1546.468087625851,,0.51,87.72000000001066,0.1755655184319886,"{'time_exit_bars': 2, 'atr': 3.2073041247163223, 'entry_hour_utc': 19, 'exit_reason': 'time_exit', 'signal_time': Timestamp('2020-01-15 19:00:00+0000', tz='UTC')}"
2020-01-16 20:00:00+00:00,2020-01-17 00:00:00+00:00,1,1553.7649999999999,1549.7350000000001,1546.0594724030805,,0.66,-239.5799999999832,-0.47109038989763424,"{'time_exit_bars': 2, 'atr': 2.533509198973219, 'entry_hour_utc': 19, 'exit_reason': 'time_exit', 'signal_time': Timestamp('2020-01-16 19:00:00+0000', tz='UTC')}"
2020-01-17 20:00:00+00:00,2020-01-20 00:00:00+00:00,1,1557.205,1556.645,1549.0411616505985,,0.62,39.68000000000339,0.07839449687866239,"{'time_exit_bars': 2, 'atr': 2.662946116467191, 'entry_hour_utc': 19, 'exit_reason': 'time_exit', 'signal_time': Timestamp('2020-01-17 19:00:00+0000', tz='UTC')}"
2020-01-21 20:00:00+00:00,2020-01-22 00:00:00+00:00,1,1558.415,1556.445,1546.4680881013119,,0.42,-65.94000000000115,-0.1314147131337289,"{'time_exit_bars': 2, 'atr': 3.9306372995627097, 'entry_hour_utc': 19, 'exit_reason': 'time_exit', 'signal_time': Timestamp('2020-01-21 19:00:00+0000', tz='UTC')}"
2020-01-22 20:00:00+00:00,2020-01-23 00:00:00+00:00,1,1559.0349999999999,1561.635,1551.5018093996762,,0.67,254.60000000000915,0.5044343362076703,"{'time_exit_bars': 2, 'atr': 2.4627302001080023, 'entry_hour_utc': 19, 'exit_reason': 'time_exit', 'signal_time': Timestamp('2020-01-22 19:00:00+0000', tz='UTC')}"
2020-01-23 20:00:00+00:00,2020-01-24 00:00:00+00:00,1,1562.435,1560.875,1551.4336671144144,,0.46,-53.359999999997484,-0.10544176892600313,"{'time_exit_bars': 2, 'atr': 3.6387776285285245, 'entry_hour_utc': 19, 'exit_reason': 'time_exit', 'signal_time': Timestamp('2020-01-23 19:00:00+0000', tz='UTC')}"
2020-01-24 20:00:00+00:00,2020-01-27 00:00:00+00:00,1,1571.725,1577.835,1560.646843371225,,0.45,328.95000000000573,0.6598570723411529,"{'time_exit_bars': 2, 'atr': 3.611052209591694, 'entry_hour_utc': 19, 'exit_reason': 'time_exit', 'signal_time': Timestamp('2020-01-24 19:00:00+0000', tz='UTC')}"
2020-01-27 20:00:00+00:00,2020-01-28 00:00:00+00:00,1,1582.895,1582.4850000000001,1572.0489640543585,,0.47,-0.4699999999931599,-0.0009219958379239026,"{'time_exit_bars': 2, 'atr': 3.5570119818804713, 'entry_hour_utc': 19, 'exit_reason': 'time_exit', 'signal_time': Timestamp('2020-01-27 19:00:00+0000', tz='UTC')}"
2020-01-28 20:00:00+00:00,2020-01-29 00:00:00+00:00,1,1569.235,1568.135,1559.6784604748552,,0.53,-37.09999999999518,-0.0732482713180964,"{'time_exit_bars': 2, 'atr': 3.130513175048237, 'entry_hour_utc': 19, 'exit_reason': 'time_exit', 'signal_time': Timestamp('2020-01-28 19:00:00+0000', tz='UTC')}"
2020-01-29 20:00:00+00:00,2020-01-30 00:00:00+00:00,1,1577.065,1578.055,1568.1770254847045,,0.57,124.8300000000005,0.246400346471648,"{'time_exit_bars': 2, 'atr': 2.897658171765143, 'entry_hour_utc': 19, 'exit_reason': 'time_exit', 'signal_time': Timestamp('2020-01-29 19:00:00+0000', tz='UTC')}"
2020-01-30 20:00:00+00:00,2020-01-31 00:00:00+00:00,1,1577.175,1574.075,1564.8953544893072,,0.41,-110.69999999999625,-0.2198760540480453,"{'time_exit_bars': 2, 'atr': 4.038215170230941, 'entry_hour_utc': 19, 'exit_reason': 'time_exit', 'signal_time': Timestamp('2020-01-30 19:00:00+0000', tz='UTC')}"
2020-01-31 20:00:00+00:00,2020-02-03 00:00:00+00:00,1,1586.895,1586.095,1576.107027475531,,0.47,18.80000000000213,0.037078329509346926,"{'time_exit_bars': 2, 'atr': 3.574324174822979, 'entry_hour_utc': 19, 'exit_reason': 'time_exit', 'signal_time': Timestamp('2020-01-31 19:00:00+0000', tz='UTC')}"
2020-02-03 20:00:00+00:00,2020-02-04 00:00:00+00:00,1,1576.345,1578.185,1564.9738893286385,,0.44,98.55999999999639,0.19699043169471778,"{'time_exit_bars': 2, 'atr': 3.732036890453836, 'entry_hour_utc': 19, 'exit_reason': 'time_exit', 'signal_time': Timestamp('2020-02-03 19:00:00+0000', tz='UTC')}"
2020-02-04 20:00:00+00:00,2020-02-05 00:00:00+00:00,1,1555.365,1554.9950000000001,1543.8224579774903,,0.44,1.3200000000048036,0.002599080855985163,"{'time_exit_bars': 2, 'atr': 3.7725140075032653, 'entry_hour_utc': 19, 'exit_reason': 'time_exit', 'signal_time': Timestamp('2020-02-04 19:00:00+0000', tz='UTC')}"
2020-02-05 20:00:00+00:00,2020-02-06 00:00:00+00:00,1,1557.105,1556.175,1546.26388076503,,0.47,12.689999999997,0.02490517760647846,"{'time_exit_bars': 2, 'atr': 3.5487064116566853, 'entry_hour_utc': 19, 'exit_reason': 'time_exit', 'signal_time': Timestamp('2020-02-05 19:00:00+0000', tz='UTC')}"
2020-02-06 20:00:00+00:00,2020-02-07 00:00:00+00:00,1,1566.225,1568.2050000000002,1556.96384492484,,0.55,130.90000000001353,0.2569873823173358,"{'time_exit_bars': 2, 'atr': 3.0453850250533243, 'entry_hour_utc': 19, 'exit_reason': 'time_exit', 'signal_time': Timestamp('2020-02-06 19:00:00+0000', tz='UTC')}"
2020-02-07 20:00:00+00:00,2020-02-10 00:00:00+00:00,1,1570.185,1572.855,1559.179582513451,,0.46,178.02000000000334,0.35164499708711927,"{'time_exit_bars': 2, 'atr': 3.6234724955163577, 'entry_hour_utc': 19, 'exit_reason': 'time_exit', 'signal_time': Timestamp('2020-02-07 19:00:00+0000', tz='UTC')}"
2020-02-10 20:00:00+00:00,2020-02-11 00:00:00+00:00,1,1573.885,1571.065,1566.3922708570622,,0.68,-164.55999999999568,-0.32297977864058697,"{'time_exit_bars': 2, 'atr': 2.439243047645968, 'entry_hour_utc': 19, 'exit_reason': 'time_exit', 'signal_time': Timestamp('2020-02-10 19:00:00+0000', tz='UTC')}"
2020-02-11 20:00:00+00:00,2020-02-12 00:00:00+00:00,1,1568.705,1567.815,1559.9713344726686,,0.58,-28.419999999992616,-0.05610473614617522,"{'time_exit_bars': 2, 'atr': 2.839555175777122, 'entry_hour_utc': 19, 'exit_reason': 'time_exit', 'signal_time': Timestamp('2020-02-11 19:00:00+0000', tz='UTC')}"
2020-02-12 20:00:00+00:00,2020-02-13 00:00:00+00:00,1,1567.2949999999998,1570.775,1559.434179043702,,0.65,304.20000000001596,0.5953576637883817,"{'time_exit_bars': 2, 'atr': 2.571940318766001, 'entry_hour_utc': 19, 'exit_reason': 'time_exit', 'signal_time': Timestamp('2020-02-12 19:00:00+0000', tz='UTC')}"
2020-02-13 20:00:00+00:00,2020-02-14 00:00:00+00:00,1,1576.405,1576.005,1568.9268070343246,,0.68,9.276135415348108e-12,1.8241539999595447e-14,"{'time_exit_bars': 2, 'atr': 2.4310643218918018, 'entry_hour_utc': 19, 'exit_reason': 'time_exit', 'signal_time': Timestamp('2020-02-13 19:00:00+0000', tz='UTC')}"
2020-02-14 20:00:00+00:00,2020-02-17 00:00:00+00:00,1,1582.7849999999999,1581.905,1576.352634192864,,0.79,25.280000000009323,0.049748414439538716,"{'time_exit_bars': 2, 'atr': 2.065788602378663, 'entry_hour_utc': 19, 'exit_reason': 'time_exit', 'signal_time': Timestamp('2020-02-14 19:00:00+0000', tz='UTC')}"
2020-02-18 20:00:00+00:00,2020-02-19 00:00:00+00:00,1,1602.965,1601.535,1594.2736301015095,,0.59,-60.76999999999035,-0.1185083608256896,"{'time_exit_bars': 2, 'atr': 2.8521232994968138, 'entry_hour_utc': 19, 'exit_reason': 'time_exit', 'signal_time': Timestamp('2020-02-18 19:00:00+0000', tz='UTC')}"
2020-02-19 20:00:00+00:00,2020-02-20 00:00:00+00:00,1,1612.975,1608.785,1603.2949233777488,,0.53,-158.46999999999085,-0.3088818525596022,"{'time_exit_bars': 2, 'atr': 3.1950255407504358, 'entry_hour_utc': 19, 'exit_reason': 'time_exit', 'signal_time': Timestamp('2020-02-19 19:00:00+0000', tz='UTC')}"
2020-02-20 20:00:00+00:00,2020-02-21 00:00:00+00:00,1,1619.695,1619.135,1608.712566866006,,0.46,-7.359999999997488,-0.014568720614805951,"{'time_exit_bars': 2, 'atr': 3.605811044664642, 'entry_hour_utc': 19, 'exit_reason': 'time_exit', 'signal_time': Timestamp('2020-02-20 19:00:00+0000', tz='UTC')}"
2020-02-21 20:00:00+00:00,2020-02-24 00:00:00+00:00,1,1643.705,1662.7150000000001,1629.6342370472762,,0.36,727.5600000000079,1.4363115964573976,"{'time_exit_bars': 2, 'atr': 4.611920984241251, 'entry_hour_utc': 19, 'exit_reason': 'time_exit', 'signal_time': Timestamp('2020-02-21 19:00:00+0000', tz='UTC')}"
2020-02-24 20:00:00+00:00,2020-02-25 00:00:00+00:00,1,1659.705,1647.035,1636.5031465923,,0.22,-269.9399999999966,-0.5288370624705289,"{'time_exit_bars': 2, 'atr': 7.708951135900059, 'entry_hour_utc': 19, 'exit_reason': 'time_exit', 'signal_time': Timestamp('2020-02-24 19:00:00+0000', tz='UTC')}"
2020-02-25 20:00:00+00:00,2020-02-26 00:00:00+00:00,1,1630.145,1641.275,1599.8305338429884,,0.16,184.48000000000175,0.3803464636415273,"{'time_exit_bars': 2, 'atr': 9.91315538567054, 'entry_hour_utc': 19, 'exit_reason': 'time_exit', 'signal_time': Timestamp('2020-02-25 19:00:00+0000', tz='UTC')}"
2020-02-26 20:00:00+00:00,2020-02-27 00:00:00+00:00,1,1636.305,1645.915,1614.9040235228306,,0.24,259.4399999999976,0.5051171385348695,"{'time_exit_bars': 2, 'atr': 7.04865882572314, 'entry_hour_utc': 19, 'exit_reason': 'time_exit', 'signal_time': Timestamp('2020-02-26 19:00:00+0000', tz='UTC')}"
2020-02-27 20:00:00+00:00,2020-02-28 00:00:00+00:00,1,1637.055,1645.4750000000001,1616.774936677373,,0.25,220.50000000000182,0.4349098846333164,"{'time_exit_bars': 2, 'atr': 6.72502110754235, 'entry_hour_utc': 19, 'exit_reason': 'time_exit', 'signal_time': Timestamp('2020-02-27 19:00:00+0000', tz='UTC')}"
2020-02-28 20:00:00+00:00,2020-03-02 00:00:00+00:00,1,1578.435,1596.865,1536.305194630851,,0.12,235.56000000000074,0.4659409135171282,"{'time_exit_bars': 2, 'atr': 13.998268456382977, 'entry_hour_utc': 19, 'exit_reason': 'time_exit', 'signal_time': Timestamp('2020-02-28 19:00:00+0000', tz='UTC')}"
2020-03-02 20:00:00+00:00,2020-03-03 00:00:00+00:00,1,1586.0249999999999,1591.695,1562.0392246786523,,0.21,127.47000000000152,0.25306665799532113,"{'time_exit_bars': 2, 'atr': 7.863591773782635, 'entry_hour_utc': 19, 'exit_reason': 'time_exit', 'signal_time': Timestamp('2020-03-02 19:00:00+0000', tz='UTC')}"
2020-03-03 20:00:00+00:00,2020-03-04 00:00:00+00:00,1,1636.0049999999999,1645.4850000000001,1609.9912285684004,,0.19,187.72000000000466,0.3797988317833376,"{'time_exit_bars': 2, 'atr': 8.576257143866524, 'entry_hour_utc': 19, 'exit_reason': 'time_exit', 'signal_time': Timestamp('2020-03-03 19:00:00+0000', tz='UTC')}"
2020-03-04 20:00:00+00:00,2020-03-05 00:00:00+00:00,1,1638.485,1637.875,1620.975001107638,,0.29,17.1100000000029,0.03369503354209047,"{'time_exit_bars': 2, 'atr': 5.784999630787319, 'entry_hour_utc': 19, 'exit_reason': 'time_exit', 'signal_time': Timestamp('2020-03-04 19:00:00+0000', tz='UTC')}"
2020-03-05 20:00:00+00:00,2020-03-06 00:00:00+00:00,1,1673.495,1673.9650000000001,1659.0447840252043,,0.36,31.320000000009166,0.06020671258600769,"{'time_exit_bars': 2, 'atr': 4.7317386582652565, 'entry_hour_utc': 19, 'exit_reason': 'time_exit', 'signal_time': Timestamp('2020-03-05 19:00:00+0000', tz='UTC')}"
2020-03-06 20:00:00+00:00,2020-03-09 00:00:00+00:00,1,1674.085,1699.865,1635.6594273219491,,0.13,350.73999999999967,0.7021365751930936,"{'time_exit_bars': 2, 'atr': 12.716857559350297, 'entry_hour_utc': 19, 'exit_reason': 'time_exit', 'signal_time': Timestamp('2020-03-06 19:00:00+0000', tz='UTC')}"
2020-03-09 22:00:00+00:00,2020-03-10 01:00:00+00:00,1,1667.905,1669.115,1640.3669196242638,,0.18,28.980000000000654,0.0584644963640461,"{'time_exit_bars': 2, 'atr': 12.594360125245421, 'entry_hour_utc': 19, 'exit_reason': 'time_exit', 'signal_time': Timestamp('2020-03-09 19:00:00+0000', tz='UTC')}"
2020-03-10 22:00:00+00:00,2020-03-11 01:00:00+00:00,1,1652.105,1658.095,1623.8060098377907,,0.18,115.02000000000017,0.2258031104068607,"{'time_exit_bars': 2, 'atr': 8.52133005406972, 'entry_hour_utc': 19, 'exit_reason': 'time_exit', 'signal_time': Timestamp('2020-03-10 19:00:00+0000', tz='UTC')}"
2020-03-11 22:00:00+00:00,2020-03-12 01:00:00+00:00,1,1640.2749999999999,1635.9750000000001,1615.7346089719208,,0.21,-65.09999999999425,-0.12632235551799945,"{'time_exit_bars': 2, 'atr': 6.965130342693087, 'entry_hour_utc': 19, 'exit_reason': 'time_exit', 'signal_time': Timestamp('2020-03-11 19:00:00+0000', tz='UTC')}"
2020-03-12 22:00:00+00:00,2020-03-13 01:00:00+00:00,1,1576.475,1554.765,1534.3515078538705,,0.12,-255.7199999999977,-0.5058934792508161,"{'time_exit_bars': 2, 'atr': 14.759497382043223, 'entry_hour_utc': 19, 'exit_reason': 'time_exit', 'signal_time': Timestamp('2020-03-12 19:00:00+0000', tz='UTC')}"
2020-03-15 22:00:00+00:00,2020-03-16 01:00:00+00:00,1,1543.215,1534.445,1475.6512925271888,,0.07,-58.58999999999988,-0.12388307736617665,"{'time_exit_bars': 2, 'atr': 18.04290249093705, 'entry_hour_utc': 19, 'exit_reason': 'time_exit', 'signal_time': Timestamp('2020-03-13 19:00:00+0000', tz='UTC')}"
2020-03-16 22:00:00+00:00,2020-03-17 01:00:00+00:00,1,1511.925,1492.2250000000001,1443.6624035345603,,0.07,-135.09999999999872,-0.2827317008044241,"{'time_exit_bars': 2, 'atr': 21.80919882181318, 'entry_hour_utc': 19, 'exit_reason': 'time_exit', 'signal_time': Timestamp('2020-03-16 19:00:00+0000', tz='UTC')}"
2020-03-17 22:00:00+00:00,2020-03-18 01:00:00+00:00,1,1537.465,1534.415,1484.7064718715733,,0.09,-23.84999999999959,-0.050228846292853985,"{'time_exit_bars': 2, 'atr': 14.364509376142196, 'entry_hour_utc': 19, 'exit_reason': 'time_exit', 'signal_time': Timestamp('2020-03-17 19:00:00+0000', tz='UTC')}"
2020-03-18 22:00:00+00:00,2020-03-19 01:00:00+00:00,1,1485.475,1484.4650000000001,1434.9137912070544,,0.1,1.9000000000023647,0.0037578215500802246,"{'time_exit_bars': 2, 'atr': 16.572069597648543, 'entry_hour_utc': 19, 'exit_reason': 'time_exit', 'signal_time': Timestamp('2020-03-18 19:00:00+0000', tz='UTC')}"
2020-03-19 22:00:00+00:00,2020-03-20 01:00:00+00:00,1,1467.645,1481.695,1437.1841677574819,,0.17,245.64999999999927,0.47437968486725146,"{'time_exit_bars': 2, 'atr': 12.385277414172688, 'entry_hour_utc': 19, 'exit_reason': 'time_exit', 'signal_time': Timestamp('2020-03-19 19:00:00+0000', tz='UTC')}"
2020-03-22 22:00:00+00:00,2020-03-23 01:00:00+00:00,1,1490.375,1492.315,1465.6545544426642,,0.21,49.14000000000114,0.09465848803464064,"{'time_exit_bars': 2, 'atr': 10.995148519111927, 'entry_hour_utc': 19, 'exit_reason': 'time_exit', 'signal_time': Timestamp('2020-03-20 19:00:00+0000', tz='UTC')}"
2020-03-23 22:00:00+00:00,2020-03-24 01:00:00+00:00,1,1563.625,1572.695,1523.4919432127028,,0.13,123.10999999999919,0.23596508110982872,"{'time_exit_bars': 2, 'atr': 9.632685595765786, 'entry_hour_utc': 19, 'exit_reason': 'time_exit', 'signal_time': Timestamp('2020-03-23 19:00:00+0000', tz='UTC')}"
2020-03-24 22:00:00+00:00,2020-03-25 01:00:00+00:00,1,1630.735,1616.885,1566.5151168079944,,0.08,-107.59999999999927,-0.2094366936138286,"{'time_exit_bars': 2, 'atr': 19.604961064001817, 'entry_hour_utc': 19, 'exit_reason': 'time_exit', 'signal_time': Timestamp('2020-03-24 19:00:00+0000', tz='UTC')}"
2020-03-25 22:00:00+00:00,2020-03-26 01:00:00+00:00,1,1612.575,1603.335,1580.7801366365736,,0.16,-128.64000000000016,-0.2528710347989231,"{'time_exit_bars': 2, 'atr': 11.856621121142112, 'entry_hour_utc': 19, 'exit_reason': 'time_exit', 'signal_time': Timestamp('2020-03-25 19:00:00+0000', tz='UTC')}"
2020-03-26 22:00:00+00:00,2020-03-27 01:00:00+00:00,1,1630.375,1624.645,1597.9941877613708,,0.16,-85.28000000000029,-0.16460365356868673,"{'time_exit_bars': 2, 'atr': 10.311937412876434, 'entry_hour_utc': 19, 'exit_reason': 'time_exit', 'signal_time': Timestamp('2020-03-26 19:00:00+0000', tz='UTC')}"
2020-03-29 22:00:00+00:00,2020-03-30 01:00:00+00:00,1,1620.145,1617.635,1599.3054570733175,,0.25,-52.74999999999977,-0.10124982142954742,"{'time_exit_bars': 2, 'atr': 7.7481809755607935, 'entry_hour_utc': 19, 'exit_reason': 'time_exit', 'signal_time': Timestamp('2020-03-27 19:00:00+0000', tz='UTC')}"
2020-03-30 20:00:00+00:00,2020-03-31 00:00:00+00:00,1,1622.675,1615.835,1601.3862588186046,,0.24,-154.559999999998,-0.3025073180760895,"{'time_exit_bars': 2, 'atr': 7.0545803937984815, 'entry_hour_utc': 19, 'exit_reason': 'time_exit', 'signal_time': Timestamp('2020-03-30 19:00:00+0000', tz='UTC')}"
2020-03-31 20:00:00+00:00,2020-04-01 00:00:00+00:00,1,1576.575,1578.115,1552.7391952518722,,0.21,40.739999999999235,0.08139016158673373,"{'time_exit_bars': 2, 'atr': 7.886934916042632, 'entry_hour_utc': 19, 'exit_reason': 'time_exit', 'signal_time': Timestamp('2020-03-31 19:00:00+0000', tz='UTC')}"
2020-04-01 20:00:00+00:00,2020-04-02 00:00:00+00:00,1,1589.0049999999999,1591.605,1566.458847938306,,0.23,87.40000000000313,0.1685431726709753,"{'time_exit_bars': 2, 'atr': 7.473717353898055, 'entry_hour_utc': 19, 'exit_reason': 'time_exit', 'signal_time': Timestamp('2020-04-01 19:00:00+0000', tz='UTC')}"
2020-04-02 20:00:00+00:00,2020-04-03 00:00:00+00:00,1,1614.085,1613.065,1593.6373565409608,,0.25,-15.499999999999545,-0.030321342468728363,"{'time_exit_bars': 2, 'atr': 6.757547819679731, 'entry_hour_utc': 19, 'exit_reason': 'time_exit', 'signal_time': Timestamp('2020-04-02 19:00:00+0000', tz='UTC')}"
2020-04-03 20:00:00+00:00,2020-04-06 00:00:00+00:00,1,1622.305,1619.025,1600.7251893928124,,0.24,-49.91999999999935,-0.09638638808568484,"{'time_exit_bars': 2, 'atr': 7.111603535729206, 'entry_hour_utc': 19, 'exit_reason': 'time_exit', 'signal_time': Timestamp('2020-04-03 19:00:00+0000', tz='UTC')}"
2020-04-06 20:00:00+00:00,2020-04-07 00:00:00+00:00,1,1666.965,1662.605,1646.1894135123332,,0.25,-98.9999999999975,-0.19060833745178396,"{'time_exit_bars': 2, 'atr': 6.856862162555568, 'entry_hour_utc': 19, 'exit_reason': 'time_exit', 'signal_time': Timestamp('2020-04-06 19:00:00+0000', tz='UTC')}"
2020-04-07 20:00:00+00:00,2020-04-08 00:00:00+00:00,1,1657.395,1648.2050000000002,1625.0088340941593,,0.16,-140.63999999999723,-0.2714121833858262,"{'time_exit_bars': 2, 'atr': 10.73705530194689, 'entry_hour_utc': 19, 'exit_reason': 'time_exit', 'signal_time': Timestamp('2020-04-07 19:00:00+0000', tz='UTC')}"
2020-04-08 20:00:00+00:00,2020-04-09 00:00:00+00:00,1,1645.695,1646.915,1625.0807645464474,,0.25,60.50000000000068,0.11739460362004266,"{'time_exit_bars': 2, 'atr': 6.483078484517485, 'entry_hour_utc': 19, 'exit_reason': 'time_exit', 'signal_time': Timestamp('2020-04-08 19:00:00+0000', tz='UTC')}"
2020-04-09 20:00:00+00:00,2020-04-13 00:00:00+00:00,1,1683.415,1685.925,1662.313808184196,,0.24,98.63999999999979,0.19477572811417024,"{'time_exit_bars': 2, 'atr': 7.002063938601288, 'entry_hour_utc': 19, 'exit_reason': 'time_exit', 'signal_time': Timestamp('2020-04-09 19:00:00+0000', tz='UTC')}"
2020-04-13 20:00:00+00:00,2020-04-14 00:00:00+00:00,1,1716.705,1716.815,1696.8378143155169,,0.26,13.260000000003311,0.025670470297081624,"{'time_exit_bars': 2, 'atr': 6.600728561494402, 'entry_hour_utc': 19, 'exit_reason': 'time_exit', 'signal_time': Timestamp('2020-04-13 19:00:00+0000', tz='UTC')}"
2020-04-14 20:00:00+00:00,2020-04-15 00:00:00+00:00,1,1728.135,1725.305,1700.7873357827098,,0.19,-46.169999999998616,-0.08885585184505772,"{'time_exit_bars': 2, 'atr': 9.04755473909679, 'entry_hour_utc': 19, 'exit_reason': 'time_exit', 'signal_time': Timestamp('2020-04-14 19:00:00+0000', tz='UTC')}"
2020-04-15 20:00:00+00:00,2020-04-16 00:00:00+00:00,1,1722.055,1715.785,1698.3674610799392,,0.21,-106.46999999999962,-0.21403658763833072,"{'time_exit_bars': 2, 'atr': 7.864179640020291, 'entry_hour_utc': 19, 'exit_reason': 'time_exit', 'signal_time': Timestamp('2020-04-15 19:00:00+0000', tz='UTC')}"
2020-04-16 20:00:00+00:00,2020-04-17 00:00:00+00:00,1,1718.7549999999999,1715.2450000000001,1694.4847487919574,,0.21,-65.30999999999503,-0.12814041244736654,"{'time_exit_bars': 2, 'atr': 8.031750402680874, 'entry_hour_utc': 19, 'exit_reason': 'time_exit', 'signal_time': Timestamp('2020-04-16 19:00:00+0000', tz='UTC')}"
2020-04-17 20:00:00+00:00,2020-04-20 00:00:00+00:00,1,1684.095,1675.7150000000001,1656.733918851042,,0.18,-129.23999999999788,-0.26241653101757384,"{'time_exit_bars': 2, 'atr': 9.068693716319348, 'entry_hour_utc': 19, 'exit_reason': 'time_exit', 'signal_time': Timestamp('2020-04-17 19:00:00+0000', tz='UTC')}"
2020-04-20 20:00:00+00:00,2020-04-21 00:00:00+00:00,1,1696.205,1690.855,1673.2335897378005,,0.22,-108.899999999998,-0.2154852463779886,"{'time_exit_bars': 2, 'atr': 7.605470087399842, 'entry_hour_utc': 19, 'exit_reason': 'time_exit', 'signal_time': Timestamp('2020-04-20 19:00:00+0000', tz='UTC')}"
2020-04-21 20:00:00+00:00,2020-04-22 00:00:00+00:00,1,1685.0349999999999,1686.765,1656.364119187424,,0.18,38.34000000000442,0.0742914043668294,"{'time_exit_bars': 2, 'atr': 9.511960270858683, 'entry_hour_utc': 19, 'exit_reason': 'time_exit', 'signal_time': Timestamp('2020-04-21 19:00:00+0000', tz='UTC')}"
2020-04-22 20:00:00+00:00,2020-04-23 00:00:00+00:00,1,1718.215,1711.055,1695.5254778143035,,0.22,-131.1199999999968,-0.2626763116129904,"{'time_exit_bars': 2, 'atr': 7.48484072856549, 'entry_hour_utc': 19, 'exit_reason': 'time_exit', 'signal_time': Timestamp('2020-04-22 19:00:00+0000', tz='UTC')}"
2020-04-23 20:00:00+00:00,2020-04-24 00:00:00+00:00,1,1733.105,1728.255,1710.3409542872232,,0.22,-97.899999999998,-0.19548370514395216,"{'time_exit_bars': 2, 'atr': 7.513015237592291, 'entry_hour_utc': 19, 'exit_reason': 'time_exit', 'signal_time': Timestamp('2020-04-23 19:00:00+0000', tz='UTC')}"
2020-04-24 20:00:00+00:00,2020-04-27 00:00:00+00:00,1,1728.725,1725.025,1708.8658688105083,,0.26,-64.99999999999528,-0.1258866753104834,"{'time_exit_bars': 2, 'atr': 6.54471039649722, 'entry_hour_utc': 19, 'exit_reason': 'time_exit', 'signal_time': Timestamp('2020-04-24 19:00:00+0000', tz='UTC')}"
2020-04-27 20:00:00+00:00,2020-04-28 00:00:00+00:00,1,1717.475,1709.265,1700.6136434476175,,0.3,-234.29999999999427,-0.46318930364451044,"{'time_exit_bars': 2, 'atr': 5.538785517460854, 'entry_hour_utc': 19, 'exit_reason': 'time_exit', 'signal_time': Timestamp('2020-04-27 19:00:00+0000', tz='UTC')}"
2020-04-28 20:00:00+00:00,2020-04-29 00:00:00+00:00,1,1708.865,1704.575,1687.3447499288136,,0.23,-89.46999999999916,-0.18075998127959989,"{'time_exit_bars': 2, 'atr': 7.125083357062119, 'entry_hour_utc': 19, 'exit_reason': 'time_exit', 'signal_time': Timestamp('2020-04-28 19:00:00+0000', tz='UTC')}"
2020-04-29 20:00:00+00:00,2020-04-30 00:00:00+00:00,1,1715.385,1713.645,1695.9321671282269,,0.26,-14.040000000000237,-0.027759453009210382,"{'time_exit_bars': 2, 'atr': 6.375944290591061, 'entry_hour_utc': 19, 'exit_reason': 'time_exit', 'signal_time': Timestamp('2020-04-29 19:00:00+0000', tz='UTC')}"
2020-04-30 20:00:00+00:00,2020-05-01 00:00:00+00:00,1,1686.7849999999999,1687.925,1664.0230886033348,,0.22,33.8800000000022,0.06765688404470872,"{'time_exit_bars': 2, 'atr': 7.525637132221666, 'entry_hour_utc': 19, 'exit_reason': 'time_exit', 'signal_time': Timestamp('2020-04-30 19:00:00+0000', tz='UTC')}"
2020-05-01 20:00:00+00:00,2020-05-04 00:00:00+00:00,1,1699.215,1699.145,1676.6983836374511,,0.22,24.860000000001403,0.05018516023036028,"{'time_exit_bars': 2, 'atr': 7.450538787516282, 'entry_hour_utc': 19, 'exit_reason': 'time_exit', 'signal_time': Timestamp('2020-05-01 19:00:00+0000', tz='UTC')}"
2020-05-04 20:00:00+00:00,2020-05-05 00:00:00+00:00,1,1703.985,1703.405,1684.4666347607606,,0.26,-4.679999999998108,-0.009222083806386566,"{'time_exit_bars': 2, 'atr': 6.4411217464130965, 'entry_hour_utc': 19, 'exit_reason': 'time_exit', 'signal_time': Timestamp('2020-05-04 19:00:00+0000', tz='UTC')}"
2020-05-05 20:00:00+00:00,2020-05-06 00:00:00+00:00,1,1710.435,1703.805,1693.4299073077013,,0.3,-186.89999999999642,-0.36636083746966996,"{'time_exit_bars': 2, 'atr': 5.646697564099547, 'entry_hour_utc': 19, 'exit_reason': 'time_exit', 'signal_time': Timestamp('2020-05-05 19:00:00+0000', tz='UTC')}"
2020-05-06 20:00:00+00:00,2020-05-07 00:00:00+00:00,1,1689.195,1689.315,1671.7082476171176,,0.29,38.280000000003426,0.07548571461972899,"{'time_exit_bars': 2, 'atr': 5.730584127627498, 'entry_hour_utc': 19, 'exit_reason': 'time_exit', 'signal_time': Timestamp('2020-05-06 19:00:00+0000', tz='UTC')}"
2020-05-07 20:00:00+00:00,2020-05-08 00:00:00+00:00,1,1715.585,1713.765,1698.6170347110365,,0.3,-42.59999999999808,-0.08368711131932496,"{'time_exit_bars': 2, 'atr': 5.664321762987807, 'entry_hour_utc': 19, 'exit_reason': 'time_exit', 'signal_time': Timestamp('2020-05-07 19:00:00+0000', tz='UTC')}"
2020-05-08 20:00:00+00:00,2020-05-11 00:00:00+00:00,1,1706.665,1706.105,1688.674875352213,,0.28,17.92000000000153,0.035575073132068584,"{'time_exit_bars': 2, 'atr': 6.028374882595696, 'entry_hour_utc': 19, 'exit_reason': 'time_exit', 'signal_time': Timestamp('2020-05-08 19:00:00+0000', tz='UTC')}"
2020-05-11 20:00:00+00:00,2020-05-12 00:00:00+00:00,1,1696.865,1697.4850000000001,1680.862521840655,,0.32,32.64000000000378,0.06374012761295163,"{'time_exit_bars': 2, 'atr': 5.289159386448297, 'entry_hour_utc': 19, 'exit_reason': 'time_exit', 'signal_time': Timestamp('2020-05-11 19:00:00+0000', tz='UTC')}"
2020-05-12 20:00:00+00:00,2020-05-13 00:00:00+00:00,1,1702.135,1702.195,1688.089304152341,,0.36,16.559999999998034,0.032750246409230827,"{'time_exit_bars': 2, 'atr': 4.5902319492196995, 'entry_hour_utc': 19, 'exit_reason': 'time_exit', 'signal_time': Timestamp('2020-05-12 19:00:00+0000', tz='UTC')}"
2020-05-13 20:00:00+00:00,2020-05-14 00:00:00+00:00,1,1717.475,1718.2450000000001,1702.6295490970492,,0.34,66.98000000000712,0.13270058369252033,"{'time_exit_bars': 2, 'atr': 4.863483634316914, 'entry_hour_utc': 19, 'exit_reason': 'time_exit', 'signal_time': Timestamp('2020-05-13 19:00:00+0000', tz='UTC')}"
2020-05-14 20:00:00+00:00,2020-05-15 00:00:00+00:00,1,1732.965,1732.4850000000001,1716.8367282871081,,0.31,-2.479999999993515,-0.004960233893867536,"{'time_exit_bars': 2, 'atr': 5.327757237630604, 'entry_hour_utc': 19, 'exit_reason': 'time_exit', 'signal_time': Timestamp('2020-05-14 19:00:00+0000', tz='UTC')}"
2020-05-15 20:00:00+00:00,2020-05-18 00:00:00+00:00,1,1743.975,1757.885,1727.171256609969,,0.3,453.3000000000024,0.8992044004292759,"{'time_exit_bars': 2, 'atr': 5.626247796676952, 'entry_hour_utc': 19, 'exit_reason': 'time_exit', 'signal_time': Timestamp('2020-05-15 19:00:00+0000', tz='UTC')}"
2020-05-18 20:00:00+00:00,2020-05-19 00:00:00+00:00,1,1731.865,1734.375,1710.7067315130707,,0.24,69.83999999999978,0.13753488390591467,"{'time_exit_bars': 2, 'atr': 6.914422828976446, 'entry_hour_utc': 19, 'exit_reason': 'time_exit', 'signal_time': Timestamp('2020-05-18 19:00:00+0000', tz='UTC')}"
2020-05-19 20:00:00+00:00,2020-05-20 00:00:00+00:00,1,1746.415,1746.005,1730.5470600924145,,0.32,-0.3199999999953427,-0.0006302015295050439,"{'time_exit_bars': 2, 'atr': 5.227646635861796, 'entry_hour_utc': 19, 'exit_reason': 'time_exit', 'signal_time': Timestamp('2020-05-19 19:00:00+0000', tz='UTC')}"
2020-05-20 20:00:00+00:00,2020-05-21 00:00:00+00:00,1,1749.625,1747.275,1734.7637868947038,,0.34,-39.09999999999692,-0.07738264648059419,"{'time_exit_bars': 2, 'atr': 4.878737701765429, 'entry_hour_utc': 19, 'exit_reason': 'time_exit', 'signal_time': Timestamp('2020-05-20 19:00:00+0000', tz='UTC')}"
2020-05-21 20:00:00+00:00,2020-05-22 00:00:00+00:00,1,1725.2949999999998,1725.595,1709.4410423165518,,0.32,22.40000000000582,0.044153013019014295,"{'time_exit_bars': 2, 'atr': 5.212985894482725, 'entry_hour_utc': 19, 'exit_reason': 'time_exit', 'signal_time': Timestamp('2020-05-21 19:00:00+0000', tz='UTC')}"
2020-05-22 20:00:00+00:00,2020-05-25 00:00:00+00:00,1,1735.2949999999998,1730.615,1721.6242423742979,,0.37,-128.75999999999394,-0.25455794735598214,"{'time_exit_bars': 2, 'atr': 4.501919208567423, 'entry_hour_utc': 19, 'exit_reason': 'time_exit', 'signal_time': Timestamp('2020-05-22 19:00:00+0000', tz='UTC')}"
2020-05-26 20:00:00+00:00,2020-05-27 00:00:00+00:00,1,1711.695,1712.335,1696.791863392379,,0.34,35.36000000000341,0.0697839674547621,"{'time_exit_bars': 2, 'atr': 4.926045535873666, 'entry_hour_utc': 19, 'exit_reason': 'time_exit', 'signal_time': Timestamp('2020-05-26 19:00:00+0000', tz='UTC')}"
2020-05-27 20:00:00+00:00,2020-05-28 00:00:00+00:00,1,1713.695,1710.695,1698.0330259965554,,0.33,-59.4,-0.11492804161238683,"{'time_exit_bars': 2, 'atr': 5.162324667814852, 'entry_hour_utc': 19, 'exit_reason': 'time_exit', 'signal_time': Timestamp('2020-05-27 19:00:00+0000', tz='UTC')}"
2020-05-28 20:00:00+00:00,2020-05-29 00:00:00+00:00,1,1719.5149999999999,1721.565,1705.3305015461776,,0.36,88.20000000000655,0.17272376658055116,"{'time_exit_bars': 2, 'atr': 4.67316615127413, 'entry_hour_utc': 19, 'exit_reason': 'time_exit', 'signal_time': Timestamp('2020-05-28 19:00:00+0000', tz='UTC')}"
2020-05-29 20:00:00+00:00,2020-06-01 00:00:00+00:00,1,1731.595,1739.405,1717.563158008674,,0.36,324.359999999998,0.6421109933798859,"{'time_exit_bars': 2, 'atr': 4.602280663775297, 'entry_hour_utc': 19, 'exit_reason': 'time_exit', 'signal_time': Timestamp('2020-05-29 19:00:00+0000', tz='UTC')}"
2020-06-01 20:00:00+00:00,2020-06-02 00:00:00+00:00,1,1740.145,1741.515,1725.4778636412657,,0.35,61.95000000000413,0.12067795353563215,"{'time_exit_bars': 2, 'atr': 4.830712119578138, 'entry_hour_utc': 19, 'exit_reason': 'time_exit', 'signal_time': Timestamp('2020-06-01 19:00:00+0000', tz='UTC')}"
2020-06-02 20:00:00+00:00,2020-06-03 00:00:00+00:00,1,1728.325,1726.4650000000001,1713.875226632823,,0.35,-51.0999999999965,-0.10103964698272073,"{'time_exit_bars': 2, 'atr': 4.738257789058975, 'entry_hour_utc': 19, 'exit_reason': 'time_exit', 'signal_time': Timestamp('2020-06-02 19:00:00+0000', tz='UTC')}"
2020-06-03 20:00:00+00:00,2020-06-04 00:00:00+00:00,1,1697.675,1700.345,1679.3211296911256,,0.28,108.36000000000206,0.21085470992616093,"{'time_exit_bars': 2, 'atr': 6.069623436291427, 'entry_hour_utc': 19, 'exit_reason': 'time_exit', 'signal_time': Timestamp('2020-06-03 19:00:00+0000', tz='UTC')}"
2020-06-04 20:00:00+00:00,2020-06-05 00:00:00+00:00,1,1716.315,1712.275,1697.8697580182895,,0.28,-101.91999999999899,-0.1973408645768499,"{'time_exit_bars': 2, 'atr': 6.063413993903465, 'entry_hour_utc': 19, 'exit_reason': 'time_exit', 'signal_time': Timestamp('2020-06-04 19:00:00+0000', tz='UTC')}"
2020-06-05 20:00:00+00:00,2020-06-08 00:00:00+00:00,1,1681.5249999999999,1681.045,1662.6029676848611,,0.27,19.440000000005647,0.038050881005216725,"{'time_exit_bars': 2, 'atr': 6.249010771712907, 'entry_hour_utc': 19, 'exit_reason': 'time_exit', 'signal_time': Timestamp('2020-06-05 19:00:00+0000', tz='UTC')}"
2020-06-08 20:00:00+00:00,2020-06-09 00:00:00+00:00,1,1698.575,1697.185,1685.3032857589099,,0.39,-38.6100000000039,-0.07459473448689755,"{'time_exit_bars': 2, 'atr': 4.3455714136967085, 'entry_hour_utc': 19, 'exit_reason': 'time_exit', 'signal_time': Timestamp('2020-06-08 19:00:00+0000', tz='UTC')}"
2020-06-09 20:00:00+00:00,2020-06-10 00:00:00+00:00,1,1715.145,1713.035,1699.8627903498968,,0.33,-56.429999999996696,-0.11189481358727198,"{'time_exit_bars': 2, 'atr': 5.035736550034399, 'entry_hour_utc': 19, 'exit_reason': 'time_exit', 'signal_time': Timestamp('2020-06-09 19:00:00+0000', tz='UTC')}"
2020-06-10 20:00:00+00:00,2020-06-11 00:00:00+00:00,1,1738.625,1735.335,1720.6425750019655,,0.28,-58.519999999998994,-0.11622459152357943,"{'time_exit_bars': 2, 'atr': 5.925808332678171, 'entry_hour_utc': 19, 'exit_reason': 'time_exit', 'signal_time': Timestamp('2020-06-10 19:00:00+0000', tz='UTC')}"
2020-06-11 20:00:00+00:00,2020-06-12 00:00:00+00:00,1,1727.955,1726.435,1707.984416949464,,0.25,-27.999999999999545,-0.056082488786922444,"{'time_exit_bars': 2, 'atr': 6.5985276835119855, 'entry_hour_utc': 19, 'exit_reason': 'time_exit', 'signal_time': Timestamp('2020-06-11 19:00:00+0000', tz='UTC')}"
2020-06-12 20:00:00+00:00,2020-06-15 00:00:00+00:00,1,1731.2549999999999,1732.565,1716.887500321401,,0.36,90.36000000000622,0.1746998473046031,"{'time_exit_bars': 2, 'atr': 4.734166559532998, 'entry_hour_utc': 19, 'exit_reason': 'time_exit', 'signal_time': Timestamp('2020-06-12 19:00:00+0000', tz='UTC')}"
2020-06-15 20:00:00+00:00,2020-06-16 00:00:00+00:00,1,1726.245,1723.9850000000001,1708.1799134515059,,0.28,-52.07999999999338,-0.10296103453513866,"{'time_exit_bars': 2, 'atr': 5.976695516164657, 'entry_hour_utc': 19, 'exit_reason': 'time_exit', 'signal_time': Timestamp('2020-06-15 19:00:00+0000', tz='UTC')}"
2020-06-16 20:00:00+00:00,2020-06-17 00:00:00+00:00,1,1726.5049999999999,1726.335,1710.0333867239626,,0.31,7.130000000004793,0.01396341670641068,"{'time_exit_bars': 2, 'atr': 5.432204425345734, 'entry_hour_utc': 19, 'exit_reason': 'time_exit', 'signal_time': Timestamp('2020-06-16 19:00:00+0000', tz='UTC')}"
2020-06-17 20:00:00+00:00,2020-06-18 00:00:00+00:00,1,1729.2549999999999,1727.255,1716.5292177778288,,0.4,-31.999999999990905,-0.06286450498940616,"{'time_exit_bars': 2, 'atr': 4.21359407405713, 'entry_hour_utc': 19, 'exit_reason': 'time_exit', 'signal_time': Timestamp('2020-06-17 19:00:00+0000', tz='UTC')}"
2020-06-18 20:00:00+00:00,2020-06-19 00:00:00+00:00,1,1724.915,1723.175,1710.2398933001978,,0.35,-46.90000000000031,-0.09131109077510627,"{'time_exit_bars': 2, 'atr': 4.790035566600678, 'entry_hour_utc': 19, 'exit_reason': 'time_exit', 'signal_time': Timestamp('2020-06-18 19:00:00+0000', tz='UTC')}"
2020-06-19 20:00:00+00:00,2020-06-22 00:00:00+00:00,1,1744.395,1748.905,1732.5810435344224,,0.43,245.5299999999996,0.48332664985157736,"{'time_exit_bars': 2, 'atr': 3.8796521551925625, 'entry_hour_utc': 19, 'exit_reason': 'time_exit', 'signal_time': Timestamp('2020-06-19 19:00:00+0000', tz='UTC')}"
2020-06-22 20:00:00+00:00,2020-06-23 00:00:00+00:00,1,1755.355,1755.095,1736.198206279909,,0.27,3.7800000000002463,0.007308112309691063,"{'time_exit_bars': 2, 'atr': 6.310597906697028, 'entry_hour_utc': 19, 'exit_reason': 'time_exit', 'signal_time': Timestamp('2020-06-22 19:00:00+0000', tz='UTC')}"
2020-06-23 20:00:00+00:00,2020-06-24 00:00:00+00:00,1,1770.245,1768.445,1755.929514886442,,0.36,-50.399999999998364,-0.09779619683820802,"{'time_exit_bars': 2, 'atr': 4.720161704519348, 'entry_hour_utc': 19, 'exit_reason': 'time_exit', 'signal_time': Timestamp('2020-06-23 19:00:00+0000', tz='UTC')}"
2020-06-24 20:00:00+00:00,2020-06-25 00:00:00+00:00,1,1765.165,1761.855,1747.78762883264,,0.29,-61.189999999998406,-0.12142227841476766,"{'time_exit_bars': 2, 'atr': 5.737457055786708, 'entry_hour_utc': 19, 'exit_reason': 'time_exit', 'signal_time': Timestamp('2020-06-24 19:00:00+0000', tz='UTC')}"
2020-06-25 20:00:00+00:00,2020-06-26 00:00:00+00:00,1,1763.745,1765.675,1750.3564147246257,,0.38,88.54000000000242,0.17402884263549928,"{'time_exit_bars': 2, 'atr': 4.404528425124728, 'entry_hour_utc': 19, 'exit_reason': 'time_exit', 'signal_time': Timestamp('2020-06-25 19:00:00+0000', tz='UTC')}"
2020-06-26 20:00:00+00:00,2020-06-29 00:00:00+00:00,1,1771.375,1771.035,1757.3012552619446,,0.36,30.96000000000295,0.06110669306617734,"{'time_exit_bars': 2, 'atr': 4.6329149126851785, 'entry_hour_utc': 19, 'exit_reason': 'time_exit', 'signal_time': Timestamp('2020-06-26 19:00:00+0000', tz='UTC')}"
2020-06-29 20:00:00+00:00,2020-06-30 00:00:00+00:00,1,1771.995,1772.905,1760.061037386633,,0.43,56.33000000000352,0.10977074777599723,"{'time_exit_bars': 2, 'atr': 3.919654204455648, 'entry_hour_utc': 19, 'exit_reason': 'time_exit', 'signal_time': Timestamp('2020-06-29 19:00:00+0000', tz='UTC')}"
2020-06-30 20:00:00+00:00,2020-07-01 00:00:00+00:00,1,1780.405,1782.655,1768.2330232380855,,0.42,111.3,0.21771319908297207,"{'time_exit_bars': 2, 'atr': 3.9989922539714957, 'entry_hour_utc': 19, 'exit_reason': 'time_exit', 'signal_time': Timestamp('2020-06-30 19:00:00+0000', tz='UTC')}"
2020-07-01 20:00:00+00:00,2020-07-02 00:00:00+00:00,1,1772.645,1767.9550000000002,1757.2022843638706,,0.33,-115.1699999999943,-0.22599652044584137,"{'time_exit_bars': 2, 'atr': 5.089238545376492, 'entry_hour_utc': 19, 'exit_reason': 'time_exit', 'signal_time': Timestamp('2020-07-01 19:00:00+0000', tz='UTC')}"
2020-07-02 20:00:00+00:00,2020-07-03 00:00:00+00:00,1,1775.895,1775.525,1763.2152786001689,,0.39,1.1700000000042596,0.002365982583853047,"{'time_exit_bars': 2, 'atr': 4.168240466610422, 'entry_hour_utc': 19, 'exit_reason': 'time_exit', 'signal_time': Timestamp('2020-07-02 19:00:00+0000', tz='UTC')}"
2020-07-06 20:00:00+00:00,2020-07-07 00:00:00+00:00,1,1786.605,1785.685,1775.6993586444105,,0.45,-23.40000000000327,-0.047681744066666414,"{'time_exit_bars': 2, 'atr': 3.5768804518631785, 'entry_hour_utc': 19, 'exit_reason': 'time_exit', 'signal_time': Timestamp('2020-07-06 19:00:00+0000', tz='UTC')}"
2020-07-07 20:00:00+00:00,2020-07-08 00:00:00+00:00,1,1797.335,1794.185,1785.830394374899,,0.43,-118.25000000000391,-0.23903470397977622,"{'time_exit_bars': 2, 'atr': 3.759868541700273, 'entry_hour_utc': 19, 'exit_reason': 'time_exit', 'signal_time': Timestamp('2020-07-07 19:00:00+0000', tz='UTC')}"
2020-07-08 20:00:00+00:00,2020-07-09 00:00:00+00:00,1,1809.5049999999999,1808.805,1797.0273858482115,,0.4,20.000000000007276,0.040071763232758434,"{'time_exit_bars': 2, 'atr': 4.0942047172628, 'entry_hour_utc': 19, 'exit_reason': 'time_exit', 'signal_time': Timestamp('2020-07-08 19:00:00+0000', tz='UTC')}"
2020-07-09 20:00:00+00:00,2020-07-10 00:00:00+00:00,1,1803.7849999999999,1803.545,1789.1475935954086,,0.34,5.440000000007423,0.010930898246429201,"{'time_exit_bars': 2, 'atr': 4.807468801530417, 'entry_hour_utc': 19, 'exit_reason': 'time_exit', 'signal_time': Timestamp('2020-07-09 19:00:00+0000', tz='UTC')}"
2020-07-10 20:00:00+00:00,2020-07-13 00:00:00+00:00,1,1799.335,1799.865,1786.5455790901326,,0.39,67.46999999999893,0.13526804788051228,"{'time_exit_bars': 2, 'atr': 4.201473636622513, 'entry_hour_utc': 19, 'exit_reason': 'time_exit', 'signal_time': Timestamp('2020-07-10 19:00:00+0000', tz='UTC')}"
2020-07-13 20:00:00+00:00,2020-07-14 00:00:00+00:00,1,1802.565,1802.175,1790.4181635946757,,0.41,0.4099999999959003,0.0008232596263103248,"{'time_exit_bars': 2, 'atr': 3.9372788017747493, 'entry_hour_utc': 19, 'exit_reason': 'time_exit', 'signal_time': Timestamp('2020-07-13 19:00:00+0000', tz='UTC')}"
2020-07-14 20:00:00+00:00,2020-07-15 00:00:00+00:00,1,1810.455,1809.115,1797.1119211781445,,0.37,-34.779999999996974,-0.07044850836526836,"{'time_exit_bars': 2, 'atr': 4.3893596072852, 'entry_hour_utc': 19, 'exit_reason': 'time_exit', 'signal_time': Timestamp('2020-07-14 19:00:00+0000', tz='UTC')}"
2020-07-15 20:00:00+00:00,2020-07-16 00:00:00+00:00,1,1812.385,1812.925,1801.382643711379,,0.45,78.29999999999836,0.1581479416186076,"{'time_exit_bars': 2, 'atr': 3.595785429540394, 'entry_hour_utc': 19, 'exit_reason': 'time_exit', 'signal_time': Timestamp('2020-07-15 19:00:00+0000', tz='UTC')}"
2020-07-16 20:00:00+00:00,2020-07-17 00:00:00+00:00,1,1795.405,1798.085,1784.7957869143595,,0.47,144.76000000000298,0.2903137089563061,"{'time_exit_bars': 2, 'atr': 3.498071028546809, 'entry_hour_utc': 19, 'exit_reason': 'time_exit', 'signal_time': Timestamp('2020-07-16 19:00:00+0000', tz='UTC')}"
2020-07-17 20:00:00+00:00,2020-07-20 00:00:00+00:00,1,1810.2549999999999,1808.785,1802.1695625812797,,0.61,-16.46999999998779,-0.033393369587484546,"{'time_exit_bars': 2, 'atr': 2.6368124729067035, 'entry_hour_utc': 19, 'exit_reason': 'time_exit', 'signal_time': Timestamp('2020-07-17 19:00:00+0000', tz='UTC')}"
2020-07-20 20:00:00+00:00,2020-07-21 00:00:00+00:00,1,1818.435,1817.785,1809.6585757714686,,0.57,-14.249999999992227,-0.02848540515932856,"{'time_exit_bars': 2, 'atr': 2.827141409510516, 'entry_hour_utc': 19, 'exit_reason': 'time_exit', 'signal_time': Timestamp('2020-07-20 19:00:00+0000', tz='UTC')}"
2020-07-21 20:00:00+00:00,2020-07-22 00:00:00+00:00,1,1841.085,1842.9950000000001,1829.4916802761816,,0.43,99.33000000000352,0.19925267783775413,"{'time_exit_bars': 2, 'atr': 3.8527732412727915, 'entry_hour_utc': 19, 'exit_reason': 'time_exit', 'signal_time': Timestamp('2020-07-21 19:00:00+0000', tz='UTC')}"
2020-07-22 20:00:00+00:00,2020-07-23 00:00:00+00:00,1,1868.725,1869.775,1846.9273241206363,,0.22,49.50000000000401,0.10322201378039161,"{'time_exit_bars': 2, 'atr': 7.207558626454552, 'entry_hour_utc': 19, 'exit_reason': 'time_exit', 'signal_time': Timestamp('2020-07-22 19:00:00+0000', tz='UTC')}"
2020-07-23 20:00:00+00:00,2020-07-24 00:00:00+00:00,1,1886.175,1885.375,1864.3837935724061,,0.23,-9.199999999998957,-0.018356028213905678,"{'time_exit_bars': 2, 'atr': 7.2087354758646, 'entry_hour_utc': 19, 'exit_reason': 'time_exit', 'signal_time': Timestamp('2020-07-23 19:00:00+0000', tz='UTC')}"
2020-07-24 20:00:00+00:00,2020-07-27 00:00:00+00:00,1,1902.565,1913.375,1887.307151904181,,0.32,384.31999999999823,0.7871359004610147,"{'time_exit_bars': 2, 'atr': 5.010949365272992, 'entry_hour_utc': 19, 'exit_reason': 'time_exit', 'signal_time': Timestamp('2020-07-24 19:00:00+0000', tz='UTC')}"
2020-07-27 20:00:00+00:00,2020-07-28 00:00:00+00:00,1,1938.895,1964.795,1915.1644654066333,,0.21,552.3000000000019,1.1082767603285126,"{'time_exit_bars': 2, 'atr': 7.86851153112225, 'entry_hour_utc': 19, 'exit_reason': 'time_exit', 'signal_time': Timestamp('2020-07-27 19:00:00+0000', tz='UTC')}"
2020-07-28 20:00:00+00:00,2020-07-29 00:00:00+00:00,1,1955.605,1955.895,1915.3938119360876,,0.12,8.279999999999564,0.017159403470080617,"{'time_exit_bars': 2, 'atr': 13.348729354637506, 'entry_hour_utc': 19, 'exit_reason': 'time_exit', 'signal_time': Timestamp('2020-07-28 19:00:00+0000', tz='UTC')}"
2020-07-29 20:00:00+00:00,2020-07-30 00:00:00+00:00,1,1969.445,1966.345,1943.4271786720988,,0.19,-36.09999999999828,-0.07302686785547159,"{'time_exit_bars': 2, 'atr': 8.614273775967074, 'entry_hour_utc': 19, 'exit_reason': 'time_exit', 'signal_time': Timestamp('2020-07-29 19:00:00+0000', tz='UTC')}"
2020-07-30 20:00:00+00:00,2020-07-31 00:00:00+00:00,1,1956.145,1956.7450000000001,1933.1452909581678,,0.21,21.000000000002863,0.0434788108919693,"{'time_exit_bars': 2, 'atr': 7.624903013944039, 'entry_hour_utc': 19, 'exit_reason': 'time_exit', 'signal_time': Timestamp('2020-07-30 19:00:00+0000', tz='UTC')}"
2020-07-31 20:00:00+00:00,2020-08-03 00:00:00+00:00,1,1974.115,1981.655,1953.191934330349,,0.24,209.75999999999914,0.4177208129054156,"{'time_exit_bars': 2, 'atr': 6.919355223216979, 'entry_hour_utc': 19, 'exit_reason': 'time_exit', 'signal_time': Timestamp('2020-07-31 19:00:00+0000', tz='UTC')}"
2020-08-03 20:00:00+00:00,2020-08-04 00:00:00+00:00,1,1976.675,1975.065,1960.6083311176149,,0.31,-37.5099999999969,-0.07531119293349595,"{'time_exit_bars': 2, 'atr': 5.303889627461747, 'entry_hour_utc': 19, 'exit_reason': 'time_exit', 'signal_time': Timestamp('2020-08-03 19:00:00+0000', tz='UTC')}"
2020-08-04 20:00:00+00:00,2020-08-05 00:00:00+00:00,1,2017.245,2030.775,1996.5234085407121,,0.24,334.3200000000048,0.6722456635325923,"{'time_exit_bars': 2, 'atr': 6.848863819762588, 'entry_hour_utc': 19, 'exit_reason': 'time_exit', 'signal_time': Timestamp('2020-08-04 19:00:00+0000', tz='UTC')}"
2020-08-05 20:00:00+00:00,2020-08-06 00:00:00+00:00,1,2036.685,2036.295,2008.8241487629516,,0.18,14.580000000002293,0.029073052833469035,"{'time_exit_bars': 2, 'atr': 9.27195041234946, 'entry_hour_utc': 19, 'exit_reason': 'time_exit', 'signal_time': Timestamp('2020-08-05 19:00:00+0000', tz='UTC')}"
2020-08-06 20:00:00+00:00,2020-08-07 00:00:00+00:00,1,2063.385,2069.105,2039.5717642508118,,0.21,128.51999999999578,0.25699993333364557,"{'time_exit_bars': 2, 'atr': 7.826078583062812, 'entry_hour_utc': 19, 'exit_reason': 'time_exit', 'signal_time': Timestamp('2020-08-06 19:00:00+0000', tz='UTC')}"
2020-08-07 20:00:00+00:00,2020-08-10 00:00:00+00:00,1,2031.105,2026.895,1996.2563321617695,,0.14,-42.14000000000051,-0.08637345949557167,"{'time_exit_bars': 2, 'atr': 11.544555946076875, 'entry_hour_utc': 19, 'exit_reason': 'time_exit', 'signal_time': Timestamp('2020-08-07 19:00:00+0000', tz='UTC')}"
2020-08-10 20:00:00+00:00,2020-08-11 00:00:00+00:00,1,2025.085,2028.025,2004.193053728676,,0.24,80.1600000000013,0.15987021776829302,"{'time_exit_bars': 2, 'atr': 6.915648757108044, 'entry_hour_utc': 19, 'exit_reason': 'time_exit', 'signal_time': Timestamp('2020-08-10 19:00:00+0000', tz='UTC')}"
2020-08-11 20:00:00+00:00,2020-08-12 00:00:00+00:00,1,1916.2649999999999,1908.815,1873.9987488233005,,0.12,-84.59999999999782,-0.16679974693110133,"{'time_exit_bars': 2, 'atr': 14.03041705889977, 'entry_hour_utc': 19, 'exit_reason': 'time_exit', 'signal_time': Timestamp('2020-08-11 19:00:00+0000', tz='UTC')}"
2020-08-12 20:00:00+00:00,2020-08-13 00:00:00+00:00,1,1907.7649999999999,1921.675,1849.6979285616005,,0.08,120.88000000000066,0.26021632615017576,"{'time_exit_bars': 2, 'atr': 19.42069047946648, 'entry_hour_utc': 19, 'exit_reason': 'time_exit', 'signal_time': Timestamp('2020-08-12 19:00:00+0000', tz='UTC')}"
2020-08-13 20:00:00+00:00,2020-08-14 00:00:00+00:00,1,1952.485,1957.295,1920.350904041099,,0.15,78.15000000000259,0.16213308153008896,"{'time_exit_bars': 2, 'atr': 10.703031986300353, 'entry_hour_utc': 19, 'exit_reason': 'time_exit', 'signal_time': Timestamp('2020-08-13 19:00:00+0000', tz='UTC')}"
2020-08-14 20:00:00+00:00,2020-08-17 00:00:00+00:00,1,1943.175,1932.355,1917.1651006741984,,0.19,-182.77999999999884,-0.36985917859578105,"{'time_exit_bars': 2, 'atr': 8.601633108600586, 'entry_hour_utc': 19, 'exit_reason': 'time_exit', 'signal_time': Timestamp('2020-08-14 19:00:00+0000', tz='UTC')}"
2020-08-17 20:00:00+00:00,2020-08-18 00:00:00+00:00,1,1984.365,1983.515,1963.2553511916271,,0.24,-10.799999999997818,-0.021317266056146915,"{'time_exit_bars': 2, 'atr': 6.951549602790927, 'entry_hour_utc': 19, 'exit_reason': 'time_exit', 'signal_time': Timestamp('2020-08-17 19:00:00+0000', tz='UTC')}"
2020-08-18 20:00:00+00:00,2020-08-19 00:00:00+00:00,1,2003.695,2004.925,1975.6518294832508,,0.18,29.340000000000327,0.05812466885748463,"{'time_exit_bars': 2, 'atr': 9.299390172249684, 'entry_hour_utc': 19, 'exit_reason': 'time_exit', 'signal_time': Timestamp('2020-08-18 19:00:00+0000', tz='UTC')}"
2020-08-19 20:00:00+00:00,2020-08-20 00:00:00+00:00,1,1940.245,1927.435,1902.7496231321556,,0.13,-150.9299999999993,-0.3096381732852136,"{'time_exit_bars': 2, 'atr': 12.44012562261476, 'entry_hour_utc': 19, 'exit_reason': 'time_exit', 'signal_time': Timestamp('2020-08-19 19:00:00+0000', tz='UTC')}"
2020-08-20 20:00:00+00:00,2020-08-21 00:00:00+00:00,1,1952.705,1952.665,1919.32865136444,,0.15,5.400000000000546,0.010786081003974303,"{'time_exit_bars': 2, 'atr': 11.08378287852, 'entry_hour_utc': 19, 'exit_reason': 'time_exit', 'signal_time': Timestamp('2020-08-20 19:00:00+0000', tz='UTC')}"
2020-08-21 20:00:00+00:00,2020-08-24 00:00:00+00:00,1,1938.315,1934.945,1907.9005007918151,,0.16,-34.72000000000189,-0.07134754990199361,"{'time_exit_bars': 2, 'atr': 10.099833069394984, 'entry_hour_utc': 19, 'exit_reason': 'time_exit', 'signal_time': Timestamp('2020-08-21 19:00:00+0000', tz='UTC')}"
2020-08-24 20:00:00+00:00,2020-08-25 00:00:00+00:00,1,1927.235,1929.505,1904.9869421449077,,0.22,58.7400000000046,0.1200104754037709,"{'time_exit_bars': 2, 'atr': 7.347685951697431, 'entry_hour_utc': 19, 'exit_reason': 'time_exit', 'signal_time': Timestamp('2020-08-24 19:00:00+0000', tz='UTC')}"
2020-08-25 20:00:00+00:00,2020-08-26 00:00:00+00:00,1,1929.345,1929.435,1909.648020709377,,0.25,12.249999999997954,0.02487691096031107,"{'time_exit_bars': 2, 'atr': 6.527326430207641, 'entry_hour_utc': 19, 'exit_reason': 'time_exit', 'signal_time': Timestamp('2020-08-25 19:00:00+0000', tz='UTC')}"
2020-08-26 20:00:00+00:00,2020-08-27 00:00:00+00:00,1,1952.365,1953.255,1927.7798689148974,,0.2,41.800000000002,0.08501073241242707,"{'time_exit_bars': 2, 'atr': 8.136710361700878, 'entry_hour_utc': 19, 'exit_reason': 'time_exit', 'signal_time': Timestamp('2020-08-26 19:00:00+0000', tz='UTC')}"
2020-08-27 20:00:00+00:00,2020-08-28 00:00:00+00:00,1,1929.915,1927.7350000000001,1897.2741094843027,,0.15,-26.699999999997544,-0.054532825908772925,"{'time_exit_bars': 2, 'atr': 10.848630171899073, 'entry_hour_utc': 19, 'exit_reason': 'time_exit', 'signal_time': Timestamp('2020-08-27 19:00:00+0000', tz='UTC')}"
2020-08-28 20:00:00+00:00,2020-08-31 00:00:00+00:00,1,1963.555,1972.9950000000001,1938.9595034156157,,0.2,212.8000000000011,0.4325995193264514,"{'time_exit_bars': 2, 'atr': 8.150165528128138, 'entry_hour_utc': 19, 'exit_reason': 'time_exit', 'signal_time': Timestamp('2020-08-28 19:00:00+0000', tz='UTC')}"
2020-08-31 20:00:00+00:00,2020-09-01 00:00:00+00:00,1,1967.945,1967.655,1949.773945633569,,0.28,3.0800000000010197,0.006053583781205846,"{'time_exit_bars': 2, 'atr': 5.998684788810342, 'entry_hour_utc': 19, 'exit_reason': 'time_exit', 'signal_time': Timestamp('2020-08-31 19:00:00+0000', tz='UTC')}"
2020-09-01 20:00:00+00:00,2020-09-02 00:00:00+00:00,1,1970.2949999999998,1972.295,1948.6959796526637,,0.23,55.20000000000523,0.11111615070524371,"{'time_exit_bars': 2, 'atr': 7.121340115778726, 'entry_hour_utc': 19, 'exit_reason': 'time_exit', 'signal_time': Timestamp('2020-09-01 19:00:00+0000', tz='UTC')}"
2020-09-02 20:00:00+00:00,2020-09-03 00:00:00+00:00,1,1943.925,1944.405,1918.6598823154575,,0.2,33.600000000000364,0.06649484166178508,"{'time_exit_bars': 2, 'atr': 8.360039228180835, 'entry_hour_utc': 19, 'exit_reason': 'time_exit', 'signal_time': Timestamp('2020-09-02 19:00:00+0000', tz='UTC')}"
2020-09-03 20:00:00+00:00,2020-09-04 00:00:00+00:00,1,1929.335,1927.7350000000001,1903.8567510839978,,0.2,-23.99999999999818,-0.04709899820651405,"{'time_exit_bars': 2, 'atr': 8.434416305334096, 'entry_hour_utc': 19, 'exit_reason': 'time_exit', 'signal_time': Timestamp('2020-09-03 19:00:00+0000', tz='UTC')}"
2020-09-04 20:00:00+00:00,2020-09-07 00:00:00+00:00,1,1934.995,1934.145,1911.331367639387,,0.21,7.350000000001909,0.014790628702576187,"{'time_exit_bars': 2, 'atr': 7.822877453537623, 'entry_hour_utc': 19, 'exit_reason': 'time_exit', 'signal_time': Timestamp('2020-09-04 19:00:00+0000', tz='UTC')}"
2020-09-08 20:00:00+00:00,2020-09-09 00:00:00+00:00,1,1931.0049999999999,1930.105,1907.5125934652544,,0.21,-10.499999999997135,-0.021283472992022334,"{'time_exit_bars': 2, 'atr': 7.785802178248455, 'entry_hour_utc': 19, 'exit_reason': 'time_exit', 'signal_time': Timestamp('2020-09-08 19:00:00+0000', tz='UTC')}"
2020-09-09 20:00:00+00:00,2020-09-10 00:00:00+00:00,1,1948.555,1947.265,1929.912242049178,,0.27,-2.429999999999019,-0.004827611892906405,"{'time_exit_bars': 2, 'atr': 6.15591931694065, 'entry_hour_utc': 19, 'exit_reason': 'time_exit', 'signal_time': Timestamp('2020-09-09 19:00:00+0000', tz='UTC')}"
2020-09-10 20:00:00+00:00,2020-09-11 00:00:00+00:00,1,1942.825,1943.825,1922.6525971613655,,0.25,35.0,0.06940174708977635,"{'time_exit_bars': 2, 'atr': 6.712467612878159, 'entry_hour_utc': 19, 'exit_reason': 'time_exit', 'signal_time': Timestamp('2020-09-10 19:00:00+0000', tz='UTC')}"
2020-09-11 20:00:00+00:00,2020-09-14 00:00:00+00:00,1,1942.5149999999999,1942.635,1927.0547731294464,,0.32,42.24000000000378,0.08538037708322858,"{'time_exit_bars': 2, 'atr': 5.085075623517873, 'entry_hour_utc': 19, 'exit_reason': 'time_exit', 'signal_time': Timestamp('2020-09-11 19:00:00+0000', tz='UTC')}"
2020-09-14 20:00:00+00:00,2020-09-15 00:00:00+00:00,1,1957.7949999999998,1957.105,1944.308602820944,,0.37,-10.729999999993607,-0.02150314840572799,"{'time_exit_bars': 2, 'atr': 4.477132393018617, 'entry_hour_utc': 19, 'exit_reason': 'time_exit', 'signal_time': Timestamp('2020-09-14 19:00:00+0000', tz='UTC')}"
2020-09-15 20:00:00+00:00,2020-09-16 00:00:00+00:00,1,1953.835,1953.685,1937.1103913441677,,0.3,7.4999999999972715,0.014948032874462966,"{'time_exit_bars': 2, 'atr': 5.483202885277405, 'entry_hour_utc': 19, 'exit_reason': 'time_exit', 'signal_time': Timestamp('2020-09-15 19:00:00+0000', tz='UTC')}"
2020-09-16 20:00:00+00:00,2020-09-17 00:00:00+00:00,1,1958.595,1959.7350000000001,1939.8156915153868,,0.27,63.18000000000271,0.1246052271795509,"{'time_exit_bars': 2, 'atr': 6.2014361615377585, 'entry_hour_utc': 19, 'exit_reason': 'time_exit', 'signal_time': Timestamp('2020-09-16 19:00:00+0000', tz='UTC')}"
2020-09-17 20:00:00+00:00,2020-09-18 00:00:00+00:00,1,1948.225,1946.9850000000001,1928.905044033258,,0.26,-21.839999999994326,-0.04347835996343835,"{'time_exit_bars': 2, 'atr': 6.421651988914024, 'entry_hour_utc': 19, 'exit_reason': 'time_exit', 'signal_time': Timestamp('2020-09-17 19:00:00+0000', tz='UTC')}"
2020-09-18 20:00:00+00:00,2020-09-21 00:00:00+00:00,1,1950.815,1948.315,1937.0709264661198,,0.37,-48.1,-0.09458622269412283,"{'time_exit_bars': 2, 'atr': 4.55635784462678, 'entry_hour_utc': 19, 'exit_reason': 'time_exit', 'signal_time': Timestamp('2020-09-18 19:00:00+0000', tz='UTC')}"
2020-09-21 20:00:00+00:00,2020-09-22 00:00:00+00:00,1,1911.2649999999999,1916.9750000000001,1885.566769135575,,0.19,116.090000000005,0.23775955754442948,"{'time_exit_bars': 2, 'atr': 8.531076954808384, 'entry_hour_utc': 19, 'exit_reason': 'time_exit', 'signal_time': Timestamp('2020-09-21 19:00:00+0000', tz='UTC')}"
2020-09-22 20:00:00+00:00,2020-09-23 00:00:00+00:00,1,1902.635,1904.075,1878.4976104809116,,0.21,38.640000000001145,0.07623028159465797,"{'time_exit_bars': 2, 'atr': 7.987463173029487, 'entry_hour_utc': 19, 'exit_reason': 'time_exit', 'signal_time': Timestamp('2020-09-22 19:00:00+0000', tz='UTC')}"
2020-09-23 20:00:00+00:00,2020-09-24 00:00:00+00:00,1,1862.2949999999998,1854.845,1836.997808170384,,0.2,-124.99999999999639,-0.24706299584931857,"{'time_exit_bars': 2, 'atr': 8.367397276538671, 'entry_hour_utc': 19, 'exit_reason': 'time_exit', 'signal_time': Timestamp('2020-09-23 19:00:00+0000', tz='UTC')}"
2020-09-24 20:00:00+00:00,2020-09-25 00:00:00+00:00,1,1868.955,1867.575,1844.2000686363674,,0.2,-19.599999999997635,-0.03958807179080286,"{'time_exit_bars': 2, 'atr': 8.1366437878775, 'entry_hour_utc': 19, 'exit_reason': 'time_exit', 'signal_time': Timestamp('2020-09-24 19:00:00+0000', tz='UTC')}"
2020-09-25 20:00:00+00:00,2020-09-28 00:00:00+00:00,1,1862.935,1862.4650000000001,1843.1433231702458,,0.25,18.250000000005002,0.03688419158616936,"{'time_exit_bars': 2, 'atr': 6.572225609918062, 'entry_hour_utc': 19, 'exit_reason': 'time_exit', 'signal_time': Timestamp('2020-09-25 19:00:00+0000', tz='UTC')}"
2020-09-28 20:00:00+00:00,2020-09-29 00:00:00+00:00,1,1881.435,1882.535,1862.700730605445,,0.27,40.50000000000368,0.08006717360625246,"{'time_exit_bars': 2, 'atr': 6.1864231315183495, 'entry_hour_utc': 19, 'exit_reason': 'time_exit', 'signal_time': Timestamp('2020-09-28 19:00:00+0000', tz='UTC')}"
2020-09-29 20:00:00+00:00,2020-09-30 00:00:00+00:00,1,1897.685,1896.665,1881.4159298288766,,0.31,-19.219999999999438,-0.038109123230683925,"{'time_exit_bars': 2, 'atr': 5.351356723707788, 'entry_hour_utc': 19, 'exit_reason': 'time_exit', 'signal_time': Timestamp('2020-09-29 19:00:00+0000', tz='UTC')}"
2020-09-30 20:00:00+00:00,2020-10-01 00:00:00+00:00,1,1886.575,1887.545,1864.8568435717684,,0.23,49.91000000000063,0.09991639977227648,"{'time_exit_bars': 2, 'atr': 7.154385476077137, 'entry_hour_utc': 19, 'exit_reason': 'time_exit', 'signal_time': Timestamp('2020-09-30 19:00:00+0000', tz='UTC')}"
2020-10-01 20:00:00+00:00,2020-10-02 00:00:00+00:00,1,1904.0349999999999,1903.095,1886.8188871664868,,0.29,-15.659999999994989,-0.03136596543144496,"{'time_exit_bars': 2, 'atr': 5.690370944504429, 'entry_hour_utc': 19, 'exit_reason': 'time_exit', 'signal_time': Timestamp('2020-10-01 19:00:00+0000', tz='UTC')}"
2020-10-02 20:00:00+00:00,2020-10-05 00:00:00+00:00,1,1901.7949999999998,1902.825,1881.099830288347,,0.24,53.5200000000048,0.1077546128430419,"{'time_exit_bars': 2, 'atr': 6.840056570550948, 'entry_hour_utc': 19, 'exit_reason': 'time_exit', 'signal_time': Timestamp('2020-10-02 19:00:00+0000', tz='UTC')}"
2020-10-05 20:00:00+00:00,2020-10-06 00:00:00+00:00,1,1911.095,1912.515,1897.2892107959906,,0.37,67.34000000000269,0.13182875481479267,"{'time_exit_bars': 2, 'atr': 4.550263068003124, 'entry_hour_utc': 19, 'exit_reason': 'time_exit', 'signal_time': Timestamp('2020-10-05 19:00:00+0000', tz='UTC')}"
2020-10-06 20:00:00+00:00,2020-10-07 00:00:00+00:00,1,1887.985,1879.845,1869.1609477622526,,0.27,-208.97999999999658,-0.41117607953079743,"{'time_exit_bars': 2, 'atr': 6.2163507459158085, 'entry_hour_utc': 19, 'exit_reason': 'time_exit', 'signal_time': Timestamp('2020-10-06 19:00:00+0000', tz='UTC')}"
2020-10-07 20:00:00+00:00,2020-10-08 00:00:00+00:00,1,1887.325,1886.885,1871.5364428538492,,0.32,24.319999999998252,0.04813612751088069,"{'time_exit_bars': 2, 'atr': 5.154519048716914, 'entry_hour_utc': 19, 'exit_reason': 'time_exit', 'signal_time': Timestamp('2020-10-07 19:00:00+0000', tz='UTC')}"
2020-10-08 20:00:00+00:00,2020-10-09 00:00:00+00:00,1,1894.385,1895.145,1879.0080593000682,,0.33,38.2799999999997,0.07543763240272744,"{'time_exit_bars': 2, 'atr': 5.103980233310542, 'entry_hour_utc': 19, 'exit_reason': 'time_exit', 'signal_time': Timestamp('2020-10-08 19:00:00+0000', tz='UTC')}"
2020-10-09 20:00:00+00:00,2020-10-12 00:00:00+00:00,1,1929.0049999999999,1928.905,1913.2646320025563,,0.32,35.20000000000291,0.06988400780583659,"{'time_exit_bars': 2, 'atr': 5.18845599914789, 'entry_hour_utc': 19, 'exit_reason': 'time_exit', 'signal_time': Timestamp('2020-10-09 19:00:00+0000', tz='UTC')}"
2020-10-12 20:00:00+00:00,2020-10-13 00:00:00+00:00,1,1923.5349999999999,1924.855,1909.5025010106863,,0.36,61.92000000000589,0.12257260815126558,"{'time_exit_bars': 2, 'atr': 4.619166329771191, 'entry_hour_utc': 19, 'exit_reason': 'time_exit', 'signal_time': Timestamp('2020-10-12 19:00:00+0000', tz='UTC')}"
2020-10-13 20:00:00+00:00,2020-10-14 00:00:00+00:00,1,1893.215,1893.2250000000001,1875.438055866922,,0.28,11.480000000006113,0.02306358150933958,"{'time_exit_bars': 2, 'atr': 5.867314711026014, 'entry_hour_utc': 19, 'exit_reason': 'time_exit', 'signal_time': Timestamp('2020-10-13 19:00:00+0000', tz='UTC')}"
2020-10-14 20:00:00+00:00,2020-10-15 00:00:00+00:00,1,1899.825,1898.035,1883.3430423840196,,0.31,-18.28999999999887,-0.03579671867545117,"{'time_exit_bars': 2, 'atr': 5.442319205326872, 'entry_hour_utc': 19, 'exit_reason': 'time_exit', 'signal_time': Timestamp('2020-10-14 19:00:00+0000', tz='UTC')}"
2020-10-15 20:00:00+00:00,2020-10-16 00:00:00+00:00,1,1906.7649999999999,1906.2050000000002,1889.123887635307,,0.28,-4.4799999999921045,-0.009069722854888908,"{'time_exit_bars': 2, 'atr': 5.822037454897619, 'entry_hour_utc': 19, 'exit_reason': 'time_exit', 'signal_time': Timestamp('2020-10-15 19:00:00+0000', tz='UTC')}"
2020-10-16 20:00:00+00:00,2020-10-19 00:00:00+00:00,1,1899.625,1900.545,1885.6869018476038,,0.36,76.32000000000262,0.15210109563158844,"{'time_exit_bars': 2, 'atr': 4.5876993841320735, 'entry_hour_utc': 19, 'exit_reason': 'time_exit', 'signal_time': Timestamp('2020-10-16 19:00:00+0000', tz='UTC')}"
2020-10-19 20:00:00+00:00,2020-10-20 00:00:00+00:00,1,1900.965,1902.815,1887.7541696301075,,0.38,85.50000000000519,0.17031480512594485,"{'time_exit_bars': 2, 'atr': 4.34527678996417, 'entry_hour_utc': 19, 'exit_reason': 'time_exit', 'signal_time': Timestamp('2020-10-19 19:00:00+0000', tz='UTC')}"
2020-10-20 20:00:00+00:00,2020-10-21 00:00:00+00:00,1,1909.935,1910.585,1894.1581013650775,,0.32,33.60000000000291,0.06655300412946173,"{'time_exit_bars': 2, 'atr': 5.200632878307481, 'entry_hour_utc': 19, 'exit_reason': 'time_exit', 'signal_time': Timestamp('2020-10-20 19:00:00+0000', tz='UTC')}"
2020-10-21 20:00:00+00:00,2020-10-22 00:00:00+00:00,1,1924.645,1921.195,1910.4185207189394,,0.35,-78.75000000000158,-0.15815578510667905,"{'time_exit_bars': 2, 'atr': 4.673826427020216, 'entry_hour_utc': 19, 'exit_reason': 'time_exit', 'signal_time': Timestamp('2020-10-21 19:00:00+0000', tz='UTC')}"
2020-10-22 20:00:00+00:00,2020-10-23 00:00:00+00:00,1,1905.2749999999999,1904.825,1891.3514865617217,,0.36,-1.799999999993453,-0.0035910476347413424,"{'time_exit_bars': 2, 'atr': 4.56950447942611, 'entry_hour_utc': 19, 'exit_reason': 'time_exit', 'signal_time': Timestamp('2020-10-22 19:00:00+0000', tz='UTC')}"
2020-10-23 20:00:00+00:00,2020-10-25 23:00:00+00:00,1,1903.845,1898.275,1891.0489813661825,,0.39,-186.0299999999975,-0.3727721986426073,"{'time_exit_bars': 2, 'atr': 4.207006211272503, 'entry_hour_utc': 19, 'exit_reason': 'time_exit', 'signal_time': Timestamp('2020-10-23 19:00:00+0000', tz='UTC')}"
2020-10-26 21:00:00+00:00,2020-10-27 00:00:00+00:00,1,1902.235,1904.9950000000001,1889.505302876565,,0.4,126.40000000000873,0.24823842777710733,"{'time_exit_bars': 2, 'atr': 4.058232374478301, 'entry_hour_utc': 19, 'exit_reason': 'time_exit', 'signal_time': Timestamp('2020-10-26 19:00:00+0000', tz='UTC')}"
2020-10-27 21:00:00+00:00,2020-10-28 00:00:00+00:00,1,1907.925,1906.435,1897.5672516194886,,0.49,-53.410000000000444,-0.10523522680381991,"{'time_exit_bars': 2, 'atr': 3.260916126837065, 'entry_hour_utc': 19, 'exit_reason': 'time_exit', 'signal_time': Timestamp('2020-10-27 19:00:00+0000', tz='UTC')}"
2020-10-28 21:00:00+00:00,2020-10-29 00:00:00+00:00,1,1877.875,1878.175,1860.9428509446,,0.3,44.999999999998636,0.08858887286499358,"{'time_exit_bars': 2, 'atr': 5.289049685133328, 'entry_hour_utc': 19, 'exit_reason': 'time_exit', 'signal_time': Timestamp('2020-10-28 19:00:00+0000', tz='UTC')}"
2020-10-29 21:00:00+00:00,2020-10-30 00:00:00+00:00,1,1869.2749999999999,1866.915,1851.9500910627162,,0.29,-56.8399999999971,-0.11313190776904612,"{'time_exit_bars': 2, 'atr': 5.053302979094595, 'entry_hour_utc': 19, 'exit_reason': 'time_exit', 'signal_time': Timestamp('2020-10-29 19:00:00+0000', tz='UTC')}"
2020-11-01 22:00:00+00:00,2020-11-02 01:00:00+00:00,1,1879.445,1881.045,1862.463103005285,,0.3,60.00000000000409,0.11777247268797819,"{'time_exit_bars': 2, 'atr': 5.3022989982383635, 'entry_hour_utc': 19, 'exit_reason': 'time_exit', 'signal_time': Timestamp('2020-10-30 19:00:00+0000', tz='UTC')}"
2020-11-02 20:00:00+00:00,2020-11-03 00:00:00+00:00,1,1895.635,1893.265,1883.4919228024144,,0.42,-82.73999999999542,-0.16223235411791506,"{'time_exit_bars': 2, 'atr': 3.976025732528555, 'entry_hour_utc': 19, 'exit_reason': 'time_exit', 'signal_time': Timestamp('2020-11-02 19:00:00+0000', tz='UTC')}"
2020-11-03 20:00:00+00:00,2020-11-04 00:00:00+00:00,1,1906.355,1899.635,1892.2569543767372,,0.36,-227.52000000000098,-0.4482890869335509,"{'time_exit_bars': 2, 'atr': 4.617681874420915, 'entry_hour_utc': 19, 'exit_reason': 'time_exit', 'signal_time': Timestamp('2020-11-03 19:00:00+0000', tz='UTC')}"
2020-11-04 20:00:00+00:00,2020-11-05 00:00:00+00:00,1,1904.915,1904.655,1877.9226791425128,,0.18,16.920000000000165,0.034824719406789065,"{'time_exit_bars': 2, 'atr': 8.912440285829051, 'entry_hour_utc': 19, 'exit_reason': 'time_exit', 'signal_time': Timestamp('2020-11-04 19:00:00+0000', tz='UTC')}"
2020-11-05 20:00:00+00:00,2020-11-06 00:00:00+00:00,1,1949.355,1942.115,1930.3657170494969,,0.26,-177.84000000000026,-0.3602031744868375,"{'time_exit_bars': 2, 'atr': 6.22809431683437, 'entry_hour_utc': 19, 'exit_reason': 'time_exit', 'signal_time': Timestamp('2020-11-05 19:00:00+0000', tz='UTC')}"
2020-11-06 20:00:00+00:00,2020-11-09 00:00:00+00:00,1,1952.555,1953.805,1933.3001054872439,,0.26,63.7,0.12724037508369082,"{'time_exit_bars': 2, 'atr': 6.366631504252053, 'entry_hour_utc': 19, 'exit_reason': 'time_exit', 'signal_time': Timestamp('2020-11-06 19:00:00+0000', tz='UTC')}"
2020-11-09 20:00:00+00:00,2020-11-10 00:00:00+00:00,1,1865.655,1873.405,1829.7463162245322,,0.14,114.10000000000001,0.22696459861800727,"{'time_exit_bars': 2, 'atr': 11.91456125848928, 'entry_hour_utc': 19, 'exit_reason': 'time_exit', 'signal_time': Timestamp('2020-11-09 19:00:00+0000', tz='UTC')}"
2020-11-10 20:00:00+00:00,2020-11-11 00:00:00+00:00,1,1872.875,1878.7250000000001,1852.9982290714859,,0.25,156.2500000000034,0.3144373913890725,"{'time_exit_bars': 2, 'atr': 6.593923642838012, 'entry_hour_utc': 19, 'exit_reason': 'time_exit', 'signal_time': Timestamp('2020-11-10 19:00:00+0000', tz='UTC')}"
2020-11-11 20:00:00+00:00,2020-11-12 00:00:00+00:00,1,1863.935,1865.005,1846.8458459857286,,0.29,65.83000000000474,0.13283278962226341,"{'time_exit_bars': 2, 'atr': 5.638051338090449, 'entry_hour_utc': 19, 'exit_reason': 'time_exit', 'signal_time': Timestamp('2020-11-11 19:00:00+0000', tz='UTC')}"
2020-11-12 20:00:00+00:00,2020-11-13 00:00:00+00:00,1,1875.7749999999999,1877.545,1861.36220200687,,0.35,75.95000000000732,0.15056063375304124,"{'time_exit_bars': 2, 'atr': 4.745932664376668, 'entry_hour_utc': 19, 'exit_reason': 'time_exit', 'signal_time': Timestamp('2020-11-12 19:00:00+0000', tz='UTC')}"
2020-11-13 20:00:00+00:00,2020-11-16 00:00:00+00:00,1,1888.305,1889.2050000000002,1875.9190687341159,,0.41,86.10000000000372,0.16954720278355875,"{'time_exit_bars': 2, 'atr': 4.076977088628053, 'entry_hour_utc': 19, 'exit_reason': 'time_exit', 'signal_time': Timestamp('2020-11-13 19:00:00+0000', tz='UTC')}"
2020-11-16 20:00:00+00:00,2020-11-17 00:00:00+00:00,1,1887.675,1888.255,1868.6593690726759,,0.26,25.48000000000402,0.051536549260217585,"{'time_exit_bars': 2, 'atr': 6.280210309108041, 'entry_hour_utc': 19, 'exit_reason': 'time_exit', 'signal_time': Timestamp('2020-11-16 19:00:00+0000', tz='UTC')}"
2020-11-17 20:00:00+00:00,2020-11-18 00:00:00+00:00,1,1881.385,1881.025,1867.5321533279077,,0.36,1.440000000003602,0.0028874931591268875,"{'time_exit_bars': 2, 'atr': 4.559282224030804, 'entry_hour_utc': 19, 'exit_reason': 'time_exit', 'signal_time': Timestamp('2020-11-17 19:00:00+0000', tz='UTC')}"
2020-11-18 20:00:00+00:00,2020-11-19 00:00:00+00:00,1,1870.405,1869.2150000000001,1854.7492605068892,,0.32,0.3200000000055283,0.0006387433825513767,"{'time_exit_bars': 2, 'atr': 5.166913164370295, 'entry_hour_utc': 19, 'exit_reason': 'time_exit', 'signal_time': Timestamp('2020-11-18 19:00:00+0000', tz='UTC')}"
2020-11-19 20:00:00+00:00,2020-11-20 00:00:00+00:00,1,1866.7949999999998,1862.885,1850.18206580193,,0.3,-105.29999999999563,-0.21128115949605578,"{'time_exit_bars': 2, 'atr': 5.482644732690039, 'entry_hour_utc': 19, 'exit_reason': 'time_exit', 'signal_time': Timestamp('2020-11-19 19:00:00+0000', tz='UTC')}"
2020-11-20 20:00:00+00:00,2020-11-23 00:00:00+00:00,1,1873.0349999999999,1873.085,1861.2955426217497,,0.43,53.75000000000782,0.1064785159760517,"{'time_exit_bars': 2, 'atr': 3.8514857927500215, 'entry_hour_utc': 19, 'exit_reason': 'time_exit', 'signal_time': Timestamp('2020-11-20 19:00:00+0000', tz='UTC')}"
2020-11-23 20:00:00+00:00,2020-11-24 00:00:00+00:00,1,1836.305,1834.635,1820.404707972709,,0.32,-40.64000000000233,-0.07987274685397378,"{'time_exit_bars': 2, 'atr': 5.241764009096993, 'entry_hour_utc': 19, 'exit_reason': 'time_exit', 'signal_time': Timestamp('2020-11-23 19:00:00+0000', tz='UTC')}"
2020-11-24 20:00:00+00:00,2020-11-25 00:00:00+00:00,1,1807.5449999999998,1806.305,1789.7447763115815,,0.28,-23.519999999993885,-0.04719041820504343,"{'time_exit_bars': 2, 'atr': 5.891741229472874, 'entry_hour_utc': 19, 'exit_reason': 'time_exit', 'signal_time': Timestamp('2020-11-24 19:00:00+0000', tz='UTC')}"
2020-11-25 20:00:00+00:00,2020-11-26 00:00:00+00:00,1,1806.855,1808.865,1793.1026414389944,,0.37,118.76999999999967,0.2334145074650573,"{'time_exit_bars': 2, 'atr': 4.522452853668561, 'entry_hour_utc': 19, 'exit_reason': 'time_exit', 'signal_time': Timestamp('2020-11-25 19:00:00+0000', tz='UTC')}"
2020-11-30 20:00:00+00:00,2020-12-01 00:00:00+00:00,1,1776.695,1777.9650000000001,1754.3304513890364,,0.22,36.7400000000046,0.07467175077173444,"{'time_exit_bars': 2, 'atr': 7.396516203654528, 'entry_hour_utc': 19, 'exit_reason': 'time_exit', 'signal_time': Timestamp('2020-11-30 19:00:00+0000', tz='UTC')}"
2020-12-01 20:00:00+00:00,2020-12-02 00:00:00+00:00,1,1814.595,1813.895,1799.516732084155,,0.33,-9.900000000001503,-0.019896184473867064,"{'time_exit_bars': 2, 'atr': 4.967755971948358, 'entry_hour_utc': 19, 'exit_reason': 'time_exit', 'signal_time': Timestamp('2020-12-01 19:00:00+0000', tz='UTC')}"
2020-12-02 20:00:00+00:00,2020-12-03 00:00:00+00:00,1,1828.475,1828.565,1811.5195337043344,,0.3,38.700000000004366,0.07608165871144007,"{'time_exit_bars': 2, 'atr': 5.590155431888489, 'entry_hour_utc': 19, 'exit_reason': 'time_exit', 'signal_time': Timestamp('2020-12-02 19:00:00+0000', tz='UTC')}"
2020-12-03 20:00:00+00:00,2020-12-04 00:00:00+00:00,1,1842.415,1841.135,1824.4200061756792,,0.28,-24.639999999999233,-0.048902489691917884,"{'time_exit_bars': 2, 'atr': 5.939997941440242, 'entry_hour_utc': 19, 'exit_reason': 'time_exit', 'signal_time': Timestamp('2020-12-03 19:00:00+0000', tz='UTC')}"
2020-12-04 20:00:00+00:00,2020-12-07 00:00:00+00:00,1,1836.815,1836.695,1821.2894655354592,,0.32,34.559999999996215,0.06956282261757346,"{'time_exit_bars': 2, 'atr': 5.106844821513578, 'entry_hour_utc': 19, 'exit_reason': 'time_exit', 'signal_time': Timestamp('2020-12-04 19:00:00+0000', tz='UTC')}"
2020-12-07 20:00:00+00:00,2020-12-08 00:00:00+00:00,1,1864.085,1863.585,1845.7354397375882,,0.27,-2.6999999999999993,-0.005449721877250921,"{'time_exit_bars': 2, 'atr': 6.058186754137296, 'entry_hour_utc': 19, 'exit_reason': 'time_exit', 'signal_time': Timestamp('2020-12-07 19:00:00+0000', tz='UTC')}"
2020-12-08 20:00:00+00:00,2020-12-09 00:00:00+00:00,1,1870.735,1867.635,1856.2359647447067,,0.35,-94.4999999999968,-0.1862192864876454,"{'time_exit_bars': 2, 'atr': 4.7746784184310735, 'entry_hour_utc': 19, 'exit_reason': 'time_exit', 'signal_time': Timestamp('2020-12-08 19:00:00+0000', tz='UTC')}"
2020-12-09 20:00:00+00:00,2020-12-10 00:00:00+00:00,1,1838.225,1835.615,1814.6755209497637,,0.21,-29.609999999997893,-0.059873935936844355,"{'time_exit_bars': 2, 'atr': 7.788159683412051, 'entry_hour_utc': 19, 'exit_reason': 'time_exit', 'signal_time': Timestamp('2020-12-09 19:00:00+0000', tz='UTC')}"
2020-12-10 20:00:00+00:00,2020-12-11 00:00:00+00:00,1,1835.715,1837.005,1817.413691584714,,0.27,45.630000000005154,0.09234312441774004,"{'time_exit_bars': 2, 'atr': 6.0254361384287085, 'entry_hour_utc': 19, 'exit_reason': 'time_exit', 'signal_time': Timestamp('2020-12-10 19:00:00+0000', tz='UTC')}"
2020-12-11 20:00:00+00:00,2020-12-14 00:00:00+00:00,1,1839.5049999999999,1835.535,1824.612339230465,,0.34,-94.17999999999321,-0.18599765635340687,"{'time_exit_bars': 2, 'atr': 4.9058869231782545, 'entry_hour_utc': 19, 'exit_reason': 'time_exit', 'signal_time': Timestamp('2020-12-11 19:00:00+0000', tz='UTC')}"
2020-12-14 20:00:00+00:00,2020-12-15 00:00:00+00:00,1,1828.345,1826.405,1811.962701725578,,0.31,-47.74000000000169,-0.09400390434866403,"{'time_exit_bars': 2, 'atr': 5.4024327581407325, 'entry_hour_utc': 19, 'exit_reason': 'time_exit', 'signal_time': Timestamp('2020-12-14 19:00:00+0000', tz='UTC')}"
2020-12-15 20:00:00+00:00,2020-12-16 00:00:00+00:00,1,1854.5249999999999,1851.685,1840.5046044855885,,0.36,-87.83999999999705,-0.1740321802970451,"{'time_exit_bars': 2, 'atr': 4.615131838137149, 'entry_hour_utc': 19, 'exit_reason': 'time_exit', 'signal_time': Timestamp('2020-12-15 19:00:00+0000', tz='UTC')}"
2020-12-16 20:00:00+00:00,2020-12-17 00:00:00+00:00,1,1864.475,1865.265,1846.090702919808,,0.27,53.73000000000516,0.1082445519303711,"{'time_exit_bars': 2, 'atr': 6.069765693397316, 'entry_hour_utc': 19, 'exit_reason': 'time_exit', 'signal_time': Timestamp('2020-12-16 19:00:00+0000', tz='UTC')}"
2020-12-17 20:00:00+00:00,2020-12-18 00:00:00+00:00,1,1884.485,1882.375,1866.7134484183355,,0.28,-47.879999999997196,-0.0962211989280762,"{'time_exit_bars': 2, 'atr': 5.865517193888173, 'entry_hour_utc': 19, 'exit_reason': 'time_exit', 'signal_time': Timestamp('2020-12-17 19:00:00+0000', tz='UTC')}"
2020-12-18 20:00:00+00:00,2020-12-21 00:00:00+00:00,1,1881.315,1888.535,1867.9570801228656,,0.38,319.96000000000106,0.6303376631576475,"{'time_exit_bars': 2, 'atr': 4.400973292378147, 'entry_hour_utc': 19, 'exit_reason': 'time_exit', 'signal_time': Timestamp('2020-12-18 19:00:00+0000', tz='UTC')}"
2020-12-21 20:00:00+00:00,2020-12-22 00:00:00+00:00,1,1875.675,1879.135,1849.7937264248421,,0.19,73.34000000000069,0.14914258329640556,"{'time_exit_bars': 2, 'atr': 8.568757858385961, 'entry_hour_utc': 19, 'exit_reason': 'time_exit', 'signal_time': Timestamp('2020-12-21 19:00:00+0000', tz='UTC')}"
2020-12-22 20:00:00+00:00,2020-12-23 00:00:00+00:00,1,1861.565,1863.925,1843.4237968647735,,0.28,77.27999999999722,0.15213985419966666,"{'time_exit_bars': 2, 'atr': 5.972067711742123, 'entry_hour_utc': 19, 'exit_reason': 'time_exit', 'signal_time': Timestamp('2020-12-22 19:00:00+0000', tz='UTC')}"
2020-12-23 20:00:00+00:00,2020-12-24 00:00:00+00:00,1,1872.625,1873.045,1858.3257002450082,,0.35,56.70000000000255,0.11329226100281867,"{'time_exit_bars': 2, 'atr': 4.741433251663885, 'entry_hour_utc': 19, 'exit_reason': 'time_exit', 'signal_time': Timestamp('2020-12-23 19:00:00+0000', tz='UTC')}"
2020-12-28 20:00:00+00:00,2020-12-29 00:00:00+00:00,1,1873.685,1878.405,1853.3144879153242,,0.25,128.00000000000068,0.25134370597642874,"{'time_exit_bars': 2, 'atr': 6.731837361558592, 'entry_hour_utc': 19, 'exit_reason': 'time_exit', 'signal_time': Timestamp('2020-12-28 19:00:00+0000', tz='UTC')}"
2020-12-29 20:00:00+00:00,2020-12-30 00:00:00+00:00,1,1879.155,1879.625,1864.5656776646,,0.35,30.450000000000948,0.05963265325141431,"{'time_exit_bars': 2, 'atr': 4.808107445133386, 'entry_hour_utc': 19, 'exit_reason': 'time_exit', 'signal_time': Timestamp('2020-12-29 19:00:00+0000', tz='UTC')}"
2020-12-30 20:00:00+00:00,2020-12-31 00:00:00+00:00,1,1893.355,1895.585,1882.6178172838274,,0.47,161.21000000000083,0.3194506502002314,"{'time_exit_bars': 2, 'atr': 3.520727572057564, 'entry_hour_utc': 19, 'exit_reason': 'time_exit', 'signal_time': Timestamp('2020-12-30 19:00:00+0000', tz='UTC')}"
2021-01-04 20:00:00+00:00,2021-01-05 00:00:00+00:00,1,1943.825,1938.355,1924.9229459159237,,0.26,-131.8200000000007,-0.268224817125624,"{'time_exit_bars': 2, 'atr': 6.242351361358781, 'entry_hour_utc': 19, 'exit_reason': 'time_exit', 'signal_time': Timestamp('2021-01-04 19:00:00+0000', tz='UTC')}"
2021-01-05 20:00:00+00:00,2021-01-06 00:00:00+00:00,1,1949.665,1951.9650000000001,1933.8069589334589,,0.31,83.70000000000564,0.17026062605531506,"{'time_exit_bars': 2, 'atr': 5.194347022180383, 'entry_hour_utc': 19, 'exit_reason': 'time_exit', 'signal_time': Timestamp('2021-01-05 19:00:00+0000', tz='UTC')}"
2021-01-06 20:00:00+00:00,2021-01-07 00:00:00+00:00,1,1918.5049999999999,1918.885,1889.1727591753329,,0.17,26.860000000001858,0.05386564256868522,"{'time_exit_bars': 2, 'atr': 9.692413608222342, 'entry_hour_utc': 19, 'exit_reason': 'time_exit', 'signal_time': Timestamp('2021-01-06 19:00:00+0000', tz='UTC')}"
2021-01-07 20:00:00+00:00,2021-01-08 00:00:00+00:00,1,1913.645,1913.065,1894.2444586412762,,0.25,-4.499999999998181,-0.0092780916094894,"{'time_exit_bars': 2, 'atr': 6.458513786241265, 'entry_hour_utc': 19, 'exit_reason': 'time_exit', 'signal_time': Timestamp('2021-01-07 19:00:00+0000', tz='UTC')}"
2021-01-08 20:00:00+00:00,2021-01-11 00:00:00+00:00,1,1847.975,1841.255,1815.4356817365638,,0.15,-82.799999999997,-0.16964092349170468,"{'time_exit_bars': 2, 'atr': 10.788106087812059, 'entry_hour_utc': 19, 'exit_reason': 'time_exit', 'signal_time': Timestamp('2021-01-08 19:00:00+0000', tz='UTC')}"
2021-01-11 20:00:00+00:00,2021-01-12 00:00:00+00:00,1,1845.325,1844.835,1823.6769386334033,,0.23,-2.070000000000208,-0.004157416152694411,"{'time_exit_bars': 2, 'atr': 7.174353788865601, 'entry_hour_utc': 19, 'exit_reason': 'time_exit', 'signal_time': Timestamp('2021-01-11 19:00:00+0000', tz='UTC')}"
2021-01-12 20:00:00+00:00,2021-01-13 00:00:00+00:00,1,1856.0449999999998,1856.755,1834.6976173963442,,0.23,25.53000000000607,0.0519970068747529,"{'time_exit_bars': 2, 'atr': 6.994127534551938, 'entry_hour_utc': 19, 'exit_reason': 'time_exit', 'signal_time': Timestamp('2021-01-12 19:00:00+0000', tz='UTC')}"
2021-01-13 20:00:00+00:00,2021-01-14 00:00:00+00:00,1,1848.895,1848.7350000000001,1833.5576443953519,,0.32,33.280000000004655,0.06780829934496434,"{'time_exit_bars': 2, 'atr': 5.077451868216056, 'entry_hour_utc': 19, 'exit_reason': 'time_exit', 'signal_time': Timestamp('2021-01-13 19:00:00+0000', tz='UTC')}"
2021-01-14 20:00:00+00:00,2021-01-15 00:00:00+00:00,1,1847.2849999999999,1851.605,1826.6708164659813,,0.24,113.28000000000392,0.22896856391188014,"{'time_exit_bars': 2, 'atr': 6.863061178006217, 'entry_hour_utc': 19, 'exit_reason': 'time_exit', 'signal_time': Timestamp('2021-01-14 19:00:00+0000', tz='UTC')}"
2021-01-15 20:00:00+00:00,2021-01-18 00:00:00+00:00,1,1825.855,1820.9650000000001,1808.3269177357013,,0.28,-103.31999999999644,-0.2105193223285856,"{'time_exit_bars': 2, 'atr': 5.784360754766272, 'entry_hour_utc': 19, 'exit_reason': 'time_exit', 'signal_time': Timestamp('2021-01-15 19:00:00+0000', tz='UTC')}"
2021-01-19 20:00:00+00:00,2021-01-20 00:00:00+00:00,1,1840.375,1843.405,1827.1299312560564,,0.37,126.909999999999,0.2589643033425819,"{'time_exit_bars': 2, 'atr': 4.383356247981242, 'entry_hour_utc': 19, 'exit_reason': 'time_exit', 'signal_time': Timestamp('2021-01-19 19:00:00+0000', tz='UTC')}"
2021-01-20 20:00:00+00:00,2021-01-21 00:00:00+00:00,1,1869.965,1867.835,1851.3498551637178,,0.26,-24.179999999996934,-0.04995932119675235,"{'time_exit_bars': 2, 'atr': 6.143381612094052, 'entry_hour_utc': 19, 'exit_reason': 'time_exit', 'signal_time': Timestamp('2021-01-20 19:00:00+0000', tz='UTC')}"
2021-01-21 20:00:00+00:00,2021-01-22 00:00:00+00:00,1,1869.135,1866.685,1854.1973430075902,,0.33,-67.65000000000151,-0.13723705136901376,"{'time_exit_bars': 2, 'atr': 4.920885664136596, 'entry_hour_utc': 19, 'exit_reason': 'time_exit', 'signal_time': Timestamp('2021-01-21 19:00:00+0000', tz='UTC')}"
2021-01-22 20:00:00+00:00,2021-01-25 00:00:00+00:00,1,1854.495,1858.105,1838.057504755937,,0.3,144.30000000000382,0.29262365881063856,"{'time_exit_bars': 2, 'atr': 5.4141650813542626, 'entry_hour_utc': 19, 'exit_reason': 'time_exit', 'signal_time': Timestamp('2021-01-22 19:00:00+0000', tz='UTC')}"
2021-01-25 20:00:00+00:00,2021-01-26 00:00:00+00:00,1,1856.0249999999999,1854.575,1840.8588542175771,,0.33,-34.649999999993994,-0.0692331469750704,"{'time_exit_bars': 2, 'atr': 4.993715260807567, 'entry_hour_utc': 19, 'exit_reason': 'time_exit', 'signal_time': Timestamp('2021-01-25 19:00:00+0000', tz='UTC')}"
2021-01-26 20:00:00+00:00,2021-01-27 00:00:00+00:00,1,1851.395,1848.835,1838.4014876029544,,0.38,-82.07999999999792,-0.16623680603029817,"{'time_exit_bars': 2, 'atr': 4.302837465681829, 'entry_hour_utc': 19, 'exit_reason': 'time_exit', 'signal_time': Timestamp('2021-01-26 19:00:00+0000', tz='UTC')}"
2021-01-27 20:00:00+00:00,2021-01-28 00:00:00+00:00,1,1840.875,1839.835,1823.411702787529,,0.28,4.4800000000010165,0.00916207277774421,"{'time_exit_bars': 2, 'atr': 5.772765737490334, 'entry_hour_utc': 19, 'exit_reason': 'time_exit', 'signal_time': Timestamp('2021-01-27 19:00:00+0000', tz='UTC')}"
2021-01-28 20:00:00+00:00,2021-01-29 00:00:00+00:00,1,1842.325,1840.395,1823.0735394797236,,0.25,-38.25000000000159,-0.07947448965695914,"{'time_exit_bars': 2, 'atr': 6.365486840092147, 'entry_hour_utc': 19, 'exit_reason': 'time_exit', 'signal_time': Timestamp('2021-01-28 19:00:00+0000', tz='UTC')}"
2021-01-29 20:00:00+00:00,2021-02-01 00:00:00+00:00,1,1841.995,1854.155,1819.463648222148,,0.22,293.9200000000018,0.5929515517632143,"{'time_exit_bars': 2, 'atr': 7.4521172592839555, 'entry_hour_utc': 19, 'exit_reason': 'time_exit', 'signal_time': Timestamp('2021-01-29 19:00:00+0000', tz='UTC')}"
2021-02-01 20:00:00+00:00,2021-02-02 00:00:00+00:00,1,1859.0449999999998,1856.815,1837.9655471930807,,0.23,-42.08999999999519,-0.08681439773422928,"{'time_exit_bars': 2, 'atr': 6.964817602306421, 'entry_hour_utc': 19, 'exit_reason': 'time_exit', 'signal_time': Timestamp('2021-02-01 19:00:00+0000', tz='UTC')}"
2021-02-02 20:00:00+00:00,2021-02-03 00:00:00+00:00,1,1836.0049999999999,1839.115,1817.1388182870762,,0.26,91.26000000000333,0.18604718503244974,"{'time_exit_bars': 2, 'atr': 6.2437272376411945, 'entry_hour_utc': 19, 'exit_reason': 'time_exit', 'signal_time': Timestamp('2021-02-02 19:00:00+0000', tz='UTC')}"
2021-02-03 20:00:00+00:00,2021-02-04 00:00:00+00:00,1,1833.095,1832.675,1820.8085892171841,,0.4,31.199999999997086,0.06348477303809964,"{'time_exit_bars': 2, 'atr': 4.063803594271961, 'entry_hour_utc': 19, 'exit_reason': 'time_exit', 'signal_time': Timestamp('2021-02-03 19:00:00+0000', tz='UTC')}"
2021-02-04 20:00:00+00:00,2021-02-05 00:00:00+00:00,1,1793.675,1794.875,1773.2488817225922,,0.24,38.40000000000109,0.07833108465692758,"{'time_exit_bars': 2, 'atr': 6.757039425802602, 'entry_hour_utc': 19, 'exit_reason': 'time_exit', 'signal_time': Timestamp('2021-02-04 19:00:00+0000', tz='UTC')}"
2021-02-05 20:00:00+00:00,2021-02-08 00:00:00+00:00,1,1811.315,1812.895,1795.7556013823428,,0.32,88.95999999999768,0.17867014454177546,"{'time_exit_bars': 2, 'atr': 5.1214662058857385, 'entry_hour_utc': 19, 'exit_reason': 'time_exit', 'signal_time': Timestamp('2021-02-05 19:00:00+0000', tz='UTC')}"
2021-02-08 20:00:00+00:00,2021-02-09 00:00:00+00:00,1,1829.985,1833.905,1814.6059052231108,,0.32,138.24000000000234,0.28090079830263703,"{'time_exit_bars': 2, 'atr': 5.124698258963117, 'entry_hour_utc': 19, 'exit_reason': 'time_exit', 'signal_time': Timestamp('2021-02-08 19:00:00+0000', tz='UTC')}"
2021-02-09 20:00:00+00:00,2021-02-10 00:00:00+00:00,1,1836.075,1836.395,1820.7216379880515,,0.32,23.039999999997963,0.04689526629018491,"{'time_exit_bars': 2, 'atr': 5.066120670649542, 'entry_hour_utc': 19, 'exit_reason': 'time_exit', 'signal_time': Timestamp('2021-02-09 19:00:00+0000', tz='UTC')}"
2021-02-10 20:00:00+00:00,2021-02-11 00:00:00+00:00,1,1842.635,1839.595,1826.3784416543065,,0.3,-55.19999999999891,-0.1131850888037069,"{'time_exit_bars': 2, 'atr': 5.353852781897853, 'entry_hour_utc': 19, 'exit_reason': 'time_exit', 'signal_time': Timestamp('2021-02-10 19:00:00+0000', tz='UTC')}"
2021-02-11 20:00:00+00:00,2021-02-12 00:00:00+00:00,1,1826.475,1823.9850000000001,1812.7208160117702,,0.36,-75.23999999999214,-0.151953761981687,"{'time_exit_bars': 2, 'atr': 4.513061329409948, 'entry_hour_utc': 19, 'exit_reason': 'time_exit', 'signal_time': Timestamp('2021-02-11 19:00:00+0000', tz='UTC')}"
2021-02-12 20:00:00+00:00,2021-02-15 00:00:00+00:00,1,1821.675,1822.7150000000001,1805.362705708559,,0.3,67.20000000000573,0.13731973933154848,"{'time_exit_bars': 2, 'atr': 5.379098097147011, 'entry_hour_utc': 19, 'exit_reason': 'time_exit', 'signal_time': Timestamp('2021-02-12 19:00:00+0000', tz='UTC')}"
2021-02-16 20:00:00+00:00,2021-02-17 00:00:00+00:00,1,1795.415,1788.875,1774.400897715344,,0.23,-141.21999999999917,-0.29218473941107825,"{'time_exit_bars': 2, 'atr': 6.946367428218668, 'entry_hour_utc': 19, 'exit_reason': 'time_exit', 'signal_time': Timestamp('2021-02-16 19:00:00+0000', tz='UTC')}"
2021-02-17 20:00:00+00:00,2021-02-18 00:00:00+00:00,1,1774.7949999999998,1780.775,1756.1520134653715,,0.26,186.68000000000637,0.3851314265911089,"{'time_exit_bars': 2, 'atr': 6.15599551154277, 'entry_hour_utc': 19, 'exit_reason': 'time_exit', 'signal_time': Timestamp('2021-02-17 19:00:00+0000', tz='UTC')}"
2021-02-18 20:00:00+00:00,2021-02-19 00:00:00+00:00,1,1774.7849999999999,1769.335,1759.7555868807854,,0.33,-166.649999999994,-0.33600779750631765,"{'time_exit_bars': 2, 'atr': 4.964804373071604, 'entry_hour_utc': 19, 'exit_reason': 'time_exit', 'signal_time': Timestamp('2021-02-18 19:00:00+0000', tz='UTC')}"
2021-02-19 20:00:00+00:00,2021-02-22 00:00:00+00:00,1,1782.095,1785.2150000000001,1764.2179617907398,,0.28,120.96000000000333,0.24165076728215357,"{'time_exit_bars': 2, 'atr': 5.900679403086748, 'entry_hour_utc': 19, 'exit_reason': 'time_exit', 'signal_time': Timestamp('2021-02-19 19:00:00+0000', tz='UTC')}"
2021-02-22 20:00:00+00:00,2021-02-23 00:00:00+00:00,1,1808.405,1809.4750000000001,1792.627380713765,,0.31,45.570000000005074,0.09316994999889804,"{'time_exit_bars': 2, 'atr': 5.207539762078304, 'entry_hour_utc': 19, 'exit_reason': 'time_exit', 'signal_time': Timestamp('2021-02-22 19:00:00+0000', tz='UTC')}"
2021-02-23 20:00:00+00:00,2021-02-24 00:00:00+00:00,1,1804.995,1807.2450000000001,1789.472364336926,,0.32,84.80000000000727,0.17071843065312556,"{'time_exit_bars': 2, 'atr': 5.109211887691372, 'entry_hour_utc': 19, 'exit_reason': 'time_exit', 'signal_time': Timestamp('2021-02-23 19:00:00+0000', tz='UTC')}"
2021-02-24 20:00:00+00:00,2021-02-25 00:00:00+00:00,1,1802.705,1798.135,1784.0965347559265,,0.27,-90.9899999999983,-0.18110037317952637,"{'time_exit_bars': 2, 'atr': 6.134488414691151, 'entry_hour_utc': 19, 'exit_reason': 'time_exit', 'signal_time': Timestamp('2021-02-24 19:00:00+0000', tz='UTC')}"
2021-02-25 20:00:00+00:00,2021-02-26 00:00:00+00:00,1,1769.7749999999999,1772.525,1746.4199509478406,,0.21,66.15000000000478,0.13487447587736892,"{'time_exit_bars': 2, 'atr': 7.726683017386476, 'entry_hour_utc': 19, 'exit_reason': 'time_exit', 'signal_time': Timestamp('2021-02-25 19:00:00+0000', tz='UTC')}"
2021-02-26 20:00:00+00:00,2021-03-01 00:00:00+00:00,1,1726.865,1737.9650000000001,1700.917104504182,,0.19,233.70000000000255,0.47402688214088373,"{'time_exit_bars': 2, 'atr': 8.614298498606, 'entry_hour_utc': 19, 'exit_reason': 'time_exit', 'signal_time': Timestamp('2021-02-26 19:00:00+0000', tz='UTC')}"
2021-03-01 20:00:00+00:00,2021-03-02 00:00:00+00:00,1,1723.855,1727.095,1703.9229787280385,,0.25,91.00000000000023,0.18262071620003836,"{'time_exit_bars': 2, 'atr': 6.555673757320488, 'entry_hour_utc': 19, 'exit_reason': 'time_exit', 'signal_time': Timestamp('2021-03-01 19:00:00+0000', tz='UTC')}"
2021-03-02 20:00:00+00:00,2021-03-03 00:00:00+00:00,1,1733.2949999999998,1734.9750000000001,1712.352082744541,,0.24,49.920000000006986,0.09931758668712312,"{'time_exit_bars': 2, 'atr': 6.905972418486335, 'entry_hour_utc': 19, 'exit_reason': 'time_exit', 'signal_time': Timestamp('2021-03-02 19:00:00+0000', tz='UTC')}"
2021-03-03 20:00:00+00:00,2021-03-04 00:00:00+00:00,1,1714.385,1714.855,1696.6535967475286,,0.28,46.760000000000765,0.09418318314808288,"{'time_exit_bars': 2, 'atr': 5.868801084157112, 'entry_hour_utc': 19, 'exit_reason': 'time_exit', 'signal_time': Timestamp('2021-03-03 19:00:00+0000', tz='UTC')}"
2021-03-04 20:00:00+00:00,2021-03-05 00:00:00+00:00,1,1697.5049999999999,1694.545,1673.2271244961175,,0.2,-51.19999999999618,-0.10544579980198152,"{'time_exit_bars': 2, 'atr': 8.040958501294094, 'entry_hour_utc': 19, 'exit_reason': 'time_exit', 'signal_time': Timestamp('2021-03-04 19:00:00+0000', tz='UTC')}"
2021-03-05 20:00:00+00:00,2021-03-08 00:00:00+00:00,1,1698.2549999999999,1706.775,1680.373110323133,,0.28,272.1600000000059,0.5435667133420807,"{'time_exit_bars': 2, 'atr': 5.918963225622384, 'entry_hour_utc': 19, 'exit_reason': 'time_exit', 'signal_time': Timestamp('2021-03-05 19:00:00+0000', tz='UTC')}"
2021-03-08 20:00:00+00:00,2021-03-09 00:00:00+00:00,1,1680.685,1684.355,1661.2097117006945,,0.26,105.8200000000019,0.20898278564354894,"{'time_exit_bars': 2, 'atr': 6.433429433101869, 'entry_hour_utc': 19, 'exit_reason': 'time_exit', 'signal_time': Timestamp('2021-03-08 19:00:00+0000', tz='UTC')}"
2021-03-09 20:00:00+00:00,2021-03-10 00:00:00+00:00,1,1716.335,1715.185,1699.693484603832,,0.3,-22.50000000000273,-0.04506801106423237,"{'time_exit_bars': 2, 'atr': 5.455505132055936, 'entry_hour_utc': 19, 'exit_reason': 'time_exit', 'signal_time': Timestamp('2021-03-09 19:00:00+0000', tz='UTC')}"
2021-03-10 20:00:00+00:00,2021-03-11 00:00:00+00:00,1,1725.605,1724.7450000000001,1712.1167305847266,,0.37,12.580000000003704,0.02520708843605259,"{'time_exit_bars': 2, 'atr': 4.444423138424473, 'entry_hour_utc': 19, 'exit_reason': 'time_exit', 'signal_time': Timestamp('2021-03-10 19:00:00+0000', tz='UTC')}"
2021-03-11 20:00:00+00:00,2021-03-12 00:00:00+00:00,1,1723.845,1724.295,1707.6503251847125,,0.31,26.35000000000141,0.052486388871338115,"{'time_exit_bars': 2, 'atr': 5.333224938429154, 'entry_hour_utc': 19, 'exit_reason': 'time_exit', 'signal_time': Timestamp('2021-03-11 19:00:00+0000', tz='UTC')}"
2021-03-12 20:00:00+00:00,2021-03-14 23:00:00+00:00,1,1723.605,1725.185,1706.625452119493,,0.29,69.01999999999788,0.14016863209486505,"{'time_exit_bars': 2, 'atr': 5.624849293502286, 'entry_hour_utc': 19, 'exit_reason': 'time_exit', 'signal_time': Timestamp('2021-03-12 19:00:00+0000', tz='UTC')}"
2021-03-15 21:00:00+00:00,2021-03-16 00:00:00+00:00,1,1732.0349999999999,1730.355,1719.0731943190126,,0.39,-49.919999999993614,-0.09875167330099514,"{'time_exit_bars': 2, 'atr': 4.345601893662456, 'entry_hour_utc': 19, 'exit_reason': 'time_exit', 'signal_time': Timestamp('2021-03-15 19:00:00+0000', tz='UTC')}"
2021-03-16 21:00:00+00:00,2021-03-17 00:00:00+00:00,1,1732.5249999999999,1732.385,1719.6522547830302,,0.39,10.140000000004969,0.020197711957926398,"{'time_exit_bars': 2, 'atr': 4.065915072323191, 'entry_hour_utc': 19, 'exit_reason': 'time_exit', 'signal_time': Timestamp('2021-03-16 19:00:00+0000', tz='UTC')}"
2021-03-17 21:00:00+00:00,2021-03-18 00:00:00+00:00,1,1748.915,1749.685,1729.4761455075054,,0.26,51.21999999999953,0.10134342024940868,"{'time_exit_bars': 2, 'atr': 5.0212848308315055, 'entry_hour_utc': 19, 'exit_reason': 'time_exit', 'signal_time': Timestamp('2021-03-17 19:00:00+0000', tz='UTC')}"
2021-03-18 21:00:00+00:00,2021-03-19 00:00:00+00:00,1,1735.945,1730.525,1718.6498161188154,,0.29,-145.5799999999955,-0.2902542138023232,"{'time_exit_bars': 2, 'atr': 5.946727960394904, 'entry_hour_utc': 19, 'exit_reason': 'time_exit', 'signal_time': Timestamp('2021-03-18 19:00:00+0000', tz='UTC')}"
2021-03-21 21:00:00+00:00,2021-03-22 00:00:00+00:00,1,1743.975,1739.4550000000002,1730.5143968154214,,0.37,-152.4399999999909,-0.3060784084861764,"{'time_exit_bars': 2, 'atr': 4.87520106152626, 'entry_hour_utc': 19, 'exit_reason': 'time_exit', 'signal_time': Timestamp('2021-03-19 19:00:00+0000', tz='UTC')}"
2021-03-22 21:00:00+00:00,2021-03-23 00:00:00+00:00,1,1739.7549999999999,1736.9750000000001,1726.8280764511917,,0.39,-92.81999999999007,-0.184111864745976,"{'time_exit_bars': 2, 'atr': 3.9506411829361063, 'entry_hour_utc': 19, 'exit_reason': 'time_exit', 'signal_time': Timestamp('2021-03-22 19:00:00+0000', tz='UTC')}"
2021-03-23 21:00:00+00:00,2021-03-24 00:00:00+00:00,1,1727.325,1727.4650000000001,1715.5708754736017,,0.43,23.220000000004305,0.045941320324395685,"{'time_exit_bars': 2, 'atr': 3.7730415087994635, 'entry_hour_utc': 19, 'exit_reason': 'time_exit', 'signal_time': Timestamp('2021-03-23 19:00:00+0000', tz='UTC')}"
2021-03-24 21:00:00+00:00,2021-03-25 00:00:00+00:00,1,1735.085,1733.775,1723.6892918806684,,0.44,-4.839999999997602,-0.009652756884264346,"{'time_exit_bars': 2, 'atr': 3.3802360397771833, 'entry_hour_utc': 19, 'exit_reason': 'time_exit', 'signal_time': Timestamp('2021-03-24 19:00:00+0000', tz='UTC')}"
2021-03-25 21:00:00+00:00,2021-03-26 00:00:00+00:00,1,1728.115,1728.2250000000001,1712.5530954258006,,0.32,16.320000000004075,0.032772338216600666,"{'time_exit_bars': 2, 'atr': 4.808968191399833, 'entry_hour_utc': 19, 'exit_reason': 'time_exit', 'signal_time': Timestamp('2021-03-25 19:00:00+0000', tz='UTC')}"
2021-03-28 22:00:00+00:00,2021-03-29 01:00:00+00:00,1,1731.345,1731.075,1722.130532715429,,0.54,7.020000000000982,0.014108249124471095,"{'time_exit_bars': 2, 'atr': 3.5231557615236784, 'entry_hour_utc': 19, 'exit_reason': 'time_exit', 'signal_time': Timestamp('2021-03-26 19:00:00+0000', tz='UTC')}"
2021-03-29 20:00:00+00:00,2021-03-30 00:00:00+00:00,1,1711.575,1711.775,1698.6656726470262,,0.39,23.400000000001775,0.046478021944484006,"{'time_exit_bars': 2, 'atr': 4.254775784324589, 'entry_hour_utc': 19, 'exit_reason': 'time_exit', 'signal_time': Timestamp('2021-03-29 19:00:00+0000', tz='UTC')}"
2021-03-30 20:00:00+00:00,2021-03-31 00:00:00+00:00,1,1682.205,1685.325,1667.0568746865677,,0.33,116.16000000000392,0.23237198842544787,"{'time_exit_bars': 2, 'atr': 4.987708437810787, 'entry_hour_utc': 19, 'exit_reason': 'time_exit', 'signal_time': Timestamp('2021-03-30 19:00:00+0000', tz='UTC')}"
2021-03-31 20:00:00+00:00,2021-04-01 00:00:00+00:00,1,1708.0249999999999,1707.265,1691.884168001853,,0.31,13.640000000007333,0.027260056981619707,"{'time_exit_bars': 2, 'atr': 5.308610666049008, 'entry_hour_utc': 19, 'exit_reason': 'time_exit', 'signal_time': Timestamp('2021-03-31 19:00:00+0000', tz='UTC')}"
2021-04-01 20:00:00+00:00,2021-04-05 00:00:00+00:00,1,1729.2649999999999,1727.875,1716.139401137069,,0.38,7.98000000000485,0.015999269990888243,"{'time_exit_bars': 2, 'atr': 4.316866287643694, 'entry_hour_utc': 19, 'exit_reason': 'time_exit', 'signal_time': Timestamp('2021-04-01 19:00:00+0000', tz='UTC')}"
2021-04-05 20:00:00+00:00,2021-04-06 00:00:00+00:00,1,1728.2949999999998,1729.175,1717.3332500714519,,0.46,58.880000000005026,0.1167696771358166,"{'time_exit_bars': 2, 'atr': 3.5855833095160023, 'entry_hour_utc': 19, 'exit_reason': 'time_exit', 'signal_time': Timestamp('2021-04-05 19:00:00+0000', tz='UTC')}"
2021-04-06 20:00:00+00:00,2021-04-07 00:00:00+00:00,1,1742.725,1743.055,1730.3681881513016,,0.41,29.93000000000634,0.0590767269857764,"{'time_exit_bars': 2, 'atr': 4.060603949566083, 'entry_hour_utc': 19, 'exit_reason': 'time_exit', 'signal_time': Timestamp('2021-04-06 19:00:00+0000', tz='UTC')}"
2021-04-07 20:00:00+00:00,2021-04-08 00:00:00+00:00,1,1737.585,1736.665,1726.065883683935,,0.44,12.319999999996803,0.024307420145539094,"{'time_exit_bars': 2, 'atr': 3.774705438688384, 'entry_hour_utc': 19, 'exit_reason': 'time_exit', 'signal_time': Timestamp('2021-04-07 19:00:00+0000', tz='UTC')}"
2021-04-08 20:00:00+00:00,2021-04-09 00:00:00+00:00,1,1755.985,1753.9850000000001,1744.8592136368031,,0.45,-71.99999999998977,-0.14381005960104068,"{'time_exit_bars': 2, 'atr': 3.6502621210656248, 'entry_hour_utc': 19, 'exit_reason': 'time_exit', 'signal_time': Timestamp('2021-04-08 19:00:00+0000', tz='UTC')}"
2021-04-09 20:00:00+00:00,2021-04-12 00:00:00+00:00,1,1743.165,1741.385,1731.2604596578062,,0.42,-24.359999999998855,-0.04872090675725257,"{'time_exit_bars': 2, 'atr': 3.9098467807312605, 'entry_hour_utc': 19, 'exit_reason': 'time_exit', 'signal_time': Timestamp('2021-04-09 19:00:00+0000', tz='UTC')}"
2021-04-12 20:00:00+00:00,2021-04-13 00:00:00+00:00,1,1732.675,1731.785,1720.8202199033249,,0.42,-20.57999999999465,-0.04133353769567629,"{'time_exit_bars': 2, 'atr': 3.8932600322250694, 'entry_hour_utc': 19, 'exit_reason': 'time_exit', 'signal_time': Timestamp('2021-04-12 19:00:00+0000', tz='UTC')}"
2021-04-13 20:00:00+00:00,2021-04-14 00:00:00+00:00,1,1745.055,1746.4750000000001,1729.911716225276,,0.33,60.06000000000241,0.12018529316857077,"{'time_exit_bars': 2, 'atr': 5.0094279249080245, 'entry_hour_utc': 19, 'exit_reason': 'time_exit', 'signal_time': Timestamp('2021-04-13 19:00:00+0000', tz='UTC')}"
2021-04-14 20:00:00+00:00,2021-04-15 00:00:00+00:00,1,1737.115,1736.4650000000001,1725.5084232189074,,0.43,23.650000000005868,0.04738692642744586,"{'time_exit_bars': 2, 'atr': 3.813858927030848, 'entry_hour_utc': 19, 'exit_reason': 'time_exit', 'signal_time': Timestamp('2021-04-14 19:00:00+0000', tz='UTC')}"
2021-04-15 20:00:00+00:00,2021-04-16 00:00:00+00:00,1,1765.085,1763.785,1752.080231631803,,0.38,-34.19999999999827,-0.06920538486489963,"{'time_exit_bars': 2, 'atr': 4.2799227893990155, 'entry_hour_utc': 19, 'exit_reason': 'time_exit', 'signal_time': Timestamp('2021-04-15 19:00:00+0000', tz='UTC')}"
2021-04-16 20:00:00+00:00,2021-04-19 00:00:00+00:00,1,1776.115,1776.615,1763.3979375395775,,0.39,66.3,0.13367867031326314,"{'time_exit_bars': 2, 'atr': 4.194020820140853, 'entry_hour_utc': 19, 'exit_reason': 'time_exit', 'signal_time': Timestamp('2021-04-16 19:00:00+0000', tz='UTC')}"
2021-04-19 20:00:00+00:00,2021-04-20 00:00:00+00:00,1,1771.095,1772.035,1756.4298129008216,,0.34,45.560000000001864,0.09137285402073907,"{'time_exit_bars': 2, 'atr': 4.830062366392816, 'entry_hour_utc': 19, 'exit_reason': 'time_exit', 'signal_time': Timestamp('2021-04-19 19:00:00+0000', tz='UTC')}"
2021-04-20 20:00:00+00:00,2021-04-21 00:00:00+00:00,1,1777.5149999999999,1776.7350000000001,1762.8876840870405,,0.34,-12.919999999991344,-0.025978792162619283,"{'time_exit_bars': 2, 'atr': 4.817438637653112, 'entry_hour_utc': 19, 'exit_reason': 'time_exit', 'signal_time': Timestamp('2021-04-20 19:00:00+0000', tz='UTC')}"
2021-04-21 20:00:00+00:00,2021-04-22 00:00:00+00:00,1,1794.665,1793.375,1780.0487344837716,,0.34,-3.059999999998759,-0.006157523609572963,"{'time_exit_bars': 2, 'atr': 4.810421838742806, 'entry_hour_utc': 19, 'exit_reason': 'time_exit', 'signal_time': Timestamp('2021-04-21 19:00:00+0000', tz='UTC')}"
2021-04-22 20:00:00+00:00,2021-04-23 00:00:00+00:00,1,1783.715,1782.9950000000001,1770.4729410271761,,0.38,-12.159999999992394,-0.024165426287296034,"{'time_exit_bars': 2, 'atr': 4.36235299094127, 'entry_hour_utc': 19, 'exit_reason': 'time_exit', 'signal_time': Timestamp('2021-04-22 19:00:00+0000', tz='UTC')}"
2021-04-23 20:00:00+00:00,2021-04-26 00:00:00+00:00,1,1776.595,1774.685,1763.3358662645348,,0.38,-26.980000000003116,-0.053547992965859645,"{'time_exit_bars': 2, 'atr': 4.3647112451550845, 'entry_hour_utc': 19, 'exit_reason': 'time_exit', 'signal_time': Timestamp('2021-04-23 19:00:00+0000', tz='UTC')}"
2021-04-26 20:00:00+00:00,2021-04-27 00:00:00+00:00,1,1781.0149999999999,1779.865,1770.4319175364858,,0.47,-35.24999999999358,-0.07086782159975993,"{'time_exit_bars': 2, 'atr': 3.4893608211714313, 'entry_hour_utc': 19, 'exit_reason': 'time_exit', 'signal_time': Timestamp('2021-04-26 19:00:00+0000', tz='UTC')}"
2021-04-27 20:00:00+00:00,2021-04-28 00:00:00+00:00,1,1776.7949999999998,1775.305,1765.1397324762108,,0.43,-46.86999999999061,-0.09351994690598349,"{'time_exit_bars': 2, 'atr': 3.816755841263016, 'entry_hour_utc': 19, 'exit_reason': 'time_exit', 'signal_time': Timestamp('2021-04-27 19:00:00+0000', tz='UTC')}"
2021-04-28 20:00:00+00:00,2021-04-29 00:00:00+00:00,1,1782.0349999999999,1783.785,1769.2310942692884,,0.39,115.05000000000886,0.2303984473209887,"{'time_exit_bars': 2, 'atr': 4.206301910237201, 'entry_hour_utc': 19, 'exit_reason': 'time_exit', 'signal_time': Timestamp('2021-04-28 19:00:00+0000', tz='UTC')}"
2021-04-29 20:00:00+00:00,2021-04-30 00:00:00+00:00,1,1774.855,1772.9950000000001,1758.688821080077,,0.31,-45.25999999999691,-0.09031200305476157,"{'time_exit_bars': 2, 'atr': 5.353726306640967, 'entry_hour_utc': 19, 'exit_reason': 'time_exit', 'signal_time': Timestamp('2021-04-29 19:00:00+0000', tz='UTC')}"
2021-04-30 20:00:00+00:00,2021-05-03 00:00:00+00:00,1,1768.555,1768.945,1756.4878814590963,,0.42,66.77999999999466,0.13176302152086058,"{'time_exit_bars': 2, 'atr': 3.9607061803011603, 'entry_hour_utc': 19, 'exit_reason': 'time_exit', 'signal_time': Timestamp('2021-04-30 19:00:00+0000', tz='UTC')}"
2021-05-03 20:00:00+00:00,2021-05-04 00:00:00+00:00,1,1791.915,1792.4650000000001,1779.6349944020453,,0.41,38.950000000007456,0.07736152825194265,"{'time_exit_bars': 2, 'atr': 4.03500186598489, 'entry_hour_utc': 19, 'exit_reason': 'time_exit', 'signal_time': Timestamp('2021-05-03 19:00:00+0000', tz='UTC')}"
2021-05-04 20:00:00+00:00,2021-05-05 00:00:00+00:00,1,1778.415,1778.445,1763.054438515202,,0.33,14.1899999999991,0.027993768354466472,"{'time_exit_bars': 2, 'atr': 5.055187161599339, 'entry_hour_utc': 19, 'exit_reason': 'time_exit', 'signal_time': Timestamp('2021-05-04 19:00:00+0000', tz='UTC')}"
2021-05-05 20:00:00+00:00,2021-05-06 00:00:00+00:00,1,1786.325,1785.125,1775.2386897984154,,0.45,-2.0463630789890885e-12,-4.1018818941352025e-15,"{'time_exit_bars': 2, 'atr': 3.6371034005282588, 'entry_hour_utc': 19, 'exit_reason': 'time_exit', 'signal_time': Timestamp('2021-05-05 19:00:00+0000', tz='UTC')}"
2021-05-06 20:00:00+00:00,2021-05-07 00:00:00+00:00,1,1815.495,1814.615,1801.452491768417,,0.36,-17.279999999995745,-0.03418192762175637,"{'time_exit_bars': 2, 'atr': 4.612502743860986, 'entry_hour_utc': 19, 'exit_reason': 'time_exit', 'signal_time': Timestamp('2021-05-06 19:00:00+0000', tz='UTC')}"
2021-05-07 20:00:00+00:00,2021-05-10 00:00:00+00:00,1,1832.335,1836.155,1815.0168662730346,,0.29,145.57999999999817,0.2898695713489882,"{'time_exit_bars': 2, 'atr': 5.721044575655135, 'entry_hour_utc': 19, 'exit_reason': 'time_exit', 'signal_time': Timestamp('2021-05-07 19:00:00+0000', tz='UTC')}"
2021-05-10 20:00:00+00:00,2021-05-11 00:00:00+00:00,1,1838.2549999999999,1836.065,1825.3721294539266,,0.39,-69.80999999999327,-0.13894418899873404,"{'time_exit_bars': 2, 'atr': 4.229290182024453, 'entry_hour_utc': 19, 'exit_reason': 'time_exit', 'signal_time': Timestamp('2021-05-10 19:00:00+0000', tz='UTC')}"
2021-05-11 20:00:00+00:00,2021-05-12 00:00:00+00:00,1,1837.935,1835.325,1824.0027617465405,,0.36,-79.55999999999639,-0.15862490719688532,"{'time_exit_bars': 2, 'atr': 4.585746084486518, 'entry_hour_utc': 19, 'exit_reason': 'time_exit', 'signal_time': Timestamp('2021-05-11 19:00:00+0000', tz='UTC')}"
2021-05-12 20:00:00+00:00,2021-05-13 00:00:00+00:00,1,1820.065,1817.445,1803.5247856136154,,0.3,-42.60000000000355,-0.08585136606022582,"{'time_exit_bars': 2, 'atr': 5.468404795461539, 'entry_hour_utc': 19, 'exit_reason': 'time_exit', 'signal_time': Timestamp('2021-05-12 19:00:00+0000', tz='UTC')}"
2021-05-13 20:00:00+00:00,2021-05-14 00:00:00+00:00,1,1827.5249999999999,1824.925,1812.4606156328891,,0.33,-72.599999999997,-0.14603982123577858,"{'time_exit_bars': 2, 'atr': 4.973128122370327, 'entry_hour_utc': 19, 'exit_reason': 'time_exit', 'signal_time': Timestamp('2021-05-13 19:00:00+0000', tz='UTC')}"
2021-05-14 20:00:00+00:00,2021-05-17 00:00:00+00:00,1,1843.585,1846.935,1831.340614681967,,0.41,186.54999999999626,0.3715988905787596,"{'time_exit_bars': 2, 'atr': 4.00646177267763, 'entry_hour_utc': 19, 'exit_reason': 'time_exit', 'signal_time': Timestamp('2021-05-14 19:00:00+0000', tz='UTC')}"
2021-05-17 20:00:00+00:00,2021-05-18 00:00:00+00:00,1,1865.7649999999999,1868.795,1853.0148996445464,,0.39,133.77000000000783,0.2690174904021929,"{'time_exit_bars': 2, 'atr': 4.198366785151184, 'entry_hour_utc': 19, 'exit_reason': 'time_exit', 'signal_time': Timestamp('2021-05-17 19:00:00+0000', tz='UTC')}"
2021-05-18 20:00:00+00:00,2021-05-19 00:00:00+00:00,1,1869.095,1869.9550000000002,1857.661876430367,,0.44,55.440000000005604,0.11020610354870687,"{'time_exit_bars': 2, 'atr': 3.759374523211019, 'entry_hour_utc': 19, 'exit_reason': 'time_exit', 'signal_time': Timestamp('2021-05-18 19:00:00+0000', tz='UTC')}"
2021-05-19 20:00:00+00:00,2021-05-20 00:00:00+00:00,1,1870.895,1865.7250000000001,1845.7976601174362,,0.2,-79.39999999999692,-0.15818409515017864,"{'time_exit_bars': 2, 'atr': 8.317446627521278, 'entry_hour_utc': 19, 'exit_reason': 'time_exit', 'signal_time': Timestamp('2021-05-19 19:00:00+0000', tz='UTC')}"
2021-05-20 20:00:00+00:00,2021-05-21 00:00:00+00:00,1,1878.695,1873.925,1863.2980611129292,,0.33,-144.2099999999994,-0.2838226502067626,"{'time_exit_bars': 2, 'atr': 5.073979629023626, 'entry_hour_utc': 19, 'exit_reason': 'time_exit', 'signal_time': Timestamp('2021-05-20 19:00:00+0000', tz='UTC')}"
2021-05-21 20:00:00+00:00,2021-05-24 00:00:00+00:00,1,1879.665,1883.355,1865.9977297419123,,0.37,180.93000000000202,0.357789076213399,"{'time_exit_bars': 2, 'atr': 4.5340900860292255, 'entry_hour_utc': 19, 'exit_reason': 'time_exit', 'signal_time': Timestamp('2021-05-21 19:00:00+0000', tz='UTC')}"
2021-05-24 20:00:00+00:00,2021-05-25 00:00:00+00:00,1,1883.5049999999999,1877.275,1872.3873198308634,,0.45,-262.3499999999906,-0.5243899726657266,"{'time_exit_bars': 2, 'atr': 3.650893389712178, 'entry_hour_utc': 19, 'exit_reason': 'time_exit', 'signal_time': Timestamp('2021-05-24 19:00:00+0000', tz='UTC')}"
2021-05-25 20:00:00+00:00,2021-05-26 00:00:00+00:00,1,1900.085,1898.115,1886.1176841999295,,0.36,-56.520000000000984,-0.11240527689594436,"{'time_exit_bars': 2, 'atr': 4.630771933356845, 'entry_hour_utc': 19, 'exit_reason': 'time_exit', 'signal_time': Timestamp('2021-05-25 19:00:00+0000', tz='UTC')}"
2021-05-26 20:00:00+00:00,2021-05-27 00:00:00+00:00,1,1896.7949999999998,1896.025,1881.322019873469,,0.32,13.760000000007857,0.0277903801649005,"{'time_exit_bars': 2, 'atr': 5.099326708843663, 'entry_hour_utc': 19, 'exit_reason': 'time_exit', 'signal_time': Timestamp('2021-05-26 19:00:00+0000', tz='UTC')}"
2021-05-27 20:00:00+00:00,2021-05-28 00:00:00+00:00,1,1898.175,1897.885,1884.3698430354805,,0.36,3.9600000000013083,0.007968036892499405,"{'time_exit_bars': 2, 'atr': 4.573385654839831, 'entry_hour_utc': 19, 'exit_reason': 'time_exit', 'signal_time': Timestamp('2021-05-27 19:00:00+0000', tz='UTC')}"
2021-05-28 20:00:00+00:00,2021-05-31 00:00:00+00:00,1,1904.0249999999999,1903.695,1891.0325446216077,,0.39,33.930000000002835,0.06696193865302598,"{'time_exit_bars': 2, 'atr': 4.285818459464146, 'entry_hour_utc': 19, 'exit_reason': 'time_exit', 'signal_time': Timestamp('2021-05-28 19:00:00+0000', tz='UTC')}"
2021-06-01 20:00:00+00:00,2021-06-02 00:00:00+00:00,1,1900.155,1898.675,1885.1753068024377,,0.33,-35.640000000000605,-0.07209760478777855,"{'time_exit_bars': 2, 'atr': 4.931564399187432, 'entry_hour_utc': 19, 'exit_reason': 'time_exit', 'signal_time': Timestamp('2021-06-01 19:00:00+0000', tz='UTC')}"
2021-06-02 20:00:00+00:00,2021-06-03 00:00:00+00:00,1,1909.195,1907.675,1898.0404882598343,,0.45,-14.399999999999181,-0.0286879432694228,"{'time_exit_bars': 2, 'atr': 3.6365039133885544, 'entry_hour_utc': 19, 'exit_reason': 'time_exit', 'signal_time': Timestamp('2021-06-02 19:00:00+0000', tz='UTC')}"
2021-06-03 20:00:00+00:00,2021-06-04 00:00:00+00:00,1,1871.655,1870.795,1856.5060965443288,,0.33,-15.179999999996701,-0.03036523411387199,"{'time_exit_bars': 2, 'atr': 4.9913011518904, 'entry_hour_utc': 19, 'exit_reason': 'time_exit', 'signal_time': Timestamp('2021-06-03 19:00:00+0000', tz='UTC')}"
2021-06-04 20:00:00+00:00,2021-06-07 00:00:00+00:00,1,1892.065,1889.2150000000001,1876.3183946779723,,0.32,-52.79999999999709,-0.10478448949830084,"{'time_exit_bars': 2, 'atr': 5.1905351073426225, 'entry_hour_utc': 19, 'exit_reason': 'time_exit', 'signal_time': Timestamp('2021-06-04 19:00:00+0000', tz='UTC')}"
2021-06-07 20:00:00+00:00,2021-06-08 00:00:00+00:00,1,1899.925,1898.605,1890.1708439935742,,0.51,-46.91999999999675,-0.09431877031635183,"{'time_exit_bars': 2, 'atr': 3.203052002141952, 'entry_hour_utc': 19, 'exit_reason': 'time_exit', 'signal_time': Timestamp('2021-06-07 19:00:00+0000', tz='UTC')}"
2021-06-08 20:00:00+00:00,2021-06-09 00:00:00+00:00,1,1893.655,1893.2350000000001,1879.8841017998984,,0.36,-0.7199999999944335,-0.0014523380907498018,"{'time_exit_bars': 2, 'atr': 4.531966066700533, 'entry_hour_utc': 19, 'exit_reason': 'time_exit', 'signal_time': Timestamp('2021-06-08 19:00:00+0000', tz='UTC')}"
2021-06-09 20:00:00+00:00,2021-06-10 00:00:00+00:00,1,1890.0249999999999,1888.555,1879.675103366263,,0.48,-12.959999999990401,-0.026087217056806326,"{'time_exit_bars': 2, 'atr': 3.3982988779122496, 'entry_hour_utc': 19, 'exit_reason': 'time_exit', 'signal_time': Timestamp('2021-06-09 19:00:00+0000', tz='UTC')}"
2021-06-10 20:00:00+00:00,2021-06-11 00:00:00+00:00,1,1898.175,1898.2250000000001,1882.9526448840938,,0.33,14.850000000006004,0.029561785714088934,"{'time_exit_bars': 2, 'atr': 5.019118371968733, 'entry_hour_utc': 19, 'exit_reason': 'time_exit', 'signal_time': Timestamp('2021-06-10 19:00:00+0000', tz='UTC')}"
2021-06-11 20:00:00+00:00,2021-06-14 00:00:00+00:00,1,1876.815,1873.4850000000001,1864.071346380441,,0.39,-83.06999999999717,-0.16714201936019124,"{'time_exit_bars': 2, 'atr': 4.196217873186364, 'entry_hour_utc': 19, 'exit_reason': 'time_exit', 'signal_time': Timestamp('2021-06-11 19:00:00+0000', tz='UTC')}"
2021-06-14 20:00:00+00:00,2021-06-15 00:00:00+00:00,1,1866.315,1866.645,1850.7667288807702,,0.32,23.359999999997672,0.046950557679501376,"{'time_exit_bars': 2, 'atr': 5.117757039743226, 'entry_hour_utc': 19, 'exit_reason': 'time_exit', 'signal_time': Timestamp('2021-06-14 19:00:00+0000', tz='UTC')}"
2021-06-15 20:00:00+00:00,2021-06-16 00:00:00+00:00,1,1859.415,1857.645,1846.9735329760028,,0.4,-54.79999999999927,-0.1101156316499914,"{'time_exit_bars': 2, 'atr': 4.082155674665718, 'entry_hour_utc': 19, 'exit_reason': 'time_exit', 'signal_time': Timestamp('2021-06-15 19:00:00+0000', tz='UTC')}"
2021-06-16 20:00:00+00:00,2021-06-16 21:00:00+00:00,1,1828.325,1809.8317143513227,1810.0067143513227,,0.27,-499.3187125142879,-1.0095532957262618,"{'time_exit_bars': 2, 'atr': 6.081095216225777, 'entry_hour_utc': 19, 'exit_reason': 'sl', 'signal_time': Timestamp('2021-06-16 19:00:00+0000', tz='UTC')}"
2021-06-17 20:00:00+00:00,2021-06-18 00:00:00+00:00,1,1772.2749999999999,1776.645,1748.473368856992,,0.21,100.17000000000249,0.20040643312806694,"{'time_exit_bars': 2, 'atr': 7.868877047669323, 'entry_hour_utc': 19, 'exit_reason': 'time_exit', 'signal_time': Timestamp('2021-06-17 19:00:00+0000', tz='UTC')}"
2021-06-18 20:00:00+00:00,2021-06-21 00:00:00+00:00,1,1762.095,1769.185,1743.6894376811533,,0.27,223.82999999999782,0.45040732015621304,"{'time_exit_bars': 2, 'atr': 6.126854106282239, 'entry_hour_utc': 19, 'exit_reason': 'time_exit', 'signal_time': Timestamp('2021-06-18 19:00:00+0000', tz='UTC')}"
2021-06-21 20:00:00+00:00,2021-06-22 00:00:00+00:00,1,1783.305,1783.395,1769.209687177271,,0.35,17.149999999997135,0.034763329211805825,"{'time_exit_bars': 2, 'atr': 4.603437607576347, 'entry_hour_utc': 19, 'exit_reason': 'time_exit', 'signal_time': Timestamp('2021-06-21 19:00:00+0000', tz='UTC')}"
2021-06-22 20:00:00+00:00,2021-06-23 00:00:00+00:00,1,1776.645,1777.4650000000001,1760.9095305846206,,0.32,39.040000000005236,0.07753184654331134,"{'time_exit_bars': 2, 'atr': 5.180156471793172, 'entry_hour_utc': 19, 'exit_reason': 'time_exit', 'signal_time': Timestamp('2021-06-22 19:00:00+0000', tz='UTC')}"
2021-06-23 20:00:00+00:00,2021-06-24 00:00:00+00:00,1,1775.5249999999999,1777.145,1761.390018023687,,0.35,98.70000000000414,0.19950502977123058,"{'time_exit_bars': 2, 'atr': 4.646660658771, 'entry_hour_utc': 19, 'exit_reason': 'time_exit', 'signal_time': Timestamp('2021-06-23 19:00:00+0000', tz='UTC')}"
2021-06-24 20:00:00+00:00,2021-06-25 00:00:00+00:00,1,1774.225,1775.025,1762.062527918055,,0.41,49.20000000000746,0.0986641524778144,"{'time_exit_bars': 2, 'atr': 3.9924906939817104, 'entry_hour_utc': 19, 'exit_reason': 'time_exit', 'signal_time': Timestamp('2021-06-24 19:00:00+0000', tz='UTC')}"
2021-06-25 20:00:00+00:00,2021-06-28 00:00:00+00:00,1,1779.625,1781.855,1769.4385783254106,,0.49,168.0700000000009,0.33672275795889656,"{'time_exit_bars': 2, 'atr': 3.3371405581964546, 'entry_hour_utc': 19, 'exit_reason': 'time_exit', 'signal_time': Timestamp('2021-06-25 19:00:00+0000', tz='UTC')}"
2021-06-28 20:00:00+00:00,2021-06-29 00:00:00+00:00,1,1779.555,1777.9650000000001,1765.9570286349651,,0.37,-44.029999999996974,-0.08751305382653017,"{'time_exit_bars': 2, 'atr': 4.474323788344988, 'entry_hour_utc': 19, 'exit_reason': 'time_exit', 'signal_time': Timestamp('2021-06-28 19:00:00+0000', tz='UTC')}"
2021-06-29 20:00:00+00:00,2021-06-30 00:00:00+00:00,1,1761.2849999999999,1761.275,1744.409002594582,,0.3,11.700000000007094,0.0231097451979361,"{'time_exit_bars': 2, 'atr': 5.566999135139293, 'entry_hour_utc': 19, 'exit_reason': 'time_exit', 'signal_time': Timestamp('2021-06-29 19:00:00+0000', tz='UTC')}"
2021-06-30 20:00:00+00:00,2021-07-01 00:00:00+00:00,1,1770.0049999999999,1767.9550000000002,1756.0941251824813,,0.36,-30.599999999990175,-0.06110327431954787,"{'time_exit_bars': 2, 'atr': 4.598624939172892, 'entry_hour_utc': 19, 'exit_reason': 'time_exit', 'signal_time': Timestamp('2021-06-30 19:00:00+0000', tz='UTC')}"
2021-07-01 20:00:00+00:00,2021-07-02 00:00:00+00:00,1,1776.335,1775.395,1762.9118475520934,,0.37,-19.980000000002022,-0.040229000012904394,"{'time_exit_bars': 2, 'atr': 4.419384149302195, 'entry_hour_utc': 19, 'exit_reason': 'time_exit', 'signal_time': Timestamp('2021-07-01 19:00:00+0000', tz='UTC')}"
2021-10-31 22:00:00+00:00,2021-11-01 03:00:00+00:00,1,1780.965,1784.2150000000001,1765.6795722166678,,0.32,116.80000000000729,0.23878952239598697,"{'time_exit_bars': 4, 'atr': 5.000142594444065, 'entry_hour_utc': 21, 'exit_reason': 'time_exit', 'signal_time': Timestamp('2021-10-31 21:00:00+0000', tz='UTC')}"
2021-11-01 22:00:00+00:00,2021-11-02 03:00:00+00:00,1,1792.0149999999999,1791.035,1781.831347310113,,0.49,-28.41999999998975,-0.05695402402870355,"{'time_exit_bars': 4, 'atr': 3.3295508966289766, 'entry_hour_utc': 21, 'exit_reason': 'time_exit', 'signal_time': Timestamp('2021-11-01 21:00:00+0000', tz='UTC')}"
2021-11-02 22:00:00+00:00,2021-11-03 03:00:00+00:00,1,1787.175,1783.075,1777.8398213369323,,0.53,-196.0999999999952,-0.39635020748323435,"{'time_exit_bars': 4, 'atr': 3.0533928876892302, 'entry_hour_utc': 21, 'exit_reason': 'time_exit', 'signal_time': Timestamp('2021-11-02 21:00:00+0000', tz='UTC')}"
2021-11-03 22:00:00+00:00,2021-11-04 03:00:00+00:00,1,1773.945,1774.925,1757.896347810808,,0.31,67.58000000000057,0.13583695218145223,"{'time_exit_bars': 4, 'atr': 5.29121739639732, 'entry_hour_utc': 21, 'exit_reason': 'time_exit', 'signal_time': Timestamp('2021-11-03 21:00:00+0000', tz='UTC')}"
2021-11-04 22:00:00+00:00,2021-11-05 03:00:00+00:00,1,1791.485,1792.7050000000002,1780.4584394841859,,0.45,72.90000000001146,0.14691798024206096,"{'time_exit_bars': 4, 'atr': 3.6371868386046873, 'entry_hour_utc': 21, 'exit_reason': 'time_exit', 'signal_time': Timestamp('2021-11-04 21:00:00+0000', tz='UTC')}"
2022-03-13 22:00:00+00:00,2022-03-14 00:00:00+00:00,1,1980.405,1976.805,1965.407103588455,,0.33,-105.599999999997,-0.21336325523202138,"{'time_exit_bars': 1, 'atr': 9.881930941030088, 'entry_hour_utc': 21, 'exit_reason': 'time_exit', 'signal_time': Timestamp('2022-03-13 21:00:00+0000', tz='UTC')}"
2022-03-14 22:00:00+00:00,2022-03-15 00:00:00+00:00,1,1953.5249999999999,1947.855,1943.3758730179388,,0.49,-258.2299999999924,-0.5192564847513258,"{'time_exit_bars': 1, 'atr': 6.649417988040711, 'entry_hour_utc': 21, 'exit_reason': 'time_exit', 'signal_time': Timestamp('2022-03-14 21:00:00+0000', tz='UTC')}"
2022-03-15 22:00:00+00:00,2022-03-16 00:00:00+00:00,1,1916.355,1920.815,1903.8137135229847,,0.39,189.5400000000014,0.3875200529791789,"{'time_exit_bars': 1, 'atr': 8.244190984676893, 'entry_hour_utc': 21, 'exit_reason': 'time_exit', 'signal_time': Timestamp('2022-03-15 21:00:00+0000', tz='UTC')}"
2022-03-16 22:00:00+00:00,2022-03-17 00:00:00+00:00,1,1926.065,1926.675,1913.3897973241644,,0.39,70.5899999999961,0.14279850557739288,"{'time_exit_bars': 1, 'atr': 8.260135117223706, 'entry_hour_utc': 21, 'exit_reason': 'time_exit', 'signal_time': Timestamp('2022-03-16 21:00:00+0000', tz='UTC')}"
2022-03-17 22:00:00+00:00,2022-03-18 00:00:00+00:00,1,1941.375,1940.875,1932.611021060262,,0.56,-5.600000000000001,-0.011410342344226195,"{'time_exit_bars': 1, 'atr': 5.725985959825442, 'entry_hour_utc': 21, 'exit_reason': 'time_exit', 'signal_time': Timestamp('2022-03-17 21:00:00+0000', tz='UTC')}"
2022-03-20 22:00:00+00:00,2022-03-21 00:00:00+00:00,1,1920.165,1921.895,1910.6738992083974,,0.52,110.76000000000094,0.22442075442761925,"{'time_exit_bars': 1, 'atr': 6.2174005277350455, 'entry_hour_utc': 21, 'exit_reason': 'time_exit', 'signal_time': Timestamp('2022-03-20 21:00:00+0000', tz='UTC')}"
2022-03-21 22:00:00+00:00,2022-03-22 00:00:00+00:00,1,1936.335,1931.025,1928.5203116433736,,0.63,-309.3299999999966,-0.6283040059859228,"{'time_exit_bars': 1, 'atr': 5.093125571084261, 'entry_hour_utc': 21, 'exit_reason': 'time_exit', 'signal_time': Timestamp('2022-03-21 21:00:00+0000', tz='UTC')}"
2022-03-22 22:00:00+00:00,2022-03-23 00:00:00+00:00,1,1920.715,1917.765,1912.988105533329,,0.64,-163.19999999998836,-0.33001615474353135,"{'time_exit_bars': 1, 'atr': 5.034596311113943, 'entry_hour_utc': 21, 'exit_reason': 'time_exit', 'signal_time': Timestamp('2022-03-22 21:00:00+0000', tz='UTC')}"
2022-03-23 22:00:00+00:00,2022-03-24 00:00:00+00:00,1,1945.125,1946.445,1937.5827122003268,,0.65,163.79999999999586,0.33411612854512446,"{'time_exit_bars': 1, 'atr': 4.904858533115439, 'entry_hour_utc': 21, 'exit_reason': 'time_exit', 'signal_time': Timestamp('2022-03-23 21:00:00+0000', tz='UTC')}"
2022-03-24 22:00:00+00:00,2022-03-25 00:00:00+00:00,1,1958.465,1962.575,1949.0869450255634,,0.53,239.03000000000674,0.48090995545386167,"{'time_exit_bars': 1, 'atr': 6.1353699829577755, 'entry_hour_utc': 21, 'exit_reason': 'time_exit', 'signal_time': Timestamp('2022-03-24 21:00:00+0000', tz='UTC')}"
2022-10-30 22:00:00+00:00,2022-10-31 03:00:00+00:00,1,1644.385,1644.2450000000001,1629.9422493245268,,0.34,8.84000000000433,0.01800211094425807,"{'time_exit_bars': 4, 'atr': 4.755916891824405, 'entry_hour_utc': 21, 'exit_reason': 'time_exit', 'signal_time': Timestamp('2022-10-30 21:00:00+0000', tz='UTC')}"
2022-10-31 22:00:00+00:00,2022-11-01 03:00:00+00:00,1,1632.875,1637.355,1621.993174586057,,0.45,219.60000000000085,0.44845417146163796,"{'time_exit_bars': 4, 'atr': 3.5689418046476815, 'entry_hour_utc': 21, 'exit_reason': 'time_exit', 'signal_time': Timestamp('2022-10-31 21:00:00+0000', tz='UTC')}"
2022-11-01 22:00:00+00:00,2022-11-02 03:00:00+00:00,1,1647.0349999999999,1650.595,1633.6961201526892,,0.37,146.5200000000064,0.2968765027746001,"{'time_exit_bars': 4, 'atr': 4.384626615770247, 'entry_hour_utc': 21, 'exit_reason': 'time_exit', 'signal_time': Timestamp('2022-11-01 21:00:00+0000', tz='UTC')}"
2022-11-02 22:00:00+00:00,2022-11-03 03:00:00+00:00,1,1634.2849999999999,1637.555,1617.5976660328072,,0.3,134.10000000000628,0.26786783369879436,"{'time_exit_bars': 4, 'atr': 5.504111322397537, 'entry_hour_utc': 21, 'exit_reason': 'time_exit', 'signal_time': Timestamp('2022-11-02 21:00:00+0000', tz='UTC')}"
2022-11-03 22:00:00+00:00,2022-11-04 03:00:00+00:00,1,1630.5149999999999,1639.045,1617.0384801360933,,0.37,330.4100000000074,0.6626339804474997,"{'time_exit_bars': 4, 'atr': 4.407173287968855, 'entry_hour_utc': 21, 'exit_reason': 'time_exit', 'signal_time': Timestamp('2022-11-03 21:00:00+0000', tz='UTC')}"
2023-03-12 22:00:00+00:00,2023-03-13 03:00:00+00:00,1,1884.115,1882.425,1860.199299798819,,0.2,-25.8000000000011,-0.053939461907803826,"{'time_exit_bars': 4, 'atr': 7.9135667337269915, 'entry_hour_utc': 21, 'exit_reason': 'time_exit', 'signal_time': Timestamp('2023-03-12 21:00:00+0000', tz='UTC')}"
2023-03-13 22:00:00+00:00,2023-03-14 03:00:00+00:00,1,1910.315,1902.795,1886.7958710403934,,0.21,-149.5199999999996,-0.3027322998325473,"{'time_exit_bars': 4, 'atr': 7.781376319868889, 'entry_hour_utc': 21, 'exit_reason': 'time_exit', 'signal_time': Timestamp('2023-03-13 21:00:00+0000', tz='UTC')}"
2023-03-14 22:00:00+00:00,2023-03-15 03:00:00+00:00,1,1904.405,1902.7450000000001,1887.2268972590077,,0.29,-36.53999999999577,-0.07334919455296458,"{'time_exit_bars': 4, 'atr': 5.651034246997412, 'entry_hour_utc': 21, 'exit_reason': 'time_exit', 'signal_time': Timestamp('2023-03-14 21:00:00+0000', tz='UTC')}"
2023-03-15 22:00:00+00:00,2023-03-16 03:00:00+00:00,1,1920.555,1913.2150000000001,1894.4245151361254,,0.19,-116.65999999999845,-0.23497459124795828,"{'time_exit_bars': 4, 'atr': 8.621828287958227, 'entry_hour_utc': 21, 'exit_reason': 'time_exit', 'signal_time': Timestamp('2023-03-15 21:00:00+0000', tz='UTC')}"
2023-03-16 22:00:00+00:00,2023-03-17 03:00:00+00:00,1,1920.235,1927.545,1902.7444770341758,,0.28,215.88000000000486,0.44081014701877486,"{'time_exit_bars': 4, 'atr': 5.7718409886080515, 'entry_hour_utc': 21, 'exit_reason': 'time_exit', 'signal_time': Timestamp('2023-03-16 21:00:00+0000', tz='UTC')}"
2023-03-19 22:00:00+00:00,2023-03-20 03:00:00+00:00,1,1977.495,1973.2150000000001,1951.0233497323075,,0.18,-69.83999999999541,-0.14657189713386043,"{'time_exit_bars': 4, 'atr': 8.748883422564166, 'entry_hour_utc': 21, 'exit_reason': 'time_exit', 'signal_time': Timestamp('2023-03-19 21:00:00+0000', tz='UTC')}"
2023-03-20 22:00:00+00:00,2023-03-21 03:00:00+00:00,1,1978.5449999999998,1983.7250000000001,1951.5473135847947,,0.18,100.44000000000523,0.20668437710490692,"{'time_exit_bars': 4, 'atr': 8.934228805068452, 'entry_hour_utc': 21, 'exit_reason': 'time_exit', 'signal_time': Timestamp('2023-03-20 21:00:00+0000', tz='UTC')}"
2023-03-21 22:00:00+00:00,2023-03-22 03:00:00+00:00,1,1941.355,1939.4750000000001,1922.257581835056,,0.26,-38.47999999999693,-0.07749738667379824,"{'time_exit_bars': 4, 'atr': 6.300806054981382, 'entry_hour_utc': 21, 'exit_reason': 'time_exit', 'signal_time': Timestamp('2023-03-21 21:00:00+0000', tz='UTC')}"
2023-03-22 22:00:00+00:00,2023-03-23 03:00:00+00:00,1,1965.7749999999999,1976.755,1941.5703474596576,,0.2,243.6000000000049,0.5032090413072295,"{'time_exit_bars': 4, 'atr': 8.009884180114145, 'entry_hour_utc': 21, 'exit_reason': 'time_exit', 'signal_time': Timestamp('2023-03-22 21:00:00+0000', tz='UTC')}"
2023-03-23 22:00:00+00:00,2023-03-24 03:00:00+00:00,1,1992.105,1992.615,1969.9572611685498,,0.22,20.0199999999998,0.04108771585782722,"{'time_exit_bars': 4, 'atr': 7.347579610483348, 'entry_hour_utc': 21, 'exit_reason': 'time_exit', 'signal_time': Timestamp('2023-03-23 21:00:00+0000', tz='UTC')}"
2023-07-03 20:00:00+00:00,2023-07-04 00:00:00+00:00,1,1921.425,1921.035,1909.9659167603422,,0.43,0.430000000005478,0.0008726701596441221,"{'time_exit_bars': 2, 'atr': 3.771361079885926, 'entry_hour_utc': 19, 'exit_reason': 'time_exit', 'signal_time': Timestamp('2023-07-03 19:00:00+0000', tz='UTC')}"
2023-07-05 20:00:00+00:00,2023-07-06 00:00:00+00:00,1,1916.0149999999999,1916.555,1904.5498873728739,,0.43,74.8200000000082,0.15176475422347072,"{'time_exit_bars': 2, 'atr': 3.773370875708643, 'entry_hour_utc': 19, 'exit_reason': 'time_exit', 'signal_time': Timestamp('2023-07-05 19:00:00+0000', tz='UTC')}"
2023-07-06 20:00:00+00:00,2023-07-07 00:00:00+00:00,1,1910.405,1911.285,1896.4646311950696,,0.35,44.80000000000382,0.09181966545586694,"{'time_exit_bars': 2, 'atr': 4.57178960164347, 'entry_hour_utc': 19, 'exit_reason': 'time_exit', 'signal_time': Timestamp('2023-07-06 19:00:00+0000', tz='UTC')}"
2023-07-07 20:00:00+00:00,2023-07-10 00:00:00+00:00,1,1924.955,1924.675,1911.9537566949678,,0.38,34.96000000000103,0.07076246312873308,"{'time_exit_bars': 2, 'atr': 4.262081101677431, 'entry_hour_utc': 19, 'exit_reason': 'time_exit', 'signal_time': Timestamp('2023-07-07 19:00:00+0000', tz='UTC')}"
2023-07-10 20:00:00+00:00,2023-07-11 00:00:00+00:00,1,1926.0149999999999,1924.625,1915.2640750001065,,0.46,-45.53999999999414,-0.0920850996551169,"{'time_exit_bars': 2, 'atr': 3.5386416666312397, 'entry_hour_utc': 19, 'exit_reason': 'time_exit', 'signal_time': Timestamp('2023-07-10 19:00:00+0000', tz='UTC')}"
2023-07-11 20:00:00+00:00,2023-07-12 00:00:00+00:00,1,1932.695,1933.085,1921.4448812503188,,0.44,34.7600000000044,0.07022148099747731,"{'time_exit_bars': 2, 'atr': 3.6917062498937256, 'entry_hour_utc': 19, 'exit_reason': 'time_exit', 'signal_time': Timestamp('2023-07-11 19:00:00+0000', tz='UTC')}"
2023-07-12 20:00:00+00:00,2023-07-13 00:00:00+00:00,1,1958.855,1957.575,1945.5210644095469,,0.37,-2.959999999998992,-0.005999728996535065,"{'time_exit_bars': 2, 'atr': 4.392978530151075, 'entry_hour_utc': 19, 'exit_reason': 'time_exit', 'signal_time': Timestamp('2023-07-12 19:00:00+0000', tz='UTC')}"
2023-07-13 20:00:00+00:00,2023-07-14 00:00:00+00:00,1,1960.165,1959.885,1948.1710646100903,,0.41,4.920000000001123,0.010005056397167334,"{'time_exit_bars': 2, 'atr': 3.9363117966366, 'entry_hour_utc': 19, 'exit_reason': 'time_exit', 'signal_time': Timestamp('2023-07-13 19:00:00+0000', tz='UTC')}"
2023-07-14 20:00:00+00:00,2023-07-17 00:00:00+00:00,1,1954.565,1953.085,1943.2702740753218,,0.44,-12.320000000000796,-0.02479033151112029,"{'time_exit_bars': 2, 'atr': 3.7065753082261037, 'entry_hour_utc': 19, 'exit_reason': 'time_exit', 'signal_time': Timestamp('2023-07-14 19:00:00+0000', tz='UTC')}"
2023-07-17 20:00:00+00:00,2023-07-18 00:00:00+00:00,1,1955.435,1955.2050000000002,1944.4193468056994,,0.45,7.650000000009417,0.015432584614062387,"{'time_exit_bars': 2, 'atr': 3.633551064766814, 'entry_hour_utc': 19, 'exit_reason': 'time_exit', 'signal_time': Timestamp('2023-07-17 19:00:00+0000', tz='UTC')}"
2023-07-18 20:00:00+00:00,2023-07-19 00:00:00+00:00,1,1977.825,1977.305,1963.8225780765242,,0.35,-4.199999999999362,-0.008569946017609657,"{'time_exit_bars': 2, 'atr': 4.622473974491918, 'entry_hour_utc': 19, 'exit_reason': 'time_exit', 'signal_time': Timestamp('2023-07-18 19:00:00+0000', tz='UTC')}"
2023-07-19 20:00:00+00:00,2023-07-20 00:00:00+00:00,1,1978.5349999999999,1977.515,1967.5926868508232,,0.45,8.10000000001105,0.0164499039230831,"{'time_exit_bars': 2, 'atr': 3.619104383058969, 'entry_hour_utc': 19, 'exit_reason': 'time_exit', 'signal_time': Timestamp('2023-07-19 19:00:00+0000', tz='UTC')}"
2023-07-20 20:00:00+00:00,2023-07-21 00:00:00+00:00,1,1968.985,1971.9950000000001,1955.8975351429356,,0.38,129.58000000000828,0.26055466335480343,"{'time_exit_bars': 2, 'atr': 4.320821619021441, 'entry_hour_utc': 19, 'exit_reason': 'time_exit', 'signal_time': Timestamp('2023-07-20 19:00:00+0000', tz='UTC')}"
2023-07-21 20:00:00+00:00,2023-07-24 00:00:00+00:00,1,1962.575,1960.9750000000001,1951.8214563115177,,0.46,-18.399999999995828,-0.03719704049078573,"{'time_exit_bars': 2, 'atr': 3.5261812294940773, 'entry_hour_utc': 19, 'exit_reason': 'time_exit', 'signal_time': Timestamp('2023-07-21 19:00:00+0000', tz='UTC')}"
2023-07-24 20:00:00+00:00,2023-07-25 00:00:00+00:00,1,1954.485,1954.195,1943.3240279467418,,0.44,4.8400000000016,0.00985577237136127,"{'time_exit_bars': 2, 'atr': 3.6719906844193577, 'entry_hour_utc': 19, 'exit_reason': 'time_exit', 'signal_time': Timestamp('2023-07-24 19:00:00+0000', tz='UTC')}"
2023-07-25 20:00:00+00:00,2023-07-26 00:00:00+00:00,1,1964.5349999999999,1965.085,1952.5387398307146,,0.41,38.950000000007456,0.07919134685262345,"{'time_exit_bars': 2, 'atr': 3.960420056428467, 'entry_hour_utc': 19, 'exit_reason': 'time_exit', 'signal_time': Timestamp('2023-07-25 19:00:00+0000', tz='UTC')}"
2023-07-26 20:00:00+00:00,2023-07-27 00:00:00+00:00,1,1974.995,1971.815,1961.978372606227,,0.38,-75.23999999999378,-0.1521131350004724,"{'time_exit_bars': 2, 'atr': 4.273875797924348, 'entry_hour_utc': 19, 'exit_reason': 'time_exit', 'signal_time': Timestamp('2023-07-26 19:00:00+0000', tz='UTC')}"
2023-07-27 20:00:00+00:00,2023-07-28 00:00:00+00:00,1,1944.475,1947.275,1926.9311854515338,,0.28,89.6000000000051,0.18240046890372327,"{'time_exit_bars': 2, 'atr': 5.779604849488739, 'entry_hour_utc': 19, 'exit_reason': 'time_exit', 'signal_time': Timestamp('2023-07-27 19:00:00+0000', tz='UTC')}"
2023-07-28 20:00:00+00:00,2023-07-31 00:00:00+00:00,1,1959.245,1957.815,1946.700423789726,,0.39,-8.969999999993618,-0.01833461698064139,"{'time_exit_bars': 2, 'atr': 4.136525403424604, 'entry_hour_utc': 19, 'exit_reason': 'time_exit', 'signal_time': Timestamp('2023-07-28 19:00:00+0000', tz='UTC')}"
2023-07-31 20:00:00+00:00,2023-08-01 00:00:00+00:00,1,1964.725,1963.7150000000001,1952.6420912005733,,0.41,-25.009999999990303,-0.05048453233617977,"{'time_exit_bars': 2, 'atr': 3.9693029331422274, 'entry_hour_utc': 19, 'exit_reason': 'time_exit', 'signal_time': Timestamp('2023-07-31 19:00:00+0000', tz='UTC')}"
2023-08-01 20:00:00+00:00,2023-08-02 00:00:00+00:00,1,1944.585,1951.9750000000001,1933.5595030118723,,0.45,350.5500000000045,0.7065441139196131,"{'time_exit_bars': 2, 'atr': 3.6268323293759273, 'entry_hour_utc': 19, 'exit_reason': 'time_exit', 'signal_time': Timestamp('2023-08-01 19:00:00+0000', tz='UTC')}"
2023-08-02 20:00:00+00:00,2023-08-03 00:00:00+00:00,1,1935.435,1935.865,1923.8709893743785,,0.43,70.09000000000273,0.1409545574429518,"{'time_exit_bars': 2, 'atr': 3.7963368752071607, 'entry_hour_utc': 19, 'exit_reason': 'time_exit', 'signal_time': Timestamp('2023-08-02 19:00:00+0000', tz='UTC')}"
2023-08-03 20:00:00+00:00,2023-08-04 00:00:00+00:00,1,1934.465,1935.515,1921.8947307709266,,0.4,58.000000000007276,0.1153515468584019,"{'time_exit_bars': 2, 'atr': 4.131756409691122, 'entry_hour_utc': 19, 'exit_reason': 'time_exit', 'signal_time': Timestamp('2023-08-03 19:00:00+0000', tz='UTC')}"
2023-08-04 20:00:00+00:00,2023-08-07 00:00:00+00:00,1,1941.5249999999999,1943.625,1929.9866024480125,,0.43,141.90000000000586,0.2860015860202134,"{'time_exit_bars': 2, 'atr': 3.791132517329123, 'entry_hour_utc': 19, 'exit_reason': 'time_exit', 'signal_time': Timestamp('2023-08-04 19:00:00+0000', tz='UTC')}"
2023-08-07 20:00:00+00:00,2023-08-08 00:00:00+00:00,1,1936.845,1936.545,1927.3516180186934,,0.53,5.300000000002411,0.010533653886144629,"{'time_exit_bars': 2, 'atr': 3.116127327102212, 'entry_hour_utc': 19, 'exit_reason': 'time_exit', 'signal_time': Timestamp('2023-08-07 19:00:00+0000', tz='UTC')}"
2023-08-08 20:00:00+00:00,2023-08-09 00:00:00+00:00,1,1924.995,1925.435,1913.7081388109439,,0.44,36.9600000000024,0.07442281657672338,"{'time_exit_bars': 2, 'atr': 3.7139537296853287, 'entry_hour_utc': 19, 'exit_reason': 'time_exit', 'signal_time': Timestamp('2023-08-08 19:00:00+0000', tz='UTC')}"
2023-08-09 20:00:00+00:00,2023-08-10 00:00:00+00:00,1,1915.685,1916.4950000000001,1906.2455845486363,,0.53,106.53000000000915,0.21293691440499163,"{'time_exit_bars': 2, 'atr': 3.101471817121246, 'entry_hour_utc': 19, 'exit_reason': 'time_exit', 'signal_time': Timestamp('2023-08-09 19:00:00+0000', tz='UTC')}"
2023-08-10 20:00:00+00:00,2023-08-11 00:00:00+00:00,1,1913.485,1912.2050000000002,1901.030734964279,,0.4,-35.199999999989814,-0.07065852521009924,"{'time_exit_bars': 2, 'atr': 4.106421678573612, 'entry_hour_utc': 19, 'exit_reason': 'time_exit', 'signal_time': Timestamp('2023-08-10 19:00:00+0000', tz='UTC')}"
2023-08-11 20:00:00+00:00,2023-08-14 00:00:00+00:00,1,1913.7749999999999,1913.4650000000001,1904.9060881746234,,0.56,49.84000000001579,0.10035052975199726,"{'time_exit_bars': 2, 'atr': 2.9146372751255814, 'entry_hour_utc': 19, 'exit_reason': 'time_exit', 'signal_time': Timestamp('2023-08-11 19:00:00+0000', tz='UTC')}"
2023-08-14 20:00:00+00:00,2023-08-15 00:00:00+00:00,1,1907.7549999999999,1907.425,1897.6772324629299,,0.5,3.500000000003638,0.006945982802499161,"{'time_exit_bars': 2, 'atr': 3.3109225123566675, 'entry_hour_utc': 19, 'exit_reason': 'time_exit', 'signal_time': Timestamp('2023-08-14 19:00:00+0000', tz='UTC')}"
2023-08-15 20:00:00+00:00,2023-08-16 00:00:00+00:00,1,1902.815,1901.255,1892.0787570123844,,0.47,-54.51999999999744,-0.10804524462961677,"{'time_exit_bars': 2, 'atr': 3.5237476625385513, 'entry_hour_utc': 19, 'exit_reason': 'time_exit', 'signal_time': Timestamp('2023-08-15 19:00:00+0000', tz='UTC')}"
2023-08-16 20:00:00+00:00,2023-08-17 00:00:00+00:00,1,1892.385,1893.125,1882.9097546674855,,0.53,102.82000000000048,0.2047440390110905,"{'time_exit_bars': 2, 'atr': 3.1034151108381725, 'entry_hour_utc': 19, 'exit_reason': 'time_exit', 'signal_time': Timestamp('2023-08-16 19:00:00+0000', tz='UTC')}"
2023-08-17 20:00:00+00:00,2023-08-18 00:00:00+00:00,1,1889.235,1891.095,1878.8050542118397,,0.48,108.48000000000611,0.21668377246654644,"{'time_exit_bars': 2, 'atr': 3.438315262720068, 'entry_hour_utc': 19, 'exit_reason': 'time_exit', 'signal_time': Timestamp('2023-08-17 19:00:00+0000', tz='UTC')}"
2023-08-18 20:00:00+00:00,2023-08-21 00:00:00+00:00,1,1889.425,1889.675,1880.6389530749304,,0.57,82.64999999999999,0.1650344019746432,"{'time_exit_bars': 2, 'atr': 2.8803489750231743, 'entry_hour_utc': 19, 'exit_reason': 'time_exit', 'signal_time': Timestamp('2023-08-18 19:00:00+0000', tz='UTC')}"
2023-08-21 20:00:00+00:00,2023-08-22 00:00:00+00:00,1,1894.485,1894.505,1882.6617056044356,,0.42,17.640000000008786,0.03552309415198013,"{'time_exit_bars': 2, 'atr': 3.892764798521464, 'entry_hour_utc': 19, 'exit_reason': 'time_exit', 'signal_time': Timestamp('2023-08-21 19:00:00+0000', tz='UTC')}"
2023-08-22 20:00:00+00:00,2023-08-23 00:00:00+00:00,1,1897.7549999999999,1898.315,1887.374084249016,,0.48,46.08000000000829,0.092477390533604,"{'time_exit_bars': 2, 'atr': 3.411971916994654, 'entry_hour_utc': 19, 'exit_reason': 'time_exit', 'signal_time': Timestamp('2023-08-22 19:00:00+0000', tz='UTC')}"
2023-08-23 20:00:00+00:00,2023-08-24 00:00:00+00:00,1,1917.0049999999999,1917.7050000000002,1907.1559569088984,,0.51,96.9000000000139,0.1929121420655472,"{'time_exit_bars': 2, 'atr': 3.228014363700505, 'entry_hour_utc': 19, 'exit_reason': 'time_exit', 'signal_time': Timestamp('2023-08-23 19:00:00+0000', tz='UTC')}"
2023-08-24 20:00:00+00:00,2023-08-25 00:00:00+00:00,1,1916.935,1915.7050000000002,1908.3986274160852,,0.59,-48.969999999987664,-0.09723099499707617,"{'time_exit_bars': 2, 'atr': 2.7971241946382817, 'entry_hour_utc': 19, 'exit_reason': 'time_exit', 'signal_time': Timestamp('2023-08-24 19:00:00+0000', tz='UTC')}"
2023-08-25 20:00:00+00:00,2023-08-28 00:00:00+00:00,1,1914.5249999999999,1914.825,1903.4197674770396,,0.45,67.50000000000819,0.13507146265500586,"{'time_exit_bars': 2, 'atr': 3.6434108409867627, 'entry_hour_utc': 19, 'exit_reason': 'time_exit', 'signal_time': Timestamp('2023-08-25 19:00:00+0000', tz='UTC')}"
2023-08-28 20:00:00+00:00,2023-08-29 00:00:00+00:00,1,1919.885,1921.065,1911.5428271835078,,0.6,94.80000000000382,0.18939909718442446,"{'time_exit_bars': 2, 'atr': 2.7223909388307392, 'entry_hour_utc': 19, 'exit_reason': 'time_exit', 'signal_time': Timestamp('2023-08-28 19:00:00+0000', tz='UTC')}"
2023-08-29 20:00:00+00:00,2023-08-30 00:00:00+00:00,1,1938.2649999999999,1936.045,1927.9911087642054,,0.49,-89.1799999999902,-0.17714806962904883,"{'time_exit_bars': 2, 'atr': 3.366297078598195, 'entry_hour_utc': 19, 'exit_reason': 'time_exit', 'signal_time': Timestamp('2023-08-29 19:00:00+0000', tz='UTC')}"
2023-08-30 20:00:00+00:00,2023-08-31 00:00:00+00:00,1,1943.615,1944.055,1936.4384664446789,,0.7,114.80000000000382,0.22852258508344184,"{'time_exit_bars': 2, 'atr': 2.3338445184404337, 'entry_hour_utc': 19, 'exit_reason': 'time_exit', 'signal_time': Timestamp('2023-08-30 19:00:00+0000', tz='UTC')}"
2023-08-31 20:00:00+00:00,2023-09-01 00:00:00+00:00,1,1940.235,1939.655,1932.5762882347597,,0.66,-11.879999999995196,-0.02350264711839314,"{'time_exit_bars': 2, 'atr': 2.5045705884134417, 'entry_hour_utc': 19, 'exit_reason': 'time_exit', 'signal_time': Timestamp('2023-08-31 19:00:00+0000', tz='UTC')}"
2023-09-01 20:00:00+00:00,2023-09-04 00:00:00+00:00,1,1940.705,1940.385,1930.4340815011708,,0.49,43.12000000000312,0.0856788027380786,"{'time_exit_bars': 2, 'atr': 3.375306166276397, 'entry_hour_utc': 19, 'exit_reason': 'time_exit', 'signal_time': Timestamp('2023-09-01 19:00:00+0000', tz='UTC')}"
2023-09-05 20:00:00+00:00,2023-09-06 00:00:00+00:00,1,1926.085,1926.405,1917.5634765382622,,0.59,42.47999999999624,0.0844919342454175,"{'time_exit_bars': 2, 'atr': 2.7821744872459657, 'entry_hour_utc': 19, 'exit_reason': 'time_exit', 'signal_time': Timestamp('2023-09-05 19:00:00+0000', tz='UTC')}"
2023-09-06 20:00:00+00:00,2023-09-07 00:00:00+00:00,1,1916.905,1916.895,1907.2717449415209,,0.52,61.88000000000047,0.12353041550089358,"{'time_exit_bars': 2, 'atr': 3.152751686159681, 'entry_hour_utc': 19, 'exit_reason': 'time_exit', 'signal_time': Timestamp('2023-09-06 19:00:00+0000', tz='UTC')}"
2023-09-07 20:00:00+00:00,2023-09-08 00:00:00+00:00,1,1918.995,1920.075,1910.4930455847477,,0.59,87.32000000000912,0.17407762118144215,"{'time_exit_bars': 2, 'atr': 2.7756514717507, 'entry_hour_utc': 19, 'exit_reason': 'time_exit', 'signal_time': Timestamp('2023-09-07 19:00:00+0000', tz='UTC')}"
2023-09-08 20:00:00+00:00,2023-09-11 00:00:00+00:00,1,1919.395,1918.645,1910.7875870066896,,0.59,26.549999999999997,0.05228051684632029,"{'time_exit_bars': 2, 'atr': 2.810804331103513, 'entry_hour_utc': 19, 'exit_reason': 'time_exit', 'signal_time': Timestamp('2023-09-08 19:00:00+0000', tz='UTC')}"
2023-09-11 20:00:00+00:00,2023-09-12 00:00:00+00:00,1,1922.935,1921.415,1914.5627134301503,,0.6,-67.19999999999891,-0.13377468516585891,"{'time_exit_bars': 2, 'atr': 2.7290955232832297, 'entry_hour_utc': 19, 'exit_reason': 'time_exit', 'signal_time': Timestamp('2023-09-11 19:00:00+0000', tz='UTC')}"
2023-09-12 20:00:00+00:00,2023-09-13 00:00:00+00:00,1,1913.095,1912.7150000000001,1904.8095505460099,,0.61,1.2200000000072109,0.0024138702566686306,"{'time_exit_bars': 2, 'atr': 2.730149817996747, 'entry_hour_utc': 19, 'exit_reason': 'time_exit', 'signal_time': Timestamp('2023-09-12 19:00:00+0000', tz='UTC')}"
2023-09-13 20:00:00+00:00,2023-09-14 00:00:00+00:00,1,1909.0049999999999,1909.025,1899.8683375615708,,0.55,67.1000000000115,0.1335279713157456,"{'time_exit_bars': 2, 'atr': 2.997220812809705, 'entry_hour_utc': 19, 'exit_reason': 'time_exit', 'signal_time': Timestamp('2023-09-13 19:00:00+0000', tz='UTC')}"
2023-09-14 20:00:00+00:00,2023-09-15 00:00:00+00:00,1,1909.605,1909.565,1899.6885668147413,,0.51,18.360000000001858,0.03630337574756163,"{'time_exit_bars': 2, 'atr': 3.2571443950862324, 'entry_hour_utc': 19, 'exit_reason': 'time_exit', 'signal_time': Timestamp('2023-09-14 19:00:00+0000', tz='UTC')}"
2023-09-15 20:00:00+00:00,2023-09-18 00:00:00+00:00,1,1922.625,1923.065,1913.399231811894,,0.55,90.200000000003,0.17776297502405944,"{'time_exit_bars': 2, 'atr': 3.026922729368715, 'entry_hour_utc': 19, 'exit_reason': 'time_exit', 'signal_time': Timestamp('2023-09-15 19:00:00+0000', tz='UTC')}"
2023-09-18 20:00:00+00:00,2023-09-19 00:00:00+00:00,1,1933.495,1933.925,1925.4107347743604,,0.63,52.290000000004014,0.10266857615800347,"{'time_exit_bars': 2, 'atr': 2.6297550752131422, 'entry_hour_utc': 19, 'exit_reason': 'time_exit', 'signal_time': Timestamp('2023-09-18 19:00:00+0000', tz='UTC')}"
2023-09-19 20:00:00+00:00,2023-09-20 00:00:00+00:00,1,1932.145,1931.2050000000002,1925.4335249941032,,0.76,-41.03999999998686,-0.08045921344046986,"{'time_exit_bars': 2, 'atr': 2.1888250019655993, 'entry_hour_utc': 19, 'exit_reason': 'time_exit', 'signal_time': Timestamp('2023-09-19 19:00:00+0000', tz='UTC')}"
2023-09-20 20:00:00+00:00,2023-09-21 00:00:00+00:00,1,1933.185,1929.285,1922.081107224934,,0.45,-121.49999999999386,-0.2431579676330053,"{'time_exit_bars': 2, 'atr': 3.6529642583553112, 'entry_hour_utc': 19, 'exit_reason': 'time_exit', 'signal_time': Timestamp('2023-09-20 19:00:00+0000', tz='UTC')}"
2023-09-21 20:00:00+00:00,2023-09-22 00:00:00+00:00,1,1919.905,1921.2050000000002,1909.9221841837268,,0.51,86.70000000000928,0.17029263399100109,"{'time_exit_bars': 2, 'atr': 3.272605272091077, 'entry_hour_utc': 19, 'exit_reason': 'time_exit', 'signal_time': Timestamp('2023-09-21 19:00:00+0000', tz='UTC')}"
2023-09-22 20:00:00+00:00,2023-09-25 00:00:00+00:00,1,1925.615,1924.575,1918.7153610660737,,0.73,11.68000000000265,0.023189619273161922,"{'time_exit_bars': 2, 'atr': 2.244879644642129, 'entry_hour_utc': 19, 'exit_reason': 'time_exit', 'signal_time': Timestamp('2023-09-22 19:00:00+0000', tz='UTC')}"
2023-09-25 20:00:00+00:00,2023-09-26 00:00:00+00:00,1,1915.745,1916.035,1907.3025028062818,,0.6,41.40000000001146,0.08172937273981097,"{'time_exit_bars': 2, 'atr': 2.745832397906051, 'entry_hour_utc': 19, 'exit_reason': 'time_exit', 'signal_time': Timestamp('2023-09-25 19:00:00+0000', tz='UTC')}"
2023-09-26 20:00:00+00:00,2023-09-27 00:00:00+00:00,1,1900.705,1901.365,1891.8621423604322,,0.57,60.420000000004656,0.11987075255594683,"{'time_exit_bars': 2, 'atr': 2.892619213189277, 'entry_hour_utc': 19, 'exit_reason': 'time_exit', 'signal_time': Timestamp('2023-09-26 19:00:00+0000', tz='UTC')}"
2023-09-27 20:00:00+00:00,2023-09-28 00:00:00+00:00,1,1876.915,1877.415,1865.5386820476056,,0.44,74.80000000000001,0.1494332355261042,"{'time_exit_bars': 2, 'atr': 3.723772650798151, 'entry_hour_utc': 19, 'exit_reason': 'time_exit', 'signal_time': Timestamp('2023-09-27 19:00:00+0000', tz='UTC')}"
2023-09-28 20:00:00+00:00,2023-09-29 00:00:00+00:00,1,1867.345,1866.555,1855.2522671370455,,0.42,-16.37999999999847,-0.03225077444608966,"{'time_exit_bars': 2, 'atr': 3.9725776209848904, 'entry_hour_utc': 19, 'exit_reason': 'time_exit', 'signal_time': Timestamp('2023-09-28 19:00:00+0000', tz='UTC')}"
2023-09-29 20:00:00+00:00,2023-10-02 00:00:00+00:00,1,1848.455,1848.175,1835.107994310672,,0.38,34.96000000000103,0.06892931803690205,"{'time_exit_bars': 2, 'atr': 4.3906685631093385, 'entry_hour_utc': 19, 'exit_reason': 'time_exit', 'signal_time': Timestamp('2023-09-29 19:00:00+0000', tz='UTC')}"
2023-10-02 20:00:00+00:00,2023-10-03 00:00:00+00:00,1,1829.5249999999999,1824.815,1816.0372840305167,,0.37,-159.46999999999292,-0.31955002683563877,"{'time_exit_bars': 2, 'atr': 4.447571989827803, 'entry_hour_utc': 19, 'exit_reason': 'time_exit', 'signal_time': Timestamp('2023-10-02 19:00:00+0000', tz='UTC')}"
2023-10-03 20:00:00+00:00,2023-10-04 00:00:00+00:00,1,1824.105,1823.145,1809.6916688598078,,0.35,-19.600000000001273,-0.038852919880432886,"{'time_exit_bars': 2, 'atr': 4.729443713397453, 'entry_hour_utc': 19, 'exit_reason': 'time_exit', 'signal_time': Timestamp('2023-10-03 19:00:00+0000', tz='UTC')}"
2023-10-04 20:00:00+00:00,2023-10-05 00:00:00+00:00,1,1823.5049999999999,1822.355,1810.1334475776462,,0.38,1.9000000000051784,0.003739281604770844,"{'time_exit_bars': 2, 'atr': 4.395517474117911, 'entry_hour_utc': 19, 'exit_reason': 'time_exit', 'signal_time': Timestamp('2023-10-04 19:00:00+0000', tz='UTC')}"
2023-10-05 20:00:00+00:00,2023-10-06 00:00:00+00:00,1,1820.5249999999999,1821.105,1809.3928637594668,,0.45,44.10000000000696,0.08803341773988421,"{'time_exit_bars': 2, 'atr': 3.6523787468444198, 'entry_hour_utc': 19, 'exit_reason': 'time_exit', 'signal_time': Timestamp('2023-10-05 19:00:00+0000', tz='UTC')}"
2023-10-06 20:00:00+00:00,2023-10-09 00:00:00+00:00,1,1829.635,1847.775,1815.890995117096,,0.37,715.5800000000037,1.4071589878476383,"{'time_exit_bars': 2, 'atr': 4.519668294301294, 'entry_hour_utc': 19, 'exit_reason': 'time_exit', 'signal_time': Timestamp('2023-10-06 19:00:00+0000', tz='UTC')}"
2023-10-09 20:00:00+00:00,2023-10-10 00:00:00+00:00,1,1863.455,1862.375,1851.2435643909532,,0.42,-28.559999999996943,-0.055685508384956554,"{'time_exit_bars': 2, 'atr': 4.01881186968228, 'entry_hour_utc': 19, 'exit_reason': 'time_exit', 'signal_time': Timestamp('2023-10-09 19:00:00+0000', tz='UTC')}"
2023-10-10 20:00:00+00:00,2023-10-11 00:00:00+00:00,1,1860.315,1859.4950000000001,1850.024458096754,,0.49,-20.57999999999688,-0.0408141771297243,"{'time_exit_bars': 2, 'atr': 3.371847301082073, 'entry_hour_utc': 19, 'exit_reason': 'time_exit', 'signal_time': Timestamp('2023-10-10 19:00:00+0000', tz='UTC')}"
2023-10-11 20:00:00+00:00,2023-10-12 00:00:00+00:00,1,1873.7849999999999,1875.105,1863.324182843405,,0.49,123.48000000000802,0.24089896250709847,"{'time_exit_bars': 2, 'atr': 3.42860571886501, 'entry_hour_utc': 19, 'exit_reason': 'time_exit', 'signal_time': Timestamp('2023-10-11 19:00:00+0000', tz='UTC')}"
2023-10-12 20:00:00+00:00,2023-10-13 00:00:00+00:00,1,1868.5349999999999,1870.405,1857.8717365067384,,0.48,108.96000000000568,0.21288041896691687,"{'time_exit_bars': 2, 'atr': 3.502754497753895, 'entry_hour_utc': 19, 'exit_reason': 'time_exit', 'signal_time': Timestamp('2023-10-12 19:00:00+0000', tz='UTC')}"
2023-10-13 20:00:00+00:00,2023-10-16 00:00:00+00:00,1,1928.565,1925.585,1912.1460323664035,,0.31,-55.18000000000056,-0.10841120097939477,"{'time_exit_bars': 2, 'atr': 5.414655877865522, 'entry_hour_utc': 19, 'exit_reason': 'time_exit', 'signal_time': Timestamp('2023-10-13 19:00:00+0000', tz='UTC')}"
2023-10-16 20:00:00+00:00,2023-10-17 00:00:00+00:00,1,1919.135,1919.2350000000001,1906.914333091707,,0.42,21.00000000000573,0.04091429737446124,"{'time_exit_bars': 2, 'atr': 4.018555636097634, 'entry_hour_utc': 19, 'exit_reason': 'time_exit', 'signal_time': Timestamp('2023-10-16 19:00:00+0000', tz='UTC')}"
2023-10-17 20:00:00+00:00,2023-10-18 00:00:00+00:00,1,1922.855,1924.535,1909.5909642506524,,0.38,79.04000000000242,0.15681501763913502,"{'time_exit_bars': 2, 'atr': 4.359678583115864, 'entry_hour_utc': 19, 'exit_reason': 'time_exit', 'signal_time': Timestamp('2023-10-17 19:00:00+0000', tz='UTC')}"
2023-10-18 20:00:00+00:00,2023-10-19 00:00:00+00:00,1,1950.595,1950.635,1931.750239410503,,0.27,33.479999999999016,0.06580078288132038,"{'time_exit_bars': 2, 'atr': 6.2232535298324185, 'entry_hour_utc': 19, 'exit_reason': 'time_exit', 'signal_time': Timestamp('2023-10-18 19:00:00+0000', tz='UTC')}"
2023-10-19 20:00:00+00:00,2023-10-20 00:00:00+00:00,1,1974.5449999999998,1976.9550000000002,1957.8777943594398,,0.3,84.30000000000928,0.16859454791642503,"{'time_exit_bars': 2, 'atr': 5.494068546853372, 'entry_hour_utc': 19, 'exit_reason': 'time_exit', 'signal_time': Timestamp('2023-10-19 19:00:00+0000', tz='UTC')}"
2023-10-20 20:00:00+00:00,2023-10-23 00:00:00+00:00,1,1979.905,1971.415,1960.7550284585927,,0.26,-189.54000000000025,-0.3806794168981988,"{'time_exit_bars': 2, 'atr': 6.32165718046906, 'entry_hour_utc': 19, 'exit_reason': 'time_exit', 'signal_time': Timestamp('2023-10-20 19:00:00+0000', tz='UTC')}"
2023-10-23 20:00:00+00:00,2023-10-24 00:00:00+00:00,1,1973.355,1973.375,1958.7073491992069,,0.35,14.699999999999362,0.028673539921994836,"{'time_exit_bars': 2, 'atr': 4.840883600264361, 'entry_hour_utc': 19, 'exit_reason': 'time_exit', 'signal_time': Timestamp('2023-10-23 19:00:00+0000', tz='UTC')}"
2023-10-24 20:00:00+00:00,2023-10-25 00:00:00+00:00,1,1972.905,1972.645,1957.159780902834,,0.32,4.480000000000292,0.008891587924947191,"{'time_exit_bars': 2, 'atr': 5.190073032388684, 'entry_hour_utc': 19, 'exit_reason': 'time_exit', 'signal_time': Timestamp('2023-10-24 19:00:00+0000', tz='UTC')}"
2023-10-25 20:00:00+00:00,2023-10-26 00:00:00+00:00,1,1980.995,1982.845,1962.9082860510925,,0.28,85.40000000000381,0.1686320692977174,"{'time_exit_bars': 2, 'atr': 5.97390464963581, 'entry_hour_utc': 19, 'exit_reason': 'time_exit', 'signal_time': Timestamp('2023-10-25 19:00:00+0000', tz='UTC')}"
2023-10-26 20:00:00+00:00,2023-10-27 00:00:00+00:00,1,1984.625,1984.185,1969.368229188359,,0.33,-1.3200000000017997,-0.002621786778728716,"{'time_exit_bars': 2, 'atr': 5.027256937213671, 'entry_hour_utc': 19, 'exit_reason': 'time_exit', 'signal_time': Timestamp('2023-10-26 19:00:00+0000', tz='UTC')}"
2023-10-27 20:00:00+00:00,2023-10-29 23:00:00+00:00,1,2007.095,2002.595,1990.8969590423633,,0.31,-114.7,-0.2284226845503557,"{'time_exit_bars': 2, 'atr': 5.357680319212236, 'entry_hour_utc': 19, 'exit_reason': 'time_exit', 'signal_time': Timestamp('2023-10-27 19:00:00+0000', tz='UTC')}"
2023-10-30 21:00:00+00:00,2023-10-31 00:00:00+00:00,1,1995.845,1995.445,1983.7354310438254,,0.42,-3.8191672047105385e-12,-7.509148576815534e-15,"{'time_exit_bars': 2, 'atr': 4.138189652058246, 'entry_hour_utc': 19, 'exit_reason': 'time_exit', 'signal_time': Timestamp('2023-10-30 19:00:00+0000', tz='UTC')}"
2023-10-31 21:00:00+00:00,2023-11-01 00:00:00+00:00,1,1983.635,1979.7350000000001,1970.0227132628092,,0.37,-129.49999999999494,-0.2571206489823165,"{'time_exit_bars': 2, 'atr': 4.649095579063566, 'entry_hour_utc': 19, 'exit_reason': 'time_exit', 'signal_time': Timestamp('2023-10-31 19:00:00+0000', tz='UTC')}"
2023-11-01 21:00:00+00:00,2023-11-02 00:00:00+00:00,1,1983.595,1984.4650000000001,1967.6133066340344,,0.32,66.24000000000379,0.1295231958591047,"{'time_exit_bars': 2, 'atr': 5.018897788655253, 'entry_hour_utc': 19, 'exit_reason': 'time_exit', 'signal_time': Timestamp('2023-11-01 19:00:00+0000', tz='UTC')}"
2023-11-02 21:00:00+00:00,2023-11-03 00:00:00+00:00,1,1986.065,1985.415,1975.2633421355579,,0.47,-11.750000000004274,-0.023144595314675016,"{'time_exit_bars': 2, 'atr': 3.5022192881473933, 'entry_hour_utc': 19, 'exit_reason': 'time_exit', 'signal_time': Timestamp('2023-11-02 19:00:00+0000', tz='UTC')}"
2023-11-05 22:00:00+00:00,2023-11-06 01:00:00+00:00,1,1992.605,1991.915,1978.8240217644222,,0.37,-10.73000000000202,-0.021043498875237585,"{'time_exit_bars': 2, 'atr': 4.565326078525937, 'entry_hour_utc': 19, 'exit_reason': 'time_exit', 'signal_time': Timestamp('2023-11-03 19:00:00+0000', tz='UTC')}"
2023-11-06 20:00:00+00:00,2023-11-07 00:00:00+00:00,1,1977.735,1975.785,1967.2800391551352,,0.49,-75.94999999999109,-0.14825497895204037,"{'time_exit_bars': 2, 'atr': 3.4233202816215957, 'entry_hour_utc': 19, 'exit_reason': 'time_exit', 'signal_time': Timestamp('2023-11-06 19:00:00+0000', tz='UTC')}"
2023-11-07 20:00:00+00:00,2023-11-08 00:00:00+00:00,1,1969.115,1967.9850000000001,1956.6182300343607,,0.41,-29.929999999995143,-0.05841509462101546,"{'time_exit_bars': 2, 'atr': 4.110589988546425, 'entry_hour_utc': 19, 'exit_reason': 'time_exit', 'signal_time': Timestamp('2023-11-07 19:00:00+0000', tz='UTC')}"
2023-11-08 20:00:00+00:00,2023-11-09 00:00:00+00:00,1,1949.855,1951.865,1938.07566529996,,0.43,138.0299999999996,0.2725111461506483,"{'time_exit_bars': 2, 'atr': 3.884778233346645, 'entry_hour_utc': 19, 'exit_reason': 'time_exit', 'signal_time': Timestamp('2023-11-08 19:00:00+0000', tz='UTC')}"
2023-11-09 20:00:00+00:00,2023-11-10 00:00:00+00:00,1,1957.425,1960.355,1943.8316664639094,,0.37,123.21000000000235,0.24497302233913815,"{'time_exit_bars': 2, 'atr': 4.4961111786968315, 'entry_hour_utc': 19, 'exit_reason': 'time_exit', 'signal_time': Timestamp('2023-11-09 19:00:00+0000', tz='UTC')}"
2023-11-10 20:00:00+00:00,2023-11-13 00:00:00+00:00,1,1936.2949999999998,1939.195,1924.5699596827744,,0.43,176.30000000000393,0.3496789681803246,"{'time_exit_bars': 2, 'atr': 3.8500134390751337, 'entry_hour_utc': 19, 'exit_reason': 'time_exit', 'signal_time': Timestamp('2023-11-10 19:00:00+0000', tz='UTC')}"
2023-11-13 20:00:00+00:00,2023-11-14 00:00:00+00:00,1,1946.815,1946.595,1935.8592109208323,,0.47,8.459999999998718,0.016429670076639192,"{'time_exit_bars': 2, 'atr': 3.5935963597225613, 'entry_hour_utc': 19, 'exit_reason': 'time_exit', 'signal_time': Timestamp('2023-11-13 19:00:00+0000', tz='UTC')}"
2023-11-14 20:00:00+00:00,2023-11-15 00:00:00+00:00,1,1963.965,1963.385,1952.6381055552426,,0.45,-8.099999999996722,-0.015891381426551682,"{'time_exit_bars': 2, 'atr': 3.7172981482524405, 'entry_hour_utc': 19, 'exit_reason': 'time_exit', 'signal_time': Timestamp('2023-11-14 19:00:00+0000', tz='UTC')}"
2023-11-15 20:00:00+00:00,2023-11-16 00:00:00+00:00,1,1959.565,1959.4850000000001,1947.9220240649624,,0.44,49.280000000003206,0.09619533753648137,"{'time_exit_bars': 2, 'atr': 3.829325311679232, 'entry_hour_utc': 19, 'exit_reason': 'time_exit', 'signal_time': Timestamp('2023-11-15 19:00:00+0000', tz='UTC')}"
2023-11-16 20:00:00+00:00,2023-11-17 00:00:00+00:00,1,1981.0149999999999,1984.665,1969.3338956265034,,0.44,178.200000000004,0.3467137926777897,"{'time_exit_bars': 2, 'atr': 3.828701457832176, 'entry_hour_utc': 19, 'exit_reason': 'time_exit', 'signal_time': Timestamp('2023-11-16 19:00:00+0000', tz='UTC')}"
2023-11-17 20:00:00+00:00,2023-11-20 00:00:00+00:00,1,1980.915,1977.255,1970.1024384835932,,0.47,-115.61999999999317,-0.227513156458542,"{'time_exit_bars': 2, 'atr': 3.52585383880226, 'entry_hour_utc': 19, 'exit_reason': 'time_exit', 'signal_time': Timestamp('2023-11-17 19:00:00+0000', tz='UTC')}"
2023-11-20 20:00:00+00:00,2023-11-21 00:00:00+00:00,1,1977.965,1986.185,1965.5952328470173,,0.41,353.4200000000011,0.6968603283628964,"{'time_exit_bars': 2, 'atr': 4.07492238432753, 'entry_hour_utc': 19, 'exit_reason': 'time_exit', 'signal_time': Timestamp('2023-11-20 19:00:00+0000', tz='UTC')}"
2023-11-21 20:00:00+00:00,2023-11-22 00:00:00+00:00,1,1999.165,1997.155,1985.4731829159193,,0.37,-59.569999999999666,-0.11758848296855531,"{'time_exit_bars': 2, 'atr': 4.51560569469354, 'entry_hour_utc': 19, 'exit_reason': 'time_exit', 'signal_time': Timestamp('2023-11-21 19:00:00+0000', tz='UTC')}"
2023-11-22 20:00:00+00:00,2023-11-23 00:00:00+00:00,1,1989.825,1991.775,1977.0869235408397,,0.4,126.00000000000182,0.2472900841896573,"{'time_exit_bars': 2, 'atr': 4.224358819720071, 'entry_hour_utc': 19, 'exit_reason': 'time_exit', 'signal_time': Timestamp('2023-11-22 19:00:00+0000', tz='UTC')}"
2023-11-27 20:00:00+00:00,2023-11-28 00:00:00+00:00,1,2014.5049999999999,2016.915,2003.8572925861567,,0.48,134.88000000000392,0.2639065754517998,"{'time_exit_bars': 2, 'atr': 3.56090247128108, 'entry_hour_utc': 19, 'exit_reason': 'time_exit', 'signal_time': Timestamp('2023-11-27 19:00:00+0000', tz='UTC')}"
2023-11-28 20:00:00+00:00,2023-11-29 00:00:00+00:00,1,2041.315,2049.2349999999997,2029.1114768400073,,0.42,349.4399999999839,0.6817703290206691,"{'time_exit_bars': 2, 'atr': 4.019507719997629, 'entry_hour_utc': 19, 'exit_reason': 'time_exit', 'signal_time': Timestamp('2023-11-28 19:00:00+0000', tz='UTC')}"
2023-11-29 20:00:00+00:00,2023-11-30 00:00:00+00:00,1,2044.675,2046.435,2031.4220129593643,,0.39,115.43999999999964,0.2233458759843493,"{'time_exit_bars': 2, 'atr': 4.3559956802119215, 'entry_hour_utc': 19, 'exit_reason': 'time_exit', 'signal_time': Timestamp('2023-11-29 19:00:00+0000', tz='UTC')}"
2023-11-30 20:00:00+00:00,2023-12-01 00:00:00+00:00,1,2036.375,2041.775,2023.3207566455621,,0.39,226.20000000000354,0.4442999753048384,"{'time_exit_bars': 2, 'atr': 4.283081118145969, 'entry_hour_utc': 19, 'exit_reason': 'time_exit', 'signal_time': Timestamp('2023-11-30 19:00:00+0000', tz='UTC')}"
2023-12-01 20:00:00+00:00,2023-12-04 00:00:00+00:00,1,2071.065,2095.555,2052.3977518880315,,0.27,693.6299999999942,1.3762071327229313,"{'time_exit_bars': 2, 'atr': 6.137416037322885, 'entry_hour_utc': 19, 'exit_reason': 'time_exit', 'signal_time': Timestamp('2023-12-01 19:00:00+0000', tz='UTC')}"
2023-12-04 20:00:00+00:00,2023-12-05 00:00:00+00:00,1,2026.5149999999999,2036.645,1997.6911405125097,,0.18,189.54000000000195,0.36532234708437417,"{'time_exit_bars': 2, 'atr': 9.539619829163382, 'entry_hour_utc': 19, 'exit_reason': 'time_exit', 'signal_time': Timestamp('2023-12-04 19:00:00+0000', tz='UTC')}"
2023-12-05 20:00:00+00:00,2023-12-06 00:00:00+00:00,1,2019.365,2021.565,2001.8137398931356,,0.3,78.00000000000136,0.1481375117324575,"{'time_exit_bars': 2, 'atr': 5.7820867022881455, 'entry_hour_utc': 19, 'exit_reason': 'time_exit', 'signal_time': Timestamp('2023-12-05 19:00:00+0000', tz='UTC')}"
2023-12-06 20:00:00+00:00,2023-12-07 00:00:00+00:00,1,2026.625,2028.415,2010.5889124708349,,0.32,95.67999999999883,0.18645445745803005,"{'time_exit_bars': 2, 'atr': 5.3203625097216936, 'entry_hour_utc': 19, 'exit_reason': 'time_exit', 'signal_time': Timestamp('2023-12-06 19:00:00+0000', tz='UTC')}"
2023-12-07 20:00:00+00:00,2023-12-08 00:00:00+00:00,1,2029.585,2030.815,2015.2039876042827,,0.36,58.68000000000065,0.11334389785279875,"{'time_exit_bars': 2, 'atr': 4.698670798572419, 'entry_hour_utc': 19, 'exit_reason': 'time_exit', 'signal_time': Timestamp('2023-12-07 19:00:00+0000', tz='UTC')}"
2023-12-08 20:00:00+00:00,2023-12-11 00:00:00+00:00,1,2003.075,2004.585,1987.416781014129,,0.33,89.4299999999997,0.17307204621708894,"{'time_exit_bars': 2, 'atr': 5.124406328623689, 'entry_hour_utc': 19, 'exit_reason': 'time_exit', 'signal_time': Timestamp('2023-12-08 19:00:00+0000', tz='UTC')}"
2023-12-11 20:00:00+00:00,2023-12-12 00:00:00+00:00,1,1981.0149999999999,1985.425,1966.507579093851,,0.36,173.16000000000295,0.3315544527946671,"{'time_exit_bars': 2, 'atr': 4.77080696871626, 'entry_hour_utc': 19, 'exit_reason': 'time_exit', 'signal_time': Timestamp('2023-12-11 19:00:00+0000', tz='UTC')}"
2023-12-12 20:00:00+00:00,2023-12-13 00:00:00+00:00,1,1979.645,1980.4850000000001,1967.9912899480128,,0.45,55.80000000000655,0.10640388292385031,"{'time_exit_bars': 2, 'atr': 3.8395700173290668, 'entry_hour_utc': 19, 'exit_reason': 'time_exit', 'signal_time': Timestamp('2023-12-12 19:00:00+0000', tz='UTC')}"
2023-12-13 20:00:00+00:00,2023-12-14 00:00:00+00:00,1,2024.065,2037.755,2005.3069943207656,,0.28,416.9200000000016,0.7937944072851866,"{'time_exit_bars': 2, 'atr': 6.231001893078124, 'entry_hour_utc': 19, 'exit_reason': 'time_exit', 'signal_time': Timestamp('2023-12-13 19:00:00+0000', tz='UTC')}"
2023-12-14 20:00:00+00:00,2023-12-15 00:00:00+00:00,1,2036.445,2032.535,2019.2113341964232,,0.3,-105.29999999999563,-0.20367111907620813,"{'time_exit_bars': 2, 'atr': 5.706221934525587, 'entry_hour_utc': 19, 'exit_reason': 'time_exit', 'signal_time': Timestamp('2023-12-14 19:00:00+0000', tz='UTC')}"
2023-12-15 20:00:00+00:00,2023-12-18 00:00:00+00:00,1,2018.2749999999999,2019.855,2002.84814427476,,0.34,94.52000000000527,0.18020522454564722,"{'time_exit_bars': 2, 'atr': 5.087285241746643, 'entry_hour_utc': 19, 'exit_reason': 'time_exit', 'signal_time': Timestamp('2023-12-15 19:00:00+0000', tz='UTC')}"
2023-12-18 20:00:00+00:00,2023-12-19 00:00:00+00:00,1,2026.575,2027.005,2013.2950055634237,,0.4,33.20000000000255,0.0625000261832974,"{'time_exit_bars': 2, 'atr': 4.388331478858732, 'entry_hour_utc': 19, 'exit_reason': 'time_exit', 'signal_time': Timestamp('2023-12-18 19:00:00+0000', tz='UTC')}"
2023-12-19 20:00:00+00:00,2023-12-20 00:00:00+00:00,1,2040.335,2039.035,2028.0601894074216,,0.43,-38.699999999998035,-0.0733208869670144,"{'time_exit_bars': 2, 'atr': 4.053270197526154, 'entry_hour_utc': 19, 'exit_reason': 'time_exit', 'signal_time': Timestamp('2023-12-19 19:00:00+0000', tz='UTC')}"
2023-12-20 20:00:00+00:00,2023-12-21 00:00:00+00:00,1,2029.915,2033.445,2017.6922241423642,,0.43,203.38999999999882,0.3869824706836198,"{'time_exit_bars': 2, 'atr': 4.012591952545249, 'entry_hour_utc': 19, 'exit_reason': 'time_exit', 'signal_time': Timestamp('2023-12-20 19:00:00+0000', tz='UTC')}"
2023-12-21 20:00:00+00:00,2023-12-22 00:00:00+00:00,1,2044.225,2047.905,2031.040115216927,,0.4,163.20000000000255,0.3094452524331554,"{'time_exit_bars': 2, 'atr': 4.356628261024295, 'entry_hour_utc': 19, 'exit_reason': 'time_exit', 'signal_time': Timestamp('2023-12-21 19:00:00+0000', tz='UTC')}"
2023-12-22 20:00:00+00:00,2023-12-26 00:00:00+00:00,1,2053.465,2054.785,2037.92886457811,,0.34,99.27999999999011,0.18794892814113145,"{'time_exit_bars': 2, 'atr': 5.11704514063008, 'entry_hour_utc': 19, 'exit_reason': 'time_exit', 'signal_time': Timestamp('2023-12-22 19:00:00+0000', tz='UTC')}"
2023-12-26 20:00:00+00:00,2023-12-27 00:00:00+00:00,1,2068.3650000000002,2065.375,2057.981096064884,,0.51,-132.09000000001205,-0.24942449546757972,"{'time_exit_bars': 2, 'atr': 3.4229679783720157, 'entry_hour_utc': 19, 'exit_reason': 'time_exit', 'signal_time': Timestamp('2023-12-26 19:00:00+0000', tz='UTC')}"
2023-12-27 20:00:00+00:00,2023-12-28 00:00:00+00:00,1,2078.2250000000004,2079.575,2065.2256936762105,,0.41,104.54999999997762,0.1961643134243817,"{'time_exit_bars': 2, 'atr': 4.294768774596473, 'entry_hour_utc': 19, 'exit_reason': 'time_exit', 'signal_time': Timestamp('2023-12-27 19:00:00+0000', tz='UTC')}"
2023-12-28 20:00:00+00:00,2023-12-29 00:00:00+00:00,1,2066.525,2066.6749999999997,2052.116832176644,,0.37,20.349999999986537,0.038172792456516946,"{'time_exit_bars': 2, 'atr': 4.764389274451983, 'entry_hour_utc': 19, 'exit_reason': 'time_exit', 'signal_time': Timestamp('2023-12-28 19:00:00+0000', tz='UTC')}"
2023-12-29 20:00:00+00:00,2024-01-02 00:00:00+00:00,1,2063.375,2065.2749999999996,2050.7812469334103,,0.42,146.9999999999847,0.27791556508161863,"{'time_exit_bars': 2, 'atr': 4.1595843555299625, 'entry_hour_utc': 19, 'exit_reason': 'time_exit', 'signal_time': Timestamp('2023-12-29 19:00:00+0000', tz='UTC')}"
2024-01-02 20:00:00+00:00,2024-01-03 00:00:00+00:00,1,2058.3250000000003,2059.845,2042.0629708404342,,0.3,57.599999999985805,0.11806644676135615,"{'time_exit_bars': 2, 'atr': 5.3590097198552265, 'entry_hour_utc': 19, 'exit_reason': 'time_exit', 'signal_time': Timestamp('2024-01-02 19:00:00+0000', tz='UTC')}"
2024-01-03 20:00:00+00:00,2024-01-04 00:00:00+00:00,1,2041.0249999999999,2041.925,2022.4390171598886,,0.26,54.60000000000237,0.11298837506015492,"{'time_exit_bars': 2, 'atr': 6.133660946703772, 'entry_hour_utc': 19, 'exit_reason': 'time_exit', 'signal_time': Timestamp('2024-01-03 19:00:00+0000', tz='UTC')}"
2024-01-04 20:00:00+00:00,2024-01-05 00:00:00+00:00,1,2043.145,2044.105,2031.2841620559354,,0.42,57.120000000001525,0.11466306229068866,"{'time_exit_bars': 2, 'atr': 3.915279314688177, 'entry_hour_utc': 19, 'exit_reason': 'time_exit', 'signal_time': Timestamp('2024-01-04 19:00:00+0000', tz='UTC')}"
2024-01-05 20:00:00+00:00,2024-01-08 00:00:00+00:00,1,2043.705,2045.805,2025.4654514169265,,0.27,89.10000000000369,0.1809255303095925,"{'time_exit_bars': 2, 'atr': 6.041516194357809, 'entry_hour_utc': 19, 'exit_reason': 'time_exit', 'signal_time': Timestamp('2024-01-05 19:00:00+0000', tz='UTC')}"
2024-01-08 20:00:00+00:00,2024-01-09 00:00:00+00:00,1,2027.365,2034.155,2010.912373599117,,0.3,215.69999999999888,0.4370122936489997,"{'time_exit_bars': 2, 'atr': 5.445875466961016, 'entry_hour_utc': 19, 'exit_reason': 'time_exit', 'signal_time': Timestamp('2024-01-08 19:00:00+0000', tz='UTC')}"
2024-01-09 20:00:00+00:00,2024-01-10 00:00:00+00:00,1,2028.645,2030.015,2015.2272289527534,,0.37,65.49000000000437,0.1319146074089062,"{'time_exit_bars': 2, 'atr': 4.380923682415487, 'entry_hour_utc': 19, 'exit_reason': 'time_exit', 'signal_time': Timestamp('2024-01-09 19:00:00+0000', tz='UTC')}"
2024-01-10 20:00:00+00:00,2024-01-11 00:00:00+00:00,1,2023.655,2027.625,2010.6159110295775,,0.38,196.46000000000103,0.39650009381234663,"{'time_exit_bars': 2, 'atr': 4.308029656807509, 'entry_hour_utc': 19, 'exit_reason': 'time_exit', 'signal_time': Timestamp('2024-01-10 19:00:00+0000', tz='UTC')}"
2024-01-11 20:00:00+00:00,2024-01-12 00:00:00+00:00,1,2027.675,2030.925,2009.6900617089818,,0.28,102.20000000000002,0.20294759653542155,"{'time_exit_bars': 2, 'atr': 5.929979430339368, 'entry_hour_utc': 19, 'exit_reason': 'time_exit', 'signal_time': Timestamp('2024-01-11 19:00:00+0000', tz='UTC')}"
2024-01-12 20:00:00+00:00,2024-01-15 00:00:00+00:00,1,2047.5049999999999,2047.685,2031.8807530703089,,0.32,44.160000000002036,0.08832425692003278,"{'time_exit_bars': 2, 'atr': 5.169748976563783, 'entry_hour_utc': 19, 'exit_reason': 'time_exit', 'signal_time': Timestamp('2024-01-12 19:00:00+0000', tz='UTC')}"
2024-01-16 20:00:00+00:00,2024-01-17 00:00:00+00:00,1,2028.445,2028.275,2013.374610983997,,0.33,7.590000000005102,0.01526171618767913,"{'time_exit_bars': 2, 'atr': 4.955129672001015, 'entry_hour_utc': 19, 'exit_reason': 'time_exit', 'signal_time': Timestamp('2024-01-16 19:00:00+0000', tz='UTC')}"
2024-01-17 20:00:00+00:00,2024-01-18 00:00:00+00:00,1,2006.205,2010.625,1988.961690482654,,0.29,162.98000000000206,0.32592351220898746,"{'time_exit_bars': 2, 'atr': 5.709436505782028, 'entry_hour_utc': 19, 'exit_reason': 'time_exit', 'signal_time': Timestamp('2024-01-17 19:00:00+0000', tz='UTC')}"
2024-01-18 20:00:00+00:00,2024-01-19 00:00:00+00:00,1,2022.315,2022.935,2010.371931761798,,0.42,42.83999999999541,0.08540518898964575,"{'time_exit_bars': 2, 'atr': 3.9426894127340466, 'entry_hour_utc': 19, 'exit_reason': 'time_exit', 'signal_time': Timestamp('2024-01-18 19:00:00+0000', tz='UTC')}"
2024-01-19 20:00:00+00:00,2024-01-22 00:00:00+00:00,1,2028.385,2028.815,2015.8514116553797,,0.4,65.20000000000255,0.1300505453970569,"{'time_exit_bars': 2, 'atr': 4.126196114873475, 'entry_hour_utc': 19, 'exit_reason': 'time_exit', 'signal_time': Timestamp('2024-01-19 19:00:00+0000', tz='UTC')}"
2024-01-22 20:00:00+00:00,2024-01-23 00:00:00+00:00,1,2020.975,2022.615,2008.3360638132283,,0.4,81.60000000000402,0.16140598938502757,"{'time_exit_bars': 2, 'atr': 4.15131206225724, 'entry_hour_utc': 19, 'exit_reason': 'time_exit', 'signal_time': Timestamp('2024-01-22 19:00:00+0000', tz='UTC')}"
2024-01-23 20:00:00+00:00,2024-01-24 00:00:00+00:00,1,2028.7849999999999,2027.185,2014.828387413248,,0.36,-43.19999999999672,-0.08598074873404436,"{'time_exit_bars': 2, 'atr': 4.597204195583913, 'entry_hour_utc': 19, 'exit_reason': 'time_exit', 'signal_time': Timestamp('2024-01-23 19:00:00+0000', tz='UTC')}"
2024-01-24 20:00:00+00:00,2024-01-25 00:00:00+00:00,1,2012.425,2015.255,1998.0927849817042,,0.35,141.0500000000054,0.28118472928683164,"{'time_exit_bars': 2, 'atr': 4.712405006098643, 'entry_hour_utc': 19, 'exit_reason': 'time_exit', 'signal_time': Timestamp('2024-01-24 19:00:00+0000', tz='UTC')}"
2024-01-25 20:00:00+00:00,2024-01-26 00:00:00+00:00,1,2020.175,2021.005,2006.0845377656738,,0.35,43.05000000000541,0.0872930908543025,"{'time_exit_bars': 2, 'atr': 4.658487411442057, 'entry_hour_utc': 19, 'exit_reason': 'time_exit', 'signal_time': Timestamp('2024-01-25 19:00:00+0000', tz='UTC')}"
2024-01-26 20:00:00+00:00,2024-01-29 00:00:00+00:00,1,2018.645,2021.375,2008.7110075255632,,0.51,200.43000000000092,0.3956113325144069,"{'time_exit_bars': 2, 'atr': 3.272997491478895, 'entry_hour_utc': 19, 'exit_reason': 'time_exit', 'signal_time': Timestamp('2024-01-26 19:00:00+0000', tz='UTC')}"
2024-01-29 20:00:00+00:00,2024-01-30 00:00:00+00:00,1,2032.855,2033.385,2017.920916113556,,0.34,31.619999999999074,0.06227365582458977,"{'time_exit_bars': 2, 'atr': 4.923027962148018, 'entry_hour_utc': 19, 'exit_reason': 'time_exit', 'signal_time': Timestamp('2024-01-29 19:00:00+0000', tz='UTC')}"
2024-01-30 20:00:00+00:00,2024-01-31 00:00:00+00:00,1,2036.115,2035.915,2022.382873332434,,0.36,7.1999999999983615,0.014564386481544426,"{'time_exit_bars': 2, 'atr': 4.529042222522032, 'entry_hour_utc': 19, 'exit_reason': 'time_exit', 'signal_time': Timestamp('2024-01-30 19:00:00+0000', tz='UTC')}"
2024-01-31 20:00:00+00:00,2024-02-01 00:00:00+00:00,1,2034.875,2040.4750000000001,2018.7810773080837,,0.31,210.80000000000422,0.42251973805091386,"{'time_exit_bars': 2, 'atr': 5.316307563972089, 'entry_hour_utc': 19, 'exit_reason': 'time_exit', 'signal_time': Timestamp('2024-01-31 19:00:00+0000', tz='UTC')}"
2024-02-01 20:00:00+00:00,2024-02-02 00:00:00+00:00,1,2055.645,2054.785,2036.5000966646553,,0.26,-11.96000000000331,-0.024027282454379947,"{'time_exit_bars': 2, 'atr': 6.343301111781655, 'entry_hour_utc': 19, 'exit_reason': 'time_exit', 'signal_time': Timestamp('2024-02-01 19:00:00+0000', tz='UTC')}"
2024-02-02 20:00:00+00:00,2024-02-05 00:00:00+00:00,1,2036.0049999999999,2035.425,2021.9816268120642,,0.36,22.320000000002622,0.044211901921961144,"{'time_exit_bars': 2, 'atr': 4.636124395978674, 'entry_hour_utc': 19, 'exit_reason': 'time_exit', 'signal_time': Timestamp('2024-02-02 19:00:00+0000', tz='UTC')}"
2024-02-05 20:00:00+00:00,2024-02-06 00:00:00+00:00,1,2025.105,2026.685,2011.0051179833658,,0.36,71.27999999999739,0.14042670695145135,"{'time_exit_bars': 2, 'atr': 4.644960672211372, 'entry_hour_utc': 19, 'exit_reason': 'time_exit', 'signal_time': Timestamp('2024-02-05 19:00:00+0000', tz='UTC')}"
2024-02-06 20:00:00+00:00,2024-02-07 00:00:00+00:00,1,2035.805,2034.825,2023.8757695387872,,0.42,-24.360000000000763,-0.04862006831755403,"{'time_exit_bars': 2, 'atr': 3.938076820404337, 'entry_hour_utc': 19, 'exit_reason': 'time_exit', 'signal_time': Timestamp('2024-02-06 19:00:00+0000', tz='UTC')}"
2024-02-07 20:00:00+00:00,2024-02-08 00:00:00+00:00,1,2034.805,2037.075,2024.2922307669423,,0.48,166.55999999999912,0.33007478078073477,"{'time_exit_bars': 2, 'atr': 3.469256411019203, 'entry_hour_utc': 19, 'exit_reason': 'time_exit', 'signal_time': Timestamp('2024-02-07 19:00:00+0000', tz='UTC')}"
2024-02-08 20:00:00+00:00,2024-02-09 00:00:00+00:00,1,2033.075,2031.835,2019.2644867173753,,0.36,-30.24000000000033,-0.06082322813134188,"{'time_exit_bars': 2, 'atr': 4.565171094208195, 'entry_hour_utc': 19, 'exit_reason': 'time_exit', 'signal_time': Timestamp('2024-02-08 19:00:00+0000', tz='UTC')}"
2024-02-09 20:00:00+00:00,2024-02-12 00:00:00+00:00,1,2025.185,2024.915,2014.4685227987488,,0.47,43.710000000000846,0.08678224966423144,"{'time_exit_bars': 2, 'atr': 3.5338257337503727, 'entry_hour_utc': 19, 'exit_reason': 'time_exit', 'signal_time': Timestamp('2024-02-09 19:00:00+0000', tz='UTC')}"
2024-02-12 20:00:00+00:00,2024-02-13 00:00:00+00:00,1,2020.115,2019.275,2009.9231310946652,,0.5,-21.999999999995907,-0.04317166989555826,"{'time_exit_bars': 2, 'atr': 3.362289635111624, 'entry_hour_utc': 19, 'exit_reason': 'time_exit', 'signal_time': Timestamp('2024-02-12 19:00:00+0000', tz='UTC')}"
2024-02-13 20:00:00+00:00,2024-02-14 00:00:00+00:00,1,1992.715,1992.445,1978.5633199203774,,0.36,4.680000000000653,0.009186188443251279,"{'time_exit_bars': 2, 'atr': 4.685560026540813, 'entry_hour_utc': 19, 'exit_reason': 'time_exit', 'signal_time': Timestamp('2024-02-13 19:00:00+0000', tz='UTC')}"
2024-02-14 20:00:00+00:00,2024-02-15 00:00:00+00:00,1,1991.165,1993.4750000000001,1980.4230682807015,,0.47,164.9700000000081,0.3267568712705804,"{'time_exit_bars': 2, 'atr': 3.558977239766169, 'entry_hour_utc': 19, 'exit_reason': 'time_exit', 'signal_time': Timestamp('2024-02-14 19:00:00+0000', tz='UTC')}"
2024-02-15 20:00:00+00:00,2024-02-16 00:00:00+00:00,1,2004.475,2002.375,1994.2454496107064,,0.49,-83.29999999999555,-0.1661852119892938,"{'time_exit_bars': 2, 'atr': 3.3681834630978313, 'entry_hour_utc': 19, 'exit_reason': 'time_exit', 'signal_time': Timestamp('2024-02-15 19:00:00+0000', tz='UTC')}"
2024-02-16 20:00:00+00:00,2024-02-19 00:00:00+00:00,1,2011.975,2018.565,2000.0167732341008,,0.42,327.1800000000061,0.6514343767267105,"{'time_exit_bars': 2, 'atr': 3.947742255299669, 'entry_hour_utc': 19, 'exit_reason': 'time_exit', 'signal_time': Timestamp('2024-02-16 19:00:00+0000', tz='UTC')}"
2024-02-20 20:00:00+00:00,2024-02-21 00:00:00+00:00,1,2024.385,2023.355,2015.5826819766849,,0.58,-36.539999999998415,-0.07157205617102907,"{'time_exit_bars': 2, 'atr': 2.8957726744383425, 'entry_hour_utc': 19, 'exit_reason': 'time_exit', 'signal_time': Timestamp('2024-02-20 19:00:00+0000', tz='UTC')}"
2024-02-21 20:00:00+00:00,2024-02-22 00:00:00+00:00,1,2024.625,2026.2250000000001,2014.4478317614792,,0.5,140.00000000000682,0.2751256473683973,"{'time_exit_bars': 2, 'atr': 3.337389412840323, 'entry_hour_utc': 19, 'exit_reason': 'time_exit', 'signal_time': Timestamp('2024-02-21 19:00:00+0000', tz='UTC')}"
2024-02-22 20:00:00+00:00,2024-02-23 00:00:00+00:00,1,2024.655,2024.355,2014.456587585211,,0.5,5.000000000002274,0.009805447743516802,"{'time_exit_bars': 2, 'atr': 3.337804138262978, 'entry_hour_utc': 19, 'exit_reason': 'time_exit', 'signal_time': Timestamp('2024-02-22 19:00:00+0000', tz='UTC')}"
2024-02-23 20:00:00+00:00,2024-02-26 00:00:00+00:00,1,2036.645,2030.105,2024.2253873811082,,0.41,-218.93999999999852,-0.4299651014780589,"{'time_exit_bars': 2, 'atr': 4.10153753963061, 'entry_hour_utc': 19, 'exit_reason': 'time_exit', 'signal_time': Timestamp('2024-02-23 19:00:00+0000', tz='UTC')}"
2024-02-26 20:00:00+00:00,2024-02-27 00:00:00+00:00,1,2032.425,2031.285,2023.3388022329661,,0.56,-41.43999999999288,-0.08144220706759345,"{'time_exit_bars': 2, 'atr': 2.990399255677909, 'entry_hour_utc': 19, 'exit_reason': 'time_exit', 'signal_time': Timestamp('2024-02-26 19:00:00+0000', tz='UTC')}"
2024-02-27 20:00:00+00:00,2024-02-28 00:00:00+00:00,1,2030.2549999999999,2030.4850000000001,2021.6147933272382,,0.59,37.17000000001448,0.07291492250831517,"{'time_exit_bars': 2, 'atr': 2.828402224253918, 'entry_hour_utc': 19, 'exit_reason': 'time_exit', 'signal_time': Timestamp('2024-02-27 19:00:00+0000', tz='UTC')}"
2024-02-28 20:00:00+00:00,2024-02-29 00:00:00+00:00,1,2033.885,2033.9650000000001,2024.6375912260728,,0.55,70.4000000000085,0.13841715352835687,"{'time_exit_bars': 2, 'atr': 3.0408029246423856, 'entry_hour_utc': 19, 'exit_reason': 'time_exit', 'signal_time': Timestamp('2024-02-28 19:00:00+0000', tz='UTC')}"
2024-02-29 20:00:00+00:00,2024-03-01 00:00:00+00:00,1,2044.175,2043.515,2033.3822599493515,,0.47,-12.219999999993156,-0.02409026797455685,"{'time_exit_bars': 2, 'atr': 3.552580016882843, 'entry_hour_utc': 19, 'exit_reason': 'time_exit', 'signal_time': Timestamp('2024-02-29 19:00:00+0000', tz='UTC')}"
2024-03-01 20:00:00+00:00,2024-03-04 00:00:00+00:00,1,2083.5950000000003,2082.435,2065.3964203172677,,0.28,1.119999999991336,0.0021979737263586553,"{'time_exit_bars': 2, 'atr': 6.061193227577427, 'entry_hour_utc': 19, 'exit_reason': 'time_exit', 'signal_time': Timestamp('2024-03-01 19:00:00+0000', tz='UTC')}"
2024-03-04 20:00:00+00:00,2024-03-05 00:00:00+00:00,1,2116.695,2115.325,2101.4799904748447,,0.33,-32.0100000000114,-0.06375283554023511,"{'time_exit_bars': 2, 'atr': 5.073336508385065, 'entry_hour_utc': 19, 'exit_reason': 'time_exit', 'signal_time': Timestamp('2024-03-04 19:00:00+0000', tz='UTC')}"
2024-03-05 20:00:00+00:00,2024-03-06 00:00:00+00:00,1,2129.815,2126.6949999999997,2111.893967496802,,0.28,-76.16000000000969,-0.1517769692965481,"{'time_exit_bars': 2, 'atr': 5.892010834399347, 'entry_hour_utc': 19, 'exit_reason': 'time_exit', 'signal_time': Timestamp('2024-03-05 19:00:00+0000', tz='UTC')}"
2024-03-06 20:00:00+00:00,2024-03-07 00:00:00+00:00,1,2146.8450000000003,2148.605,2128.110769016843,,0.27,79.91999999999362,0.157999546533876,"{'time_exit_bars': 2, 'atr': 6.21307699438577, 'entry_hour_utc': 19, 'exit_reason': 'time_exit', 'signal_time': Timestamp('2024-03-06 19:00:00+0000', tz='UTC')}"
2024-03-07 20:00:00+00:00,2024-03-08 00:00:00+00:00,1,2158.835,2160.665,2142.192217710361,,0.3,66.89999999999782,0.13399201895395976,"{'time_exit_bars': 2, 'atr': 5.4392607632130945, 'entry_hour_utc': 19, 'exit_reason': 'time_exit', 'signal_time': Timestamp('2024-03-07 19:00:00+0000', tz='UTC')}"
2024-03-08 20:00:00+00:00,2024-03-10 23:00:00+00:00,1,2177.405,2181.345,2154.4590904711795,,0.22,104.27999999999119,0.20657276601069238,"{'time_exit_bars': 2, 'atr': 7.6036365096069005, 'entry_hour_utc': 19, 'exit_reason': 'time_exit', 'signal_time': Timestamp('2024-03-08 19:00:00+0000', tz='UTC')}"
2024-03-11 21:00:00+00:00,2024-03-12 00:00:00+00:00,1,2182.3450000000003,2180.265,2168.459147991324,,0.36,-60.48000000001375,-0.12098645433860647,"{'time_exit_bars': 2, 'atr': 4.730284002892159, 'entry_hour_utc': 19, 'exit_reason': 'time_exit', 'signal_time': Timestamp('2024-03-11 19:00:00+0000', tz='UTC')}"
2024-03-12 21:00:00+00:00,2024-03-13 00:00:00+00:00,1,2158.175,2158.9849999999997,2139.6275481822518,,0.27,32.66999999998625,0.06523807215617715,"{'time_exit_bars': 2, 'atr': 6.167483939249392, 'entry_hour_utc': 19, 'exit_reason': 'time_exit', 'signal_time': Timestamp('2024-03-12 19:00:00+0000', tz='UTC')}"
2024-03-13 21:00:00+00:00,2024-03-14 00:00:00+00:00,1,2174.715,2176.075,2162.010757745232,,0.4,102.3999999999869,0.20150749243142085,"{'time_exit_bars': 2, 'atr': 4.103080751589416, 'entry_hour_utc': 19, 'exit_reason': 'time_exit', 'signal_time': Timestamp('2024-03-13 19:00:00+0000', tz='UTC')}"
2024-03-14 21:00:00+00:00,2024-03-15 00:00:00+00:00,1,2162.4950000000003,2162.535,2149.8603608190465,,0.4,17.59999999998036,0.03482489635816344,"{'time_exit_bars': 2, 'atr': 4.109879726984498, 'entry_hour_utc': 19, 'exit_reason': 'time_exit', 'signal_time': Timestamp('2024-03-14 19:00:00+0000', tz='UTC')}"
2024-03-17 21:00:00+00:00,2024-03-18 00:00:00+00:00,1,2153.2050000000004,2156.355,2142.5673378386136,,0.48,170.39999999998253,0.33371994204569216,"{'time_exit_bars': 2, 'atr': 4.417554053795568, 'entry_hour_utc': 19, 'exit_reason': 'time_exit', 'signal_time': Timestamp('2024-03-15 19:00:00+0000', tz='UTC')}"
2024-03-18 21:00:00+00:00,2024-03-19 00:00:00+00:00,1,2160.2850000000003,2160.3849999999998,2150.0002547726713,,0.49,24.499999999973262,0.04861569139027714,"{'time_exit_bars': 2, 'atr': 3.4199150757762764, 'entry_hour_utc': 19, 'exit_reason': 'time_exit', 'signal_time': Timestamp('2024-03-18 19:00:00+0000', tz='UTC')}"
2024-03-19 21:00:00+00:00,2024-03-20 00:00:00+00:00,1,2157.875,2156.9249999999997,2145.8792887875165,,0.42,-23.10000000001146,-0.04584971997557843,"{'time_exit_bars': 2, 'atr': 3.8669037374945496, 'entry_hour_utc': 19, 'exit_reason': 'time_exit', 'signal_time': Timestamp('2024-03-19 19:00:00+0000', tz='UTC')}"
2024-03-20 21:00:00+00:00,2024-03-21 00:00:00+00:00,1,2187.355,2198.8149999999996,2169.4524401848935,,0.28,354.47999999998837,0.7071614411988625,"{'time_exit_bars': 2, 'atr': 5.5958532717021745, 'entry_hour_utc': 19, 'exit_reason': 'time_exit', 'signal_time': Timestamp('2024-03-20 19:00:00+0000', tz='UTC')}"
2024-03-21 21:00:00+00:00,2024-03-22 00:00:00+00:00,1,2181.6850000000004,2184.745,2163.232709986379,,0.27,93.41999999998625,0.18751060152671384,"{'time_exit_bars': 2, 'atr': 6.005763337873681, 'entry_hour_utc': 19, 'exit_reason': 'time_exit', 'signal_time': Timestamp('2024-03-21 19:00:00+0000', tz='UTC')}"
2024-03-24 21:00:00+00:00,2024-03-25 00:00:00+00:00,1,2166.0750000000003,2165.345,2148.9285351912786,,0.3,-9.900000000014188,-0.019245949744265387,"{'time_exit_bars': 2, 'atr': 5.447154936240425, 'entry_hour_utc': 19, 'exit_reason': 'time_exit', 'signal_time': Timestamp('2024-03-22 19:00:00+0000', tz='UTC')}"
2024-03-25 21:00:00+00:00,2024-03-26 00:00:00+00:00,1,2171.775,2173.645,2159.7144945425584,,0.42,95.33999999999541,0.18821765041358535,"{'time_exit_bars': 2, 'atr': 4.005168485813795, 'entry_hour_utc': 19, 'exit_reason': 'time_exit', 'signal_time': Timestamp('2024-03-25 19:00:00+0000', tz='UTC')}"
2024-03-26 21:00:00+00:00,2024-03-27 00:00:00+00:00,1,2178.255,2177.165,2161.23829049891,,0.3,-20.700000000004366,-0.04054837981196894,"{'time_exit_bars': 2, 'atr': 5.797236500363375, 'entry_hour_utc': 19, 'exit_reason': 'time_exit', 'signal_time': Timestamp('2024-03-26 19:00:00+0000', tz='UTC')}"
2024-03-27 21:00:00+00:00,2024-03-28 00:00:00+00:00,1,2193.5750000000003,2188.845,2178.8522531561043,,0.35,-123.55000000001655,-0.23976504095524886,"{'time_exit_bars': 2, 'atr': 5.342582281298577, 'entry_hour_utc': 19, 'exit_reason': 'time_exit', 'signal_time': Timestamp('2024-03-27 19:00:00+0000', tz='UTC')}"
2024-03-31 22:00:00+00:00,2024-04-01 01:00:00+00:00,1,2242.1150000000002,2249.875,2209.309859814735,,0.15,122.39999999999644,0.24874150678572246,"{'time_exit_bars': 2, 'atr': 7.856713395088352, 'entry_hour_utc': 19, 'exit_reason': 'time_exit', 'signal_time': Timestamp('2024-03-28 19:00:00+0000', tz='UTC')}"
2024-04-01 20:00:00+00:00,2024-04-02 00:00:00+00:00,1,2244.735,2248.8149999999996,2222.7612576219835,,0.23,103.03999999998787,0.20387969982215876,"{'time_exit_bars': 2, 'atr': 7.296247459338803, 'entry_hour_utc': 19, 'exit_reason': 'time_exit', 'signal_time': Timestamp('2024-04-01 19:00:00+0000', tz='UTC')}"
2024-04-02 20:00:00+00:00,2024-04-03 00:00:00+00:00,1,2277.5950000000003,2279.665,2254.167963352589,,0.22,54.339999999993594,0.1054337361218353,"{'time_exit_bars': 2, 'atr': 7.760678882470259, 'entry_hour_utc': 19, 'exit_reason': 'time_exit', 'signal_time': Timestamp('2024-04-02 19:00:00+0000', tz='UTC')}"
2024-04-03 20:00:00+00:00,2024-04-04 00:00:00+00:00,1,2297.655,2297.2549999999997,2277.527705373877,,0.25,19.999999999986358,0.039747020891775973,"{'time_exit_bars': 2, 'atr': 6.634098208707667, 'entry_hour_utc': 19, 'exit_reason': 'time_exit', 'signal_time': Timestamp('2024-04-03 19:00:00+0000', tz='UTC')}"
2024-04-04 20:00:00+00:00,2024-04-05 00:00:00+00:00,1,2285.0350000000003,2288.475,2263.1034557720423,,0.23,88.3199999999908,0.1750902699821938,"{'time_exit_bars': 2, 'atr': 7.282181409319206, 'entry_hour_utc': 19, 'exit_reason': 'time_exit', 'signal_time': Timestamp('2024-04-04 19:00:00+0000', tz='UTC')}"
2024-04-05 20:00:00+00:00,2024-04-08 00:00:00+00:00,1,2323.3650000000002,2310.975,2296.530470099353,,0.19,-212.6100000000062,-0.4170000384366855,"{'time_exit_bars': 2, 'atr': 8.86650996688242, 'entry_hour_utc': 19, 'exit_reason': 'time_exit', 'signal_time': Timestamp('2024-04-05 19:00:00+0000', tz='UTC')}"
2024-04-08 20:00:00+00:00,2024-04-09 00:00:00+00:00,1,2338.7250000000004,2338.5449999999996,2309.604522671782,,0.17,3.739999999987322,0.007554821218059822,"{'time_exit_bars': 2, 'atr': 9.595159109405902, 'entry_hour_utc': 19, 'exit_reason': 'time_exit', 'signal_time': Timestamp('2024-04-08 19:00:00+0000', tz='UTC')}"
2024-04-09 20:00:00+00:00,2024-04-10 00:00:00+00:00,1,2351.295,2354.705,2326.1808637358267,,0.2,76.19999999999709,0.15170738742208,"{'time_exit_bars': 2, 'atr': 8.323045421391187, 'entry_hour_utc': 19, 'exit_reason': 'time_exit', 'signal_time': Timestamp('2024-04-09 19:00:00+0000', tz='UTC')}"
2024-04-10 20:00:00+00:00,2024-04-11 00:00:00+00:00,1,2329.7850000000003,2335.2949999999996,2300.7296043408255,,0.17,114.06999999998826,0.23093817336748257,"{'time_exit_bars': 2, 'atr': 9.696798553058246, 'entry_hour_utc': 19, 'exit_reason': 'time_exit', 'signal_time': Timestamp('2024-04-10 19:00:00+0000', tz='UTC')}"
2024-04-11 20:00:00+00:00,2024-04-12 00:00:00+00:00,1,2373.0750000000003,2376.605,2347.1467807644453,,0.19,74.66999999999516,0.15157230677109523,"{'time_exit_bars': 2, 'atr': 8.527739745184826, 'entry_hour_utc': 19, 'exit_reason': 'time_exit', 'signal_time': Timestamp('2024-04-11 19:00:00+0000', tz='UTC')}"
2024-04-12 20:00:00+00:00,2024-04-15 00:00:00+00:00,1,2343.4550000000004,2364.375,2298.517769894453,,0.11,243.3199999999958,0.4922421775450952,"{'time_exit_bars': 2, 'atr': 14.910743368515693, 'entry_hour_utc': 19, 'exit_reason': 'time_exit', 'signal_time': Timestamp('2024-04-12 19:00:00+0000', tz='UTC')}"
2024-04-15 20:00:00+00:00,2024-04-16 00:00:00+00:00,1,2386.8450000000003,2381.745,2352.4264615468996,,0.15,-70.50000000000546,-0.1365543166919966,"{'time_exit_bars': 2, 'atr': 11.301179484366708, 'entry_hour_utc': 19, 'exit_reason': 'time_exit', 'signal_time': Timestamp('2024-04-15 19:00:00+0000', tz='UTC')}"
2024-04-16 20:00:00+00:00,2024-04-17 00:00:00+00:00,1,2389.855,2382.4049999999997,2359.04370833475,,0.16,-112.80000000000436,-0.22881221847481076,"{'time_exit_bars': 2, 'atr': 10.25543055508331, 'entry_hour_utc': 19, 'exit_reason': 'time_exit', 'signal_time': Timestamp('2024-04-16 19:00:00+0000', tz='UTC')}"
2024-04-17 20:00:00+00:00,2024-04-18 00:00:00+00:00,1,2372.8650000000002,2367.615,2348.0825752197748,,0.2,-81.00000000000911,-0.16342226541254556,"{'time_exit_bars': 2, 'atr': 8.162474926741814, 'entry_hour_utc': 19, 'exit_reason': 'time_exit', 'signal_time': Timestamp('2024-04-17 19:00:00+0000', tz='UTC')}"
2024-04-18 20:00:00+00:00,2024-04-19 00:00:00+00:00,1,2380.355,2379.6349999999998,2359.939742827446,,0.25,-8.000000000006366,-0.015674551503101247,"{'time_exit_bars': 2, 'atr': 6.766752390851199, 'entry_hour_utc': 19, 'exit_reason': 'time_exit', 'signal_time': Timestamp('2024-04-18 19:00:00+0000', tz='UTC')}"
2024-04-19 20:00:00+00:00,2024-04-22 00:00:00+00:00,1,2388.335,2386.1949999999997,2352.7747838844252,,0.14,-13.160000000004587,-0.026434035072937106,"{'time_exit_bars': 2, 'atr': 11.58840537185825, 'entry_hour_utc': 19, 'exit_reason': 'time_exit', 'signal_time': Timestamp('2024-04-19 19:00:00+0000', tz='UTC')}"
2024-04-22 20:00:00+00:00,2024-04-23 00:00:00+00:00,1,2329.445,2333.515,2303.6678699643644,,0.2,89.3999999999942,0.1734095298359487,"{'time_exit_bars': 2, 'atr': 8.5407100118785, 'entry_hour_utc': 19, 'exit_reason': 'time_exit', 'signal_time': Timestamp('2024-04-22 19:00:00+0000', tz='UTC')}"
2024-04-23 20:00:00+00:00,2024-04-24 00:00:00+00:00,1,2322.645,2323.0649999999996,2288.8455957538417,,0.15,12.29999999999427,0.02426078264657052,"{'time_exit_bars': 2, 'atr': 11.12480141538597, 'entry_hour_utc': 19, 'exit_reason': 'time_exit', 'signal_time': Timestamp('2024-04-23 19:00:00+0000', tz='UTC')}"
2024-04-24 20:00:00+00:00,2024-04-25 00:00:00+00:00,1,2319.195,2315.9849999999997,2297.2977280100663,,0.23,-46.230000000011295,-0.09179225617348516,"{'time_exit_bars': 2, 'atr': 7.227423996644616, 'entry_hour_utc': 19, 'exit_reason': 'time_exit', 'signal_time': Timestamp('2024-04-24 19:00:00+0000', tz='UTC')}"
2024-04-25 20:00:00+00:00,2024-04-26 00:00:00+00:00,1,2333.0750000000003,2330.345,2309.30464635271,,0.21,-48.93000000000993,-0.09802125936254494,"{'time_exit_bars': 2, 'atr': 7.875117882429973, 'entry_hour_utc': 19, 'exit_reason': 'time_exit', 'signal_time': Timestamp('2024-04-25 19:00:00+0000', tz='UTC')}"
2024-04-26 20:00:00+00:00,2024-04-29 00:00:00+00:00,1,2340.105,2335.7949999999996,2319.900095343192,,0.25,-77.75000000001,-0.15392302279201653,"{'time_exit_bars': 2, 'atr': 6.676634885602584, 'entry_hour_utc': 19, 'exit_reason': 'time_exit', 'signal_time': Timestamp('2024-04-26 19:00:00+0000', tz='UTC')}"
2024-04-29 20:00:00+00:00,2024-04-30 00:00:00+00:00,1,2336.0150000000003,2332.9049999999997,2313.620963702145,,0.23,-62.330000000013385,-0.12101436132173031,"{'time_exit_bars': 2, 'atr': 7.333012099284823, 'entry_hour_utc': 19, 'exit_reason': 'time_exit', 'signal_time': Timestamp('2024-04-29 19:00:00+0000', tz='UTC')}"
2024-04-30 20:00:00+00:00,2024-05-01 00:00:00+00:00,1,2290.7250000000004,2291.0649999999996,2271.0796332908167,,0.26,19.239999999980135,0.03766791482967358,"{'time_exit_bars': 2, 'atr': 6.556788903061143, 'entry_hour_utc': 19, 'exit_reason': 'time_exit', 'signal_time': Timestamp('2024-04-30 19:00:00+0000', tz='UTC')}"
2024-05-01 20:00:00+00:00,2024-05-02 00:00:00+00:00,1,2309.895,2323.605,2284.5778220769516,,0.2,298.2000000000007,0.5889281990796539,"{'time_exit_bars': 2, 'atr': 8.400725974349536, 'entry_hour_utc': 19, 'exit_reason': 'time_exit', 'signal_time': Timestamp('2024-05-01 19:00:00+0000', tz='UTC')}"
2024-05-02 20:00:00+00:00,2024-05-03 00:00:00+00:00,1,2303.045,2303.9649999999997,2281.4889311107618,,0.24,31.679999999990834,0.06123565510864634,"{'time_exit_bars': 2, 'atr': 7.1436896297460875, 'entry_hour_utc': 19, 'exit_reason': 'time_exit', 'signal_time': Timestamp('2024-05-02 19:00:00+0000', tz='UTC')}"
2024-05-03 20:00:00+00:00,2024-05-06 00:00:00+00:00,1,2301.485,2293.7149999999997,2277.0351856794364,,0.21,-137.97000000000918,-0.2687136971209911,"{'time_exit_bars': 2, 'atr': 8.12160477352126, 'entry_hour_utc': 19, 'exit_reason': 'time_exit', 'signal_time': Timestamp('2024-05-03 19:00:00+0000', tz='UTC')}"
2024-05-06 20:00:00+00:00,2024-05-07 00:00:00+00:00,1,2325.0150000000003,2325.745,2304.421118496545,,0.25,28.249999999989086,0.054870666309795875,"{'time_exit_bars': 2, 'atr': 6.862960501151706, 'entry_hour_utc': 19, 'exit_reason': 'time_exit', 'signal_time': Timestamp('2024-05-06 19:00:00+0000', tz='UTC')}"
2024-05-07 20:00:00+00:00,2024-05-08 00:00:00+00:00,1,2314.8450000000003,2314.895,2299.2717775172337,,0.33,14.849999999990997,0.028895753624383097,"{'time_exit_bars': 2, 'atr': 5.132740827588874, 'entry_hour_utc': 19, 'exit_reason': 'time_exit', 'signal_time': Timestamp('2024-05-07 19:00:00+0000', tz='UTC')}"
2024-05-08 20:00:00+00:00,2024-05-09 00:00:00+00:00,1,2308.4550000000004,2308.5449999999996,2291.1288960329025,,0.29,37.40999999997784,0.07445413016388075,"{'time_exit_bars': 2, 'atr': 5.683701322365752, 'entry_hour_utc': 19, 'exit_reason': 'time_exit', 'signal_time': Timestamp('2024-05-08 19:00:00+0000', tz='UTC')}"
2024-05-09 20:00:00+00:00,2024-05-10 00:00:00+00:00,1,2343.8450000000003,2346.335,2323.850043355925,,0.25,72.24999999999454,0.14453644743741687,"{'time_exit_bars': 2, 'atr': 6.646652214691556, 'entry_hour_utc': 19, 'exit_reason': 'time_exit', 'signal_time': Timestamp('2024-05-09 19:00:00+0000', tz='UTC')}"
2024-05-10 20:00:00+00:00,2024-05-13 00:00:00+00:00,1,2363.4950000000003,2360.1749999999997,2341.7522606545745,,0.23,-48.76000000001422,-0.09750381340273077,"{'time_exit_bars': 2, 'atr': 7.182579781808616, 'entry_hour_utc': 19, 'exit_reason': 'time_exit', 'signal_time': Timestamp('2024-05-10 19:00:00+0000', tz='UTC')}"
2024-05-13 20:00:00+00:00,2024-05-14 00:00:00+00:00,1,2337.5150000000003,2338.1349999999998,2321.404702844903,,0.32,32.63999999998195,0.0633135435168999,"{'time_exit_bars': 2, 'atr': 5.301765718365674, 'entry_hour_utc': 19, 'exit_reason': 'time_exit', 'signal_time': Timestamp('2024-05-13 19:00:00+0000', tz='UTC')}"
2024-05-14 20:00:00+00:00,2024-05-15 00:00:00+00:00,1,2356.875,2355.585,2339.446692804178,,0.29,-25.809999999998944,-0.051066347982052736,"{'time_exit_bars': 2, 'atr': 5.691102398607322, 'entry_hour_utc': 19, 'exit_reason': 'time_exit', 'signal_time': Timestamp('2024-05-14 19:00:00+0000', tz='UTC')}"
2024-05-15 20:00:00+00:00,2024-05-16 00:00:00+00:00,1,2386.465,2391.5449999999996,2361.9301598385346,,0.21,131.8799999999889,0.25596253974634975,"{'time_exit_bars': 2, 'atr': 8.139946720488473, 'entry_hour_utc': 19, 'exit_reason': 'time_exit', 'signal_time': Timestamp('2024-05-15 19:00:00+0000', tz='UTC')}"
2024-05-16 20:00:00+00:00,2024-05-17 00:00:00+00:00,1,2378.375,2377.6549999999997,2361.5630860055653,,0.3,-9.60000000000764,-0.01903412069001694,"{'time_exit_bars': 2, 'atr': 5.545637998144857, 'entry_hour_utc': 19, 'exit_reason': 'time_exit', 'signal_time': Timestamp('2024-05-16 19:00:00+0000', tz='UTC')}"
2024-05-17 20:00:00+00:00,2024-05-20 00:00:00+00:00,1,2416.8650000000002,2420.075,2396.155809578439,,0.25,110.24999999998954,0.21294893282781968,"{'time_exit_bars': 2, 'atr': 6.751396807187038, 'entry_hour_utc': 19, 'exit_reason': 'time_exit', 'signal_time': Timestamp('2024-05-17 19:00:00+0000', tz='UTC')}"
2024-05-20 20:00:00+00:00,2024-05-21 00:00:00+00:00,1,2426.895,2425.995,2397.1240527078958,,0.17,-8.500000000001547,-0.016794897222927804,"{'time_exit_bars': 2, 'atr': 9.888649097368011, 'entry_hour_utc': 19, 'exit_reason': 'time_exit', 'signal_time': Timestamp('2024-05-20 19:00:00+0000', tz='UTC')}"
2024-05-21 20:00:00+00:00,2024-05-22 00:00:00+00:00,1,2423.5550000000003,2421.605,2400.121707064021,,0.22,-34.100000000006006,-0.06614520649039518,"{'time_exit_bars': 2, 'atr': 7.736097645326359, 'entry_hour_utc': 19, 'exit_reason': 'time_exit', 'signal_time': Timestamp('2024-05-21 19:00:00+0000', tz='UTC')}"
2024-05-22 20:00:00+00:00,2024-05-23 00:00:00+00:00,1,2380.0150000000003,2381.9849999999997,2355.4402454427473,,0.21,66.56999999998625,0.12899416727088903,"{'time_exit_bars': 2, 'atr': 7.983251519084272, 'entry_hour_utc': 19, 'exit_reason': 'time_exit', 'signal_time': Timestamp('2024-05-22 19:00:00+0000', tz='UTC')}"
2024-05-23 20:00:00+00:00,2024-05-24 00:00:00+00:00,1,2331.775,2331.825,2304.4184349261363,,0.19,8.549999999994817,0.016449433574160732,"{'time_exit_bars': 2, 'atr': 9.067188357954539, 'entry_hour_utc': 19, 'exit_reason': 'time_exit', 'signal_time': Timestamp('2024-05-23 19:00:00+0000', tz='UTC')}"
2024-05-24 20:00:00+00:00,2024-05-27 00:00:00+00:00,1,2334.2050000000004,2337.0649999999996,2317.3858213879316,,0.3,121.79999999997654,0.2413910984384177,"{'time_exit_bars': 2, 'atr': 5.47139287068949, 'entry_hour_utc': 19, 'exit_reason': 'time_exit', 'signal_time': Timestamp('2024-05-24 19:00:00+0000', tz='UTC')}"
2024-05-28 20:00:00+00:00,2024-05-29 00:00:00+00:00,1,2358.355,2359.6549999999997,2340.38225322915,,0.28,47.59999999999237,0.09458765661556913,"{'time_exit_bars': 2, 'atr': 5.955915590283332, 'entry_hour_utc': 19, 'exit_reason': 'time_exit', 'signal_time': Timestamp('2024-05-28 19:00:00+0000', tz='UTC')}"
2024-05-29 20:00:00+00:00,2024-05-30 00:00:00+00:00,1,2337.045,2338.225,2319.587607577678,,0.29,69.01999999999524,0.13633192990246676,"{'time_exit_bars': 2, 'atr': 5.700797474107325, 'entry_hour_utc': 19, 'exit_reason': 'time_exit', 'signal_time': Timestamp('2024-05-29 19:00:00+0000', tz='UTC')}"
2024-05-30 20:00:00+00:00,2024-05-31 00:00:00+00:00,1,2342.0550000000003,2343.875,2321.254902733714,,0.25,55.499999999992724,0.10673027013186082,"{'time_exit_bars': 2, 'atr': 6.771699088761961, 'entry_hour_utc': 19, 'exit_reason': 'time_exit', 'signal_time': Timestamp('2024-05-30 19:00:00+0000', tz='UTC')}"
2024-05-31 20:00:00+00:00,2024-06-03 00:00:00+00:00,1,2327.905,2325.745,2306.787685049915,,0.24,-23.040000000007424,-0.045460324964109226,"{'time_exit_bars': 2, 'atr': 6.944104983361513, 'entry_hour_utc': 19, 'exit_reason': 'time_exit', 'signal_time': Timestamp('2024-05-31 19:00:00+0000', tz='UTC')}"
2024-06-03 20:00:00+00:00,2024-06-04 00:00:00+00:00,1,2347.815,2350.4449999999997,2328.3207368581543,,0.26,78.77999999999102,0.15543034265786407,"{'time_exit_bars': 2, 'atr': 6.449754380615185, 'entry_hour_utc': 19, 'exit_reason': 'time_exit', 'signal_time': Timestamp('2024-06-03 19:00:00+0000', tz='UTC')}"
2024-06-04 20:00:00+00:00,2024-06-05 00:00:00+00:00,1,2327.4950000000003,2328.6349999999998,2306.594844756702,,0.24,36.95999999998603,0.07368366321074217,"{'time_exit_bars': 2, 'atr': 6.9183850810992755, 'entry_hour_utc': 19, 'exit_reason': 'time_exit', 'signal_time': Timestamp('2024-06-04 19:00:00+0000', tz='UTC')}"
2024-06-05 20:00:00+00:00,2024-06-06 00:00:00+00:00,1,2354.795,2354.865,2337.067785659037,,0.29,36.82999999999156,0.07164126159771497,"{'time_exit_bars': 2, 'atr': 5.667404780321164, 'entry_hour_utc': 19, 'exit_reason': 'time_exit', 'signal_time': Timestamp('2024-06-05 19:00:00+0000', tz='UTC')}"
2024-06-06 20:00:00+00:00,2024-06-07 00:00:00+00:00,1,2372.7050000000004,2376.605,2352.1759776671497,,0.25,107.4999999999909,0.20945956072729038,"{'time_exit_bars': 2, 'atr': 6.828007444283362, 'entry_hour_utc': 19, 'exit_reason': 'time_exit', 'signal_time': Timestamp('2024-06-06 19:00:00+0000', tz='UTC')}"
2024-06-07 20:00:00+00:00,2024-06-10 00:00:00+00:00,1,2288.525,2298.365,2252.4534896293744,,0.14,154.5599999999957,0.30605871189108735,"{'time_exit_bars': 2, 'atr': 11.948836790208583, 'entry_hour_utc': 19, 'exit_reason': 'time_exit', 'signal_time': Timestamp('2024-06-07 19:00:00+0000', tz='UTC')}"
2024-06-10 20:00:00+00:00,2024-06-11 00:00:00+00:00,1,2308.945,2309.745,2293.3304776177442,,0.33,39.599999999991,0.07685153414384203,"{'time_exit_bars': 2, 'atr': 5.156507460751911, 'entry_hour_utc': 19, 'exit_reason': 'time_exit', 'signal_time': Timestamp('2024-06-10 19:00:00+0000', tz='UTC')}"
2024-06-11 20:00:00+00:00,2024-06-12 00:00:00+00:00,1,2315.8250000000003,2314.9649999999997,2298.9197655300404,,0.3,-13.800000000017459,-0.027210506947891774,"{'time_exit_bars': 2, 'atr': 5.4767448233198, 'entry_hour_utc': 19, 'exit_reason': 'time_exit', 'signal_time': Timestamp('2024-06-11 19:00:00+0000', tz='UTC')}"
2024-06-12 20:00:00+00:00,2024-06-13 00:00:00+00:00,1,2321.8450000000003,2320.4249999999997,2298.775307619221,,0.22,-4.8400000000115995,-0.00953632135051025,"{'time_exit_bars': 2, 'atr': 7.511564126926272, 'entry_hour_utc': 19, 'exit_reason': 'time_exit', 'signal_time': Timestamp('2024-06-12 19:00:00+0000', tz='UTC')}"
2024-06-13 20:00:00+00:00,2024-06-14 00:00:00+00:00,1,2303.855,2302.205,2280.569692070003,,0.22,-27.500000000002,-0.05368191839068573,"{'time_exit_bars': 2, 'atr': 7.623435976665676, 'entry_hour_utc': 19, 'exit_reason': 'time_exit', 'signal_time': Timestamp('2024-06-13 19:00:00+0000', tz='UTC')}"
2024-06-14 20:00:00+00:00,2024-06-17 00:00:00+00:00,1,2332.875,2328.7349999999997,2314.15270726244,,0.27,-79.38000000000886,-0.15703204950439573,"{'time_exit_bars': 2, 'atr': 6.109097579186698, 'entry_hour_utc': 19, 'exit_reason': 'time_exit', 'signal_time': Timestamp('2024-06-14 19:00:00+0000', tz='UTC')}"
2024-06-17 20:00:00+00:00,2024-06-18 00:00:00+00:00,1,2320.655,2320.575,2304.5916642154307,,0.32,10.239999999987777,0.019921142425909498,"{'time_exit_bars': 2, 'atr': 5.202778594856333, 'entry_hour_utc': 19, 'exit_reason': 'time_exit', 'signal_time': Timestamp('2024-06-17 19:00:00+0000', tz='UTC')}"
2024-06-18 20:00:00+00:00,2024-06-19 00:00:00+00:00,1,2329.545,2328.075,2312.554375502023,,0.3,-32.10000000000764,-0.06297590769118895,"{'time_exit_bars': 2, 'atr': 5.6018748326589956, 'entry_hour_utc': 19, 'exit_reason': 'time_exit', 'signal_time': Timestamp('2024-06-18 19:00:00+0000', tz='UTC')}"
2024-06-20 20:00:00+00:00,2024-06-21 00:00:00+00:00,1,2359.385,2360.6949999999997,2339.774577967354,,0.26,44.459999999986756,0.08719853132955539,"{'time_exit_bars': 2, 'atr': 6.388474010882021, 'entry_hour_utc': 19, 'exit_reason': 'time_exit', 'signal_time': Timestamp('2024-06-20 19:00:00+0000', tz='UTC')}"
2024-06-21 20:00:00+00:00,2024-06-24 00:00:00+00:00,1,2322.4550000000004,2319.035,2301.0035479330995,,0.24,-53.28000000001266,-0.1034894977308292,"{'time_exit_bars': 2, 'atr': 7.052150688966826, 'entry_hour_utc': 19, 'exit_reason': 'time_exit', 'signal_time': Timestamp('2024-06-21 19:00:00+0000', tz='UTC')}"
2024-06-24 20:00:00+00:00,2024-06-25 00:00:00+00:00,1,2331.985,2330.6949999999997,2317.328728520589,,0.35,-31.150000000014643,-0.060724857700040796,"{'time_exit_bars': 2, 'atr': 4.803757159803659, 'entry_hour_utc': 19, 'exit_reason': 'time_exit', 'signal_time': Timestamp('2024-06-24 19:00:00+0000', tz='UTC')}"
2024-06-25 20:00:00+00:00,2024-06-26 00:00:00+00:00,1,2319.915,2319.835,2302.8154967437567,,0.3,9.600000000002183,0.018713993921620917,"{'time_exit_bars': 2, 'atr': 5.684834418747711, 'entry_hour_utc': 19, 'exit_reason': 'time_exit', 'signal_time': Timestamp('2024-06-25 19:00:00+0000', tz='UTC')}"
2024-06-26 20:00:00+00:00,2024-06-27 00:00:00+00:00,1,2299.155,2298.245,2279.7418732057326,,0.26,7.539999999991959,0.01493834574270251,"{'time_exit_bars': 2, 'atr': 6.316042264755822, 'entry_hour_utc': 19, 'exit_reason': 'time_exit', 'signal_time': Timestamp('2024-06-26 19:00:00+0000', tz='UTC')}"
2024-06-27 20:00:00+00:00,2024-06-28 00:00:00+00:00,1,2326.125,2327.615,2312.727269054826,,0.39,73.7099999999915,0.14106866362177536,"{'time_exit_bars': 2, 'atr': 4.450910315057947, 'entry_hour_utc': 19, 'exit_reason': 'time_exit', 'signal_time': Timestamp('2024-06-27 19:00:00+0000', tz='UTC')}"
2024-06-28 20:00:00+00:00,2024-07-01 00:00:00+00:00,1,2325.2650000000003,2324.765,2309.0610840800814,,0.32,22.399999999985447,0.04319943422682531,"{'time_exit_bars': 2, 'atr': 5.33297197330621, 'entry_hour_utc': 19, 'exit_reason': 'time_exit', 'signal_time': Timestamp('2024-06-28 19:00:00+0000', tz='UTC')}"
2024-07-01 20:00:00+00:00,2024-07-02 00:00:00+00:00,1,2331.3050000000003,2332.105,2314.430624444853,,0.31,37.19999999999154,0.07111374261394145,"{'time_exit_bars': 2, 'atr': 5.529791851715713, 'entry_hour_utc': 19, 'exit_reason': 'time_exit', 'signal_time': Timestamp('2024-07-01 19:00:00+0000', tz='UTC')}"
2024-07-02 20:00:00+00:00,2024-07-03 00:00:00+00:00,1,2331.0550000000003,2330.115,2314.435128030466,,0.3,-16.20000000001528,-0.03249122502209244,"{'time_exit_bars': 2, 'atr': 5.4716239898446695, 'entry_hour_utc': 19, 'exit_reason': 'time_exit', 'signal_time': Timestamp('2024-07-02 19:00:00+0000', tz='UTC')}"
2024-07-03 20:00:00+00:00,2024-07-04 00:00:00+00:00,1,2354.485,2358.665,2337.1579612834043,,0.28,150.63999999999544,0.3104973728053652,"{'time_exit_bars': 2, 'atr': 5.717346238865166, 'entry_hour_utc': 19, 'exit_reason': 'time_exit', 'signal_time': Timestamp('2024-07-03 19:00:00+0000', tz='UTC')}"
2024-07-05 20:00:00+00:00,2024-07-08 00:00:00+00:00,1,2389.155,2385.935,2370.079874979016,,0.26,-52.52000000000662,-0.10589707788431758,"{'time_exit_bars': 2, 'atr': 6.236708340327949, 'entry_hour_utc': 19, 'exit_reason': 'time_exit', 'signal_time': Timestamp('2024-07-05 19:00:00+0000', tz='UTC')}"
2024-07-08 20:00:00+00:00,2024-07-09 00:00:00+00:00,1,2359.485,2361.575,2340.545177159655,,0.26,64.73999999999197,0.1314690227564087,"{'time_exit_bars': 2, 'atr': 6.208274280115045, 'entry_hour_utc': 19, 'exit_reason': 'time_exit', 'signal_time': Timestamp('2024-07-08 19:00:00+0000', tz='UTC')}"
2024-07-09 20:00:00+00:00,2024-07-10 00:00:00+00:00,1,2363.715,2364.875,2346.4436374777943,,0.28,43.67999999999593,0.0903229260571743,"{'time_exit_bars': 2, 'atr': 5.695454174068595, 'entry_hour_utc': 19, 'exit_reason': 'time_exit', 'signal_time': Timestamp('2024-07-09 19:00:00+0000', tz='UTC')}"
2024-07-10 20:00:00+00:00,2024-07-11 00:00:00+00:00,1,2372.065,2372.6749999999997,2357.246863517221,,0.33,59.7299999999892,0.12214761296760568,"{'time_exit_bars': 2, 'atr': 4.8643788275931295, 'entry_hour_utc': 19, 'exit_reason': 'time_exit', 'signal_time': Timestamp('2024-07-10 19:00:00+0000', tz='UTC')}"
2024-07-11 20:00:00+00:00,2024-07-12 00:00:00+00:00,1,2414.275,2415.705,2393.3307264511386,,0.23,42.08999999999624,0.08737471823649451,"{'time_exit_bars': 2, 'atr': 6.959757849620504, 'entry_hour_utc': 19, 'exit_reason': 'time_exit', 'signal_time': Timestamp('2024-07-11 19:00:00+0000', tz='UTC')}"
2024-07-12 20:00:00+00:00,2024-07-15 00:00:00+00:00,1,2412.8450000000003,2408.5249999999996,2397.1115502469206,,0.31,-96.72000000001917,-0.19830361738625787,"{'time_exit_bars': 2, 'atr': 5.209483251026343, 'entry_hour_utc': 19, 'exit_reason': 'time_exit', 'signal_time': Timestamp('2024-07-12 19:00:00+0000', tz='UTC')}"
2024-07-15 20:00:00+00:00,2024-07-16 00:00:00+00:00,1,2421.405,2422.4049999999997,2402.6738717551784,,0.26,36.399999999988175,0.07474189390522033,"{'time_exit_bars': 2, 'atr': 6.155376081607167, 'entry_hour_utc': 19, 'exit_reason': 'time_exit', 'signal_time': Timestamp('2024-07-15 19:00:00+0000', tz='UTC')}"
2024-07-16 20:00:00+00:00,2024-07-17 00:00:00+00:00,1,2468.795,2468.0649999999996,2446.757515618492,,0.22,-7.260000000010404,-0.01497448593893873,"{'time_exit_bars': 2, 'atr': 7.257494793835974, 'entry_hour_utc': 19, 'exit_reason': 'time_exit', 'signal_time': Timestamp('2024-07-16 19:00:00+0000', tz='UTC')}"
2024-07-17 20:00:00+00:00,2024-07-18 00:00:00+00:00,1,2458.125,2461.075,2431.5758463230663,,0.18,74.69999999999672,0.15631383397375134,"{'time_exit_bars': 2, 'atr': 8.784717892311102, 'entry_hour_utc': 19, 'exit_reason': 'time_exit', 'signal_time': Timestamp('2024-07-17 19:00:00+0000', tz='UTC')}"
2024-07-18 20:00:00+00:00,2024-07-19 00:00:00+00:00,1,2443.0150000000003,2440.9849999999997,2423.9802995496666,,0.26,-42.38000000001703,-0.08563307861102046,"{'time_exit_bars': 2, 'atr': 6.283233483444457, 'entry_hour_utc': 19, 'exit_reason': 'time_exit', 'signal_time': Timestamp('2024-07-18 19:00:00+0000', tz='UTC')}"
2024-07-19 20:00:00+00:00,2024-07-22 00:00:00+00:00,1,2398.7450000000003,2411.265,2377.684381552861,,0.23,315.55999999998915,0.651452854266161,"{'time_exit_bars': 2, 'atr': 6.958539482379736, 'entry_hour_utc': 19, 'exit_reason': 'time_exit', 'signal_time': Timestamp('2024-07-19 19:00:00+0000', tz='UTC')}"
2024-07-22 20:00:00+00:00,2024-07-23 00:00:00+00:00,1,2399.0950000000003,2395.455,2380.7353756141147,,0.27,-87.48000000000886,-0.17647419859477947,"{'time_exit_bars': 2, 'atr': 6.058208128628411, 'entry_hour_utc': 19, 'exit_reason': 'time_exit', 'signal_time': Timestamp('2024-07-22 19:00:00+0000', tz='UTC')}"
2024-07-23 20:00:00+00:00,2024-07-24 00:00:00+00:00,1,2407.6150000000002,2408.1749999999997,2390.9330953593953,,0.3,28.79999999998472,0.05754738566618976,"{'time_exit_bars': 2, 'atr': 5.4923015468682275, 'entry_hour_utc': 19, 'exit_reason': 'time_exit', 'signal_time': Timestamp('2024-07-23 19:00:00+0000', tz='UTC')}"
2024-07-24 20:00:00+00:00,2024-07-25 00:00:00+00:00,1,2398.4950000000003,2398.4649999999997,2376.9884033372045,,0.23,26.90999999998494,0.05440191297320997,"{'time_exit_bars': 2, 'atr': 7.103865554265267, 'entry_hour_utc': 19, 'exit_reason': 'time_exit', 'signal_time': Timestamp('2024-07-24 19:00:00+0000', tz='UTC')}"
2024-07-25 20:00:00+00:00,2024-07-26 00:00:00+00:00,1,2362.1850000000004,2363.5249999999996,2331.3580771192273,,0.16,27.839999999987775,0.056444167545651625,"{'time_exit_bars': 2, 'atr': 10.207307626924207, 'entry_hour_utc': 19, 'exit_reason': 'time_exit', 'signal_time': Timestamp('2024-07-25 19:00:00+0000', tz='UTC')}"
2024-07-26 20:00:00+00:00,2024-07-29 00:00:00+00:00,1,2386.395,2396.7549999999997,2366.0339168177165,,0.24,277.4399999999921,0.5677497555757862,"{'time_exit_bars': 2, 'atr': 6.725361060761232, 'entry_hour_utc': 19, 'exit_reason': 'time_exit', 'signal_time': Timestamp('2024-07-26 19:00:00+0000', tz='UTC')}"
2024-07-29 20:00:00+00:00,2024-07-30 00:00:00+00:00,1,2383.0750000000003,2380.865,2363.6436037320227,,0.25,-45.25000000001228,-0.09314822131353084,"{'time_exit_bars': 2, 'atr': 6.418798755992402, 'entry_hour_utc': 19, 'exit_reason': 'time_exit', 'signal_time': Timestamp('2024-07-29 19:00:00+0000', tz='UTC')}"
2024-07-30 20:00:00+00:00,2024-07-31 00:00:00+00:00,1,2407.085,2409.575,2389.404095006651,,0.28,80.9199999999939,0.1634531717175622,"{'time_exit_bars': 2, 'atr': 5.841968331116261, 'entry_hour_utc': 19, 'exit_reason': 'time_exit', 'signal_time': Timestamp('2024-07-30 19:00:00+0000', tz='UTC')}"
2024-07-31 20:00:00+00:00,2024-08-01 00:00:00+00:00,1,2449.945,2445.475,2425.9419890774147,,0.21,-68.67000000000534,-0.13623290888575057,"{'time_exit_bars': 2, 'atr': 7.916003640861778, 'entry_hour_utc': 19, 'exit_reason': 'time_exit', 'signal_time': Timestamp('2024-07-31 19:00:00+0000', tz='UTC')}"
2024-08-01 20:00:00+00:00,2024-08-02 00:00:00+00:00,1,2443.2050000000004,2445.515,2418.767105133703,,0.2,54.199999999989814,0.11089334882673856,"{'time_exit_bars': 2, 'atr': 8.094298288765692, 'entry_hour_utc': 19, 'exit_reason': 'time_exit', 'signal_time': Timestamp('2024-08-01 19:00:00+0000', tz='UTC')}"
2024-08-02 20:00:00+00:00,2024-08-05 00:00:00+00:00,1,2437.635,2440.6949999999997,2401.0647887824693,,0.13,55.37999999999338,0.11648825254685294,"{'time_exit_bars': 2, 'atr': 12.131737072510175, 'entry_hour_utc': 19, 'exit_reason': 'time_exit', 'signal_time': Timestamp('2024-08-02 19:00:00+0000', tz='UTC')}"
2024-08-05 20:00:00+00:00,2024-08-06 00:00:00+00:00,1,2407.735,2404.5449999999996,2364.667551416183,,0.11,-30.690000000005604,-0.0647821055517291,"{'time_exit_bars': 2, 'atr': 14.29414952793907, 'entry_hour_utc': 19, 'exit_reason': 'time_exit', 'signal_time': Timestamp('2024-08-05 19:00:00+0000', tz='UTC')}"
2024-08-06 20:00:00+00:00,2024-08-07 00:00:00+00:00,1,2387.735,2383.585,2362.2132255214665,,0.19,-71.25000000000173,-0.1469333569714839,"{'time_exit_bars': 2, 'atr': 8.448924826177869, 'entry_hour_utc': 19, 'exit_reason': 'time_exit', 'signal_time': Timestamp('2024-08-06 19:00:00+0000', tz='UTC')}"
2024-08-07 20:00:00+00:00,2024-08-08 00:00:00+00:00,1,2385.715,2384.595,2364.096660062453,,0.23,1.8399999999920524,0.003700561663419331,"{'time_exit_bars': 2, 'atr': 7.1444466458490705, 'entry_hour_utc': 19, 'exit_reason': 'time_exit', 'signal_time': Timestamp('2024-08-07 19:00:00+0000', tz='UTC')}"
2024-08-08 20:00:00+00:00,2024-08-09 00:00:00+00:00,1,2423.675,2424.355,2402.5347492355436,,0.23,24.839999999996238,0.05108737886003017,"{'time_exit_bars': 2, 'atr': 6.9850835881520865, 'entry_hour_utc': 19, 'exit_reason': 'time_exit', 'signal_time': Timestamp('2024-08-08 19:00:00+0000', tz='UTC')}"
2024-08-09 20:00:00+00:00,2024-08-12 00:00:00+00:00,1,2429.155,2427.645,2410.5991643522257,,0.27,-8.370000000005895,-0.016706334647741815,"{'time_exit_bars': 2, 'atr': 6.123611882591394, 'entry_hour_utc': 19, 'exit_reason': 'time_exit', 'signal_time': Timestamp('2024-08-09 19:00:00+0000', tz='UTC')}"
2024-08-12 20:00:00+00:00,2024-08-13 00:00:00+00:00,1,2470.545,2475.305,2453.176879133057,,0.29,149.6399999999931,0.29709604392613453,"{'time_exit_bars': 2, 'atr': 5.7277069556477604, 'entry_hour_utc': 19, 'exit_reason': 'time_exit', 'signal_time': Timestamp('2024-08-12 19:00:00+0000', tz='UTC')}"
2024-08-13 20:00:00+00:00,2024-08-14 00:00:00+00:00,1,2467.0750000000003,2463.875,2448.3993877112744,,0.27,-75.60000000000737,-0.1499281499697108,"{'time_exit_bars': 2, 'atr': 6.170204096241819, 'entry_hour_utc': 19, 'exit_reason': 'time_exit', 'signal_time': Timestamp('2024-08-13 19:00:00+0000', tz='UTC')}"
2024-08-14 20:00:00+00:00,2024-08-15 00:00:00+00:00,1,2447.235,2449.1749999999997,2424.326403623012,,0.22,69.0799999999912,0.1370664508784033,"{'time_exit_bars': 2, 'atr': 7.571198792329282, 'entry_hour_utc': 19, 'exit_reason': 'time_exit', 'signal_time': Timestamp('2024-08-14 19:00:00+0000', tz='UTC')}"
2024-08-15 20:00:00+00:00,2024-08-16 00:00:00+00:00,1,2455.6150000000002,2457.0449999999996,2434.9456402917785,,0.24,43.91999999998516,0.08853684999596088,"{'time_exit_bars': 2, 'atr': 6.848119902740375, 'entry_hour_utc': 19, 'exit_reason': 'time_exit', 'signal_time': Timestamp('2024-08-15 19:00:00+0000', tz='UTC')}"
2024-08-16 20:00:00+00:00,2024-08-19 00:00:00+00:00,1,2508.0750000000003,2506.165,2485.1506526232156,,0.22,-15.620000000006801,-0.03097143784862207,"{'time_exit_bars': 2, 'atr': 7.613115792261341, 'entry_hour_utc': 19, 'exit_reason': 'time_exit', 'signal_time': Timestamp('2024-08-16 19:00:00+0000', tz='UTC')}"
2024-08-19 20:00:00+00:00,2024-08-20 00:00:00+00:00,1,2505.5350000000003,2503.365,2486.733415056386,,0.26,-46.02000000001372,-0.09414099956512931,"{'time_exit_bars': 2, 'atr': 6.222194981204714, 'entry_hour_utc': 19, 'exit_reason': 'time_exit', 'signal_time': Timestamp('2024-08-19 19:00:00+0000', tz='UTC')}"
2024-08-20 20:00:00+00:00,2024-08-21 00:00:00+00:00,1,2515.085,2512.665,2492.8787177071736,,0.22,-44.440000000001604,-0.09096524908415735,"{'time_exit_bars': 2, 'atr': 7.3237607642755, 'entry_hour_utc': 19, 'exit_reason': 'time_exit', 'signal_time': Timestamp('2024-08-20 19:00:00+0000', tz='UTC')}"
2024-08-21 20:00:00+00:00,2024-08-22 00:00:00+00:00,1,2511.5350000000003,2512.515,2490.679050481995,,0.24,52.31999999998952,0.10452652841902693,"{'time_exit_bars': 2, 'atr': 6.896983172668266, 'entry_hour_utc': 19, 'exit_reason': 'time_exit', 'signal_time': Timestamp('2024-08-21 19:00:00+0000', tz='UTC')}"
2024-08-22 20:00:00+00:00,2024-08-23 00:00:00+00:00,1,2483.0550000000003,2487.2949999999996,2461.7217761546,,0.23,106.71999999998454,0.2175011162693884,"{'time_exit_bars': 2, 'atr': 7.0527412818001, 'entry_hour_utc': 19, 'exit_reason': 'time_exit', 'signal_time': Timestamp('2024-08-22 19:00:00+0000', tz='UTC')}"
2024-08-23 20:00:00+00:00,2024-08-26 00:00:00+00:00,1,2510.855,2515.6549999999997,2493.618287073732,,0.29,173.9999999999921,0.34809421179464006,"{'time_exit_bars': 2, 'atr': 5.690570975422674, 'entry_hour_utc': 19, 'exit_reason': 'time_exit', 'signal_time': Timestamp('2024-08-23 19:00:00+0000', tz='UTC')}"
2024-08-26 20:00:00+00:00,2024-08-27 00:00:00+00:00,1,2518.2250000000004,2515.245,2502.5998921234986,,0.32,-82.56000000001514,-0.16511886000355128,"{'time_exit_bars': 2, 'atr': 5.146702625500463, 'entry_hour_utc': 19, 'exit_reason': 'time_exit', 'signal_time': Timestamp('2024-08-26 19:00:00+0000', tz='UTC')}"
2024-08-27 20:00:00+00:00,2024-08-28 00:00:00+00:00,1,2525.135,2525.0249999999996,2505.945398873184,,0.26,7.539999999984866,0.015112351636853979,"{'time_exit_bars': 2, 'atr': 6.3348670422719575, 'entry_hour_utc': 19, 'exit_reason': 'time_exit', 'signal_time': Timestamp('2024-08-27 19:00:00+0000', tz='UTC')}"
2024-08-28 20:00:00+00:00,2024-08-29 00:00:00+00:00,1,2507.7250000000004,2507.845,2490.2318081406343,,0.28,36.95999999998421,0.07545792732460595,"{'time_exit_bars': 2, 'atr': 5.752730619788513, 'entry_hour_utc': 19, 'exit_reason': 'time_exit', 'signal_time': Timestamp('2024-08-28 19:00:00+0000', tz='UTC')}"
2024-08-29 20:00:00+00:00,2024-08-30 00:00:00+00:00,1,2521.215,2519.335,2502.86554409196,,0.27,-39.96000000000295,-0.08065634247779696,"{'time_exit_bars': 2, 'atr': 6.051485302680019, 'entry_hour_utc': 19, 'exit_reason': 'time_exit', 'signal_time': Timestamp('2024-08-29 19:00:00+0000', tz='UTC')}"
2024-08-30 20:00:00+00:00,2024-09-02 00:00:00+00:00,1,2502.385,2502.705,2482.3548548648946,,0.25,37.999999999992724,0.07588562088527745,"{'time_exit_bars': 2, 'atr': 6.638381711701754, 'entry_hour_utc': 19, 'exit_reason': 'time_exit', 'signal_time': Timestamp('2024-08-30 19:00:00+0000', tz='UTC')}"
2024-09-03 20:00:00+00:00,2024-09-04 00:00:00+00:00,1,2492.105,2492.9449999999997,2469.181899409207,,0.22,27.279999999993198,0.054093903880425474,"{'time_exit_bars': 2, 'atr': 7.572700196931109, 'entry_hour_utc': 19, 'exit_reason': 'time_exit', 'signal_time': Timestamp('2024-09-03 19:00:00+0000', tz='UTC')}"
2024-09-04 20:00:00+00:00,2024-09-05 00:00:00+00:00,1,2493.445,2495.595,2475.0891440813884,,0.27,90.44999999999018,0.18250306686069265,"{'time_exit_bars': 2, 'atr': 6.066951972870578, 'entry_hour_utc': 19, 'exit_reason': 'time_exit', 'signal_time': Timestamp('2024-09-04 19:00:00+0000', tz='UTC')}"
2024-09-05 20:00:00+00:00,2024-09-06 00:00:00+00:00,1,2514.9350000000004,2516.9649999999997,2498.39364878792,,0.3,72.89999999997872,0.14690456473861874,"{'time_exit_bars': 2, 'atr': 5.462117070693336, 'entry_hour_utc': 19, 'exit_reason': 'time_exit', 'signal_time': Timestamp('2024-09-05 19:00:00+0000', tz='UTC')}"
2024-09-06 20:00:00+00:00,2024-09-09 00:00:00+00:00,1,2495.985,2496.6349999999998,2471.6170531065923,,0.2,36.999999999992724,0.07591940380090484,"{'time_exit_bars': 2, 'atr': 8.084315631135835, 'entry_hour_utc': 19, 'exit_reason': 'time_exit', 'signal_time': Timestamp('2024-09-06 19:00:00+0000', tz='UTC')}"
2024-09-09 20:00:00+00:00,2024-09-10 00:00:00+00:00,1,2506.0350000000003,2506.4849999999997,2488.472249360386,,0.28,23.799999999982177,0.04839788581192438,"{'time_exit_bars': 2, 'atr': 5.805916879871394, 'entry_hour_utc': 19, 'exit_reason': 'time_exit', 'signal_time': Timestamp('2024-09-09 19:00:00+0000', tz='UTC')}"
2024-09-10 20:00:00+00:00,2024-09-11 00:00:00+00:00,1,2517.3050000000003,2518.365,2502.614601133456,,0.34,49.639999999982685,0.09938463980882492,"{'time_exit_bars': 2, 'atr': 4.841799622181293, 'entry_hour_utc': 19, 'exit_reason': 'time_exit', 'signal_time': Timestamp('2024-09-10 19:00:00+0000', tz='UTC')}"
2024-09-11 20:00:00+00:00,2024-09-12 00:00:00+00:00,1,2513.045,2511.685,2494.932762871444,,0.28,-4.480000000003564,-0.008833806606245739,"{'time_exit_bars': 2, 'atr': 5.989079042852051, 'entry_hour_utc': 19, 'exit_reason': 'time_exit', 'signal_time': Timestamp('2024-09-11 19:00:00+0000', tz='UTC')}"
2024-09-12 20:00:00+00:00,2024-09-13 00:00:00+00:00,1,2557.925,2558.1949999999997,2536.5986086513167,,0.23,15.409999999989124,0.03141647309407022,"{'time_exit_bars': 2, 'atr': 7.070463782894419, 'entry_hour_utc': 19, 'exit_reason': 'time_exit', 'signal_time': Timestamp('2024-09-12 19:00:00+0000', tz='UTC')}"
2024-09-13 20:00:00+00:00,2024-09-16 00:00:00+00:00,1,2582.7050000000004,2578.955,2565.371712697834,,0.29,-73.95000000001319,-0.14711577530257347,"{'time_exit_bars': 2, 'atr': 5.716095767388664, 'entry_hour_utc': 19, 'exit_reason': 'time_exit', 'signal_time': Timestamp('2024-09-13 19:00:00+0000', tz='UTC')}"
2024-09-16 20:00:00+00:00,2024-09-17 00:00:00+00:00,1,2582.6150000000002,2583.4249999999997,2566.870307135792,,0.32,38.7199999999837,0.07685129271401145,"{'time_exit_bars': 2, 'atr': 5.183230954736113, 'entry_hour_utc': 19, 'exit_reason': 'time_exit', 'signal_time': Timestamp('2024-09-16 19:00:00+0000', tz='UTC')}"
2024-09-17 20:00:00+00:00,2024-09-18 00:00:00+00:00,1,2568.7250000000004,2573.7549999999997,2547.834377012076,,0.24,130.31999999998297,0.25992523071897083,"{'time_exit_bars': 2, 'atr': 6.901874329307975, 'entry_hour_utc': 19, 'exit_reason': 'time_exit', 'signal_time': Timestamp('2024-09-17 19:00:00+0000', tz='UTC')}"
2024-09-18 20:00:00+00:00,2024-09-19 00:00:00+00:00,1,2549.1150000000002,2559.015,2521.3383906113204,,0.18,199.79999999999345,0.3996168086852012,"{'time_exit_bars': 2, 'atr': 9.19386979622649, 'entry_hour_utc': 19, 'exit_reason': 'time_exit', 'signal_time': Timestamp('2024-09-18 19:00:00+0000', tz='UTC')}"
2024-09-19 20:00:00+00:00,2024-09-20 00:00:00+00:00,1,2588.405,2586.9449999999997,2565.3314525755636,,0.22,-23.320000000010804,-0.04594005336508737,"{'time_exit_bars': 2, 'atr': 7.6395158081454575, 'entry_hour_utc': 19, 'exit_reason': 'time_exit', 'signal_time': Timestamp('2024-09-19 19:00:00+0000', tz='UTC')}"
2024-09-20 20:00:00+00:00,2024-09-23 00:00:00+00:00,1,2621.175,2619.9649999999997,2601.2296142590994,,0.25,-0.2500000000122782,-0.0005013690951077851,"{'time_exit_bars': 2, 'atr': 6.6001285803003, 'entry_hour_utc': 19, 'exit_reason': 'time_exit', 'signal_time': Timestamp('2024-09-20 19:00:00+0000', tz='UTC')}"
2024-09-23 20:00:00+00:00,2024-09-24 00:00:00+00:00,1,2626.335,2626.055,2610.19764198086,,0.31,3.7199999999937976,0.007436161474354923,"{'time_exit_bars': 2, 'atr': 5.327452673046528, 'entry_hour_utc': 19, 'exit_reason': 'time_exit', 'signal_time': Timestamp('2024-09-23 19:00:00+0000', tz='UTC')}"
2024-09-24 20:00:00+00:00,2024-09-25 00:00:00+00:00,1,2662.7650000000003,2657.9049999999997,2640.6804392475183,,0.23,-102.5800000000134,-0.2019510394608745,"{'time_exit_bars': 2, 'atr': 7.303186917493973, 'entry_hour_utc': 19, 'exit_reason': 'time_exit', 'signal_time': Timestamp('2024-09-24 19:00:00+0000', tz='UTC')}"
2024-09-25 20:00:00+00:00,2024-09-26 00:00:00+00:00,1,2659.775,2656.0649999999996,2640.7956148971202,,0.26,-65.26000000001277,-0.13224875233811623,"{'time_exit_bars': 2, 'atr': 6.271461700960013, 'entry_hour_utc': 19, 'exit_reason': 'time_exit', 'signal_time': Timestamp('2024-09-25 19:00:00+0000', tz='UTC')}"
2024-09-26 20:00:00+00:00,2024-09-27 00:00:00+00:00,1,2673.7450000000003,2672.415,2650.176208656151,,0.21,-19.530000000008023,-0.03945896021702816,"{'time_exit_bars': 2, 'atr': 7.784597114616359, 'entry_hour_utc': 19, 'exit_reason': 'time_exit', 'signal_time': Timestamp('2024-09-26 19:00:00+0000', tz='UTC')}"
2024-09-27 20:00:00+00:00,2024-09-30 00:00:00+00:00,1,2652.195,2663.325,2629.9283261518376,,0.22,271.2599999999924,0.5537423363758087,"{'time_exit_bars': 2, 'atr': 7.36055794938753, 'entry_hour_utc': 19, 'exit_reason': 'time_exit', 'signal_time': Timestamp('2024-09-27 19:00:00+0000', tz='UTC')}"
2024-09-30 20:00:00+00:00,2024-10-01 00:00:00+00:00,1,2631.105,2635.4449999999997,2607.570250153529,,0.21,99.53999999999351,0.20140430771183274,"{'time_exit_bars': 2, 'atr': 7.796583282157127, 'entry_hour_utc': 19, 'exit_reason': 'time_exit', 'signal_time': Timestamp('2024-09-30 19:00:00+0000', tz='UTC')}"
2024-10-01 20:00:00+00:00,2024-10-02 00:00:00+00:00,1,2658.7450000000003,2660.105,2636.913512459467,,0.23,40.47999999999247,0.08061750243687973,"{'time_exit_bars': 2, 'atr': 7.218829180177851, 'entry_hour_utc': 19, 'exit_reason': 'time_exit', 'signal_time': Timestamp('2024-10-01 19:00:00+0000', tz='UTC')}"
2024-10-02 20:00:00+00:00,2024-10-03 00:00:00+00:00,1,2658.645,2660.015,2638.7020626888557,,0.25,64.24999999999727,0.12886767680725497,"{'time_exit_bars': 2, 'atr': 6.589312437047988, 'entry_hour_utc': 19, 'exit_reason': 'time_exit', 'signal_time': Timestamp('2024-10-02 19:00:00+0000', tz='UTC')}"
2024-10-03 20:00:00+00:00,2024-10-04 00:00:00+00:00,1,2657.9950000000003,2655.5249999999996,2637.4872730218704,,0.24,-49.68000000001702,-0.10093756378794266,"{'time_exit_bars': 2, 'atr': 6.78757565937658, 'entry_hour_utc': 19, 'exit_reason': 'time_exit', 'signal_time': Timestamp('2024-10-03 19:00:00+0000', tz='UTC')}"
2024-10-04 20:00:00+00:00,2024-10-07 00:00:00+00:00,1,2651.7450000000003,2650.015,2625.5110733357274,,0.19,-10.070000000008989,-0.020202846748148477,"{'time_exit_bars': 2, 'atr': 8.696308888090892, 'entry_hour_utc': 19, 'exit_reason': 'time_exit', 'signal_time': Timestamp('2024-10-04 19:00:00+0000', tz='UTC')}"
2024-10-07 20:00:00+00:00,2024-10-08 00:00:00+00:00,1,2643.355,2642.805,2622.248351555793,,0.24,-3.600000000004364,-0.007106765453392017,"{'time_exit_bars': 2, 'atr': 6.97054948140234, 'entry_hour_utc': 19, 'exit_reason': 'time_exit', 'signal_time': Timestamp('2024-10-07 19:00:00+0000', tz='UTC')}"
2024-10-08 20:00:00+00:00,2024-10-09 00:00:00+00:00,1,2623.0750000000003,2621.7549999999997,2593.5246086797383,,0.17,-15.640000000010513,-0.03113325945601938,"{'time_exit_bars': 2, 'atr': 9.761797106753933, 'entry_hour_utc': 19, 'exit_reason': 'time_exit', 'signal_time': Timestamp('2024-10-08 19:00:00+0000', tz='UTC')}"
2024-10-09 20:00:00+00:00,2024-10-10 00:00:00+00:00,1,2609.3650000000002,2608.205,2590.632274116227,,0.27,1.0799999999916459,0.0021353005562495223,"{'time_exit_bars': 2, 'atr': 6.209241961257642, 'entry_hour_utc': 19, 'exit_reason': 'time_exit', 'signal_time': Timestamp('2024-10-09 19:00:00+0000', tz='UTC')}"
2024-10-10 20:00:00+00:00,2024-10-11 00:00:00+00:00,1,2629.545,2632.995,2608.733125577725,,0.24,92.39999999999563,0.18499054539167878,"{'time_exit_bars': 2, 'atr': 6.825624807424991, 'entry_hour_utc': 19, 'exit_reason': 'time_exit', 'signal_time': Timestamp('2024-10-10 19:00:00+0000', tz='UTC')}"
2024-10-11 20:00:00+00:00,2024-10-14 00:00:00+00:00,1,2656.235,2647.915,2638.2553720428455,,0.28,-199.3600000000046,-0.3960037447363804,"{'time_exit_bars': 2, 'atr': 5.954875985718172, 'entry_hour_utc': 19, 'exit_reason': 'time_exit', 'signal_time': Timestamp('2024-10-11 19:00:00+0000', tz='UTC')}"
2024-10-14 20:00:00+00:00,2024-10-15 00:00:00+00:00,1,2652.645,2649.2549999999997,2634.5374701336177,,0.28,-83.72000000000916,-0.16512467587042035,"{'time_exit_bars': 2, 'atr': 5.977509955460725, 'entry_hour_utc': 19, 'exit_reason': 'time_exit', 'signal_time': Timestamp('2024-10-14 19:00:00+0000', tz='UTC')}"
2024-10-15 20:00:00+00:00,2024-10-16 00:00:00+00:00,1,2661.8250000000003,2660.305,2642.080482023062,,0.25,-28.000000000010914,-0.05672460585305747,"{'time_exit_bars': 2, 'atr': 6.533172658979287, 'entry_hour_utc': 19, 'exit_reason': 'time_exit', 'signal_time': Timestamp('2024-10-15 19:00:00+0000', tz='UTC')}"
2024-10-16 20:00:00+00:00,2024-10-17 00:00:00+00:00,1,2675.1850000000004,2673.935,2656.8206411736396,,0.27,-1.3500000000122796,-0.0027226651620792337,"{'time_exit_bars': 2, 'atr': 6.006452942120145, 'entry_hour_utc': 19, 'exit_reason': 'time_exit', 'signal_time': Timestamp('2024-10-16 19:00:00+0000', tz='UTC')}"
2024-10-17 20:00:00+00:00,2024-10-18 00:00:00+00:00,1,2692.195,2693.5249999999996,2672.236866315534,,0.25,43.24999999998681,0.0866814516502593,"{'time_exit_bars': 2, 'atr': 6.627711228155325, 'entry_hour_utc': 19, 'exit_reason': 'time_exit', 'signal_time': Timestamp('2024-10-17 19:00:00+0000', tz='UTC')}"
2024-10-18 20:00:00+00:00,2024-10-21 00:00:00+00:00,1,2719.895,2723.3149999999996,2700.9626987546108,,0.26,120.11999999999007,0.24402738685159964,"{'time_exit_bars': 2, 'atr': 6.245767081796282, 'entry_hour_utc': 19, 'exit_reason': 'time_exit', 'signal_time': Timestamp('2024-10-18 19:00:00+0000', tz='UTC')}"
2024-10-21 20:00:00+00:00,2024-10-22 00:00:00+00:00,1,2720.0950000000003,2721.2349999999997,2699.640493807321,,0.24,36.95999999998603,0.0752890334038273,"{'time_exit_bars': 2, 'atr': 6.759835397559656, 'entry_hour_utc': 19, 'exit_reason': 'time_exit', 'signal_time': Timestamp('2024-10-21 19:00:00+0000', tz='UTC')}"
2024-10-22 20:00:00+00:00,2024-10-23 00:00:00+00:00,1,2748.665,2746.415,2729.780179118607,,0.27,-49.95,-0.09796227412581891,"{'time_exit_bars': 2, 'atr': 6.199940293797683, 'entry_hour_utc': 19, 'exit_reason': 'time_exit', 'signal_time': Timestamp('2024-10-22 19:00:00+0000', tz='UTC')}"
2024-10-23 20:00:00+00:00,2024-10-24 00:00:00+00:00,1,2716.5550000000003,2721.1549999999997,2694.305814317111,,0.22,127.599999999988,0.2606836979413568,"{'time_exit_bars': 2, 'atr': 7.254728560963077, 'entry_hour_utc': 19, 'exit_reason': 'time_exit', 'signal_time': Timestamp('2024-10-23 19:00:00+0000', tz='UTC')}"
2024-10-24 20:00:00+00:00,2024-10-25 00:00:00+00:00,1,2737.2650000000003,2733.665,2719.2656394696833,,0.28,-89.60000000001018,-0.1777840937521348,"{'time_exit_bars': 2, 'atr': 5.834786843438979, 'entry_hour_utc': 19, 'exit_reason': 'time_exit', 'signal_time': Timestamp('2024-10-24 19:00:00+0000', tz='UTC')}"
2024-10-25 20:00:00+00:00,2024-10-27 23:00:00+00:00,1,2742.8050000000003,2735.605,2724.5243039385164,,0.27,-172.8000000000074,-0.35009607831534384,"{'time_exit_bars': 2, 'atr': 6.0085653538279855, 'entry_hour_utc': 19, 'exit_reason': 'time_exit', 'signal_time': Timestamp('2024-10-25 19:00:00+0000', tz='UTC')}"
2024-10-28 21:00:00+00:00,2024-10-29 00:00:00+00:00,1,2742.145,2745.625,2726.13862274249,,0.31,120.28000000000056,0.24240338320025434,"{'time_exit_bars': 2, 'atr': 5.367125752503227, 'entry_hour_utc': 19, 'exit_reason': 'time_exit', 'signal_time': Timestamp('2024-10-28 19:00:00+0000', tz='UTC')}"
2024-10-29 21:00:00+00:00,2024-10-30 00:00:00+00:00,1,2774.2850000000003,2777.955,2754.5272054718907,,0.25,101.74999999999045,0.20599465158974078,"{'time_exit_bars': 2, 'atr': 6.637598176036405, 'entry_hour_utc': 19, 'exit_reason': 'time_exit', 'signal_time': Timestamp('2024-10-29 19:00:00+0000', tz='UTC')}"
2024-10-30 21:00:00+00:00,2024-10-31 00:00:00+00:00,1,2788.025,2787.4049999999997,2768.353393351197,,0.25,14.49999999999136,0.029484119439473887,"{'time_exit_bars': 2, 'atr': 6.2855355496009615, 'entry_hour_utc': 19, 'exit_reason': 'time_exit', 'signal_time': Timestamp('2024-10-30 19:00:00+0000', tz='UTC')}"
2024-10-31 21:00:00+00:00,2024-11-01 00:00:00+00:00,1,2744.085,2744.895,2721.980759490359,,0.23,27.829999999998748,0.054740627685090325,"{'time_exit_bars': 2, 'atr': 7.263080169880312, 'entry_hour_utc': 19, 'exit_reason': 'time_exit', 'signal_time': Timestamp('2024-10-31 19:00:00+0000', tz='UTC')}"
2024-11-03 22:00:00+00:00,2024-11-04 01:00:00+00:00,1,2738.3050000000003,2739.7349999999997,2716.2803841591303,,0.23,42.08999999998578,0.08308884991326587,"{'time_exit_bars': 2, 'atr': 6.519871946956579, 'entry_hour_utc': 19, 'exit_reason': 'time_exit', 'signal_time': Timestamp('2024-11-01 19:00:00+0000', tz='UTC')}"
2024-11-04 20:00:00+00:00,2024-11-05 00:00:00+00:00,1,2737.5350000000003,2734.9049999999997,2719.7499542933324,,0.28,-62.440000000015786,-0.1253862394722156,"{'time_exit_bars': 2, 'atr': 5.863348568889264, 'entry_hour_utc': 19, 'exit_reason': 'time_exit', 'signal_time': Timestamp('2024-11-04 19:00:00+0000', tz='UTC')}"
2024-11-05 20:00:00+00:00,2024-11-06 00:00:00+00:00,1,2743.315,2737.8149999999996,2723.0390206700654,,0.25,-127.50000000001137,-0.2515291575816026,"{'time_exit_bars': 2, 'atr': 6.663659776644971, 'entry_hour_utc': 19, 'exit_reason': 'time_exit', 'signal_time': Timestamp('2024-11-05 19:00:00+0000', tz='UTC')}"
2024-11-06 20:00:00+00:00,2024-11-07 00:00:00+00:00,1,2660.855,2661.345,2615.8078136806835,,0.11,18.5899999999976,0.037516216618286274,"{'time_exit_bars': 2, 'atr': 14.957395439772096, 'entry_hour_utc': 19, 'exit_reason': 'time_exit', 'signal_time': Timestamp('2024-11-06 19:00:00+0000', tz='UTC')}"
2024-11-07 20:00:00+00:00,2024-11-08 00:00:00+00:00,1,2704.605,2706.095,2677.6714687585,,0.18,34.019999999996074,0.07017275169204724,"{'time_exit_bars': 2, 'atr': 8.936177080500071, 'entry_hour_utc': 19, 'exit_reason': 'time_exit', 'signal_time': Timestamp('2024-11-07 19:00:00+0000', tz='UTC')}"
2024-11-08 20:00:00+00:00,2024-11-11 00:00:00+00:00,1,2685.235,2683.805,2664.375046324236,,0.24,-5.520000000006988,-0.011025911350297601,"{'time_exit_bars': 2, 'atr': 6.881651225254753, 'entry_hour_utc': 19, 'exit_reason': 'time_exit', 'signal_time': Timestamp('2024-11-08 19:00:00+0000', tz='UTC')}"
2024-11-11 20:00:00+00:00,2024-11-12 00:00:00+00:00,1,2622.135,2623.845,2597.5353844725623,,0.2,42.19999999999164,0.08577369827776911,"{'time_exit_bars': 2, 'atr': 8.141538509145887, 'entry_hour_utc': 19, 'exit_reason': 'time_exit', 'signal_time': Timestamp('2024-11-11 19:00:00+0000', tz='UTC')}"
2024-11-12 20:00:00+00:00,2024-11-13 00:00:00+00:00,1,2600.135,2599.245,2575.686372112438,,0.2,-9.800000000006547,-0.020042024536256697,"{'time_exit_bars': 2, 'atr': 7.974542629187239, 'entry_hour_utc': 19, 'exit_reason': 'time_exit', 'signal_time': Timestamp('2024-11-12 19:00:00+0000', tz='UTC')}"
2024-11-13 20:00:00+00:00,2024-11-14 00:00:00+00:00,1,2573.815,2572.305,2550.5621222157647,,0.21,-6.510000000004585,-0.013331683195375825,"{'time_exit_bars': 2, 'atr': 7.722625928078467, 'entry_hour_utc': 19, 'exit_reason': 'time_exit', 'signal_time': Timestamp('2024-11-13 19:00:00+0000', tz='UTC')}"
2024-11-14 20:00:00+00:00,2024-11-15 00:00:00+00:00,1,2567.5150000000003,2566.6749999999997,2539.745076464207,,0.18,-7.9200000000108055,-0.015844480069722777,"{'time_exit_bars': 2, 'atr': 9.138307845264286, 'entry_hour_utc': 19, 'exit_reason': 'time_exit', 'signal_time': Timestamp('2024-11-14 19:00:00+0000', tz='UTC')}"
2024-11-15 20:00:00+00:00,2024-11-18 00:00:00+00:00,1,2562.3450000000003,2576.3849999999998,2540.913489511173,,0.23,350.5199999999887,0.7111024679265792,"{'time_exit_bars': 2, 'atr': 7.102170162942344, 'entry_hour_utc': 19, 'exit_reason': 'time_exit', 'signal_time': Timestamp('2024-11-15 19:00:00+0000', tz='UTC')}"
2024-11-18 20:00:00+00:00,2024-11-19 00:00:00+00:00,1,2610.505,2613.165,2590.9202721150414,,0.26,79.55999999999622,0.1562441928207726,"{'time_exit_bars': 2, 'atr': 6.446575961652885, 'entry_hour_utc': 19, 'exit_reason': 'time_exit', 'signal_time': Timestamp('2024-11-18 19:00:00+0000', tz='UTC')}"
2024-11-19 20:00:00+00:00,2024-11-20 00:00:00+00:00,1,2634.045,2637.645,2613.852503615097,,0.25,99.99999999999773,0.19809338695687323,"{'time_exit_bars': 2, 'atr': 6.63583212830119, 'entry_hour_utc': 19, 'exit_reason': 'time_exit', 'signal_time': Timestamp('2024-11-19 19:00:00+0000', tz='UTC')}"
2024-11-20 20:00:00+00:00,2024-11-21 00:00:00+00:00,1,2649.1150000000002,2658.2549999999997,2631.298702602657,,0.28,289.5199999999837,0.5803675011364263,"{'time_exit_bars': 2, 'atr': 5.873765799114305, 'entry_hour_utc': 19, 'exit_reason': 'time_exit', 'signal_time': Timestamp('2024-11-20 19:00:00+0000', tz='UTC')}"
2024-11-21 20:00:00+00:00,2024-11-22 00:00:00+00:00,1,2671.715,2672.915,2652.894732284965,,0.27,43.199999999995086,0.08501473115186352,"{'time_exit_bars': 2, 'atr': 6.211755905011802, 'entry_hour_utc': 19, 'exit_reason': 'time_exit', 'signal_time': Timestamp('2024-11-21 19:00:00+0000', tz='UTC')}"
2024-11-22 20:00:00+00:00,2024-11-25 00:00:00+00:00,1,2706.005,2710.415,2682.255676741568,,0.21,117.80999999999695,0.23621725718049955,"{'time_exit_bars': 2, 'atr': 7.901441086143988, 'entry_hour_utc': 19, 'exit_reason': 'time_exit', 'signal_time': Timestamp('2024-11-22 19:00:00+0000', tz='UTC')}"
2024-11-25 20:00:00+00:00,2024-11-26 00:00:00+00:00,1,2626.165,2619.725,2586.7924037961966,,0.13,-78.5200000000007,-0.15340619065949715,"{'time_exit_bars': 2, 'atr': 13.07586540126774, 'entry_hour_utc': 19, 'exit_reason': 'time_exit', 'signal_time': Timestamp('2024-11-25 19:00:00+0000', tz='UTC')}"
2024-11-26 20:00:00+00:00,2024-11-27 00:00:00+00:00,1,2631.905,2627.5649999999996,2607.3453001951248,,0.2,-78.800000000012,-0.16042541363711849,"{'time_exit_bars': 2, 'atr': 8.118233268291734, 'entry_hour_utc': 19, 'exit_reason': 'time_exit', 'signal_time': Timestamp('2024-11-26 19:00:00+0000', tz='UTC')}"
2024-11-27 20:00:00+00:00,2024-11-28 00:00:00+00:00,1,2637.105,2635.5049999999997,2616.591682690673,,0.25,-10.000000000009095,-0.01949952774427643,"{'time_exit_bars': 2, 'atr': 6.78277243644228, 'entry_hour_utc': 19, 'exit_reason': 'time_exit', 'signal_time': Timestamp('2024-11-27 19:00:00+0000', tz='UTC')}"
2024-12-02 20:00:00+00:00,2024-12-03 00:00:00+00:00,1,2637.2250000000004,2640.915,2615.690942707492,,0.23,94.0699999999908,0.18993169491670764,"{'time_exit_bars': 2, 'atr': 7.16968576416921, 'entry_hour_utc': 19, 'exit_reason': 'time_exit', 'signal_time': Timestamp('2024-12-02 19:00:00+0000', tz='UTC')}"
2024-12-03 20:00:00+00:00,2024-12-04 00:00:00+00:00,1,2642.215,2640.395,2623.326419455329,,0.27,-38.34000000000442,-0.0751776977969248,"{'time_exit_bars': 2, 'atr': 6.247860181557091, 'entry_hour_utc': 19, 'exit_reason': 'time_exit', 'signal_time': Timestamp('2024-12-03 19:00:00+0000', tz='UTC')}"
2024-12-04 20:00:00+00:00,2024-12-05 00:00:00+00:00,1,2650.5150000000003,2648.2749999999996,2630.5852219990716,,0.25,-26.00000000001728,-0.05218322050311977,"{'time_exit_bars': 2, 'atr': 6.488259333642857, 'entry_hour_utc': 19, 'exit_reason': 'time_exit', 'signal_time': Timestamp('2024-12-04 19:00:00+0000', tz='UTC')}"
2024-12-05 20:00:00+00:00,2024-12-06 00:00:00+00:00,1,2631.5550000000003,2628.245,2610.8644721945684,,0.24,-69.84000000000961,-0.1406440680182377,"{'time_exit_bars': 2, 'atr': 6.795175935143853, 'entry_hour_utc': 19, 'exit_reason': 'time_exit', 'signal_time': Timestamp('2024-12-05 19:00:00+0000', tz='UTC')}"
2024-12-06 20:00:00+00:00,2024-12-09 00:00:00+00:00,1,2632.0550000000003,2630.825,2609.9083727363814,,0.23,-0.6900000000108761,-0.0013546080693630019,"{'time_exit_bars': 2, 'atr': 7.350542421206229, 'entry_hour_utc': 19, 'exit_reason': 'time_exit', 'signal_time': Timestamp('2024-12-06 19:00:00+0000', tz='UTC')}"
2024-12-09 20:00:00+00:00,2024-12-10 00:00:00+00:00,1,2658.0350000000003,2664.7749999999996,2638.6193950915435,,0.26,185.6399999999825,0.3677454312479025,"{'time_exit_bars': 2, 'atr': 6.423534969485509, 'entry_hour_utc': 19, 'exit_reason': 'time_exit', 'signal_time': Timestamp('2024-12-09 19:00:00+0000', tz='UTC')}"
2024-12-10 20:00:00+00:00,2024-12-11 00:00:00+00:00,1,2691.5550000000003,2700.8849999999998,2673.9354191161315,,0.29,282.1699999999847,0.5522265293442672,"{'time_exit_bars': 2, 'atr': 5.891526961289523, 'entry_hour_utc': 19, 'exit_reason': 'time_exit', 'signal_time': Timestamp('2024-12-10 19:00:00+0000', tz='UTC')}"
2024-12-11 20:00:00+00:00,2024-12-12 00:00:00+00:00,1,2716.9550000000004,2723.9449999999997,2691.494783172562,,0.2,163.79999999998657,0.32167832880248876,"{'time_exit_bars': 2, 'atr': 8.511738942479296, 'entry_hour_utc': 19, 'exit_reason': 'time_exit', 'signal_time': Timestamp('2024-12-11 19:00:00+0000', tz='UTC')}"
2024-12-12 20:00:00+00:00,2024-12-13 00:00:00+00:00,1,2680.1150000000002,2685.245,2658.82491556319,,0.24,132.7199999999917,0.25974532963516184,"{'time_exit_bars': 2, 'atr': 7.021694812269966, 'entry_hour_utc': 19, 'exit_reason': 'time_exit', 'signal_time': Timestamp('2024-12-12 19:00:00+0000', tz='UTC')}"
2024-12-13 20:00:00+00:00,2024-12-16 00:00:00+00:00,1,2647.7050000000004,2646.8849999999998,2627.305145220104,,0.25,9.499999999984539,0.018627583583284202,"{'time_exit_bars': 2, 'atr': 6.824951593298763, 'entry_hour_utc': 19, 'exit_reason': 'time_exit', 'signal_time': Timestamp('2024-12-13 19:00:00+0000', tz='UTC')}"
2024-12-16 20:00:00+00:00,2024-12-17 00:00:00+00:00,1,2653.175,2655.125,2638.5825568746864,,0.35,82.24999999999363,0.16104225864161315,"{'time_exit_bars': 2, 'atr': 4.78914770843783, 'entry_hour_utc': 19, 'exit_reason': 'time_exit', 'signal_time': Timestamp('2024-12-16 19:00:00+0000', tz='UTC')}"
2024-12-17 20:00:00+00:00,2024-12-18 00:00:00+00:00,1,2643.7850000000003,2649.9049999999997,2624.072584529777,,0.26,169.51999999998534,0.3307560156617167,"{'time_exit_bars': 2, 'atr': 6.509138490074356, 'entry_hour_utc': 19, 'exit_reason': 'time_exit', 'signal_time': Timestamp('2024-12-17 19:00:00+0000', tz='UTC')}"
2024-12-18 20:00:00+00:00,2024-12-19 00:00:00+00:00,1,2592.4950000000003,2594.9049999999997,2568.93017575585,,0.22,79.4199999999868,0.15319443771771596,"{'time_exit_bars': 2, 'atr': 7.8499414147167, 'entry_hour_utc': 19, 'exit_reason': 'time_exit', 'signal_time': Timestamp('2024-12-18 19:00:00+0000', tz='UTC')}"
2024-12-19 20:00:00+00:00,2024-12-20 00:00:00+00:00,1,2597.125,2590.6549999999997,2575.205239859402,,0.23,-139.61000000000587,-0.2769190885787964,"{'time_exit_bars': 2, 'atr': 7.224920046866091, 'entry_hour_utc': 19, 'exit_reason': 'time_exit', 'signal_time': Timestamp('2024-12-19 19:00:00+0000', tz='UTC')}"
2024-12-20 20:00:00+00:00,2024-12-23 00:00:00+00:00,1,2622.8250000000003,2621.395,2604.039010419766,,0.27,-6.2100000000078595,-0.012243166590610942,"{'time_exit_bars': 2, 'atr': 6.176996526744815, 'entry_hour_utc': 19, 'exit_reason': 'time_exit', 'signal_time': Timestamp('2024-12-20 19:00:00+0000', tz='UTC')}"
2024-12-23 20:00:00+00:00,2024-12-24 00:00:00+00:00,1,2611.065,2616.5249999999996,2595.1374000642268,,0.32,187.51999999998662,0.3679148160193338,"{'time_exit_bars': 2, 'atr': 5.314199978591006, 'entry_hour_utc': 19, 'exit_reason': 'time_exit', 'signal_time': Timestamp('2024-12-23 19:00:00+0000', tz='UTC')}"
2024-12-26 20:00:00+00:00,2024-12-27 00:00:00+00:00,1,2634.4350000000004,2631.1549999999997,2621.2424107541287,,0.39,-112.32000000002554,-0.2183043787937148,"{'time_exit_bars': 2, 'atr': 4.379196415290444, 'entry_hour_utc': 19, 'exit_reason': 'time_exit', 'signal_time': Timestamp('2024-12-26 19:00:00+0000', tz='UTC')}"
2024-12-27 20:00:00+00:00,2024-12-30 00:00:00+00:00,1,2615.485,2622.1349999999998,2599.5825613198476,,0.32,251.1999999999884,0.49363498001077394,"{'time_exit_bars': 2, 'atr': 5.255812893384043, 'entry_hour_utc': 19, 'exit_reason': 'time_exit', 'signal_time': Timestamp('2024-12-27 19:00:00+0000', tz='UTC')}"
2024-12-30 20:00:00+00:00,2024-12-31 00:00:00+00:00,1,2607.835,2607.5449999999996,2588.7054458521743,,0.27,2.969999999988705,0.005750264702958813,"{'time_exit_bars': 2, 'atr': 6.344851382608474, 'entry_hour_utc': 19, 'exit_reason': 'time_exit', 'signal_time': Timestamp('2024-12-30 19:00:00+0000', tz='UTC')}"
2024-12-31 20:00:00+00:00,2025-01-02 00:00:00+00:00,1,2623.3450000000003,2625.1549999999997,2607.737577721921,,0.33,112.5299999999832,0.21848579087840966,"{'time_exit_bars': 2, 'atr': 5.207474092693107, 'entry_hour_utc': 19, 'exit_reason': 'time_exit', 'signal_time': Timestamp('2024-12-31 19:00:00+0000', tz='UTC')}"
2025-01-02 22:00:00+00:00,2025-01-03 00:00:00+00:00,1,2658.5150000000003,2660.575,2639.2366520194605,,0.25,61.49999999998727,0.12760429485361988,"{'time_exit_bars': 1, 'atr': 6.247782660179803, 'entry_hour_utc': 20, 'exit_reason': 'time_exit', 'signal_time': Timestamp('2025-01-02 20:00:00+0000', tz='UTC')}"
2025-01-05 22:00:00+00:00,2025-01-06 00:00:00+00:00,1,2641.625,2643.0649999999996,2624.764030675994,,0.29,53.35999999998839,0.10912777104575372,"{'time_exit_bars': 1, 'atr': 5.07198977466873, 'entry_hour_utc': 20, 'exit_reason': 'time_exit', 'signal_time': Timestamp('2025-01-03 20:00:00+0000', tz='UTC')}"
2025-01-06 22:00:00+00:00,2025-01-07 00:00:00+00:00,1,2636.2650000000003,2634.875,2612.338357703582,,0.2,-19.80000000000655,-0.0413764701179373,"{'time_exit_bars': 1, 'atr': 7.810547432139352, 'entry_hour_utc': 20, 'exit_reason': 'time_exit', 'signal_time': Timestamp('2025-01-06 20:00:00+0000', tz='UTC')}"
2025-01-07 22:00:00+00:00,2025-01-08 00:00:00+00:00,1,2648.625,2650.365,2630.5992056642003,,0.27,57.779999999994104,0.1187187626871837,"{'time_exit_bars': 1, 'atr': 5.9402647785998965, 'entry_hour_utc': 20, 'exit_reason': 'time_exit', 'signal_time': Timestamp('2025-01-07 20:00:00+0000', tz='UTC')}"
2025-01-08 22:00:00+00:00,2025-01-09 00:00:00+00:00,1,2661.485,2659.785,2642.917359826688,,0.26,-13.000000000007095,-0.026928570100089422,"{'time_exit_bars': 1, 'atr': 6.174213391104073, 'entry_hour_utc': 20, 'exit_reason': 'time_exit', 'signal_time': Timestamp('2025-01-08 20:00:00+0000', tz='UTC')}"
2025-01-09 22:00:00+00:00,2025-01-10 00:00:00+00:00,1,2670.5150000000003,2670.2349999999997,2654.73280479169,,0.31,3.7199999999797004,0.007603504988720244,"{'time_exit_bars': 1, 'atr': 5.202398402770086, 'entry_hour_utc': 20, 'exit_reason': 'time_exit', 'signal_time': Timestamp('2025-01-09 20:00:00+0000', tz='UTC')}"
2025-01-12 22:00:00+00:00,2025-01-13 00:00:00+00:00,1,2690.3650000000002,2689.535,2668.3615274473755,,0.22,-9.460000000008403,-0.01954236991329297,"{'time_exit_bars': 1, 'atr': 6.866157517541577, 'entry_hour_utc': 20, 'exit_reason': 'time_exit', 'signal_time': Timestamp('2025-01-10 20:00:00+0000', tz='UTC')}"
2025-01-13 22:00:00+00:00,2025-01-14 00:00:00+00:00,1,2663.7250000000004,2670.4249999999997,2644.549770234182,,0.26,184.59999999998345,0.37026935722333265,"{'time_exit_bars': 1, 'atr': 6.143409921939407, 'entry_hour_utc': 20, 'exit_reason': 'time_exit', 'signal_time': Timestamp('2025-01-13 20:00:00+0000', tz='UTC')}"
2025-01-14 22:00:00+00:00,2025-01-15 00:00:00+00:00,1,2678.5550000000003,2672.595,2661.1266616601606,,0.28,-155.6800000000138,-0.31902066000697327,"{'time_exit_bars': 1, 'atr': 5.414446113279783, 'entry_hour_utc': 20, 'exit_reason': 'time_exit', 'signal_time': Timestamp('2025-01-14 20:00:00+0000', tz='UTC')}"
2025-01-15 22:00:00+00:00,2025-01-16 00:00:00+00:00,1,2695.1850000000004,2695.185,2679.77250556608,,0.32,38.39999999998545,0.07785890889657224,"{'time_exit_bars': 1, 'atr': 5.502498144640061, 'entry_hour_utc': 20, 'exit_reason': 'time_exit', 'signal_time': Timestamp('2025-01-15 20:00:00+0000', tz='UTC')}"
2025-01-16 22:00:00+00:00,2025-01-17 00:00:00+00:00,1,2714.6150000000002,2714.5449999999996,2697.3999184531426,,0.29,9.569999999982064,0.019169238269430018,"{'time_exit_bars': 1, 'atr': 5.620027182285843, 'entry_hour_utc': 20, 'exit_reason': 'time_exit', 'signal_time': Timestamp('2025-01-16 20:00:00+0000', tz='UTC')}"
2025-01-19 22:00:00+00:00,2025-01-20 00:00:00+00:00,1,2703.2650000000003,2694.285,2687.7326142899115,,0.32,-274.5600000000151,-0.5523942142659667,"{'time_exit_bars': 1, 'atr': 5.062461903362932, 'entry_hour_utc': 20, 'exit_reason': 'time_exit', 'signal_time': Timestamp('2025-01-17 20:00:00+0000', tz='UTC')}"
2025-01-21 22:00:00+00:00,2025-01-22 00:00:00+00:00,1,2745.3450000000003,2748.055,2726.205137102738,,0.26,80.85999999998913,0.1624881022760305,"{'time_exit_bars': 1, 'atr': 6.161620965754102, 'entry_hour_utc': 20, 'exit_reason': 'time_exit', 'signal_time': Timestamp('2025-01-21 20:00:00+0000', tz='UTC')}"
2025-01-22 22:00:00+00:00,2025-01-23 00:00:00+00:00,1,2756.3450000000003,2755.095,2738.483899837918,,0.27,-1.3500000000122796,-0.0027993796320901648,"{'time_exit_bars': 1, 'atr': 5.898700054027203, 'entry_hour_utc': 20, 'exit_reason': 'time_exit', 'signal_time': Timestamp('2025-01-22 20:00:00+0000', tz='UTC')}"
2025-01-23 22:00:00+00:00,2025-01-24 00:00:00+00:00,1,2754.815,2759.595,2737.1270854804334,,0.28,145.03999999999286,0.29285532753279303,"{'time_exit_bars': 1, 'atr': 5.797638173188831, 'entry_hour_utc': 20, 'exit_reason': 'time_exit', 'signal_time': Timestamp('2025-01-23 20:00:00+0000', tz='UTC')}"
2025-01-26 22:00:00+00:00,2025-01-27 00:00:00+00:00,1,2769.9350000000004,2769.5049999999997,2755.7580805112025,,0.35,-1.0500000000261025,-0.0021161155654760315,"{'time_exit_bars': 1, 'atr': 5.240639829599115, 'entry_hour_utc': 20, 'exit_reason': 'time_exit', 'signal_time': Timestamp('2025-01-24 20:00:00+0000', tz='UTC')}"
2025-01-27 22:00:00+00:00,2025-01-28 00:00:00+00:00,1,2740.085,2740.4249999999997,2718.6631216332585,,0.23,17.01999999999289,0.03454412294435274,"{'time_exit_bars': 1, 'atr': 7.345626122247134, 'entry_hour_utc': 20, 'exit_reason': 'time_exit', 'signal_time': Timestamp('2025-01-27 20:00:00+0000', tz='UTC')}"
2025-01-28 22:00:00+00:00,2025-01-29 00:00:00+00:00,1,2763.405,2763.745,2750.5762538833733,,0.39,28.85999999998794,0.05768295617298101,"{'time_exit_bars': 1, 'atr': 4.197915372208856, 'entry_hour_utc': 20, 'exit_reason': 'time_exit', 'signal_time': Timestamp('2025-01-28 20:00:00+0000', tz='UTC')}"
2025-01-29 22:00:00+00:00,2025-01-30 00:00:00+00:00,1,2759.7850000000003,2761.935,2743.227022710297,,0.3,100.49999999998909,0.2023193981599974,"{'time_exit_bars': 1, 'atr': 5.484325763234273, 'entry_hour_utc': 20, 'exit_reason': 'time_exit', 'signal_time': Timestamp('2025-01-29 20:00:00+0000', tz='UTC')}"
2025-01-30 22:00:00+00:00,2025-01-31 00:00:00+00:00,1,2795.255,2795.5649999999996,2776.2615155967114,,0.26,18.459999999986756,0.037381240057066924,"{'time_exit_bars': 1, 'atr': 5.932828134429504, 'entry_hour_utc': 20, 'exit_reason': 'time_exit', 'signal_time': Timestamp('2025-01-30 20:00:00+0000', tz='UTC')}"
2025-02-02 22:00:00+00:00,2025-02-03 00:00:00+00:00,1,2804.385,2792.1349999999998,2778.499183115666,,0.19,-225.15000000000865,-0.45777964253358533,"{'time_exit_bars': 1, 'atr': 6.656938961444633, 'entry_hour_utc': 20, 'exit_reason': 'time_exit', 'signal_time': Timestamp('2025-01-31 20:00:00+0000', tz='UTC')}"
2025-02-03 22:00:00+00:00,2025-02-04 00:00:00+00:00,1,2814.795,2817.0249999999996,2790.862656854287,,0.2,52.59999999999127,0.10989312596709297,"{'time_exit_bars': 1, 'atr': 7.9624477152376985, 'entry_hour_utc': 20, 'exit_reason': 'time_exit', 'signal_time': Timestamp('2025-02-03 20:00:00+0000', tz='UTC')}"
2025-02-04 22:00:00+00:00,2025-02-05 00:00:00+00:00,1,2842.8450000000003,2845.1549999999997,2821.7414163170215,,0.23,62.32999999998829,0.1284142087291677,"{'time_exit_bars': 1, 'atr': 6.756194560992866, 'entry_hour_utc': 20, 'exit_reason': 'time_exit', 'signal_time': Timestamp('2025-02-04 20:00:00+0000', tz='UTC')}"
2025-02-05 22:00:00+00:00,2025-02-06 00:00:00+00:00,1,2865.1150000000002,2869.615,2843.075406744851,,0.22,125.39999999999,0.2586254625487629,"{'time_exit_bars': 1, 'atr': 7.981531085049601, 'entry_hour_utc': 20, 'exit_reason': 'time_exit', 'signal_time': Timestamp('2025-02-05 20:00:00+0000', tz='UTC')}"
2025-02-06 22:00:00+00:00,2025-02-07 00:00:00+00:00,1,2855.835,2858.245,2833.9219675754257,,0.22,61.81999999999681,0.1282341916698204,"{'time_exit_bars': 1, 'atr': 7.209344141524815, 'entry_hour_utc': 20, 'exit_reason': 'time_exit', 'signal_time': Timestamp('2025-02-06 20:00:00+0000', tz='UTC')}"
2025-02-09 22:00:00+00:00,2025-02-10 00:00:00+00:00,1,2857.385,2867.845,2838.3651395464476,,0.26,282.3599999999891,0.5709821071779264,"{'time_exit_bars': 1, 'atr': 7.64495348451754, 'entry_hour_utc': 20, 'exit_reason': 'time_exit', 'signal_time': Timestamp('2025-02-07 20:00:00+0000', tz='UTC')}"
2025-02-10 22:00:00+00:00,2025-02-11 00:00:00+00:00,1,2908.0750000000003,2922.435,2886.5031250079687,,0.23,339.47999999999246,0.684224250578676,"{'time_exit_bars': 1, 'atr': 7.125624997343755, 'entry_hour_utc': 20, 'exit_reason': 'time_exit', 'signal_time': Timestamp('2025-02-10 20:00:00+0000', tz='UTC')}"
2025-02-11 22:00:00+00:00,2025-02-12 00:00:00+00:00,1,2898.195,2892.075,2870.8968724314486,,0.18,-102.9600000000062,-0.20953818116778086,"{'time_exit_bars': 1, 'atr': 8.87770918951718, 'entry_hour_utc': 20, 'exit_reason': 'time_exit', 'signal_time': Timestamp('2025-02-11 20:00:00+0000', tz='UTC')}"
2025-02-12 22:00:00+00:00,2025-02-13 00:00:00+00:00,1,2904.5350000000003,2906.2549999999997,2879.732088284059,,0.2,58.39999999998691,0.11772811327319326,"{'time_exit_bars': 1, 'atr': 8.079303905313607, 'entry_hour_utc': 20, 'exit_reason': 'time_exit', 'signal_time': Timestamp('2025-02-12 20:00:00+0000', tz='UTC')}"
2025-02-13 22:00:00+00:00,2025-02-14 00:00:00+00:00,1,2927.815,2927.725,2908.659431598441,,0.26,8.059999999996217,0.016183283810812257,"{'time_exit_bars': 1, 'atr': 6.560189467186375, 'entry_hour_utc': 20, 'exit_reason': 'time_exit', 'signal_time': Timestamp('2025-02-13 20:00:00+0000', tz='UTC')}"
2025-02-16 22:00:00+00:00,2025-02-17 00:00:00+00:00,1,2883.3050000000003,2883.395,2855.426013656087,,0.18,8.819999999994433,0.01757596183573834,"{'time_exit_bars': 1, 'atr': 9.024662114637632, 'entry_hour_utc': 20, 'exit_reason': 'time_exit', 'signal_time': Timestamp('2025-02-14 20:00:00+0000', tz='UTC')}"
2025-02-18 22:00:00+00:00,2025-02-19 00:00:00+00:00,1,2935.905,2928.975,2917.590693014815,,0.27,-176.31000000000788,-0.35655184797778516,"{'time_exit_bars': 1, 'atr': 5.829768995061655, 'entry_hour_utc': 20, 'exit_reason': 'time_exit', 'signal_time': Timestamp('2025-02-18 20:00:00+0000', tz='UTC')}"
2025-02-19 22:00:00+00:00,2025-02-20 00:00:00+00:00,1,2933.635,2940.665,2911.1616978762036,,0.22,181.0599999999944,0.3662123151579543,"{'time_exit_bars': 1, 'atr': 7.27610070793202, 'entry_hour_utc': 20, 'exit_reason': 'time_exit', 'signal_time': Timestamp('2025-02-19 20:00:00+0000', tz='UTC')}"
2025-02-20 22:00:00+00:00,2025-02-21 00:00:00+00:00,1,2939.0150000000003,2939.8149999999996,2918.3590371956516,,0.24,28.79999999998254,0.05809460499931932,"{'time_exit_bars': 1, 'atr': 6.900320934782769, 'entry_hour_utc': 20, 'exit_reason': 'time_exit', 'signal_time': Timestamp('2025-02-20 20:00:00+0000', tz='UTC')}"
2025-02-23 22:00:00+00:00,2025-02-24 00:00:00+00:00,1,2934.8250000000003,2929.955,2912.360306972435,,0.22,-98.3400000000076,-0.1989789041192519,"{'time_exit_bars': 1, 'atr': 7.843231009188329, 'entry_hour_utc': 20, 'exit_reason': 'time_exit', 'signal_time': Timestamp('2025-02-21 20:00:00+0000', tz='UTC')}"
2025-02-24 22:00:00+00:00,2025-02-25 00:00:00+00:00,1,2952.815,2949.515,2931.4944512158518,,0.23,-66.70000000000418,-0.13601901289503,"{'time_exit_bars': 1, 'atr': 7.041849594716003, 'entry_hour_utc': 20, 'exit_reason': 'time_exit', 'signal_time': Timestamp('2025-02-24 20:00:00+0000', tz='UTC')}"
2025-02-25 22:00:00+00:00,2025-02-26 00:00:00+00:00,1,2915.315,2923.345,2885.197209901115,,0.16,134.87999999999593,0.2799010143945395,"{'time_exit_bars': 1, 'atr': 9.87426336629504, 'entry_hour_utc': 20, 'exit_reason': 'time_exit', 'signal_time': Timestamp('2025-02-25 20:00:00+0000', tz='UTC')}"
2025-02-26 22:00:00+00:00,2025-02-27 00:00:00+00:00,1,2916.965,2916.9249999999997,2895.1993756069432,,0.23,26.67999999999038,0.053295048148015216,"{'time_exit_bars': 1, 'atr': 6.970208131018992, 'entry_hour_utc': 20, 'exit_reason': 'time_exit', 'signal_time': Timestamp('2025-02-26 20:00:00+0000', tz='UTC')}"
2025-02-27 22:00:00+00:00,2025-02-28 00:00:00+00:00,1,2877.2850000000003,2876.875,2848.70429038124,,0.17,-0.17000000000525617,-0.00034988634410060813,"{'time_exit_bars': 1, 'atr': 9.471903206253335, 'entry_hour_utc': 20, 'exit_reason': 'time_exit', 'signal_time': Timestamp('2025-02-27 20:00:00+0000', tz='UTC')}"
2025-03-02 22:00:00+00:00,2025-03-03 00:00:00+00:00,1,2858.0550000000003,2865.645,2832.484683224836,,0.19,151.80999999999412,0.31247168622330496,"{'time_exit_bars': 1, 'atr': 8.858438925054628, 'entry_hour_utc': 20, 'exit_reason': 'time_exit', 'signal_time': Timestamp('2025-02-28 20:00:00+0000', tz='UTC')}"
2025-03-03 22:00:00+00:00,2025-03-04 00:00:00+00:00,1,2892.6150000000002,2891.625,2869.8243180522677,,0.22,-12.980000000005202,-0.025887772965869325,"{'time_exit_bars': 1, 'atr': 7.7218939825774, 'entry_hour_utc': 20, 'exit_reason': 'time_exit', 'signal_time': Timestamp('2025-03-03 20:00:00+0000', tz='UTC')}"
2025-03-04 22:00:00+00:00,2025-03-05 00:00:00+00:00,1,2918.3050000000003,2913.875,2891.0995844909967,,0.18,-72.54000000000524,-0.1481322716304982,"{'time_exit_bars': 1, 'atr': 8.86680516966778, 'entry_hour_utc': 20, 'exit_reason': 'time_exit', 'signal_time': Timestamp('2025-03-04 20:00:00+0000', tz='UTC')}"
2025-03-05 22:00:00+00:00,2025-03-06 00:00:00+00:00,1,2919.8450000000003,2916.6349999999998,2891.45525074055,,0.17,-34.17000000000836,-0.07080020262353746,"{'time_exit_bars': 1, 'atr': 9.224916419816603, 'entry_hour_utc': 20, 'exit_reason': 'time_exit', 'signal_time': Timestamp('2025-03-05 20:00:00+0000', tz='UTC')}"
2025-03-06 22:00:00+00:00,2025-03-07 00:00:00+00:00,1,2911.215,2904.615,2886.1242709989037,,0.2,-124.00000000000728,-0.2471032228569141,"{'time_exit_bars': 1, 'atr': 8.20524300036541, 'entry_hour_utc': 20, 'exit_reason': 'time_exit', 'signal_time': Timestamp('2025-03-06 20:00:00+0000', tz='UTC')}"
2025-03-09 21:00:00+00:00,2025-03-09 23:00:00+00:00,1,2912.895,2916.105,2887.6544037680414,,0.19,60.99000000000069,0.12717607660692562,"{'time_exit_bars': 1, 'atr': 8.095198743986266, 'entry_hour_utc': 20, 'exit_reason': 'time_exit', 'signal_time': Timestamp('2025-03-07 20:00:00+0000', tz='UTC')}"
2025-03-31 22:00:00+00:00,2025-04-01 00:00:00+00:00,1,3123.395,3120.435,3096.0803369981895,,0.18,-46.08000000000065,-0.09372255479887691,"{'time_exit_bars': 1, 'atr': 9.29322100060346, 'entry_hour_utc': 20, 'exit_reason': 'time_exit', 'signal_time': Timestamp('2025-03-31 20:00:00+0000', tz='UTC')}"
2025-04-01 22:00:00+00:00,2025-04-02 00:00:00+00:00,1,3114.395,3115.015,3085.542389114017,,0.17,17.339999999998145,0.03535208664583723,"{'time_exit_bars': 1, 'atr': 9.525870295327614, 'entry_hour_utc': 20, 'exit_reason': 'time_exit', 'signal_time': Timestamp('2025-04-01 20:00:00+0000', tz='UTC')}"
2025-04-02 22:00:00+00:00,2025-04-03 00:00:00+00:00,1,3140.4550000000004,3162.415,3097.1294158179203,,0.11,254.75999999999536,0.5345571314784209,"{'time_exit_bars': 1, 'atr': 11.663528060693217, 'entry_hour_utc': 20, 'exit_reason': 'time_exit', 'signal_time': Timestamp('2025-04-02 20:00:00+0000', tz='UTC')}"
2025-04-03 22:00:00+00:00,2025-04-04 00:00:00+00:00,1,3115.5550000000003,3112.6749999999997,3061.2161535106547,,0.09,-22.320000000005074,-0.045639540774698416,"{'time_exit_bars': 1, 'atr': 17.657948829781727, 'entry_hour_utc': 20, 'exit_reason': 'time_exit', 'signal_time': Timestamp('2025-04-03 20:00:00+0000', tz='UTC')}"
2025-04-06 22:00:00+00:00,2025-04-06 23:00:00+00:00,1,3008.3050000000003,2979.020536270761,2979.1955362707613,,0.17,-497.8358833970661,-1.0060117905856303,"{'time_exit_bars': 1, 'atr': 19.38148790974634, 'entry_hour_utc': 20, 'exit_reason': 'sl', 'signal_time': Timestamp('2025-04-04 20:00:00+0000', tz='UTC')}"
2025-04-07 22:00:00+00:00,2025-04-08 00:00:00+00:00,1,2983.165,2981.1349999999998,2923.0164050308017,,0.08,-13.040000000001601,-0.027099552380814775,"{'time_exit_bars': 1, 'atr': 19.664531656399504, 'entry_hour_utc': 20, 'exit_reason': 'time_exit', 'signal_time': Timestamp('2025-04-07 20:00:00+0000', tz='UTC')}"
2025-04-08 22:00:00+00:00,2025-04-09 00:00:00+00:00,1,2983.0550000000003,2978.0449999999996,2947.096331287877,,0.14,-64.54000000000943,-0.12820274401444806,"{'time_exit_bars': 1, 'atr': 11.621222904040945, 'entry_hour_utc': 20, 'exit_reason': 'time_exit', 'signal_time': Timestamp('2025-04-08 20:00:00+0000', tz='UTC')}"
2025-04-09 22:00:00+00:00,2025-04-10 00:00:00+00:00,1,3079.835,3086.5649999999996,3019.3370111611125,,0.08,63.439999999996516,0.13107873752825047,"{'time_exit_bars': 1, 'atr': 21.147662946295878, 'entry_hour_utc': 20, 'exit_reason': 'time_exit', 'signal_time': Timestamp('2025-04-09 20:00:00+0000', tz='UTC')}"
2025-04-10 22:00:00+00:00,2025-04-11 00:00:00+00:00,1,3176.175,3188.7749999999996,3129.2334815558356,,0.1,129.99999999999457,0.27694033833742604,"{'time_exit_bars': 1, 'atr': 15.385506148054764, 'entry_hour_utc': 20, 'exit_reason': 'time_exit', 'signal_time': Timestamp('2025-04-10 20:00:00+0000', tz='UTC')}"
2025-04-13 22:00:00+00:00,2025-04-14 00:00:00+00:00,1,3228.485,3223.555,3189.400510224003,,0.12,-54.36000000000349,-0.11590275390475464,"{'time_exit_bars': 1, 'atr': 16.043163258665665, 'entry_hour_utc': 20, 'exit_reason': 'time_exit', 'signal_time': Timestamp('2025-04-11 20:00:00+0000', tz='UTC')}"
2025-04-14 22:00:00+00:00,2025-04-15 00:00:00+00:00,1,3211.7450000000003,3212.435,3172.760746821584,,0.12,13.079999999995199,0.027960007211400757,"{'time_exit_bars': 1, 'atr': 12.566417726138774, 'entry_hour_utc': 20, 'exit_reason': 'time_exit', 'signal_time': Timestamp('2025-04-14 20:00:00+0000', tz='UTC')}"
2025-04-15 22:00:00+00:00,2025-04-16 00:00:00+00:00,1,3231.135,3251.645,3205.560828869136,,0.19,397.28999999999553,0.8176218065094791,"{'time_exit_bars': 1, 'atr': 7.933057043621313, 'entry_hour_utc': 20, 'exit_reason': 'time_exit', 'signal_time': Timestamp('2025-04-15 20:00:00+0000', tz='UTC')}"
2025-04-16 22:00:00+00:00,2025-04-17 00:00:00+00:00,1,3343.3650000000002,3349.9649999999997,3303.9010896700674,,0.12,93.59999999999346,0.19764893886055865,"{'time_exit_bars': 1, 'atr': 12.98297010997756, 'entry_hour_utc': 20, 'exit_reason': 'time_exit', 'signal_time': Timestamp('2025-04-16 20:00:00+0000', tz='UTC')}"
2025-04-20 22:00:00+00:00,2025-04-21 00:00:00+00:00,1,3333.0950000000003,3347.875,3286.938935832168,,0.1,151.79999999999745,0.32888419482221104,"{'time_exit_bars': 1, 'atr': 13.43368805594386, 'entry_hour_utc': 20, 'exit_reason': 'time_exit', 'signal_time': Timestamp('2025-04-17 20:00:00+0000', tz='UTC')}"
2025-04-21 22:00:00+00:00,2025-04-22 00:00:00+00:00,1,3425.235,3434.4049999999997,3386.204053063828,,0.12,114.8399999999954,0.2451900543343089,"{'time_exit_bars': 1, 'atr': 12.731982312057411, 'entry_hour_utc': 20, 'exit_reason': 'time_exit', 'signal_time': Timestamp('2025-04-21 20:00:00+0000', tz='UTC')}"
2025-04-22 22:00:00+00:00,2025-04-23 00:00:00+00:00,1,3348.165,3336.4849999999997,3308.911279874351,,0.12,-135.36000000000348,-0.287361298849984,"{'time_exit_bars': 1, 'atr': 24.006240041883036, 'entry_hour_utc': 20, 'exit_reason': 'time_exit', 'signal_time': Timestamp('2025-04-22 20:00:00+0000', tz='UTC')}"
2025-04-23 22:00:00+00:00,2025-04-24 00:00:00+00:00,1,3289.2450000000003,3316.095,3219.893004863779,,0.07,196.34999999999621,0.4044584434074834,"{'time_exit_bars': 1, 'atr': 22.742331712073668, 'entry_hour_utc': 20, 'exit_reason': 'time_exit', 'signal_time': Timestamp('2025-04-23 20:00:00+0000', tz='UTC')}"
2025-04-24 22:00:00+00:00,2025-04-25 00:00:00+00:00,1,3351.5150000000003,3348.7949999999996,3305.482195536352,,0.11,-25.520000000007798,-0.0503988411532211,"{'time_exit_bars': 1, 'atr': 14.365934821216095, 'entry_hour_utc': 20, 'exit_reason': 'time_exit', 'signal_time': Timestamp('2025-04-24 20:00:00+0000', tz='UTC')}"
2025-04-27 22:00:00+00:00,2025-04-28 00:00:00+00:00,1,3325.8450000000003,3302.4449999999997,3268.8961708689617,,0.08,-184.00000000000438,-0.4038713411838165,"{'time_exit_bars': 1, 'atr': 16.574609710346035, 'entry_hour_utc': 20, 'exit_reason': 'time_exit', 'signal_time': Timestamp('2025-04-25 20:00:00+0000', tz='UTC')}"
2025-04-28 22:00:00+00:00,2025-04-29 00:00:00+00:00,1,3344.7250000000004,3337.475,3301.6158975294093,,0.11,-75.350000000005,-0.15889915603493496,"{'time_exit_bars': 1, 'atr': 14.124700823530157, 'entry_hour_utc': 20, 'exit_reason': 'time_exit', 'signal_time': Timestamp('2025-04-28 20:00:00+0000', tz='UTC')}"
2025-04-29 22:00:00+00:00,2025-04-30 00:00:00+00:00,1,3313.895,3316.8849999999998,3281.368795413157,,0.15,50.849999999996726,0.10422365729603285,"{'time_exit_bars': 1, 'atr': 11.943734862280957, 'entry_hour_utc': 20, 'exit_reason': 'time_exit', 'signal_time': Timestamp('2025-04-29 20:00:00+0000', tz='UTC')}"
2025-04-30 22:00:00+00:00,2025-05-01 00:00:00+00:00,1,3288.875,3272.625,3247.9726584081677,,0.12,-180.6,-0.3679495944311733,"{'time_exit_bars': 1, 'atr': 13.432447197277488, 'entry_hour_utc': 20, 'exit_reason': 'time_exit', 'signal_time': Timestamp('2025-04-30 20:00:00+0000', tz='UTC')}"
2025-05-01 22:00:00+00:00,2025-05-02 00:00:00+00:00,1,3240.605,3237.1349999999998,3195.973922243017,,0.11,-33.7700000000028,-0.06878614979267282,"{'time_exit_bars': 1, 'atr': 13.972025918994243, 'entry_hour_utc': 20, 'exit_reason': 'time_exit', 'signal_time': Timestamp('2025-05-01 20:00:00+0000', tz='UTC')}"
2025-05-04 22:00:00+00:00,2025-05-05 00:00:00+00:00,1,3241.0350000000003,3247.805,3201.2452693406344,,0.12,86.03999999999431,0.18019724891783903,"{'time_exit_bars': 1, 'atr': 13.018243553121946, 'entry_hour_utc': 20, 'exit_reason': 'time_exit', 'signal_time': Timestamp('2025-05-02 20:00:00+0000', tz='UTC')}"
2025-05-05 22:00:00+00:00,2025-05-06 00:00:00+00:00,1,3336.235,3333.865,3299.7810074897047,,0.13,-25.610000000004497,-0.054040719941553045,"{'time_exit_bars': 1, 'atr': 11.392997503431818, 'entry_hour_utc': 20, 'exit_reason': 'time_exit', 'signal_time': Timestamp('2025-05-05 20:00:00+0000', tz='UTC')}"
2025-05-06 22:00:00+00:00,2025-05-06 23:00:00+00:00,1,3437.8250000000003,3388.561549244203,3388.736549244203,,0.1,-492.63450755797294,-1.0035649933396913,"{'time_exit_bars': 1, 'atr': 13.907816918598973, 'entry_hour_utc': 20, 'exit_reason': 'sl', 'signal_time': Timestamp('2025-05-06 20:00:00+0000', tz='UTC')}"
2025-05-07 22:00:00+00:00,2025-05-08 00:00:00+00:00,1,3365.915,3376.265,3321.284847990633,,0.11,127.04999999999902,0.2587936513766696,"{'time_exit_bars': 1, 'atr': 14.385050669788987, 'entry_hour_utc': 20, 'exit_reason': 'time_exit', 'signal_time': Timestamp('2025-05-07 20:00:00+0000', tz='UTC')}"
2025-05-08 22:00:00+00:00,2025-05-09 00:00:00+00:00,1,3308.1850000000004,3316.1949999999997,3255.3160932825076,,0.09,75.68999999999377,0.15907270496321202,"{'time_exit_bars': 1, 'atr': 16.84463557249741, 'entry_hour_utc': 20, 'exit_reason': 'time_exit', 'signal_time': Timestamp('2025-05-08 20:00:00+0000', tz='UTC')}"
2025-05-11 22:00:00+00:00,2025-05-11 23:00:00+00:00,1,3291.645,3290.729107660817,3290.9041076608173,,6.81,-623.7226829835186,-1.2362016594654468,"{'time_exit_bars': 1, 'atr': 12.081964113060945, 'entry_hour_utc': 20, 'exit_reason': 'sl', 'signal_time': Timestamp('2025-05-09 20:00:00+0000', tz='UTC')}"
2025-05-12 22:00:00+00:00,2025-05-13 00:00:00+00:00,1,3238.9950000000003,3236.5449999999996,3190.9993552418105,,0.1,-20.500000000007276,-0.0427122087916304,"{'time_exit_bars': 1, 'atr': 14.466881586063277, 'entry_hour_utc': 20, 'exit_reason': 'time_exit', 'signal_time': Timestamp('2025-05-12 20:00:00+0000', tz='UTC')}"
2025-05-13 22:00:00+00:00,2025-05-14 00:00:00+00:00,1,3249.8450000000003,3254.205,3215.9727415460925,,0.14,66.63999999999542,0.14052797827097716,"{'time_exit_bars': 1, 'atr': 11.33575281796912, 'entry_hour_utc': 20, 'exit_reason': 'time_exit', 'signal_time': Timestamp('2025-05-13 20:00:00+0000', tz='UTC')}"
2025-05-14 22:00:00+00:00,2025-05-15 00:00:00+00:00,1,3178.565,3185.875,3138.1996922307035,,0.12,102.11999999999935,0.2108246033608341,"{'time_exit_bars': 1, 'atr': 13.066769256432272, 'entry_hour_utc': 20, 'exit_reason': 'time_exit', 'signal_time': Timestamp('2025-05-14 20:00:00+0000', tz='UTC')}"
2025-05-15 22:00:00+00:00,2025-05-16 00:00:00+00:00,1,3238.5150000000003,3236.9849999999997,3195.3148871922517,,0.11,-12.430000000007203,-0.02615733910301206,"{'time_exit_bars': 1, 'atr': 14.775037602582659, 'entry_hour_utc': 20, 'exit_reason': 'time_exit', 'signal_time': Timestamp('2025-05-15 20:00:00+0000', tz='UTC')}"
2025-05-18 22:00:00+00:00,2025-05-19 00:00:00+00:00,1,3219.905,3234.685,3156.6391050510947,,0.07,106.25999999999821,0.23993970230341866,"{'time_exit_bars': 1, 'atr': 14.786964982968428, 'entry_hour_utc': 20, 'exit_reason': 'time_exit', 'signal_time': Timestamp('2025-05-16 20:00:00+0000', tz='UTC')}"
2025-05-19 22:00:00+00:00,2025-05-20 00:00:00+00:00,1,3230.925,3222.355,3196.123843831811,,0.14,-114.38000000000231,-0.23476231538158318,"{'time_exit_bars': 1, 'atr': 11.332052056063022, 'entry_hour_utc': 20, 'exit_reason': 'time_exit', 'signal_time': Timestamp('2025-05-19 20:00:00+0000', tz='UTC')}"
2025-05-20 22:00:00+00:00,2025-05-21 00:00:00+00:00,1,3290.1150000000002,3290.415,3254.8209011564586,,0.14,9.799999999996182,0.019833343899863253,"{'time_exit_bars': 1, 'atr': 11.613032947847016, 'entry_hour_utc': 20, 'exit_reason': 'time_exit', 'signal_time': Timestamp('2025-05-20 20:00:00+0000', tz='UTC')}"
2025-05-21 22:00:00+00:00,2025-05-22 00:00:00+00:00,1,3316.2250000000004,3319.845,3281.3975601192424,,0.14,67.4799999999921,0.13839662106953962,"{'time_exit_bars': 1, 'atr': 11.237479960252598, 'entry_hour_utc': 20, 'exit_reason': 'time_exit', 'signal_time': Timestamp('2025-05-21 20:00:00+0000', tz='UTC')}"
2025-05-22 22:00:00+00:00,2025-05-23 00:00:00+00:00,1,3294.715,3299.875,3253.838061599015,,0.12,66.71999999999825,0.13601801449655174,"{'time_exit_bars': 1, 'atr': 13.623979466995012, 'entry_hour_utc': 20, 'exit_reason': 'time_exit', 'signal_time': Timestamp('2025-05-22 20:00:00+0000', tz='UTC')}"
2025-05-25 22:00:00+00:00,2025-05-26 00:00:00+00:00,1,3354.0550000000003,3342.455,3323.6574830653576,,0.16,-179.20000000000582,-0.3684511476408202,"{'time_exit_bars': 1, 'atr': 11.414172311547544, 'entry_hour_utc': 20, 'exit_reason': 'time_exit', 'signal_time': Timestamp('2025-05-23 20:00:00+0000', tz='UTC')}"
2025-05-27 22:00:00+00:00,2025-05-28 00:00:00+00:00,1,3301.2050000000004,3309.2549999999997,3267.0611357738376,,0.14,118.29999999998982,0.24748223997225371,"{'time_exit_bars': 1, 'atr': 11.166288075387461, 'entry_hour_utc': 20, 'exit_reason': 'time_exit', 'signal_time': Timestamp('2025-05-27 20:00:00+0000', tz='UTC')}"
2025-05-28 22:00:00+00:00,2025-05-29 00:00:00+00:00,1,3287.885,3255.8007418119782,3255.9757418119784,,0.15,-463.26387282032965,-0.9678776612743514,"{'time_exit_bars': 1, 'atr': 10.888086062673764, 'entry_hour_utc': 20, 'exit_reason': 'sl', 'signal_time': Timestamp('2025-05-28 20:00:00+0000', tz='UTC')}"
2025-05-29 22:00:00+00:00,2025-05-30 00:00:00+00:00,1,3318.605,3315.365,3286.5503890226437,,0.15,-42.60000000000355,-0.088598797907934,"{'time_exit_bars': 1, 'atr': 10.336536992452077, 'entry_hour_utc': 20, 'exit_reason': 'time_exit', 'signal_time': Timestamp('2025-05-29 20:00:00+0000', tz='UTC')}"
2025-06-01 22:00:00+00:00,2025-06-02 00:00:00+00:00,1,3298.525,3309.995,3254.174666190586,,0.11,130.5699999999978,0.2676417284931497,"{'time_exit_bars': 1, 'atr': 11.515111269804622, 'entry_hour_utc': 20, 'exit_reason': 'time_exit', 'signal_time': Timestamp('2025-05-30 20:00:00+0000', tz='UTC')}"
2025-06-02 22:00:00+00:00,2025-06-03 00:00:00+00:00,1,3382.9950000000003,3387.105,3351.6110837865704,,0.15,67.64999999999509,0.14370418176396127,"{'time_exit_bars': 1, 'atr': 9.996305404476502, 'entry_hour_utc': 20, 'exit_reason': 'time_exit', 'signal_time': Timestamp('2025-06-02 20:00:00+0000', tz='UTC')}"
2025-06-03 22:00:00+00:00,2025-06-04 00:00:00+00:00,1,3354.8650000000002,3359.8149999999996,3326.6089695805954,,0.17,90.94999999998917,0.18934011326393696,"{'time_exit_bars': 1, 'atr': 8.897010139801568, 'entry_hour_utc': 20, 'exit_reason': 'time_exit', 'signal_time': Timestamp('2025-06-03 20:00:00+0000', tz='UTC')}"
2025-06-04 22:00:00+00:00,2025-06-05 00:00:00+00:00,1,3373.5750000000003,3377.955,3342.001763020988,,0.15,83.69999999999482,0.1767319582629075,"{'time_exit_bars': 1, 'atr': 10.199412326337278, 'entry_hour_utc': 20, 'exit_reason': 'time_exit', 'signal_time': Timestamp('2025-06-04 20:00:00+0000', tz='UTC')}"
2025-06-05 22:00:00+00:00,2025-06-06 00:00:00+00:00,1,3354.2050000000004,3361.7149999999997,3317.399146701736,,0.13,102.82999999999102,0.21491146899648916,"{'time_exit_bars': 1, 'atr': 11.73361776608807, 'entry_hour_utc': 20, 'exit_reason': 'time_exit', 'signal_time': Timestamp('2025-06-05 20:00:00+0000', tz='UTC')}"
2025-06-08 22:00:00+00:00,2025-06-09 00:00:00+00:00,1,3314.215,3317.855,3279.691064264783,,0.14,56.55999999999822,0.1170202618549879,"{'time_exit_bars': 1, 'atr': 10.809645245072192, 'entry_hour_utc': 20, 'exit_reason': 'time_exit', 'signal_time': Timestamp('2025-06-06 20:00:00+0000', tz='UTC')}"
2025-06-09 22:00:00+00:00,2025-06-10 00:00:00+00:00,1,3326.0350000000003,3326.595,3301.0966779812193,,0.2,19.199999999989814,0.038494971685605596,"{'time_exit_bars': 1, 'atr': 8.097774006260158, 'entry_hour_utc': 20, 'exit_reason': 'time_exit', 'signal_time': Timestamp('2025-06-09 20:00:00+0000', tz='UTC')}"
2025-06-10 22:00:00+00:00,2025-06-11 00:00:00+00:00,1,3322.385,3327.7749999999996,3294.9580577315787,,0.18,104.21999999998951,0.21110628896702927,"{'time_exit_bars': 1, 'atr': 9.147314089473769, 'entry_hour_utc': 20, 'exit_reason': 'time_exit', 'signal_time': Timestamp('2025-06-10 20:00:00+0000', tz='UTC')}"
2025-06-11 22:00:00+00:00,2025-06-12 00:00:00+00:00,1,3356.7450000000003,3365.2549999999997,3320.144262828413,,0.13,126.22999999999101,0.26529520305774223,"{'time_exit_bars': 1, 'atr': 11.558579057195642, 'entry_hour_utc': 20, 'exit_reason': 'time_exit', 'signal_time': Timestamp('2025-06-11 20:00:00+0000', tz='UTC')}"
2025-06-12 22:00:00+00:00,2025-06-13 00:00:00+00:00,1,3386.1850000000004,3395.765,3352.433621091658,,0.14,139.7199999999926,0.2956916227660471,"{'time_exit_bars': 1, 'atr': 11.408792969447257, 'entry_hour_utc': 20, 'exit_reason': 'time_exit', 'signal_time': Timestamp('2025-06-12 20:00:00+0000', tz='UTC')}"
2025-06-15 22:00:00+00:00,2025-06-16 00:00:00+00:00,1,3434.215,3443.935,3398.8471934313084,,0.14,141.6799999999972,0.2861359236497919,"{'time_exit_bars': 1, 'atr': 11.76760218956387, 'entry_hour_utc': 20, 'exit_reason': 'time_exit', 'signal_time': Timestamp('2025-06-13 20:00:00+0000', tz='UTC')}"
2025-06-16 22:00:00+00:00,2025-06-17 00:00:00+00:00,1,3386.4350000000004,3402.705,3355.6157221348035,,0.16,266.7199999999924,0.5408952173673203,"{'time_exit_bars': 1, 'atr': 9.841425955065437, 'entry_hour_utc': 20, 'exit_reason': 'time_exit', 'signal_time': Timestamp('2025-06-16 20:00:00+0000', tz='UTC')}"
2025-06-17 22:00:00+00:00,2025-06-18 00:00:00+00:00,1,3390.635,3387.1749999999997,3355.806073577442,,0.14,-42.84000000000688,-0.08785800523608941,"{'time_exit_bars': 1, 'atr': 10.887975474185888, 'entry_hour_utc': 20, 'exit_reason': 'time_exit', 'signal_time': Timestamp('2025-06-17 20:00:00+0000', tz='UTC')}"
2025-06-18 22:00:00+00:00,2025-06-19 00:00:00+00:00,1,3369.755,3374.895,3338.7849049888337,,0.16,101.43999999999797,0.20471361155701812,"{'time_exit_bars': 1, 'atr': 10.12169833705555, 'entry_hour_utc': 20, 'exit_reason': 'time_exit', 'signal_time': Timestamp('2025-06-18 20:00:00+0000', tz='UTC')}"
2025-06-22 22:00:00+00:00,2025-06-23 00:00:00+00:00,1,3392.6150000000002,3372.585,3343.4308834501885,,0.1,-196.300000000002,-0.39911258709139785,"{'time_exit_bars': 1, 'atr': 8.403038849937065, 'entry_hour_utc': 20, 'exit_reason': 'time_exit', 'signal_time': Timestamp('2025-06-20 20:00:00+0000', tz='UTC')}"
2025-06-23 22:00:00+00:00,2025-06-24 00:00:00+00:00,1,3368.605,3344.2349999999997,3335.688400481783,,0.15,-359.5500000000051,-0.728204017147477,"{'time_exit_bars': 1, 'atr': 11.117199839405732, 'entry_hour_utc': 20, 'exit_reason': 'time_exit', 'signal_time': Timestamp('2025-06-23 20:00:00+0000', tz='UTC')}"
2025-06-24 22:00:00+00:00,2025-06-25 00:00:00+00:00,1,3324.885,3324.015,3291.0922259273348,,0.14,-6.58000000000484,-0.0139082988271307,"{'time_exit_bars': 1, 'atr': 10.572591357555055, 'entry_hour_utc': 20, 'exit_reason': 'time_exit', 'signal_time': Timestamp('2025-06-24 20:00:00+0000', tz='UTC')}"
2025-06-25 22:00:00+00:00,2025-06-26 00:00:00+00:00,1,3333.795,3338.855,3310.6661730908786,,0.21,131.45999999999884,0.27065791207642903,"{'time_exit_bars': 1, 'atr': 7.16127563637388, 'entry_hour_utc': 20, 'exit_reason': 'time_exit', 'signal_time': Timestamp('2025-06-25 20:00:00+0000', tz='UTC')}"
2025-06-26 22:00:00+00:00,2025-06-27 00:00:00+00:00,1,3327.7850000000003,3318.595,3301.8711873560337,,0.19,-167.01000000000968,-0.33920134102872157,"{'time_exit_bars': 1, 'atr': 8.629604214655506, 'entry_hour_utc': 20, 'exit_reason': 'time_exit', 'signal_time': Timestamp('2025-06-26 20:00:00+0000', tz='UTC')}"
2025-06-29 22:00:00+00:00,2025-06-30 00:00:00+00:00,1,3275.675,3263.725,3243.9992496868335,,0.15,-173.2500000000041,-0.3646322466179843,"{'time_exit_bars': 1, 'atr': 10.320250104388903, 'entry_hour_utc': 20, 'exit_reason': 'time_exit', 'signal_time': Timestamp('2025-06-27 20:00:00+0000', tz='UTC')}"
2025-06-30 22:00:00+00:00,2025-07-01 00:00:00+00:00,1,3303.5750000000003,3312.2949999999996,3278.2242788665862,,0.19,173.27999999998755,0.35975307968571135,"{'time_exit_bars': 1, 'atr': 8.231907044471312, 'entry_hour_utc': 20, 'exit_reason': 'time_exit', 'signal_time': Timestamp('2025-06-30 20:00:00+0000', tz='UTC')}"
2025-07-01 22:00:00+00:00,2025-07-02 00:00:00+00:00,1,3339.155,3337.9249999999997,3318.640876441789,,0.24,-19.92000000001135,-0.04045992984517442,"{'time_exit_bars': 1, 'atr': 6.713041186070502, 'entry_hour_utc': 20, 'exit_reason': 'time_exit', 'signal_time': Timestamp('2025-07-01 20:00:00+0000', tz='UTC')}"
2025-07-02 20:00:00+00:00,2025-07-03 00:00:00+00:00,1,3358.315,3349.145,3335.568825263602,,0.21,-167.37000000000154,-0.35038858587710414,"{'time_exit_bars': 2, 'atr': 7.543724912132659, 'entry_hour_utc': 19, 'exit_reason': 'time_exit', 'signal_time': Timestamp('2025-07-02 19:00:00+0000', tz='UTC')}"
2025-07-03 20:00:00+00:00,2025-07-04 00:00:00+00:00,1,3328.8650000000002,3330.6549999999997,3301.3821322721615,,0.18,39.41999999999116,0.07968600735872804,"{'time_exit_bars': 2, 'atr': 9.122622575946167, 'entry_hour_utc': 19, 'exit_reason': 'time_exit', 'signal_time': Timestamp('2025-07-03 19:00:00+0000', tz='UTC')}"
2025-07-07 20:00:00+00:00,2025-07-08 00:00:00+00:00,1,3337.485,3334.4449999999997,3309.044254547691,,0.17,-44.880000000007115,-0.09282457115715495,"{'time_exit_bars': 2, 'atr': 9.33524848410313, 'entry_hour_utc': 19, 'exit_reason': 'time_exit', 'signal_time': Timestamp('2025-07-07 19:00:00+0000', tz='UTC')}"
2025-07-08 20:00:00+00:00,2025-07-09 00:00:00+00:00,1,3302.7850000000003,3302.145,3278.6104636726614,,0.2,-4.800000000006547,-0.009927801582233931,"{'time_exit_bars': 2, 'atr': 8.126512109112785, 'entry_hour_utc': 19, 'exit_reason': 'time_exit', 'signal_time': Timestamp('2025-07-08 19:00:00+0000', tz='UTC')}"
2025-07-09 20:00:00+00:00,2025-07-10 00:00:00+00:00,1,3315.875,3317.455,3289.8253560285784,,0.19,52.819999999998615,0.10671930883392483,"{'time_exit_bars': 2, 'atr': 8.591547990473822, 'entry_hour_utc': 19, 'exit_reason': 'time_exit', 'signal_time': Timestamp('2025-07-09 19:00:00+0000', tz='UTC')}"
2025-07-10 20:00:00+00:00,2025-07-11 00:00:00+00:00,1,3324.9550000000004,3323.625,3301.6796491164923,,0.21,-19.530000000008023,-0.039956433080428504,"{'time_exit_bars': 2, 'atr': 7.736783627835815, 'entry_hour_utc': 19, 'exit_reason': 'time_exit', 'signal_time': Timestamp('2025-07-10 19:00:00+0000', tz='UTC')}"
2025-07-11 20:00:00+00:00,2025-07-14 00:00:00+00:00,1,3356.7650000000003,3367.625,3331.9284793963393,,0.2,241.19999999999345,0.48557526202852935,"{'time_exit_bars': 2, 'atr': 8.180506867886777, 'entry_hour_utc': 19, 'exit_reason': 'time_exit', 'signal_time': Timestamp('2025-07-11 19:00:00+0000', tz='UTC')}"
2025-07-14 20:00:00+00:00,2025-07-15 00:00:00+00:00,1,3344.295,3345.105,3319.5930657068375,,0.2,24.19999999999891,0.048984018240825336,"{'time_exit_bars': 2, 'atr': 8.14897809772077, 'entry_hour_utc': 19, 'exit_reason': 'time_exit', 'signal_time': Timestamp('2025-07-14 19:00:00+0000', tz='UTC')}"
2025-07-15 20:00:00+00:00,2025-07-16 00:00:00+00:00,1,3330.5350000000003,3330.915,3305.066121390481,,0.19,14.819999999993435,0.030625612221031107,"{'time_exit_bars': 2, 'atr': 8.441292869839575, 'entry_hour_utc': 19, 'exit_reason': 'time_exit', 'signal_time': Timestamp('2025-07-15 19:00:00+0000', tz='UTC')}"
2025-07-16 20:00:00+00:00,2025-07-17 00:00:00+00:00,1,3347.315,3346.325,3317.157858980952,,0.16,3.359999999996216,0.006963524820443732,"{'time_exit_bars': 2, 'atr': 9.984047006349348, 'entry_hour_utc': 19, 'exit_reason': 'time_exit', 'signal_time': Timestamp('2025-07-16 19:00:00+0000', tz='UTC')}"
2025-07-17 20:00:00+00:00,2025-07-18 00:00:00+00:00,1,3339.9350000000004,3339.9649999999997,3316.6946676143125,,0.21,9.029999999985103,0.01850231712968518,"{'time_exit_bars': 2, 'atr': 7.668444128562442, 'entry_hour_utc': 19, 'exit_reason': 'time_exit', 'signal_time': Timestamp('2025-07-17 19:00:00+0000', tz='UTC')}"
2025-07-18 20:00:00+00:00,2025-07-21 00:00:00+00:00,1,3348.4350000000004,3348.975,3330.0005920059352,,0.27,46.97999999998674,0.09438871053302553,"{'time_exit_bars': 2, 'atr': 6.073135998021556, 'entry_hour_utc': 19, 'exit_reason': 'time_exit', 'signal_time': Timestamp('2025-07-18 19:00:00+0000', tz='UTC')}"
2025-07-21 20:00:00+00:00,2025-07-22 00:00:00+00:00,1,3399.2850000000003,3396.375,3377.990284666944,,0.23,-57.73000000000711,-0.11786961979735656,"{'time_exit_bars': 2, 'atr': 6.939905111018765, 'entry_hour_utc': 19, 'exit_reason': 'time_exit', 'signal_time': Timestamp('2025-07-21 19:00:00+0000', tz='UTC')}"
2025-07-22 20:00:00+00:00,2025-07-23 00:00:00+00:00,1,3431.715,3427.285,3409.9336577898025,,0.22,-88.6600000000064,-0.18502073752431644,"{'time_exit_bars': 2, 'atr': 7.165447403399071, 'entry_hour_utc': 19, 'exit_reason': 'time_exit', 'signal_time': Timestamp('2025-07-22 19:00:00+0000', tz='UTC')}"
2025-07-23 20:00:00+00:00,2025-07-24 00:00:00+00:00,1,3390.2850000000003,3389.785,3363.4558214662893,,0.18,12.599999999991816,0.02609099637992985,"{'time_exit_bars': 2, 'atr': 8.868059511236831, 'entry_hour_utc': 19, 'exit_reason': 'time_exit', 'signal_time': Timestamp('2025-07-23 19:00:00+0000', tz='UTC')}"
2025-07-24 20:00:00+00:00,2025-07-25 00:00:00+00:00,1,3370.695,3369.265,3345.7908792480703,,0.2,-20.60000000000582,-0.04135861732522611,"{'time_exit_bars': 2, 'atr': 8.226373583976523, 'entry_hour_utc': 19, 'exit_reason': 'time_exit', 'signal_time': Timestamp('2025-07-24 19:00:00+0000', tz='UTC')}"
2025-07-25 20:00:00+00:00,2025-07-28 00:00:00+00:00,1,3337.9550000000004,3333.495,3316.56860642276,,0.23,-74.9800000000113,-0.15243336789003,"{'time_exit_bars': 2, 'atr': 7.0571311924133875, 'entry_hour_utc': 19, 'exit_reason': 'time_exit', 'signal_time': Timestamp('2025-07-25 19:00:00+0000', tz='UTC')}"
2025-07-28 20:00:00+00:00,2025-07-29 00:00:00+00:00,1,3317.2050000000004,3312.365,3293.152428287746,,0.2,-88.800000000012,-0.18459564545185242,"{'time_exit_bars': 2, 'atr': 7.985857237418102, 'entry_hour_utc': 19, 'exit_reason': 'time_exit', 'signal_time': Timestamp('2025-07-28 19:00:00+0000', tz='UTC')}"
2025-07-29 20:00:00+00:00,2025-07-30 00:00:00+00:00,1,3325.0950000000003,3327.415,3300.393670884899,,0.2,54.39999999999418,0.11011553213696684,"{'time_exit_bars': 2, 'atr': 8.242109705033599, 'entry_hour_utc': 19, 'exit_reason': 'time_exit', 'signal_time': Timestamp('2025-07-29 19:00:00+0000', tz='UTC')}"
2025-07-30 20:00:00+00:00,2025-07-31 00:00:00+00:00,1,3269.385,3285.125,3239.587711476511,,0.16,271.0399999999965,0.5685081039050195,"{'time_exit_bars': 2, 'atr': 9.930762841163187, 'entry_hour_utc': 19, 'exit_reason': 'time_exit', 'signal_time': Timestamp('2025-07-30 19:00:00+0000', tz='UTC')}"
2025-07-31 20:00:00+00:00,2025-08-01 00:00:00+00:00,1,3291.2050000000004,3288.395,3266.999359002998,,0.2,-48.20000000000801,-0.09956356868627689,"{'time_exit_bars': 2, 'atr': 7.996880332333863, 'entry_hour_utc': 19, 'exit_reason': 'time_exit', 'signal_time': Timestamp('2025-07-31 19:00:00+0000', tz='UTC')}"
2025-08-01 20:00:00+00:00,2025-08-04 00:00:00+00:00,1,3357.3050000000003,3361.825,3325.6299609272073,,0.15,85.7999999999929,0.1805838340673959,"{'time_exit_bars': 2, 'atr': 10.513346357597593, 'entry_hour_utc': 19, 'exit_reason': 'time_exit', 'signal_time': Timestamp('2025-08-01 19:00:00+0000', tz='UTC')}"
2025-08-04 20:00:00+00:00,2025-08-05 00:00:00+00:00,1,3375.985,3377.325,3354.2588611356664,,0.23,40.01999999999289,0.08008786148633736,"{'time_exit_bars': 2, 'atr': 7.2470462881112665, 'entry_hour_utc': 19, 'exit_reason': 'time_exit', 'signal_time': Timestamp('2025-08-04 19:00:00+0000', tz='UTC')}"
2025-08-05 20:00:00+00:00,2025-08-06 00:00:00+00:00,1,3379.165,3383.0249999999996,3356.124961676257,,0.21,89.45999999999313,0.18489552578607102,"{'time_exit_bars': 2, 'atr': 7.598346107914325, 'entry_hour_utc': 19, 'exit_reason': 'time_exit', 'signal_time': Timestamp('2025-08-05 19:00:00+0000', tz='UTC')}"
2025-08-06 20:00:00+00:00,2025-08-07 00:00:00+00:00,1,3371.665,3369.9449999999997,3351.117110318617,,0.24,-12.480000000006115,-0.025306735049847602,"{'time_exit_bars': 2, 'atr': 6.847629893794275, 'entry_hour_utc': 19, 'exit_reason': 'time_exit', 'signal_time': Timestamp('2025-08-06 19:00:00+0000', tz='UTC')}"
2025-08-07 20:00:00+00:00,2025-08-08 00:00:00+00:00,1,3399.985,3400.375,3369.7381186397142,,0.16,12.639999999997963,0.026118395169068283,"{'time_exit_bars': 2, 'atr': 10.027293786761907, 'entry_hour_utc': 19, 'exit_reason': 'time_exit', 'signal_time': Timestamp('2025-08-07 19:00:00+0000', tz='UTC')}"
2025-08-08 20:00:00+00:00,2025-08-11 00:00:00+00:00,1,3398.715,3391.375,3363.232055882328,,0.14,-85.96000000000205,-0.1730408835196443,"{'time_exit_bars': 2, 'atr': 11.805981372557378, 'entry_hour_utc': 19, 'exit_reason': 'time_exit', 'signal_time': Timestamp('2025-08-08 19:00:00+0000', tz='UTC')}"
2025-08-11 20:00:00+00:00,2025-08-12 00:00:00+00:00,1,3351.385,3348.805,3321.3492619160065,,0.16,-34.88000000000611,-0.07258020408568296,"{'time_exit_bars': 2, 'atr': 10.083579361331182, 'entry_hour_utc': 19, 'exit_reason': 'time_exit', 'signal_time': Timestamp('2025-08-11 19:00:00+0000', tz='UTC')}"
2025-08-12 20:00:00+00:00,2025-08-13 00:00:00+00:00,1,3347.635,3350.375,3318.7703844499847,,0.17,53.379999999996286,0.10878371113444793,"{'time_exit_bars': 2, 'atr': 9.619871850005138, 'entry_hour_utc': 19, 'exit_reason': 'time_exit', 'signal_time': Timestamp('2025-08-12 19:00:00+0000', tz='UTC')}"
2025-08-13 20:00:00+00:00,2025-08-14 00:00:00+00:00,1,3357.9550000000004,3362.575,3336.410940992911,,0.23,133.85999999998702,0.27014408000295076,"{'time_exit_bars': 2, 'atr': 7.1263530023629444, 'entry_hour_utc': 19, 'exit_reason': 'time_exit', 'signal_time': Timestamp('2025-08-13 19:00:00+0000', tz='UTC')}"
2025-08-14 20:00:00+00:00,2025-08-15 00:00:00+00:00,1,3338.135,3335.4049999999997,3312.4257447856016,,0.19,-44.270000000008984,-0.09062884088122264,"{'time_exit_bars': 2, 'atr': 8.511418404799512, 'entry_hour_utc': 19, 'exit_reason': 'time_exit', 'signal_time': Timestamp('2025-08-14 19:00:00+0000', tz='UTC')}"
2025-08-15 20:00:00+00:00,2025-08-18 00:00:00+00:00,1,3339.1150000000002,3326.9249999999997,3320.4745586328295,,0.26,-285.74000000001325,-0.5895783143502128,"{'time_exit_bars': 2, 'atr': 6.231813789056893, 'entry_hour_utc': 19, 'exit_reason': 'time_exit', 'signal_time': Timestamp('2025-08-15 19:00:00+0000', tz='UTC')}"
2025-08-18 20:00:00+00:00,2025-08-19 00:00:00+00:00,1,3334.085,3330.7749999999996,3316.1697863626655,,0.27,-78.57000000001081,-0.16243177775653667,"{'time_exit_bars': 2, 'atr': 5.9234045457781175, 'entry_hour_utc': 19, 'exit_reason': 'time_exit', 'signal_time': Timestamp('2025-08-18 19:00:00+0000', tz='UTC')}"
2025-08-19 20:00:00+00:00,2025-08-20 00:00:00+00:00,1,3316.005,3314.075,3297.761362787827,,0.27,-41.31000000000786,-0.08386485557712016,"{'time_exit_bars': 2, 'atr': 6.046212404057766, 'entry_hour_utc': 19, 'exit_reason': 'time_exit', 'signal_time': Timestamp('2025-08-19 19:00:00+0000', tz='UTC')}"
2025-08-20 20:00:00+00:00,2025-08-21 00:00:00+00:00,1,3348.7650000000003,3346.685,3331.4462953201896,,0.28,-24.6400000000107,-0.050812114200794865,"{'time_exit_bars': 2, 'atr': 5.747901559936835, 'entry_hour_utc': 19, 'exit_reason': 'time_exit', 'signal_time': Timestamp('2025-08-20 19:00:00+0000', tz='UTC')}"
2025-08-21 20:00:00+00:00,2025-08-22 00:00:00+00:00,1,3339.215,3338.145,3319.736765721022,,0.25,-16.750000000004093,-0.03439736838586347,"{'time_exit_bars': 2, 'atr': 6.341078092992682, 'entry_hour_utc': 19, 'exit_reason': 'time_exit', 'signal_time': Timestamp('2025-08-21 19:00:00+0000', tz='UTC')}"
2025-08-22 20:00:00+00:00,2025-08-25 00:00:00+00:00,1,3373.665,3368.9049999999997,3350.555101808398,,0.21,-74.76000000000458,-0.15404654622381223,"{'time_exit_bars': 2, 'atr': 7.54829939720057, 'entry_hour_utc': 19, 'exit_reason': 'time_exit', 'signal_time': Timestamp('2025-08-22 19:00:00+0000', tz='UTC')}"
2025-08-25 20:00:00+00:00,2025-08-26 00:00:00+00:00,1,3365.795,3354.615,3350.9726428760023,,0.33,-355.7400000000097,-0.7272797376165755,"{'time_exit_bars': 2, 'atr': 4.809119041332659, 'entry_hour_utc': 19, 'exit_reason': 'time_exit', 'signal_time': Timestamp('2025-08-25 19:00:00+0000', tz='UTC')}"
2025-08-26 20:00:00+00:00,2025-08-27 00:00:00+00:00,1,3389.9550000000004,3390.6949999999997,3367.4968654150803,,0.22,25.079999999985194,0.050761117121668635,"{'time_exit_bars': 2, 'atr': 7.3677115283065815, 'entry_hour_utc': 19, 'exit_reason': 'time_exit', 'signal_time': Timestamp('2025-08-26 19:00:00+0000', tz='UTC')}"
2025-08-27 20:00:00+00:00,2025-08-28 00:00:00+00:00,1,3396.385,3395.625,3378.3605521442487,,0.27,11.879999999994105,0.024411288685294144,"{'time_exit_bars': 2, 'atr': 5.946482618583695, 'entry_hour_utc': 19, 'exit_reason': 'time_exit', 'signal_time': Timestamp('2025-08-27 19:00:00+0000', tz='UTC')}"
2025-08-28 20:00:00+00:00,2025-08-29 00:00:00+00:00,1,3422.4950000000003,3414.6549999999997,3402.719358815736,,0.25,-186.000000000015,-0.37622041837615394,"{'time_exit_bars': 2, 'atr': 6.476880394754733, 'entry_hour_utc': 19, 'exit_reason': 'time_exit', 'signal_time': Timestamp('2025-08-28 19:00:00+0000', tz='UTC')}"
2025-08-29 20:00:00+00:00,2025-09-01 00:00:00+00:00,1,3452.905,3447.835,3431.512991271972,,0.23,-89.01000000000377,-0.18090867712341804,"{'time_exit_bars': 2, 'atr': 7.029002909342652, 'entry_hour_utc': 19, 'exit_reason': 'time_exit', 'signal_time': Timestamp('2025-08-29 19:00:00+0000', tz='UTC')}"
2025-09-02 20:00:00+00:00,2025-09-03 00:00:00+00:00,1,3537.5750000000003,3529.855,3500.8744171739136,,0.13,-95.16000000000331,-0.19945187341268086,"{'time_exit_bars': 2, 'atr': 12.021860942028777, 'entry_hour_utc': 19, 'exit_reason': 'time_exit', 'signal_time': Timestamp('2025-09-02 19:00:00+0000', tz='UTC')}"
2025-09-03 20:00:00+00:00,2025-09-04 00:00:00+00:00,1,3563.795,3560.125,3534.9363185898837,,0.17,-41.990000000001245,-0.08558949609992303,"{'time_exit_bars': 2, 'atr': 9.581227136705342, 'entry_hour_utc': 19, 'exit_reason': 'time_exit', 'signal_time': Timestamp('2025-09-03 19:00:00+0000', tz='UTC')}"
2025-09-04 20:00:00+00:00,2025-09-05 00:00:00+00:00,1,3550.175,3552.435,3514.913874034203,,0.14,37.23999999999669,0.07543718265207822,"{'time_exit_bars': 2, 'atr': 11.595375321932124, 'entry_hour_utc': 19, 'exit_reason': 'time_exit', 'signal_time': Timestamp('2025-09-04 19:00:00+0000', tz='UTC')}"
2025-09-05 20:00:00+00:00,2025-09-08 00:00:00+00:00,1,3595.1850000000004,3591.0449999999996,3564.8392269815827,,0.16,-47.04000000001251,-0.0968833451109125,"{'time_exit_bars': 2, 'atr': 10.00359100613903, 'entry_hour_utc': 19, 'exit_reason': 'time_exit', 'signal_time': Timestamp('2025-09-05 19:00:00+0000', tz='UTC')}"
2025-09-08 20:00:00+00:00,2025-09-09 00:00:00+00:00,1,3636.695,3634.8149999999996,3608.7435705281177,,0.17,-25.160000000009585,-0.05294899144565616,"{'time_exit_bars': 2, 'atr': 9.252143157294148, 'entry_hour_utc': 19, 'exit_reason': 'time_exit', 'signal_time': Timestamp('2025-09-08 19:00:00+0000', tz='UTC')}"
2025-09-09 20:00:00+00:00,2025-09-10 00:00:00+00:00,1,3629.7450000000003,3633.365,3593.9004352764896,,0.13,52.25999999999267,0.1121508945919124,"{'time_exit_bars': 2, 'atr': 11.796521574503384, 'entry_hour_utc': 19, 'exit_reason': 'time_exit', 'signal_time': Timestamp('2025-09-09 19:00:00+0000', tz='UTC')}"
2025-09-10 20:00:00+00:00,2025-09-11 00:00:00+00:00,1,3642.385,3644.845,3616.7249409804267,,0.19,69.53999999999205,0.14263412243938065,"{'time_exit_bars': 2, 'atr': 8.395019673191, 'entry_hour_utc': 19, 'exit_reason': 'time_exit', 'signal_time': Timestamp('2025-09-10 19:00:00+0000', tz='UTC')}"
2025-09-11 20:00:00+00:00,2025-09-12 00:00:00+00:00,1,3637.105,3631.6349999999998,3607.4344743660167,,0.16,-81.12000000000407,-0.17087664918862452,"{'time_exit_bars': 2, 'atr': 9.815175211327752, 'entry_hour_utc': 19, 'exit_reason': 'time_exit', 'signal_time': Timestamp('2025-09-11 19:00:00+0000', tz='UTC')}"
2025-09-12 20:00:00+00:00,2025-09-15 00:00:00+00:00,1,3644.395,3638.035,3624.6247127034126,,0.25,-129.00000000000318,-0.2609977246456507,"{'time_exit_bars': 2, 'atr': 6.495095765529202, 'entry_hour_utc': 19, 'exit_reason': 'time_exit', 'signal_time': Timestamp('2025-09-12 19:00:00+0000', tz='UTC')}"
2025-09-15 20:00:00+00:00,2025-09-16 00:00:00+00:00,1,3681.145,3676.765,3654.8582236926686,,0.18,-71.64000000000196,-0.1514069261847863,"{'time_exit_bars': 2, 'atr': 8.69392543577709, 'entry_hour_utc': 19, 'exit_reason': 'time_exit', 'signal_time': Timestamp('2025-09-15 19:00:00+0000', tz='UTC')}"
2025-09-16 20:00:00+00:00,2025-09-17 00:00:00+00:00,1,3689.835,3694.055,3665.4638682051586,,0.2,92.399999999996,0.18956854523176914,"{'time_exit_bars': 2, 'atr': 8.065377264947015, 'entry_hour_utc': 19, 'exit_reason': 'time_exit', 'signal_time': Timestamp('2025-09-16 19:00:00+0000', tz='UTC')}"
2025-09-17 20:00:00+00:00,2025-09-18 00:00:00+00:00,1,3661.925,3668.995,3623.3220117866495,,0.12,99.23999999999651,0.2142321199149955,"{'time_exit_bars': 2, 'atr': 12.772662737783541, 'entry_hour_utc': 19, 'exit_reason': 'time_exit', 'signal_time': Timestamp('2025-09-17 19:00:00+0000', tz='UTC')}"
2025-09-18 20:00:00+00:00,2025-09-19 00:00:00+00:00,1,3646.925,3640.0649999999996,3614.7221683368,,0.15,-96.90000000000872,-0.20060347697257935,"{'time_exit_bars': 2, 'atr': 10.619277221066504, 'entry_hour_utc': 19, 'exit_reason': 'time_exit', 'signal_time': Timestamp('2025-09-18 19:00:00+0000', tz='UTC')}"
2025-09-19 20:00:00+00:00,2025-09-22 00:00:00+00:00,1,3684.545,3686.0049999999997,3655.912887171268,,0.17,45.21999999999289,0.092902679446355,"{'time_exit_bars': 2, 'atr': 9.522370942910692, 'entry_hour_utc': 19, 'exit_reason': 'time_exit', 'signal_time': Timestamp('2025-09-19 19:00:00+0000', tz='UTC')}"
2025-09-22 20:00:00+00:00,2025-09-23 00:00:00+00:00,1,3747.8250000000003,3747.6349999999998,3720.9323439611685,,0.18,3.7799999999908316,0.007808823334380218,"{'time_exit_bars': 2, 'atr': 8.949218679610507, 'entry_hour_utc': 19, 'exit_reason': 'time_exit', 'signal_time': Timestamp('2025-09-22 19:00:00+0000', tz='UTC')}"
2025-09-23 20:00:00+00:00,2025-09-24 00:00:00+00:00,1,3764.5150000000003,3763.725,3724.701252715971,,0.12,-4.680000000005021,-0.009795611481084071,"{'time_exit_bars': 2, 'atr': 13.20291576134306, 'entry_hour_utc': 19, 'exit_reason': 'time_exit', 'signal_time': Timestamp('2025-09-23 19:00:00+0000', tz='UTC')}"
2025-09-24 20:00:00+00:00,2025-09-25 00:00:00+00:00,1,3730.2450000000003,3742.805,3697.43743743572,,0.15,206.39999999999236,0.4194154921762096,"{'time_exit_bars': 2, 'atr': 10.890854188093455, 'entry_hour_utc': 19, 'exit_reason': 'time_exit', 'signal_time': Timestamp('2025-09-24 19:00:00+0000', tz='UTC')}"
2025-09-25 20:00:00+00:00,2025-09-26 00:00:00+00:00,1,3746.855,3744.5049999999997,3707.2510429646663,,0.12,-23.400000000004365,-0.04923750417819668,"{'time_exit_bars': 2, 'atr': 13.099652345111354, 'entry_hour_utc': 19, 'exit_reason': 'time_exit', 'signal_time': Timestamp('2025-09-25 19:00:00+0000', tz='UTC')}"
2025-09-26 20:00:00+00:00,2025-09-29 00:00:00+00:00,1,3766.915,3766.7349999999997,3735.4949642647302,,0.15,15.299999999995634,0.03246336218690978,"{'time_exit_bars': 2, 'atr': 10.425011911756547, 'entry_hour_utc': 19, 'exit_reason': 'time_exit', 'signal_time': Timestamp('2025-09-26 19:00:00+0000', tz='UTC')}"
2025-09-29 20:00:00+00:00,2025-09-30 00:00:00+00:00,1,3828.7450000000003,3832.705,3791.0524451094993,,0.13,56.679999999994564,0.11567271076915922,"{'time_exit_bars': 2, 'atr': 12.545851630166876, 'entry_hour_utc': 19, 'exit_reason': 'time_exit', 'signal_time': Timestamp('2025-09-29 19:00:00+0000', tz='UTC')}"
2025-09-30 20:00:00+00:00,2025-10-01 00:00:00+00:00,1,3859.2850000000003,3862.585,3809.978749431572,,0.1,36.99999999999728,0.07504119573774487,"{'time_exit_bars': 2, 'atr': 16.337083522809284, 'entry_hour_utc': 19, 'exit_reason': 'time_exit', 'signal_time': Timestamp('2025-09-30 19:00:00+0000', tz='UTC')}"
2025-10-01 20:00:00+00:00,2025-10-02 00:00:00+00:00,1,3867.985,3863.2749999999996,3828.3033904824947,,0.12,-42.12000000000589,-0.08845407337754445,"{'time_exit_bars': 2, 'atr': 13.155536505835144, 'entry_hour_utc': 19, 'exit_reason': 'time_exit', 'signal_time': Timestamp('2025-10-01 19:00:00+0000', tz='UTC')}"
2025-10-02 20:00:00+00:00,2025-10-03 00:00:00+00:00,1,3855.885,3862.285,3816.3665509481593,,0.12,81.59999999999563,0.17207153021312388,"{'time_exit_bars': 2, 'atr': 13.104483017280224, 'entry_hour_utc': 19, 'exit_reason': 'time_exit', 'signal_time': Timestamp('2025-10-02 19:00:00+0000', tz='UTC')}"
2025-10-03 20:00:00+00:00,2025-10-06 00:00:00+00:00,1,3885.7450000000003,3909.355,3852.414885722042,,0.14,347.3399999999954,0.7443718852295359,"{'time_exit_bars': 2, 'atr': 11.115038092652696, 'entry_hour_utc': 19, 'exit_reason': 'time_exit', 'signal_time': Timestamp('2025-10-03 19:00:00+0000', tz='UTC')}"
2025-10-06 20:00:00+00:00,2025-10-07 00:00:00+00:00,1,3959.605,3969.395,3920.261038098496,,0.12,122.27999999999956,0.2589978107825092,"{'time_exit_bars': 2, 'atr': 13.056320633834567, 'entry_hour_utc': 19, 'exit_reason': 'time_exit', 'signal_time': Timestamp('2025-10-06 19:00:00+0000', tz='UTC')}"
2025-10-07 20:00:00+00:00,2025-10-08 00:00:00+00:00,1,3980.505,3994.1749999999997,3942.1434655907083,,0.13,182.90999999999502,0.3667736501330254,"{'time_exit_bars': 2, 'atr': 12.675511469763883, 'entry_hour_utc': 19, 'exit_reason': 'time_exit', 'signal_time': Timestamp('2025-10-07 19:00:00+0000', tz='UTC')}"
2025-10-08 20:00:00+00:00,2025-10-09 00:00:00+00:00,1,4044.905,4002.298814487373,4002.473814487373,,0.11,-455.46804063889965,-0.9758432391738198,"{'time_exit_bars': 2, 'atr': 14.152061837542226, 'entry_hour_utc': 19, 'exit_reason': 'sl', 'signal_time': Timestamp('2025-10-08 19:00:00+0000', tz='UTC')}"
2025-10-09 20:00:00+00:00,2025-10-10 00:00:00+00:00,1,3973.485,3989.805,3910.6292922883963,,0.07,117.03999999999796,0.2660060734136483,"{'time_exit_bars': 2, 'atr': 20.79356923720131, 'entry_hour_utc': 19, 'exit_reason': 'time_exit', 'signal_time': Timestamp('2025-10-09 19:00:00+0000', tz='UTC')}"
2025-10-10 20:00:00+00:00,2025-10-13 00:00:00+00:00,1,4011.855,4034.9249999999997,3952.0009516589066,,0.08,194.15999999999767,0.4054863567739142,"{'time_exit_bars': 2, 'atr': 19.816349447031058, 'entry_hour_utc': 19, 'exit_reason': 'time_exit', 'signal_time': Timestamp('2025-10-10 19:00:00+0000', tz='UTC')}"
2025-10-13 20:00:00+00:00,2025-10-14 00:00:00+00:00,1,4108.825,4127.885,4067.58738590532,,0.12,233.52000000000479,0.47189927029534323,"{'time_exit_bars': 2, 'atr': 13.637538031560002, 'entry_hour_utc': 19, 'exit_reason': 'time_exit', 'signal_time': Timestamp('2025-10-13 19:00:00+0000', tz='UTC')}"
2025-10-14 20:00:00+00:00,2025-10-15 00:00:00+00:00,1,4141.125,4161.4349999999995,4072.1974503887086,,0.07,144.96999999999645,0.3004604126621509,"{'time_exit_bars': 2, 'atr': 23.110849870430393, 'entry_hour_utc': 19, 'exit_reason': 'time_exit', 'signal_time': Timestamp('2025-10-14 19:00:00+0000', tz='UTC')}"
2025-10-15 20:00:00+00:00,2025-10-16 00:00:00+00:00,1,4210.175,4209.285,4157.292856311464,,0.09,2.789999999997054,0.005862092161495965,"{'time_exit_bars': 2, 'atr': 17.709047896178618, 'entry_hour_utc': 19, 'exit_reason': 'time_exit', 'signal_time': Timestamp('2025-10-15 19:00:00+0000', tz='UTC')}"
2025-10-16 20:00:00+00:00,2025-10-17 00:00:00+00:00,1,4307.575,4365.565,4251.1990747079235,,0.08,467.1199999999983,1.035725794255062,"{'time_exit_bars': 2, 'atr': 18.810308430692277, 'entry_hour_utc': 19, 'exit_reason': 'time_exit', 'signal_time': Timestamp('2025-10-16 19:00:00+0000', tz='UTC')}"
2025-10-17 20:00:00+00:00,2025-10-20 00:00:00+00:00,1,4227.455,4237.764999999999,4114.252354369512,,0.04,46.03999999999796,0.10167606892837178,"{'time_exit_bars': 2, 'atr': 37.19254854349585, 'entry_hour_utc': 19, 'exit_reason': 'time_exit', 'signal_time': Timestamp('2025-10-17 19:00:00+0000', tz='UTC')}"
2025-10-20 20:00:00+00:00,2025-10-21 00:00:00+00:00,1,4378.935,4360.235,4310.002862068792,,0.07,-128.10000000000508,-0.26547849158926917,"{'time_exit_bars': 2, 'atr': 22.709045977069607, 'entry_hour_utc': 19, 'exit_reason': 'time_exit', 'signal_time': Timestamp('2025-10-20 19:00:00+0000', tz='UTC')}"
2025-10-21 20:00:00+00:00,2025-10-22 00:00:00+00:00,1,4109.805,4092.9049999999997,4005.797464276683,,0.04,-66.00000000000219,-0.15864235110707894,"{'time_exit_bars': 2, 'atr': 34.357511907772356, 'entry_hour_utc': 19, 'exit_reason': 'time_exit', 'signal_time': Timestamp('2025-10-21 19:00:00+0000', tz='UTC')}"
2025-10-22 20:00:00+00:00,2025-10-23 00:00:00+00:00,1,4102.335,4087.615,3987.1908080431513,,0.04,-54.08000000000102,-0.11741799364979683,"{'time_exit_bars': 2, 'atr': 38.403063985616065, 'entry_hour_utc': 19, 'exit_reason': 'time_exit', 'signal_time': Timestamp('2025-10-22 19:00:00+0000', tz='UTC')}"
2025-10-23 20:00:00+00:00,2025-10-24 00:00:00+00:00,1,4118.625,4121.295,4055.9089017862457,,0.08,24.56000000000058,0.04895074928827107,"{'time_exit_bars': 2, 'atr': 20.78369940458479, 'entry_hour_utc': 19, 'exit_reason': 'time_exit', 'signal_time': Timestamp('2025-10-23 19:00:00+0000', tz='UTC')}"
2025-10-24 20:00:00+00:00,2025-10-26 23:00:00+00:00,1,4104.145,4064.2549999999997,4037.167077159867,,0.07,-273.6300000000055,-0.5836251460545127,"{'time_exit_bars': 2, 'atr': 22.244307613377575, 'entry_hour_utc': 19, 'exit_reason': 'time_exit', 'signal_time': Timestamp('2025-10-24 19:00:00+0000', tz='UTC')}"
2025-10-27 21:00:00+00:00,2025-10-28 00:00:00+00:00,1,3986.125,4006.705,3916.868811904213,,0.07,146.8599999999995,0.3029332190645967,"{'time_exit_bars': 2, 'atr': 21.383729365262365, 'entry_hour_utc': 19, 'exit_reason': 'time_exit', 'signal_time': Timestamp('2025-10-27 19:00:00+0000', tz='UTC')}"
2025-10-28 21:00:00+00:00,2025-10-29 00:00:00+00:00,1,3953.2650000000003,3975.6549999999997,3886.3704238587875,,0.07,159.52999999999597,0.34068531882002334,"{'time_exit_bars': 2, 'atr': 22.079858713737476, 'entry_hour_utc': 19, 'exit_reason': 'time_exit', 'signal_time': Timestamp('2025-10-28 19:00:00+0000', tz='UTC')}"
2025-10-29 21:00:00+00:00,2025-10-30 00:00:00+00:00,1,3927.3050000000003,3950.095,3859.965577483128,,0.07,167.92999999999657,0.3562549113632315,"{'time_exit_bars': 2, 'atr': 23.368140838957395, 'entry_hour_utc': 19, 'exit_reason': 'time_exit', 'signal_time': Timestamp('2025-10-29 19:00:00+0000', tz='UTC')}"
2025-10-30 21:00:00+00:00,2025-10-31 00:00:00+00:00,1,4021.2250000000004,4024.825,3954.6962738686684,,0.07,27.99999999999618,0.06012440388687435,"{'time_exit_bars': 2, 'atr': 23.17790871044385, 'entry_hour_utc': 19, 'exit_reason': 'time_exit', 'signal_time': Timestamp('2025-10-30 19:00:00+0000', tz='UTC')}"
2025-11-02 22:00:00+00:00,2025-11-03 01:00:00+00:00,1,3989.835,3995.6549999999997,3946.8534249401287,,0.11,68.4199999999968,0.14471317050004642,"{'time_exit_bars': 2, 'atr': 18.428858353290384, 'entry_hour_utc': 19, 'exit_reason': 'time_exit', 'signal_time': Timestamp('2025-10-31 19:00:00+0000', tz='UTC')}"
2025-11-03 20:00:00+00:00,2025-11-04 00:00:00+00:00,1,4009.9550000000004,3986.305,3964.975464767019,,0.11,-255.750000000006,-0.5169017394148688,"{'time_exit_bars': 2, 'atr': 15.078178410993768, 'entry_hour_utc': 19, 'exit_reason': 'time_exit', 'signal_time': Timestamp('2025-11-03 19:00:00+0000', tz='UTC')}"
2025-11-04 20:00:00+00:00,2025-11-05 00:00:00+00:00,1,3938.875,3939.705,3887.9282176033153,,0.09,11.069999999999345,0.024142839687555366,"{'time_exit_bars': 2, 'atr': 16.930594132228116, 'entry_hour_utc': 19, 'exit_reason': 'time_exit', 'signal_time': Timestamp('2025-11-04 19:00:00+0000', tz='UTC')}"
2025-11-05 20:00:00+00:00,2025-11-06 00:00:00+00:00,1,3984.255,3975.685,3944.861964747894,,0.12,-88.44000000000196,-0.18708890931693667,"{'time_exit_bars': 2, 'atr': 13.182678417368628, 'entry_hour_utc': 19, 'exit_reason': 'time_exit', 'signal_time': Timestamp('2025-11-05 19:00:00+0000', tz='UTC')}"
2025-11-06 20:00:00+00:00,2025-11-07 00:00:00+00:00,1,3980.565,3988.4849999999997,3944.088280222048,,0.13,108.15999999999504,0.22809068498063154,"{'time_exit_bars': 2, 'atr': 12.213906592650593, 'entry_hour_utc': 19, 'exit_reason': 'time_exit', 'signal_time': Timestamp('2025-11-06 19:00:00+0000', tz='UTC')}"
2025-11-07 20:00:00+00:00,2025-11-10 00:00:00+00:00,1,4003.605,4020.165,3963.8429411467055,,0.12,213.11999999999935,0.4466569516816762,"{'time_exit_bars': 2, 'atr': 13.412352951098164, 'entry_hour_utc': 19, 'exit_reason': 'time_exit', 'signal_time': Timestamp('2025-11-07 19:00:00+0000', tz='UTC')}"
2025-11-10 20:00:00+00:00,2025-11-11 00:00:00+00:00,1,4111.965,4130.665,4076.3770832731257,,0.14,267.3999999999975,0.5366990191245533,"{'time_exit_bars': 2, 'atr': 11.757638908958032, 'entry_hour_utc': 19, 'exit_reason': 'time_exit', 'signal_time': Timestamp('2025-11-10 19:00:00+0000', tz='UTC')}"
2025-11-11 20:00:00+00:00,2025-11-12 00:00:00+00:00,1,4129.655,4132.845,4093.9589040533174,,0.14,50.26000000000713,0.10057122228051854,"{'time_exit_bars': 2, 'atr': 11.873698648894255, 'entry_hour_utc': 19, 'exit_reason': 'time_exit', 'signal_time': Timestamp('2025-11-11 19:00:00+0000', tz='UTC')}"
2025-11-12 20:00:00+00:00,2025-11-13 00:00:00+00:00,1,4196.055,4206.014999999999,4148.522907693116,,0.1,111.59999999999127,0.23478873868935207,"{'time_exit_bars': 2, 'atr': 15.809030768961183, 'entry_hour_utc': 19, 'exit_reason': 'time_exit', 'signal_time': Timestamp('2025-11-12 19:00:00+0000', tz='UTC')}"
2025-11-13 20:00:00+00:00,2025-11-14 00:00:00+00:00,1,4164.135,4183.695,4103.5106612412765,,0.08,159.6799999999959,0.3292407044543191,"{'time_exit_bars': 2, 'atr': 20.103112919574293, 'entry_hour_utc': 19, 'exit_reason': 'time_exit', 'signal_time': Timestamp('2025-11-13 19:00:00+0000', tz='UTC')}"
2025-11-14 20:00:00+00:00,2025-11-17 00:00:00+00:00,1,4086.8050000000003,4082.845,4013.4341667454673,,0.06,-16.560000000002947,-0.03761712764560943,"{'time_exit_bars': 2, 'atr': 24.6252777515108, 'entry_hour_utc': 19, 'exit_reason': 'time_exit', 'signal_time': Timestamp('2025-11-14 19:00:00+0000', tz='UTC')}"
2025-11-17 20:00:00+00:00,2025-11-18 00:00:00+00:00,1,4041.125,4039.9249999999997,3973.4245146487115,,0.07,-5.600000000001909,-0.011816754279517826,"{'time_exit_bars': 2, 'atr': 22.428495117096247, 'entry_hour_utc': 19, 'exit_reason': 'time_exit', 'signal_time': Timestamp('2025-11-17 19:00:00+0000', tz='UTC')}"
2025-11-18 20:00:00+00:00,2025-11-19 00:00:00+00:00,1,4070.065,4069.325,4013.981013885849,,0.09,-3.0600000000021286,-0.006062336569804674,"{'time_exit_bars': 2, 'atr': 18.506328704717024, 'entry_hour_utc': 19, 'exit_reason': 'time_exit', 'signal_time': Timestamp('2025-11-18 19:00:00+0000', tz='UTC')}"
2025-11-19 20:00:00+00:00,2025-11-20 00:00:00+00:00,1,4076.415,4102.835,4020.3076935617282,,0.09,248.58000000000064,0.49227100271489793,"{'time_exit_bars': 2, 'atr': 18.64743547942388, 'entry_hour_utc': 19, 'exit_reason': 'time_exit', 'signal_time': Timestamp('2025-11-19 19:00:00+0000', tz='UTC')}"
2025-11-20 20:00:00+00:00,2025-11-21 00:00:00+00:00,1,4076.985,4073.645,4008.789694558868,,0.07,-20.58000000000102,-0.04311147198450535,"{'time_exit_bars': 2, 'atr': 22.780101813710715, 'entry_hour_utc': 19, 'exit_reason': 'time_exit', 'signal_time': Timestamp('2025-11-20 19:00:00+0000', tz='UTC')}"
2025-11-21 20:00:00+00:00,2025-11-24 00:00:00+00:00,1,4067.425,4067.4249999999997,4001.191750257917,,0.07,8.399999999996817,0.018117788341541912,"{'time_exit_bars': 2, 'atr': 22.08608324736084, 'entry_hour_utc': 19, 'exit_reason': 'time_exit', 'signal_time': Timestamp('2025-11-21 19:00:00+0000', tz='UTC')}"
2025-11-24 20:00:00+00:00,2025-11-25 00:00:00+00:00,1,4132.715,4129.255,4089.8721962628238,,0.11,-33.6600000000004,-0.07142389696930022,"{'time_exit_bars': 2, 'atr': 14.259267912391984, 'entry_hour_utc': 19, 'exit_reason': 'time_exit', 'signal_time': Timestamp('2025-11-24 19:00:00+0000', tz='UTC')}"
2025-11-25 20:00:00+00:00,2025-11-26 00:00:00+00:00,1,4132.365,4142.745,4080.7812494926648,,0.09,97.02000000000098,0.20898053929729732,"{'time_exit_bars': 2, 'atr': 17.14291683577838, 'entry_hour_utc': 19, 'exit_reason': 'time_exit', 'signal_time': Timestamp('2025-11-25 19:00:00+0000', tz='UTC')}"
2025-11-26 20:00:00+00:00,2025-11-27 00:00:00+00:00,1,4164.195000000001,4164.455,4125.826285140279,,0.13,18.979999999991016,0.03805183481743261,"{'time_exit_bars': 2, 'atr': 12.74790495324025, 'entry_hour_utc': 19, 'exit_reason': 'time_exit', 'signal_time': Timestamp('2025-11-26 19:00:00+0000', tz='UTC')}"
2025-11-27 20:00:00+00:00,2025-11-28 00:00:00+00:00,1,4156.435,4180.405,4133.742756547017,,0.22,536.1399999999855,1.0739352435774887,"{'time_exit_bars': 2, 'atr': 7.505747817660952, 'entry_hour_utc': 19, 'exit_reason': 'time_exit', 'signal_time': Timestamp('2025-11-27 19:00:00+0000', tz='UTC')}"
2025-12-01 20:00:00+00:00,2025-12-02 00:00:00+00:00,1,4237.285,4226.745,4189.924900066883,,0.1,-101.39999999999965,-0.214104277953805,"{'time_exit_bars': 2, 'atr': 15.788366644372166, 'entry_hour_utc': 19, 'exit_reason': 'time_exit', 'signal_time': Timestamp('2025-12-01 19:00:00+0000', tz='UTC')}"
2025-12-02 20:00:00+00:00,2025-12-03 00:00:00+00:00,1,4210.165,4211.595,4160.576207835383,,0.1,18.30000000000291,0.03690350016845219,"{'time_exit_bars': 2, 'atr': 16.52459738820562, 'entry_hour_utc': 19, 'exit_reason': 'time_exit', 'signal_time': Timestamp('2025-12-02 19:00:00+0000', tz='UTC')}"
2025-12-03 20:00:00+00:00,2025-12-04 00:00:00+00:00,1,4206.325,4211.455,4161.303241092147,,0.11,69.6300000000012,0.1405986828048159,"{'time_exit_bars': 2, 'atr': 14.978919635950897, 'entry_hour_utc': 19, 'exit_reason': 'time_exit', 'signal_time': Timestamp('2025-12-03 19:00:00+0000', tz='UTC')}"
2025-12-04 20:00:00+00:00,2025-12-05 00:00:00+00:00,1,4209.985000000001,4201.6449999999995,4174.077292437409,,0.14,-111.16000000001479,-0.22112244247730328,"{'time_exit_bars': 2, 'atr': 11.927569187530262, 'entry_hour_utc': 19, 'exit_reason': 'time_exit', 'signal_time': Timestamp('2025-12-04 19:00:00+0000', tz='UTC')}"
2025-12-05 20:00:00+00:00,2025-12-08 00:00:00+00:00,1,4202.325,4210.6449999999995,4164.714628570738,,0.13,123.75999999999621,0.2531216693221174,"{'time_exit_bars': 2, 'atr': 12.495123809754134, 'entry_hour_utc': 19, 'exit_reason': 'time_exit', 'signal_time': Timestamp('2025-12-05 19:00:00+0000', tz='UTC')}"
2025-12-08 20:00:00+00:00,2025-12-09 00:00:00+00:00,1,4191.745,4190.255,4157.225802972454,,0.14,-15.259999999996943,-0.03157663253667192,"{'time_exit_bars': 2, 'atr': 11.441399009182016, 'entry_hour_utc': 19, 'exit_reason': 'time_exit', 'signal_time': Timestamp('2025-12-08 19:00:00+0000', tz='UTC')}"
2025-12-09 20:00:00+00:00,2025-12-10 00:00:00+00:00,1,4212.485000000001,4208.295,4177.394177295918,,0.14,-53.060000000007136,-0.10800544723505597,"{'time_exit_bars': 2, 'atr': 11.585274234693967, 'entry_hour_utc': 19, 'exit_reason': 'time_exit', 'signal_time': Timestamp('2025-12-09 19:00:00+0000', tz='UTC')}"
2025-12-10 20:00:00+00:00,2025-12-11 00:00:00+00:00,1,4229.835,4237.005,4192.2028240252785,,0.13,108.81000000000094,0.22241605177501295,"{'time_exit_bars': 2, 'atr': 12.52572532490706, 'entry_hour_utc': 19, 'exit_reason': 'time_exit', 'signal_time': Timestamp('2025-12-10 19:00:00+0000', tz='UTC')}"
2025-12-11 20:00:00+00:00,2025-12-12 00:00:00+00:00,1,4276.435,4269.264999999999,4230.290490058086,,0.11,-74.4700000000108,-0.1467130111149281,"{'time_exit_bars': 2, 'atr': 15.309836647304696, 'entry_hour_utc': 19, 'exit_reason': 'time_exit', 'signal_time': Timestamp('2025-12-11 19:00:00+0000', tz='UTC')}"
2025-12-12 20:00:00+00:00,2025-12-15 00:00:00+00:00,1,4299.495,4307.375,4245.072053653771,,0.09,81.72000000000098,0.1668413897004915,"{'time_exit_bars': 2, 'atr': 18.072648782076286, 'entry_hour_utc': 19, 'exit_reason': 'time_exit', 'signal_time': Timestamp('2025-12-12 19:00:00+0000', tz='UTC')}"
2025-12-15 20:00:00+00:00,2025-12-16 00:00:00+00:00,1,4305.095,4307.885,4265.870221765325,,0.13,41.46999999999953,0.08132614494120935,"{'time_exit_bars': 2, 'atr': 13.016592744891582, 'entry_hour_utc': 19, 'exit_reason': 'time_exit', 'signal_time': Timestamp('2025-12-15 19:00:00+0000', tz='UTC')}"
2025-12-16 20:00:00+00:00,2025-12-17 00:00:00+00:00,1,4305.025000000001,4313.085,4258.083665803577,,0.1,84.5999999999949,0.18022495834053295,"{'time_exit_bars': 2, 'atr': 15.588778065474397, 'entry_hour_utc': 19, 'exit_reason': 'time_exit', 'signal_time': Timestamp('2025-12-16 19:00:00+0000', tz='UTC')}"
2025-12-17 20:00:00+00:00,2025-12-18 00:00:00+00:00,1,4341.595,4334.6449999999995,4298.069867091412,,0.11,-63.250000000008,-0.13210758051162913,"{'time_exit_bars': 2, 'atr': 14.450044302862908, 'entry_hour_utc': 19, 'exit_reason': 'time_exit', 'signal_time': Timestamp('2025-12-17 19:00:00+0000', tz='UTC')}"
2025-12-18 20:00:00+00:00,2025-12-19 00:00:00+00:00,1,4335.025000000001,4325.885,4290.946509013304,,0.11,-96.1400000000036,-0.1982826499808774,"{'time_exit_bars': 2, 'atr': 14.634496995565172, 'entry_hour_utc': 19, 'exit_reason': 'time_exit', 'signal_time': Timestamp('2025-12-18 19:00:00+0000', tz='UTC')}"
2025-12-19 20:00:00+00:00,2025-12-22 00:00:00+00:00,1,4339.895,4364.905,4309.507153576263,,0.16,419.35999999998893,0.8625158767264637,"{'time_exit_bars': 2, 'atr': 10.067615474578968, 'entry_hour_utc': 19, 'exit_reason': 'time_exit', 'signal_time': Timestamp('2025-12-19 19:00:00+0000', tz='UTC')}"
2025-12-22 20:00:00+00:00,2025-12-23 00:00:00+00:00,1,4438.715,4470.355,4405.047034487915,,0.15,480.59999999999127,0.9516464542087821,"{'time_exit_bars': 2, 'atr': 11.164321837361726, 'entry_hour_utc': 19, 'exit_reason': 'time_exit', 'signal_time': Timestamp('2025-12-22 19:00:00+0000', tz='UTC')}"
2025-12-23 20:00:00+00:00,2025-12-24 00:00:00+00:00,1,4497.755,4511.825,4453.697207011162,,0.11,159.1699999999968,0.32843224815336897,"{'time_exit_bars': 2, 'atr': 14.63093099627923, 'entry_hour_utc': 19, 'exit_reason': 'time_exit', 'signal_time': Timestamp('2025-12-23 19:00:00+0000', tz='UTC')}"
2025-12-26 20:00:00+00:00,2025-12-29 00:00:00+00:00,1,4531.245,4484.672346612062,4484.847346612062,,0.11,-499.0991872673165,-0.9779083655065561,"{'time_exit_bars': 2, 'atr': 15.407551129312568, 'entry_hour_utc': 19, 'exit_reason': 'sl', 'signal_time': Timestamp('2025-12-26 19:00:00+0000', tz='UTC')}"
2025-12-29 20:00:00+00:00,2025-12-30 00:00:00+00:00,1,4334.925,4339.554999999999,4252.846222773887,,0.06,30.179999999995196,0.061282589360979633,"{'time_exit_bars': 2, 'atr': 27.27792574203773, 'entry_hour_utc': 19, 'exit_reason': 'time_exit', 'signal_time': Timestamp('2025-12-29 19:00:00+0000', tz='UTC')}"
2025-12-30 20:00:00+00:00,2025-12-31 00:00:00+00:00,1,4341.885,4342.224999999999,4281.105972596452,,0.08,5.919999999993888,0.01217525241208516,"{'time_exit_bars': 2, 'atr': 20.21134246784926, 'entry_hour_utc': 19, 'exit_reason': 'time_exit', 'signal_time': Timestamp('2025-12-30 19:00:00+0000', tz='UTC')}"
2025-12-31 20:00:00+00:00,2026-01-02 00:00:00+00:00,1,4313.615,4353.855,4239.892583669166,,0.06,251.03999999999868,0.5675343007239517,"{'time_exit_bars': 2, 'atr': 24.51913877694461, 'entry_hour_utc': 19, 'exit_reason': 'time_exit', 'signal_time': Timestamp('2025-12-31 19:00:00+0000', tz='UTC')}"
2026-03-11 22:00:00+00:00,2026-03-12 00:00:00+00:00,1,5139.215,5152.745,5075.564083213096,,0.07,103.10999999999824,0.23141850492608,"{'time_exit_bars': 1, 'atr': 21.151972262301424, 'entry_hour_utc': 21, 'exit_reason': 'time_exit', 'signal_time': Timestamp('2026-03-11 21:00:00+0000', tz='UTC')}"
2026-03-12 22:00:00+00:00,2026-03-13 00:00:00+00:00,1,5096.025000000001,5113.565,5030.503233993436,,0.07,125.57999999999338,0.27380214382807777,"{'time_exit_bars': 1, 'atr': 21.702255335521272, 'entry_hour_utc': 21, 'exit_reason': 'time_exit', 'signal_time': Timestamp('2026-03-12 21:00:00+0000', tz='UTC')}"
2026-03-15 22:00:00+00:00,2026-03-16 00:00:00+00:00,1,5025.085,5025.545,4951.002847290989,,0.06,5.160000000000219,0.01160873393323287,"{'time_exit_bars': 1, 'atr': 24.739050903003832, 'entry_hour_utc': 21, 'exit_reason': 'time_exit', 'signal_time': Timestamp('2026-03-15 21:00:00+0000', tz='UTC')}"
2026-03-16 22:00:00+00:00,2026-03-17 00:00:00+00:00,1,5002.445000000001,5002.775,4932.7049373852515,,0.07,5.109999999993125,0.010467441132532507,"{'time_exit_bars': 1, 'atr': 23.191687538249553, 'entry_hour_utc': 21, 'exit_reason': 'time_exit', 'signal_time': Timestamp('2026-03-16 21:00:00+0000', tz='UTC')}"
2026-03-17 22:00:00+00:00,2026-03-18 00:00:00+00:00,1,4999.975,5004.095,4948.877034537055,,0.09,40.67999999999901,0.08845753366203284,"{'time_exit_bars': 1, 'atr': 17.007655154315025, 'entry_hour_utc': 21, 'exit_reason': 'time_exit', 'signal_time': Timestamp('2026-03-17 21:00:00+0000', tz='UTC')}"
2026-03-18 22:00:00+00:00,2026-03-19 00:00:00+00:00,1,4834.8550000000005,4841.085,4744.873317285421,,0.05,37.14999999999782,0.08257236112784641,"{'time_exit_bars': 1, 'atr': 29.94222757152635, 'entry_hour_utc': 21, 'exit_reason': 'time_exit', 'signal_time': Timestamp('2026-03-18 21:00:00+0000', tz='UTC')}"
2026-03-19 22:00:00+00:00,2026-03-20 00:00:00+00:00,1,4636.645,4648.535,4480.506435700685,,0.03,36.86999999999826,0.07871213658939287,"{'time_exit_bars': 1, 'atr': 51.99118809977141, 'entry_hour_utc': 21, 'exit_reason': 'time_exit', 'signal_time': Timestamp('2026-03-19 21:00:00+0000', tz='UTC')}"
2026-03-22 22:00:00+00:00,2026-03-23 00:00:00+00:00,1,4498.225,4354.974624498774,4355.149624498774,,0.03,-428.55112650368005,-0.9984274023450116,"{'time_exit_bars': 1, 'atr': 47.75012516707531, 'entry_hour_utc': 21, 'exit_reason': 'sl', 'signal_time': Timestamp('2026-03-22 21:00:00+0000', tz='UTC')}"
2026-03-23 22:00:00+00:00,2026-03-24 00:00:00+00:00,1,4427.015,4364.4349999999995,4182.03180077763,,0.02,-124.36000000000168,-0.25381332351513786,"{'time_exit_bars': 1, 'atr': 81.62273307412293, 'entry_hour_utc': 21, 'exit_reason': 'time_exit', 'signal_time': Timestamp('2026-03-23 21:00:00+0000', tz='UTC')}"
2026-03-24 22:00:00+00:00,2026-03-25 00:00:00+00:00,1,4484.655,4563.054999999999,4354.259439458156,,0.03,236.3999999999989,0.6043150523879423,"{'time_exit_bars': 1, 'atr': 43.42685351394827, 'entry_hour_utc': 21, 'exit_reason': 'time_exit', 'signal_time': Timestamp('2026-03-24 21:00:00+0000', tz='UTC')}"
2026-03-25 22:00:00+00:00,2026-03-26 00:00:00+00:00,1,4517.865,4535.474999999999,4420.130966313196,,0.05,94.04999999999836,0.19246110377760287,"{'time_exit_bars': 1, 'atr': 32.50634456226781, 'entry_hour_utc': 21, 'exit_reason': 'time_exit', 'signal_time': Timestamp('2026-03-25 21:00:00+0000', tz='UTC')}"
2026-03-26 22:00:00+00:00,2026-03-27 00:00:00+00:00,1,4411.595,4378.275,4292.186628538599,,0.04,-131.68000000000248,-0.2756925632357518,"{'time_exit_bars': 1, 'atr': 39.73445715380065, 'entry_hour_utc': 21, 'exit_reason': 'time_exit', 'signal_time': Timestamp('2026-03-26 21:00:00+0000', tz='UTC')}"
