entry_time,exit_time,direction,entry,exit,sl,tp,lots,pnl,r_multiple,meta
2017-01-04 09:00:00+00:00,2017-01-05 17:00:00+00:00,1,1165.5449999999998,1182.2250000000001,1184.5404604632479,,0.51,911.880000000015,1.8263104724794912,"{'trail_atr_mult': 3.0, 'trail_atr_len': 14, 'tp_converts_to_trail': True, 'don_upper': 1164.35, 'don_lower': 1126.39, 'atr': 3.1984100772080004, 'exit_reason': 'sl_gap', 'signal_time': Timestamp('2017-01-04 08:00:00+0000', tz='UTC')}"
2017-01-10 14:00:00+00:00,2017-01-11 14:00:00+00:00,1,1188.985,1183.2893414082664,1183.4643414082664,1207.9752072448193,0.51,-270.07858817840804,-0.5427212250732586,"{'trail_atr_mult': 3.0, 'trail_atr_len': 14, 'tp_converts_to_trail': True, 'don_upper': 1187.54, 'don_lower': 1136.45, 'atr': 3.194201207469911, 'exit_reason': 'sl', 'signal_time': Timestamp('2017-01-10 13:00:00+0000', tz='UTC')}"
2017-01-11 18:00:00+00:00,2017-01-12 19:00:00+00:00,1,1195.0149999999999,1196.588192624153,1196.763192624153,1221.6620327678943,0.37,102.60812709366397,0.20412110112201723,"{'trail_atr_mult': 3.0, 'trail_atr_len': 14, 'tp_converts_to_trail': True, 'don_upper': 1191.27, 'don_lower': 1144.33, 'atr': 4.470338794649065, 'exit_reason': 'sl', 'signal_time': Timestamp('2017-01-11 17:00:00+0000', tz='UTC')}"
2017-01-17 05:00:00+00:00,2017-01-18 07:00:00+00:00,1,1211.965,1210.7801102158985,1210.9551102158985,1226.2777016742361,0.67,-52.58761553479481,-0.10537058685485658,"{'trail_atr_mult': 3.0, 'trail_atr_len': 14, 'tp_converts_to_trail': True, 'don_upper': 1208.48, 'don_lower': 1160.63, 'atr': 2.417950279039365, 'exit_reason': 'sl', 'signal_time': Timestamp('2017-01-17 04:00:00+0000', tz='UTC')}"
2017-01-26 12:00:00+00:00,2017-01-27 15:00:00+00:00,-1,1187.4850000000001,1188.648748663218,1188.473748663218,1170.1155893746238,0.56,-76.36992514019695,-0.15397053755367215,"{'trail_atr_mult': 3.0, 'trail_atr_len': 14, 'tp_converts_to_trail': True, 'don_upper': 1219.4, 'don_lower': 1188.7, 'atr': 2.9140684375626993, 'exit_reason': 'sl', 'signal_time': Timestamp('2017-01-26 11:00:00+0000', tz='UTC')}"
2017-02-02 10:00:00+00:00,2017-02-02 17:00:00+00:00,1,1222.375,1214.974021276233,1215.149021276233,1242.1700166839842,0.49,-362.64795746457867,-0.7295192349061875,"{'trail_atr_mult': 3.0, 'trail_atr_len': 14, 'tp_converts_to_trail': True, 'don_upper': 1219.4, 'don_lower': 1180.48, 'atr': 3.3266694473307, 'exit_reason': 'sl', 'signal_time': Timestamp('2017-02-02 09:00:00+0000', tz='UTC')}"
2017-02-06 11:00:00+00:00,2017-02-07 08:00:00+00:00,1,1226.135,1228.6716822269061,1228.846682226906,1241.0705410198284,0.65,190.884344748898,0.38137390408883953,"{'trail_atr_mult': 3.0, 'trail_atr_len': 14, 'tp_converts_to_trail': True, 'don_upper': 1225.21, 'don_lower': 1180.48, 'atr': 2.5150901699714026, 'exit_reason': 'sl', 'signal_time': Timestamp('2017-02-06 10:00:00+0000', tz='UTC')}"
2017-02-08 08:00:00+00:00,2017-02-09 11:00:00+00:00,1,1237.145,1237.7486525566344,1237.9236525566344,1252.8467358909213,0.61,110.02280595469934,0.22230626895746217,"{'trail_atr_mult': 3.0, 'trail_atr_len': 14, 'tp_converts_to_trail': True, 'don_upper': 1235.71, 'don_lower': 1180.48, 'atr': 2.6461226484868643, 'exit_reason': 'sl', 'signal_time': Timestamp('2017-02-08 07:00:00+0000', tz='UTC')}"
2017-02-23 13:00:00+00:00,2017-02-24 14:00:00+00:00,1,1248.575,1253.4057352973105,1253.5807352973104,1263.2357875608316,0.66,345.22852962248714,0.6916314639848036,"{'trail_atr_mult': 3.0, 'trail_atr_len': 14, 'tp_converts_to_trail': True, 'don_upper': 1243.71, 'don_lower': 1216.64, 'atr': 2.469297926805233, 'exit_reason': 'sl', 'signal_time': Timestamp('2017-02-23 12:00:00+0000', tz='UTC')}"
2017-02-27 16:00:00+00:00,2017-02-27 19:00:00+00:00,1,1263.075,1255.7547854886939,1255.9297854886938,1277.565848336188,0.67,-490.4543722575138,-0.9769502996542626,"{'trail_atr_mult': 3.0, 'trail_atr_len': 14, 'tp_converts_to_trail': True, 'don_upper': 1260.05, 'don_lower': 1216.64, 'atr': 2.44264138936468, 'exit_reason': 'sl', 'signal_time': Timestamp('2017-02-27 15:00:00+0000', tz='UTC')}"
2017-03-03 15:00:00+00:00,2017-03-03 19:00:00+00:00,-1,1225.255,1231.8555228870862,1231.6805228870862,1208.2034897297563,0.58,-382.8303274509922,-0.7627791835578648,"{'trail_atr_mult': 3.0, 'trail_atr_len': 14, 'tp_converts_to_trail': True, 'don_upper': 1263.79, 'don_lower': 1225.45, 'atr': 2.8560850450406283, 'exit_reason': 'sl', 'signal_time': Timestamp('2017-03-03 14:00:00+0000', tz='UTC')}"
2017-03-07 13:00:00+00:00,2017-03-08 15:00:00+00:00,-1,1220.935,1209.825,1208.5499781868705,,0.78,850.9799999999923,1.7060174187975772,"{'trail_atr_mult': 3.0, 'trail_atr_len': 14, 'tp_converts_to_trail': True, 'don_upper': 1263.79, 'don_lower': 1222.16, 'atr': 2.086670302188261, 'exit_reason': 'sl_gap', 'signal_time': Timestamp('2017-03-07 12:00:00+0000', tz='UTC')}"
2017-03-09 04:00:00+00:00,2017-03-10 13:00:00+00:00,-1,1204.625,1200.903095984319,1200.728095984319,1191.5033805280968,0.74,260.62089716039753,0.517294916399515,"{'trail_atr_mult': 3.0, 'trail_atr_len': 14, 'tp_converts_to_trail': True, 'don_upper': 1263.79, 'don_lower': 1205.8, 'atr': 2.214436578650533, 'exit_reason': 'sl', 'signal_time': Timestamp('2017-03-09 03:00:00+0000', tz='UTC')}"
2017-03-20 02:00:00+00:00,2017-03-20 12:00:00+00:00,1,1234.185,1230.1052029118252,1230.2802029118252,1246.6775899779432,0.77,-314.14437578945194,-0.6282608390168519,"{'trail_atr_mult': 3.0, 'trail_atr_len': 14, 'tp_converts_to_trail': True, 'don_upper': 1233.67, 'don_lower': 1194.91, 'atr': 2.109598329657199, 'exit_reason': 'sl', 'signal_time': Timestamp('2017-03-20 01:00:00+0000', tz='UTC')}"
2017-03-21 13:00:00+00:00,2017-03-23 02:00:00+00:00,1,1239.335,1244.3614127621247,1244.5364127621247,1252.50132226158,0.73,483.7281316351005,0.9722333072267376,"{'trail_atr_mult': 3.0, 'trail_atr_len': 14, 'tp_converts_to_trail': True, 'don_upper': 1235.45, 'don_lower': 1194.91, 'atr': 2.2202203769300177, 'exit_reason': 'sl', 'signal_time': Timestamp('2017-03-21 12:00:00+0000', tz='UTC')}"
2017-03-23 12:00:00+00:00,2017-03-23 15:00:00+00:00,1,1252.185,1245.7695669824973,1245.9445669824972,1265.4755492874974,0.72,-461.9111772601918,-0.9207291202017267,"{'trail_atr_mult': 3.0, 'trail_atr_len': 14, 'tp_converts_to_trail': True, 'don_upper': 1251.23, 'don_lower': 1196.15, 'atr': 2.2509248812495803, 'exit_reason': 'sl', 'signal_time': Timestamp('2017-03-23 11:00:00+0000', tz='UTC')}"
2017-03-27 01:00:00+00:00,2017-03-27 15:00:00+00:00,1,1254.955,1254.1849184468565,1254.3599184468565,1271.9862261636922,0.57,-43.89464852917535,-0.0877274587332459,"{'trail_atr_mult': 3.0, 'trail_atr_len': 14, 'tp_converts_to_trail': True, 'don_upper': 1254.02, 'don_lower': 1197.23, 'atr': 2.867704360615383, 'exit_reason': 'sl', 'signal_time': Timestamp('2017-03-27 00:00:00+0000', tz='UTC')}"
2017-04-07 02:00:00+00:00,2017-04-07 14:00:00+00:00,1,1264.565,1262.1930029573577,1262.3680029573577,1280.3649808641767,0.61,-144.69181960118067,-0.2874280269891826,"{'trail_atr_mult': 3.0, 'trail_atr_len': 14, 'tp_converts_to_trail': True, 'don_upper': 1261.22, 'don_lower': 1239.61, 'atr': 2.672496810696133, 'exit_reason': 'sl', 'signal_time': Timestamp('2017-04-07 01:00:00+0000', tz='UTC')}"
2017-04-11 15:00:00+00:00,2017-04-12 10:00:00+00:00,1,1272.825,1272.4286634518685,1272.6036634518684,1289.3182594772309,0.59,0.2161436602380924,0.00043053190878228803,"{'trail_atr_mult': 3.0, 'trail_atr_len': 14, 'tp_converts_to_trail': True, 'don_upper': 1270.83, 'don_lower': 1239.61, 'atr': 2.778043246205147, 'exit_reason': 'sl', 'signal_time': Timestamp('2017-04-11 14:00:00+0000', tz='UTC')}"
2017-04-12 20:00:00+00:00,2017-04-17 06:00:00+00:00,1,1281.555,1287.7513127247998,1287.9263127247998,1300.5185485800434,0.51,458.8119489647889,0.9246643127356914,"{'trail_atr_mult': 3.0, 'trail_atr_len': 14, 'tp_converts_to_trail': True, 'don_upper': 1279.72, 'don_lower': 1240.13, 'atr': 3.188091430007218, 'exit_reason': 'sl', 'signal_time': Timestamp('2017-04-12 19:00:00+0000', tz='UTC')}"
2017-04-25 17:00:00+00:00,2017-04-26 16:00:00+00:00,-1,1264.395,1267.3381302070422,1267.1631302070423,1248.83298433224,0.62,-194.87407283662006,-0.3907661025458408,"{'trail_atr_mult': 3.0, 'trail_atr_len': 14, 'tp_converts_to_trail': True, 'don_upper': 1295.45, 'don_lower': 1265.35, 'atr': 2.622835944626684, 'exit_reason': 'sl', 'signal_time': Timestamp('2017-04-25 16:00:00+0000', tz='UTC')}"
2017-05-01 16:00:00+00:00,2017-05-03 01:00:00+00:00,-1,1259.7250000000001,1256.890129407624,1256.715129407624,1245.8938169764165,0.7,170.4409414663264,0.33850126727632074,"{'trail_atr_mult': 3.0, 'trail_atr_len': 14, 'tp_converts_to_trail': True, 'don_upper': 1289.81, 'don_lower': 1260.0, 'atr': 2.3360305039306133, 'exit_reason': 'sl', 'signal_time': Timestamp('2017-05-01 15:00:00+0000', tz='UTC')}"
2017-05-03 15:00:00+00:00,2017-05-03 19:00:00+00:00,-1,1249.605,1253.5328438094086,1253.3578438094087,1238.0361119232891,0.83,-326.0110361809149,-0.649558485161191,"{'trail_atr_mult': 3.0, 'trail_atr_len': 14, 'tp_converts_to_trail': True, 'don_upper': 1288.18, 'don_lower': 1250.8, 'atr': 1.9573146794518013, 'exit_reason': 'sl', 'signal_time': Timestamp('2017-05-03 14:00:00+0000', tz='UTC')}"
2017-05-03 20:00:00+00:00,2017-05-05 05:00:00+00:00,-1,1239.335,1232.6402202035786,1232.4652202035786,1222.6869858347432,0.59,347.79200798886677,0.6913475517344243,"{'trail_atr_mult': 3.0, 'trail_atr_len': 14, 'tp_converts_to_trail': True, 'don_upper': 1288.18, 'don_lower': 1245.26, 'atr': 2.797169027542831, 'exit_reason': 'sl', 'signal_time': Timestamp('2017-05-03 19:00:00+0000', tz='UTC')}"
2017-05-09 12:00:00+00:00,2017-05-09 21:00:00+00:00,-1,1223.505,1221.7144330634496,1221.5394330634497,1210.5777257813872,0.75,134.29252024128573,0.26621029388072187,"{'trail_atr_mult': 3.0, 'trail_atr_len': 14, 'tp_converts_to_trail': True, 'don_upper': 1271.15, 'don_lower': 1223.77, 'atr': 2.1837123697688128, 'exit_reason': 'sl', 'signal_time': Timestamp('2017-05-09 11:00:00+0000', tz='UTC')}"
2017-05-17 00:00:00+00:00,2017-05-17 15:00:00+00:00,1,1243.5449999999998,1256.5640770776433,1256.7390770776433,,0.73,950.3926266679745,1.8774251530594404,"{'trail_atr_mult': 3.0, 'trail_atr_len': 14, 'tp_converts_to_trail': True, 'don_upper': 1239.05, 'don_lower': 1214.23, 'atr': 2.2365128462738855, 'exit_reason': 'sl', 'signal_time': Timestamp('2017-05-16 23:00:00+0000', tz='UTC')}"
2017-05-17 15:00:00+00:00,2017-05-18 08:00:00+00:00,1,1260.105,1254.6429389249972,1254.8179389249972,1276.6285258398143,0.59,-251.4616034251648,-0.4991134615455992,"{'trail_atr_mult': 3.0, 'trail_atr_len': 14, 'tp_converts_to_trail': True, 'don_upper': 1258.08, 'don_lower': 1214.23, 'atr': 2.784754306635692, 'exit_reason': 'sl', 'signal_time': Timestamp('2017-05-17 14:00:00+0000', tz='UTC')}"
2017-05-18 11:00:00+00:00,2017-05-18 15:00:00+00:00,1,1264.065,1253.9142922530336,1254.0892922530336,1283.3714154939323,0.51,-517.6860950952873,-1.0175426149641533,"{'trail_atr_mult': 3.0, 'trail_atr_len': 14, 'tp_converts_to_trail': True, 'don_upper': 1263.07, 'don_lower': 1214.23, 'atr': 3.2535692489887404, 'exit_reason': 'sl', 'signal_time': Timestamp('2017-05-18 10:00:00+0000', tz='UTC')}"
2017-05-26 10:00:00+00:00,2017-05-29 14:00:00+00:00,1,1265.875,1264.8639769523998,1265.0389769523997,1279.2993480193848,0.72,13.606340572782216,0.027094736203748374,"{'trail_atr_mult': 3.0, 'trail_atr_len': 14, 'tp_converts_to_trail': True, 'don_upper': 1265.0, 'don_lower': 1229.07, 'atr': 2.266558003230797, 'exit_reason': 'sl', 'signal_time': Timestamp('2017-05-26 09:00:00+0000', tz='UTC')}"
2017-05-30 02:00:00+00:00,2017-05-30 08:00:00+00:00,1,1269.835,1265.4866932312643,1265.6616932312643,1279.2374675089575,1.02,-443.5272904110425,-0.8786705821060464,"{'trail_atr_mult': 3.0, 'trail_atr_len': 14, 'tp_converts_to_trail': True, 'don_upper': 1269.39, 'don_lower': 1241.02, 'atr': 1.5945779181595767, 'exit_reason': 'sl', 'signal_time': Timestamp('2017-05-30 01:00:00+0000', tz='UTC')}"
2017-05-31 18:00:00+00:00,2017-06-01 06:00:00+00:00,1,1271.835,1266.0474270597692,1266.2224270597692,1285.2602587794863,0.72,-330.3052516966177,-0.6548876808682547,"{'trail_atr_mult': 3.0, 'trail_atr_len': 14, 'tp_converts_to_trail': True, 'don_upper': 1270.41, 'don_lower': 1246.15, 'atr': 2.27004312991436, 'exit_reason': 'sl', 'signal_time': Timestamp('2017-05-31 17:00:00+0000', tz='UTC')}"
2017-06-02 15:00:00+00:00,2017-06-06 15:00:00+00:00,1,1276.695,1293.795,1294.2086804674916,,0.55,1028.5000000000077,2.0733223844948276,"{'trail_atr_mult': 3.0, 'trail_atr_len': 14, 'tp_converts_to_trail': True, 'don_upper': 1276.37, 'don_lower': 1247.85, 'atr': 2.948113411248605, 'exit_reason': 'sl_gap', 'signal_time': Timestamp('2017-06-02 14:00:00+0000', tz='UTC')}"
2017-06-15 12:00:00+00:00,2017-06-20 08:00:00+00:00,-1,1255.7250000000001,1247.4701081061635,1247.2951081061635,1236.7441707734376,0.51,369.9994865856695,0.7381924018786897,"{'trail_atr_mult': 3.0, 'trail_atr_len': 14, 'tp_converts_to_trail': True, 'don_upper': 1296.01, 'don_lower': 1256.8, 'atr': 3.2009715377603882, 'exit_reason': 'sl', 'signal_time': Timestamp('2017-06-15 11:00:00+0000', tz='UTC')}"
2017-06-20 14:00:00+00:00,2017-06-21 03:00:00+00:00,-1,1242.185,1246.3224153243827,1246.1474153243828,1231.4033858655814,0.91,-394.70479451883483,-0.7754652609385395,"{'trail_atr_mult': 3.0, 'trail_atr_len': 14, 'tp_converts_to_trail': True, 'don_upper': 1288.85, 'don_lower': 1242.8, 'atr': 1.8194356890697392, 'exit_reason': 'sl', 'signal_time': Timestamp('2017-06-20 13:00:00+0000', tz='UTC')}"
2017-07-03 08:00:00+00:00,2017-07-03 16:00:00+00:00,-1,1235.175,1224.2854313327082,1224.1104313327082,,0.86,936.5029053870921,1.879201716630684,"{'trail_atr_mult': 4.0, 'trail_atr_len': 14, 'tp_converts_to_trail': True, 'don_upper': 1258.8, 'don_lower': 1235.56, 'atr': 1.8732614445485973, 'exit_reason': 'sl', 'signal_time': Timestamp('2017-07-03 07:00:00+0000', tz='UTC')}"
2017-07-03 17:00:00+00:00,2017-07-05 00:00:00+00:00,-1,1219.935,1226.0021823798206,1225.8271823798207,1204.0752297808583,0.62,-400.9653075488821,-0.7967075964149396,"{'trail_atr_mult': 4.0, 'trail_atr_len': 14, 'tp_converts_to_trail': True, 'don_upper': 1258.8, 'don_lower': 1220.79, 'atr': 2.664128369856945, 'exit_reason': 'sl', 'signal_time': Timestamp('2017-07-03 16:00:00+0000', tz='UTC')}"
2017-07-07 14:00:00+00:00,2017-07-10 12:00:00+00:00,-1,1214.9550000000002,1214.256873477503,1214.081873477503,1197.3827613529434,0.55,5.396958737346267,0.010862370771107764,"{'trail_atr_mult': 4.0, 'trail_atr_len': 14, 'tp_converts_to_trail': True, 'don_upper': 1254.76, 'don_lower': 1217.38, 'atr': 2.9562064411760867, 'exit_reason': 'sl', 'signal_time': Timestamp('2017-07-07 13:00:00+0000', tz='UTC')}"
2017-07-14 13:00:00+00:00,2017-07-19 08:00:00+00:00,1,1231.885,1237.8415058591725,1238.0165058591724,1246.17041480206,0.67,533.0858925645553,1.0701121609694981,"{'trail_atr_mult': 4.0, 'trail_atr_len': 14, 'tp_converts_to_trail': True, 'don_upper': 1229.09, 'don_lower': 1204.81, 'atr': 2.4134024670099743, 'exit_reason': 'sl', 'signal_time': Timestamp('2017-07-14 12:00:00+0000', tz='UTC')}"
2017-07-20 15:00:00+00:00,2017-07-25 09:00:00+00:00,1,1245.975,1251.7964168976823,1251.9714168976823,1261.5896284449275,0.62,484.9278476563095,0.9656291715914687,"{'trail_atr_mult': 4.0, 'trail_atr_len': 14, 'tp_converts_to_trail': True, 'don_upper': 1244.51, 'don_lower': 1204.81, 'atr': 2.6349380741545825, 'exit_reason': 'sl', 'signal_time': Timestamp('2017-07-20 14:00:00+0000', tz='UTC')}"
2017-07-26 20:00:00+00:00,2017-07-27 17:00:00+00:00,1,1261.195,1255.590516295268,1255.7655162952678,1277.498544364755,0.6,-264.2690222839228,-0.5234539136916191,"{'trail_atr_mult': 4.0, 'trail_atr_len': 14, 'tp_converts_to_trail': True, 'don_upper': 1258.74, 'don_lower': 1216.28, 'atr': 2.7464240607925032, 'exit_reason': 'sl', 'signal_time': Timestamp('2017-07-26 19:00:00+0000', tz='UTC')}"
2017-07-28 16:00:00+00:00,2017-08-01 13:00:00+00:00,1,1269.135,1264.2375083497768,1264.4125083497768,1285.0564421483418,0.61,-201.1469906636136,-0.4024658458952747,"{'trail_atr_mult': 4.0, 'trail_atr_len': 14, 'tp_converts_to_trail': True, 'don_upper': 1267.87, 'don_lower': 1232.75, 'atr': 2.679407024723621, 'exit_reason': 'sl', 'signal_time': Timestamp('2017-07-28 15:00:00+0000', tz='UTC')}"
2017-08-01 15:00:00+00:00,2017-08-02 03:00:00+00:00,1,1273.0349999999999,1265.2838595043322,1265.4588595043322,1287.6622809913354,0.66,-485.17527271406436,-0.9703015011233347,"{'trail_atr_mult': 4.0, 'trail_atr_len': 14, 'tp_converts_to_trail': True, 'don_upper': 1272.07, 'don_lower': 1235.23, 'atr': 2.4670468318892573, 'exit_reason': 'sl', 'signal_time': Timestamp('2017-08-01 14:00:00+0000', tz='UTC')}"
2017-08-08 15:00:00+00:00,2017-08-08 20:00:00+00:00,-1,1253.295,1260.5588717590304,1260.3838717590304,1239.642256481939,0.7,-508.4710231321196,-1.0246865800297527,"{'trail_atr_mult': 4.0, 'trail_atr_len': 14, 'tp_converts_to_trail': True, 'don_upper': 1274.04, 'don_lower': 1254.12, 'atr': 2.3046239196768146, 'exit_reason': 'sl', 'signal_time': Timestamp('2017-08-08 14:00:00+0000', tz='UTC')}"
2017-08-09 13:00:00+00:00,2017-08-11 14:00:00+00:00,1,1274.995,1285.905,1290.430599097227,,0.62,775.6200000000051,1.5676103288846754,"{'trail_atr_mult': 4.0, 'trail_atr_len': 14, 'tp_converts_to_trail': True, 'don_upper': 1274.04, 'don_lower': 1251.44, 'atr': 2.601766516204519, 'exit_reason': 'sl_gap', 'signal_time': Timestamp('2017-08-09 12:00:00+0000', tz='UTC')}"
2017-08-18 08:00:00+00:00,2017-08-18 16:00:00+00:00,1,1293.085,1290.025745492456,1290.200745492456,1307.8785040288192,0.65,-198.8515429903589,-0.39941948662722504,"{'trail_atr_mult': 4.0, 'trail_atr_len': 14, 'tp_converts_to_trail': True, 'don_upper': 1291.93, 'don_lower': 1251.44, 'atr': 2.494750671469861, 'exit_reason': 'sl', 'signal_time': Timestamp('2017-08-18 07:00:00+0000', tz='UTC')}"
2017-08-28 15:00:00+00:00,2017-08-29 00:00:00+00:00,1,1303.855,1318.4650000000001,1318.9491594529327,,0.63,945.6300000000081,1.9001010838223522,"{'trail_atr_mult': 4.0, 'trail_atr_len': 14, 'tp_converts_to_trail': True, 'don_upper': 1300.74, 'don_lower': 1267.7, 'atr': 2.5548599088221438, 'exit_reason': 'sl_gap', 'signal_time': Timestamp('2017-08-28 14:00:00+0000', tz='UTC')}"
2017-08-29 09:00:00+00:00,2017-08-29 17:00:00+00:00,1,1324.675,1314.8611180153266,1315.0361180153266,1343.1877639693473,0.52,-510.32186320301395,-1.0181556326011896,"{'trail_atr_mult': 4.0, 'trail_atr_len': 14, 'tp_converts_to_trail': True, 'don_upper': 1324.36, 'don_lower': 1271.56, 'atr': 3.127960661557865, 'exit_reason': 'sl', 'signal_time': Timestamp('2017-08-29 08:00:00+0000', tz='UTC')}"
2017-09-03 23:00:00+00:00,2017-09-05 09:00:00+00:00,1,1335.125,1330.2067557853882,1330.3817557853881,1357.45788984704,0.44,-181.20274544292062,-0.3589213859803396,"{'trail_atr_mult': 4.0, 'trail_atr_len': 14, 'tp_converts_to_trail': True, 'don_upper': 1328.76, 'don_lower': 1276.37, 'atr': 3.756314974506634, 'exit_reason': 'sl', 'signal_time': Timestamp('2017-09-03 22:00:00+0000', tz='UTC')}"
2017-09-05 19:00:00+00:00,2017-09-06 17:00:00+00:00,1,1343.705,1334.0598352231414,1334.2348352231413,1363.4145419163874,0.5,-462.2582388429282,-0.9165179378223202,"{'trail_atr_mult': 4.0, 'trail_atr_len': 14, 'tp_converts_to_trail': True, 'don_upper': 1339.72, 'don_lower': 1276.37, 'atr': 3.3107569860645665, 'exit_reason': 'sl', 'signal_time': Timestamp('2017-09-05 18:00:00+0000', tz='UTC')}"
2017-09-08 03:00:00+00:00,2017-09-08 15:00:00+00:00,1,1352.235,1345.3301447457598,1345.5051447457597,1370.5200588823973,0.53,-365.9573284747278,-0.7329972052997624,"{'trail_atr_mult': 4.0, 'trail_atr_len': 14, 'tp_converts_to_trail': True, 'don_upper': 1350.53, 'don_lower': 1293.85, 'atr': 3.078343147066227, 'exit_reason': 'sl', 'signal_time': Timestamp('2017-09-08 02:00:00+0000', tz='UTC')}"
2017-09-18 08:00:00+00:00,2017-09-20 03:00:00+00:00,-1,1313.785,1312.9645621365692,1312.7895621365692,1299.6551323874921,0.68,28.58977471330291,0.05749629665999135,"{'trail_atr_mult': 4.0, 'trail_atr_len': 14, 'tp_converts_to_trail': True, 'don_upper': 1357.42, 'don_lower': 1314.33, 'atr': 2.382477935417977, 'exit_reason': 'sl', 'signal_time': Timestamp('2017-09-18 07:00:00+0000', tz='UTC')}"
2017-09-20 19:00:00+00:00,2017-09-22 05:00:00+00:00,-1,1300.765,1298.6539741026154,1298.4789741026154,1279.8798431809237,0.46,60.307191279696504,0.12246765948174579,"{'trail_atr_mult': 4.0, 'trail_atr_len': 14, 'tp_converts_to_trail': True, 'don_upper': 1357.42, 'don_lower': 1304.56, 'atr': 3.5100261365127343, 'exit_reason': 'sl', 'signal_time': Timestamp('2017-09-20 18:00:00+0000', tz='UTC')}"
2017-09-27 13:00:00+00:00,2017-09-28 19:00:00+00:00,-1,1284.105,1288.7850775531606,1288.6100775531606,1265.0337628941904,0.51,-269.2839552111892,-0.5397131318206205,"{'trail_atr_mult': 4.0, 'trail_atr_len': 14, 'tp_converts_to_trail': True, 'don_upper': 1334.24, 'don_lower': 1286.23, 'atr': 3.206039517634924, 'exit_reason': 'sl', 'signal_time': Timestamp('2017-09-27 12:00:00+0000', tz='UTC')}"
2017-10-02 01:00:00+00:00,2017-10-04 01:00:00+00:00,-1,1275.125,1275.2542753211012,1275.0792753211012,1258.2561506051225,0.57,-30.16869330276863,-0.06106841118137598,"{'trail_atr_mult': 4.0, 'trail_atr_len': 14, 'tp_converts_to_trail': True, 'don_upper': 1315.94, 'don_lower': 1275.92, 'atr': 2.837308232479585, 'exit_reason': 'sl', 'signal_time': Timestamp('2017-10-02 00:00:00+0000', tz='UTC')}"
2017-10-06 13:00:00+00:00,2017-10-06 15:00:00+00:00,-1,1264.405,1270.242763320116,1270.067763320116,1251.8674577715933,0.76,-443.67001232881466,-0.8897305443573165,"{'trail_atr_mult': 4.0, 'trail_atr_len': 14, 'tp_converts_to_trail': True, 'don_upper': 1313.56, 'don_lower': 1266.09, 'atr': 2.1220903714010895, 'exit_reason': 'sl', 'signal_time': Timestamp('2017-10-06 12:00:00+0000', tz='UTC')}"
2017-10-10 11:00:00+00:00,2017-10-11 16:00:00+00:00,1,1290.625,1286.6581146344704,1286.8331146344703,1303.085598527602,0.76,-271.0832877802501,-0.5493601789625387,"{'trail_atr_mult': 4.0, 'trail_atr_len': 14, 'tp_converts_to_trail': True, 'don_upper': 1290.25, 'don_lower': 1260.54, 'atr': 2.105933087933691, 'exit_reason': 'sl', 'signal_time': Timestamp('2017-10-10 10:00:00+0000', tz='UTC')}"
2017-10-12 04:00:00+00:00,2017-10-13 13:00:00+00:00,1,1295.0449999999998,1291.0377076803704,1291.2127076803704,1307.8641726889725,0.74,-266.9396316525766,-0.5406543221087801,"{'trail_atr_mult': 4.0, 'trail_atr_len': 14, 'tp_converts_to_trail': True, 'don_upper': 1294.13, 'don_lower': 1260.54, 'atr': 2.165695448162106, 'exit_reason': 'sl', 'signal_time': Timestamp('2017-10-12 03:00:00+0000', tz='UTC')}"
2017-10-13 13:00:00+00:00,2017-10-16 19:00:00+00:00,1,1300.455,1298.1985791857721,1298.373579185772,1315.5084985811843,0.63,-66.55451129635108,-0.13562549801862714,"{'trail_atr_mult': 4.0, 'trail_atr_len': 14, 'tp_converts_to_trail': True, 'don_upper': 1298.28, 'don_lower': 1260.54, 'atr': 2.5380830968640717, 'exit_reason': 'sl', 'signal_time': Timestamp('2017-10-13 12:00:00+0000', tz='UTC')}"
2017-10-23 00:00:00+00:00,2017-10-23 16:00:00+00:00,-1,1274.665,1280.9196215448053,1280.7446215448053,1258.3971018587795,0.58,-362.7680495987092,-0.7409416905186941,"{'trail_atr_mult': 4.0, 'trail_atr_len': 14, 'tp_converts_to_trail': True, 'don_upper': 1305.91, 'don_lower': 1276.45, 'atr': 2.7454830235367216, 'exit_reason': 'sl', 'signal_time': Timestamp('2017-10-22 23:00:00+0000', tz='UTC')}"
2017-10-26 17:00:00+00:00,2017-10-27 15:00:00+00:00,-1,1270.065,1272.4592136592169,1272.284213659217,1253.883656733618,0.58,-150.46439223457455,-0.3105663062050392,"{'trail_atr_mult': 4.0, 'trail_atr_len': 14, 'tp_converts_to_trail': True, 'don_upper': 1305.91, 'don_lower': 1270.88, 'atr': 2.726057211063669, 'exit_reason': 'sl', 'signal_time': Timestamp('2017-10-26 16:00:00+0000', tz='UTC')}"
2017-11-08 14:00:00+00:00,2017-11-10 16:00:00+00:00,1,1285.0449999999998,1280.8260290630433,1281.0010290630432,1298.6643623365899,0.69,-180.70899465000304,-0.36875586174117897,"{'trail_atr_mult': 4.0, 'trail_atr_len': 14, 'tp_converts_to_trail': True, 'don_upper': 1283.96, 'don_lower': 1263.62, 'atr': 2.302393722764984, 'exit_reason': 'sl', 'signal_time': Timestamp('2017-11-08 13:00:00+0000', tz='UTC')}"
2017-11-17 16:00:00+00:00,2017-11-20 13:00:00+00:00,1,1289.995,1289.4215868602998,1289.5965868602998,1302.7462325461033,0.73,45.74084080189627,0.09439226951230939,"{'trail_atr_mult': 4.0, 'trail_atr_len': 14, 'tp_converts_to_trail': True, 'don_upper': 1289.39, 'don_lower': 1269.8, 'atr': 2.15437209101725, 'exit_reason': 'sl', 'signal_time': Timestamp('2017-11-17 15:00:00+0000', tz='UTC')}"
2017-11-27 13:00:00+00:00,2017-11-27 15:00:00+00:00,1,1298.385,1292.06632174233,1292.24132174233,1310.14735651534,0.79,-499.1755823559256,-1.0284845645654503,"{'trail_atr_mult': 4.0, 'trail_atr_len': 14, 'tp_converts_to_trail': True, 'don_upper': 1296.77, 'don_lower': 1270.83, 'atr': 1.9895594192233303, 'exit_reason': 'sl', 'signal_time': Timestamp('2017-11-27 12:00:00+0000', tz='UTC')}"
2017-11-30 17:00:00+00:00,2017-12-01 09:00:00+00:00,-1,1271.345,1278.1934675173436,1278.0184675173437,1255.6292254249709,0.6,-422.90805104061474,-0.8679964720624881,"{'trail_atr_mult': 4.0, 'trail_atr_len': 14, 'tp_converts_to_trail': True, 'don_upper': 1299.08, 'don_lower': 1274.44, 'atr': 2.64846242917152, 'exit_reason': 'sl', 'signal_time': Timestamp('2017-11-30 16:00:00+0000', tz='UTC')}"
2017-12-05 14:00:00+00:00,2017-12-06 07:00:00+00:00,-1,1266.625,1268.9349198822001,1268.7599198822002,1253.839592260124,0.73,-183.22415140060875,-0.3771364380793151,"{'trail_atr_mult': 4.0, 'trail_atr_len': 14, 'tp_converts_to_trail': True, 'don_upper': 1299.08, 'don_lower': 1270.22, 'atr': 2.160067956646021, 'exit_reason': 'sl', 'signal_time': Timestamp('2017-12-05 13:00:00+0000', tz='UTC')}"
2017-12-07 05:00:00+00:00,2017-12-08 13:00:00+00:00,-1,1260.285,1249.752462522244,1249.577462522244,,0.86,888.5982230870178,1.839751258024839,"{'trail_atr_mult': 4.0, 'trail_atr_len': 14, 'tp_converts_to_trail': True, 'don_upper': 1299.08, 'don_lower': 1260.86, 'atr': 1.8137562462926415, 'exit_reason': 'sl', 'signal_time': Timestamp('2017-12-07 04:00:00+0000', tz='UTC')}"
2017-12-11 19:00:00+00:00,2017-12-12 20:00:00+00:00,-1,1241.2050000000002,1244.2489300347972,1244.0739300347973,1229.3364755857822,0.79,-256.2704727489698,-0.5234879000319866,"{'trail_atr_mult': 4.0, 'trail_atr_len': 14, 'tp_converts_to_trail': True, 'don_upper': 1296.54, 'don_lower': 1243.6, 'atr': 2.007254069036334, 'exit_reason': 'sl', 'signal_time': Timestamp('2017-12-11 18:00:00+0000', tz='UTC')}"
2017-12-20 17:00:00+00:00,2017-12-21 13:00:00+00:00,1,1266.745,1262.7934038009037,1262.9684038009036,1276.9505995404486,0.89,-244.89206171956442,-0.504389550527513,"{'trail_atr_mult': 4.0, 'trail_atr_len': 14, 'tp_converts_to_trail': True, 'don_upper': 1266.28, 'don_lower': 1236.37, 'atr': 1.7400999234081107, 'exit_reason': 'sl', 'signal_time': Timestamp('2017-12-20 16:00:00+0000', tz='UTC')}"
2017-12-22 14:00:00+00:00,2017-12-26 08:00:00+00:00,1,1270.7949999999998,1278.2050000000002,1278.5739679810335,,1.17,1054.1700000000362,2.170046903017771,"{'trail_atr_mult': 4.0, 'trail_atr_len': 14, 'tp_converts_to_trail': True, 'don_upper': 1269.09, 'don_lower': 1236.37, 'atr': 1.3256613301722746, 'exit_reason': 'sl_gap', 'signal_time': Timestamp('2017-12-22 13:00:00+0000', tz='UTC')}"
2017-12-26 12:00:00+00:00,2017-12-27 21:00:00+00:00,1,1278.7849999999999,1287.2868942126331,1287.461894212633,,1.07,952.5026807517588,1.934796033714942,"{'trail_atr_mult': 4.0, 'trail_atr_len': 14, 'tp_converts_to_trail': True, 'don_upper': 1278.59, 'don_lower': 1236.37, 'atr': 1.4753157021055145, 'exit_reason': 'sl', 'signal_time': Timestamp('2017-12-26 11:00:00+0000', tz='UTC')}"
2017-12-28 02:00:00+00:00,2018-01-02 07:00:00+00:00,1,1289.735,1309.105,1301.2570542423048,,1.1,2350.700000000013,4.764609474402127,"{'trail_atr_mult': 4.0, 'trail_atr_len': 14, 'tp_converts_to_trail': True, 'don_upper': 1288.8, 'don_lower': 1250.35, 'atr': 1.4367174933091549, 'exit_reason': 'end_of_data', 'signal_time': Timestamp('2017-12-28 01:00:00+0000', tz='UTC')}"
2018-01-02 07:00:00+00:00,2018-01-03 02:00:00+00:00,1,1309.455,1312.074303684696,1312.2493036846959,1322.6494173576857,0.72,217.3898652981104,0.44015042417300737,"{'trail_atr_mult': 4.0, 'trail_atr_len': 14, 'tp_converts_to_trail': True, 'don_upper': 1307.41, 'don_lower': 1252.62, 'atr': 2.228236226280959, 'exit_reason': 'sl', 'signal_time': Timestamp('2018-01-02 06:00:00+0000', tz='UTC')}"
2018-01-04 19:00:00+00:00,2018-01-05 10:00:00+00:00,1,1324.415,1316.357567457548,1316.5325674575479,1342.5693064342363,0.53,-405.8439247499578,-0.8172589064942373,"{'trail_atr_mult': 4.0, 'trail_atr_len': 14, 'tp_converts_to_trail': True, 'don_upper': 1321.24, 'don_lower': 1261.95, 'atr': 3.058217739039375, 'exit_reason': 'sl', 'signal_time': Timestamp('2018-01-04 18:00:00+0000', tz='UTC')}"
2018-01-12 04:00:00+00:00,2018-01-12 13:00:00+00:00,1,1329.625,1323.7474020523111,1323.922402052311,1342.558381427985,0.72,-423.1870522335975,-0.8488498064923621,"{'trail_atr_mult': 4.0, 'trail_atr_len': 14, 'tp_converts_to_trail': True, 'don_upper': 1327.6, 'don_lower': 1294.56, 'atr': 2.2063969046641843, 'exit_reason': 'sl', 'signal_time': Timestamp('2018-01-12 03:00:00+0000', tz='UTC')}"
2018-01-12 18:00:00+00:00,2018-01-16 08:00:00+00:00,1,1337.735,1336.0829612799455,1336.2579612799454,1356.4115561788478,0.51,-2.65397472277472,-0.005411805427544356,"{'trail_atr_mult': 4.0, 'trail_atr_len': 14, 'tp_converts_to_trail': True, 'don_upper': 1332.99, 'don_lower': 1302.01, 'atr': 3.1435926964746455, 'exit_reason': 'sl', 'signal_time': Timestamp('2018-01-12 17:00:00+0000', tz='UTC')}"
2018-01-24 08:00:00+00:00,2018-01-24 19:00:00+00:00,1,1347.0349999999999,1359.50317835441,1359.67817835441,,0.75,935.1133765807617,1.8980071693462486,"{'trail_atr_mult': 4.0, 'trail_atr_len': 14, 'tp_converts_to_trail': True, 'don_upper': 1344.6, 'don_lower': 1317.66, 'atr': 2.1346963924016875, 'exit_reason': 'sl', 'signal_time': Timestamp('2018-01-24 07:00:00+0000', tz='UTC')}"
2018-01-25 03:00:00+00:00,2018-01-25 14:00:00+00:00,1,1363.2849999999999,1355.0055932853004,1355.1805932853003,1379.360330019052,0.6,-496.7644028819677,-1.002936550044201,"{'trail_atr_mult': 4.0, 'trail_atr_len': 14, 'tp_converts_to_trail': True, 'don_upper': 1362.02, 'don_lower': 1322.08, 'atr': 2.703388336508675, 'exit_reason': 'sl', 'signal_time': Timestamp('2018-01-25 02:00:00+0000', tz='UTC')}"
2018-02-02 15:00:00+00:00,2018-02-05 20:00:00+00:00,-1,1330.185,1338.6626906618303,1338.4876906618304,1310.5764976225553,0.49,-444.8068424296879,-0.9085184859363229,"{'trail_atr_mult': 4.0, 'trail_atr_len': 14, 'tp_converts_to_trail': True, 'don_upper': 1365.92, 'don_lower': 1331.24, 'atr': 3.2889170629074407, 'exit_reason': 'sl', 'signal_time': Timestamp('2018-02-02 14:00:00+0000', tz='UTC')}"
2018-02-06 20:00:00+00:00,2018-02-08 17:00:00+00:00,-1,1321.615,1320.2971258517807,1320.1221258517808,1298.3714079448323,0.41,21.232840076990847,0.04363141226032056,"{'trail_atr_mult': 4.0, 'trail_atr_len': 14, 'tp_converts_to_trail': True, 'don_upper': 1365.92, 'don_lower': 1325.88, 'atr': 3.9014320091946093, 'exit_reason': 'sl', 'signal_time': Timestamp('2018-02-06 19:00:00+0000', tz='UTC')}"
2018-02-14 18:00:00+00:00,2018-02-16 14:00:00+00:00,1,1352.815,1351.7323554237953,1351.9073554237953,1379.3976148904287,0.36,18.624795256628744,0.03817048647669234,"{'trail_atr_mult': 4.0, 'trail_atr_len': 14, 'tp_converts_to_trail': True, 'don_upper': 1349.62, 'don_lower': 1307.04, 'atr': 4.459602481738113, 'exit_reason': 'sl', 'signal_time': Timestamp('2018-02-14 17:00:00+0000', tz='UTC')}"
2018-02-27 15:00:00+00:00,2018-02-28 14:00:00+00:00,-1,1317.855,1322.270332657458,1322.0953326574581,1299.3419565729696,0.52,-239.99729818781944,-0.4848536747116716,"{'trail_atr_mult': 4.0, 'trail_atr_len': 14, 'tp_converts_to_trail': True, 'don_upper': 1361.69, 'don_lower': 1320.93, 'atr': 3.114673904505065, 'exit_reason': 'sl', 'signal_time': Timestamp('2018-02-27 14:00:00+0000', tz='UTC')}"
2018-03-01 08:00:00+00:00,2018-03-01 19:00:00+00:00,-1,1311.425,1314.5659957170838,1314.3909957170838,1298.986193004476,0.76,-238.7156744983686,-0.48346042359500047,"{'trail_atr_mult': 4.0, 'trail_atr_len': 14, 'tp_converts_to_trail': True, 'don_upper': 1359.16, 'don_lower': 1312.49, 'atr': 2.1039678325873017, 'exit_reason': 'sl', 'signal_time': Timestamp('2018-03-01 07:00:00+0000', tz='UTC')}"
2018-03-16 14:00:00+00:00,2018-03-19 15:00:00+00:00,-1,1309.795,1315.4126225868865,1315.2376225868866,1296.3145065815124,0.71,-441.4512036689383,-0.8955565926966632,"{'trail_atr_mult': 4.0, 'trail_atr_len': 14, 'tp_converts_to_trail': True, 'don_upper': 1340.37, 'don_lower': 1312.07, 'atr': 2.2692489030812784, 'exit_reason': 'sl', 'signal_time': Timestamp('2018-03-16 13:00:00+0000', tz='UTC')}"
2018-03-21 18:00:00+00:00,2018-03-22 17:00:00+00:00,1,1330.685,1324.9034851757247,1325.0784851757246,1350.9598050996055,0.47,-215.3311967409387,-0.4398999224781106,"{'trail_atr_mult': 4.0, 'trail_atr_len': 14, 'tp_converts_to_trail': True, 'don_upper': 1330.01, 'don_lower': 1307.17, 'atr': 3.409967516600905, 'exit_reason': 'sl', 'signal_time': Timestamp('2018-03-21 17:00:00+0000', tz='UTC')}"
2018-03-23 00:00:00+00:00,2018-03-27 12:00:00+00:00,1,1338.805,1347.3441397255935,1347.5191397255935,1358.8147359770414,0.47,476.53956710289384,0.9875110872552247,"{'trail_atr_mult': 4.0, 'trail_atr_len': 14, 'tp_converts_to_trail': True, 'don_upper': 1336.6, 'don_lower': 1307.17, 'atr': 3.364122662840211, 'exit_reason': 'sl', 'signal_time': Timestamp('2018-03-22 23:00:00+0000', tz='UTC')}"
2018-04-11 12:00:00+00:00,2018-04-11 17:00:00+00:00,1,1348.875,1361.075,1363.3562437408195,,0.66,805.200000000003,1.6524175293509926,"{'trail_atr_mult': 4.0, 'trail_atr_len': 14, 'tp_converts_to_trail': True, 'don_upper': 1348.22, 'don_lower': 1319.5, 'atr': 2.429373956803261, 'exit_reason': 'sl_gap', 'signal_time': Timestamp('2018-04-11 11:00:00+0000', tz='UTC')}"
2018-04-23 09:00:00+00:00,2018-04-24 15:00:00+00:00,-1,1328.865,1330.4019701787863,1330.2269701787864,1315.5125050503998,0.71,-123.32488269382766,-0.2508713937225791,"{'trail_atr_mult': 4.0, 'trail_atr_len': 14, 'tp_converts_to_trail': True, 'don_upper': 1365.2, 'don_lower': 1331.28, 'atr': 2.252915824933378, 'exit_reason': 'sl', 'signal_time': Timestamp('2018-04-23 08:00:00+0000', tz='UTC')}"
2018-04-25 12:00:00+00:00,2018-04-26 08:00:00+00:00,-1,1320.4650000000001,1325.9494313003459,1325.774431300346,1307.9451821895211,0.75,-456.33234752592784,-0.922245594859765,"{'trail_atr_mult': 4.0, 'trail_atr_len': 14, 'tp_converts_to_trail': True, 'don_upper': 1355.67, 'don_lower': 1322.11, 'atr': 2.1241363017465065, 'exit_reason': 'sl', 'signal_time': Timestamp('2018-04-25 11:00:00+0000', tz='UTC')}"
2018-04-26 15:00:00+00:00,2018-04-27 14:00:00+00:00,-1,1317.615,1322.7837733491317,1322.6087733491318,1302.2150159952416,0.61,-327.49517429703354,-0.6642472825895088,"{'trail_atr_mult': 4.0, 'trail_atr_len': 14, 'tp_converts_to_trail': True, 'don_upper': 1355.67, 'don_lower': 1318.76, 'atr': 2.609164000793055, 'exit_reason': 'sl', 'signal_time': Timestamp('2018-04-26 14:00:00+0000', tz='UTC')}"
2018-04-30 12:00:00+00:00,2018-04-30 18:00:00+00:00,-1,1313.435,1319.3751731823115,1319.2001731823116,1301.1264458330832,0.74,-439.57281549105704,-0.9025181356020958,"{'trail_atr_mult': 4.0, 'trail_atr_len': 14, 'tp_converts_to_trail': True, 'don_upper': 1355.67, 'don_lower': 1315.26, 'atr': 2.0989256944861614, 'exit_reason': 'sl', 'signal_time': Timestamp('2018-04-30 11:00:00+0000', tz='UTC')}"
2018-05-01 09:00:00+00:00,2018-05-02 04:00:00+00:00,-1,1308.625,1310.7371082977395,1310.5621082977395,1296.8002964780867,0.79,-182.65655552142022,-0.3744394824761519,"{'trail_atr_mult': 4.0, 'trail_atr_len': 14, 'tp_converts_to_trail': True, 'don_upper': 1354.65, 'don_lower': 1310.18, 'atr': 1.9999505869855299, 'exit_reason': 'sl', 'signal_time': Timestamp('2018-05-01 08:00:00+0000', tz='UTC')}"
2018-05-11 09:00:00+00:00,2018-05-11 21:00:00+00:00,1,1323.2749999999999,1317.788721696465,1317.963721696465,1335.2413683731431,0.78,-427.92970767571796,-0.8784110979114876,"{'trail_atr_mult': 4.0, 'trail_atr_len': 14, 'tp_converts_to_trail': True, 'don_upper': 1322.82, 'don_lower': 1301.74, 'atr': 2.0235613955238736, 'exit_reason': 'sl', 'signal_time': Timestamp('2018-05-11 08:00:00+0000', tz='UTC')}"
2018-05-15 13:00:00+00:00,2018-05-18 15:00:00+00:00,-1,1297.385,1292.5839827885368,1292.4089827885368,1283.5057166856682,0.68,258.46917037949794,0.5299696231829879,"{'trail_atr_mult': 4.0, 'trail_atr_len': 14, 'tp_converts_to_trail': True, 'don_upper': 1325.9, 'don_lower': 1303.88, 'atr': 2.3390472190552853, 'exit_reason': 'sl', 'signal_time': Timestamp('2018-05-15 12:00:00+0000', tz='UTC')}"
2018-05-21 07:00:00+00:00,2018-05-21 14:00:00+00:00,-1,1283.125,1289.5698581195043,1289.3948581195043,1271.080283760991,0.78,-502.69893332133233,-1.027911317395774,"{'trail_atr_mult': 4.0, 'trail_atr_len': 14, 'tp_converts_to_trail': True, 'don_upper': 1325.9, 'don_lower': 1284.93, 'atr': 2.0349527065014845, 'exit_reason': 'sl', 'signal_time': Timestamp('2018-05-21 06:00:00+0000', tz='UTC')}"
2018-06-14 10:00:00+00:00,2018-06-15 01:00:00+00:00,1,1305.335,1300.6404458735003,1300.8154458735003,1316.076344801116,0.86,-369.3316548789762,-0.762368665669526,"{'trail_atr_mult': 4.0, 'trail_atr_len': 14, 'tp_converts_to_trail': True, 'don_upper': 1303.51, 'don_lower': 1289.69, 'atr': 1.819390800185998, 'exit_reason': 'sl', 'signal_time': Timestamp('2018-06-14 09:00:00+0000', tz='UTC')}"
2018-06-15 14:00:00+00:00,2018-06-19 02:00:00+00:00,-1,1283.545,1283.2183547738089,1283.043354773809,1266.2693788403876,0.54,-25.561157785675007,-0.05309459155365612,"{'trail_atr_mult': 4.0, 'trail_atr_len': 14, 'tp_converts_to_trail': True, 'don_upper': 1309.28, 'don_lower': 1289.69, 'atr': 2.9101035266020507, 'exit_reason': 'sl', 'signal_time': Timestamp('2018-06-15 13:00:00+0000', tz='UTC')}"
2018-06-19 12:00:00+00:00,2018-06-21 18:00:00+00:00,-1,1272.305,1269.9460029966374,1269.7710029966374,1258.0173179534,0.65,101.33480521857382,0.20964571130855003,"{'trail_atr_mult': 4.0, 'trail_atr_len': 14, 'tp_converts_to_trail': True, 'don_upper': 1309.28, 'don_lower': 1275.33, 'atr': 2.413780341100015, 'exit_reason': 'sl', 'signal_time': Timestamp('2018-06-19 11:00:00+0000', tz='UTC')}"
2018-06-26 08:00:00+00:00,2018-06-28 09:00:00+00:00,-1,1260.595,1250.0249999999999,1249.0349594643735,,0.8,781.6000000000131,1.6208987387684983,"{'trail_atr_mult': 4.0, 'trail_atr_len': 14, 'tp_converts_to_trail': True, 'don_upper': 1309.28, 'don_lower': 1261.29, 'atr': 1.9541734226044163, 'exit_reason': 'sl_gap', 'signal_time': Timestamp('2018-06-26 07:00:00+0000', tz='UTC')}"
2018-06-28 18:00:00+00:00,2018-06-29 17:00:00+00:00,-1,1247.405,1253.300821997118,1253.125821997118,1234.4162163155909,0.72,-438.89918379249536,-0.904170838066241,"{'trail_atr_mult': 4.0, 'trail_atr_len': 14, 'tp_converts_to_trail': True, 'don_upper': 1283.99, 'don_lower': 1248.24, 'atr': 2.1922972807348478, 'exit_reason': 'sl', 'signal_time': Timestamp('2018-06-28 17:00:00+0000', tz='UTC')}"
2018-07-02 16:00:00+00:00,2018-07-03 07:00:00+00:00,-1,1243.415,1242.1973495349264,1242.0223495349264,1231.9339529215163,0.82,83.44733813603314,0.16743114904100218,"{'trail_atr_mult': 2.0, 'trail_atr_len': 14, 'tp_converts_to_trail': True, 'don_upper': 1276.38, 'don_lower': 1245.84, 'atr': 1.9510078464139777, 'exit_reason': 'sl', 'signal_time': Timestamp('2018-07-02 15:00:00+0000', tz='UTC')}"
2018-07-09 10:00:00+00:00,2018-07-09 14:00:00+00:00,1,1263.395,1262.1388886817833,1262.3138886817833,1273.7930390978645,0.89,-111.79390732128218,-0.22565470347762132,"{'trail_atr_mult': 2.0, 'trail_atr_len': 14, 'tp_converts_to_trail': True, 'don_upper': 1262.13, 'don_lower': 1237.82, 'atr': 1.7738398496440542, 'exit_reason': 'sl', 'signal_time': Timestamp('2018-07-09 09:00:00+0000', tz='UTC')}"
2018-07-17 14:00:00+00:00,2018-07-18 13:00:00+00:00,-1,1231.515,1225.142161620444,1224.9671616204441,1218.0029103021116,0.7,432.09868656892104,0.8739009253234674,"{'trail_atr_mult': 2.0, 'trail_atr_len': 14, 'tp_converts_to_trail': True, 'don_upper': 1265.84, 'don_lower': 1236.3, 'atr': 2.2861816163147424, 'exit_reason': 'sl', 'signal_time': Timestamp('2018-07-17 13:00:00+0000', tz='UTC')}"
2018-07-19 08:00:00+00:00,2018-07-19 14:00:00+00:00,-1,1218.4950000000001,1216.4600136712095,1216.2850136712095,1206.0709642272861,0.77,156.69394731687908,0.31430700548047247,"{'trail_atr_mult': 2.0, 'trail_atr_len': 14, 'tp_converts_to_trail': True, 'don_upper': 1265.84, 'don_lower': 1220.98, 'atr': 2.099839295452327, 'exit_reason': 'sl', 'signal_time': Timestamp('2018-07-19 07:00:00+0000', tz='UTC')}"
2018-08-02 18:00:00+00:00,2018-08-03 11:00:00+00:00,-1,1211.655,1208.6590556138242,1208.4840556138242,1198.607190528744,0.73,204.10394019083188,0.4110833709880239,"{'trail_atr_mult': 2.0, 'trail_atr_len': 14, 'tp_converts_to_trail': True, 'don_upper': 1235.18, 'don_lower': 1213.02, 'atr': 2.2054682452093055, 'exit_reason': 'sl', 'signal_time': Timestamp('2018-08-02 17:00:00+0000', tz='UTC')}"
2018-08-13 10:00:00+00:00,2018-08-13 13:00:00+00:00,-1,1201.585,1200.247306013921,1200.072306013921,1187.4521512975432,0.67,89.62549706729988,0.17994452497462718,"{'trail_atr_mult': 2.0, 'trail_atr_len': 14, 'tp_converts_to_trail': True, 'don_upper': 1228.53, 'don_lower': 1203.4, 'atr': 2.396308117076134, 'exit_reason': 'sl', 'signal_time': Timestamp('2018-08-13 09:00:00+0000', tz='UTC')}"
2018-08-13 17:00:00+00:00,2018-08-14 07:00:00+00:00,-1,1193.155,1196.2401381005482,1196.0651381005482,1175.7288020289293,0.55,-180.68259553015062,-0.3647884061709575,"{'trail_atr_mult': 2.0, 'trail_atr_len': 14, 'tp_converts_to_trail': True, 'don_upper': 1224.7, 'don_lower': 1194.59, 'atr': 2.936866328511774, 'exit_reason': 'sl', 'signal_time': Timestamp('2018-08-13 16:00:00+0000', tz='UTC')}"
2018-08-15 03:00:00+00:00,2018-08-15 17:00:00+00:00,-1,1189.065,1177.8654268166115,1177.6904268166115,,0.84,940.7641474046395,1.882348721384897,"{'trail_atr_mult': 2.0, 'trail_atr_len': 14, 'tp_converts_to_trail': True, 'don_upper': 1219.98, 'don_lower': 1191.22, 'atr': 1.9249288638980935, 'exit_reason': 'sl', 'signal_time': Timestamp('2018-08-15 02:00:00+0000', tz='UTC')}"
2018-08-15 20:00:00+00:00,2018-08-16 02:00:00+00:00,-1,1174.385,1167.2818447115835,1167.1068447115836,1157.5537940179702,0.58,377.1830067281555,0.7519747735628344,"{'trail_atr_mult': 2.0, 'trail_atr_len': 14, 'tp_converts_to_trail': True, 'don_upper': 1219.98, 'don_lower': 1174.8, 'atr': 2.8310343303382846, 'exit_reason': 'sl', 'signal_time': Timestamp('2018-08-15 19:00:00+0000', tz='UTC')}"
2018-08-24 15:00:00+00:00,2018-08-27 02:00:00+00:00,1,1206.145,1203.585707669352,1203.7607076693519,1223.066924776374,0.58,-78.83895517758845,-0.1563579929321553,"{'trail_atr_mult': 2.0, 'trail_atr_len': 14, 'tp_converts_to_trail': True, 'don_upper': 1201.52, 'don_lower': 1160.07, 'atr': 2.8461541293956483, 'exit_reason': 'sl', 'signal_time': Timestamp('2018-08-24 14:00:00+0000', tz='UTC')}"
2018-08-27 15:00:00+00:00,2018-08-28 03:00:00+00:00,1,1211.175,1208.1722273040446,1208.3472273040445,1225.6036447474148,0.68,-176.98854332496722,-0.34811214789697104,"{'trail_atr_mult': 2.0, 'trail_atr_len': 14, 'tp_converts_to_trail': True, 'don_upper': 1208.49, 'don_lower': 1160.07, 'atr': 2.4339407912357993, 'exit_reason': 'sl', 'signal_time': Timestamp('2018-08-27 14:00:00+0000', tz='UTC')}"
2018-08-28 09:00:00+00:00,2018-08-28 15:00:00+00:00,1,1213.155,1210.2151667042476,1210.3901667042476,1224.7272331025267,0.84,-246.94599684319746,-0.49090357857894673,"{'trail_atr_mult': 2.0, 'trail_atr_len': 14, 'tp_converts_to_trail': True, 'don_upper': 1212.39, 'don_lower': 1160.07, 'atr': 1.9512055170877995, 'exit_reason': 'sl', 'signal_time': Timestamp('2018-08-28 08:00:00+0000', tz='UTC')}"
2018-09-11 13:00:00+00:00,2018-09-11 15:00:00+00:00,-1,1188.615,1192.0498251022148,1191.8748251022148,1176.391334427557,0.79,-271.35118307496487,-0.5388524912974989,"{'trail_atr_mult': 2.0, 'trail_atr_len': 14, 'tp_converts_to_trail': True, 'don_upper': 1208.77, 'don_lower': 1189.56, 'atr': 2.0664442620738392, 'exit_reason': 'sl', 'signal_time': Timestamp('2018-09-11 12:00:00+0000', tz='UTC')}"
2018-09-13 13:00:00+00:00,2018-09-13 15:00:00+00:00,1,1209.875,1207.9323929513964,1208.1073929513964,1222.8615007419276,0.74,-143.7529215966647,-0.2869116334482556,"{'trail_atr_mult': 2.0, 'trail_atr_len': 14, 'tp_converts_to_trail': True, 'don_upper': 1208.43, 'don_lower': 1187.66, 'atr': 2.195250123654579, 'exit_reason': 'sl', 'signal_time': Timestamp('2018-09-13 12:00:00+0000', tz='UTC')}"
2018-09-27 13:00:00+00:00,2018-09-28 10:00:00+00:00,-1,1186.795,1184.7885110545503,1184.6135110545504,1172.347817270214,0.68,122.84124829058277,0.2447455066119355,"{'trail_atr_mult': 2.0, 'trail_atr_len': 14, 'tp_converts_to_trail': True, 'don_upper': 1211.03, 'don_lower': 1190.47, 'atr': 2.425363788297679, 'exit_reason': 'sl', 'signal_time': Timestamp('2018-09-27 12:00:00+0000', tz='UTC')}"
2018-10-11 13:00:00+00:00,2018-10-11 20:00:00+00:00,1,1208.635,1223.895,1225.4030196112158,,0.58,885.0799999999995,1.764873959907256,"{'trail_atr_mult': 2.0, 'trail_atr_len': 14, 'tp_converts_to_trail': True, 'don_upper': 1208.25, 'don_lower': 1183.16, 'atr': 2.823836601869271, 'exit_reason': 'sl_gap', 'signal_time': Timestamp('2018-10-11 12:00:00+0000', tz='UTC')}"
2018-10-15 08:00:00+00:00,2018-10-15 14:00:00+00:00,1,1227.325,1227.89358131375,1228.06858131375,1242.2979858267731,0.65,36.95778539374828,0.07337486562515018,"{'trail_atr_mult': 2.0, 'trail_atr_len': 14, 'tp_converts_to_trail': True, 'don_upper': 1226.3, 'don_lower': 1183.16, 'atr': 2.5246643044621733, 'exit_reason': 'sl', 'signal_time': Timestamp('2018-10-15 07:00:00+0000', tz='UTC')}"
2018-10-23 09:00:00+00:00,2018-10-23 14:00:00+00:00,1,1235.7649999999999,1234.9678062620094,1235.1428062620093,1248.1537075238605,0.79,-62.97830530124816,-0.12346473489778516,"{'trail_atr_mult': 2.0, 'trail_atr_len': 14, 'tp_converts_to_trail': True, 'don_upper': 1233.22, 'don_lower': 1187.24, 'atr': 2.0939512539767504, 'exit_reason': 'sl', 'signal_time': Timestamp('2018-10-23 08:00:00+0000', tz='UTC')}"
2018-10-26 15:00:00+00:00,2018-10-26 17:00:00+00:00,1,1243.355,1236.9405484130293,1237.1155484130293,1261.3828416282565,0.54,-346.38038569641776,-0.6903628320457786,"{'trail_atr_mult': 2.0, 'trail_atr_len': 14, 'tp_converts_to_trail': True, 'don_upper': 1239.71, 'don_lower': 1218.63, 'atr': 3.0354736047094253, 'exit_reason': 'sl', 'signal_time': Timestamp('2018-10-26 14:00:00+0000', tz='UTC')}"
2018-10-31 03:00:00+00:00,2018-10-31 15:00:00+00:00,-1,1217.415,1216.9865916151068,1216.8115916151069,1204.4972827639085,0.74,31.702220482092798,0.06317441813991433,"{'trail_atr_mult': 2.0, 'trail_atr_len': 14, 'tp_converts_to_trail': True, 'don_upper': 1243.36, 'don_lower': 1219.65, 'atr': 2.188786206015249, 'exit_reason': 'sl', 'signal_time': Timestamp('2018-10-31 02:00:00+0000', tz='UTC')}"
2018-11-09 14:00:00+00:00,2018-11-12 02:00:00+00:00,-1,1210.295,1211.4889269903992,1211.3139269903993,1195.0741939770462,0.63,-113.01740039514816,-0.2231834581529211,"{'trail_atr_mult': 2.0, 'trail_atr_len': 14, 'tp_converts_to_trail': True, 'don_upper': 1237.33, 'don_lower': 1210.71, 'atr': 2.5843010038256224, 'exit_reason': 'sl', 'signal_time': Timestamp('2018-11-09 13:00:00+0000', tz='UTC')}"
2018-11-12 06:00:00+00:00,2018-11-13 01:00:00+00:00,-1,1206.435,1204.231688999793,1204.056688999793,1193.4572729240754,0.75,150.24832501551714,0.296726874348041,"{'trail_atr_mult': 2.0, 'trail_atr_len': 14, 'tp_converts_to_trail': True, 'don_upper': 1237.33, 'don_lower': 1206.65, 'atr': 2.192121179320773, 'exit_reason': 'sl', 'signal_time': Timestamp('2018-11-12 05:00:00+0000', tz='UTC')}"
2018-11-13 09:00:00+00:00,2018-11-13 12:00:00+00:00,-1,1199.325,1200.442680771882,1200.267680771882,1187.808778504179,0.84,-93.88518483807547,-0.1856424237806358,"{'trail_atr_mult': 2.0, 'trail_atr_len': 14, 'tp_converts_to_trail': True, 'don_upper': 1237.33, 'don_lower': 1200.16, 'atr': 1.948536915970163, 'exit_reason': 'sl', 'signal_time': Timestamp('2018-11-13 08:00:00+0000', tz='UTC')}"
2018-12-03 07:00:00+00:00,2018-12-03 11:00:00+00:00,1,1231.7649999999999,1227.9293832430228,1228.1043832430228,1243.4000752133006,0.83,-318.35619082909597,-0.6308541172149353,"{'trail_atr_mult': 2.0, 'trail_atr_len': 14, 'tp_converts_to_trail': True, 'don_upper': 1230.03, 'don_lower': 1211.15, 'atr': 1.96834586888346, 'exit_reason': 'sl', 'signal_time': Timestamp('2018-12-03 06:00:00+0000', tz='UTC')}"
2018-12-03 14:00:00+00:00,2018-12-03 20:00:00+00:00,1,1233.555,1230.0135422963467,1230.1885422963467,1246.7821990288558,0.73,-258.52641236669456,-0.5139176551199837,"{'trail_atr_mult': 2.0, 'trail_atr_len': 14, 'tp_converts_to_trail': True, 'don_upper': 1232.86, 'don_lower': 1211.15, 'atr': 2.235366504809324, 'exit_reason': 'sl', 'signal_time': Timestamp('2018-12-03 13:00:00+0000', tz='UTC')}"
2018-12-04 01:00:00+00:00,2018-12-04 16:00:00+00:00,1,1235.115,1237.3640987087667,1237.5390987087667,1247.7357431732107,0.76,170.931501866271,0.3421790124958645,"{'trail_atr_mult': 2.0, 'trail_atr_len': 14, 'tp_converts_to_trail': True, 'don_upper': 1234.86, 'don_lower': 1211.15, 'atr': 2.1326238622017946, 'exit_reason': 'sl', 'signal_time': Timestamp('2018-12-04 00:00:00+0000', tz='UTC')}"
2018-12-06 14:00:00+00:00,2018-12-06 17:00:00+00:00,1,1243.625,1239.1814474120822,1239.3564474120822,1257.885323519342,0.76,-337.7099966817523,-0.6674344159138335,"{'trail_atr_mult': 2.0, 'trail_atr_len': 14, 'tp_converts_to_trail': True, 'don_upper': 1241.89, 'don_lower': 1211.15, 'atr': 2.3242205865569843, 'exit_reason': 'sl', 'signal_time': Timestamp('2018-12-06 13:00:00+0000', tz='UTC')}"
2018-12-07 18:00:00+00:00,2018-12-10 08:00:00+00:00,1,1248.5249999999999,1246.6408877460512,1246.8158877460512,1262.3170373424607,0.7,-47.88785777640305,-0.09496917897649779,"{'trail_atr_mult': 2.0, 'trail_atr_len': 14, 'tp_converts_to_trail': True, 'don_upper': 1247.05, 'don_lower': 1211.15, 'atr': 2.3328395570767984, 'exit_reason': 'sl', 'signal_time': Timestamp('2018-12-07 17:00:00+0000', tz='UTC')}"
2018-12-19 14:00:00+00:00,2018-12-19 17:00:00+00:00,1,1255.935,1253.4831374614657,1253.6581374614657,1267.9014011736488,0.78,-191.24527800566875,-0.3833610572054141,"{'trail_atr_mult': 2.0, 'trail_atr_len': 14, 'tp_converts_to_trail': True, 'don_upper': 1251.32, 'don_lower': 1232.89, 'atr': 2.04023352894146, 'exit_reason': 'sl', 'signal_time': Timestamp('2018-12-19 13:00:00+0000', tz='UTC')}"
2018-12-20 14:00:00+00:00,2018-12-21 01:00:00+00:00,1,1259.455,1259.9741246033498,1260.1491246033497,1276.5301572767398,0.58,53.30922699429057,0.10607227489890786,"{'trail_atr_mult': 2.0, 'trail_atr_len': 14, 'tp_converts_to_trail': True, 'don_upper': 1257.99, 'don_lower': 1232.89, 'atr': 2.8600262127899914, 'exit_reason': 'sl', 'signal_time': Timestamp('2018-12-20 13:00:00+0000', tz='UTC')}"
2018-12-24 16:00:00+00:00,2018-12-26 17:00:00+00:00,1,1268.145,1273.5253918992294,1273.7003918992293,1282.5455433285863,0.66,407.9058653491391,0.818294551184199,"{'trail_atr_mult': 2.0, 'trail_atr_len': 14, 'tp_converts_to_trail': True, 'don_upper': 1267.19, 'don_lower': 1232.89, 'atr': 2.439257221431018, 'exit_reason': 'sl', 'signal_time': Timestamp('2018-12-24 15:00:00+0000', tz='UTC')}"
2018-12-28 06:00:00+00:00,2018-12-28 08:00:00+00:00,1,1280.895,1276.825155281876,1277.000155281876,1294.1502669382885,0.73,-297.098664423047,-0.5906771960731708,"{'trail_atr_mult': 2.0, 'trail_atr_len': 14, 'tp_converts_to_trail': True, 'don_upper': 1279.05, 'don_lower': 1232.89, 'atr': 2.238377823048066, 'exit_reason': 'sl', 'signal_time': Timestamp('2018-12-28 05:00:00+0000', tz='UTC')}"
2018-12-31 11:00:00+00:00,2018-12-31 13:00:00+00:00,1,1283.605,1280.2466896764986,1280.4216896764985,1294.152233459426,0.93,-312.3228600856328,-0.6200587046209068,"{'trail_atr_mult': 2.0, 'trail_atr_len': 14, 'tp_converts_to_trail': True, 'don_upper': 1283.38, 'don_lower': 1238.15, 'atr': 1.7737055765709986, 'exit_reason': 'sl', 'signal_time': Timestamp('2018-12-31 10:00:00+0000', tz='UTC')}"
2019-01-02 05:00:00+00:00,2019-01-02 07:00:00+00:00,1,1286.375,1285.275,1282.7724514238607,1300.2545481355382,0.69,-75.89999999999371,-0.15272953926073282,"{'trail_atr_mult': 2.0, 'trail_atr_len': 14, 'tp_converts_to_trail': True, 'don_upper': 1284.05, 'don_lower': 1241.61, 'atr': 2.3424246892563843, 'exit_reason': 'end_of_data', 'signal_time': Timestamp('2019-01-02 04:00:00+0000', tz='UTC')}"
2019-01-21 08:00:00+00:00,2019-01-21 14:00:00+00:00,-1,1278.825,1280.3233665073533,1280.1483665073533,1268.6435402173738,0.92,-137.84971867649801,-0.27833968409396187,"{'trail_atr_mult': 2.0, 'trail_atr_len': 14, 'tp_converts_to_trail': True, 'don_upper': 1297.03, 'don_lower': 1280.01, 'atr': 1.7294099637710367, 'exit_reason': 'sl', 'signal_time': Timestamp('2019-01-21 07:00:00+0000', tz='UTC')}"
2019-01-25 15:00:00+00:00,2019-01-28 11:00:00+00:00,1,1297.625,1300.176599235522,1300.351599235522,1312.1896643923224,0.66,247.60554954444956,0.49724091112733726,"{'trail_atr_mult': 2.0, 'trail_atr_len': 14, 'tp_converts_to_trail': True, 'don_upper': 1295.33, 'don_lower': 1276.7, 'atr': 2.456610732053701, 'exit_reason': 'sl', 'signal_time': Timestamp('2019-01-25 14:00:00+0000', tz='UTC')}"
2019-01-29 06:00:00+00:00,2019-01-29 14:00:00+00:00,1,1305.165,1307.2123961013162,1307.3873961013162,1315.0587309638959,0.95,194.50262962504667,0.3918937349216469,"{'trail_atr_mult': 2.0, 'trail_atr_len': 14, 'tp_converts_to_trail': True, 'don_upper': 1304.47, 'don_lower': 1276.7, 'atr': 1.6797884939826297, 'exit_reason': 'sl', 'signal_time': Timestamp('2019-01-29 05:00:00+0000', tz='UTC')}"
2019-01-30 01:00:00+00:00,2019-01-30 12:00:00+00:00,1,1313.925,1312.2288142342286,1312.4038142342285,1325.2715790103189,0.84,-142.4796043247943,-0.284318741769963,"{'trail_atr_mult': 2.0, 'trail_atr_len': 14, 'tp_converts_to_trail': True, 'don_upper': 1311.94, 'don_lower': 1276.7, 'atr': 1.9235965017198275, 'exit_reason': 'sl', 'signal_time': Timestamp('2019-01-30 00:00:00+0000', tz='UTC')}"
2019-01-30 19:00:00+00:00,2019-01-31 15:00:00+00:00,1,1319.985,1321.779549508548,1321.9545495085479,1335.5504290884974,0.62,185.662069529977,0.3715223077634736,"{'trail_atr_mult': 2.0, 'trail_atr_len': 14, 'tp_converts_to_trail': True, 'don_upper': 1315.87, 'don_lower': 1276.7, 'atr': 2.625071514749577, 'exit_reason': 'sl', 'signal_time': Timestamp('2019-01-30 18:00:00+0000', tz='UTC')}"
2019-02-19 13:00:00+00:00,2019-02-20 04:00:00+00:00,1,1332.0049999999999,1342.6484438689972,1342.8234438689972,,0.87,960.7796166027683,1.9368611791077803,"{'trail_atr_mult': 2.0, 'trail_atr_len': 14, 'tp_converts_to_trail': True, 'don_upper': 1331.43, 'don_lower': 1302.34, 'atr': 1.8355739781661904, 'exit_reason': 'sl', 'signal_time': Timestamp('2019-02-19 12:00:00+0000', tz='UTC')}"
2019-02-28 15:00:00+00:00,2019-03-01 10:00:00+00:00,-1,1315.155,1310.3730515132913,1310.1980515132914,1298.512951647662,0.59,270.3349607158099,0.5338073724344827,"{'trail_atr_mult': 2.0, 'trail_atr_len': 14, 'tp_converts_to_trail': True, 'don_upper': 1346.66, 'don_lower': 1315.81, 'atr': 2.8028413920563287, 'exit_reason': 'sl', 'signal_time': Timestamp('2019-02-28 14:00:00+0000', tz='UTC')}"
2019-03-01 13:00:00+00:00,2019-03-01 15:00:00+00:00,-1,1305.515,1309.129583656595,1308.954583656595,1292.4198072550128,0.74,-267.479190588027,-0.5307683561123371,"{'trail_atr_mult': 2.0, 'trail_atr_len': 14, 'tp_converts_to_trail': True, 'don_upper': 1346.66, 'don_lower': 1305.99, 'atr': 2.2116987908312047, 'exit_reason': 'sl', 'signal_time': Timestamp('2019-03-01 12:00:00+0000', tz='UTC')}"
2019-03-01 16:00:00+00:00,2019-03-04 01:00:00+00:00,-1,1301.135,1296.328137950343,1296.153137950343,1284.1777360993856,0.57,239.79113683044648,0.47962589931276306,"{'trail_atr_mult': 2.0, 'trail_atr_len': 14, 'tp_converts_to_trail': True, 'don_upper': 1346.66, 'don_lower': 1304.17, 'atr': 2.8587106501023993, 'exit_reason': 'sl', 'signal_time': Timestamp('2019-03-01 15:00:00+0000', tz='UTC')}"
2019-03-04 08:00:00+00:00,2019-03-04 16:00:00+00:00,-1,1287.145,1288.9091559592302,1288.7341559592303,1270.6037906686413,0.59,-104.08520159458567,-0.20565801281121956,"{'trail_atr_mult': 2.0, 'trail_atr_len': 14, 'tp_converts_to_trail': True, 'don_upper': 1346.66, 'don_lower': 1290.12, 'atr': 2.791034888559782, 'exit_reason': 'sl', 'signal_time': Timestamp('2019-03-04 07:00:00+0000', tz='UTC')}"
2019-03-21 06:00:00+00:00,2019-03-21 10:00:00+00:00,1,1319.245,1315.5571976787733,1315.7321976787732,1333.8275277076011,0.67,-247.08275552218404,-0.48820725569428186,"{'trail_atr_mult': 2.0, 'trail_atr_len': 14, 'tp_converts_to_trail': True, 'don_upper': 1319.0, 'don_lower': 1287.93, 'atr': 2.459587951266866, 'exit_reason': 'sl', 'signal_time': Timestamp('2019-03-21 05:00:00+0000', tz='UTC')}"
2019-03-28 13:00:00+00:00,2019-03-29 09:00:00+00:00,-1,1291.635,1291.7461531146178,1291.5711531146178,1272.8572616981794,0.52,-16.179961960123727,-0.03218924394051978,"{'trail_atr_mult': 2.0, 'trail_atr_len': 14, 'tp_converts_to_trail': True, 'don_upper': 1324.49, 'don_lower': 1298.13, 'atr': 3.1604563836367596, 'exit_reason': 'sl', 'signal_time': Timestamp('2019-03-28 12:00:00+0000', tz='UTC')}"
2019-04-18 02:00:00+00:00,2019-04-18 08:00:00+00:00,-1,1271.9650000000001,1274.0586617420315,1273.8836617420316,1262.5357020502418,1.01,-211.4598359451686,-0.42065482721103753,"{'trail_atr_mult': 2.0, 'trail_atr_len': 14, 'tp_converts_to_trail': True, 'don_upper': 1310.53, 'don_lower': 1272.89, 'atr': 1.6007163249597385, 'exit_reason': 'sl', 'signal_time': Timestamp('2019-04-18 01:00:00+0000', tz='UTC')}"
2019-04-23 13:00:00+00:00,2019-04-23 16:00:00+00:00,-1,1267.395,1270.396801643837,1270.2218016438371,1257.121543237059,0.92,-276.165751233013,-0.5483515547136983,"{'trail_atr_mult': 2.0, 'trail_atr_len': 14, 'tp_converts_to_trail': True, 'don_upper': 1310.53, 'don_lower': 1271.09, 'atr': 1.7497427938234726, 'exit_reason': 'sl', 'signal_time': Timestamp('2019-04-23 12:00:00+0000', tz='UTC')}"
2019-05-13 17:00:00+00:00,2019-05-14 03:00:00+00:00,1,1300.465,1298.5992970657169,1298.7742970657168,1315.8953887702473,0.63,-92.33928485983125,-0.18372512953318904,"{'trail_atr_mult': 2.0, 'trail_atr_len': 14, 'tp_converts_to_trail': True, 'don_upper': 1299.63, 'don_lower': 1266.2, 'atr': 2.600898128374559, 'exit_reason': 'sl', 'signal_time': Timestamp('2019-05-13 16:00:00+0000', tz='UTC')}"
2019-05-17 15:00:00+00:00,2019-05-20 02:00:00+00:00,-1,1275.765,1278.788638127721,1278.613638127721,1261.6224999867552,0.68,-246.40739268502224,-0.49410439740226,"{'trail_atr_mult': 2.0, 'trail_atr_len': 14, 'tp_converts_to_trail': True, 'don_upper': 1303.23, 'don_lower': 1278.13, 'atr': 2.386250002207464, 'exit_reason': 'sl', 'signal_time': Timestamp('2019-05-17 14:00:00+0000', tz='UTC')}"
2019-05-31 00:00:00+00:00,2019-05-31 16:00:00+00:00,1,1290.655,1301.9932933153973,1302.1682933153972,,0.83,941.0783451779777,1.8837044451966087,"{'trail_atr_mult': 2.0, 'trail_atr_len': 14, 'tp_converts_to_trail': True, 'don_upper': 1289.17, 'don_lower': 1269.41, 'atr': 1.9480488858995413, 'exit_reason': 'sl', 'signal_time': Timestamp('2019-05-30 23:00:00+0000', tz='UTC')}"
2019-05-31 17:00:00+00:00,2019-06-03 14:00:00+00:00,1,1304.705,1313.2500471457452,1313.425047145745,1321.1031408433773,0.59,574.9577815989685,1.1516830399197444,"{'trail_atr_mult': 2.0, 'trail_atr_len': 14, 'tp_converts_to_trail': True, 'don_upper': 1304.46, 'don_lower': 1269.41, 'atr': 2.7621901405628866, 'exit_reason': 'sl', 'signal_time': Timestamp('2019-05-31 16:00:00+0000', tz='UTC')}"
2019-06-03 15:00:00+00:00,2019-06-04 04:00:00+00:00,1,1320.085,1322.8710999892216,1323.0460999892216,1336.1674039896425,0.6,191.16599935329668,0.3802617626442459,"{'trail_atr_mult': 2.0, 'trail_atr_len': 14, 'tp_converts_to_trail': True, 'don_upper': 1318.29, 'don_lower': 1272.43, 'atr': 2.7179006649404114, 'exit_reason': 'sl', 'signal_time': Timestamp('2019-06-03 14:00:00+0000', tz='UTC')}"
2019-06-04 08:00:00+00:00,2019-06-04 10:00:00+00:00,1,1328.565,1323.6164303089693,1323.7914303089692,1342.8592257454045,0.68,-336.50273899009426,-0.6678580616892797,"{'trail_atr_mult': 2.0, 'trail_atr_len': 14, 'tp_converts_to_trail': True, 'don_upper': 1327.92, 'don_lower': 1272.78, 'atr': 2.411537624234061, 'exit_reason': 'sl', 'signal_time': Timestamp('2019-06-04 07:00:00+0000', tz='UTC')}"
2019-06-05 07:00:00+00:00,2019-06-05 12:00:00+00:00,1,1333.665,1334.0926694030247,1334.2676694030247,1349.1231133418091,0.63,26.94317239056022,0.053515156137453015,"{'trail_atr_mult': 2.0, 'trail_atr_len': 14, 'tp_converts_to_trail': True, 'don_upper': 1329.0, 'don_lower': 1274.95, 'atr': 2.6055188903015383, 'exit_reason': 'sl', 'signal_time': Timestamp('2019-06-05 06:00:00+0000', tz='UTC')}"
2019-06-05 13:00:00+00:00,2019-06-05 15:00:00+00:00,1,1340.955,1335.3113081918534,1335.4863081918534,1362.135775661717,0.47,-265.25351498288614,-0.5221826777321553,"{'trail_atr_mult': 2.0, 'trail_atr_len': 14, 'tp_converts_to_trail': True, 'don_upper': 1340.02, 'don_lower': 1274.95, 'atr': 3.5542959436195067, 'exit_reason': 'sl', 'signal_time': Timestamp('2019-06-05 12:00:00+0000', tz='UTC')}"
2019-06-14 07:00:00+00:00,2019-06-14 10:00:00+00:00,1,1355.335,1352.4663689519193,1352.6413689519193,1371.414172481393,0.61,-174.98649393292362,-0.34553134777362104,"{'trail_atr_mult': 2.0, 'trail_atr_len': 14, 'tp_converts_to_trail': True, 'don_upper': 1348.23, 'don_lower': 1312.69, 'atr': 2.709028746898828, 'exit_reason': 'sl', 'signal_time': Timestamp('2019-06-14 06:00:00+0000', tz='UTC')}"
2019-06-20 01:00:00+00:00,2019-06-20 03:00:00+00:00,1,1371.5049999999999,1377.175,1382.5298778630993,1397.338856441275,0.38,215.4600000000028,0.43070613512187,"{'trail_atr_mult': 2.0, 'trail_atr_len': 14, 'tp_converts_to_trail': True, 'don_upper': 1362.54, 'don_lower': 1319.83, 'atr': 4.33314274021253, 'exit_reason': 'sl_gap', 'signal_time': Timestamp('2019-06-20 00:00:00+0000', tz='UTC')}"
2019-06-21 02:00:00+00:00,2019-06-21 06:00:00+00:00,1,1404.655,1401.678058144749,1401.853058144749,1434.2194456592674,0.33,-98.23908122328203,-0.19787282816452256,"{'trail_atr_mult': 2.0, 'trail_atr_len': 14, 'tp_converts_to_trail': True, 'don_upper': 1395.22, 'don_lower': 1319.83, 'atr': 4.9565742765445755, 'exit_reason': 'sl', 'signal_time': Timestamp('2019-06-21 01:00:00+0000', tz='UTC')}"
2019-06-24 16:00:00+00:00,2019-06-25 06:00:00+00:00,1,1413.905,1429.367976405487,1429.542976405487,1442.2996862569337,0.35,555.2041741920484,1.0970365490520342,"{'trail_atr_mult': 2.0, 'trail_atr_len': 14, 'tp_converts_to_trail': True, 'don_upper': 1411.76, 'don_lower': 1325.98, 'atr': 4.761614376155615, 'exit_reason': 'sl', 'signal_time': Timestamp('2019-06-24 15:00:00+0000', tz='UTC')}"
2019-07-18 18:00:00+00:00,2019-07-18 23:00:00+00:00,1,1429.955,1438.621860935753,1438.7968609357529,1454.2062974215733,0.4,346.6744374301197,0.6996090487843848,"{'trail_atr_mult': 2.0, 'trail_atr_len': 14, 'tp_converts_to_trail': True, 'don_upper': 1429.43, 'don_lower': 1385.69, 'atr': 4.071049570262225, 'exit_reason': 'sl', 'signal_time': Timestamp('2019-07-18 17:00:00+0000', tz='UTC')}"
2019-08-01 01:00:00+00:00,2019-08-01 15:00:00+00:00,-1,1407.115,1408.4598656866563,1408.2848656866563,1380.4474755314404,0.36,-48.415164719624954,-0.09891436804340917,"{'trail_atr_mult': 2.0, 'trail_atr_len': 14, 'tp_converts_to_trail': True, 'don_upper': 1441.76, 'don_lower': 1410.17, 'atr': 4.4737540780932505, 'exit_reason': 'sl', 'signal_time': Timestamp('2019-08-01 00:00:00+0000', tz='UTC')}"
2019-08-01 18:00:00+00:00,2019-08-02 02:00:00+00:00,1,1438.585,1434.1282477827333,1434.3032477827333,1472.9226243132441,0.28,-113.58906208346872,-0.23272787388674135,"{'trail_atr_mult': 2.0, 'trail_atr_len': 14, 'tp_converts_to_trail': True, 'don_upper': 1434.47, 'don_lower': 1400.44, 'atr': 5.752104052207349, 'exit_reason': 'sl', 'signal_time': Timestamp('2019-08-01 17:00:00+0000', tz='UTC')}"
2019-08-02 15:00:00+00:00,2019-08-04 23:00:00+00:00,1,1446.935,1437.8320027560458,1438.0070027560457,1481.2284093354592,0.28,-232.483922830717,-0.4769314510584684,"{'trail_atr_mult': 2.0, 'trail_atr_len': 14, 'tp_converts_to_trail': True, 'don_upper': 1445.95, 'don_lower': 1400.44, 'atr': 5.744734889243216, 'exit_reason': 'sl', 'signal_time': Timestamp('2019-08-02 14:00:00+0000', tz='UTC')}"
2019-08-05 02:00:00+00:00,2019-08-05 16:00:00+00:00,1,1449.2649999999999,1459.770700482335,1459.945700482335,1481.1293828944968,0.3,315.17101447005643,0.6481123046989637,"{'trail_atr_mult': 2.0, 'trail_atr_len': 14, 'tp_converts_to_trail': True, 'don_upper': 1447.93, 'don_lower': 1400.44, 'atr': 5.341563815749467, 'exit_reason': 'sl', 'signal_time': Timestamp('2019-08-05 01:00:00+0000', tz='UTC')}"
2019-08-05 23:00:00+00:00,2019-08-06 02:00:00+00:00,1,1474.175,1463.4212204220958,1463.5962204220957,1508.8607230573339,0.28,-289.9058281813176,-0.5881037751508307,"{'trail_atr_mult': 2.0, 'trail_atr_len': 14, 'tp_converts_to_trail': True, 'don_upper': 1469.72, 'don_lower': 1400.44, 'atr': 5.810120509555647, 'exit_reason': 'sl', 'signal_time': Timestamp('2019-08-05 22:00:00+0000', tz='UTC')}"
2019-08-07 12:00:00+00:00,2019-08-07 15:00:00+00:00,1,1495.085,1497.7200902267516,1497.8950902267516,1523.6476147191788,0.34,89.59306770955345,0.18137003000541224,"{'trail_atr_mult': 2.0, 'trail_atr_len': 14, 'tp_converts_to_trail': True, 'don_upper': 1491.21, 'don_lower': 1400.44, 'atr': 4.787935786529788, 'exit_reason': 'sl', 'signal_time': Timestamp('2019-08-07 11:00:00+0000', tz='UTC')}"
2019-08-13 07:00:00+00:00,2019-08-13 13:00:00+00:00,1,1522.5249999999999,1524.9816840420626,1525.1566840420626,1548.416225977334,0.37,90.89730955632217,0.1859981092053535,"{'trail_atr_mult': 2.0, 'trail_atr_len': 14, 'tp_converts_to_trail': True, 'don_upper': 1520.02, 'don_lower': 1400.44, 'atr': 4.344370996222364, 'exit_reason': 'sl', 'signal_time': Timestamp('2019-08-13 06:00:00+0000', tz='UTC')}"
2019-08-25 23:00:00+00:00,2019-08-26 07:00:00+00:00,1,1547.625,1538.045534841598,1538.220534841598,1583.556244703323,0.27,-247.8455592768525,-0.5048343722750764,"{'trail_atr_mult': 2.0, 'trail_atr_len': 14, 'tp_converts_to_trail': True, 'don_upper': 1534.95, 'don_lower': 1479.77, 'atr': 6.012707450553831, 'exit_reason': 'sl', 'signal_time': Timestamp('2019-08-25 22:00:00+0000', tz='UTC')}"
2019-09-06 07:00:00+00:00,2019-09-06 13:00:00+00:00,-1,1506.275,1512.6540596032332,1512.4790596032333,1476.069500530954,0.33,-210.5089669066938,-0.4320319478456377,"{'trail_atr_mult': 2.0, 'trail_atr_len': 14, 'tp_converts_to_trail': True, 'don_upper': 1556.98, 'don_lower': 1506.19, 'atr': 4.99674991150766, 'exit_reason': 'sl', 'signal_time': Timestamp('2019-09-06 06:00:00+0000', tz='UTC')}"
2019-09-10 02:00:00+00:00,2019-09-10 08:00:00+00:00,-1,1487.505,1495.4187990225016,1495.2437990225017,1460.0274504236954,0.35,-276.98296578755276,-0.5652198919199853,"{'trail_atr_mult': 2.0, 'trail_atr_len': 14, 'tp_converts_to_trail': True, 'don_upper': 1556.98, 'don_lower': 1492.99, 'atr': 4.608758262717445, 'exit_reason': 'sl', 'signal_time': Timestamp('2019-09-10 01:00:00+0000', tz='UTC')}"
2019-09-10 22:00:00+00:00,2019-09-11 06:00:00+00:00,-1,1486.105,1493.409006560879,1493.2340065608792,1458.3506642964076,0.37,-277.64824275252624,-0.5610611526230406,"{'trail_atr_mult': 2.0, 'trail_atr_len': 14, 'tp_converts_to_trail': True, 'don_upper': 1556.98, 'don_lower': 1486.38, 'atr': 4.5698892839320795, 'exit_reason': 'sl', 'signal_time': Timestamp('2019-09-10 20:00:00+0000', tz='UTC')}"
2019-09-23 15:00:00+00:00,2019-09-24 00:00:00+00:00,1,1526.055,1520.299866564433,1520.474866564433,1547.042469446151,0.46,-246.33613803608804,-0.498558459397846,"{'trail_atr_mult': 2.0, 'trail_atr_len': 14, 'tp_converts_to_trail': True, 'don_upper': 1524.13, 'don_lower': 1482.97, 'atr': 3.5254115743584684, 'exit_reason': 'sl', 'signal_time': Timestamp('2019-09-23 14:00:00+0000', tz='UTC')}"
2019-09-30 16:00:00+00:00,2019-10-01 00:00:00+00:00,-1,1468.075,1473.8006155853154,1473.6256155853155,1437.6288276944551,0.31,-183.6940831447768,-0.38007651073861276,"{'trail_atr_mult': 2.0, 'trail_atr_len': 14, 'tp_converts_to_trail': True, 'don_upper': 1535.63, 'don_lower': 1479.55, 'atr': 5.115195384257463, 'exit_reason': 'sl', 'signal_time': Timestamp('2019-09-30 15:00:00+0000', tz='UTC')}"
2019-10-01 04:00:00+00:00,2019-10-01 10:00:00+00:00,-1,1463.155,1467.7151034777453,1467.5401034777453,1437.3959265560673,0.37,-168.72382867657666,-0.34698605507038943,"{'trail_atr_mult': 2.0, 'trail_atr_len': 14, 'tp_converts_to_trail': True, 'don_upper': 1535.63, 'don_lower': 1464.43, 'atr': 4.322345573988796, 'exit_reason': 'sl', 'signal_time': Timestamp('2019-10-01 03:00:00+0000', tz='UTC')}"
2019-10-24 19:00:00+00:00,2019-10-25 15:00:00+00:00,1,1503.335,1512.0354428618657,1512.2104428618657,1520.3348570757666,0.56,509.62480026447736,1.0385754157675522,"{'trail_atr_mult': 2.0, 'trail_atr_len': 14, 'tp_converts_to_trail': True, 'don_upper': 1503.08, 'don_lower': 1476.96, 'atr': 2.862476179294432, 'exit_reason': 'sl', 'signal_time': Timestamp('2019-10-24 18:00:00+0000', tz='UTC')}"
2019-11-07 15:00:00+00:00,2019-11-07 19:00:00+00:00,-1,1469.4750000000001,1469.471987310706,1469.296987310706,1445.6487734769423,0.4,0.12050757176439221,0.0002477415595182776,"{'trail_atr_mult': 2.0, 'trail_atr_len': 14, 'tp_converts_to_trail': True, 'don_upper': 1516.09, 'don_lower': 1479.31, 'atr': 3.9985377538429576, 'exit_reason': 'sl', 'signal_time': Timestamp('2019-11-07 14:00:00+0000', tz='UTC')}"
2019-11-08 12:00:00+00:00,2019-11-08 14:00:00+00:00,-1,1458.025,1464.7921445972365,1464.6171445972366,1436.7992230061616,0.45,-304.5215068756397,-0.6213868861658052,"{'trail_atr_mult': 2.0, 'trail_atr_len': 14, 'tp_converts_to_trail': True, 'don_upper': 1516.09, 'don_lower': 1460.46, 'atr': 3.5684628323063965, 'exit_reason': 'sl', 'signal_time': Timestamp('2019-11-08 11:00:00+0000', tz='UTC')}"
2019-11-25 23:00:00+00:00,2019-11-26 05:00:00+00:00,-1,1453.625,1455.6134787668846,1455.4384787668846,1440.8645442288582,0.74,-161.94742874945706,-0.3302004555209689,"{'trail_atr_mult': 2.0, 'trail_atr_len': 14, 'tp_converts_to_trail': True, 'don_upper': 1478.75, 'don_lower': 1454.0, 'atr': 2.1542426285236242, 'exit_reason': 'sl', 'signal_time': Timestamp('2019-11-25 22:00:00+0000', tz='UTC')}"
2019-12-03 14:00:00+00:00,2019-12-03 23:00:00+00:00,1,1478.345,1475.7906199901192,1475.9656199901192,1496.9303810917668,0.51,-130.27338050392018,-0.26649235585388154,"{'trail_atr_mult': 2.0, 'trail_atr_len': 14, 'tp_converts_to_trail': True, 'don_upper': 1475.59, 'don_lower': 1450.02, 'atr': 3.1300635152944434, 'exit_reason': 'sl', 'signal_time': Timestamp('2019-12-03 13:00:00+0000', tz='UTC')}"
2019-12-04 07:00:00+00:00,2019-12-04 09:00:00+00:00,1,1483.975,1479.2471443936688,1479.4221443936688,1497.6484555400282,0.68,-321.4941812305151,-0.657630521326758,"{'trail_atr_mult': 2.0, 'trail_atr_len': 14, 'tp_converts_to_trail': True, 'don_upper': 1481.73, 'don_lower': 1450.02, 'atr': 2.318075923338022, 'exit_reason': 'sl', 'signal_time': Timestamp('2019-12-04 06:00:00+0000', tz='UTC')}"
2019-12-24 05:00:00+00:00,2019-12-24 11:00:00+00:00,1,1490.375,1489.4186641511114,1489.5936641511114,1499.7657924358155,0.98,-93.72091319107858,-0.1928914617926741,"{'trail_atr_mult': 2.0, 'trail_atr_len': 14, 'tp_converts_to_trail': True, 'don_upper': 1489.52, 'don_lower': 1461.73, 'atr': 1.5942987393025634, 'exit_reason': 'sl', 'signal_time': Timestamp('2019-12-24 04:00:00+0000', tz='UTC')}"
2019-12-24 15:00:00+00:00,2019-12-26 16:00:00+00:00,1,1498.845,1511.885,1512.2032675780877,,0.7,1024.7999999999972,2.1044661029961143,"{'trail_atr_mult': 2.0, 'trail_atr_len': 14, 'tp_converts_to_trail': True, 'don_upper': 1494.13, 'don_lower': 1461.73, 'atr': 2.2572112630146073, 'exit_reason': 'sl_gap', 'signal_time': Timestamp('2019-12-24 14:00:00+0000', tz='UTC')}"
2019-12-27 02:00:00+00:00,2019-12-27 06:00:00+00:00,1,1513.635,1509.2209301345167,1509.3959301345167,1528.1209041156046,0.65,-286.9145412564126,-0.5881151237112473,"{'trail_atr_mult': 2.0, 'trail_atr_len': 14, 'tp_converts_to_trail': True, 'don_upper': 1512.56, 'don_lower': 1465.24, 'atr': 2.4434840192674363, 'exit_reason': 'sl', 'signal_time': Timestamp('2019-12-27 01:00:00+0000', tz='UTC')}"
2019-12-31 01:00:00+00:00,2019-12-31 11:00:00+00:00,1,1521.405,1521.6836702725848,1521.8586702725847,1533.122110121146,0.8,22.29362180678436,0.04552650969924842,"{'trail_atr_mult': 2.0, 'trail_atr_len': 14, 'tp_converts_to_trail': True, 'don_upper': 1516.07, 'don_lower': 1470.38, 'atr': 1.9820183535243265, 'exit_reason': 'sl', 'signal_time': Timestamp('2019-12-31 00:00:00+0000', tz='UTC')}"
2020-01-02 13:00:00+00:00,2020-01-02 16:00:00+00:00,1,1528.215,1525.4238202607087,1525.5988202607086,1542.9368845531073,0.65,-181.42668305393045,-0.36613115677095587,"{'trail_atr_mult': 2.0, 'trail_atr_len': 14, 'tp_converts_to_trail': True, 'don_upper': 1525.23, 'don_lower': 1470.38, 'atr': 2.4828140921845683, 'exit_reason': 'sl', 'signal_time': Timestamp('2020-01-02 12:00:00+0000', tz='UTC')}"
2020-01-03 01:00:00+00:00,2020-01-03 12:00:00+00:00,1,1535.065,1549.135,1550.9745317896961,,0.6,844.1999999999961,1.712248353655136,"{'trail_atr_mult': 2.0, 'trail_atr_len': 14, 'tp_converts_to_trail': True, 'don_upper': 1531.32, 'don_lower': 1473.19, 'atr': 2.680755298282656, 'exit_reason': 'sl_gap', 'signal_time': Timestamp('2020-01-03 00:00:00+0000', tz='UTC')}"
2020-01-05 23:00:00+00:00,2020-01-06 15:00:00+00:00,1,1569.245,1570.6374107756496,1570.8124107756496,1602.1678437608794,0.3,53.77232326949252,0.10727267674571148,"{'trail_atr_mult': 2.0, 'trail_atr_len': 14, 'tp_converts_to_trail': True, 'don_upper': 1553.43, 'don_lower': 1473.59, 'atr': 5.514640626813219, 'exit_reason': 'sl', 'signal_time': Timestamp('2020-01-05 22:00:00+0000', tz='UTC')}"
2020-01-07 23:00:00+00:00,2020-01-08 01:00:00+00:00,1,1595.105,1598.021721315951,1598.196721315951,1628.8229008315127,0.29,96.18491816257924,0.19491264246742762,"{'trail_atr_mult': 2.0, 'trail_atr_len': 14, 'tp_converts_to_trail': True, 'don_upper': 1582.09, 'don_lower': 1480.46, 'atr': 5.637150138585444, 'exit_reason': 'sl', 'signal_time': Timestamp('2020-01-07 22:00:00+0000', tz='UTC')}"
2020-01-24 15:00:00+00:00,2020-01-27 00:00:00+00:00,1,1570.145,1578.7177861583564,1578.8927861583563,1592.4712419350624,0.44,430.00259096768133,0.8690303707169827,"{'trail_atr_mult': 2.0, 'trail_atr_len': 14, 'tp_converts_to_trail': True, 'don_upper': 1568.59, 'don_lower': 1535.96, 'atr': 3.7302069891770744, 'exit_reason': 'sl', 'signal_time': Timestamp('2020-01-24 14:00:00+0000', tz='UTC')}"
2020-02-04 17:00:00+00:00,2020-02-05 03:00:00+00:00,-1,1550.415,1556.8803642800847,1556.7053642800847,1525.4863788603952,0.39,-259.94920692330385,-0.5237262111765837,"{'trail_atr_mult': 2.0, 'trail_atr_len': 14, 'tp_converts_to_trail': True, 'don_upper': 1592.0, 'don_lower': 1551.17, 'atr': 4.183936856600783, 'exit_reason': 'sl', 'signal_time': Timestamp('2020-02-04 16:00:00+0000', tz='UTC')}"
2020-02-05 09:00:00+00:00,2020-02-05 14:00:00+00:00,-1,1548.4750000000001,1556.674649621072,1556.499649621072,1524.5573370177722,0.41,-336.1856344639432,-0.6709293195290318,"{'trail_atr_mult': 2.0, 'trail_atr_len': 14, 'tp_converts_to_trail': True, 'don_upper': 1592.0, 'don_lower': 1548.97, 'atr': 4.015443830371311, 'exit_reason': 'sl', 'signal_time': Timestamp('2020-02-05 08:00:00+0000', tz='UTC')}"
2020-02-14 13:00:00+00:00,2020-02-16 23:00:00+00:00,1,1580.2649999999999,1580.376020127552,1580.551020127552,1593.336939303179,0.74,67.41548943885817,0.13400370586917706,"{'trail_atr_mult': 2.0, 'trail_atr_len': 14, 'tp_converts_to_trail': True, 'don_upper': 1579.61, 'don_lower': 1547.38, 'atr': 2.207823217196514, 'exit_reason': 'sl', 'signal_time': Timestamp('2020-02-14 12:00:00+0000', tz='UTC')}"
2020-02-18 00:00:00+00:00,2020-02-19 00:00:00+00:00,1,1586.555,1599.462626009087,1599.637626009087,,0.87,1157.7634627905625,2.308248925624964,"{'trail_atr_mult': 2.0, 'trail_atr_len': 14, 'tp_converts_to_trail': True, 'don_upper': 1585.33, 'don_lower': 1547.38, 'atr': 1.873415784414546, 'exit_reason': 'sl', 'signal_time': Timestamp('2020-02-17 23:00:00+0000', tz='UTC')}"
2020-02-19 08:00:00+00:00,2020-02-19 13:00:00+00:00,1,1607.975,1605.9487821020193,1606.1237821020193,1623.7479917617836,0.62,-125.62550967479638,-0.24910485911857416,"{'trail_atr_mult': 2.0, 'trail_atr_len': 14, 'tp_converts_to_trail': True, 'don_upper': 1605.77, 'don_lower': 1560.08, 'atr': 2.656331960297278, 'exit_reason': 'sl', 'signal_time': Timestamp('2020-02-19 07:00:00+0000', tz='UTC')}"
2020-02-19 20:00:00+00:00,2020-02-20 01:00:00+00:00,1,1612.975,1606.5551682242144,1606.7301682242144,1632.619968542675,0.51,-266.21142056506034,-0.523817362241057,"{'trail_atr_mult': 2.0, 'trail_atr_len': 14, 'tp_converts_to_trail': True, 'don_upper': 1611.29, 'don_lower': 1560.08, 'atr': 3.2899947571124715, 'exit_reason': 'sl', 'signal_time': Timestamp('2020-02-19 19:00:00+0000', tz='UTC')}"
2020-02-20 11:00:00+00:00,2020-02-20 18:00:00+00:00,1,1617.655,1615.8943260244605,1616.0693260244605,1637.3850258984412,0.5,-88.03369877697378,-0.17385057756702096,"{'trail_atr_mult': 2.0, 'trail_atr_len': 14, 'tp_converts_to_trail': True, 'don_upper': 1612.91, 'don_lower': 1561.92, 'atr': 3.3175043164068576, 'exit_reason': 'sl', 'signal_time': Timestamp('2020-02-20 10:00:00+0000', tz='UTC')}"
2020-02-21 03:00:00+00:00,2020-02-21 14:00:00+00:00,1,1625.165,1642.805,1644.4440360003168,,0.5,882.000000000005,1.7654091495552617,"{'trail_atr_mult': 2.0, 'trail_atr_len': 14, 'tp_converts_to_trail': True, 'don_upper': 1624.63, 'don_lower': 1561.92, 'atr': 3.2523393333861215, 'exit_reason': 'sl_gap', 'signal_time': Timestamp('2020-02-21 02:00:00+0000', tz='UTC')}"
2020-02-23 23:00:00+00:00,2020-02-24 13:00:00+00:00,1,1665.7949999999998,1675.563766270197,1675.738766270197,1705.47912317615,0.25,254.2191567549287,0.4998272499594028,"{'trail_atr_mult': 2.0, 'trail_atr_len': 14, 'tp_converts_to_trail': True, 'don_upper': 1649.23, 'don_lower': 1561.92, 'atr': 6.669853862691687, 'exit_reason': 'sl', 'signal_time': Timestamp('2020-02-23 22:00:00+0000', tz='UTC')}"
2020-03-06 09:00:00+00:00,2020-03-06 13:00:00+00:00,1,1684.5449999999998,1676.9037015603765,1677.0787015603764,1722.626515078382,0.26,-198.6737594302076,-0.39739942238910586,"{'trail_atr_mult': 2.0, 'trail_atr_len': 14, 'tp_converts_to_trail': True, 'don_upper': 1681.05, 'don_lower': 1562.93, 'atr': 6.367752513063656, 'exit_reason': 'sl', 'signal_time': Timestamp('2020-03-06 08:00:00+0000', tz='UTC')}"
2020-03-08 23:00:00+00:00,2020-03-09 03:00:00+00:00,1,1700.2949999999998,1678.0903719657977,1678.2653719657976,1777.5218788390437,0.13,-283.46016444462845,-0.5606608726776361,"{'trail_atr_mult': 2.0, 'trail_atr_len': 14, 'tp_converts_to_trail': True, 'don_upper': 1692.09, 'don_lower': 1562.93, 'atr': 12.901979806507285, 'exit_reason': 'sl', 'signal_time': Timestamp('2020-03-08 22:00:00+0000', tz='UTC')}"
2020-03-13 01:00:00+00:00,2020-03-13 04:00:00+00:00,-1,1554.795,1580.3482377601283,1580.1732377601284,1466.0410497468135,0.11,-281.08561536141065,-0.5730135333488854,"{'trail_atr_mult': 2.0, 'trail_atr_len': 14, 'tp_converts_to_trail': True, 'don_upper': 1703.44, 'don_lower': 1560.59, 'atr': 14.816491708864424, 'exit_reason': 'sl', 'signal_time': Timestamp('2020-03-13 00:00:00+0000', tz='UTC')}"
2020-03-13 15:00:00+00:00,2020-03-15 23:00:00+00:00,-1,1534.4550000000002,1543.215,1540.6575391863573,1430.0299263068725,0.09,-82.43999999999787,-0.17386340692285607,"{'trail_atr_mult': 2.0, 'trail_atr_len': 14, 'tp_converts_to_trail': True, 'don_upper': 1703.44, 'don_lower': 1551.31, 'atr': 17.456678948854577, 'exit_reason': 'sl_gap', 'signal_time': Timestamp('2020-03-13 14:00:00+0000', tz='UTC')}"
2020-03-16 10:00:00+00:00,2020-03-16 14:00:00+00:00,-1,1477.375,1493.0709782674494,1492.8959782674494,1357.9464783364924,0.08,-125.56782613959514,-0.26209429345403623,"{'trail_atr_mult': 2.0, 'trail_atr_len': 14, 'tp_converts_to_trail': True, 'don_upper': 1703.44, 'don_lower': 1504.62, 'atr': 19.92392027725128, 'exit_reason': 'sl', 'signal_time': Timestamp('2020-03-16 09:00:00+0000', tz='UTC')}"
2020-04-06 14:00:00+00:00,2020-04-06 21:00:00+00:00,1,1648.7549999999999,1655.1122764302827,1655.2872764302826,1690.8512548196418,0.23,146.2173578965046,0.2964369523351664,"{'trail_atr_mult': 2.0, 'trail_atr_len': 14, 'tp_converts_to_trail': True, 'don_upper': 1644.52, 'don_lower': 1569.33, 'atr': 7.06020913660698, 'exit_reason': 'sl', 'signal_time': Timestamp('2020-04-06 13:00:00+0000', tz='UTC')}"
2020-04-09 14:00:00+00:00,2020-04-09 19:00:00+00:00,1,1683.225,1675.4489698510451,1675.623969851045,1722.564403239594,0.25,-194.400753723869,-0.38807964787218596,"{'trail_atr_mult': 2.0, 'trail_atr_len': 14, 'tp_converts_to_trail': True, 'don_upper': 1674.02, 'don_lower': 1569.33, 'atr': 6.5974005399323135, 'exit_reason': 'sl', 'signal_time': Timestamp('2020-04-09 13:00:00+0000', tz='UTC')}"
2020-04-13 15:00:00+00:00,2020-04-14 06:00:00+00:00,1,1699.925,1711.524115656716,1711.699115656716,1741.3541772222254,0.23,275.97966010447016,0.560389781428831,"{'trail_atr_mult': 2.0, 'trail_atr_len': 14, 'tp_converts_to_trail': True, 'don_upper': 1695.39, 'don_lower': 1569.33, 'atr': 6.982362870370882, 'exit_reason': 'sl', 'signal_time': Timestamp('2020-04-13 14:00:00+0000', tz='UTC')}"
2020-04-14 13:00:00+00:00,2020-04-14 16:00:00+00:00,1,1730.325,1730.2358378195381,1730.410837819538,1775.2577962832586,0.22,-1.9615679701623776,-0.003904816422885345,"{'trail_atr_mult': 2.0, 'trail_atr_len': 14, 'tp_converts_to_trail': True, 'don_upper': 1727.53, 'don_lower': 1569.33, 'atr': 7.5296327138764445, 'exit_reason': 'sl', 'signal_time': Timestamp('2020-04-14 12:00:00+0000', tz='UTC')}"
2020-05-14 14:00:00+00:00,2020-05-15 15:00:00+00:00,1,1732.175,1734.4547101611472,1734.6297101611472,1765.2017330340784,0.3,80.3913048344175,0.15902506606634187,"{'trail_atr_mult': 2.0, 'trail_atr_len': 14, 'tp_converts_to_trail': True, 'don_upper': 1723.6, 'don_lower': 1681.14, 'atr': 5.541955505679726, 'exit_reason': 'sl', 'signal_time': Timestamp('2020-05-14 13:00:00+0000', tz='UTC')}"
2020-05-15 16:00:00+00:00,2020-05-15 19:00:00+00:00,1,1749.105,1740.0376625343288,1740.2126625343287,1784.1407318688455,0.28,-253.88544903879486,-0.5099634900155201,"{'trail_atr_mult': 2.0, 'trail_atr_len': 14, 'tp_converts_to_trail': True, 'don_upper': 1745.28, 'don_lower': 1681.14, 'atr': 5.868455311474253, 'exit_reason': 'sl', 'signal_time': Timestamp('2020-05-15 15:00:00+0000', tz='UTC')}"
2020-05-18 00:00:00+00:00,2020-05-18 13:00:00+00:00,1,1758.235,1754.4034010446826,1754.5784010446826,1797.0579372609545,0.25,-95.7899738829326,-0.1947547557528233,"{'trail_atr_mult': 2.0, 'trail_atr_len': 14, 'tp_converts_to_trail': True, 'don_upper': 1752.09, 'don_lower': 1681.14, 'atr': 6.499656210159083, 'exit_reason': 'sl', 'signal_time': Timestamp('2020-05-17 23:00:00+0000', tz='UTC')}"
2020-05-27 04:00:00+00:00,2020-05-27 15:00:00+00:00,-1,1708.445,1703.5081865238162,1703.3331865238163,1683.1172348161383,0.39,192.5357255711649,0.38685569064478126,"{'trail_atr_mult': 2.0, 'trail_atr_len': 14, 'tp_converts_to_trail': True, 'don_upper': 1765.08, 'don_lower': 1708.65, 'atr': 4.232127530643602, 'exit_reason': 'sl', 'signal_time': Timestamp('2020-05-27 03:00:00+0000', tz='UTC')}"
2020-06-05 13:00:00+00:00,2020-06-05 20:00:00+00:00,-1,1687.055,1684.1846908394834,1684.0096908394835,1649.204724024941,0.26,74.62803817343229,0.14959158403875097,"{'trail_atr_mult': 2.0, 'trail_atr_len': 14, 'tp_converts_to_trail': True, 'don_upper': 1745.09, 'don_lower': 1689.21, 'atr': 6.337545995843161, 'exit_reason': 'sl', 'signal_time': Timestamp('2020-06-05 12:00:00+0000', tz='UTC')}"
2020-06-21 23:00:00+00:00,2020-06-22 08:00:00+00:00,1,1745.835,1749.2213254887356,1749.3963254887356,1771.4555776864395,0.38,143.88036857195146,0.28963410440912546,"{'trail_atr_mult': 2.0, 'trail_atr_len': 14, 'tp_converts_to_trail': True, 'don_upper': 1745.28, 'don_lower': 1692.11, 'atr': 4.299262947739917, 'exit_reason': 'sl', 'signal_time': Timestamp('2020-06-21 22:00:00+0000', tz='UTC')}"
2020-06-22 14:00:00+00:00,2020-06-22 16:00:00+00:00,1,1759.745,1751.1961569222988,1751.3711569222987,1792.1593362062285,0.3,-256.46529233103365,-0.5157776327415513,"{'trail_atr_mult': 2.0, 'trail_atr_len': 14, 'tp_converts_to_trail': True, 'don_upper': 1758.53, 'don_lower': 1704.11, 'atr': 5.443222701038091, 'exit_reason': 'sl', 'signal_time': Timestamp('2020-06-22 13:00:00+0000', tz='UTC')}"
2020-06-23 14:00:00+00:00,2020-06-24 07:00:00+00:00,1,1765.475,1765.4410979331992,1765.6160979331992,1796.2027831046307,0.32,11.715133862377844,0.023405713741953844,"{'trail_atr_mult': 2.0, 'trail_atr_len': 14, 'tp_converts_to_trail': True, 'don_upper': 1763.2, 'don_lower': 1704.11, 'atr': 5.152130517438465, 'exit_reason': 'sl', 'signal_time': Timestamp('2020-06-23 13:00:00+0000', tz='UTC')}"
2020-06-24 09:00:00+00:00,2020-06-24 13:00:00+00:00,1,1775.185,1770.919586425878,1771.0945864258779,1800.2891962686742,0.39,-166.35112939075884,-0.33285582032359845,"{'trail_atr_mult': 2.0, 'trail_atr_len': 14, 'tp_converts_to_trail': True, 'don_upper': 1773.8, 'don_lower': 1704.11, 'atr': 4.213199378112358, 'exit_reason': 'sl', 'signal_time': Timestamp('2020-06-24 08:00:00+0000', tz='UTC')}"
2020-06-30 15:00:00+00:00,2020-07-01 11:00:00+00:00,1,1781.245,1781.9732224508803,1782.1482224508802,1807.0202925828062,0.38,42.87245313345393,0.08638666257689998,"{'trail_atr_mult': 2.0, 'trail_atr_len': 14, 'tp_converts_to_trail': True, 'don_upper': 1779.43, 'don_lower': 1717.3, 'atr': 4.315048763801025, 'exit_reason': 'sl', 'signal_time': Timestamp('2020-06-30 14:00:00+0000', tz='UTC')}"
2020-07-07 15:00:00+00:00,2020-07-09 16:00:00+00:00,1,1794.145,1804.402832434404,1804.577832434404,1819.4988054945218,0.38,450.59763250735233,0.9164126556702333,"{'trail_atr_mult': 4.0, 'trail_atr_len': 14, 'tp_converts_to_trail': True, 'don_upper': 1789.08, 'don_lower': 1747.43, 'atr': 4.2548009157536155, 'exit_reason': 'sl', 'signal_time': Timestamp('2020-07-07 14:00:00+0000', tz='UTC')}"
2020-07-21 07:00:00+00:00,2020-07-21 14:00:00+00:00,1,1823.0049999999999,1839.095,1839.63717464169,,0.58,933.2200000000083,1.8756001889615805,"{'trail_atr_mult': 4.0, 'trail_atr_len': 14, 'tp_converts_to_trail': True, 'don_upper': 1820.53, 'don_lower': 1790.63, 'atr': 2.8011957736150084, 'exit_reason': 'sl_gap', 'signal_time': Timestamp('2020-07-21 06:00:00+0000', tz='UTC')}"
2020-07-21 17:00:00+00:00,2020-07-22 03:00:00+00:00,1,1841.965,1860.4850000000001,1865.6369289631327,,0.42,794.6400000000087,1.5775258290946403,"{'trail_atr_mult': 4.0, 'trail_atr_len': 14, 'tp_converts_to_trail': True, 'don_upper': 1841.42, 'don_lower': 1790.63, 'atr': 3.96282149385547, 'exit_reason': 'sl_gap', 'signal_time': Timestamp('2020-07-21 16:00:00+0000', tz='UTC')}"
2020-07-22 22:00:00+00:00,2020-07-27 00:00:00+00:00,1,1874.145,1906.425,1907.840464127265,,0.24,841.9199999999994,1.6519715864126554,"{'trail_atr_mult': 4.0, 'trail_atr_len': 14, 'tp_converts_to_trail': True, 'don_upper': 1870.42, 'don_lower': 1790.63, 'atr': 6.103410687877509, 'exit_reason': 'sl_gap', 'signal_time': Timestamp('2020-07-22 20:00:00+0000', tz='UTC')}"
2020-07-27 00:00:00+00:00,2020-07-28 04:00:00+00:00,1,1913.705,1946.9264642948121,1947.101464294812,,0.3,1008.6439288443667,1.985824594122064,"{'trail_atr_mult': 4.0, 'trail_atr_len': 14, 'tp_converts_to_trail': True, 'don_upper': 1910.13, 'don_lower': 1790.63, 'atr': 5.591910715802035, 'exit_reason': 'sl', 'signal_time': Timestamp('2020-07-26 23:00:00+0000', tz='UTC')}"
2020-08-04 15:00:00+00:00,2020-08-05 01:00:00+00:00,1,1991.915,2028.2410411697654,2028.4160411697653,,0.28,1028.3291527534313,1.988628992531457,"{'trail_atr_mult': 4.0, 'trail_atr_len': 14, 'tp_converts_to_trail': True, 'don_upper': 1984.9, 'don_lower': 1863.64, 'atr': 6.1076735282942245, 'exit_reason': 'sl', 'signal_time': Timestamp('2020-08-04 14:00:00+0000', tz='UTC')}"
2020-08-05 07:00:00+00:00,2020-08-07 13:00:00+00:00,1,2033.595,2043.9766546356373,2044.1516546356372,2082.80278697536,0.21,251.61474734838185,0.4844714731341698,"{'trail_atr_mult': 4.0, 'trail_atr_len': 14, 'tp_converts_to_trail': True, 'don_upper': 2030.95, 'don_lower': 1869.72, 'atr': 8.21546449589336, 'exit_reason': 'sl', 'signal_time': Timestamp('2020-08-05 06:00:00+0000', tz='UTC')}"
2020-08-11 18:00:00+00:00,2020-08-12 08:00:00+00:00,-1,1925.255,1928.2195480123507,1928.0445480123508,1847.4159539104633,0.13,-41.13912416055823,-0.08101341829438288,"{'trail_atr_mult': 4.0, 'trail_atr_len': 14, 'tp_converts_to_trail': True, 'don_upper': 2074.87, 'don_lower': 1937.7, 'atr': 12.989007681589456, 'exit_reason': 'sl', 'signal_time': Timestamp('2020-08-11 17:00:00+0000', tz='UTC')}"
2020-09-01 08:00:00+00:00,2020-09-01 15:00:00+00:00,1,1992.125,1973.3954832627526,1973.5704832627525,2028.769033474495,0.28,-524.426468642928,-1.0094316657490006,"{'trail_atr_mult': 4.0, 'trail_atr_len': 14, 'tp_converts_to_trail': True, 'don_upper': 1990.1, 'don_lower': 1902.64, 'atr': 6.133172245749155, 'exit_reason': 'sl', 'signal_time': Timestamp('2020-09-01 07:00:00+0000', tz='UTC')}"
2020-09-15 11:00:00+00:00,2020-09-15 14:00:00+00:00,1,1970.825,1957.6237729732973,1957.7987729732972,1996.5624540534054,0.4,-528.0490810681113,-1.0134344349780806,"{'trail_atr_mult': 4.0, 'trail_atr_len': 14, 'tp_converts_to_trail': True, 'don_upper': 1969.27, 'don_lower': 1906.54, 'atr': 4.307075675567577, 'exit_reason': 'sl', 'signal_time': Timestamp('2020-09-15 10:00:00+0000', tz='UTC')}"
2020-09-21 14:00:00+00:00,2020-09-22 00:00:00+00:00,-1,1912.185,1913.445,1912.9841206666486,1873.204583890346,0.26,-37.959999999999766,-0.07442255720798886,"{'trail_atr_mult': 4.0, 'trail_atr_len': 14, 'tp_converts_to_trail': True, 'don_upper': 1973.64, 'don_lower': 1919.36, 'atr': 6.510902684942332, 'exit_reason': 'sl_gap', 'signal_time': Timestamp('2020-09-21 13:00:00+0000', tz='UTC')}"
2020-09-23 07:00:00+00:00,2020-09-28 13:00:00+00:00,-1,1881.195,1869.9039991867246,1869.7289991867246,1837.381187719097,0.23,227.49301870533264,0.44615542476023784,"{'trail_atr_mult': 4.0, 'trail_atr_len': 14, 'tp_converts_to_trail': True, 'don_upper': 1973.64, 'don_lower': 1882.27, 'atr': 7.331468713483817, 'exit_reason': 'sl', 'signal_time': Timestamp('2020-09-23 06:00:00+0000', tz='UTC')}"
2020-10-09 14:00:00+00:00,2020-10-13 02:00:00+00:00,1,1923.455,1916.6891907362017,1916.8641907362016,1953.376844756779,0.34,-175.6375149691404,-0.33933297883998564,"{'trail_atr_mult': 4.0, 'trail_atr_len': 14, 'tp_converts_to_trail': True, 'don_upper': 1921.83, 'don_lower': 1872.94, 'atr': 5.016140792796532, 'exit_reason': 'sl', 'signal_time': Timestamp('2020-10-09 13:00:00+0000', tz='UTC')}"
2020-10-28 12:00:00+00:00,2020-10-30 11:00:00+00:00,-1,1881.9950000000001,1879.0809038684745,1878.9059038684745,1855.026921387341,0.37,78.22155686644867,0.1513144747456656,"{'trail_atr_mult': 4.0, 'trail_atr_len': 14, 'tp_converts_to_trail': True, 'don_upper': 1931.36, 'don_lower': 1890.68, 'atr': 4.5488464354431555, 'exit_reason': 'sl', 'signal_time': Timestamp('2020-10-28 11:00:00+0000', tz='UTC')}"
2020-11-05 08:00:00+00:00,2020-11-06 12:00:00+00:00,1,1918.215,1955.395,1956.151455193115,,0.27,1014.6600000000018,1.954164230724548,"{'trail_atr_mult': 4.0, 'trail_atr_len': 14, 'tp_converts_to_trail': True, 'don_upper': 1916.31, 'don_lower': 1859.92, 'atr': 6.351909198852525, 'exit_reason': 'sl_gap', 'signal_time': Timestamp('2020-11-05 07:00:00+0000', tz='UTC')}"
2020-11-06 13:00:00+00:00,2020-11-09 11:00:00+00:00,1,1958.815,1943.472384122591,1943.647384122591,1998.581736212919,0.26,-367.70801281263704,-0.7020107449663371,"{'trail_atr_mult': 4.0, 'trail_atr_len': 14, 'tp_converts_to_trail': True, 'don_upper': 1958.07, 'don_lower': 1859.92, 'atr': 6.656956035486456, 'exit_reason': 'sl', 'signal_time': Timestamp('2020-11-06 12:00:00+0000', tz='UTC')}"
2020-11-23 14:00:00+00:00,2020-11-24 12:00:00+00:00,-1,1841.445,1810.415,1808.18264608546,,0.31,955.7299999999991,1.824943147544489,"{'trail_atr_mult': 4.0, 'trail_atr_len': 14, 'tp_converts_to_trail': True, 'don_upper': 1899.01, 'don_lower': 1852.69, 'atr': 5.572892319089998, 'exit_reason': 'sl_gap', 'signal_time': Timestamp('2020-11-23 13:00:00+0000', tz='UTC')}"
2020-11-27 13:00:00+00:00,2020-12-01 04:00:00+00:00,-1,1778.4850000000001,1786.4335959140492,1786.2585959140492,1744.0368341978437,0.3,-262.45787742147195,-0.5090363782261974,"{'trail_atr_mult': 4.0, 'trail_atr_len': 14, 'tp_converts_to_trail': True, 'don_upper': 1896.05, 'don_lower': 1800.25, 'atr': 5.737194300359368, 'exit_reason': 'sl', 'signal_time': Timestamp('2020-11-27 12:00:00+0000', tz='UTC')}"
2020-12-07 14:00:00+00:00,2020-12-09 04:00:00+00:00,1,1856.845,1857.6670995400796,1857.8420995400795,1895.3821001238277,0.27,43.796687582147435,0.08305234664482752,"{'trail_atr_mult': 4.0, 'trail_atr_len': 14, 'tp_converts_to_trail': True, 'don_upper': 1848.17, 'don_lower': 1764.38, 'atr': 6.452016687304602, 'exit_reason': 'sl', 'signal_time': Timestamp('2020-12-07 13:00:00+0000', tz='UTC')}"
2020-12-17 08:00:00+00:00,2020-12-18 08:00:00+00:00,1,1878.915,1877.6750633946342,1877.8500633946342,1909.0544398985594,0.34,-28.557844582435706,-0.0547289090885272,"{'trail_atr_mult': 4.0, 'trail_atr_len': 14, 'tp_converts_to_trail': True, 'don_upper': 1875.28, 'don_lower': 1818.34, 'atr': 5.054073316426576, 'exit_reason': 'sl', 'signal_time': Timestamp('2020-12-17 07:00:00+0000', tz='UTC')}"
2020-12-21 01:00:00+00:00,2020-12-21 09:00:00+00:00,1,1896.7549999999999,1885.509455107363,1885.684455107363,1927.264953125827,0.34,-382.3485263496537,-0.7275149243711476,"{'trail_atr_mult': 4.0, 'trail_atr_len': 14, 'tp_converts_to_trail': True, 'don_upper': 1896.19, 'don_lower': 1818.34, 'atr': 5.107492187637876, 'exit_reason': 'sl', 'signal_time': Timestamp('2020-12-21 00:00:00+0000', tz='UTC')}"
2021-01-03 23:00:00+00:00,2021-01-05 12:00:00+00:00,1,1913.215,1948.778076176407,1948.953076176407,,0.27,981.8030567629916,2.0155197410903303,"{'trail_atr_mult': 4.0, 'trail_atr_len': 14, 'tp_converts_to_trail': True, 'don_upper': 1906.7, 'don_lower': 1854.99, 'atr': 5.975512696067826, 'exit_reason': 'sl', 'signal_time': Timestamp('2021-01-03 22:00:00+0000', tz='UTC')}"
2021-01-06 09:00:00+00:00,2021-01-06 12:00:00+00:00,1,1957.905,1940.174393550359,1940.3493935503589,1992.5512128992825,0.28,-496.4569805899501,-1.0099683255319005,"{'trail_atr_mult': 4.0, 'trail_atr_len': 14, 'tp_converts_to_trail': True, 'don_upper': 1956.54, 'don_lower': 1857.06, 'atr': 5.800202149880413, 'exit_reason': 'sl', 'signal_time': Timestamp('2021-01-06 08:00:00+0000', tz='UTC')}"
2021-01-08 14:00:00+00:00,2021-01-11 23:00:00+00:00,-1,1864.795,1847.685,1846.972317776737,1809.603727637825,0.17,280.6700000000022,0.5910542909670993,"{'trail_atr_mult': 4.0, 'trail_atr_len': 14, 'tp_converts_to_trail': True, 'don_upper': 1959.29, 'don_lower': 1869.12, 'atr': 9.236045393695848, 'exit_reason': 'sl_gap', 'signal_time': Timestamp('2021-01-08 13:00:00+0000', tz='UTC')}"
2021-01-17 23:00:00+00:00,2021-01-18 02:00:00+00:00,-1,1810.545,1831.47756039935,1831.30256039935,1768.4748792012995,0.24,-507.18144958439984,-1.018065706797206,"{'trail_atr_mult': 4.0, 'trail_atr_len': 14, 'tp_converts_to_trail': True, 'don_upper': 1959.29, 'don_lower': 1817.0, 'atr': 6.980853466450076, 'exit_reason': 'sl', 'signal_time': Timestamp('2021-01-17 22:00:00+0000', tz='UTC')}"
2021-02-04 01:00:00+00:00,2021-02-05 08:00:00+00:00,-1,1826.795,1800.4235313439049,1800.248531343905,,0.37,968.3443402755225,1.9399587909521225,"{'trail_atr_mult': 4.0, 'trail_atr_len': 14, 'tp_converts_to_trail': True, 'don_upper': 1875.69, 'don_lower': 1829.53, 'atr': 4.448578109349178, 'exit_reason': 'sl', 'signal_time': Timestamp('2021-02-04 00:00:00+0000', tz='UTC')}"
2021-02-17 13:00:00+00:00,2021-02-18 08:00:00+00:00,-1,1778.7250000000001,1788.9122089339673,1788.7372089339674,1741.0769659815428,0.26,-280.46743228314756,-0.5651743022968226,"{'trail_atr_mult': 4.0, 'trail_atr_len': 14, 'tp_converts_to_trail': True, 'don_upper': 1855.31, 'don_lower': 1783.68, 'atr': 6.303839003076217, 'exit_reason': 'sl', 'signal_time': Timestamp('2021-02-17 12:00:00+0000', tz='UTC')}"
2021-02-26 05:00:00+00:00,2021-02-26 17:00:00+00:00,-1,1760.415,1718.5332183364415,1718.3582183364415,,0.23,963.2809782618459,1.9629731888755706,"{'trail_atr_mult': 4.0, 'trail_atr_len': 14, 'tp_converts_to_trail': True, 'don_upper': 1826.42, 'don_lower': 1760.64, 'atr': 7.043630277259729, 'exit_reason': 'sl', 'signal_time': Timestamp('2021-02-26 04:00:00+0000', tz='UTC')}"
2021-03-02 01:00:00+00:00,2021-03-02 12:00:00+00:00,-1,1711.535,1734.1270252778559,1733.952025277856,1667.315949444288,0.22,-497.0245561128272,-1.007806566564067,"{'trail_atr_mult': 4.0, 'trail_atr_len': 14, 'tp_converts_to_trail': True, 'don_upper': 1816.01, 'don_lower': 1717.18, 'atr': 7.404008425951999, 'exit_reason': 'sl', 'signal_time': Timestamp('2021-03-02 00:00:00+0000', tz='UTC')}"
2021-03-04 17:00:00+00:00,2021-03-07 23:00:00+00:00,-1,1700.195,1710.982066068436,1710.8070660684361,1653.6199625919705,0.21,-239.12838743715935,-0.4819918329419592,"{'trail_atr_mult': 4.0, 'trail_atr_len': 14, 'tp_converts_to_trail': True, 'don_upper': 1816.01, 'don_lower': 1701.86, 'atr': 7.80000623467159, 'exit_reason': 'sl', 'signal_time': Timestamp('2021-03-04 16:00:00+0000', tz='UTC')}"
2021-03-08 11:00:00+00:00,2021-03-09 08:00:00+00:00,-1,1685.615,1698.876396255732,1698.701396255732,1647.304757428872,0.25,-336.5349063933013,-0.6905893290863659,"{'trail_atr_mult': 4.0, 'trail_atr_len': 14, 'tp_converts_to_trail': True, 'don_upper': 1813.94, 'don_lower': 1687.28, 'atr': 6.422540428521293, 'exit_reason': 'sl', 'signal_time': Timestamp('2021-03-08 10:00:00+0000', tz='UTC')}"
2021-03-17 18:00:00+00:00,2021-03-18 07:00:00+00:00,1,1749.7949999999998,1736.5026617631363,1736.6776617631363,1781.0065850268627,0.31,-374.86248534276984,-0.7642112554387331,"{'trail_atr_mult': 4.0, 'trail_atr_len': 14, 'tp_converts_to_trail': True, 'don_upper': 1741.21, 'don_lower': 1676.82, 'atr': 5.226097504477112, 'exit_reason': 'sl', 'signal_time': Timestamp('2021-03-17 17:00:00+0000', tz='UTC')}"
2021-03-29 14:00:00+00:00,2021-03-30 14:00:00+00:00,-1,1710.945,1683.975,1683.675203629144,,0.35,936.950000000001,1.8996057056974918,"{'trail_atr_mult': 4.0, 'trail_atr_len': 14, 'tp_converts_to_trail': True, 'don_upper': 1755.46, 'don_lower': 1719.25, 'atr': 4.595799395142661, 'exit_reason': 'sl_gap', 'signal_time': Timestamp('2021-03-29 13:00:00+0000', tz='UTC')}"
2021-03-31 03:00:00+00:00,2021-03-31 14:00:00+00:00,-1,1678.155,1691.954285421425,1691.7792854214251,1651.3714291571494,0.37,-510.57356059272905,-1.012844710352644,"{'trail_atr_mult': 4.0, 'trail_atr_len': 14, 'tp_converts_to_trail': True, 'don_upper': 1746.72, 'don_lower': 1678.65, 'atr': 4.489761807141757, 'exit_reason': 'sl', 'signal_time': Timestamp('2021-03-31 02:00:00+0000', tz='UTC')}"
2021-04-08 12:00:00+00:00,2021-04-09 08:00:00+00:00,1,1749.915,1746.277245964883,1746.4522459648829,1771.1786090165826,0.46,-148.93668561538388,-0.2971969465928642,"{'trail_atr_mult': 4.0, 'trail_atr_len': 14, 'tp_converts_to_trail': True, 'don_upper': 1747.61, 'don_lower': 1677.86, 'atr': 3.573101502763784, 'exit_reason': 'sl', 'signal_time': Timestamp('2021-04-08 11:00:00+0000', tz='UTC')}"
2021-04-15 15:00:00+00:00,2021-04-19 14:00:00+00:00,1,1764.955,1772.4180568052539,1772.5930568052538,1792.57065887357,0.35,317.20698818388746,0.6441254162507241,"{'trail_atr_mult': 4.0, 'trail_atr_len': 14, 'tp_converts_to_trail': True, 'don_upper': 1758.66, 'don_lower': 1721.25, 'atr': 4.631776478928339, 'exit_reason': 'sl', 'signal_time': Timestamp('2021-04-15 14:00:00+0000', tz='UTC')}"
2021-04-21 14:00:00+00:00,2021-04-22 13:00:00+00:00,1,1795.995,1783.0806466752194,1783.2556466752194,1825.6055319298084,0.33,-386.5736597177548,-0.7766714243288244,"{'trail_atr_mult': 4.0, 'trail_atr_len': 14, 'tp_converts_to_trail': True, 'don_upper': 1790.03, 'don_lower': 1723.7, 'atr': 4.965921988301432, 'exit_reason': 'sl', 'signal_time': Timestamp('2021-04-21 13:00:00+0000', tz='UTC')}"
2021-04-29 14:00:00+00:00,2021-04-29 19:00:00+00:00,-1,1757.605,1773.8819614923332,1773.7069614923332,1725.3560770153333,0.31,-504.5858062623279,-1.0108682411197716,"{'trail_atr_mult': 4.0, 'trail_atr_len': 14, 'tp_converts_to_trail': True, 'don_upper': 1797.88, 'don_lower': 1762.62, 'atr': 5.372320497444425, 'exit_reason': 'sl', 'signal_time': Timestamp('2021-04-29 13:00:00+0000', tz='UTC')}"
2021-05-06 14:00:00+00:00,2021-05-10 15:00:00+00:00,1,1812.925,1840.185,1843.4688838521704,,0.31,894.6599999999999,1.8418013951062646,"{'trail_atr_mult': 4.0, 'trail_atr_len': 14, 'tp_converts_to_trail': True, 'don_upper': 1799.09, 'don_lower': 1756.19, 'atr': 5.13481397536173, 'exit_reason': 'sl_gap', 'signal_time': Timestamp('2021-05-06 13:00:00+0000', tz='UTC')}"
2021-05-17 02:00:00+00:00,2021-05-19 09:00:00+00:00,1,1851.345,1861.4722630610065,1861.6472630610065,1877.6047982069147,0.37,404.3087332572401,0.8186810760889042,"{'trail_atr_mult': 4.0, 'trail_atr_len': 14, 'tp_converts_to_trail': True, 'don_upper': 1848.07, 'don_lower': 1770.49, 'atr': 4.400799701152432, 'exit_reason': 'sl', 'signal_time': Timestamp('2021-05-17 01:00:00+0000', tz='UTC')}"
2021-05-19 14:00:00+00:00,2021-05-19 19:00:00+00:00,1,1889.235,1868.285381950516,1868.460381950516,1930.259236098968,0.24,-502.79083318761326,-1.0084237409122572,"{'trail_atr_mult': 4.0, 'trail_atr_len': 14, 'tp_converts_to_trail': True, 'don_upper': 1875.03, 'don_lower': 1808.77, 'atr': 6.8665393498279945, 'exit_reason': 'sl', 'signal_time': Timestamp('2021-05-19 13:00:00+0000', tz='UTC')}"
2021-05-25 15:00:00+00:00,2021-05-26 18:00:00+00:00,1,1890.7949999999998,1895.364987145029,1895.539987145029,1919.491167042784,0.34,168.97956293099432,0.3422718610245565,"{'trail_atr_mult': 4.0, 'trail_atr_len': 14, 'tp_converts_to_trail': True, 'don_upper': 1890.09, 'don_lower': 1808.77, 'atr': 4.801861173797297, 'exit_reason': 'sl', 'signal_time': Timestamp('2021-05-25 14:00:00+0000', tz='UTC')}"
2021-06-01 07:00:00+00:00,2021-06-01 09:00:00+00:00,1,1915.495,1905.9115004410498,1906.0865004410498,1933.7569991179,0.53,-507.92547662435277,-1.0186002028169816,"{'trail_atr_mult': 4.0, 'trail_atr_len': 14, 'tp_converts_to_trail': True, 'don_upper': 1914.44, 'don_lower': 1852.23, 'atr': 3.0744998529833536, 'exit_reason': 'sl', 'signal_time': Timestamp('2021-06-01 06:00:00+0000', tz='UTC')}"
2021-06-03 14:00:00+00:00,2021-06-04 08:00:00+00:00,-1,1867.585,1874.8308798746068,1874.6558798746069,1836.1999492012735,0.31,-230.8222761128099,-0.4653667534117284,"{'trail_atr_mult': 4.0, 'trail_atr_len': 14, 'tp_converts_to_trail': True, 'don_upper': 1916.58, 'don_lower': 1870.1, 'atr': 5.265008466454408, 'exit_reason': 'sl', 'signal_time': Timestamp('2021-06-03 13:00:00+0000', tz='UTC')}"
2021-06-14 11:00:00+00:00,2021-06-14 14:00:00+00:00,-1,1854.615,1864.0535686202663,1863.8785686202664,1828.083611716075,0.37,-349.227038949854,-0.6976961241995611,"{'trail_atr_mult': 4.0, 'trail_atr_len': 14, 'tp_converts_to_trail': True, 'don_upper': 1909.64, 'don_lower': 1854.8, 'atr': 4.451064713987485, 'exit_reason': 'sl', 'signal_time': Timestamp('2021-06-14 10:00:00+0000', tz='UTC')}"
2021-06-16 19:00:00+00:00,2021-06-18 08:00:00+00:00,-1,1834.935,1791.6406030694657,1791.4656030694657,,0.29,1232.337510985494,2.4636193571216314,"{'trail_atr_mult': 4.0, 'trail_atr_len': 14, 'tp_converts_to_trail': True, 'don_upper': 1903.67, 'don_lower': 1844.77, 'atr': 5.691255756352275, 'exit_reason': 'sl', 'signal_time': Timestamp('2021-06-16 18:00:00+0000', tz='UTC')}"
2021-06-18 20:00:00+00:00,2021-06-21 09:00:00+00:00,-1,1761.7450000000001,1782.2459261888846,1782.0709261888846,1722.0681476222305,0.24,-506.4222285332274,-1.0381286438215924,"{'trail_atr_mult': 4.0, 'trail_atr_len': 14, 'tp_converts_to_trail': True, 'don_upper': 1903.67, 'don_lower': 1767.3, 'atr': 6.666975396294896, 'exit_reason': 'sl', 'signal_time': Timestamp('2021-06-18 19:00:00+0000', tz='UTC')}"
2021-06-29 13:00:00+00:00,2021-06-30 17:00:00+00:00,-1,1754.585,1767.9453760112206,1767.7703760112206,1721.5306964319118,0.3,-406.8112803366157,-0.8076627309273648,"{'trail_atr_mult': 4.0, 'trail_atr_len': 14, 'tp_converts_to_trail': True, 'don_upper': 1861.94, 'don_lower': 1760.91, 'atr': 5.538217261348036, 'exit_reason': 'sl', 'signal_time': Timestamp('2021-06-29 12:00:00+0000', tz='UTC')}"
2021-07-06 02:00:00+00:00,2021-07-06 14:00:00+00:00,1,1795.825,1809.115,1814.7398922950244,,0.51,677.7899999999981,1.367291525931082,"{'trail_atr_mult': 4.0, 'trail_atr_len': 14, 'tp_converts_to_trail': True, 'don_upper': 1795.04, 'don_lower': 1750.69, 'atr': 3.1816487158373987, 'exit_reason': 'sl_gap', 'signal_time': Timestamp('2021-07-06 01:00:00+0000', tz='UTC')}"
2021-07-08 11:00:00+00:00,2021-07-08 15:00:00+00:00,1,1817.575,1801.4732921461352,1801.6482921461352,1848.9034157077301,0.31,-499.1529434698091,-1.0109878326146033,"{'trail_atr_mult': 4.0, 'trail_atr_len': 14, 'tp_converts_to_trail': True, 'don_upper': 1815.12, 'don_lower': 1750.69, 'atr': 5.250569284621668, 'exit_reason': 'sl', 'signal_time': Timestamp('2021-07-08 10:00:00+0000', tz='UTC')}"
2021-07-14 13:00:00+00:00,2021-07-15 15:00:00+00:00,1,1828.7849999999999,1820.3330158846193,1820.5080158846192,1854.4998928200073,0.38,-275.5753963844621,-0.55274494946497,"{'trail_atr_mult': 4.0, 'trail_atr_len': 14, 'tp_converts_to_trail': True, 'don_upper': 1818.33, 'don_lower': 1768.27, 'atr': 4.314982136667902, 'exit_reason': 'sl', 'signal_time': Timestamp('2021-07-14 12:00:00+0000', tz='UTC')}"
2021-07-29 12:00:00+00:00,2021-07-30 15:00:00+00:00,1,1825.305,1821.3736495143576,1821.5486495143575,1848.710527183771,0.41,-144.78536991134234,-0.29147945967990846,"{'trail_atr_mult': 4.0, 'trail_atr_len': 14, 'tp_converts_to_trail': True, 'don_upper': 1824.92, 'don_lower': 1789.63, 'atr': 3.9467545306285294, 'exit_reason': 'sl', 'signal_time': Timestamp('2021-07-29 11:00:00+0000', tz='UTC')}"
2021-08-06 13:00:00+00:00,2021-08-09 01:00:00+00:00,-1,1776.185,1727.4057383255595,1727.2307383255595,,0.34,1638.0948969309763,3.3749297510475134,"{'trail_atr_mult': 4.0, 'trail_atr_len': 14, 'tp_converts_to_trail': True, 'don_upper': 1832.62, 'don_lower': 1792.36, 'atr': 4.660211310890862, 'exit_reason': 'sl', 'signal_time': Timestamp('2021-08-06 12:00:00+0000', tz='UTC')}"
2021-08-23 13:00:00+00:00,2021-08-25 01:00:00+00:00,1,1800.085,1798.0424914536422,1798.2174914536422,1821.9292788144785,0.45,-55.91288458610074,-0.11109062179989496,"{'trail_atr_mult': 4.0, 'trail_atr_len': 14, 'tp_converts_to_trail': True, 'don_upper': 1795.46, 'don_lower': 1724.08, 'atr': 3.669879802413064, 'exit_reason': 'sl', 'signal_time': Timestamp('2021-08-23 12:00:00+0000', tz='UTC')}"
2021-08-27 16:00:00+00:00,2021-08-30 16:00:00+00:00,1,1813.155,1809.253434321712,1809.4284343217118,1847.691433133386,0.28,-75.64383899206624,-0.15331758320173253,"{'trail_atr_mult': 4.0, 'trail_atr_len': 14, 'tp_converts_to_trail': True, 'don_upper': 1809.51, 'don_lower': 1774.41, 'atr': 5.795238855564308, 'exit_reason': 'sl', 'signal_time': Timestamp('2021-08-27 15:00:00+0000', tz='UTC')}"
2021-09-03 13:00:00+00:00,2021-09-06 11:00:00+00:00,1,1823.655,1822.9104554497862,1823.0854554497862,1843.3285332136918,0.49,22.31731703952714,0.044633824980691524,"{'trail_atr_mult': 4.0, 'trail_atr_len': 14, 'tp_converts_to_trail': True, 'don_upper': 1823.24, 'don_lower': 1780.07, 'atr': 3.319755535615293, 'exit_reason': 'sl', 'signal_time': Timestamp('2021-09-03 12:00:00+0000', tz='UTC')}"
2021-09-16 10:00:00+00:00,2021-09-16 15:00:00+00:00,-1,1777.7150000000001,1756.3133762282012,1756.1383762282012,,0.45,963.0730697309549,1.9366562378197045,"{'trail_atr_mult': 4.0, 'trail_atr_len': 14, 'tp_converts_to_trail': True, 'don_upper': 1833.95, 'don_lower': 1779.6, 'atr': 3.625270628633133, 'exit_reason': 'sl', 'signal_time': Timestamp('2021-09-16 09:00:00+0000', tz='UTC')}"
2021-09-28 11:00:00+00:00,2021-09-29 11:00:00+00:00,-1,1733.425,1743.7784095907803,1743.6034095907803,1706.177324396491,0.37,-390.47615485887115,-0.7641120463681437,"{'trail_atr_mult': 4.0, 'trail_atr_len': 14, 'tp_converts_to_trail': True, 'don_upper': 1796.2, 'don_lower': 1735.94, 'atr': 4.562112600584818, 'exit_reason': 'sl', 'signal_time': Timestamp('2021-09-28 10:00:00+0000', tz='UTC')}"
2021-09-29 17:00:00+00:00,2021-09-30 13:00:00+00:00,-1,1724.4550000000002,1735.7841198381807,1735.6091198381807,1695.2427487738566,0.34,-405.5900744981381,-0.8023014465905314,"{'trail_atr_mult': 4.0, 'trail_atr_len': 14, 'tp_converts_to_trail': True, 'don_upper': 1787.21, 'don_lower': 1725.51, 'atr': 4.897875204357259, 'exit_reason': 'sl', 'signal_time': Timestamp('2021-09-29 16:00:00+0000', tz='UTC')}"
2021-10-08 13:00:00+00:00,2021-10-08 15:00:00+00:00,1,1775.975,1763.0648683082177,1763.2398683082176,1800.9202633835648,0.39,-503.4951359795068,-1.01374151475111,"{'trail_atr_mult': 4.0, 'trail_atr_len': 14, 'tp_converts_to_trail': True, 'don_upper': 1770.5, 'don_lower': 1721.65, 'atr': 4.186710563927466, 'exit_reason': 'sl', 'signal_time': Timestamp('2021-10-08 12:00:00+0000', tz='UTC')}"
2021-10-13 14:00:00+00:00,2021-10-15 08:00:00+00:00,1,1781.855,1789.1824207246282,1789.3574207246281,1816.8431271744398,0.28,249.96778028958838,0.5027673671640808,"{'trail_atr_mult': 4.0, 'trail_atr_len': 14, 'tp_converts_to_trail': True, 'don_upper': 1781.27, 'don_lower': 1745.95, 'atr': 5.86052119573996, 'exit_reason': 'sl', 'signal_time': Timestamp('2021-10-13 13:00:00+0000', tz='UTC')}"
2021-10-22 13:00:00+00:00,2021-10-22 16:00:00+00:00,1,1805.965,1794.5465259119676,1794.7215259119675,1831.0743243369686,0.39,-445.3204894332607,-0.8908738095011973,"{'trail_atr_mult': 4.0, 'trail_atr_len': 14, 'tp_converts_to_trail': True, 'don_upper': 1800.57, 'don_lower': 1750.8, 'atr': 4.2140540561614515, 'exit_reason': 'sl', 'signal_time': Timestamp('2021-10-22 12:00:00+0000', tz='UTC')}"
2021-11-03 13:00:00+00:00,2021-11-03 22:00:00+00:00,-1,1766.945,1775.5314570798728,1775.3564570798728,1742.0508920458628,0.39,-334.8718261150409,-0.6755907481383819,"{'trail_atr_mult': 4.0, 'trail_atr_len': 14, 'tp_converts_to_trail': True, 'don_upper': 1813.79, 'don_lower': 1771.98, 'atr': 4.178184659022859, 'exit_reason': 'sl', 'signal_time': Timestamp('2021-11-03 12:00:00+0000', tz='UTC')}"
2021-11-05 16:00:00+00:00,2021-11-10 18:00:00+00:00,1,1814.155,1846.430207905769,1846.605207905769,,0.3,1028.2562371730728,2.0883467367008173,"{'trail_atr_mult': 4.0, 'trail_atr_len': 14, 'tp_converts_to_trail': True, 'don_upper': 1811.77, 'don_lower': 1758.07, 'atr': 5.429201317628168, 'exit_reason': 'sl', 'signal_time': Timestamp('2021-11-05 15:00:00+0000', tz='UTC')}"
2021-11-16 08:00:00+00:00,2021-11-16 14:00:00+00:00,1,1872.2549999999999,1860.0904438599425,1860.2654438599425,1895.7091122801148,0.42,-510.911357882409,-1.014596036580143,"{'trail_atr_mult': 4.0, 'trail_atr_len': 14, 'tp_converts_to_trail': True, 'don_upper': 1870.3, 'don_lower': 1758.07, 'atr': 3.9381853800191666, 'exit_reason': 'sl', 'signal_time': Timestamp('2021-11-16 07:00:00+0000', tz='UTC')}"
2021-11-22 14:00:00+00:00,2021-11-24 15:00:00+00:00,-1,1819.035,1782.155,1780.866752225534,,0.26,948.480000000003,1.891466345447225,"{'trail_atr_mult': 4.0, 'trail_atr_len': 14, 'tp_converts_to_trail': True, 'don_upper': 1877.23, 'don_lower': 1822.32, 'atr': 6.38387462907771, 'exit_reason': 'sl_gap', 'signal_time': Timestamp('2021-11-22 13:00:00+0000', tz='UTC')}"
2021-11-30 16:00:00+00:00,2021-12-01 05:00:00+00:00,-1,1774.265,1791.259450889311,1791.084450889311,1732.068952915605,0.24,-412.6668213434612,-0.8181785647540846,"{'trail_atr_mult': 4.0, 'trail_atr_len': 14, 'tp_converts_to_trail': True, 'don_upper': 1870.94, 'don_lower': 1777.64, 'atr': 7.023507847399179, 'exit_reason': 'sl', 'signal_time': Timestamp('2021-11-30 15:00:00+0000', tz='UTC')}"
2021-12-02 14:00:00+00:00,2021-12-03 13:00:00+00:00,-1,1764.565,1777.941702016728,1777.766702016728,1732.9165371081644,0.31,-420.877762518565,-0.8439689605294625,"{'trail_atr_mult': 4.0, 'trail_atr_len': 14, 'tp_converts_to_trail': True, 'don_upper': 1865.72, 'don_lower': 1767.45, 'atr': 5.3039104819726015, 'exit_reason': 'sl', 'signal_time': Timestamp('2021-12-02 13:00:00+0000', tz='UTC')}"
2021-12-15 18:00:00+00:00,2021-12-15 20:00:00+00:00,-1,1762.4850000000001,1770.645107482307,1770.470107482307,1741.8544444251859,0.47,-383.5250516684189,-0.7606521727067965,"{'trail_atr_mult': 4.0, 'trail_atr_len': 14, 'tp_converts_to_trail': True, 'don_upper': 1793.15, 'don_lower': 1764.34, 'atr': 3.484259262469038, 'exit_reason': 'sl', 'signal_time': Timestamp('2021-12-15 17:00:00+0000', tz='UTC')}"
2021-12-16 14:00:00+00:00,2021-12-17 20:00:00+00:00,1,1793.875,1799.174932331421,1799.3499323314209,1818.5779916241154,0.39,222.2973609254153,0.44973443387114354,"{'trail_atr_mult': 4.0, 'trail_atr_len': 14, 'tp_converts_to_trail': True, 'don_upper': 1793.15, 'don_lower': 1752.34, 'atr': 4.152998604019206, 'exit_reason': 'sl', 'signal_time': Timestamp('2021-12-16 13:00:00+0000', tz='UTC')}"
2021-12-28 06:00:00+00:00,2021-12-28 16:00:00+00:00,1,1815.115,1809.91825940089,1810.09325940089,1829.693491720819,0.67,-348.1816201403663,-0.6922760801744419,"{'trail_atr_mult': 4.0, 'trail_atr_len': 14, 'tp_converts_to_trail': True, 'don_upper': 1814.28, 'don_lower': 1752.34, 'atr': 2.4539152868031677, 'exit_reason': 'sl', 'signal_time': Timestamp('2021-12-28 05:00:00+0000', tz='UTC')}"
2021-12-31 13:00:00+00:00,2021-12-31 18:00:00+00:00,1,1824.485,1828.095,1815.4991149123005,1842.2064822755312,0.55,198.55000000000703,0.3956927089273788,"{'trail_atr_mult': 4.0, 'trail_atr_len': 14, 'tp_converts_to_trail': True, 'don_upper': 1820.32, 'don_lower': 1785.0, 'atr': 2.982747045921882, 'exit_reason': 'end_of_data', 'signal_time': Timestamp('2021-12-31 12:00:00+0000', tz='UTC')}"
2022-01-06 13:00:00+00:00,2022-01-10 08:00:00+00:00,-1,1788.305,1796.2928089393513,1796.1178089393513,1758.3860926467366,0.32,-281.2098860592392,-0.5795960815323863,"{'trail_atr_mult': 4.0, 'trail_atr_len': 14, 'tp_converts_to_trail': True, 'don_upper': 1831.82, 'don_lower': 1789.47, 'atr': 5.00898455887723, 'exit_reason': 'sl', 'signal_time': Timestamp('2022-01-06 12:00:00+0000', tz='UTC')}"
2022-01-19 15:00:00+00:00,2022-01-21 08:00:00+00:00,1,1838.475,1836.3279244982953,1836.5029244982952,1863.9107786113307,0.38,-20.788869064776634,-0.04204912619074573,"{'trail_atr_mult': 4.0, 'trail_atr_len': 14, 'tp_converts_to_trail': True, 'don_upper': 1829.18, 'don_lower': 1782.64, 'atr': 4.271796435221766, 'exit_reason': 'sl', 'signal_time': Timestamp('2022-01-19 14:00:00+0000', tz='UTC')}"
2022-01-27 13:00:00+00:00,2022-01-31 13:00:00+00:00,-1,1799.775,1794.9173700440706,1794.7423700440706,1769.2216211397704,0.31,125.7865286338144,0.2601179999837737,"{'trail_atr_mult': 4.0, 'trail_atr_len': 14, 'tp_converts_to_trail': True, 'don_upper': 1853.9, 'don_lower': 1805.79, 'atr': 5.128063143371609, 'exit_reason': 'sl', 'signal_time': Timestamp('2022-01-27 12:00:00+0000', tz='UTC')}"
2022-02-09 17:00:00+00:00,2022-02-10 13:00:00+00:00,1,1834.335,1827.792165634136,1827.9671656341359,1851.9060959562453,0.55,-293.8558901225261,-0.5895184907727817,"{'trail_atr_mult': 4.0, 'trail_atr_len': 14, 'tp_converts_to_trail': True, 'don_upper': 1833.36, 'don_lower': 1780.3, 'atr': 2.9593493260408743, 'exit_reason': 'sl', 'signal_time': Timestamp('2022-02-09 16:00:00+0000', tz='UTC')}"
2022-02-11 18:00:00+00:00,2022-02-15 08:00:00+00:00,1,1857.355,1862.2783267690886,1862.4533267690886,1889.3843437665905,0.3,195.6998030726577,0.4007653673414451,"{'trail_atr_mult': 4.0, 'trail_atr_len': 14, 'tp_converts_to_trail': True, 'don_upper': 1841.92, 'don_lower': 1788.66, 'atr': 5.367390627765061, 'exit_reason': 'sl', 'signal_time': Timestamp('2022-02-11 17:00:00+0000', tz='UTC')}"
2022-02-17 08:00:00+00:00,2022-02-21 06:00:00+00:00,1,1886.385,1887.7622093566338,1887.9372093566337,1916.0887544626828,0.32,95.2706994122811,0.19581264732742837,"{'trail_atr_mult': 4.0, 'trail_atr_len': 14, 'tp_converts_to_trail': True, 'don_upper': 1879.51, 'don_lower': 1803.14, 'atr': 4.9897924104471105, 'exit_reason': 'sl', 'signal_time': Timestamp('2022-02-17 07:00:00+0000', tz='UTC')}"
2022-02-24 04:00:00+00:00,2022-02-24 11:00:00+00:00,1,1935.845,1971.141120688445,1971.316120688445,,0.27,952.9952585880135,1.9611069200451505,"{'trail_atr_mult': 4.0, 'trail_atr_len': 14, 'tp_converts_to_trail': True, 'don_upper': 1931.27, 'don_lower': 1824.96, 'atr': 5.941020114740811, 'exit_reason': 'sl', 'signal_time': Timestamp('2022-02-24 03:00:00+0000', tz='UTC')}"
2022-03-06 23:00:00+00:00,2022-03-07 13:00:00+00:00,1,1988.905,1969.9359980006827,1970.1109980006827,2036.4407123035508,0.2,-371.38003998634485,-0.7727310357797337,"{'trail_atr_mult': 4.0, 'trail_atr_len': 14, 'tp_converts_to_trail': True, 'don_upper': 1974.52, 'don_lower': 1878.0, 'atr': 7.951785383925131, 'exit_reason': 'sl', 'signal_time': Timestamp('2022-03-06 22:00:00+0000', tz='UTC')}"
2022-03-29 13:00:00+00:00,2022-03-29 20:00:00+00:00,-1,1896.855,1918.7292508296168,1918.5542508296169,1853.9814983407662,0.23,-503.1077690811867,-1.0080647945578425,"{'trail_atr_mult': 4.0, 'trail_atr_len': 14, 'tp_converts_to_trail': True, 'don_upper': 1966.2, 'don_lower': 1901.03, 'atr': 7.174750276538967, 'exit_reason': 'sl', 'signal_time': Timestamp('2022-03-29 12:00:00+0000', tz='UTC')}"
2022-04-11 09:00:00+00:00,2022-04-11 15:00:00+00:00,1,1957.245,1948.0470259135514,1948.2220259135513,1986.6894921542116,0.33,-303.5331448528018,-0.6138224858211943,"{'trail_atr_mult': 4.0, 'trail_atr_len': 14, 'tp_converts_to_trail': True, 'don_upper': 1950.02, 'don_lower': 1908.12, 'atr': 4.936582025701954, 'exit_reason': 'sl', 'signal_time': Timestamp('2022-04-11 08:00:00+0000', tz='UTC')}"
2022-04-18 09:00:00+00:00,2022-04-18 18:00:00+00:00,1,1993.105,1977.918569729156,1978.093569729156,2024.1738157742327,0.31,-470.7793383961667,-0.9604426220581697,"{'trail_atr_mult': 4.0, 'trail_atr_len': 14, 'tp_converts_to_trail': True, 'don_upper': 1992.79, 'don_lower': 1915.15, 'atr': 5.208969295705424, 'exit_reason': 'sl', 'signal_time': Timestamp('2022-04-18 08:00:00+0000', tz='UTC')}"
2022-04-25 02:00:00+00:00,2022-04-27 10:00:00+00:00,-1,1925.355,1893.685,1891.1695272129064,,0.28,875.560000000002,1.8033202829713038,"{'trail_atr_mult': 4.0, 'trail_atr_len': 14, 'tp_converts_to_trail': True, 'don_upper': 1998.43, 'don_lower': 1926.21, 'atr': 5.725078797848941, 'exit_reason': 'sl_gap', 'signal_time': Timestamp('2022-04-25 01:00:00+0000', tz='UTC')}"
2022-04-28 04:00:00+00:00,2022-04-28 10:00:00+00:00,-1,1878.775,1891.3801964006288,1891.205196400629,1850.4079378298998,0.34,-428.57667762137777,-0.8725715960609913,"{'trail_atr_mult': 4.0, 'trail_atr_len': 14, 'tp_converts_to_trail': True, 'don_upper': 1998.43, 'don_lower': 1880.85, 'atr': 4.757010361683361, 'exit_reason': 'sl', 'signal_time': Timestamp('2022-04-28 03:00:00+0000', tz='UTC')}"
2022-05-02 13:00:00+00:00,2022-05-03 14:00:00+00:00,-1,1861.4650000000001,1872.380761073597,1872.205761073597,1825.0099462891958,0.26,-289.00978791351525,-0.6011760372510866,"{'trail_atr_mult': 4.0, 'trail_atr_len': 14, 'tp_converts_to_trail': True, 'don_upper': 1958.33, 'don_lower': 1872.04, 'atr': 6.105008951800718, 'exit_reason': 'sl', 'signal_time': Timestamp('2022-05-02 12:00:00+0000', tz='UTC')}"
2022-05-11 00:00:00+00:00,2022-05-11 09:00:00+00:00,-1,1833.315,1851.6745483106433,1851.4995483106434,1797.650903378713,0.27,-495.7078043873685,-1.0096235549550345,"{'trail_atr_mult': 4.0, 'trail_atr_len': 14, 'tp_converts_to_trail': True, 'don_upper': 1919.83, 'don_lower': 1835.49, 'atr': 5.983182770214473, 'exit_reason': 'sl', 'signal_time': Timestamp('2022-05-10 23:00:00+0000', tz='UTC')}"
2022-05-12 18:00:00+00:00,2022-05-16 15:00:00+00:00,-1,1822.845,1811.8722713147297,1811.6972713147297,1781.8394060806593,0.23,233.97275976121784,0.49024496878486906,"{'trail_atr_mult': 4.0, 'trail_atr_len': 14, 'tp_converts_to_trail': True, 'don_upper': 1909.77, 'don_lower': 1824.11, 'atr': 6.861765653223463, 'exit_reason': 'sl', 'signal_time': Timestamp('2022-05-12 17:00:00+0000', tz='UTC')}"
2022-05-23 09:00:00+00:00,2022-05-23 18:00:00+00:00,1,1861.7849999999999,1847.7089340707487,1847.8839340707486,1889.0021318585027,0.35,-492.66230752379096,-1.0125889626659283,"{'trail_atr_mult': 4.0, 'trail_atr_len': 14, 'tp_converts_to_trail': True, 'don_upper': 1858.77, 'don_lower': 1786.84, 'atr': 4.568688643083794, 'exit_reason': 'sl', 'signal_time': Timestamp('2022-05-23 08:00:00+0000', tz='UTC')}"
2022-06-03 01:00:00+00:00,2022-06-03 13:00:00+00:00,1,1873.5249999999999,1862.3302198982285,1862.5052198982285,1894.799560203543,0.44,-492.5703244779397,-1.015880534673448,"{'trail_atr_mult': 4.0, 'trail_atr_len': 14, 'tp_converts_to_trail': True, 'don_upper': 1870.63, 'don_lower': 1828.5, 'atr': 3.588260033923836, 'exit_reason': 'sl', 'signal_time': Timestamp('2022-06-03 00:00:00+0000', tz='UTC')}"
2022-06-12 23:00:00+00:00,2022-06-13 08:00:00+00:00,1,1876.5449999999998,1855.7441835539669,1855.9191835539668,1917.2716328920662,0.23,-469.2187782587583,-0.9890913409130371,"{'trail_atr_mult': 4.0, 'trail_atr_len': 14, 'tp_converts_to_trail': True, 'don_upper': 1876.0, 'don_lower': 1825.13, 'atr': 6.81693881534438, 'exit_reason': 'sl', 'signal_time': Timestamp('2022-06-12 22:00:00+0000', tz='UTC')}"
2022-06-13 20:00:00+00:00,2022-06-15 08:00:00+00:00,-1,1822.565,1823.7670746610438,1823.5920746610439,1783.2413940109943,0.24,-38.44979186505006,-0.0798072372167781,"{'trail_atr_mult': 4.0, 'trail_atr_len': 14, 'tp_converts_to_trail': True, 'don_upper': 1878.78, 'don_lower': 1823.46, 'atr': 6.59976766483428, 'exit_reason': 'sl', 'signal_time': Timestamp('2022-06-13 19:00:00+0000', tz='UTC')}"
2022-07-01 04:00:00+00:00,2022-07-01 15:00:00+00:00,-1,1801.285,1804.1617969291874,1803.9867969291874,1774.0322446927976,0.35,-100.68789252155625,-0.2071295464570105,"{'trail_atr_mult': 4.0, 'trail_atr_len': 14, 'tp_converts_to_trail': True, 'don_upper': 1847.93, 'don_lower': 1802.75, 'atr': 4.571292551200418, 'exit_reason': 'sl', 'signal_time': Timestamp('2022-07-01 03:00:00+0000', tz='UTC')}"
2022-07-06 06:00:00+00:00,2022-07-07 04:00:00+00:00,-1,1763.2250000000001,1745.584010767632,1745.409010767632,,0.54,920.2134185478805,1.8552064907145371,"{'trail_atr_mult': 4.0, 'trail_atr_len': 14, 'tp_converts_to_trail': True, 'don_upper': 1846.04, 'don_lower': 1763.95, 'atr': 4.500247308092037, 'exit_reason': 'sl', 'signal_time': Timestamp('2022-07-06 05:00:00+0000', tz='UTC')}"
2022-07-13 13:00:00+00:00,2022-07-13 14:00:00+00:00,-1,1712.7250000000001,1723.0403593924902,1722.8653593924903,1692.4592812150197,0.49,-505.45261023201533,-1.0172577709750168,"{'trail_atr_mult': 4.0, 'trail_atr_len': 14, 'tp_converts_to_trail': True, 'don_upper': 1814.26, 'don_lower': 1722.53, 'atr': 5.067679696245106, 'exit_reason': 'sl', 'signal_time': Timestamp('2022-07-13 12:00:00+0000', tz='UTC')}"
2022-07-14 14:00:00+00:00,2022-07-15 03:00:00+00:00,-1,1702.445,1715.194510288839,1715.019510288839,1678.360979422322,0.39,-505.03090126472176,-1.0298222349329023,"{'trail_atr_mult': 4.0, 'trail_atr_len': 14, 'tp_converts_to_trail': True, 'don_upper': 1814.26, 'don_lower': 1707.03, 'atr': 6.109755144419494, 'exit_reason': 'sl', 'signal_time': Timestamp('2022-07-14 13:00:00+0000', tz='UTC')}"
2022-07-21 07:00:00+00:00,2022-07-21 13:00:00+00:00,-1,1689.295,1696.7659404577885,1696.5909404577885,1675.2281190844233,0.68,-508.02395112961136,-1.0239859413618353,"{'trail_atr_mult': 4.0, 'trail_atr_len': 14, 'tp_converts_to_trail': True, 'don_upper': 1752.45, 'don_lower': 1690.07, 'atr': 3.560470228894209, 'exit_reason': 'sl', 'signal_time': Timestamp('2022-07-21 06:00:00+0000', tz='UTC')}"
2022-07-28 08:00:00+00:00,2022-07-29 05:00:00+00:00,1,1744.415,1761.1520885031491,1761.327088503149,,0.57,976.8140446795015,1.9757884442727085,"{'trail_atr_mult': 4.0, 'trail_atr_len': 14, 'tp_converts_to_trail': True, 'don_upper': 1741.85, 'don_lower': 1680.84, 'atr': 4.264272125787293, 'exit_reason': 'sl', 'signal_time': Timestamp('2022-07-28 07:00:00+0000', tz='UTC')}"
2022-07-29 07:00:00+00:00,2022-07-29 10:00:00+00:00,1,1766.875,1757.8692666853965,1758.0442666853965,1784.281466629207,0.56,-504.3210656177963,-1.0198171537702938,"{'trail_atr_mult': 4.0, 'trail_atr_len': 14, 'tp_converts_to_trail': True, 'don_upper': 1765.12, 'don_lower': 1680.84, 'atr': 4.372866657301779, 'exit_reason': 'sl', 'signal_time': Timestamp('2022-07-29 06:00:00+0000', tz='UTC')}"
2022-08-04 17:00:00+00:00,2022-08-05 13:00:00+00:00,1,1790.665,1780.6986981486293,1780.8736981486293,1809.8126037027412,0.51,-487.8813944199029,-0.9770204204287147,"{'trail_atr_mult': 4.0, 'trail_atr_len': 14, 'tp_converts_to_trail': True, 'don_upper': 1790.31, 'don_lower': 1711.52, 'atr': 4.823150925685302, 'exit_reason': 'sl', 'signal_time': Timestamp('2022-08-04 16:00:00+0000', tz='UTC')}"
2022-08-09 14:00:00+00:00,2022-08-10 06:00:00+00:00,1,1797.855,1789.3100707708754,1789.4850707708754,1814.0398584582495,0.59,-480.55082451835085,-0.9731180522749083,"{'trail_atr_mult': 4.0, 'trail_atr_len': 14, 'tp_converts_to_trail': True, 'don_upper': 1794.95, 'don_lower': 1733.15, 'atr': 4.092464614562351, 'exit_reason': 'sl', 'signal_time': Timestamp('2022-08-09 13:00:00+0000', tz='UTC')}"
2022-08-17 16:00:00+00:00,2022-08-18 11:00:00+00:00,-1,1761.9750000000001,1770.7280901726233,1770.5530901726233,1745.3138196547534,0.57,-533.1261398395202,-1.0903464505972849,"{'trail_atr_mult': 4.0, 'trail_atr_len': 14, 'tp_converts_to_trail': True, 'don_upper': 1807.87, 'don_lower': 1764.75, 'atr': 4.206545086311659, 'exit_reason': 'sl', 'signal_time': Timestamp('2022-08-17 15:00:00+0000', tz='UTC')}"
2022-08-19 05:00:00+00:00,2022-08-22 15:00:00+00:00,-1,1752.935,1740.011581709192,1739.836581709192,,0.72,887.2861169381802,1.8051769935306228,"{'trail_atr_mult': 4.0, 'trail_atr_len': 14, 'tp_converts_to_trail': True, 'don_upper': 1807.87, 'don_lower': 1753.53, 'atr': 3.3208545727019874, 'exit_reason': 'sl', 'signal_time': Timestamp('2022-08-19 04:00:00+0000', tz='UTC')}"
2022-08-29 02:00:00+00:00,2022-08-29 13:00:00+00:00,-1,1723.625,1733.239479660078,1733.064479660078,1705.271040679844,0.52,-499.9529423240511,-1.0185391574855631,"{'trail_atr_mult': 4.0, 'trail_atr_len': 14, 'tp_converts_to_trail': True, 'don_upper': 1782.34, 'don_lower': 1727.77, 'atr': 4.632239830039024, 'exit_reason': 'sl', 'signal_time': Timestamp('2022-08-29 01:00:00+0000', tz='UTC')}"
2022-08-31 09:00:00+00:00,2022-08-31 15:00:00+00:00,-1,1713.935,1721.3545690551382,1721.1795690551382,1699.9708618897232,0.68,-504.5306957494013,-1.024156026213296,"{'trail_atr_mult': 4.0, 'trail_atr_len': 14, 'tp_converts_to_trail': True, 'don_upper': 1765.5, 'don_lower': 1719.48, 'atr': 3.5347845275691836, 'exit_reason': 'sl', 'signal_time': Timestamp('2022-08-31 08:00:00+0000', tz='UTC')}"
2022-09-01 02:00:00+00:00,2022-09-02 08:00:00+00:00,-1,1703.305,1703.3682178995778,1703.1932178995778,1687.2760606717306,0.59,-15.529856075083943,-0.031801240098566136,"{'trail_atr_mult': 4.0, 'trail_atr_len': 14, 'tp_converts_to_trail': True, 'don_upper': 1765.5, 'don_lower': 1705.26, 'atr': 4.0509848320673445, 'exit_reason': 'sl', 'signal_time': Timestamp('2022-09-01 01:00:00+0000', tz='UTC')}"
2022-09-15 05:00:00+00:00,2022-09-16 15:00:00+00:00,-1,1687.275,1673.0176227010518,1672.8426227010518,,0.66,927.7869017305886,1.905095387597145,"{'trail_atr_mult': 4.0, 'trail_atr_len': 14, 'tp_converts_to_trail': True, 'don_upper': 1735.13, 'don_lower': 1690.18, 'atr': 3.606915603666644, 'exit_reason': 'sl', 'signal_time': Timestamp('2022-09-15 04:00:00+0000', tz='UTC')}"
2022-09-23 11:00:00+00:00,2022-09-23 14:00:00+00:00,-1,1643.355,1655.6562692478262,1655.4812692478263,1619.5074615043477,0.4,-492.05076991304855,-1.0144314790001323,"{'trail_atr_mult': 4.0, 'trail_atr_len': 14, 'tp_converts_to_trail': True, 'don_upper': 1731.9, 'don_lower': 1652.77, 'atr': 5.9956346239130855, 'exit_reason': 'sl', 'signal_time': Timestamp('2022-09-23 10:00:00+0000', tz='UTC')}"
2022-09-26 01:00:00+00:00,2022-09-26 02:00:00+00:00,-1,1627.825,1641.2112601207016,1641.0362601207016,1602.1074797585968,0.37,-495.29162446595683,-1.0132462761614796,"{'trail_atr_mult': 4.0, 'trail_atr_len': 14, 'tp_converts_to_trail': True, 'don_upper': 1731.82, 'don_lower': 1639.75, 'atr': 6.488130060350799, 'exit_reason': 'sl', 'signal_time': Timestamp('2022-09-26 00:00:00+0000', tz='UTC')}"
2022-09-26 18:00:00+00:00,2022-09-27 08:00:00+00:00,-1,1624.2450000000001,1638.4197625519525,1638.2447625519526,1596.770474896095,0.35,-503.1166893183349,-1.0267861685945279,"{'trail_atr_mult': 4.0, 'trail_atr_len': 14, 'tp_converts_to_trail': True, 'don_upper': 1707.11, 'don_lower': 1626.81, 'atr': 6.912381275976249, 'exit_reason': 'sl', 'signal_time': Timestamp('2022-09-26 17:00:00+0000', tz='UTC')}"
2022-10-03 18:00:00+00:00,2022-10-04 16:00:00+00:00,1,1695.245,1720.0609995787356,1720.2359995787356,,0.38,958.2079839919577,1.976485342141951,"{'trail_atr_mult': 4.0, 'trail_atr_len': 14, 'tp_converts_to_trail': True, 'don_upper': 1694.12, 'don_lower': 1614.81, 'atr': 6.291499894683919, 'exit_reason': 'sl', 'signal_time': Timestamp('2022-10-03 17:00:00+0000', tz='UTC')}"
2022-10-04 16:00:00+00:00,2022-10-05 09:00:00+00:00,1,1725.975,1712.9320034108782,1713.1070034108782,1751.0959931782436,0.38,-480.43387038662405,-0.9825147606745362,"{'trail_atr_mult': 4.0, 'trail_atr_len': 14, 'tp_converts_to_trail': True, 'don_upper': 1722.6, 'don_lower': 1614.81, 'atr': 6.331498294560877, 'exit_reason': 'sl', 'signal_time': Timestamp('2022-10-04 15:00:00+0000', tz='UTC')}"
2022-10-19 11:00:00+00:00,2022-10-20 11:00:00+00:00,-1,1632.9850000000001,1637.2743044239112,1637.0993044239112,1614.8545485768593,0.52,-254.24383004337523,-0.5233274073171104,"{'trail_atr_mult': 4.0, 'trail_atr_len': 14, 'tp_converts_to_trail': True, 'don_upper': 1715.21, 'don_lower': 1637.76, 'atr': 4.578862855785208, 'exit_reason': 'sl', 'signal_time': Timestamp('2022-10-19 10:00:00+0000', tz='UTC')}"
2022-10-26 09:00:00+00:00,2022-10-26 13:00:00+00:00,1,1673.205,1663.754195407924,1663.929195407924,1691.2316091841517,0.52,-491.441838787946,-1.0188662879066526,"{'trail_atr_mult': 4.0, 'trail_atr_len': 14, 'tp_converts_to_trail': True, 'don_upper': 1672.51, 'don_lower': 1617.29, 'atr': 4.550402296037945, 'exit_reason': 'sl', 'signal_time': Timestamp('2022-10-26 08:00:00+0000', tz='UTC')}"
2022-11-04 18:00:00+00:00,2022-11-07 07:00:00+00:00,1,1680.825,1668.407835466446,1668.5828354664459,1704.7543290671085,0.39,-437.46941680861045,-0.916272976303279,"{'trail_atr_mult': 4.0, 'trail_atr_len': 14, 'tp_converts_to_trail': True, 'don_upper': 1675.49, 'don_lower': 1616.72, 'atr': 6.028582266777106, 'exit_reason': 'sl', 'signal_time': Timestamp('2022-11-04 17:00:00+0000', tz='UTC')}"
2022-11-08 16:00:00+00:00,2022-11-09 19:00:00+00:00,1,1715.325,1702.891073498236,1703.066073498236,1739.2578530035287,0.39,-469.3231335687984,-0.9816460274912597,"{'trail_atr_mult': 4.0, 'trail_atr_len': 14, 'tp_converts_to_trail': True, 'don_upper': 1714.19, 'don_lower': 1616.72, 'atr': 6.031963250882124, 'exit_reason': 'sl', 'signal_time': Timestamp('2022-11-08 15:00:00+0000', tz='UTC')}"
2022-11-10 19:00:00+00:00,2022-11-15 08:00:00+00:00,1,1754.305,1778.1000174290461,1778.275017429046,,0.39,1006.0056797327973,2.119120884117343,"{'trail_atr_mult': 4.0, 'trail_atr_len': 14, 'tp_converts_to_trail': True, 'don_upper': 1753.29, 'don_lower': 1616.72, 'atr': 6.02375435726152, 'exit_reason': 'sl', 'signal_time': Timestamp('2022-11-10 18:00:00+0000', tz='UTC')}"
2022-11-30 23:00:00+00:00,2022-12-01 15:00:00+00:00,1,1773.585,1794.4374625283756,1794.6124625283755,,0.45,992.3608137769,2.0463984103294117,"{'trail_atr_mult': 4.0, 'trail_atr_len': 14, 'tp_converts_to_trail': True, 'don_upper': 1769.99, 'don_lower': 1727.31, 'atr': 5.300615632093866, 'exit_reason': 'sl', 'signal_time': Timestamp('2022-11-30 22:00:00+0000', tz='UTC')}"
2022-12-27 15:00:00+00:00,2022-12-27 17:00:00+00:00,1,1824.815,1814.380900361182,1814.555900361182,1844.8081992776363,0.48,-500.8367826632639,-1.0170580271330825,"{'trail_atr_mult': 4.0, 'trail_atr_len': 14, 'tp_converts_to_trail': True, 'don_upper': 1823.84, 'don_lower': 1773.75, 'atr': 5.042049819409061, 'exit_reason': 'sl', 'signal_time': Timestamp('2022-12-27 14:00:00+0000', tz='UTC')}"
2023-01-03 02:00:00+00:00,2023-01-03 15:00:00+00:00,1,1838.595,1830.5530444631495,1830.7280444631494,1867.5119738850074,0.33,-265.3845327160677,-0.5457357941635255,"{'trail_atr_mult': 4.0, 'trail_atr_len': 14, 'tp_converts_to_trail': True, 'don_upper': 1833.63, 'don_lower': 1793.61, 'atr': 4.850328980834556, 'exit_reason': 'sl', 'signal_time': Timestamp('2023-01-03 01:00:00+0000', tz='UTC')}"
2023-01-04 07:00:00+00:00,2023-01-05 08:00:00+00:00,1,1858.455,1845.9975471442622,1846.1725471442621,1887.8100721904077,0.33,-371.495944239346,-0.7542663738920709,"{'trail_atr_mult': 4.0, 'trail_atr_len': 14, 'tp_converts_to_trail': True, 'don_upper': 1849.99, 'don_lower': 1797.04, 'atr': 4.920012031734635, 'exit_reason': 'sl', 'signal_time': Timestamp('2023-01-04 06:00:00+0000', tz='UTC')}"
2023-01-06 18:00:00+00:00,2023-01-11 14:00:00+00:00,1,1868.885,1871.2578592052716,1871.4328592052716,1906.802450627291,0.25,109.3214801317913,0.22732418309582567,"{'trail_atr_mult': 4.0, 'trail_atr_len': 14, 'tp_converts_to_trail': True, 'don_upper': 1865.12, 'don_lower': 1813.39, 'atr': 6.350408437881796, 'exit_reason': 'sl', 'signal_time': Timestamp('2023-01-06 17:00:00+0000', tz='UTC')}"
2023-01-13 08:00:00+00:00,2023-01-17 01:00:00+00:00,1,1906.655,1914.003729132542,1914.178729132542,1937.7213821037533,0.31,277.41060310880437,0.5665297645511286,"{'trail_atr_mult': 4.0, 'trail_atr_len': 14, 'tp_converts_to_trail': True, 'don_upper': 1901.61, 'don_lower': 1867.15, 'atr': 5.206897017292213, 'exit_reason': 'sl', 'signal_time': Timestamp('2023-01-13 07:00:00+0000', tz='UTC')}"
2023-01-19 20:00:00+00:00,2023-01-23 06:00:00+00:00,1,1933.555,1921.3630616388543,1921.5380616388543,1964.3640885681425,0.31,-328.3500891955176,-0.6793168469875589,"{'trail_atr_mult': 4.0, 'trail_atr_len': 14, 'tp_converts_to_trail': True, 'don_upper': 1931.39, 'don_lower': 1893.7, 'atr': 5.1556814280237475, 'exit_reason': 'sl', 'signal_time': Timestamp('2023-01-19 19:00:00+0000', tz='UTC')}"
2023-02-03 13:00:00+00:00,2023-02-07 09:00:00+00:00,-1,1886.615,1878.1172300726164,1877.9422300726164,1845.0796416280136,0.23,177.04870832982314,0.36603444313544486,"{'trail_atr_mult': 4.0, 'trail_atr_len': 14, 'tp_converts_to_trail': True, 'don_upper': 1959.68, 'don_lower': 1900.82, 'atr': 6.951726395331047, 'exit_reason': 'sl', 'signal_time': Timestamp('2023-02-03 12:00:00+0000', tz='UTC')}"
2023-02-10 03:00:00+00:00,2023-02-10 08:00:00+00:00,-1,1855.145,1871.7680415689595,1871.5930415689595,1822.7739168620808,0.3,-498.6912470687844,-1.0106395645503603,"{'trail_atr_mult': 4.0, 'trail_atr_len': 14, 'tp_converts_to_trail': True, 'don_upper': 1890.31, 'don_lower': 1858.91, 'atr': 5.424347189653202, 'exit_reason': 'sl', 'signal_time': Timestamp('2023-02-10 02:00:00+0000', tz='UTC')}"
2023-02-27 03:00:00+00:00,2023-02-27 14:00:00+00:00,-1,1807.765,1818.7437971809113,1818.5687971809114,1786.6524056381775,0.45,-494.0458731410047,-1.016198008632479,"{'trail_atr_mult': 4.0, 'trail_atr_len': 14, 'tp_converts_to_trail': True, 'don_upper': 1846.03, 'don_lower': 1808.93, 'atr': 3.5462657269704283, 'exit_reason': 'sl', 'signal_time': Timestamp('2023-02-27 02:00:00+0000', tz='UTC')}"
2023-03-01 06:00:00+00:00,2023-03-02 07:00:00+00:00,1,1834.915,1830.4288521075061,1830.603852107506,1856.206397959263,0.45,-147.87665516222185,-0.30292105617383003,"{'trail_atr_mult': 4.0, 'trail_atr_len': 14, 'tp_converts_to_trail': True, 'don_upper': 1833.78, 'don_lower': 1804.69, 'atr': 3.57106632654384, 'exit_reason': 'sl', 'signal_time': Timestamp('2023-03-01 05:00:00+0000', tz='UTC')}"
2023-03-03 09:00:00+00:00,2023-03-07 00:00:00+00:00,1,1846.115,1845.7664244022633,1845.9414244022632,1865.2916395006278,0.49,61.31979571090042,0.12457165600887499,"{'trail_atr_mult': 4.0, 'trail_atr_len': 14, 'tp_converts_to_trail': True, 'don_upper': 1845.75, 'don_lower': 1804.69, 'atr': 3.246939916771292, 'exit_reason': 'sl', 'signal_time': Timestamp('2023-03-03 08:00:00+0000', tz='UTC')}"
2023-03-07 18:00:00+00:00,2023-03-08 14:00:00+00:00,-1,1814.365,1821.4153017757135,1821.2403017757135,1787.1948410212417,0.35,-253.76056214997172,-0.5235789966957305,"{'trail_atr_mult': 4.0, 'trail_atr_len': 14, 'tp_converts_to_trail': True, 'don_upper': 1858.27, 'don_lower': 1815.66, 'atr': 4.557526496459718, 'exit_reason': 'sl', 'signal_time': Timestamp('2023-03-07 17:00:00+0000', tz='UTC')}"
2023-03-10 14:00:00+00:00,2023-03-12 23:00:00+00:00,1,1858.645,1883.765,1892.463063917316,,0.28,725.7600000000033,1.5121168902822626,"{'trail_atr_mult': 4.0, 'trail_atr_len': 14, 'tp_converts_to_trail': True, 'don_upper': 1858.27, 'don_lower': 1809.41, 'atr': 5.6621773195526774, 'exit_reason': 'sl_gap', 'signal_time': Timestamp('2023-03-10 13:00:00+0000', tz='UTC')}"
2023-03-13 12:00:00+00:00,2023-03-15 07:00:00+00:00,1,1899.485,1896.2744829165956,1896.4494829165956,1951.1870341994922,0.18,-43.38930750127711,-0.09199211976882478,"{'trail_atr_mult': 4.0, 'trail_atr_len': 14, 'tp_converts_to_trail': True, 'don_upper': 1894.36, 'don_lower': 1809.41, 'atr': 8.656172366582034, 'exit_reason': 'sl', 'signal_time': Timestamp('2023-03-13 11:00:00+0000', tz='UTC')}"
2023-03-15 16:00:00+00:00,2023-03-15 18:00:00+00:00,1,1933.7749999999999,1909.669093529137,1909.844093529137,1981.141812941726,0.2,-482.11812941725844,-1.0073127192324716,"{'trail_atr_mult': 4.0, 'trail_atr_len': 14, 'tp_converts_to_trail': True, 'don_upper': 1930.39, 'don_lower': 1815.43, 'atr': 7.921968823620993, 'exit_reason': 'sl', 'signal_time': Timestamp('2023-03-15 15:00:00+0000', tz='UTC')}"
2023-03-17 12:00:00+00:00,2023-03-17 19:00:00+00:00,1,1945.165,1979.1349647063992,1979.3099647063991,,0.28,951.1590117791776,1.9545454083931044,"{'trail_atr_mult': 4.0, 'trail_atr_len': 14, 'tp_converts_to_trail': True, 'don_upper': 1937.36, 'don_lower': 1871.55, 'atr': 5.724994117733167, 'exit_reason': 'sl', 'signal_time': Timestamp('2023-03-17 11:00:00+0000', tz='UTC')}"
2023-03-19 21:00:00+00:00,2023-03-20 10:00:00+00:00,1,1986.875,1973.8764990840207,1974.0514990840206,2039.241750940365,0.2,-251.97001831958642,-0.5197213661476952,"{'trail_atr_mult': 4.0, 'trail_atr_len': 14, 'tp_converts_to_trail': True, 'don_upper': 1987.76, 'don_lower': 1885.75, 'atr': 8.511958490060797, 'exit_reason': 'sl', 'signal_time': Timestamp('2023-03-17 19:00:00+0000', tz='UTC')}"
2023-04-05 08:00:00+00:00,2023-04-05 15:00:00+00:00,1,2025.625,2013.986630139454,2014.161630139454,2050.9092946981305,0.38,-442.2580547007455,-0.8997825411441938,"{'trail_atr_mult': 4.0, 'trail_atr_len': 14, 'tp_converts_to_trail': True, 'don_upper': 2025.34, 'don_lower': 1949.76, 'atr': 4.246549116355088, 'exit_reason': 'sl', 'signal_time': Timestamp('2023-04-05 07:00:00+0000', tz='UTC')}"
2023-04-13 13:00:00+00:00,2023-04-14 13:00:00+00:00,1,2045.215,2030.077327961732,2030.252327961732,2078.3564145519554,0.29,-427.3924891097709,-0.8755118259192238,"{'trail_atr_mult': 4.0, 'trail_atr_len': 14, 'tp_converts_to_trail': True, 'don_upper': 2029.23, 'don_lower': 1981.72, 'atr': 5.552735758659231, 'exit_reason': 'sl', 'signal_time': Timestamp('2023-04-13 12:00:00+0000', tz='UTC')}"
2023-04-17 15:00:00+00:00,2023-04-18 08:00:00+00:00,-1,1985.085,2003.0541613489181,2002.8791613489182,1945.4146797928381,0.24,-436.05987237403383,-0.9020239261093406,"{'trail_atr_mult': 4.0, 'trail_atr_len': 14, 'tp_converts_to_trail': True, 'don_upper': 2048.67, 'don_lower': 1992.05, 'atr': 6.645886701193644, 'exit_reason': 'sl', 'signal_time': Timestamp('2023-04-17 14:00:00+0000', tz='UTC')}"
2023-04-19 09:00:00+00:00,2023-04-19 14:00:00+00:00,-1,1979.7450000000001,1991.2046889477467,1991.0296889477468,1947.4646603907452,0.29,-332.3309794846514,-0.6873337672989911,"{'trail_atr_mult': 4.0, 'trail_atr_len': 14, 'tp_converts_to_trail': True, 'don_upper': 2048.67, 'don_lower': 1981.18, 'atr': 5.439223268209128, 'exit_reason': 'sl', 'signal_time': Timestamp('2023-04-19 08:00:00+0000', tz='UTC')}"
2023-05-03 15:00:00+00:00,2023-05-03 23:00:00+00:00,1,2021.435,2049.3590293786892,2049.5340293786894,,0.34,949.4169988754358,1.953137069901774,"{'trail_atr_mult': 4.0, 'trail_atr_len': 14, 'tp_converts_to_trail': True, 'don_upper': 2020.15, 'don_lower': 1974.22, 'atr': 4.710671563114889, 'exit_reason': 'sl', 'signal_time': Timestamp('2023-05-03 14:00:00+0000', tz='UTC')}"
2023-05-03 23:00:00+00:00,2023-05-04 08:00:00+00:00,1,2056.7650000000003,2031.0019185986882,2031.1769185986882,2107.3261628026235,0.19,-466.6985466249298,-0.9599422878204741,"{'trail_atr_mult': 4.0, 'trail_atr_len': 14, 'tp_converts_to_trail': True, 'don_upper': 2040.37, 'don_lower': 1974.22, 'atr': 8.4610271337706, 'exit_reason': 'sl', 'signal_time': Timestamp('2023-05-03 22:00:00+0000', tz='UTC')}"
2023-05-16 16:00:00+00:00,2023-05-18 14:00:00+00:00,-1,1995.815,1967.2549999999999,1966.9234027584312,,0.33,916.0800000000058,1.8854470533398244,"{'trail_atr_mult': 4.0, 'trail_atr_len': 14, 'tp_converts_to_trail': True, 'don_upper': 2048.18, 'don_lower': 2000.89, 'atr': 4.84609954026146, 'exit_reason': 'sl_gap', 'signal_time': Timestamp('2023-05-16 15:00:00+0000', tz='UTC')}"
2023-05-18 14:00:00+00:00,2023-05-19 07:00:00+00:00,-1,1959.7350000000001,1966.8556558119571,1966.6806558119572,1933.0871799067752,0.36,-263.5436092304528,-0.5418128668067931,"{'trail_atr_mult': 4.0, 'trail_atr_len': 14, 'tp_converts_to_trail': True, 'don_upper': 2022.59, 'don_lower': 1966.25, 'atr': 4.462136682204122, 'exit_reason': 'sl', 'signal_time': Timestamp('2023-05-18 13:00:00+0000', tz='UTC')}"
2023-06-15 01:00:00+00:00,2023-06-15 14:00:00+00:00,-1,1939.015,1946.0274175593408,1945.852417559341,1908.598738339297,0.31,-217.38494433956313,-0.45195826299393144,"{'trail_atr_mult': 4.0, 'trail_atr_len': 14, 'tp_converts_to_trail': True, 'don_upper': 1973.1, 'don_lower': 1939.61, 'atr': 5.103543610117169, 'exit_reason': 'sl', 'signal_time': Timestamp('2023-06-15 00:00:00+0000', tz='UTC')}"
2023-06-22 15:00:00+00:00,2023-06-23 13:00:00+00:00,-1,1915.2150000000001,1924.216170080431,1924.0411700804311,1888.433391372458,0.36,-331.2421228955137,-0.6731756821627484,"{'trail_atr_mult': 4.0, 'trail_atr_len': 14, 'tp_converts_to_trail': True, 'don_upper': 1967.93, 'don_lower': 1918.93, 'atr': 4.494434771257045, 'exit_reason': 'sl', 'signal_time': Timestamp('2023-06-22 14:00:00+0000', tz='UTC')}"
2023-06-28 11:00:00+00:00,2023-06-29 15:00:00+00:00,-1,1906.835,1910.91100811379,1910.7360081137901,1886.472852043534,0.46,-215.09637323434308,-0.44774022030542854,"{'trail_atr_mult': 4.0, 'trail_atr_len': 14, 'tp_converts_to_trail': True, 'don_upper': 1937.47, 'don_lower': 1907.2, 'atr': 3.422857992744324, 'exit_reason': 'sl', 'signal_time': Timestamp('2023-06-28 10:00:00+0000', tz='UTC')}"
2023-07-12 03:00:00+00:00,2023-07-12 18:00:00+00:00,1,1940.2849999999999,1958.6111453268672,1958.7861453268672,,0.52,952.9595569971043,1.9233842954618583,"{'trail_atr_mult': 4.0, 'trail_atr_len': 14, 'tp_converts_to_trail': True, 'don_upper': 1939.11, 'don_lower': 1902.59, 'atr': 3.1143575544778725, 'exit_reason': 'sl', 'signal_time': Timestamp('2023-07-12 02:00:00+0000', tz='UTC')}"
2023-07-13 03:00:00+00:00,2023-07-14 15:00:00+00:00,1,1960.315,1951.4399107714605,1951.6149107714605,1981.1460397878968,0.47,-398.3291937413582,-0.7959310099858404,"{'trail_atr_mult': 4.0, 'trail_atr_len': 14, 'tp_converts_to_trail': True, 'don_upper': 1959.92, 'don_lower': 1908.97, 'atr': 3.4976732979827787, 'exit_reason': 'sl', 'signal_time': Timestamp('2023-07-13 02:00:00+0000', tz='UTC')}"
2023-07-18 15:00:00+00:00,2023-07-19 15:00:00+00:00,1,1982.975,1970.7767598080204,1970.9517598080204,2012.1890961210242,0.33,-389.3419263353233,-0.7934498173021982,"{'trail_atr_mult': 4.0, 'trail_atr_len': 14, 'tp_converts_to_trail': True, 'don_upper': 1972.21, 'don_lower': 1933.51, 'atr': 4.898182686837367, 'exit_reason': 'sl', 'signal_time': Timestamp('2023-07-18 14:00:00+0000', tz='UTC')}"
2023-07-27 14:00:00+00:00,2023-07-28 13:00:00+00:00,-1,1945.175,1960.5802160844455,1960.4052160844456,1909.050188538114,0.27,-421.34083428003,-0.8557881414196148,"{'trail_atr_mult': 4.0, 'trail_atr_len': 14, 'tp_converts_to_trail': True, 'don_upper': 1982.23, 'don_lower': 1951.74, 'atr': 6.039968576980974, 'exit_reason': 'sl', 'signal_time': Timestamp('2023-07-27 13:00:00+0000', tz='UTC')}"
2023-08-09 15:00:00+00:00,2023-08-10 13:00:00+00:00,-1,1917.195,1924.8263646727717,1924.6513646727717,1895.5287665963801,0.44,-362.18004560195584,-0.739856934980727,"{'trail_atr_mult': 4.0, 'trail_atr_len': 14, 'tp_converts_to_trail': True, 'don_upper': 1946.95, 'don_lower': 1921.54, 'atr': 3.6435389006033434, 'exit_reason': 'sl', 'signal_time': Timestamp('2023-08-09 14:00:00+0000', tz='UTC')}"
2023-08-16 19:00:00+00:00,2023-08-17 13:00:00+00:00,-1,1894.835,1900.6469612138824,1900.4719612138824,1875.5387825458422,0.5,-320.59806069411707,-0.6479602610334002,"{'trail_atr_mult': 4.0, 'trail_atr_len': 14, 'tp_converts_to_trail': True, 'don_upper': 1930.14, 'don_lower': 1896.35, 'atr': 3.2435362423596317, 'exit_reason': 'sl', 'signal_time': Timestamp('2023-08-16 18:00:00+0000', tz='UTC')}"
2023-08-17 16:00:00+00:00,2023-08-18 14:00:00+00:00,-1,1889.315,1895.6085697529822,1895.4335697529823,1867.4003896644354,0.44,-285.71706913121653,-0.5779868592295324,"{'trail_atr_mult': 4.0, 'trail_atr_len': 14, 'tp_converts_to_trail': True, 'don_upper': 1920.95, 'don_lower': 1889.62, 'atr': 3.6832683892607863, 'exit_reason': 'sl', 'signal_time': Timestamp('2023-08-17 15:00:00+0000', tz='UTC')}"
2023-08-23 17:00:00+00:00,2023-08-24 13:00:00+00:00,1,1919.965,1912.6413277805302,1912.8163277805302,1941.3393540846123,0.45,-275.5652498761365,-0.5592559667111413,"{'trail_atr_mult': 4.0, 'trail_atr_len': 14, 'tp_converts_to_trail': True, 'don_upper': 1918.96, 'don_lower': 1884.81, 'atr': 3.59155901410205, 'exit_reason': 'sl', 'signal_time': Timestamp('2023-08-23 16:00:00+0000', tz='UTC')}"
2023-08-29 15:00:00+00:00,2023-08-31 14:00:00+00:00,1,1934.335,1940.726989469906,1940.9019894699059,1955.8132373535418,0.44,351.6475366758581,0.724462085218249,"{'trail_atr_mult': 4.0, 'trail_atr_len': 14, 'tp_converts_to_trail': True, 'don_upper': 1926.07, 'don_lower': 1901.29, 'atr': 3.6122062255902674, 'exit_reason': 'sl', 'signal_time': Timestamp('2023-08-29 14:00:00+0000', tz='UTC')}"
2023-09-05 09:00:00+00:00,2023-09-07 04:00:00+00:00,-1,1933.285,1920.8828299227418,1920.707829922742,,0.75,870.1627557943675,1.7710302963318378,"{'trail_atr_mult': 4.0, 'trail_atr_len': 14, 'tp_converts_to_trail': True, 'don_upper': 1953.02, 'don_lower': 1934.4, 'atr': 2.1253616795430266, 'exit_reason': 'sl', 'signal_time': Timestamp('2023-09-05 08:00:00+0000', tz='UTC')}"
2023-09-14 13:00:00+00:00,2023-09-15 02:00:00+00:00,-1,1904.315,1912.5571156152325,1912.3821156152326,1887.2296725058304,0.56,-472.7584744530189,-0.9604048181733006,"{'trail_atr_mult': 4.0, 'trail_atr_len': 14, 'tp_converts_to_trail': True, 'don_upper': 1930.77, 'don_lower': 1905.21, 'atr': 2.8750545823615923, 'exit_reason': 'sl', 'signal_time': Timestamp('2023-09-14 12:00:00+0000', tz='UTC')}"
2023-09-18 17:00:00+00:00,2023-09-20 02:00:00+00:00,1,1931.235,1929.2042041250177,1929.3792041250176,1948.378556252572,0.56,-68.924568999005,-0.13979520607232482,"{'trail_atr_mult': 4.0, 'trail_atr_len': 14, 'tp_converts_to_trail': True, 'don_upper': 1930.67, 'don_lower': 1901.02, 'atr': 2.883092708762019, 'exit_reason': 'sl', 'signal_time': Timestamp('2023-09-18 16:00:00+0000', tz='UTC')}"
2023-09-26 07:00:00+00:00,2023-09-27 06:00:00+00:00,-1,1910.315,1897.865,1897.6870013415332,,0.75,918.7500000000034,1.8542346543190928,"{'trail_atr_mult': 4.0, 'trail_atr_len': 14, 'tp_converts_to_trail': True, 'don_upper': 1947.42, 'don_lower': 1912.93, 'atr': 2.137166443077786, 'exit_reason': 'sl_gap', 'signal_time': Timestamp('2023-09-26 06:00:00+0000', tz='UTC')}"
2023-09-27 06:00:00+00:00,2023-09-27 17:00:00+00:00,-1,1896.2050000000002,1881.675,1880.6397317290648,,0.63,915.3900000000126,1.833407454262994,"{'trail_atr_mult': 4.0, 'trail_atr_len': 14, 'tp_converts_to_trail': True, 'don_upper': 1933.68, 'don_lower': 1896.53, 'atr': 2.6100447118225425, 'exit_reason': 'sl_gap', 'signal_time': Timestamp('2023-09-27 05:00:00+0000', tz='UTC')}"
2023-09-27 17:00:00+00:00,2023-09-29 08:00:00+00:00,-1,1875.7150000000001,1871.194712139904,1871.019712139904,1854.8042659214589,0.47,174.8535294245229,0.34711084271384884,"{'trail_atr_mult': 4.0, 'trail_atr_len': 14, 'tp_converts_to_trail': True, 'don_upper': 1929.12, 'don_lower': 1879.8, 'atr': 3.5142890130902065, 'exit_reason': 'sl', 'signal_time': Timestamp('2023-09-27 16:00:00+0000', tz='UTC')}"
2023-09-29 16:00:00+00:00,2023-10-03 09:00:00+00:00,-1,1854.605,1825.5734693415789,1825.398469341579,,0.33,931.6405117278983,1.8971827075992749,"{'trail_atr_mult': 4.0, 'trail_atr_len': 14, 'tp_converts_to_trail': True, 'don_upper': 1927.22, 'don_lower': 1857.66, 'atr': 4.898588443070194, 'exit_reason': 'sl', 'signal_time': Timestamp('2023-09-29 15:00:00+0000', tz='UTC')}"
2023-10-09 19:00:00+00:00,2023-10-12 13:00:00+00:00,1,1857.2549999999999,1883.1793705938292,1883.3543705938291,,0.38,1061.1260825655127,2.1023927892585608,"{'trail_atr_mult': 4.0, 'trail_atr_len': 14, 'tp_converts_to_trail': True, 'don_upper': 1855.6, 'don_lower': 1810.47, 'atr': 4.375728432304872, 'exit_reason': 'sl', 'signal_time': Timestamp('2023-10-09 18:00:00+0000', tz='UTC')}"
2023-10-13 10:00:00+00:00,2023-10-13 14:00:00+00:00,1,1887.7849999999999,1906.5564517942985,1906.7314517942984,,0.52,976.1154933035288,1.9251337789924954,"{'trail_atr_mult': 4.0, 'trail_atr_len': 14, 'tp_converts_to_trail': True, 'don_upper': 1885.12, 'don_lower': 1844.23, 'atr': 3.1885752990497442, 'exit_reason': 'sl', 'signal_time': Timestamp('2023-10-13 09:00:00+0000', tz='UTC')}"
2023-10-13 15:00:00+00:00,2023-10-16 07:00:00+00:00,1,1921.0249999999999,1913.4321442630808,1913.6071442630807,1956.7251614546544,0.28,-178.9999606337346,-0.35265906869094044,"{'trail_atr_mult': 4.0, 'trail_atr_len': 14, 'tp_converts_to_trail': True, 'don_upper': 1919.22, 'don_lower': 1844.23, 'atr': 5.980860242442436, 'exit_reason': 'sl', 'signal_time': Timestamp('2023-10-13 14:00:00+0000', tz='UTC')}"
2023-10-18 02:00:00+00:00,2023-10-18 16:00:00+00:00,1,1939.2749999999999,1941.8864021919378,1942.0614021919378,1967.0609056253031,0.36,94.01047890976587,0.1837016538519166,"{'trail_atr_mult': 4.0, 'trail_atr_len': 14, 'tp_converts_to_trail': True, 'don_upper': 1932.41, 'don_lower': 1867.91, 'atr': 4.666817604217195, 'exit_reason': 'sl', 'signal_time': Timestamp('2023-10-18 01:00:00+0000', tz='UTC')}"
2023-10-19 18:00:00+00:00,2023-10-22 23:00:00+00:00,1,1972.915,1967.895,1973.3252361476516,2008.5184162988148,0.28,-106.95999999999952,-0.21129243982542484,"{'trail_atr_mult': 4.0, 'trail_atr_len': 14, 'tp_converts_to_trail': True, 'don_upper': 1962.67, 'don_lower': 1882.44, 'atr': 5.964736049802461, 'exit_reason': 'sl_gap', 'signal_time': Timestamp('2023-10-19 17:00:00+0000', tz='UTC')}"
2023-11-07 07:00:00+00:00,2023-11-08 02:00:00+00:00,-1,1969.175,1970.6915522482366,1970.5165522482366,1950.869316602415,0.55,-94.41037365301418,-0.1817353255156546,"{'trail_atr_mult': 4.0, 'trail_atr_len': 14, 'tp_converts_to_trail': True, 'don_upper': 2004.11, 'don_lower': 1969.88, 'atr': 3.0834472329308054, 'exit_reason': 'sl', 'signal_time': Timestamp('2023-11-07 06:00:00+0000', tz='UTC')}"
2023-11-08 15:00:00+00:00,2023-11-09 14:00:00+00:00,-1,1955.2350000000001,1957.7851995868673,1957.6101995868673,1931.7753065104976,0.43,-135.45858223528813,-0.26268416465241956,"{'trail_atr_mult': 4.0, 'trail_atr_len': 14, 'tp_converts_to_trail': True, 'don_upper': 2004.11, 'don_lower': 1956.71, 'atr': 3.9391155815837693, 'exit_reason': 'sl', 'signal_time': Timestamp('2023-11-08 14:00:00+0000', tz='UTC')}"
2023-11-10 14:00:00+00:00,2023-11-13 17:00:00+00:00,-1,1942.4650000000001,1946.8650075345042,1946.6900075345043,1918.5234137444593,0.42,-210.00031644917152,-0.4092230790518399,"{'trail_atr_mult': 4.0, 'trail_atr_len': 14, 'tp_converts_to_trail': True, 'don_upper': 1989.12, 'don_lower': 1943.11, 'atr': 4.017764375923462, 'exit_reason': 'sl', 'signal_time': Timestamp('2023-11-10 13:00:00+0000', tz='UTC')}"
2023-11-15 08:00:00+00:00,2023-11-15 14:00:00+00:00,1,1971.735,1962.3985424371253,1962.5735424371253,1990.051987597916,0.54,-504.1687083952261,-0.9831996271837445,"{'trail_atr_mult': 4.0, 'trail_atr_len': 14, 'tp_converts_to_trail': True, 'don_upper': 1971.0, 'don_lower': 1931.6, 'atr': 3.0903312663193314, 'exit_reason': 'sl', 'signal_time': Timestamp('2023-11-15 07:00:00+0000', tz='UTC')}"
2023-11-16 14:00:00+00:00,2023-11-17 14:00:00+00:00,1,1979.885,1979.8369134397087,1980.0119134397087,2003.5324965921172,0.42,14.780364467766777,0.02911684677398984,"{'trail_atr_mult': 4.0, 'trail_atr_len': 14, 'tp_converts_to_trail': True, 'don_upper': 1975.34, 'don_lower': 1931.6, 'atr': 3.970416098686189, 'exit_reason': 'sl', 'signal_time': Timestamp('2023-11-16 13:00:00+0000', tz='UTC')}"
2023-11-21 14:00:00+00:00,2023-11-22 15:00:00+00:00,1,2005.5149999999999,1992.890511375564,1993.065511375564,2034.7062127713455,0.34,-415.6326132308171,-0.8227487613242253,"{'trail_atr_mult': 4.0, 'trail_atr_len': 14, 'tp_converts_to_trail': True, 'don_upper': 2000.35, 'don_lower': 1955.37, 'atr': 4.89436879522424, 'exit_reason': 'sl', 'signal_time': Timestamp('2023-11-21 13:00:00+0000', tz='UTC')}"
2023-11-27 01:00:00+00:00,2023-11-29 09:00:00+00:00,1,2012.155,2036.0359457547281,2036.210945754728,,0.43,1061.2806674533103,2.095381195314533,"{'trail_atr_mult': 4.0, 'trail_atr_len': 14, 'tp_converts_to_trail': True, 'don_upper': 2007.53, 'don_lower': 1965.4, 'atr': 3.864579276858544, 'exit_reason': 'sl', 'signal_time': Timestamp('2023-11-27 00:00:00+0000', tz='UTC')}"
2023-12-01 18:00:00+00:00,2023-12-04 00:00:00+00:00,1,2071.965,2109.1765707338936,2109.351570733894,,0.27,1037.1124098151245,2.026377171418659,"{'trail_atr_mult': 4.0, 'trail_atr_len': 14, 'tp_converts_to_trail': True, 'don_upper': 2067.68, 'don_lower': 2005.69, 'atr': 6.260261788982273, 'exit_reason': 'sl', 'signal_time': Timestamp('2023-12-01 17:00:00+0000', tz='UTC')}"
2023-12-08 17:00:00+00:00,2023-12-12 13:00:00+00:00,-1,1996.9850000000001,1990.4085096873243,1990.2335096873244,1961.3903776878215,0.28,161.74172875492204,0.31985330647978993,"{'trail_atr_mult': 4.0, 'trail_atr_len': 14, 'tp_converts_to_trail': True, 'don_upper': 2076.05, 'don_lower': 2001.18, 'atr': 5.961603718696438, 'exit_reason': 'sl', 'signal_time': Timestamp('2023-12-08 16:00:00+0000', tz='UTC')}"
2023-12-14 00:00:00+00:00,2023-12-15 13:00:00+00:00,1,2038.125,2030.8290343750257,2031.0040343750256,2077.8065891703504,0.26,-179.29510624933218,-0.34251550812016757,"{'trail_atr_mult': 4.0, 'trail_atr_len': 14, 'tp_converts_to_trail': True, 'don_upper': 2033.98, 'don_lower': 1973.0, 'atr': 6.646098195058407, 'exit_reason': 'sl', 'signal_time': Timestamp('2023-12-13 23:00:00+0000', tz='UTC')}"
2023-12-22 10:00:00+00:00,2023-12-26 14:00:00+00:00,1,2055.905,2055.949893544269,2056.124893544269,2079.779897883124,0.42,69.08552885928493,0.1348279039648242,"{'trail_atr_mult': 4.0, 'trail_atr_len': 14, 'tp_converts_to_trail': True, 'don_upper': 2055.09, 'don_lower': 2018.67, 'atr': 4.008316313853928, 'exit_reason': 'sl', 'signal_time': Timestamp('2023-12-22 09:00:00+0000', tz='UTC')}"
2023-12-28 01:00:00+00:00,2023-12-28 09:00:00+00:00,1,2087.1850000000004,2073.7753835006624,2073.9503835006626,2113.0692329986737,0.39,-522.9750434741809,-1.0132228992059527,"{'trail_atr_mult': 4.0, 'trail_atr_len': 14, 'tp_converts_to_trail': True, 'don_upper': 2084.51, 'don_lower': 2027.27, 'atr': 4.346538833112342, 'exit_reason': 'sl', 'signal_time': Timestamp('2023-12-28 00:00:00+0000', tz='UTC')}"
2024-01-03 12:00:00+00:00,2024-01-04 06:00:00+00:00,-1,2045.535,2048.8147666751966,2048.6397666751964,2017.4438548073902,0.34,-131.91206695667998,-0.27115928082434126,"{'trail_atr_mult': 4.0, 'trail_atr_len': 14, 'tp_converts_to_trail': True, 'don_upper': 2088.51, 'don_lower': 2046.6, 'atr': 4.711024198768298, 'exit_reason': 'sl', 'signal_time': Timestamp('2024-01-03 11:00:00+0000', tz='UTC')}"
2024-01-12 12:00:00+00:00,2024-01-16 03:00:00+00:00,1,2047.875,2048.8713813867334,2049.0463813867336,2077.3909727584683,0.33,85.68058576220375,0.17268356481765607,"{'trail_atr_mult': 4.0, 'trail_atr_len': 14, 'tp_converts_to_trail': True, 'don_upper': 2047.46, 'don_lower': 2013.16, 'atr': 4.95016212641138, 'exit_reason': 'sl', 'signal_time': Timestamp('2024-01-12 11:00:00+0000', tz='UTC')}"
2024-01-17 14:00:00+00:00,2024-01-18 18:00:00+00:00,-1,2012.115,2018.1291627915223,2017.9541627915223,1978.1933889942782,0.28,-185.1965581626235,-0.383689846454142,"{'trail_atr_mult': 4.0, 'trail_atr_len': 14, 'tp_converts_to_trail': True, 'don_upper': 2062.33, 'don_lower': 2013.16, 'atr': 5.6844351676202844, 'exit_reason': 'sl', 'signal_time': Timestamp('2024-01-17 13:00:00+0000', tz='UTC')}"
2024-01-30 07:00:00+00:00,2024-01-30 15:00:00+00:00,1,2038.0449999999998,2030.488468849617,2030.663468849617,2062.353509487443,0.4,-302.2612460153141,-0.6078410736182929,"{'trail_atr_mult': 4.0, 'trail_atr_len': 14, 'tp_converts_to_trail': True, 'don_upper': 2037.46, 'don_lower': 2009.47, 'atr': 4.0822515812404765, 'exit_reason': 'sl', 'signal_time': Timestamp('2024-01-30 06:00:00+0000', tz='UTC')}"
2024-01-31 14:00:00+00:00,2024-01-31 20:00:00+00:00,1,2051.855,2038.3391543843577,2038.5141543843577,2078.011691231284,0.37,-500.08628777876584,-1.0131176092611973,"{'trail_atr_mult': 4.0, 'trail_atr_len': 14, 'tp_converts_to_trail': True, 'don_upper': 2048.64, 'don_lower': 2009.47, 'atr': 4.3886152052140925, 'exit_reason': 'sl', 'signal_time': Timestamp('2024-01-31 13:00:00+0000', tz='UTC')}"
2024-02-05 08:00:00+00:00,2024-02-06 13:00:00+00:00,-1,2023.165,2029.4615108112414,2029.2865108112414,1994.5769581051923,0.34,-220.88136758220872,-0.44675593665470753,"{'trail_atr_mult': 4.0, 'trail_atr_len': 14, 'tp_converts_to_trail': True, 'don_upper': 2065.54, 'don_lower': 2026.66, 'atr': 4.792173649134628, 'exit_reason': 'sl', 'signal_time': Timestamp('2024-02-05 07:00:00+0000', tz='UTC')}"
2024-02-13 15:00:00+00:00,2024-02-15 08:00:00+00:00,-1,1991.9750000000001,1996.084592705004,1995.9095927050041,1960.7985844989726,0.31,-152.19737385512192,-0.3100330457187569,"{'trail_atr_mult': 4.0, 'trail_atr_len': 14, 'tp_converts_to_trail': True, 'don_upper': 2044.64, 'don_lower': 1992.42, 'atr': 5.223569250171276, 'exit_reason': 'sl', 'signal_time': Timestamp('2024-02-13 14:00:00+0000', tz='UTC')}"
2024-02-20 13:00:00+00:00,2024-02-21 17:00:00+00:00,1,2030.105,2021.504606805666,2021.679606805666,2047.2775065229264,0.55,-451.0216256883671,-0.925160364062327,"{'trail_atr_mult': 4.0, 'trail_atr_len': 14, 'tp_converts_to_trail': True, 'don_upper': 2028.09, 'don_lower': 1984.03, 'atr': 2.8929177538210684, 'exit_reason': 'sl', 'signal_time': Timestamp('2024-02-20 12:00:00+0000', tz='UTC')}"
2024-02-23 18:00:00+00:00,2024-02-26 14:00:00+00:00,1,2040.7549999999999,2028.0177588449103,2028.1927588449103,2065.568731157535,0.38,-438.4151638934039,-0.908489568516652,"{'trail_atr_mult': 4.0, 'trail_atr_len': 14, 'tp_converts_to_trail': True, 'don_upper': 2039.87, 'don_lower': 2013.15, 'atr': 4.168121859589147, 'exit_reason': 'sl', 'signal_time': Timestamp('2024-02-23 17:00:00+0000', tz='UTC')}"
2024-02-29 13:00:00+00:00,2024-03-01 08:00:00+00:00,1,2047.685,2039.5855711477952,2039.7605711477952,2070.4976882849596,0.41,-315.67658294039313,-0.6606771772534084,"{'trail_atr_mult': 4.0, 'trail_atr_len': 14, 'tp_converts_to_trail': True, 'don_upper': 2041.39, 'don_lower': 2015.92, 'atr': 3.8296147141599732, 'exit_reason': 'sl', 'signal_time': Timestamp('2024-02-29 12:00:00+0000', tz='UTC')}"
2024-03-01 10:00:00+00:00,2024-03-06 08:00:00+00:00,1,2055.025,2124.3606171823244,2124.5356171823246,,0.4,2853.4246872929725,5.9675029503082895,"{'trail_atr_mult': 4.0, 'trail_atr_len': 14, 'tp_converts_to_trail': True, 'don_upper': 2050.78, 'don_lower': 2024.38, 'atr': 3.9263381882025055, 'exit_reason': 'sl', 'signal_time': Timestamp('2024-03-01 09:00:00+0000', tz='UTC')}"
2024-03-06 14:00:00+00:00,2024-03-08 14:00:00+00:00,1,2144.895,2171.015,2177.703016218767,,0.3,831.5999999999966,1.685976725223816,"{'trail_atr_mult': 4.0, 'trail_atr_len': 14, 'tp_converts_to_trail': True, 'don_upper': 2141.81, 'don_lower': 2027.97, 'atr': 5.472169369794548, 'exit_reason': 'sl_gap', 'signal_time': Timestamp('2024-03-06 13:00:00+0000', tz='UTC')}"
2024-03-18 02:00:00+00:00,2024-03-18 12:00:00+00:00,-1,2147.6749999999997,2161.5124785621138,2161.3374785621136,2120.8750428757726,0.36,-498.14922823610505,-1.0128088032639595,"{'trail_atr_mult': 4.0, 'trail_atr_len': 14, 'tp_converts_to_trail': True, 'don_upper': 2184.76, 'don_lower': 2150.13, 'atr': 4.495826187371197, 'exit_reason': 'sl', 'signal_time': Timestamp('2024-03-18 01:00:00+0000', tz='UTC')}"
2024-03-20 22:00:00+00:00,2024-03-21 14:00:00+00:00,1,2201.0150000000003,2185.5168182134694,2185.6918182134696,2248.373508509852,0.21,-300.26181751714995,-0.5979562032168908,"{'trail_atr_mult': 4.0, 'trail_atr_len': 14, 'tp_converts_to_trail': True, 'don_upper': 2188.77, 'don_lower': 2146.08, 'atr': 7.9189180849752905, 'exit_reason': 'sl', 'signal_time': Timestamp('2024-03-20 21:00:00+0000', tz='UTC')}"
2024-03-28 10:00:00+00:00,2024-04-01 01:00:00+00:00,1,2212.5150000000003,2245.9649999999997,2246.5356500910802,,0.28,981.3999999999821,2.004824729910538,"{'trail_atr_mult': 4.0, 'trail_atr_len': 14, 'tp_converts_to_trail': True, 'don_upper': 2200.58, 'don_lower': 2157.09, 'atr': 5.722608348513417, 'exit_reason': 'sl_gap', 'signal_time': Timestamp('2024-03-28 09:00:00+0000', tz='UTC')}"
2024-04-01 01:00:00+00:00,2024-04-01 15:00:00+00:00,1,2250.2250000000004,2236.4726821389754,2236.6476821389756,2300.595041936339,0.19,-261.294039359474,-0.540418765278815,"{'trail_atr_mult': 4.0, 'trail_atr_len': 14, 'tp_converts_to_trail': True, 'don_upper': 2247.32, 'don_lower': 2157.09, 'atr': 8.424173656056446, 'exit_reason': 'sl', 'signal_time': Timestamp('2024-04-01 00:00:00+0000', tz='UTC')}"
2024-04-02 20:00:00+00:00,2024-04-04 13:00:00+00:00,1,2277.5950000000003,2284.0167021695675,2284.1917021695676,2326.058009702575,0.2,160.43404339134398,0.3280993324006234,"{'trail_atr_mult': 4.0, 'trail_atr_len': 14, 'tp_converts_to_trail': True, 'don_upper': 2277.0, 'don_lower': 2171.67, 'atr': 8.101334950429205, 'exit_reason': 'sl', 'signal_time': Timestamp('2024-04-02 19:00:00+0000', tz='UTC')}"
2024-04-09 08:00:00+00:00,2024-04-10 13:00:00+00:00,1,2354.1150000000002,2340.276407030398,2340.451407030398,2395.0781102004416,0.24,-322.5262312704566,-0.6478286383581389,"{'trail_atr_mult': 4.0, 'trail_atr_len': 14, 'tp_converts_to_trail': True, 'don_upper': 2353.84, 'don_lower': 2265.42, 'atr': 6.856351700073621, 'exit_reason': 'sl', 'signal_time': Timestamp('2024-04-09 07:00:00+0000', tz='UTC')}"
2024-04-12 02:00:00+00:00,2024-04-12 16:00:00+00:00,1,2390.835,2391.19667410216,2391.3716741021603,2440.8592532317252,0.19,6.871807941042335,0.01426743311216306,"{'trail_atr_mult': 4.0, 'trail_atr_len': 14, 'tp_converts_to_trail': True, 'don_upper': 2379.37, 'don_lower': 2302.9, 'atr': 8.374875538620833, 'exit_reason': 'sl', 'signal_time': Timestamp('2024-04-12 01:00:00+0000', tz='UTC')}"
2024-04-22 12:00:00+00:00,2024-04-23 14:00:00+00:00,-1,2341.595,2329.345194899699,2329.170194899699,2290.3537027020598,0.19,228.94629690571554,0.45525681679174756,"{'trail_atr_mult': 4.0, 'trail_atr_len': 14, 'tp_converts_to_trail': True, 'don_upper': 2417.83, 'don_lower': 2351.53, 'atr': 8.634382882989978, 'exit_reason': 'sl', 'signal_time': Timestamp('2024-04-22 11:00:00+0000', tz='UTC')}"
2024-04-30 15:00:00+00:00,2024-05-01 14:00:00+00:00,-1,2293.0249999999996,2303.146252492726,2302.971252492726,2251.57518498272,0.24,-247.71005982543355,-0.49319307651772865,"{'trail_atr_mult': 4.0, 'trail_atr_len': 14, 'tp_converts_to_trail': True, 'don_upper': 2352.5, 'don_lower': 2302.91, 'atr': 6.930802502879965, 'exit_reason': 'sl', 'signal_time': Timestamp('2024-04-30 14:00:00+0000', tz='UTC')}"
2024-05-09 20:00:00+00:00,2024-05-13 05:00:00+00:00,1,2343.8450000000003,2354.5471336187684,2354.7221336187686,2383.3511586989616,0.25,307.55334046920325,0.6202054097850155,"{'trail_atr_mult': 4.0, 'trail_atr_len': 14, 'tp_converts_to_trail': True, 'don_upper': 2338.71, 'don_lower': 2277.38, 'atr': 6.593526449826927, 'exit_reason': 'sl', 'signal_time': Timestamp('2024-05-09 19:00:00+0000', tz='UTC')}"
2024-05-15 18:00:00+00:00,2024-05-16 14:00:00+00:00,1,2389.405,2373.4697108938344,2373.6447108938346,2440.4107377598993,0.19,-279.97049301714986,-0.5719028970562262,"{'trail_atr_mult': 4.0, 'trail_atr_len': 14, 'tp_converts_to_trail': True, 'don_upper': 2386.62, 'don_lower': 2306.73, 'atr': 8.530122959983252, 'exit_reason': 'sl', 'signal_time': Timestamp('2024-05-15 17:00:00+0000', tz='UTC')}"
2024-05-17 14:00:00+00:00,2024-05-20 03:00:00+00:00,1,2401.985,2434.0293749873717,2434.204374987372,,0.3,997.3312496211483,2.0084580965539125,"{'trail_atr_mult': 4.0, 'trail_atr_len': 14, 'tp_converts_to_trail': True, 'don_upper': 2397.25, 'don_lower': 2332.11, 'atr': 5.419062497895283, 'exit_reason': 'sl', 'signal_time': Timestamp('2024-05-17 13:00:00+0000', tz='UTC')}"
2024-05-20 06:00:00+00:00,2024-05-20 13:00:00+00:00,1,2449.855,2425.2757345864757,2425.450734586476,2497.5985308270488,0.2,-491.5853082704871,-1.007170877591882,"{'trail_atr_mult': 4.0, 'trail_atr_len': 14, 'tp_converts_to_trail': True, 'don_upper': 2440.51, 'don_lower': 2334.84, 'atr': 8.01642180450812, 'exit_reason': 'sl', 'signal_time': Timestamp('2024-05-20 05:00:00+0000', tz='UTC')}"
2024-05-23 02:00:00+00:00,2024-05-23 23:00:00+00:00,-1,2372.845,2329.125,2328.755436639476,,0.22,961.8399999999957,1.9572659120215212,"{'trail_atr_mult': 4.0, 'trail_atr_len': 14, 'tp_converts_to_trail': True, 'don_upper': 2450.07, 'don_lower': 2374.05, 'atr': 7.380760560087342, 'exit_reason': 'sl_gap', 'signal_time': Timestamp('2024-05-23 01:00:00+0000', tz='UTC')}"
2024-05-30 06:00:00+00:00,2024-05-30 13:00:00+00:00,-1,2324.8849999999998,2342.5403344959627,2342.3653344959625,2290.419331008076,0.29,-512.0047003829259,-1.0100112500730807,"{'trail_atr_mult': 4.0, 'trail_atr_len': 14, 'tp_converts_to_trail': True, 'don_upper': 2364.14, 'don_lower': 2325.46, 'atr': 5.771778165320721, 'exit_reason': 'sl', 'signal_time': Timestamp('2024-05-30 05:00:00+0000', tz='UTC')}"
2024-06-06 02:00:00+00:00,2024-06-06 14:00:00+00:00,1,2367.6850000000004,2353.8545178131967,2354.029517813197,2402.3654102534706,0.28,-387.25350123050345,-0.7857020888111952,"{'trail_atr_mult': 4.0, 'trail_atr_len': 14, 'tp_converts_to_trail': True, 'don_upper': 2359.8, 'don_lower': 2314.77, 'atr': 5.809235042245076, 'exit_reason': 'sl', 'signal_time': Timestamp('2024-06-06 01:00:00+0000', tz='UTC')}"
2024-06-07 04:00:00+00:00,2024-06-07 09:00:00+00:00,1,2380.2850000000003,2362.9231246013205,2363.0981246013207,2415.791578977056,0.28,-486.13251116303405,-0.9693528813902642,"{'trail_atr_mult': 4.0, 'trail_atr_len': 14, 'tp_converts_to_trail': True, 'don_upper': 2380.04, 'don_lower': 2314.77, 'atr': 5.935263162842689, 'exit_reason': 'sl', 'signal_time': Timestamp('2024-06-07 03:00:00+0000', tz='UTC')}"
2024-06-07 14:00:00+00:00,2024-06-10 23:00:00+00:00,-1,2309.375,2312.2050000000004,2310.5810724297176,2246.3966118341054,0.15,-51.45000000000573,-0.10843554540600897,"{'trail_atr_mult': 4.0, 'trail_atr_len': 14, 'tp_converts_to_trail': True, 'don_upper': 2387.69, 'don_lower': 2313.31, 'atr': 10.512231360982373, 'exit_reason': 'sl_gap', 'signal_time': Timestamp('2024-06-07 13:00:00+0000', tz='UTC')}"
2024-06-26 11:00:00+00:00,2024-06-27 10:00:00+00:00,-1,2308.1549999999997,2310.498618438218,2310.3236184382176,2275.5221358514805,0.3,-88.30855314654218,-0.17771253981368026,"{'trail_atr_mult': 4.0, 'trail_atr_len': 14, 'tp_converts_to_trail': True, 'don_upper': 2368.73, 'don_lower': 2309.74, 'atr': 5.4663106914199755, 'exit_reason': 'sl', 'signal_time': Timestamp('2024-06-26 10:00:00+0000', tz='UTC')}"
2024-07-05 19:00:00+00:00,2024-07-08 03:00:00+00:00,1,2391.215,2381.9018065681826,2382.0768065681827,2427.6958069786765,0.27,-219.05622265907468,-0.4388379372759229,"{'trail_atr_mult': 2.0, 'trail_atr_len': 14, 'tp_converts_to_trail': True, 'don_upper': 2389.93, 'don_lower': 2293.67, 'atr': 6.107634496446074, 'exit_reason': 'sl', 'signal_time': Timestamp('2024-07-05 18:00:00+0000', tz='UTC')}"
2024-07-11 13:00:00+00:00,2024-07-11 23:00:00+00:00,1,2407.2450000000003,2411.130554570001,2411.3055545700013,2440.999481767201,0.27,104.90997339002024,0.21378871890860338,"{'trail_atr_mult': 2.0, 'trail_atr_len': 14, 'tp_converts_to_trail': True, 'don_upper': 2392.91, 'don_lower': 2318.5, 'atr': 5.769913627866764, 'exit_reason': 'sl', 'signal_time': Timestamp('2024-07-11 12:00:00+0000', tz='UTC')}"
2024-07-16 10:00:00+00:00,2024-07-16 13:00:00+00:00,1,2442.665,2432.7190471833674,2432.8940471833675,2475.0765130937234,0.3,-298.37858449897794,-0.6039469198412377,"{'trail_atr_mult': 2.0, 'trail_atr_len': 14, 'tp_converts_to_trail': True, 'don_upper': 2439.67, 'don_lower': 2349.29, 'atr': 5.43108551562063, 'exit_reason': 'sl', 'signal_time': Timestamp('2024-07-16 09:00:00+0000', tz='UTC')}"
2024-07-16 15:00:00+00:00,2024-07-17 04:00:00+00:00,1,2452.2650000000003,2467.757740711835,2467.9327407118353,2495.1258482673184,0.22,349.6402956603659,0.7326232560402143,"{'trail_atr_mult': 2.0, 'trail_atr_len': 14, 'tp_converts_to_trail': True, 'don_upper': 2448.01, 'don_lower': 2349.29, 'atr': 7.172641377886367, 'exit_reason': 'sl', 'signal_time': Timestamp('2024-07-16 14:00:00+0000', tz='UTC')}"
2024-07-17 14:00:00+00:00,2024-07-17 16:00:00+00:00,1,2483.0150000000003,2463.325,2466.2897783981193,2528.1937913153165,0.21,-413.49000000001064,-0.8633353831032519,"{'trail_atr_mult': 2.0, 'trail_atr_len': 14, 'tp_converts_to_trail': True, 'don_upper': 2482.36, 'don_lower': 2349.29, 'atr': 7.553965219219428, 'exit_reason': 'sl_gap', 'signal_time': Timestamp('2024-07-17 13:00:00+0000', tz='UTC')}"
2024-07-25 02:00:00+00:00,2024-07-25 11:00:00+00:00,-1,2376.145,2381.705645683329,2381.5306456833287,2329.4664558088525,0.21,-116.77355934990601,-0.23485657845937655,"{'trail_atr_mult': 2.0, 'trail_atr_len': 14, 'tp_converts_to_trail': True, 'don_upper': 2483.54, 'don_lower': 2383.71, 'atr': 7.817257365191203, 'exit_reason': 'sl', 'signal_time': Timestamp('2024-07-25 01:00:00+0000', tz='UTC')}"
2024-07-25 18:00:00+00:00,2024-07-26 02:00:00+00:00,-1,2355.865,2369.39073375832,2369.21573375832,2300.7842500580628,0.17,-233.33747389144438,-0.4934141724572602,"{'trail_atr_mult': 2.0, 'trail_atr_len': 14, 'tp_converts_to_trail': True, 'don_upper': 2483.54, 'don_lower': 2357.43, 'atr': 9.21095832365624, 'exit_reason': 'sl', 'signal_time': Timestamp('2024-07-25 17:00:00+0000', tz='UTC')}"
2024-07-31 19:00:00+00:00,2024-08-01 03:00:00+00:00,1,2433.855,2444.1302603769614,2444.3052603769615,2473.3081487730256,0.24,275.40624904707215,0.5745077421314647,"{'trail_atr_mult': 2.0, 'trail_atr_len': 14, 'tp_converts_to_trail': True, 'don_upper': 2431.9, 'don_lower': 2352.97, 'atr': 6.603024795504234, 'exit_reason': 'sl', 'signal_time': Timestamp('2024-07-31 18:00:00+0000', tz='UTC')}"
2024-08-02 06:00:00+00:00,2024-08-02 14:00:00+00:00,1,2466.8250000000003,2461.439368908568,2461.6143689085684,2513.476529908036,0.21,-113.09825292007325,-0.2275945902603564,"{'trail_atr_mult': 2.0, 'trail_atr_len': 14, 'tp_converts_to_trail': True, 'don_upper': 2462.17, 'don_lower': 2352.97, 'atr': 7.812754984672656, 'exit_reason': 'sl', 'signal_time': Timestamp('2024-08-02 05:00:00+0000', tz='UTC')}"
2024-08-16 19:00:00+00:00,2024-08-19 02:00:00+00:00,1,2503.3650000000002,2495.5415698565494,2495.7165698565495,2550.048105372824,0.21,-139.09203301246845,-0.28078406672371764,"{'trail_atr_mult': 2.0, 'trail_atr_len': 14, 'tp_converts_to_trail': True, 'don_upper': 2499.97, 'don_lower': 2378.94, 'atr': 7.808017562137342, 'exit_reason': 'sl', 'signal_time': Timestamp('2024-08-16 18:00:00+0000', tz='UTC')}"
2024-08-20 14:00:00+00:00,2024-08-20 16:00:00+00:00,1,2530.0150000000003,2516.8019588890706,2516.976958889071,2567.6328998639,0.25,-330.326027773242,-0.687411259697241,"{'trail_atr_mult': 2.0, 'trail_atr_len': 14, 'tp_converts_to_trail': True, 'don_upper': 2529.11, 'don_lower': 2380.95, 'atr': 6.315483310650044, 'exit_reason': 'sl', 'signal_time': Timestamp('2024-08-20 13:00:00+0000', tz='UTC')}"
2024-09-12 19:00:00+00:00,2024-09-16 08:00:00+00:00,1,2555.9350000000004,2579.9097843439836,2580.0847843439838,2599.751145594631,0.22,562.6452555676299,1.1527664657401613,"{'trail_atr_mult': 2.0, 'trail_atr_len': 14, 'tp_converts_to_trail': True, 'don_upper': 2555.06, 'don_lower': 2471.77, 'atr': 7.333524265771862, 'exit_reason': 'sl', 'signal_time': Timestamp('2024-09-12 18:00:00+0000', tz='UTC')}"
2024-09-20 08:00:00+00:00,2024-09-20 14:00:00+00:00,1,2607.215,2606.6315374331766,2606.806537433177,2642.715933178067,0.27,-15.753489304235247,-0.03241824924705943,"{'trail_atr_mult': 2.0, 'trail_atr_len': 14, 'tp_converts_to_trail': True, 'don_upper': 2606.86, 'don_lower': 2493.17, 'atr': 5.9443221963445, 'exit_reason': 'sl', 'signal_time': Timestamp('2024-09-20 07:00:00+0000', tz='UTC')}"
2024-09-20 16:00:00+00:00,2024-09-23 08:00:00+00:00,1,2622.875,2619.841582790432,2620.016582790432,2667.7037200325094,0.21,-38.50176140093099,-0.08084969472201761,"{'trail_atr_mult': 2.0, 'trail_atr_len': 14, 'tp_converts_to_trail': True, 'don_upper': 2619.23, 'don_lower': 2500.02, 'atr': 7.500620005418298, 'exit_reason': 'sl', 'signal_time': Timestamp('2024-09-20 15:00:00+0000', tz='UTC')}"
2024-09-24 20:00:00+00:00,2024-09-25 06:00:00+00:00,1,2662.7650000000003,2657.1601339440404,2657.3351339440405,2703.411151826588,0.24,-124.91678534303938,-0.2528404392416667,"{'trail_atr_mult': 2.0, 'trail_atr_len': 14, 'tp_converts_to_trail': True, 'don_upper': 2657.59, 'don_lower': 2512.1, 'atr': 6.803525304431362, 'exit_reason': 'sl', 'signal_time': Timestamp('2024-09-24 19:00:00+0000', tz='UTC')}"
2024-09-26 12:00:00+00:00,2024-09-26 14:00:00+00:00,1,2682.855,2670.8179415321806,2670.992941532181,2717.7974177588376,0.27,-325.000578631124,-0.678193470274196,"{'trail_atr_mult': 2.0, 'trail_atr_len': 14, 'tp_converts_to_trail': True, 'don_upper': 2675.54, 'don_lower': 2546.71, 'atr': 5.854569626472942, 'exit_reason': 'sl', 'signal_time': Timestamp('2024-09-26 11:00:00+0000', tz='UTC')}"
2024-10-08 16:00:00+00:00,2024-10-09 00:00:00+00:00,-1,2612.785,2622.31129092194,2622.1362909219397,2556.352179011143,0.17,-165.34694567298033,-0.34116670027922635,"{'trail_atr_mult': 2.0, 'trail_atr_len': 14, 'tp_converts_to_trail': True, 'don_upper': 2685.44, 'don_lower': 2619.09, 'atr': 9.4379701648095, 'exit_reason': 'sl', 'signal_time': Timestamp('2024-10-08 15:00:00+0000', tz='UTC')}"
2024-10-16 09:00:00+00:00,2024-10-16 15:00:00+00:00,1,2680.005,2672.731258282488,2672.906258282488,2711.901271145262,0.29,-210.9385098078528,-0.4326868955124,"{'trail_atr_mult': 2.0, 'trail_atr_len': 14, 'tp_converts_to_trail': True, 'don_upper': 2677.67, 'don_lower': 2604.77, 'atr': 5.411878524210347, 'exit_reason': 'sl', 'signal_time': Timestamp('2024-10-16 08:00:00+0000', tz='UTC')}"
2024-10-18 03:00:00+00:00,2024-10-18 07:00:00+00:00,1,2708.295,2702.8216773571708,2702.996677357171,2744.4152189558235,0.27,-147.77971135639157,-0.30019414661735117,"{'trail_atr_mult': 2.0, 'trail_atr_len': 14, 'tp_converts_to_trail': True, 'don_upper': 2706.74, 'don_lower': 2604.77, 'atr': 6.0392031593039786, 'exit_reason': 'sl', 'signal_time': Timestamp('2024-10-18 02:00:00+0000', tz='UTC')}"
2024-10-18 15:00:00+00:00,2024-10-21 15:00:00+00:00,1,2717.585,2728.916253103024,2729.091253103024,2755.6615103509153,0.25,313.2813275755939,0.6492623210390326,"{'trail_atr_mult': 2.0, 'trail_atr_len': 14, 'tp_converts_to_trail': True, 'don_upper': 2716.97, 'don_lower': 2604.77, 'atr': 6.375251725152555, 'exit_reason': 'sl', 'signal_time': Timestamp('2024-10-18 14:00:00+0000', tz='UTC')}"
2024-10-22 18:00:00+00:00,2024-10-23 02:00:00+00:00,1,2746.915,2738.3160345938445,2738.4910345938447,2785.754185965073,0.24,-196.77516974773096,-0.41467362172518407,"{'trail_atr_mult': 2.0, 'trail_atr_len': 14, 'tp_converts_to_trail': True, 'don_upper': 2745.58, 'don_lower': 2606.82, 'atr': 6.512364327512149, 'exit_reason': 'sl', 'signal_time': Timestamp('2024-10-22 17:00:00+0000', tz='UTC')}"
2024-10-23 05:00:00+00:00,2024-10-23 13:00:00+00:00,1,2750.165,2747.824744323331,2747.999744323331,2783.272184845213,0.29,-67.86741462340477,-0.13929187565924225,"{'trail_atr_mult': 2.0, 'trail_atr_len': 14, 'tp_converts_to_trail': True, 'don_upper': 2748.86, 'don_lower': 2611.34, 'atr': 5.54536414086884, 'exit_reason': 'sl', 'signal_time': Timestamp('2024-10-23 04:00:00+0000', tz='UTC')}"
2024-10-29 18:00:00+00:00,2024-10-30 11:00:00+00:00,1,2773.175,2778.3411067556613,2778.5161067556614,2813.629758328705,0.23,128.02045538020477,0.27066080530681286,"{'trail_atr_mult': 2.0, 'trail_atr_len': 14, 'tp_converts_to_trail': True, 'don_upper': 2772.54, 'don_lower': 2673.15, 'atr': 6.779959721450865, 'exit_reason': 'sl', 'signal_time': Timestamp('2024-10-29 17:00:00+0000', tz='UTC')}"
2024-11-06 11:00:00+00:00,2024-11-07 07:00:00+00:00,-1,2698.285,2663.4286302105315,2663.2536302105314,2626.2535708695054,0.13,445.3328072630881,0.90930307341145,"{'trail_atr_mult': 2.0, 'trail_atr_len': 14, 'tp_converts_to_trail': True, 'don_upper': 2790.09, 'don_lower': 2701.5, 'atr': 12.189404855082422, 'exit_reason': 'sl', 'signal_time': Timestamp('2024-11-06 10:00:00+0000', tz='UTC')}"
2024-11-11 13:00:00+00:00,2024-11-12 01:00:00+00:00,-1,2635.365,2625.4152954805227,2625.2402954805225,2585.846207600098,0.19,185.24438587006506,0.3908183383348614,"{'trail_atr_mult': 2.0, 'trail_atr_len': 14, 'tp_converts_to_trail': True, 'don_upper': 2790.09, 'don_lower': 2643.33, 'atr': 8.273965399983632, 'exit_reason': 'sl', 'signal_time': Timestamp('2024-11-11 12:00:00+0000', tz='UTC')}"
2024-11-12 05:00:00+00:00,2024-11-12 12:00:00+00:00,-1,2606.665,2605.6822689759388,2605.5072689759386,2563.604307305373,0.22,21.62008252934629,0.044939543128897565,"{'trail_atr_mult': 2.0, 'trail_atr_len': 14, 'tp_converts_to_trail': True, 'don_upper': 2790.09, 'don_lower': 2610.59, 'atr': 7.214282115771156, 'exit_reason': 'sl', 'signal_time': Timestamp('2024-11-12 04:00:00+0000', tz='UTC')}"
2024-11-13 20:00:00+00:00,2024-11-14 11:00:00+00:00,-1,2573.4649999999997,2554.3587721292083,2554.183772129208,2525.480190258753,0.2,370.12455741582744,0.7587658897792969,"{'trail_atr_mult': 2.0, 'trail_atr_len': 14, 'tp_converts_to_trail': True, 'don_upper': 2762.26, 'don_lower': 2577.56, 'atr': 8.041634956874518, 'exit_reason': 'sl', 'signal_time': Timestamp('2024-11-13 19:00:00+0000', tz='UTC')}"
2024-11-22 01:00:00+00:00,2024-11-22 13:00:00+00:00,1,2677.915,2694.9907769380934,2695.1657769380936,2712.5166611819477,0.28,478.12175426661634,0.9831559140731361,"{'trail_atr_mult': 2.0, 'trail_atr_len': 14, 'tp_converts_to_trail': True, 'don_upper': 2675.33, 'don_lower': 2536.77, 'atr': 5.77444353032467, 'exit_reason': 'sl', 'signal_time': Timestamp('2024-11-22 00:00:00+0000', tz='UTC')}"
2024-11-22 18:00:00+00:00,2024-11-24 23:00:00+00:00,1,2711.175,2692.075,2700.79883726978,2756.9129881874305,0.21,-384.3000000000076,-0.7855259218998414,"{'trail_atr_mult': 2.0, 'trail_atr_len': 14, 'tp_converts_to_trail': True, 'don_upper': 2709.99, 'don_lower': 2536.77, 'atr': 7.670498031238467, 'exit_reason': 'sl_gap', 'signal_time': Timestamp('2024-11-22 17:00:00+0000', tz='UTC')}"
2024-11-24 23:00:00+00:00,2024-11-25 01:00:00+00:00,1,2720.0150000000003,2701.8582831560857,2702.033283156086,2773.513239965281,0.18,-319.6209031904635,-0.6584702441516576,"{'trail_atr_mult': 2.0, 'trail_atr_len': 14, 'tp_converts_to_trail': True, 'don_upper': 2715.5, 'don_lower': 2536.77, 'atr': 8.940539994213573, 'exit_reason': 'sl', 'signal_time': Timestamp('2024-11-24 22:00:00+0000', tz='UTC')}"
2024-12-10 12:00:00+00:00,2024-12-11 04:00:00+00:00,1,2677.9550000000004,2691.744144028123,2691.9191440281234,2715.4806965693,0.26,368.91774473119256,0.7428735757413176,"{'trail_atr_mult': 2.0, 'trail_atr_len': 14, 'tp_converts_to_trail': True, 'don_upper': 2676.73, 'don_lower': 2612.32, 'atr': 6.291782761550046, 'exit_reason': 'sl', 'signal_time': Timestamp('2024-12-10 11:00:00+0000', tz='UTC')}"
2024-12-11 14:00:00+00:00,2024-12-12 01:00:00+00:00,1,2706.6150000000002,2710.3024570825014,2710.4774570825016,2754.5948191514267,0.2,97.74914165002338,0.20090330897295172,"{'trail_atr_mult': 2.0, 'trail_atr_len': 14, 'tp_converts_to_trail': True, 'don_upper': 2704.06, 'don_lower': 2612.32, 'atr': 8.034136525237836, 'exit_reason': 'sl', 'signal_time': Timestamp('2024-12-11 13:00:00+0000', tz='UTC')}"
2024-12-18 20:00:00+00:00,2024-12-19 01:00:00+00:00,-1,2592.145,2599.9351917359686,2599.7601917359684,2543.9077310568505,0.2,-167.8038347193724,-0.340771939069466,"{'trail_atr_mult': 2.0, 'trail_atr_len': 14, 'tp_converts_to_trail': True, 'don_upper': 2726.15, 'don_lower': 2604.14, 'atr': 8.095378157191572, 'exit_reason': 'sl', 'signal_time': Timestamp('2024-12-18 19:00:00+0000', tz='UTC')}"
2025-01-02 14:00:00+00:00,2025-01-03 07:00:00+00:00,1,2647.605,2654.041656240575,2654.216656240575,2672.523959336647,0.4,273.4662496229939,0.5570948148016889,"{'trail_atr_mult': 2.0, 'trail_atr_len': 14, 'tp_converts_to_trail': True, 'don_upper': 2647.38, 'don_lower': 2582.92, 'atr': 6.198489834161717, 'exit_reason': 'sl', 'signal_time': Timestamp('2025-01-02 13:00:00+0000', tz='UTC')}"
2025-01-16 09:00:00+00:00,2025-01-16 12:00:00+00:00,1,2705.445,2700.3522926650885,2700.5272926650887,2726.7810728678674,0.45,-229.17183007102494,-0.4627404911594281,"{'trail_atr_mult': 2.0, 'trail_atr_len': 14, 'tp_converts_to_trail': True, 'don_upper': 2703.27, 'don_lower': 2614.45, 'atr': 5.390268216966916, 'exit_reason': 'sl', 'signal_time': Timestamp('2025-01-16 08:00:00+0000', tz='UTC')}"
2025-01-16 13:00:00+00:00,2025-01-16 21:00:00+00:00,1,2715.445,2712.9476100394027,2713.122610039403,2740.0559948713867,0.39,-97.39820846330258,-0.19800130566347612,"{'trail_atr_mult': 2.0, 'trail_atr_len': 14, 'tp_converts_to_trail': True, 'don_upper': 2711.04, 'don_lower': 2614.45, 'atr': 6.203998717846775, 'exit_reason': 'sl', 'signal_time': Timestamp('2025-01-16 12:00:00+0000', tz='UTC')}"
2025-01-22 00:00:00+00:00,2025-01-22 06:00:00+00:00,1,2748.425,2747.145855057342,2747.320855057342,2772.9046868498435,0.39,-49.886652763667826,-0.10206749841489407,"{'trail_atr_mult': 2.0, 'trail_atr_len': 14, 'tp_converts_to_trail': True, 'don_upper': 2746.02, 'don_lower': 2656.84, 'atr': 6.1686717124609, 'exit_reason': 'sl', 'signal_time': Timestamp('2025-01-21 23:00:00+0000', tz='UTC')}"
2025-01-24 13:00:00+00:00,2025-01-24 16:00:00+00:00,1,2782.545,2773.3948339460803,2773.5698339460805,2804.4364202955535,0.44,-402.6073063724689,-0.816380665001574,"{'trail_atr_mult': 2.0, 'trail_atr_len': 14, 'tp_converts_to_trail': True, 'don_upper': 2780.05, 'don_lower': 2656.84, 'atr': 5.516605073888429, 'exit_reason': 'sl', 'signal_time': Timestamp('2025-01-24 12:00:00+0000', tz='UTC')}"
2025-01-30 14:00:00+00:00,2025-01-31 10:00:00+00:00,1,2788.165,2790.8763348019197,2791.05133480192,2808.616806018326,0.45,140.01006608638866,0.28173696091124373,"{'trail_atr_mult': 2.0, 'trail_atr_len': 14, 'tp_converts_to_trail': True, 'don_upper': 2786.01, 'don_lower': 2689.26, 'atr': 5.24920150458152, 'exit_reason': 'sl', 'signal_time': Timestamp('2025-01-30 13:00:00+0000', tz='UTC')}"
2025-01-31 12:00:00+00:00,2025-01-31 16:00:00+00:00,1,2806.005,2805.323067714694,2805.498067714694,2827.6436722803564,0.44,-30.005020553471695,-0.06079542188046204,"{'trail_atr_mult': 2.0, 'trail_atr_len': 14, 'tp_converts_to_trail': True, 'don_upper': 2801.15, 'don_lower': 2702.81, 'atr': 5.475918070089205, 'exit_reason': 'sl', 'signal_time': Timestamp('2025-01-31 11:00:00+0000', tz='UTC')}"
2025-02-03 14:00:00+00:00,2025-02-03 21:00:00+00:00,1,2829.5550000000003,2813.19599411866,2813.3709941186603,2863.634979492035,0.29,-474.41117055886525,-0.9562481769219462,"{'trail_atr_mult': 2.0, 'trail_atr_len': 14, 'tp_converts_to_trail': True, 'don_upper': 2817.23, 'don_lower': 2730.48, 'atr': 8.531244873008752, 'exit_reason': 'sl', 'signal_time': Timestamp('2025-02-03 13:00:00+0000', tz='UTC')}"
2025-02-04 13:00:00+00:00,2025-02-05 13:00:00+00:00,1,2832.0350000000003,2863.3502666469803,2863.5252666469805,,0.31,983.1732660563812,1.9972903645678421,"{'trail_atr_mult': 2.0, 'trail_atr_len': 14, 'tp_converts_to_trail': True, 'don_upper': 2830.4, 'don_lower': 2730.48, 'atr': 7.76707333635901, 'exit_reason': 'sl', 'signal_time': Timestamp('2025-02-04 12:00:00+0000', tz='UTC')}"
2025-02-05 15:00:00+00:00,2025-02-05 16:00:00+00:00,1,2880.425,2864.3463277980404,2864.5213277980406,2911.6173444039187,0.31,-498.4388382607526,-1.0110037479255023,"{'trail_atr_mult': 2.0, 'trail_atr_len': 14, 'tp_converts_to_trail': True, 'don_upper': 2877.17, 'don_lower': 2730.48, 'atr': 7.849336100979712, 'exit_reason': 'sl', 'signal_time': Timestamp('2025-02-05 14:00:00+0000', tz='UTC')}"
2025-02-10 23:00:00+00:00,2025-02-11 02:00:00+00:00,1,2918.135,2918.9829576815237,2919.157957681524,2948.717813445793,0.31,38.686688127226624,0.07924090881236137,"{'trail_atr_mult': 2.0, 'trail_atr_len': 14, 'tp_converts_to_trail': True, 'don_upper': 2911.77, 'don_lower': 2744.76, 'atr': 7.721953361448275, 'exit_reason': 'sl', 'signal_time': Timestamp('2025-02-10 22:00:00+0000', tz='UTC')}"
2025-02-19 09:00:00+00:00,2025-02-19 11:00:00+00:00,1,2945.7250000000004,2934.2744836509373,2934.4494836509375,2971.348036498444,0.38,-435.1196212643954,-0.8758222706125253,"{'trail_atr_mult': 2.0, 'trail_atr_len': 14, 'tp_converts_to_trail': True, 'don_upper': 2942.58, 'don_lower': 2834.1, 'atr': 6.449509124610877, 'exit_reason': 'sl', 'signal_time': Timestamp('2025-02-19 08:00:00+0000', tz='UTC')}"
2025-02-20 07:00:00+00:00,2025-02-20 12:00:00+00:00,1,2949.175,2942.0046383309505,2942.1796383309506,2975.493383995946,0.36,-258.1330200857901,-0.5312680818474939,"{'trail_atr_mult': 2.0, 'trail_atr_len': 14, 'tp_converts_to_trail': True, 'don_upper': 2948.89, 'don_lower': 2852.39, 'atr': 6.635845998986502, 'exit_reason': 'sl', 'signal_time': Timestamp('2025-02-20 06:00:00+0000', tz='UTC')}"
2025-02-27 14:00:00+00:00,2025-02-28 16:00:00+00:00,-1,2872.455,2850.795,2833.3011838028488,,0.25,536.4999999999964,1.118908356801333,"{'trail_atr_mult': 2.0, 'trail_atr_len': 14, 'tp_converts_to_trail': True, 'don_upper': 2956.18, 'don_lower': 2877.03, 'atr': 9.722204049287868, 'exit_reason': 'sl_gap', 'signal_time': Timestamp('2025-02-27 13:00:00+0000', tz='UTC')}"
2025-03-12 16:00:00+00:00,2025-03-13 06:00:00+00:00,1,2936.385,2935.440486261876,2935.615486261876,2966.0634164644975,0.34,8.68653290376897,0.017491022468121398,"{'trail_atr_mult': 2.0, 'trail_atr_len': 14, 'tp_converts_to_trail': True, 'don_upper': 2930.33, 'don_lower': 2832.57, 'atr': 7.380854116124381, 'exit_reason': 'sl', 'signal_time': Timestamp('2025-03-12 15:00:00+0000', tz='UTC')}"
2025-03-13 09:00:00+00:00,2025-03-14 13:00:00+00:00,1,2947.965,2989.5684570602134,2989.7434570602136,,0.39,1638.1348253483172,3.352168204579687,"{'trail_atr_mult': 2.0, 'trail_atr_len': 14, 'tp_converts_to_trail': True, 'don_upper': 2947.13, 'don_lower': 2838.02, 'atr': 6.167617753164659, 'exit_reason': 'sl', 'signal_time': Timestamp('2025-03-13 08:00:00+0000', tz='UTC')}"
2025-03-18 08:00:00+00:00,2025-03-19 08:00:00+00:00,1,3027.0950000000003,3033.6979820476945,3033.8729820476947,3051.6884350014684,0.38,266.1133178123812,0.5303594891029826,"{'trail_atr_mult': 2.0, 'trail_atr_len': 14, 'tp_converts_to_trail': True, 'don_upper': 3018.87, 'don_lower': 2880.26, 'atr': 6.299608750367151, 'exit_reason': 'sl', 'signal_time': Timestamp('2025-03-18 07:00:00+0000', tz='UTC')}"
2025-03-19 18:00:00+00:00,2025-03-20 07:00:00+00:00,1,3047.335,3043.302107897622,3043.4771078976223,3077.39768930112,0.31,-87.8196551737149,-0.178070259946761,"{'trail_atr_mult': 2.0, 'trail_atr_len': 14, 'tp_converts_to_trail': True, 'don_upper': 3045.32, 'don_lower': 2880.26, 'atr': 7.661922325279999, 'exit_reason': 'sl', 'signal_time': Timestamp('2025-03-19 17:00:00+0000', tz='UTC')}"
2025-03-28 05:00:00+00:00,2025-03-28 08:00:00+00:00,1,3077.295,3071.591170559567,3071.7661705595674,3105.545096352277,0.37,-211.04168929601565,-0.42765202157900467,"{'trail_atr_mult': 2.0, 'trail_atr_len': 14, 'tp_converts_to_trail': True, 'don_upper': 3077.48, 'don_lower': 2984.8, 'atr': 6.931274088069238, 'exit_reason': 'sl', 'signal_time': Timestamp('2025-03-28 04:00:00+0000', tz='UTC')}"
2025-03-30 23:00:00+00:00,2025-03-31 08:00:00+00:00,1,3090.1850000000004,3119.1549999999997,3124.923830938093,,0.28,822.3599999999818,1.6657294014118307,"{'trail_atr_mult': 2.0, 'trail_atr_len': 14, 'tp_converts_to_trail': True, 'don_upper': 3086.77, 'don_lower': 2999.55, 'atr': 8.728457734523213, 'exit_reason': 'sl_gap', 'signal_time': Timestamp('2025-03-30 22:00:00+0000', tz='UTC')}"
2025-04-06 23:00:00+00:00,2025-04-07 02:00:00+00:00,-1,3009.265,3019.53323495708,3019.3582349570797,2921.0662844608096,0.11,-115.15058452788045,-0.23637339572705007,"{'trail_atr_mult': 2.0, 'trail_atr_len': 14, 'tp_converts_to_trail': True, 'don_upper': 3167.73, 'don_lower': 3010.54, 'atr': 22.080928884797522, 'exit_reason': 'sl', 'signal_time': Timestamp('2025-04-06 22:00:00+0000', tz='UTC')}"
2025-04-10 23:00:00+00:00,2025-04-11 06:00:00+00:00,1,3188.9550000000004,3188.6940079351166,3188.8690079351168,3254.448099055413,0.15,2.085119026743087,0.004209294047950731,"{'trail_atr_mult': 2.0, 'trail_atr_len': 14, 'tp_converts_to_trail': True, 'don_upper': 3176.45, 'don_lower': 2956.26, 'atr': 16.419524763853193, 'exit_reason': 'sl', 'signal_time': Timestamp('2025-04-10 22:00:00+0000', tz='UTC')}"
2025-04-11 10:00:00+00:00,2025-04-13 23:00:00+00:00,1,3227.855,3213.3236799136384,3213.4986799136386,3297.052616481836,0.14,-192.2384812090621,-0.39473346787084035,"{'trail_atr_mult': 2.0, 'trail_atr_len': 14, 'tp_converts_to_trail': True, 'don_upper': 3227.4, 'don_lower': 2956.26, 'atr': 17.33065412045903, 'exit_reason': 'sl', 'signal_time': Timestamp('2025-04-11 09:00:00+0000', tz='UTC')}"
2025-04-16 04:00:00+00:00,2025-04-16 12:00:00+00:00,1,3281.565,3294.1625918962704,3294.3375918962706,3324.8203338192316,0.23,289.7446136142189,0.5774694252152364,"{'trail_atr_mult': 2.0, 'trail_atr_len': 14, 'tp_converts_to_trail': True, 'don_upper': 3275.35, 'don_lower': 2956.26, 'atr': 10.845083454807925, 'exit_reason': 'sl', 'signal_time': Timestamp('2025-04-16 03:00:00+0000', tz='UTC')}"
2025-04-16 16:00:00+00:00,2025-04-17 02:00:00+00:00,1,3325.4750000000004,3333.725461739171,3333.900461739171,3379.300155911176,0.18,170.10831130506958,0.34737859434177404,"{'trail_atr_mult': 2.0, 'trail_atr_len': 14, 'tp_converts_to_trail': True, 'don_upper': 3319.49, 'don_lower': 2956.26, 'atr': 13.505038977793943, 'exit_reason': 'sl', 'signal_time': Timestamp('2025-04-16 15:00:00+0000', tz='UTC')}"
2025-04-21 03:00:00+00:00,2025-04-22 01:00:00+00:00,1,3384.985,3434.1749999999997,3441.5635896040144,,0.17,843.0299999999932,1.7277665157208604,"{'trail_atr_mult': 2.0, 'trail_atr_len': 14, 'tp_converts_to_trail': True, 'don_upper': 3378.45, 'don_lower': 2956.26, 'atr': 14.213397401003618, 'exit_reason': 'sl_gap', 'signal_time': Timestamp('2025-04-21 02:00:00+0000', tz='UTC')}"
2025-04-22 02:00:00+00:00,2025-04-22 08:00:00+00:00,1,3453.235,3464.617215732199,3464.792215732199,3515.3400973922526,0.16,182.11545171518082,0.3615691907617434,"{'trail_atr_mult': 2.0, 'trail_atr_len': 14, 'tp_converts_to_trail': True, 'don_upper': 3444.21, 'don_lower': 2970.07, 'atr': 15.59752434806323, 'exit_reason': 'sl', 'signal_time': Timestamp('2025-04-22 01:00:00+0000', tz='UTC')}"
2025-05-01 05:00:00+00:00,2025-05-01 21:00:00+00:00,-1,3226.555,3231.1707812070795,3230.9957812070793,3165.952166711961,0.16,-73.85249931327417,-0.15169061919221613,"{'trail_atr_mult': 2.0, 'trail_atr_len': 14, 'tp_converts_to_trail': True, 'don_upper': 3499.98, 'don_lower': 3229.02, 'atr': 15.171958322009631, 'exit_reason': 'sl', 'signal_time': Timestamp('2025-05-01 04:00:00+0000', tz='UTC')}"
2025-05-06 02:00:00+00:00,2025-05-06 04:00:00+00:00,1,3379.775,3356.2694418029155,3356.4444418029157,3435.865814919047,0.18,-423.100047547523,-0.8242385325938417,"{'trail_atr_mult': 2.0, 'trail_atr_len': 14, 'tp_converts_to_trail': True, 'don_upper': 3370.76, 'don_lower': 3201.91, 'atr': 14.101453729761772, 'exit_reason': 'sl', 'signal_time': Timestamp('2025-05-06 01:00:00+0000', tz='UTC')}"
2025-05-06 13:00:00+00:00,2025-05-06 23:00:00+00:00,1,3391.4950000000003,3407.335746884919,3407.510746884919,3447.3889499204065,0.17,269.29269704361695,0.5524337204745274,"{'trail_atr_mult': 2.0, 'trail_atr_len': 14, 'tp_converts_to_trail': True, 'don_upper': 3386.99, 'don_lower': 3201.91, 'atr': 14.094737480101527, 'exit_reason': 'sl', 'signal_time': Timestamp('2025-05-06 12:00:00+0000', tz='UTC')}"
2025-05-14 13:00:00+00:00,2025-05-15 02:00:00+00:00,-1,3184.185,3191.4628703066423,3191.287870306642,3131.832489144886,0.19,-149.67953582620558,-0.29184047131879,"{'trail_atr_mult': 2.0, 'trail_atr_len': 14, 'tp_converts_to_trail': True, 'don_upper': 3437.85, 'don_lower': 3207.74, 'atr': 13.224377713778477, 'exit_reason': 'sl', 'signal_time': Timestamp('2025-05-14 12:00:00+0000', tz='UTC')}"
2025-05-15 03:00:00+00:00,2025-05-15 07:00:00+00:00,-1,3153.995,3151.0708423569126,3150.8958423569125,3100.8338764245436,0.19,55.558995218657856,0.11091874178470452,"{'trail_atr_mult': 2.0, 'trail_atr_len': 14, 'tp_converts_to_trail': True, 'don_upper': 3437.85, 'don_lower': 3168.03, 'atr': 13.254030893864078, 'exit_reason': 'sl', 'signal_time': Timestamp('2025-05-15 02:00:00+0000', tz='UTC')}"
2025-05-23 13:00:00+00:00,2025-05-23 15:00:00+00:00,1,3357.665,3337.440636891882,3337.6156368918823,3406.6363145331056,0.2,-404.48726216235633,-0.7969200795667215,"{'trail_atr_mult': 2.0, 'trail_atr_len': 14, 'tp_converts_to_trail': True, 'don_upper': 3349.74, 'don_lower': 3120.78, 'atr': 12.391578633276394, 'exit_reason': 'sl', 'signal_time': Timestamp('2025-05-23 12:00:00+0000', tz='UTC')}"
2025-06-02 14:00:00+00:00,2025-06-03 02:00:00+00:00,1,3374.1850000000004,3371.8946812885915,3372.0696812885917,3419.706996124142,0.18,-34.0257368053597,-0.0680864748088532,"{'trail_atr_mult': 2.0, 'trail_atr_len': 14, 'tp_converts_to_trail': True, 'don_upper': 3365.87, 'don_lower': 3245.52, 'atr': 12.214249031035445, 'exit_reason': 'sl', 'signal_time': Timestamp('2025-06-02 13:00:00+0000', tz='UTC')}"
2025-06-13 01:00:00+00:00,2025-06-13 07:00:00+00:00,1,3415.9350000000004,3417.9196689099344,3418.0946689099346,3465.465992455326,0.21,41.67804710861492,0.08215370559837261,"{'trail_atr_mult': 2.0, 'trail_atr_len': 14, 'tp_converts_to_trail': True, 'don_upper': 3403.33, 'don_lower': 3293.61, 'atr': 12.281498113831478, 'exit_reason': 'sl', 'signal_time': Timestamp('2025-06-13 00:00:00+0000', tz='UTC')}"
2025-06-15 23:00:00+00:00,2025-06-16 05:00:00+00:00,1,3448.585,3427.83123657126,3428.00623657126,3495.8502752864088,0.21,-427.4290320035412,-0.8507271194120335,"{'trail_atr_mult': 2.0, 'trail_atr_len': 14, 'tp_converts_to_trail': True, 'don_upper': 3446.8, 'don_lower': 3293.61, 'atr': 11.865068821602247, 'exit_reason': 'sl', 'signal_time': Timestamp('2025-06-15 22:00:00+0000', tz='UTC')}"
2025-06-24 13:00:00+00:00,2025-06-24 20:00:00+00:00,-1,3314.495,3318.990141590584,3318.8151415905836,3265.339691267664,0.2,-89.90283181167797,-0.17987650355091292,"{'trail_atr_mult': 2.0, 'trail_atr_len': 14, 'tp_converts_to_trail': True, 'don_upper': 3451.23, 'don_lower': 3316.06, 'atr': 12.357577183083958, 'exit_reason': 'sl', 'signal_time': Timestamp('2025-06-24 12:00:00+0000', tz='UTC')}"
2025-06-27 08:00:00+00:00,2025-06-27 15:00:00+00:00,-1,3284.955,3277.024133008978,3276.849133008978,3246.4942924372185,0.27,214.1334087575929,0.4272439509798099,"{'trail_atr_mult': 2.0, 'trail_atr_len': 14, 'tp_converts_to_trail': True, 'don_upper': 3417.99, 'don_lower': 3286.86, 'atr': 9.503926890695379, 'exit_reason': 'sl', 'signal_time': Timestamp('2025-06-27 07:00:00+0000', tz='UTC')}"
2025-07-13 23:00:00+00:00,2025-07-14 02:00:00+00:00,1,3369.7850000000003,3357.211322906743,3357.3863229067433,3402.5395336247,0.28,-340.86295861120095,-0.7043009156802023,"{'trail_atr_mult': 2.0, 'trail_atr_len': 14, 'tp_converts_to_trail': True, 'don_upper': 3368.75, 'don_lower': 3274.64, 'atr': 8.339883406175051, 'exit_reason': 'sl', 'signal_time': Timestamp('2025-07-13 22:00:00+0000', tz='UTC')}"
2025-07-21 13:00:00+00:00,2025-07-22 02:00:00+00:00,1,3387.585,3389.5977105482643,3389.7727105482645,3414.586238304188,0.35,84.4448691892503,0.17138017672661918,"{'trail_atr_mult': 2.0, 'trail_atr_len': 14, 'tp_converts_to_trail': True, 'don_upper': 3377.48, 'don_lower': 3282.77, 'atr': 6.846559576047031, 'exit_reason': 'sl', 'signal_time': Timestamp('2025-07-21 12:00:00+0000', tz='UTC')}"
2025-07-22 13:00:00+00:00,2025-07-22 15:00:00+00:00,1,3407.7250000000004,3405.935261005633,3406.110261005633,3433.7063575641423,0.37,-66.22034279159107,-0.13627614639728905,"{'trail_atr_mult': 2.0, 'trail_atr_len': 14, 'tp_converts_to_trail': True, 'don_upper': 3402.67, 'don_lower': 3309.9, 'atr': 6.519089391035569, 'exit_reason': 'sl', 'signal_time': Timestamp('2025-07-22 12:00:00+0000', tz='UTC')}"
2025-07-22 15:00:00+00:00,2025-07-23 02:00:00+00:00,1,3426.4550000000004,3424.1776643324515,3424.3526643324517,3458.7752267145006,0.3,-56.320070026466055,-0.11420974728796261,"{'trail_atr_mult': 2.0, 'trail_atr_len': 14, 'tp_converts_to_trail': True, 'don_upper': 3420.15, 'don_lower': 3309.9, 'atr': 8.126306678625168, 'exit_reason': 'sl', 'signal_time': Timestamp('2025-07-22 14:00:00+0000', tz='UTC')}"
2025-07-28 14:00:00+00:00,2025-07-28 20:00:00+00:00,-1,3302.115,3318.333856901728,3318.1588569017276,3267.4766743447035,0.28,-454.12799324838494,-0.9256459881270707,"{'trail_atr_mult': 2.0, 'trail_atr_len': 14, 'tp_converts_to_trail': True, 'don_upper': 3438.77, 'don_lower': 3309.9, 'atr': 8.693331413824103, 'exit_reason': 'sl', 'signal_time': Timestamp('2025-07-28 13:00:00+0000', tz='UTC')}"
2025-07-30 19:00:00+00:00,2025-07-31 01:00:00+00:00,-1,3280.095,3286.777111313045,3286.602111313045,3241.905448128053,0.25,-182.05278282613563,-0.37972605376060004,"{'trail_atr_mult': 2.0, 'trail_atr_len': 14, 'tp_converts_to_trail': True, 'don_upper': 3438.77, 'don_lower': 3288.7, 'atr': 9.561137967986749, 'exit_reason': 'sl', 'signal_time': Timestamp('2025-07-30 18:00:00+0000', tz='UTC')}"
2025-08-20 00:00:00+00:00,2025-08-20 06:00:00+00:00,-1,3314.055,3322.200378962635,3322.025378962635,3292.2911353916,0.44,-358.3966743559522,-0.7289300020703402,"{'trail_atr_mult': 2.0, 'trail_atr_len': 14, 'tp_converts_to_trail': True, 'don_upper': 3408.84, 'don_lower': 3314.89, 'atr': 5.489716152099942, 'exit_reason': 'sl', 'signal_time': Timestamp('2025-08-19 23:00:00+0000', tz='UTC')}"
2025-08-29 20:00:00+00:00,2025-09-01 02:00:00+00:00,1,3452.905,3438.3815182591907,3438.556518259191,3481.5725111899947,0.33,-439.67489744671445,-0.9007674605606621,"{'trail_atr_mult': 2.0, 'trail_atr_len': 14, 'tp_converts_to_trail': True, 'don_upper': 3450.11, 'don_lower': 3311.55, 'atr': 7.243127797498681, 'exit_reason': 'sl', 'signal_time': Timestamp('2025-08-29 19:00:00+0000', tz='UTC')}"
2025-09-01 02:00:00+00:00,2025-09-01 08:00:00+00:00,1,3457.5150000000003,3469.4172349235228,3469.592234923523,3490.3414659742502,0.29,345.1648127821504,0.7150321906958451,"{'trail_atr_mult': 2.0, 'trail_atr_len': 14, 'tp_converts_to_trail': True, 'don_upper': 3453.88, 'don_lower': 3311.55, 'atr': 8.245366493562535, 'exit_reason': 'sl', 'signal_time': Timestamp('2025-09-01 01:00:00+0000', tz='UTC')}"
2025-09-02 02:00:00+00:00,2025-09-02 07:00:00+00:00,1,3497.965,3483.5703187803347,3483.745318780335,3534.405202259746,0.26,-374.26171171130227,-0.7744238279640552,"{'trail_atr_mult': 2.0, 'trail_atr_len': 14, 'tp_converts_to_trail': True, 'don_upper': 3489.81, 'don_lower': 3320.93, 'atr': 9.17130056493657, 'exit_reason': 'sl', 'signal_time': Timestamp('2025-09-02 01:00:00+0000', tz='UTC')}"
2025-09-02 15:00:00+00:00,2025-09-03 15:00:00+00:00,1,3511.545,3553.705,3556.8446380580517,,0.21,893.7599999999969,1.8252527208217861,"{'trail_atr_mult': 2.0, 'trail_atr_len': 14, 'tp_converts_to_trail': True, 'don_upper': 3508.69, 'don_lower': 3321.44, 'atr': 11.436159514512973, 'exit_reason': 'sl_gap', 'signal_time': Timestamp('2025-09-02 14:00:00+0000', tz='UTC')}"
2025-09-03 17:00:00+00:00,2025-09-04 00:00:00+00:00,1,3572.625,3559.587896051208,3559.7628960512084,3612.533046233391,0.24,-284.0904947710034,-0.5855163066598755,"{'trail_atr_mult': 2.0, 'trail_atr_len': 14, 'tp_converts_to_trail': True, 'don_upper': 3567.28, 'don_lower': 3321.44, 'atr': 10.020761558347782, 'exit_reason': 'sl', 'signal_time': Timestamp('2025-09-03 16:00:00+0000', tz='UTC')}"
2025-09-08 08:00:00+00:00,2025-09-09 00:00:00+00:00,1,3609.6850000000004,3628.5638004060575,3628.7388004060576,3649.5647047556135,0.24,462.6912097453693,0.9514591418897806,"{'trail_atr_mult': 2.0, 'trail_atr_len': 14, 'tp_converts_to_trail': True, 'don_upper': 3600.0, 'don_lower': 3370.39, 'atr': 10.02367618890348, 'exit_reason': 'sl', 'signal_time': Timestamp('2025-09-08 07:00:00+0000', tz='UTC')}"
2025-09-09 02:00:00+00:00,2025-09-09 07:00:00+00:00,1,3646.5550000000003,3641.257330571319,3641.432330571319,3681.771665129028,0.27,-143.03707457439444,-0.2971905749427473,"{'trail_atr_mult': 2.0, 'trail_atr_len': 14, 'tp_converts_to_trail': True, 'don_upper': 3646.35, 'don_lower': 3373.81, 'atr': 8.840416282257051, 'exit_reason': 'sl', 'signal_time': Timestamp('2025-09-09 01:00:00+0000', tz='UTC')}"
2025-09-09 14:00:00+00:00,2025-09-09 15:00:00+00:00,1,3666.2050000000004,3645.4511179357764,3645.6261179357766,3707.167764128446,0.24,-498.0931695413746,-1.0085038633028767,"{'trail_atr_mult': 2.0, 'trail_atr_len': 14, 'tp_converts_to_trail': True, 'don_upper': 3659.22, 'don_lower': 3384.6, 'atr': 10.256941032111545, 'exit_reason': 'sl', 'signal_time': Timestamp('2025-09-09 13:00:00+0000', tz='UTC')}"
2025-09-16 01:00:00+00:00,2025-09-16 16:00:00+00:00,1,3686.605,3684.6805239310825,3684.8555239310826,3717.839940500078,0.31,-59.65875813644425,-0.12118889636539538,"{'trail_atr_mult': 2.0, 'trail_atr_len': 14, 'tp_converts_to_trail': True, 'don_upper': 3685.5, 'don_lower': 3511.45, 'atr': 7.8524851250194745, 'exit_reason': 'sl', 'signal_time': Timestamp('2025-09-16 00:00:00+0000', tz='UTC')}"
2025-09-22 07:00:00+00:00,2025-09-23 03:00:00+00:00,1,3714.565,3752.262267377888,3752.437267377888,,0.25,952.4316844471946,1.9705176994055824,"{'trail_atr_mult': 2.0, 'trail_atr_len': 14, 'tp_converts_to_trail': True, 'don_upper': 3707.42, 'don_lower': 3613.51, 'atr': 9.534316844471967, 'exit_reason': 'sl', 'signal_time': Timestamp('2025-09-22 06:00:00+0000', tz='UTC')}"
2025-09-23 09:00:00+00:00,2025-09-23 15:00:00+00:00,1,3774.415,3771.0301000945683,3771.2051000945685,3814.3020367133836,0.24,-81.23759773036,-0.16839444874716,"{'trail_atr_mult': 2.0, 'trail_atr_len': 14, 'tp_converts_to_trail': True, 'don_upper': 3759.35, 'don_lower': 3613.51, 'atr': 9.998009178345903, 'exit_reason': 'sl', 'signal_time': Timestamp('2025-09-23 08:00:00+0000', tz='UTC')}"
2025-09-29 05:00:00+00:00,2025-09-30 07:00:00+00:00,1,3805.195,3855.8955328267284,3856.0705328267286,,0.19,970.9101237078368,1.9894881370644792,"{'trail_atr_mult': 2.0, 'trail_atr_len': 14, 'tp_converts_to_trail': True, 'don_upper': 3799.35, 'don_lower': 3627.78, 'atr': 12.760133206682065, 'exit_reason': 'sl', 'signal_time': Timestamp('2025-09-29 04:00:00+0000', tz='UTC')}"
2025-10-01 08:00:00+00:00,2025-10-01 13:00:00+00:00,1,3879.405,3870.9942344289216,3871.1692344289218,3929.8773626485195,0.19,-159.80454585049392,-0.3292699068826229,"{'trail_atr_mult': 2.0, 'trail_atr_len': 14, 'tp_converts_to_trail': True, 'don_upper': 3875.58, 'don_lower': 3632.16, 'atr': 12.669340662129954, 'exit_reason': 'sl', 'signal_time': Timestamp('2025-10-01 07:00:00+0000', tz='UTC')}"
2025-10-06 03:00:00+00:00,2025-10-07 00:00:00+00:00,1,3921.145,3963.1949999999997,3969.8657805444227,,0.2,848.9999999999945,1.7303301620389757,"{'trail_atr_mult': 2.0, 'trail_atr_len': 14, 'tp_converts_to_trail': True, 'don_upper': 3921.0, 'don_lower': 3717.48, 'atr': 12.208945136105674, 'exit_reason': 'sl_gap', 'signal_time': Timestamp('2025-10-06 02:00:00+0000', tz='UTC')}"
2025-10-07 13:00:00+00:00,2025-10-08 07:00:00+00:00,1,3979.425,4028.633690448083,4028.8086904480833,,0.2,992.1738089616592,2.0133932130500525,"{'trail_atr_mult': 2.0, 'trail_atr_len': 14, 'tp_converts_to_trail': True, 'don_upper': 3977.48, 'don_lower': 3717.48, 'atr': 12.33717261202083, 'exit_reason': 'sl', 'signal_time': Timestamp('2025-10-07 12:00:00+0000', tz='UTC')}"
2025-10-08 10:00:00+00:00,2025-10-08 20:00:00+00:00,1,4049.405,4033.0064548214054,4033.1814548214056,4097.196004006093,0.21,-344.36944875048994,-0.6834720047334033,"{'trail_atr_mult': 2.0, 'trail_atr_len': 14, 'tp_converts_to_trail': True, 'don_upper': 4040.42, 'don_lower': 3732.41, 'atr': 11.9640010015232, 'exit_reason': 'sl', 'signal_time': Timestamp('2025-10-08 09:00:00+0000', tz='UTC')}"
2025-10-13 06:00:00+00:00,2025-10-14 03:00:00+00:00,1,4064.085,4137.014999999999,4145.225447496421,,0.12,879.9599999999925,1.7801687610711838,"{'trail_atr_mult': 2.0, 'trail_atr_len': 14, 'tp_converts_to_trail': True, 'don_upper': 4060.29, 'don_lower': 3809.09, 'atr': 20.388861874105245, 'exit_reason': 'sl_gap', 'signal_time': Timestamp('2025-10-13 05:00:00+0000', tz='UTC')}"
2025-10-14 04:00:00+00:00,2025-10-14 06:00:00+00:00,1,4163.535,4138.320535909176,4138.495535909176,4226.881925327581,0.16,-403.43142545317824,-0.7902743558162403,"{'trail_atr_mult': 2.0, 'trail_atr_len': 14, 'tp_converts_to_trail': True, 'don_upper': 4150.01, 'don_lower': 3819.28, 'atr': 15.875481331895063, 'exit_reason': 'sl', 'signal_time': Timestamp('2025-10-14 03:00:00+0000', tz='UTC')}"
2025-10-27 14:00:00+00:00,2025-10-28 01:00:00+00:00,-1,3987.6749999999997,4015.591558930014,4015.4165589300137,3888.867079663959,0.1,-281.1655893001416,-0.5650835858312367,"{'trail_atr_mult': 2.0, 'trail_atr_len': 14, 'tp_converts_to_trail': True, 'don_upper': 4381.53, 'don_lower': 4004.22, 'atr': 24.76073008401021, 'exit_reason': 'sl', 'signal_time': Timestamp('2025-10-27 13:00:00+0000', tz='UTC')}"
2025-10-28 06:00:00+00:00,2025-10-28 13:00:00+00:00,-1,3942.455,3936.01489021987,3935.8398902198696,3849.559489366154,0.1,64.40109780130115,0.13747624463909464,"{'trail_atr_mult': 2.0, 'trail_atr_len': 14, 'tp_converts_to_trail': True, 'don_upper': 4381.53, 'don_lower': 3959.23, 'atr': 23.2901276584614, 'exit_reason': 'sl', 'signal_time': Timestamp('2025-10-28 05:00:00+0000', tz='UTC')}"
2025-11-10 04:00:00+00:00,2025-11-10 14:00:00+00:00,1,4054.3450000000003,4079.499483789008,4079.6744837890083,4108.463219463624,0.18,452.78070820214083,0.9176580301234524,"{'trail_atr_mult': 2.0, 'trail_atr_len': 14, 'tp_converts_to_trail': True, 'don_upper': 4053.31, 'don_lower': 3899.91, 'atr': 13.588304865906125, 'exit_reason': 'sl', 'signal_time': Timestamp('2025-11-10 03:00:00+0000', tz='UTC')}"
2025-11-10 18:00:00+00:00,2025-11-11 05:00:00+00:00,1,4110.575,4125.19311634725,4125.36811634725,4163.708810794402,0.18,270.3260942505032,0.550529460909421,"{'trail_atr_mult': 2.0, 'trail_atr_len': 14, 'tp_converts_to_trail': True, 'don_upper': 4105.71, 'don_lower': 3915.08, 'atr': 13.402202698600464, 'exit_reason': 'sl', 'signal_time': Timestamp('2025-11-10 17:00:00+0000', tz='UTC')}"
2025-11-12 17:00:00+00:00,2025-11-13 01:00:00+00:00,1,4199.615,4181.2617412417285,4181.436741241729,4261.395655652866,0.16,-274.45214013234073,-0.546406932599686,"{'trail_atr_mult': 2.0, 'trail_atr_len': 14, 'tp_converts_to_trail': True, 'don_upper': 4197.94, 'don_lower': 3928.9, 'atr': 15.528913913216433, 'exit_reason': 'sl', 'signal_time': Timestamp('2025-11-12 16:00:00+0000', tz='UTC')}"
2025-11-13 03:00:00+00:00,2025-11-13 14:00:00+00:00,1,4213.425,4213.38925605263,4213.56425605263,4282.0837595529165,0.14,-0.500415263180912,-0.0010364506038747186,"{'trail_atr_mult': 2.0, 'trail_atr_len': 14, 'tp_converts_to_trail': True, 'don_upper': 4211.86, 'don_lower': 3928.9, 'atr': 17.190939888229163, 'exit_reason': 'sl', 'signal_time': Timestamp('2025-11-13 02:00:00+0000', tz='UTC')}"
2025-12-01 01:00:00+00:00,2025-12-01 05:00:00+00:00,1,4255.225,4225.9617011320715,4226.136701132072,4316.313753212725,0.16,-468.21278188686125,-0.9522132098458012,"{'trail_atr_mult': 2.0, 'trail_atr_len': 14, 'tp_converts_to_trail': True, 'don_upper': 4233.74, 'don_lower': 3998.36, 'atr': 15.303438303181094, 'exit_reason': 'sl', 'signal_time': Timestamp('2025-12-01 00:00:00+0000', tz='UTC')}"
2025-12-12 07:00:00+00:00,2025-12-12 12:00:00+00:00,1,4287.275000000001,4335.482334269474,4335.657334269475,,0.2,964.1466853894782,1.9713744365561656,"{'trail_atr_mult': 2.0, 'trail_atr_len': 14, 'tp_converts_to_trail': True, 'don_upper': 4285.86, 'don_lower': 4163.43, 'atr': 12.139333567368471, 'exit_reason': 'sl', 'signal_time': Timestamp('2025-12-12 06:00:00+0000', tz='UTC')}"
2025-12-12 13:00:00+00:00,2025-12-12 15:00:00+00:00,1,4341.235000000001,4324.122944520382,4324.297944520382,4397.030577991665,0.18,-308.01699863314025,-0.6076661884454224,"{'trail_atr_mult': 2.0, 'trail_atr_len': 14, 'tp_converts_to_trail': True, 'don_upper': 4339.23, 'don_lower': 4163.43, 'atr': 13.992644497916208, 'exit_reason': 'sl', 'signal_time': Timestamp('2025-12-12 12:00:00+0000', tz='UTC')}"
2025-12-22 06:00:00+00:00,2025-12-23 06:00:00+00:00,1,4419.705,4472.843368300319,4473.018368300319,,0.2,1070.7673660063738,2.128272627499861,"{'trail_atr_mult': 2.0, 'trail_atr_len': 14, 'tp_converts_to_trail': True, 'don_upper': 4409.56, 'don_lower': 4182.08, 'atr': 12.490392420486268, 'exit_reason': 'sl', 'signal_time': Timestamp('2025-12-22 05:00:00+0000', tz='UTC')}"
2025-12-24 00:00:00+00:00,2025-12-24 02:00:00+00:00,1,4512.185,4495.003062838687,4495.178062838687,4572.3795554437775,0.17,-292.09293174233335,-0.5656646220963807,"{'trail_atr_mult': 2.0, 'trail_atr_len': 14, 'tp_converts_to_trail': True, 'don_upper': 4499.94, 'don_lower': 4205.37, 'atr': 15.094888860944359, 'exit_reason': 'sl', 'signal_time': Timestamp('2025-12-23 23:00:00+0000', tz='UTC')}"
2025-12-26 15:00:00+00:00,2025-12-26 17:00:00+00:00,1,4546.8150000000005,4516.704162757056,4516.879162757056,4612.109504298367,0.15,-451.662558644166,-0.9149518084016274,"{'trail_atr_mult': 2.0, 'trail_atr_len': 14, 'tp_converts_to_trail': True, 'don_upper': 4533.48, 'don_lower': 4271.54, 'atr': 16.367376074591583, 'exit_reason': 'sl', 'signal_time': Timestamp('2025-12-26 14:00:00+0000', tz='UTC')}"
2025-12-31 05:00:00+00:00,2025-12-31 07:00:00+00:00,-1,4285.775,4328.577609592985,4328.402609592985,4186.544379019135,0.1,-428.02609592985397,-0.8581493287720791,"{'trail_atr_mult': 2.0, 'trail_atr_len': 14, 'tp_converts_to_trail': True, 'don_upper': 4549.92, 'don_lower': 4302.53, 'atr': 24.851405245216146, 'exit_reason': 'sl', 'signal_time': Timestamp('2025-12-31 04:00:00+0000', tz='UTC')}"
2026-01-11 23:00:00+00:00,2026-01-13 01:00:00+00:00,1,4540.245,4577.333281873957,4577.5082818739575,4640.123709475366,0.09,340.99453686561645,0.7542680251767527,"{'trail_atr_mult': 3.0, 'trail_atr_len': 14, 'tp_converts_to_trail': True, 'don_upper': 4517.2, 'don_lower': 4274.49, 'atr': 16.67895157922768, 'exit_reason': 'sl', 'signal_time': Timestamp('2026-01-11 22:00:00+0000', tz='UTC')}"
2026-01-18 23:00:00+00:00,2026-01-21 02:00:00+00:00,1,4672.695000000001,4818.819291119018,4818.994291119018,,0.06,883.9457467141049,2.0068108621017604,"{'trail_atr_mult': 3.0, 'trail_atr_len': 14, 'tp_converts_to_trail': True, 'don_upper': 4642.91, 'don_lower': 4407.73, 'atr': 24.412381853169617, 'exit_reason': 'sl', 'signal_time': Timestamp('2026-01-18 22:00:00+0000', tz='UTC')}"
2026-01-21 03:00:00+00:00,2026-01-21 15:00:00+00:00,1,4845.125,4827.276152808987,4827.451152808987,4962.568510536272,0.08,-142.79077752810554,-0.3026035864973519,"{'trail_atr_mult': 3.0, 'trail_atr_len': 14, 'tp_converts_to_trail': True, 'don_upper': 4844.13, 'don_lower': 4407.73, 'atr': 19.603085089378588, 'exit_reason': 'sl', 'signal_time': Timestamp('2026-01-21 02:00:00+0000', tz='UTC')}"
2026-01-22 17:00:00+00:00,2026-01-23 08:00:00+00:00,1,4904.695000000001,4903.5142716044475,4903.689271604448,5058.27906188855,0.06,-4.684370373318961,-0.010132154280684341,"{'trail_atr_mult': 3.0, 'trail_atr_len': 14, 'tp_converts_to_trail': True, 'don_upper': 4888.43, 'don_lower': 4512.82, 'atr': 25.626510314758313, 'exit_reason': 'sl', 'signal_time': Timestamp('2026-01-22 16:00:00+0000', tz='UTC')}"
2026-01-23 16:00:00+00:00,2026-01-26 19:00:00+00:00,1,4980.595,5039.30115800269,5039.47615800269,5119.2438126607485,0.07,419.3431060188254,0.8606970866334719,"{'trail_atr_mult': 3.0, 'trail_atr_len': 14, 'tp_converts_to_trail': True, 'don_upper': 4967.36, 'don_lower': 4536.85, 'atr': 23.138968776791454, 'exit_reason': 'sl', 'signal_time': Timestamp('2026-01-23 15:00:00+0000', tz='UTC')}"
2026-01-27 20:00:00+00:00,2026-01-29 00:00:00+00:00,1,5176.885,5453.676432789871,5453.851432789871,,0.05,1391.9571639493536,3.048825469661955,"{'trail_atr_mult': 3.0, 'trail_atr_len': 14, 'tp_converts_to_trail': True, 'don_upper': 5111.03, 'don_lower': 4536.85, 'atr': 30.37534758248915, 'exit_reason': 'sl', 'signal_time': Timestamp('2026-01-27 19:00:00+0000', tz='UTC')}"
2026-02-02 05:00:00+00:00,2026-02-02 11:00:00+00:00,-1,4549.405,4762.293045836507,4762.118045836507,3821.167077018011,0.01,-212.88804583650744,-0.584269048708175,"{'trail_atr_mult': 3.0, 'trail_atr_len': 14, 'tp_converts_to_trail': True, 'don_upper': 5598.03, 'don_lower': 4584.54, 'atr': 121.40048716366485, 'exit_reason': 'sl', 'signal_time': Timestamp('2026-02-02 04:00:00+0000', tz='UTC')}"
2026-02-22 23:00:00+00:00,2026-02-24 01:00:00+00:00,1,5165.5650000000005,5180.5002214768,5180.6752214768,5320.466688252355,0.06,94.41132886079758,0.20247772958079685,"{'trail_atr_mult': 3.0, 'trail_atr_len': 14, 'tp_converts_to_trail': True, 'don_upper': 5119.13, 'don_lower': 4841.48, 'atr': 25.846114708725878, 'exit_reason': 'sl', 'signal_time': Timestamp('2026-02-22 22:00:00+0000', tz='UTC')}"
2026-02-27 20:00:00+00:00,2026-03-02 00:00:00+00:00,1,5263.585,5386.8949999999995,5388.06744119259,,0.08,996.079999999996,1.992041414689469,"{'trail_atr_mult': 3.0, 'trail_atr_len': 14, 'tp_converts_to_trail': True, 'don_upper': 5257.98, 'don_lower': 4841.48, 'atr': 20.77624019876505, 'exit_reason': 'sl_gap', 'signal_time': Timestamp('2026-02-27 19:00:00+0000', tz='UTC')}"
2026-03-02 07:00:00+00:00,2026-03-02 14:00:00+00:00,1,5408.295,5335.740471678637,5335.915471678637,5584.086459647937,0.05,-362.77264160681625,-0.8230034616874455,"{'trail_atr_mult': 3.0, 'trail_atr_len': 14, 'tp_converts_to_trail': True, 'don_upper': 5393.5, 'don_lower': 4841.48, 'atr': 29.32774327465614, 'exit_reason': 'sl', 'signal_time': Timestamp('2026-03-02 06:00:00+0000', tz='UTC')}"
2026-03-18 11:00:00+00:00,2026-03-18 22:00:00+00:00,-1,4930.035,4829.545,4807.64384446154,,0.08,803.9199999999984,1.6350983247040374,"{'trail_atr_mult': 3.0, 'trail_atr_len': 14, 'tp_converts_to_trail': True, 'don_upper': 5238.55, 'don_lower': 4958.88, 'atr': 20.42769258974347, 'exit_reason': 'sl_gap', 'signal_time': Timestamp('2026-03-18 10:00:00+0000', tz='UTC')}"
2026-03-19 06:00:00+00:00,2026-03-19 13:00:00+00:00,-1,4763.375,4586.608259982692,4586.433259982692,,0.05,883.8337000865386,1.991437909579985,"{'trail_atr_mult': 3.0, 'trail_atr_len': 14, 'tp_converts_to_trail': True, 'don_upper': 5238.55, 'don_lower': 4805.23, 'atr': 29.52279000288464, 'exit_reason': 'sl', 'signal_time': Timestamp('2026-03-19 05:00:00+0000', tz='UTC')}"
2026-03-20 18:00:00+00:00,2026-03-23 07:00:00+00:00,-1,4499.505,4220.415,4205.506363484144,,0.03,835.4700000000004,1.891314211707975,"{'trail_atr_mult': 3.0, 'trail_atr_len': 14, 'tp_converts_to_trail': True, 'don_upper': 5238.55, 'don_lower': 4502.57, 'atr': 49.02727275264276, 'exit_reason': 'sl_gap', 'signal_time': Timestamp('2026-03-20 17:00:00+0000', tz='UTC')}"
2026-04-01 12:00:00+00:00,2026-04-02 02:00:00+00:00,1,4752.615,4712.942429253031,4713.117429253031,4932.42713364123,0.05,-192.36285373484316,-0.4266738632267196,"{'trail_atr_mult': 3.0, 'trail_atr_len': 14, 'tp_converts_to_trail': True, 'don_upper': 4747.67, 'don_lower': 4098.53, 'atr': 29.997855606871745, 'exit_reason': 'sl', 'signal_time': Timestamp('2026-04-01 11:00:00+0000', tz='UTC')}"
2026-04-07 23:00:00+00:00,2026-04-08 15:00:00+00:00,1,4818.345,4764.475331833417,4764.650331833417,5043.397497694694,0.04,-213.87867266633333,-0.47406916658816195,"{'trail_atr_mult': 3.0, 'trail_atr_len': 14, 'tp_converts_to_trail': True, 'don_upper': 4800.45, 'don_lower': 4350.93, 'atr': 37.53791628244892, 'exit_reason': 'sl', 'signal_time': Timestamp('2026-04-07 22:00:00+0000', tz='UTC')}"
2026-04-17 14:00:00+00:00,2026-04-19 23:00:00+00:00,1,4880.515,4770.485,4828.4702362012185,5006.188854896008,0.08,-873.8400000000053,-1.729433030245949,"{'trail_atr_mult': 3.0, 'trail_atr_len': 14, 'tp_converts_to_trail': True, 'don_upper': 4871.42, 'don_lower': 4585.32, 'atr': 20.9814758160013, 'exit_reason': 'sl_gap', 'signal_time': Timestamp('2026-04-17 13:00:00+0000', tz='UTC')}"
2026-04-28 06:00:00+00:00,2026-04-29 01:00:00+00:00,-1,4632.035,4606.455591260413,4606.280591260413,4541.707252680866,0.11,279.1734961354576,0.5586932588937064,"{'trail_atr_mult': 3.0, 'trail_atr_len': 14, 'tp_converts_to_trail': True, 'don_upper': 4889.64, 'don_lower': 4657.74, 'atr': 15.08379121985569, 'exit_reason': 'sl', 'signal_time': Timestamp('2026-04-28 05:00:00+0000', tz='UTC')}"
2026-04-29 13:00:00+00:00,2026-04-30 01:00:00+00:00,-1,4544.735,4570.135830603037,4569.960830603037,4432.890973973333,0.09,-234.00747542733586,-0.4627757580966657,"{'trail_atr_mult': 3.0, 'trail_atr_len': 14, 'tp_converts_to_trail': True, 'don_upper': 4889.64, 'don_lower': 4551.51, 'atr': 18.66983767111119, 'exit_reason': 'sl', 'signal_time': Timestamp('2026-04-29 12:00:00+0000', tz='UTC')}"
2026-05-07 15:00:00+00:00,2026-05-07 18:00:00+00:00,1,4762.885,4702.4469293714565,4702.621929371457,4882.886141257086,0.08,-483.5045650283501,-1.002903934336152,"{'trail_atr_mult': 3.0, 'trail_atr_len': 14, 'tp_converts_to_trail': True, 'don_upper': 4758.39, 'don_lower': 4500.98, 'atr': 20.029356876180984, 'exit_reason': 'sl', 'signal_time': Timestamp('2026-05-07 14:00:00+0000', tz='UTC')}"
2026-05-12 00:00:00+00:00,2026-05-12 05:00:00+00:00,1,4767.485000000001,4711.349778723269,4711.524778723269,4889.888421067969,0.08,-449.08177021385205,-0.9132993133572185,"{'trail_atr_mult': 3.0, 'trail_atr_len': 14, 'tp_converts_to_trail': True, 'don_upper': 4764.81, 'don_lower': 4500.98, 'atr': 20.429736844661367, 'exit_reason': 'sl', 'signal_time': Timestamp('2026-05-11 23:00:00+0000', tz='UTC')}"
2026-05-27 11:00:00+00:00,2026-05-27 23:00:00+00:00,-1,4445.585,4460.312729010471,4460.137729010471,4330.686463989297,0.08,-117.82183208376955,-0.25519455597176466,"{'trail_atr_mult': 3.0, 'trail_atr_len': 14, 'tp_converts_to_trail': True, 'don_upper': 4718.76, 'don_lower': 4453.52, 'atr': 19.178922668450454, 'exit_reason': 'sl', 'signal_time': Timestamp('2026-05-27 10:00:00+0000', tz='UTC')}"
2026-05-28 03:00:00+00:00,2026-05-28 13:00:00+00:00,-1,4394.1449999999995,4424.242544879181,4424.067544879181,4269.756871635887,0.08,-240.78035903345153,-0.48189562255536955,"{'trail_atr_mult': 3.0, 'trail_atr_len': 14, 'tp_converts_to_trail': True, 'don_upper': 4665.28, 'don_lower': 4401.52, 'atr': 20.760521394018795, 'exit_reason': 'sl', 'signal_time': Timestamp('2026-05-28 02:00:00+0000', tz='UTC')}"
2026-06-05 14:00:00+00:00,2026-06-08 13:00:00+00:00,-1,4365.755,4338.123839655314,4337.948839655314,4235.66944188271,0.07,189.21812241279972,0.41391998831229576,"{'trail_atr_mult': 3.0, 'trail_atr_len': 14, 'tp_converts_to_trail': True, 'don_upper': 4595.18, 'don_lower': 4366.52, 'atr': 21.710093019548378, 'exit_reason': 'sl', 'signal_time': Timestamp('2026-06-05 13:00:00+0000', tz='UTC')}"
2026-06-09 17:00:00+00:00,2026-06-10 17:00:00+00:00,-1,4251.8949999999995,4129.085,4112.948000513545,,0.07,858.2699999999965,1.7532996875519986,"{'trail_atr_mult': 3.0, 'trail_atr_len': 14, 'tp_converts_to_trail': True, 'don_upper': 4595.18, 'don_lower': 4263.08, 'atr': 23.208666581075818, 'exit_reason': 'sl_gap', 'signal_time': Timestamp('2026-06-09 16:00:00+0000', tz='UTC')}"
2026-06-10 22:00:00+00:00,2026-06-11 02:00:00+00:00,-1,4067.585,4115.484586320788,4115.309586320788,3912.167468299606,0.05,-242.49793160394165,-0.48300941044947016,"{'trail_atr_mult': 3.0, 'trail_atr_len': 14, 'tp_converts_to_trail': True, 'don_upper': 4595.18, 'don_lower': 4096.9, 'atr': 28.42542195006563, 'exit_reason': 'sl', 'signal_time': Timestamp('2026-06-10 19:00:00+0000', tz='UTC')}"
2026-06-24 12:00:00+00:00,2026-06-25 14:00:00+00:00,-1,4046.5649999999996,4026.17149695417,4025.9964969541697,3928.6476095610838,0.08,158.3480243666374,0.3342300501109455,"{'trail_atr_mult': 3.0, 'trail_atr_len': 14, 'tp_converts_to_trail': True, 'don_upper': 4382.48, 'don_lower': 4050.33, 'atr': 19.682065073152653, 'exit_reason': 'sl', 'signal_time': Timestamp('2026-06-24 11:00:00+0000', tz='UTC')}"
2026-07-17 13:00:00+00:00,2026-07-17 16:00:00+00:00,-1,3965.845,4013.784839048032,4013.609839048032,3868.0217356868984,0.1,-479.3983904803236,-0.9728223073356094,"{'trail_atr_mult': 3.0, 'trail_atr_len': 14, 'tp_converts_to_trail': True, 'don_upper': 4180.51, 'don_lower': 3969.1, 'atr': 16.34471071885026, 'exit_reason': 'sl', 'signal_time': Timestamp('2026-07-17 12:00:00+0000', tz='UTC')}"
2026-07-22 14:00:00+00:00,2026-07-22 23:00:00+00:00,1,4154.785,4120.966692708414,4121.141692708414,4250.872997712895,0.1,-338.1830729158628,-0.6961865940879349,"{'trail_atr_mult': 3.0, 'trail_atr_len': 14, 'tp_converts_to_trail': True, 'don_upper': 4141.62, 'don_lower': 3959.56, 'atr': 16.073832952149175, 'exit_reason': 'sl', 'signal_time': Timestamp('2026-07-22 13:00:00+0000', tz='UTC')}"
2026-08-05 06:00:00+00:00,2026-08-06 01:00:00+00:00,1,4161.535,4275.7968042604025,4275.971804260403,,0.08,923.6944340832212,2.0086985412801406,"{'trail_atr_mult': 3.0, 'trail_atr_len': 14, 'tp_converts_to_trail': True, 'don_upper': 4141.27, 'don_lower': 3995.92, 'atr': 19.101967376733903, 'exit_reason': 'sl', 'signal_time': Timestamp('2026-08-05 05:00:00+0000', tz='UTC')}"
2026-08-06 01:00:00+00:00,2026-08-06 14:00:00+00:00,1,4294.865,4243.704619587196,4243.879619587196,4431.133096029485,0.07,-358.12266288962473,-0.7479965275700086,"{'trail_atr_mult': 3.0, 'trail_atr_len': 14, 'tp_converts_to_trail': True, 'don_upper': 4281.88, 'don_lower': 3995.92, 'atr': 22.74051600491435, 'exit_reason': 'sl', 'signal_time': Timestamp('2026-08-06 00:00:00+0000', tz='UTC')}"
2026-08-07 09:00:00+00:00,2026-08-09 23:00:00+00:00,1,4306.175,4309.029020339947,4309.204020339947,4425.767478467225,0.08,29.232162719576444,0.06085597577010212,"{'trail_atr_mult': 3.0, 'trail_atr_len': 14, 'tp_converts_to_trail': True, 'don_upper': 4304.08, 'don_lower': 3995.92, 'atr': 19.95957974453748, 'exit_reason': 'sl', 'signal_time': Timestamp('2026-08-07 08:00:00+0000', tz='UTC')}"
2026-08-10 19:00:00+00:00,2026-08-11 06:00:00+00:00,1,4378.485000000001,4372.997529071493,4373.172529071493,4488.155594658418,0.09,-45.78723835656947,-0.09251158652745183,"{'trail_atr_mult': 3.0, 'trail_atr_len': 14, 'tp_converts_to_trail': True, 'don_upper': 4371.74, 'don_lower': 3995.92, 'atr': 18.295932443069518, 'exit_reason': 'sl', 'signal_time': Timestamp('2026-08-10 18:00:00+0000', tz='UTC')}"
2026-08-12 13:00:00+00:00,2026-08-12 23:00:00+00:00,1,4437.265,4381.793866856657,4381.968866856657,4551.761806226011,0.08,-443.76906514674926,-0.9650358665083708,"{'trail_atr_mult': 3.0, 'trail_atr_len': 14, 'tp_converts_to_trail': True, 'don_upper': 4435.21, 'don_lower': 4017.16, 'atr': 19.108634371001827, 'exit_reason': 'sl', 'signal_time': Timestamp('2026-08-12 12:00:00+0000', tz='UTC')}"
2026-08-19 14:00:00+00:00,2026-08-20 12:00:00+00:00,1,4459.665,4474.543065635949,4474.718065635949,4586.2118383880525,0.07,112.54645945164012,0.2540142530620799,"{'trail_atr_mult': 3.0, 'trail_atr_len': 14, 'tp_converts_to_trail': True, 'don_upper': 4449.63, 'don_lower': 4220.77, 'atr': 21.0936397313422, 'exit_reason': 'sl', 'signal_time': Timestamp('2026-08-19 13:00:00+0000', tz='UTC')}"
2026-08-21 06:00:00+00:00,2026-08-24 15:00:00+00:00,1,4553.745,4664.505,4672.77075407321,,0.08,895.6800000000018,1.872542130507998,"{'trail_atr_mult': 3.0, 'trail_atr_len': 14, 'tp_converts_to_trail': True, 'don_upper': 4547.93, 'don_lower': 4276.43, 'atr': 19.868459012201594, 'exit_reason': 'sl_gap', 'signal_time': Timestamp('2026-08-21 05:00:00+0000', tz='UTC')}"
2026-08-25 01:00:00+00:00,2026-08-25 14:00:00+00:00,1,4684.265,4623.8407523855,4624.0157523855005,4830.0839691301235,0.06,-362.5454856870001,-0.8293542201234083,"{'trail_atr_mult': 3.0, 'trail_atr_len': 14, 'tp_converts_to_trail': True, 'don_upper': 4682.8, 'don_lower': 4276.43, 'atr': 24.29732818835389, 'exit_reason': 'sl', 'signal_time': Timestamp('2026-08-25 00:00:00+0000', tz='UTC')}"
2026-09-01 13:00:00+00:00,2026-09-02 13:00:00+00:00,-1,4356.005,4340.985314347301,4340.810314347301,4226.642986834074,0.07,103.73779956889356,0.228246211604497,"{'trail_atr_mult': 3.0, 'trail_atr_len': 14, 'tp_converts_to_trail': True, 'don_upper': 4696.73, 'don_lower': 4359.53, 'atr': 21.587835527654413, 'exit_reason': 'sl', 'signal_time': Timestamp('2026-09-01 12:00:00+0000', tz='UTC')}"
