entry_time,exit_time,direction,entry,exit,sl,tp,lots,pnl,r_multiple,meta
2017-01-04 09:00:00+00:00,2017-01-05 17:00:00+00:00,1,1165.5449999999998,1182.2250000000001,1184.5404604632479,,0.51,911.880000000015,1.8263104724794912,"{'trail_atr_mult': 3.0, 'trail_atr_len': 14, 'tp_converts_to_trail': True, 'don_upper': 1164.35, 'don_lower': 1126.39, 'atr': 3.1984100772080004, 'exit_reason': 'sl_gap', 'signal_time': Timestamp('2017-01-04 08:00:00+0000', tz='UTC')}"
2017-01-10 14:00:00+00:00,2017-01-11 14:00:00+00:00,1,1188.985,1183.2893414082664,1183.4643414082664,1207.9752072448193,0.51,-270.07858817840804,-0.5427212250732586,"{'trail_atr_mult': 3.0, 'trail_atr_len': 14, 'tp_converts_to_trail': True, 'don_upper': 1187.54, 'don_lower': 1136.45, 'atr': 3.194201207469911, 'exit_reason': 'sl', 'signal_time': Timestamp('2017-01-10 13:00:00+0000', tz='UTC')}"
2017-01-11 18:00:00+00:00,2017-01-12 19:00:00+00:00,1,1195.0149999999999,1196.588192624153,1196.763192624153,1221.6620327678943,0.37,102.60812709366397,0.20412110112201723,"{'trail_atr_mult': 3.0, 'trail_atr_len': 14, 'tp_converts_to_trail': True, 'don_upper': 1191.27, 'don_lower': 1144.33, 'atr': 4.470338794649065, 'exit_reason': 'sl', 'signal_time': Timestamp('2017-01-11 17:00:00+0000', tz='UTC')}"
2017-01-17 05:00:00+00:00,2017-01-18 07:00:00+00:00,1,1211.965,1210.7801102158985,1210.9551102158985,1226.2777016742361,0.67,-52.58761553479481,-0.10537058685485658,"{'trail_atr_mult': 3.0, 'trail_atr_len': 14, 'tp_converts_to_trail': True, 'don_upper': 1208.48, 'don_lower': 1160.63, 'atr': 2.417950279039365, 'exit_reason': 'sl', 'signal_time': Timestamp('2017-01-17 04:00:00+0000', tz='UTC')}"
2017-01-26 12:00:00+00:00,2017-01-27 15:00:00+00:00,-1,1187.4850000000001,1188.648748663218,1188.473748663218,1170.1155893746238,0.56,-76.36992514019695,-0.15397053755367215,"{'trail_atr_mult': 3.0, 'trail_atr_len': 14, 'tp_converts_to_trail': True, 'don_upper': 1219.4, 'don_lower': 1188.7, 'atr': 2.9140684375626993, 'exit_reason': 'sl', 'signal_time': Timestamp('2017-01-26 11:00:00+0000', tz='UTC')}"
2017-02-02 10:00:00+00:00,2017-02-02 17:00:00+00:00,1,1222.375,1214.974021276233,1215.149021276233,1242.1700166839842,0.49,-362.64795746457867,-0.7295192349061875,"{'trail_atr_mult': 3.0, 'trail_atr_len': 14, 'tp_converts_to_trail': True, 'don_upper': 1219.4, 'don_lower': 1180.48, 'atr': 3.3266694473307, 'exit_reason': 'sl', 'signal_time': Timestamp('2017-02-02 09:00:00+0000', tz='UTC')}"
2017-02-06 11:00:00+00:00,2017-02-07 08:00:00+00:00,1,1226.135,1228.6716822269061,1228.846682226906,1241.0705410198284,0.65,190.884344748898,0.38137390408883953,"{'trail_atr_mult': 3.0, 'trail_atr_len': 14, 'tp_converts_to_trail': True, 'don_upper': 1225.21, 'don_lower': 1180.48, 'atr': 2.5150901699714026, 'exit_reason': 'sl', 'signal_time': Timestamp('2017-02-06 10:00:00+0000', tz='UTC')}"
2017-02-08 08:00:00+00:00,2017-02-09 11:00:00+00:00,1,1237.145,1237.7486525566344,1237.9236525566344,1252.8467358909213,0.61,110.02280595469934,0.22230626895746217,"{'trail_atr_mult': 3.0, 'trail_atr_len': 14, 'tp_converts_to_trail': True, 'don_upper': 1235.71, 'don_lower': 1180.48, 'atr': 2.6461226484868643, 'exit_reason': 'sl', 'signal_time': Timestamp('2017-02-08 07:00:00+0000', tz='UTC')}"
2017-02-23 13:00:00+00:00,2017-02-24 14:00:00+00:00,1,1248.575,1253.4057352973105,1253.5807352973104,1263.2357875608316,0.66,345.22852962248714,0.6916314639848036,"{'trail_atr_mult': 3.0, 'trail_atr_len': 14, 'tp_converts_to_trail': True, 'don_upper': 1243.71, 'don_lower': 1216.64, 'atr': 2.469297926805233, 'exit_reason': 'sl', 'signal_time': Timestamp('2017-02-23 12:00:00+0000', tz='UTC')}"
2017-02-27 16:00:00+00:00,2017-02-27 19:00:00+00:00,1,1263.075,1255.7547854886939,1255.9297854886938,1277.565848336188,0.67,-490.4543722575138,-0.9769502996542626,"{'trail_atr_mult': 3.0, 'trail_atr_len': 14, 'tp_converts_to_trail': True, 'don_upper': 1260.05, 'don_lower': 1216.64, 'atr': 2.44264138936468, 'exit_reason': 'sl', 'signal_time': Timestamp('2017-02-27 15:00:00+0000', tz='UTC')}"
2017-03-03 15:00:00+00:00,2017-03-03 19:00:00+00:00,-1,1225.255,1231.8555228870862,1231.6805228870862,1208.2034897297563,0.58,-382.8303274509922,-0.7627791835578648,"{'trail_atr_mult': 3.0, 'trail_atr_len': 14, 'tp_converts_to_trail': True, 'don_upper': 1263.79, 'don_lower': 1225.45, 'atr': 2.8560850450406283, 'exit_reason': 'sl', 'signal_time': Timestamp('2017-03-03 14:00:00+0000', tz='UTC')}"
2017-03-07 13:00:00+00:00,2017-03-08 15:00:00+00:00,-1,1220.935,1209.825,1208.5499781868705,,0.78,850.9799999999923,1.7060174187975772,"{'trail_atr_mult': 3.0, 'trail_atr_len': 14, 'tp_converts_to_trail': True, 'don_upper': 1263.79, 'don_lower': 1222.16, 'atr': 2.086670302188261, 'exit_reason': 'sl_gap', 'signal_time': Timestamp('2017-03-07 12:00:00+0000', tz='UTC')}"
2017-03-09 04:00:00+00:00,2017-03-10 13:00:00+00:00,-1,1204.625,1200.903095984319,1200.728095984319,1191.5033805280968,0.74,260.62089716039753,0.517294916399515,"{'trail_atr_mult': 3.0, 'trail_atr_len': 14, 'tp_converts_to_trail': True, 'don_upper': 1263.79, 'don_lower': 1205.8, 'atr': 2.214436578650533, 'exit_reason': 'sl', 'signal_time': Timestamp('2017-03-09 03:00:00+0000', tz='UTC')}"
2017-03-20 02:00:00+00:00,2017-03-20 12:00:00+00:00,1,1234.185,1230.1052029118252,1230.2802029118252,1246.6775899779432,0.77,-314.14437578945194,-0.6282608390168519,"{'trail_atr_mult': 3.0, 'trail_atr_len': 14, 'tp_converts_to_trail': True, 'don_upper': 1233.67, 'don_lower': 1194.91, 'atr': 2.109598329657199, 'exit_reason': 'sl', 'signal_time': Timestamp('2017-03-20 01:00:00+0000', tz='UTC')}"
2017-03-21 13:00:00+00:00,2017-03-23 02:00:00+00:00,1,1239.335,1244.3614127621247,1244.5364127621247,1252.50132226158,0.73,483.7281316351005,0.9722333072267376,"{'trail_atr_mult': 3.0, 'trail_atr_len': 14, 'tp_converts_to_trail': True, 'don_upper': 1235.45, 'don_lower': 1194.91, 'atr': 2.2202203769300177, 'exit_reason': 'sl', 'signal_time': Timestamp('2017-03-21 12:00:00+0000', tz='UTC')}"
2017-03-23 12:00:00+00:00,2017-03-23 15:00:00+00:00,1,1252.185,1245.7695669824973,1245.9445669824972,1265.4755492874974,0.72,-461.9111772601918,-0.9207291202017267,"{'trail_atr_mult': 3.0, 'trail_atr_len': 14, 'tp_converts_to_trail': True, 'don_upper': 1251.23, 'don_lower': 1196.15, 'atr': 2.2509248812495803, 'exit_reason': 'sl', 'signal_time': Timestamp('2017-03-23 11:00:00+0000', tz='UTC')}"
2017-03-27 01:00:00+00:00,2017-03-27 15:00:00+00:00,1,1254.955,1254.1849184468565,1254.3599184468565,1271.9862261636922,0.57,-43.89464852917535,-0.0877274587332459,"{'trail_atr_mult': 3.0, 'trail_atr_len': 14, 'tp_converts_to_trail': True, 'don_upper': 1254.02, 'don_lower': 1197.23, 'atr': 2.867704360615383, 'exit_reason': 'sl', 'signal_time': Timestamp('2017-03-27 00:00:00+0000', tz='UTC')}"
2017-04-07 02:00:00+00:00,2017-04-07 14:00:00+00:00,1,1264.565,1262.1930029573577,1262.3680029573577,1280.3649808641767,0.61,-144.69181960118067,-0.2874280269891826,"{'trail_atr_mult': 3.0, 'trail_atr_len': 14, 'tp_converts_to_trail': True, 'don_upper': 1261.22, 'don_lower': 1239.61, 'atr': 2.672496810696133, 'exit_reason': 'sl', 'signal_time': Timestamp('2017-04-07 01:00:00+0000', tz='UTC')}"
2017-04-11 15:00:00+00:00,2017-04-12 10:00:00+00:00,1,1272.825,1272.4286634518685,1272.6036634518684,1289.3182594772309,0.59,0.2161436602380924,0.00043053190878228803,"{'trail_atr_mult': 3.0, 'trail_atr_len': 14, 'tp_converts_to_trail': True, 'don_upper': 1270.83, 'don_lower': 1239.61, 'atr': 2.778043246205147, 'exit_reason': 'sl', 'signal_time': Timestamp('2017-04-11 14:00:00+0000', tz='UTC')}"
2017-04-12 20:00:00+00:00,2017-04-17 06:00:00+00:00,1,1281.555,1287.7513127247998,1287.9263127247998,1300.5185485800434,0.51,458.8119489647889,0.9246643127356914,"{'trail_atr_mult': 3.0, 'trail_atr_len': 14, 'tp_converts_to_trail': True, 'don_upper': 1279.72, 'don_lower': 1240.13, 'atr': 3.188091430007218, 'exit_reason': 'sl', 'signal_time': Timestamp('2017-04-12 19:00:00+0000', tz='UTC')}"
2017-04-25 17:00:00+00:00,2017-04-26 16:00:00+00:00,-1,1264.395,1267.3381302070422,1267.1631302070423,1248.83298433224,0.62,-194.87407283662006,-0.3907661025458408,"{'trail_atr_mult': 3.0, 'trail_atr_len': 14, 'tp_converts_to_trail': True, 'don_upper': 1295.45, 'don_lower': 1265.35, 'atr': 2.622835944626684, 'exit_reason': 'sl', 'signal_time': Timestamp('2017-04-25 16:00:00+0000', tz='UTC')}"
2017-05-01 16:00:00+00:00,2017-05-03 01:00:00+00:00,-1,1259.7250000000001,1256.890129407624,1256.715129407624,1245.8938169764165,0.7,170.4409414663264,0.33850126727632074,"{'trail_atr_mult': 3.0, 'trail_atr_len': 14, 'tp_converts_to_trail': True, 'don_upper': 1289.81, 'don_lower': 1260.0, 'atr': 2.3360305039306133, 'exit_reason': 'sl', 'signal_time': Timestamp('2017-05-01 15:00:00+0000', tz='UTC')}"
2017-05-03 15:00:00+00:00,2017-05-03 19:00:00+00:00,-1,1249.605,1253.5328438094086,1253.3578438094087,1238.0361119232891,0.83,-326.0110361809149,-0.649558485161191,"{'trail_atr_mult': 3.0, 'trail_atr_len': 14, 'tp_converts_to_trail': True, 'don_upper': 1288.18, 'don_lower': 1250.8, 'atr': 1.9573146794518013, 'exit_reason': 'sl', 'signal_time': Timestamp('2017-05-03 14:00:00+0000', tz='UTC')}"
2017-05-03 20:00:00+00:00,2017-05-05 05:00:00+00:00,-1,1239.335,1232.6402202035786,1232.4652202035786,1222.6869858347432,0.59,347.79200798886677,0.6913475517344243,"{'trail_atr_mult': 3.0, 'trail_atr_len': 14, 'tp_converts_to_trail': True, 'don_upper': 1288.18, 'don_lower': 1245.26, 'atr': 2.797169027542831, 'exit_reason': 'sl', 'signal_time': Timestamp('2017-05-03 19:00:00+0000', tz='UTC')}"
2017-05-09 12:00:00+00:00,2017-05-09 21:00:00+00:00,-1,1223.505,1221.7144330634496,1221.5394330634497,1210.5777257813872,0.75,134.29252024128573,0.26621029388072187,"{'trail_atr_mult': 3.0, 'trail_atr_len': 14, 'tp_converts_to_trail': True, 'don_upper': 1271.15, 'don_lower': 1223.77, 'atr': 2.1837123697688128, 'exit_reason': 'sl', 'signal_time': Timestamp('2017-05-09 11:00:00+0000', tz='UTC')}"
2017-05-17 00:00:00+00:00,2017-05-17 15:00:00+00:00,1,1243.5449999999998,1256.5640770776433,1256.7390770776433,,0.73,950.3926266679745,1.8774251530594404,"{'trail_atr_mult': 3.0, 'trail_atr_len': 14, 'tp_converts_to_trail': True, 'don_upper': 1239.05, 'don_lower': 1214.23, 'atr': 2.2365128462738855, 'exit_reason': 'sl', 'signal_time': Timestamp('2017-05-16 23:00:00+0000', tz='UTC')}"
2017-05-17 15:00:00+00:00,2017-05-18 08:00:00+00:00,1,1260.105,1254.6429389249972,1254.8179389249972,1276.6285258398143,0.59,-251.4616034251648,-0.4991134615455992,"{'trail_atr_mult': 3.0, 'trail_atr_len': 14, 'tp_converts_to_trail': True, 'don_upper': 1258.08, 'don_lower': 1214.23, 'atr': 2.784754306635692, 'exit_reason': 'sl', 'signal_time': Timestamp('2017-05-17 14:00:00+0000', tz='UTC')}"
2017-05-18 11:00:00+00:00,2017-05-18 15:00:00+00:00,1,1264.065,1253.9142922530336,1254.0892922530336,1283.3714154939323,0.51,-517.6860950952873,-1.0175426149641533,"{'trail_atr_mult': 3.0, 'trail_atr_len': 14, 'tp_converts_to_trail': True, 'don_upper': 1263.07, 'don_lower': 1214.23, 'atr': 3.2535692489887404, 'exit_reason': 'sl', 'signal_time': Timestamp('2017-05-18 10:00:00+0000', tz='UTC')}"
2017-05-26 10:00:00+00:00,2017-05-29 14:00:00+00:00,1,1265.875,1264.8639769523998,1265.0389769523997,1279.2993480193848,0.72,13.606340572782216,0.027094736203748374,"{'trail_atr_mult': 3.0, 'trail_atr_len': 14, 'tp_converts_to_trail': True, 'don_upper': 1265.0, 'don_lower': 1229.07, 'atr': 2.266558003230797, 'exit_reason': 'sl', 'signal_time': Timestamp('2017-05-26 09:00:00+0000', tz='UTC')}"
2017-05-30 02:00:00+00:00,2017-05-30 08:00:00+00:00,1,1269.835,1265.4866932312643,1265.6616932312643,1279.2374675089575,1.02,-443.5272904110425,-0.8786705821060464,"{'trail_atr_mult': 3.0, 'trail_atr_len': 14, 'tp_converts_to_trail': True, 'don_upper': 1269.39, 'don_lower': 1241.02, 'atr': 1.5945779181595767, 'exit_reason': 'sl', 'signal_time': Timestamp('2017-05-30 01:00:00+0000', tz='UTC')}"
2017-05-31 18:00:00+00:00,2017-06-01 06:00:00+00:00,1,1271.835,1266.0474270597692,1266.2224270597692,1285.2602587794863,0.72,-330.3052516966177,-0.6548876808682547,"{'trail_atr_mult': 3.0, 'trail_atr_len': 14, 'tp_converts_to_trail': True, 'don_upper': 1270.41, 'don_lower': 1246.15, 'atr': 2.27004312991436, 'exit_reason': 'sl', 'signal_time': Timestamp('2017-05-31 17:00:00+0000', tz='UTC')}"
2017-06-02 15:00:00+00:00,2017-06-06 15:00:00+00:00,1,1276.695,1293.795,1294.2086804674916,,0.55,1028.5000000000077,2.0733223844948276,"{'trail_atr_mult': 3.0, 'trail_atr_len': 14, 'tp_converts_to_trail': True, 'don_upper': 1276.37, 'don_lower': 1247.85, 'atr': 2.948113411248605, 'exit_reason': 'sl_gap', 'signal_time': Timestamp('2017-06-02 14:00:00+0000', tz='UTC')}"
2017-06-15 12:00:00+00:00,2017-06-20 08:00:00+00:00,-1,1255.7250000000001,1247.4701081061635,1247.2951081061635,1236.7441707734376,0.51,369.9994865856695,0.7381924018786897,"{'trail_atr_mult': 3.0, 'trail_atr_len': 14, 'tp_converts_to_trail': True, 'don_upper': 1296.01, 'don_lower': 1256.8, 'atr': 3.2009715377603882, 'exit_reason': 'sl', 'signal_time': Timestamp('2017-06-15 11:00:00+0000', tz='UTC')}"
2017-06-20 14:00:00+00:00,2017-06-21 03:00:00+00:00,-1,1242.185,1246.3224153243827,1246.1474153243828,1231.4033858655814,0.91,-394.70479451883483,-0.7754652609385395,"{'trail_atr_mult': 3.0, 'trail_atr_len': 14, 'tp_converts_to_trail': True, 'don_upper': 1288.85, 'don_lower': 1242.8, 'atr': 1.8194356890697392, 'exit_reason': 'sl', 'signal_time': Timestamp('2017-06-20 13:00:00+0000', tz='UTC')}"
2017-07-03 08:00:00+00:00,2017-07-03 16:00:00+00:00,-1,1235.175,1224.2854326441234,1224.1104326441234,,0.86,936.5027926053859,1.8792017029618153,"{'trail_atr_mult': 4.0, 'trail_atr_len': 14, 'tp_converts_to_trail': True, 'don_upper': 1280.85, 'don_lower': 1235.56, 'atr': 1.8732612259793968, 'exit_reason': 'sl', 'signal_time': Timestamp('2017-07-03 07:00:00+0000', tz='UTC')}"
2017-07-03 17:00:00+00:00,2017-07-05 00:00:00+00:00,-1,1219.935,1226.0021823798206,1225.8271823798207,1204.0752288623603,0.62,-400.9653075488821,-0.7967075513404412,"{'trail_atr_mult': 4.0, 'trail_atr_len': 14, 'tp_converts_to_trail': True, 'don_upper': 1280.85, 'don_lower': 1220.79, 'atr': 2.6641285229399374, 'exit_reason': 'sl', 'signal_time': Timestamp('2017-07-03 16:00:00+0000', tz='UTC')}"
2017-07-10 07:00:00+00:00,2017-07-10 12:00:00+00:00,-1,1206.405,1214.371710501237,1214.196710501237,1191.3465789975255,0.64,-509.86947207916825,-1.022459766693356,"{'trail_atr_mult': 4.0, 'trail_atr_len': 14, 'tp_converts_to_trail': True, 'don_upper': 1258.8, 'don_lower': 1207.26, 'atr': 2.538903500412393, 'exit_reason': 'sl', 'signal_time': Timestamp('2017-07-10 06:00:00+0000', tz='UTC')}"
2017-07-20 15:00:00+00:00,2017-07-25 09:00:00+00:00,1,1245.975,1251.7964168976823,1251.9714168976823,1261.5896303555342,0.61,477.1064307586271,0.9656290577038507,"{'trail_atr_mult': 4.0, 'trail_atr_len': 14, 'tp_converts_to_trail': True, 'don_upper': 1244.51, 'don_lower': 1204.81, 'atr': 2.6349383925890244, 'exit_reason': 'sl', 'signal_time': Timestamp('2017-07-20 14:00:00+0000', tz='UTC')}"
2017-07-26 20:00:00+00:00,2017-07-27 17:00:00+00:00,1,1261.195,1255.590516295268,1255.7655162952678,1277.4985448858542,0.59,-259.8645385791907,-0.5234538974827694,"{'trail_atr_mult': 4.0, 'trail_atr_len': 14, 'tp_converts_to_trail': True, 'don_upper': 1258.74, 'don_lower': 1204.81, 'atr': 2.7464241476423674, 'exit_reason': 'sl', 'signal_time': Timestamp('2017-07-26 19:00:00+0000', tz='UTC')}"
2017-07-28 16:00:00+00:00,2017-08-01 13:00:00+00:00,1,1269.135,1264.2375083497768,1264.4125083497768,1285.0564426619776,0.61,-201.1469906636136,-0.40246583327991586,"{'trail_atr_mult': 4.0, 'trail_atr_len': 14, 'tp_converts_to_trail': True, 'don_upper': 1267.87, 'don_lower': 1208.13, 'atr': 2.679407110329585, 'exit_reason': 'sl', 'signal_time': Timestamp('2017-07-28 15:00:00+0000', tz='UTC')}"
2017-08-01 15:00:00+00:00,2017-08-02 03:00:00+00:00,1,1273.0349999999999,1265.2838589870532,1265.4588589870532,1287.6622820258935,0.66,-485.1753068544769,-0.9703015031510702,"{'trail_atr_mult': 4.0, 'trail_atr_len': 14, 'tp_converts_to_trail': True, 'don_upper': 1272.07, 'don_lower': 1214.73, 'atr': 2.467047004315602, 'exit_reason': 'sl', 'signal_time': Timestamp('2017-08-01 14:00:00+0000', tz='UTC')}"
2017-08-09 13:00:00+00:00,2017-08-11 14:00:00+00:00,1,1274.995,1285.905,1290.4305993092667,,0.62,775.6200000000051,1.5676103080586743,"{'trail_atr_mult': 4.0, 'trail_atr_len': 14, 'tp_converts_to_trail': True, 'don_upper': 1274.04, 'don_lower': 1243.69, 'atr': 2.601766551544449, 'exit_reason': 'sl_gap', 'signal_time': Timestamp('2017-08-09 12:00:00+0000', tz='UTC')}"
2017-08-18 08:00:00+00:00,2017-08-18 16:00:00+00:00,1,1293.085,1290.025745492456,1290.200745492456,1307.8785039707257,0.65,-198.8515429903589,-0.39941948814197364,"{'trail_atr_mult': 4.0, 'trail_atr_len': 14, 'tp_converts_to_trail': True, 'don_upper': 1291.93, 'don_lower': 1251.44, 'atr': 2.4947506617876076, 'exit_reason': 'sl', 'signal_time': Timestamp('2017-08-18 07:00:00+0000', tz='UTC')}"
2017-08-28 15:00:00+00:00,2017-08-29 00:00:00+00:00,1,1303.855,1318.4650000000001,1318.9491608658977,,0.63,945.6300000000081,1.900100913890769,"{'trail_atr_mult': 4.0, 'trail_atr_len': 14, 'tp_converts_to_trail': True, 'don_upper': 1300.74, 'don_lower': 1267.23, 'atr': 2.5548601443163133, 'exit_reason': 'sl_gap', 'signal_time': Timestamp('2017-08-28 14:00:00+0000', tz='UTC')}"
2017-08-29 09:00:00+00:00,2017-08-29 17:00:00+00:00,1,1324.675,1314.861118994474,1315.036118994474,1343.1877620110522,0.52,-510.3218122873468,-1.018155634445495,"{'trail_atr_mult': 4.0, 'trail_atr_len': 14, 'tp_converts_to_trail': True, 'don_upper': 1324.36, 'don_lower': 1267.23, 'atr': 3.1279603351753376, 'exit_reason': 'sl', 'signal_time': Timestamp('2017-08-29 08:00:00+0000', tz='UTC')}"
2017-09-03 23:00:00+00:00,2017-09-05 09:00:00+00:00,1,1335.125,1330.2067557853882,1330.3817557853881,1357.4578904960701,0.43,-177.08450122830877,-0.35892137582904055,"{'trail_atr_mult': 4.0, 'trail_atr_len': 14, 'tp_converts_to_trail': True, 'don_upper': 1328.76, 'don_lower': 1267.7, 'atr': 3.756315082678353, 'exit_reason': 'sl', 'signal_time': Timestamp('2017-09-03 22:00:00+0000', tz='UTC')}"
2017-09-05 19:00:00+00:00,2017-09-06 17:00:00+00:00,1,1343.705,1334.0598352231414,1334.2348352231413,1363.4145427267163,0.49,-453.01307406606963,-0.9165179010095438,"{'trail_atr_mult': 4.0, 'trail_atr_len': 14, 'tp_converts_to_trail': True, 'don_upper': 1339.72, 'don_lower': 1276.37, 'atr': 3.3107571211193725, 'exit_reason': 'sl', 'signal_time': Timestamp('2017-09-05 18:00:00+0000', tz='UTC')}"
2017-09-08 03:00:00+00:00,2017-09-08 15:00:00+00:00,1,1352.235,1345.3301447457598,1345.5051447457597,1370.5200610945394,0.53,-365.9573284747278,-0.732997119233481,"{'trail_atr_mult': 4.0, 'trail_atr_len': 14, 'tp_converts_to_trail': True, 'don_upper': 1350.53, 'don_lower': 1276.37, 'atr': 3.0783435157565835, 'exit_reason': 'sl', 'signal_time': Timestamp('2017-09-08 02:00:00+0000', tz='UTC')}"
2017-09-20 19:00:00+00:00,2017-09-22 05:00:00+00:00,-1,1300.765,1298.6539741026154,1298.4789741026154,1279.8798425694108,0.46,60.307191279696504,0.12246765598384772,"{'trail_atr_mult': 4.0, 'trail_atr_len': 14, 'tp_converts_to_trail': True, 'don_upper': 1357.42, 'don_lower': 1304.56, 'atr': 3.510026238431556, 'exit_reason': 'sl', 'signal_time': Timestamp('2017-09-20 18:00:00+0000', tz='UTC')}"
2017-09-27 13:00:00+00:00,2017-09-28 19:00:00+00:00,-1,1284.105,1288.7850775531606,1288.6100775531606,1265.033762011577,0.5,-264.0038776580286,-0.539713107474694,"{'trail_atr_mult': 4.0, 'trail_atr_len': 14, 'tp_converts_to_trail': True, 'don_upper': 1355.03, 'don_lower': 1286.23, 'atr': 3.206039664737176, 'exit_reason': 'sl', 'signal_time': Timestamp('2017-09-27 12:00:00+0000', tz='UTC')}"
2017-10-02 01:00:00+00:00,2017-10-04 01:00:00+00:00,-1,1275.125,1275.2542753211012,1275.0792753211012,1258.2561505080473,0.57,-30.16869330276863,-0.061068410839372395,"{'trail_atr_mult': 4.0, 'trail_atr_len': 14, 'tp_converts_to_trail': True, 'don_upper': 1334.59, 'don_lower': 1275.92, 'atr': 2.837308248658761, 'exit_reason': 'sl', 'signal_time': Timestamp('2017-10-02 00:00:00+0000', tz='UTC')}"
2017-10-06 13:00:00+00:00,2017-10-06 15:00:00+00:00,-1,1264.405,1270.242763320116,1270.067763320116,1251.8674592520047,0.75,-437.8322490086987,-0.8897306447317201,"{'trail_atr_mult': 4.0, 'trail_atr_len': 14, 'tp_converts_to_trail': True, 'don_upper': 1315.94, 'don_lower': 1266.09, 'atr': 2.1220901246658794, 'exit_reason': 'sl', 'signal_time': Timestamp('2017-10-06 12:00:00+0000', tz='UTC')}"
2017-10-13 20:00:00+00:00,2017-10-16 19:00:00+00:00,1,1303.735,1298.1985791857721,1298.373579185772,1317.7763665260593,0.67,-290.54019455326045,-0.5954018535054484,"{'trail_atr_mult': 4.0, 'trail_atr_len': 14, 'tp_converts_to_trail': True, 'don_upper': 1302.64, 'don_lower': 1260.54, 'atr': 2.3693944210099067, 'exit_reason': 'sl', 'signal_time': Timestamp('2017-10-13 19:00:00+0000', tz='UTC')}"
2017-10-26 17:00:00+00:00,2017-10-27 15:00:00+00:00,-1,1270.065,1272.4592136592169,1272.284213659217,1253.883655951739,0.59,-153.05860589379137,-0.31056629167011773,"{'trail_atr_mult': 4.0, 'trail_atr_len': 14, 'tp_converts_to_trail': True, 'don_upper': 1305.91, 'don_lower': 1270.88, 'atr': 2.726057341376842, 'exit_reason': 'sl', 'signal_time': Timestamp('2017-10-26 16:00:00+0000', tz='UTC')}"
2017-11-17 16:00:00+00:00,2017-11-20 13:00:00+00:00,1,1289.995,1289.4215868602998,1289.5965868602998,1302.746234343313,0.74,46.36742766219622,0.09439225673438922,"{'trail_atr_mult': 4.0, 'trail_atr_len': 14, 'tp_converts_to_trail': True, 'don_upper': 1289.39, 'don_lower': 1265.37, 'atr': 2.1543723905521746, 'exit_reason': 'sl', 'signal_time': Timestamp('2017-11-17 15:00:00+0000', tz='UTC')}"
2017-11-27 13:00:00+00:00,2017-11-27 15:00:00+00:00,1,1298.385,1292.0663228616838,1292.2413228616838,1310.1473542766325,0.8,-505.49417106529296,-1.028484569755226,"{'trail_atr_mult': 4.0, 'trail_atr_len': 14, 'tp_converts_to_trail': True, 'don_upper': 1296.77, 'don_lower': 1269.8, 'atr': 1.989559046105416, 'exit_reason': 'sl', 'signal_time': Timestamp('2017-11-27 12:00:00+0000', tz='UTC')}"
2017-12-07 05:00:00+00:00,2017-12-08 13:00:00+00:00,-1,1260.285,1249.752462853855,1249.577462853855,,0.87,898.9307317146289,1.8397512532938458,"{'trail_atr_mult': 4.0, 'trail_atr_len': 14, 'tp_converts_to_trail': True, 'don_upper': 1299.08, 'don_lower': 1260.86, 'atr': 1.8137561910241784, 'exit_reason': 'sl', 'signal_time': Timestamp('2017-12-07 04:00:00+0000', tz='UTC')}"
2017-12-11 19:00:00+00:00,2017-12-12 20:00:00+00:00,-1,1241.2050000000002,1244.2489300347972,1244.0739300347973,1229.33647354319,0.79,-256.2704727489698,-0.5234878137553223,"{'trail_atr_mult': 4.0, 'trail_atr_len': 14, 'tp_converts_to_trail': True, 'don_upper': 1299.08, 'don_lower': 1243.6, 'atr': 2.0072544094683322, 'exit_reason': 'sl', 'signal_time': Timestamp('2017-12-11 18:00:00+0000', tz='UTC')}"
2017-12-22 16:00:00+00:00,2017-12-26 17:00:00+00:00,1,1274.075,1282.595,1282.8004114758512,,1.06,1072.719999999998,2.188010776908431,"{'trail_atr_mult': 4.0, 'trail_atr_len': 14, 'tp_converts_to_trail': True, 'don_upper': 1272.87, 'don_lower': 1236.37, 'atr': 1.483401912641864, 'exit_reason': 'sl_gap', 'signal_time': Timestamp('2017-12-22 15:00:00+0000', tz='UTC')}"
2017-12-26 18:00:00+00:00,2017-12-28 08:00:00+00:00,1,1283.445,1292.165,1292.5755946275126,,1.02,1052.6400000000028,2.1244196357834872,"{'trail_atr_mult': 4.0, 'trail_atr_len': 14, 'tp_converts_to_trail': True, 'don_upper': 1283.0, 'don_lower': 1236.37, 'atr': 1.5542657712521146, 'exit_reason': 'sl_gap', 'signal_time': Timestamp('2017-12-26 17:00:00+0000', tz='UTC')}"
2017-12-29 01:00:00+00:00,2017-12-29 18:00:00+00:00,1,1295.715,1303.7685357495704,1303.9435357495704,,1.15,926.1566112006108,1.8400646275913877,"{'trail_atr_mult': 4.0, 'trail_atr_len': 14, 'tp_converts_to_trail': True, 'don_upper': 1295.07, 'don_lower': 1236.37, 'atr': 1.400589291595062, 'exit_reason': 'sl', 'signal_time': Timestamp('2017-12-29 00:00:00+0000', tz='UTC')}"
2018-01-02 07:00:00+00:00,2018-01-03 02:00:00+00:00,1,1309.455,1312.074303684696,1312.2493036846959,1322.6494186369819,0.72,217.3898652981104,0.44015038313026633,"{'trail_atr_mult': 4.0, 'trail_atr_len': 14, 'tp_converts_to_trail': True, 'don_upper': 1307.41, 'don_lower': 1236.37, 'atr': 2.2282364394969765, 'exit_reason': 'sl', 'signal_time': Timestamp('2018-01-02 06:00:00+0000', tz='UTC')}"
2018-01-04 19:00:00+00:00,2018-01-05 10:00:00+00:00,1,1324.415,1316.357567457548,1316.5325674575479,1342.56930617782,0.53,-405.8439247499578,-0.8172589176770608,"{'trail_atr_mult': 4.0, 'trail_atr_len': 14, 'tp_converts_to_trail': True, 'don_upper': 1321.24, 'don_lower': 1250.35, 'atr': 3.0582176963033154, 'exit_reason': 'sl', 'signal_time': Timestamp('2018-01-04 18:00:00+0000', tz='UTC')}"
2018-01-12 04:00:00+00:00,2018-01-12 13:00:00+00:00,1,1329.625,1323.7474020523111,1323.922402052311,1342.5583825243684,0.72,-423.1870522335975,-0.8488497392884854,"{'trail_atr_mult': 4.0, 'trail_atr_len': 14, 'tp_converts_to_trail': True, 'don_upper': 1327.6, 'don_lower': 1262.64, 'atr': 2.206397087394751, 'exit_reason': 'sl', 'signal_time': Timestamp('2018-01-12 03:00:00+0000', tz='UTC')}"
2018-01-12 18:00:00+00:00,2018-01-16 08:00:00+00:00,1,1337.735,1336.0829612799455,1336.2579612799454,1356.411553340205,0.51,-2.65397472277472,-0.005411806226345336,"{'trail_atr_mult': 4.0, 'trail_atr_len': 14, 'tp_converts_to_trail': True, 'don_upper': 1332.99, 'don_lower': 1264.84, 'atr': 3.143592223367497, 'exit_reason': 'sl', 'signal_time': Timestamp('2018-01-12 17:00:00+0000', tz='UTC')}"
2018-01-24 08:00:00+00:00,2018-01-24 19:00:00+00:00,1,1347.0349999999999,1359.5031787578278,1359.6781787578277,,0.75,935.1134068370925,1.8980071724780159,"{'trail_atr_mult': 4.0, 'trail_atr_len': 14, 'tp_converts_to_trail': True, 'don_upper': 1344.6, 'don_lower': 1307.96, 'atr': 2.13469645963798, 'exit_reason': 'sl', 'signal_time': Timestamp('2018-01-24 07:00:00+0000', tz='UTC')}"
2018-01-25 03:00:00+00:00,2018-01-25 14:00:00+00:00,1,1363.2849999999999,1355.0055932853004,1355.1805932853003,1379.3603291869108,0.6,-496.7644028819677,-1.002936600593459,"{'trail_atr_mult': 4.0, 'trail_atr_len': 14, 'tp_converts_to_trail': True, 'don_upper': 1362.02, 'don_lower': 1307.96, 'atr': 2.703388197818456, 'exit_reason': 'sl', 'signal_time': Timestamp('2018-01-25 02:00:00+0000', tz='UTC')}"
2018-02-06 20:00:00+00:00,2018-02-08 17:00:00+00:00,-1,1321.615,1320.2971258517807,1320.1221258517808,1298.3714084309424,0.42,21.75071422521014,0.04363141315378814,"{'trail_atr_mult': 4.0, 'trail_atr_len': 14, 'tp_converts_to_trail': True, 'don_upper': 1365.92, 'don_lower': 1325.42, 'atr': 3.901431928176261, 'exit_reason': 'sl', 'signal_time': Timestamp('2018-02-06 19:00:00+0000', tz='UTC')}"
2018-02-15 08:00:00+00:00,2018-02-16 14:00:00+00:00,1,1356.605,1351.7323554237953,1351.9073554237953,1376.8221435821804,0.48,-214.68693965782657,-0.43251267050078374,"{'trail_atr_mult': 4.0, 'trail_atr_len': 14, 'tp_converts_to_trail': True, 'don_upper': 1355.5, 'don_lower': 1307.04, 'atr': 3.3953572636967375, 'exit_reason': 'sl', 'signal_time': Timestamp('2018-02-15 07:00:00+0000', tz='UTC')}"
2018-03-01 08:00:00+00:00,2018-03-01 19:00:00+00:00,-1,1311.425,1314.5659957170838,1314.3909957170838,1298.986193301436,0.76,-238.7156744983686,-0.4834604346439888,"{'trail_atr_mult': 4.0, 'trail_atr_len': 14, 'tp_converts_to_trail': True, 'don_upper': 1361.69, 'don_lower': 1312.49, 'atr': 2.103967783093976, 'exit_reason': 'sl', 'signal_time': Timestamp('2018-03-01 07:00:00+0000', tz='UTC')}"
2018-03-23 06:00:00+00:00,2018-03-27 12:00:00+00:00,1,1343.0349999999999,1347.3441397255935,1347.5191397255935,1361.152543872437,0.53,313.1844054564659,0.6370166556374888,"{'trail_atr_mult': 4.0, 'trail_atr_len': 14, 'tp_converts_to_trail': True, 'don_upper': 1340.37, 'don_lower': 1307.17, 'atr': 3.0437573120728323, 'exit_reason': 'sl', 'signal_time': Timestamp('2018-03-23 05:00:00+0000', tz='UTC')}"
2018-04-11 15:00:00+00:00,2018-04-11 19:00:00+00:00,1,1359.145,1351.1796710747142,1351.3546710747141,1378.20476211015,0.51,-406.231775189576,-0.8184357846461727,"{'trail_atr_mult': 4.0, 'trail_atr_len': 14, 'tp_converts_to_trail': True, 'don_upper': 1356.84, 'don_lower': 1319.5, 'atr': 3.199127018358353, 'exit_reason': 'sl', 'signal_time': Timestamp('2018-04-11 14:00:00+0000', tz='UTC')}"
2018-04-30 12:00:00+00:00,2018-04-30 18:00:00+00:00,-1,1313.435,1319.3751731823115,1319.2001731823116,1301.1264442845293,0.75,-445.5129886733687,-0.9025180294303294,"{'trail_atr_mult': 4.0, 'trail_atr_len': 14, 'tp_converts_to_trail': True, 'don_upper': 1365.2, 'don_lower': 1315.26, 'atr': 2.0989259525784423, 'exit_reason': 'sl', 'signal_time': Timestamp('2018-04-30 11:00:00+0000', tz='UTC')}"
2018-05-01 09:00:00+00:00,2018-05-02 04:00:00+00:00,-1,1308.625,1310.7371082977395,1310.5621082977395,1296.8002974827004,0.8,-184.9686638191597,-0.3744395129357562,"{'trail_atr_mult': 4.0, 'trail_atr_len': 14, 'tp_converts_to_trail': True, 'don_upper': 1355.67, 'don_lower': 1310.18, 'atr': 1.9999504195499052, 'exit_reason': 'sl', 'signal_time': Timestamp('2018-05-01 08:00:00+0000', tz='UTC')}"
2018-05-15 13:00:00+00:00,2018-05-18 15:00:00+00:00,-1,1297.385,1292.5839827885368,1292.4089827885368,1283.5057175047161,0.68,258.46917037949794,0.5299696534438711,"{'trail_atr_mult': 4.0, 'trail_atr_len': 14, 'tp_converts_to_trail': True, 'don_upper': 1325.9, 'don_lower': 1301.74, 'atr': 2.3390470825473, 'exit_reason': 'sl', 'signal_time': Timestamp('2018-05-15 12:00:00+0000', tz='UTC')}"
2018-06-14 13:00:00+00:00,2018-06-15 01:00:00+00:00,1,1307.5249999999999,1300.5801590194221,1300.755159019422,1320.269681961156,0.73,-477.77339158217484,-0.9667643596584388,"{'trail_atr_mult': 4.0, 'trail_atr_len': 14, 'tp_converts_to_trail': True, 'don_upper': 1306.57, 'don_lower': 1289.34, 'atr': 2.168280326859331, 'exit_reason': 'sl', 'signal_time': Timestamp('2018-06-14 12:00:00+0000', tz='UTC')}"
2018-06-15 14:00:00+00:00,2018-06-19 02:00:00+00:00,-1,1283.545,1283.2183547738089,1283.043354773809,1266.2693772692899,0.55,-26.034512559483808,-0.05309458687536851,"{'trail_atr_mult': 4.0, 'trail_atr_len': 14, 'tp_converts_to_trail': True, 'don_upper': 1309.28, 'don_lower': 1289.34, 'atr': 2.910103788451681, 'exit_reason': 'sl', 'signal_time': Timestamp('2018-06-15 13:00:00+0000', tz='UTC')}"
2018-06-19 12:00:00+00:00,2018-06-21 18:00:00+00:00,-1,1272.305,1269.9460029966374,1269.7710029966374,1258.0173182058752,0.66,102.89380222193648,0.20964571486744812,"{'trail_atr_mult': 4.0, 'trail_atr_len': 14, 'tp_converts_to_trail': True, 'don_upper': 1309.28, 'don_lower': 1275.33, 'atr': 2.413780299020814, 'exit_reason': 'sl', 'signal_time': Timestamp('2018-06-19 11:00:00+0000', tz='UTC')}"
2018-06-27 03:00:00+00:00,2018-06-29 17:00:00+00:00,-1,1254.075,1253.300821997118,1253.125821997118,1241.8796827155538,0.78,-2.0141157751976664,-0.004088891282203544,"{'trail_atr_mult': 4.0, 'trail_atr_len': 14, 'tp_converts_to_trail': True, 'don_upper': 1309.28, 'don_lower': 1254.68, 'atr': 2.0567195474077056, 'exit_reason': 'sl', 'signal_time': Timestamp('2018-06-27 02:00:00+0000', tz='UTC')}"
2018-07-03 02:00:00+00:00,2018-07-03 08:00:00+00:00,-1,1238.7050000000002,1245.2554509503916,1245.0804509503917,1226.4790980992168,0.78,-510.9351741305332,-1.0274490387208153,"{'trail_atr_mult': 4.0, 'trail_atr_len': 14, 'tp_converts_to_trail': True, 'don_upper': 1309.28, 'don_lower': 1239.63, 'atr': 2.0668169834638808, 'exit_reason': 'sl', 'signal_time': Timestamp('2018-07-03 01:00:00+0000', tz='UTC')}"
2018-07-17 15:00:00+00:00,2018-07-19 01:00:00+00:00,-1,1226.535,1228.1066471654462,1227.9316471654463,1210.2984157950084,0.59,-139.92718276132376,-0.28349343808563277,"{'trail_atr_mult': 4.0, 'trail_atr_len': 14, 'tp_converts_to_trail': True, 'don_upper': 1265.84, 'don_lower': 1230.33, 'atr': 2.733597367498601, 'exit_reason': 'sl', 'signal_time': Timestamp('2018-07-17 14:00:00+0000', tz='UTC')}"
2018-07-19 08:00:00+00:00,2018-07-19 18:00:00+00:00,-1,1218.4950000000001,1221.2950273424192,1221.1200273424192,1206.0709643113441,0.76,-212.80207802384942,-0.4324688586459097,"{'trail_atr_mult': 4.0, 'trail_atr_len': 14, 'tp_converts_to_trail': True, 'don_upper': 1265.84, 'don_lower': 1220.98, 'atr': 2.099839281442669, 'exit_reason': 'sl', 'signal_time': Timestamp('2018-07-19 07:00:00+0000', tz='UTC')}"
2018-08-03 07:00:00+00:00,2018-08-03 12:00:00+00:00,-1,1205.7250000000001,1211.9700129147157,1211.7950129147157,1194.1699741705688,0.81,-505.84604609195685,-1.028830251674704,"{'trail_atr_mult': 4.0, 'trail_atr_len': 14, 'tp_converts_to_trail': True, 'don_upper': 1244.94, 'don_lower': 1206.34, 'atr': 1.9583376382385231, 'exit_reason': 'sl', 'signal_time': Timestamp('2018-08-03 06:00:00+0000', tz='UTC')}"
2018-08-13 12:00:00+00:00,2018-08-15 15:00:00+00:00,-1,1198.595,1183.148081957661,1182.973081957661,,0.6,902.8150825403472,1.846596761823036,"{'trail_atr_mult': 4.0, 'trail_atr_len': 14, 'tp_converts_to_trail': True, 'don_upper': 1235.18, 'don_lower': 1200.98, 'atr': 2.6411530070564995, 'exit_reason': 'sl', 'signal_time': Timestamp('2018-08-13 11:00:00+0000', tz='UTC')}"
2018-08-15 15:00:00+00:00,2018-08-16 02:00:00+00:00,-1,1178.815,1165.865,1163.4834577826362,,0.62,765.7000000000028,1.5577166611363895,"{'trail_atr_mult': 4.0, 'trail_atr_len': 14, 'tp_converts_to_trail': True, 'don_upper': 1228.53, 'don_lower': 1180.07, 'atr': 2.5844237028939867, 'exit_reason': 'sl_gap', 'signal_time': Timestamp('2018-08-15 14:00:00+0000', tz='UTC')}"
2018-09-27 13:00:00+00:00,2018-09-28 15:00:00+00:00,-1,1186.795,1188.7420221091006,1188.5670221091007,1172.3478166068169,0.67,-143.85048130973647,-0.29088137600186487,"{'trail_atr_mult': 4.0, 'trail_atr_len': 14, 'tp_converts_to_trail': True, 'don_upper': 1212.6, 'don_lower': 1187.66, 'atr': 2.4253638988638757, 'exit_reason': 'sl', 'signal_time': Timestamp('2018-09-27 12:00:00+0000', tz='UTC')}"
2018-10-11 13:00:00+00:00,2018-10-11 20:00:00+00:00,1,1208.635,1223.895,1225.4030203197321,,0.57,869.8199999999995,1.764873887598192,"{'trail_atr_mult': 4.0, 'trail_atr_len': 14, 'tp_converts_to_trail': True, 'don_upper': 1208.25, 'don_lower': 1180.66, 'atr': 2.8238367199553553, 'exit_reason': 'sl_gap', 'signal_time': Timestamp('2018-10-11 12:00:00+0000', tz='UTC')}"
2018-10-15 08:00:00+00:00,2018-10-16 20:00:00+00:00,1,1227.325,1224.6105992808696,1224.7855992808695,1242.2979829884002,0.65,-150.43604674348126,-0.29867121687548187,"{'trail_atr_mult': 4.0, 'trail_atr_len': 14, 'tp_converts_to_trail': True, 'don_upper': 1226.3, 'don_lower': 1180.66, 'atr': 2.524663831400033, 'exit_reason': 'sl', 'signal_time': Timestamp('2018-10-15 07:00:00+0000', tz='UTC')}"
2018-10-23 09:00:00+00:00,2018-10-23 17:00:00+00:00,1,1235.7649999999999,1230.4006125240187,1230.5756125240187,1248.15370659003,0.78,-418.42222312653166,-0.8308052283180657,"{'trail_atr_mult': 4.0, 'trail_atr_len': 14, 'tp_converts_to_trail': True, 'don_upper': 1233.22, 'don_lower': 1183.16, 'atr': 2.093951098338354, 'exit_reason': 'sl', 'signal_time': Timestamp('2018-10-23 08:00:00+0000', tz='UTC')}"
2018-10-31 13:00:00+00:00,2018-11-01 06:00:00+00:00,-1,1212.375,1220.0668018397485,1219.8918018397485,1197.8063963205032,0.66,-547.2589214233977,-1.1031023587587196,"{'trail_atr_mult': 4.0, 'trail_atr_len': 14, 'tp_converts_to_trail': True, 'don_upper': 1243.36, 'don_lower': 1214.67, 'atr': 2.4539339465828074, 'exit_reason': 'sl', 'signal_time': Timestamp('2018-10-31 12:00:00+0000', tz='UTC')}"
2018-11-09 14:00:00+00:00,2018-11-13 16:00:00+00:00,-1,1210.295,1204.5003615437638,1204.3253615437638,1195.0741939541374,0.62,309.6675842866488,0.621385757203996,"{'trail_atr_mult': 4.0, 'trail_atr_len': 14, 'tp_converts_to_trail': True, 'don_upper': 1243.36, 'don_lower': 1210.71, 'atr': 2.584301007643741, 'exit_reason': 'sl', 'signal_time': Timestamp('2018-11-09 13:00:00+0000', tz='UTC')}"
2018-12-03 14:00:00+00:00,2018-12-05 06:00:00+00:00,1,1233.555,1234.058120881574,1234.233120881574,1246.7821978705483,0.72,93.82470347332637,0.18910204218713492,"{'trail_atr_mult': 4.0, 'trail_atr_len': 14, 'tp_converts_to_trail': True, 'don_upper': 1232.86, 'don_lower': 1197.64, 'atr': 2.235366311758065, 'exit_reason': 'sl', 'signal_time': Timestamp('2018-12-03 13:00:00+0000', tz='UTC')}"
2018-12-07 19:00:00+00:00,2018-12-10 17:00:00+00:00,1,1249.925,1243.137824619588,1243.312824619588,1263.4886779627568,0.71,-396.6894520092526,-0.793144026030214,"{'trail_atr_mult': 4.0, 'trail_atr_len': 14, 'tp_converts_to_trail': True, 'don_upper': 1248.49, 'don_lower': 1211.15, 'atr': 2.2897796604594585, 'exit_reason': 'sl', 'signal_time': Timestamp('2018-12-07 18:00:00+0000', tz='UTC')}"
2018-12-20 14:00:00+00:00,2018-12-21 10:00:00+00:00,1,1259.455,1256.4774424786867,1256.6524424786867,1276.5301579150246,0.57,-146.92077871485247,-0.29746497798251825,"{'trail_atr_mult': 4.0, 'trail_atr_len': 14, 'tp_converts_to_trail': True, 'don_upper': 1257.99, 'don_lower': 1228.12, 'atr': 2.8600263191707866, 'exit_reason': 'sl', 'signal_time': Timestamp('2018-12-20 13:00:00+0000', tz='UTC')}"
2018-12-24 16:00:00+00:00,2018-12-26 18:00:00+00:00,1,1268.145,1268.1757837984587,1268.3507837984587,1282.5455446394233,0.66,54.83173069827699,0.10999719881539831,"{'trail_atr_mult': 4.0, 'trail_atr_len': 14, 'tp_converts_to_trail': True, 'don_upper': 1267.19, 'don_lower': 1232.89, 'atr': 2.43925743990386, 'exit_reason': 'sl', 'signal_time': Timestamp('2018-12-24 15:00:00+0000', tz='UTC')}"
2019-01-25 15:00:00+00:00,2019-01-28 14:00:00+00:00,1,1297.625,1298.3596866912037,1298.5346866912037,1312.1896652237433,0.66,127.68932161944458,0.2564253961260189,"{'trail_atr_mult': 3.0, 'trail_atr_len': 14, 'tp_converts_to_trail': True, 'don_upper': 1297.03, 'don_lower': 1276.7, 'atr': 2.4566108706238956, 'exit_reason': 'sl', 'signal_time': Timestamp('2019-01-25 14:00:00+0000', tz='UTC')}"
2019-01-29 06:00:00+00:00,2019-01-30 06:00:00+00:00,1,1305.165,1314.8837307453607,1315.0587307453607,,0.95,961.2794208092707,1.9368344331877212,"{'trail_atr_mult': 3.0, 'trail_atr_len': 14, 'tp_converts_to_trail': True, 'don_upper': 1304.47, 'don_lower': 1276.7, 'atr': 1.679788457560123, 'exit_reason': 'sl', 'signal_time': Timestamp('2019-01-29 05:00:00+0000', tz='UTC')}"
2019-01-30 19:00:00+00:00,2019-01-31 17:00:00+00:00,1,1319.985,1319.631824262822,1319.806824262822,1335.5504294069167,0.62,52.50310429496804,0.1050622463516669,"{'trail_atr_mult': 3.0, 'trail_atr_len': 14, 'tp_converts_to_trail': True, 'don_upper': 1315.87, 'don_lower': 1276.7, 'atr': 2.6250715678194525, 'exit_reason': 'sl', 'signal_time': Timestamp('2019-01-30 18:00:00+0000', tz='UTC')}"
2019-02-19 13:00:00+00:00,2019-02-20 04:00:00+00:00,1,1332.0049999999999,1342.6484430911707,1342.8234430911707,,0.88,971.8229920230362,1.9368611748010565,"{'trail_atr_mult': 3.0, 'trail_atr_len': 14, 'tp_converts_to_trail': True, 'don_upper': 1331.43, 'don_lower': 1302.34, 'atr': 1.8355738485284765, 'exit_reason': 'sl', 'signal_time': Timestamp('2019-02-19 12:00:00+0000', tz='UTC')}"
2019-03-01 16:00:00+00:00,2019-03-04 15:00:00+00:00,-1,1301.135,1286.2749999999999,1284.177735132981,,0.58,827.0800000000073,1.6257877883043939,"{'trail_atr_mult': 3.0, 'trail_atr_len': 14, 'tp_converts_to_trail': True, 'don_upper': 1346.66, 'don_lower': 1302.34, 'atr': 2.8587108111697903, 'exit_reason': 'sl_gap', 'signal_time': Timestamp('2019-03-01 15:00:00+0000', tz='UTC')}"
2019-03-21 06:00:00+00:00,2019-03-21 13:00:00+00:00,1,1319.245,1313.24829651816,1313.42329651816,1333.8275278604267,0.68,-407.77583676511045,-0.793869591006731,"{'trail_atr_mult': 3.0, 'trail_atr_len': 14, 'tp_converts_to_trail': True, 'don_upper': 1319.0, 'don_lower': 1280.77, 'atr': 2.459587976737792, 'exit_reason': 'sl', 'signal_time': Timestamp('2019-03-21 05:00:00+0000', tz='UTC')}"
2019-03-29 06:00:00+00:00,2019-03-29 12:00:00+00:00,-1,1287.085,1294.4665251782883,1294.2915251782883,1272.2885822450066,0.66,-487.18066176702496,-0.9635564144685634,"{'trail_atr_mult': 3.0, 'trail_atr_len': 14, 'tp_converts_to_trail': True, 'don_upper': 1324.49, 'don_lower': 1288.37, 'atr': 2.4952362924988996, 'exit_reason': 'sl', 'signal_time': Timestamp('2019-03-29 05:00:00+0000', tz='UTC')}"
2019-04-18 02:00:00+00:00,2019-04-18 08:00:00+00:00,-1,1271.9650000000001,1275.4554926130472,1275.2804926130473,1262.5357028604744,1.02,-356.0302465308023,-0.7013036810378674,"{'trail_atr_mult': 3.0, 'trail_atr_len': 14, 'tp_converts_to_trail': True, 'don_upper': 1310.53, 'don_lower': 1272.89, 'atr': 1.600716189920953, 'exit_reason': 'sl', 'signal_time': Timestamp('2019-04-18 01:00:00+0000', tz='UTC')}"
2019-04-23 13:00:00+00:00,2019-04-23 16:00:00+00:00,-1,1267.395,1272.4027024657557,1272.2277024657558,1257.1215422093192,0.92,-460.7086268495296,-0.9147776904283942,"{'trail_atr_mult': 3.0, 'trail_atr_len': 14, 'tp_converts_to_trail': True, 'don_upper': 1310.53, 'don_lower': 1271.09, 'atr': 1.749742965113469, 'exit_reason': 'sl', 'signal_time': Timestamp('2019-04-23 12:00:00+0000', tz='UTC')}"
2019-05-13 17:00:00+00:00,2019-05-14 08:00:00+00:00,1,1300.465,1297.1302697827389,1297.3052697827388,1315.895390023698,0.63,-184.88800368744552,-0.36786693561263095,"{'trail_atr_mult': 3.0, 'trail_atr_len': 14, 'tp_converts_to_trail': True, 'don_upper': 1299.63, 'don_lower': 1266.2, 'atr': 2.6008983372829766, 'exit_reason': 'sl', 'signal_time': Timestamp('2019-05-13 16:00:00+0000', tz='UTC')}"
2019-05-31 15:00:00+00:00,2019-06-03 16:00:00+00:00,1,1302.625,1318.449768258187,1318.624768258187,,0.6,1021.4860954912247,2.038312414162739,"{'trail_atr_mult': 3.0, 'trail_atr_len': 14, 'tp_converts_to_trail': True, 'don_upper': 1300.84, 'don_lower': 1269.41, 'atr': 2.7057947096978365, 'exit_reason': 'sl', 'signal_time': Timestamp('2019-05-31 14:00:00+0000', tz='UTC')}"
2019-06-03 17:00:00+00:00,2019-06-04 13:00:00+00:00,1,1320.705,1321.340387422181,1321.515387422181,1336.615057149162,0.62,64.19402017522889,0.12599742279982115,"{'trail_atr_mult': 3.0, 'trail_atr_len': 14, 'tp_converts_to_trail': True, 'don_upper': 1320.23, 'don_lower': 1269.41, 'atr': 2.680842858193703, 'exit_reason': 'sl', 'signal_time': Timestamp('2019-06-03 16:00:00+0000', tz='UTC')}"
2019-06-05 07:00:00+00:00,2019-06-05 15:00:00+00:00,1,1333.665,1333.202113232994,1333.377113232994,1349.123111467337,0.63,-29.16186632137874,-0.057921984458653555,"{'trail_atr_mult': 3.0, 'trail_atr_len': 14, 'tp_converts_to_trail': True, 'don_upper': 1329.0, 'don_lower': 1269.41, 'atr': 2.605518577889502, 'exit_reason': 'sl', 'signal_time': Timestamp('2019-06-05 06:00:00+0000', tz='UTC')}"
2019-06-14 07:00:00+00:00,2019-06-14 13:00:00+00:00,1,1355.335,1350.1722162467386,1350.3472162467385,1371.4141719310587,0.61,-314.92980894894936,-0.6218658509075555,"{'trail_atr_mult': 3.0, 'trail_atr_len': 14, 'tp_converts_to_trail': True, 'don_upper': 1348.23, 'don_lower': 1274.95, 'atr': 2.7090286551764255, 'exit_reason': 'sl', 'signal_time': Timestamp('2019-06-14 06:00:00+0000', tz='UTC')}"
2019-06-20 01:00:00+00:00,2019-06-20 06:00:00+00:00,1,1371.5049999999999,1378.2983208811386,1378.4733208811385,1397.3388561339546,0.38,258.1461934832705,0.5160361579383471,"{'trail_atr_mult': 3.0, 'trail_atr_len': 14, 'tp_converts_to_trail': True, 'don_upper': 1362.54, 'don_lower': 1306.99, 'atr': 4.333142688992454, 'exit_reason': 'sl', 'signal_time': Timestamp('2019-06-20 00:00:00+0000', tz='UTC')}"
2019-06-21 02:00:00+00:00,2019-06-21 06:00:00+00:00,1,1404.655,1396.7245872171236,1396.8995872171236,1434.2194471327018,0.33,-261.7036218349204,-0.5271225322221046,"{'trail_atr_mult': 3.0, 'trail_atr_len': 14, 'tp_converts_to_trail': True, 'don_upper': 1395.22, 'don_lower': 1319.83, 'atr': 4.956574522116954, 'exit_reason': 'sl', 'signal_time': Timestamp('2019-06-21 01:00:00+0000', tz='UTC')}"
2019-06-24 16:00:00+00:00,2019-06-25 06:00:00+00:00,1,1413.905,1424.5344646082306,1424.7094646082305,1442.2996875021263,0.35,386.0312612880707,0.7627651306688361,"{'trail_atr_mult': 3.0, 'trail_atr_len': 14, 'tp_converts_to_trail': True, 'don_upper': 1411.76, 'don_lower': 1319.83, 'atr': 4.761614583687729, 'exit_reason': 'sl', 'signal_time': Timestamp('2019-06-24 15:00:00+0000', tz='UTC')}"
2019-07-18 20:00:00+00:00,2019-07-19 07:00:00+00:00,1,1446.055,1439.4974709892638,1439.6724709892637,1474.847064668913,0.34,-209.35598636503386,-0.42006449692527487,"{'trail_atr_mult': 3.0, 'trail_atr_len': 14, 'tp_converts_to_trail': True, 'don_upper': 1437.74, 'don_lower': 1382.83, 'atr': 4.827844111485469, 'exit_reason': 'sl', 'signal_time': Timestamp('2019-07-18 19:00:00+0000', tz='UTC')}"
2019-08-05 07:00:00+00:00,2019-08-05 16:00:00+00:00,1,1458.615,1454.9185507235024,1455.0935507235024,1490.2346386272784,0.31,-114.58992757142437,-0.2299885414397359,"{'trail_atr_mult': 3.0, 'trail_atr_len': 14, 'tp_converts_to_trail': True, 'don_upper': 1455.98, 'don_lower': 1400.01, 'atr': 5.299106437879736, 'exit_reason': 'sl', 'signal_time': Timestamp('2019-08-05 06:00:00+0000', tz='UTC')}"
2019-08-05 23:00:00+00:00,2019-08-06 05:00:00+00:00,1,1474.175,1457.8143306331435,1457.9893306331435,1508.8607242113135,0.28,-446.89874227198,-0.906580010741624,"{'trail_atr_mult': 3.0, 'trail_atr_len': 14, 'tp_converts_to_trail': True, 'don_upper': 1469.72, 'don_lower': 1400.44, 'atr': 5.8101207018855865, 'exit_reason': 'sl', 'signal_time': Timestamp('2019-08-05 22:00:00+0000', tz='UTC')}"
2019-08-07 12:00:00+00:00,2019-08-08 02:00:00+00:00,1,1495.085,1492.0276353401273,1492.2026353401272,1523.647615069633,0.34,-63.150398435673374,-0.12784013109278283,"{'trail_atr_mult': 3.0, 'trail_atr_len': 14, 'tp_converts_to_trail': True, 'don_upper': 1491.21, 'don_lower': 1400.44, 'atr': 4.787935844938847, 'exit_reason': 'sl', 'signal_time': Timestamp('2019-08-07 11:00:00+0000', tz='UTC')}"
2019-08-13 07:00:00+00:00,2019-08-13 13:00:00+00:00,1,1522.5249999999999,1520.085026063094,1520.2600260630938,1548.416222592782,0.37,-90.27903566552095,-0.18473299339722127,"{'trail_atr_mult': 3.0, 'trail_atr_len': 14, 'tp_converts_to_trail': True, 'don_upper': 1520.02, 'don_lower': 1400.44, 'atr': 4.344370432130366, 'exit_reason': 'sl', 'signal_time': Timestamp('2019-08-13 06:00:00+0000', tz='UTC')}"
2019-08-25 23:00:00+00:00,2019-08-26 08:00:00+00:00,1,1547.625,1532.5208022623972,1532.6958022623971,1583.5562427382586,0.27,-397.01333891527605,-0.8086729136927636,"{'trail_atr_mult': 3.0, 'trail_atr_len': 14, 'tp_converts_to_trail': True, 'don_upper': 1534.95, 'don_lower': 1472.18, 'atr': 6.012707123043087, 'exit_reason': 'sl', 'signal_time': Timestamp('2019-08-25 22:00:00+0000', tz='UTC')}"
2019-09-10 02:00:00+00:00,2019-09-10 14:00:00+00:00,-1,1487.505,1499.1140630045468,1498.9390630045468,1460.027451078001,0.35,-406.31720515913344,-0.8291433066956554,"{'trail_atr_mult': 3.0, 'trail_atr_len': 14, 'tp_converts_to_trail': True, 'don_upper': 1556.98, 'don_lower': 1492.43, 'atr': 4.608758153666541, 'exit_reason': 'sl', 'signal_time': Timestamp('2019-09-10 01:00:00+0000', tz='UTC')}"
2019-09-10 22:00:00+00:00,2019-09-11 16:00:00+00:00,-1,1486.105,1496.608323742592,1496.433323742592,1458.350663013148,0.36,-385.31965473330746,-0.8002683392005556,"{'trail_atr_mult': 3.0, 'trail_atr_len': 14, 'tp_converts_to_trail': True, 'don_upper': 1556.98, 'don_lower': 1486.38, 'atr': 4.5698894978086555, 'exit_reason': 'sl', 'signal_time': Timestamp('2019-09-10 20:00:00+0000', tz='UTC')}"
2019-09-30 16:00:00+00:00,2019-10-01 15:00:00+00:00,-1,1468.075,1471.9701552166177,1471.7951552166178,1437.62882465119,0.31,-126.94981171514856,-0.26266843188603406,"{'trail_atr_mult': 3.0, 'trail_atr_len': 14, 'tp_converts_to_trail': True, 'don_upper': 1535.63, 'don_lower': 1479.55, 'atr': 5.115195891468352, 'exit_reason': 'sl', 'signal_time': Timestamp('2019-09-30 15:00:00+0000', tz='UTC')}"
2019-11-07 15:00:00+00:00,2019-11-08 06:00:00+00:00,-1,1469.4750000000001,1470.6570030246191,1470.4820030246192,1445.648775810998,0.4,-55.28012098476029,-0.11364584396569362,"{'trail_atr_mult': 3.0, 'trail_atr_len': 14, 'tp_converts_to_trail': True, 'don_upper': 1517.93, 'don_lower': 1479.31, 'atr': 3.998537364833714, 'exit_reason': 'sl', 'signal_time': Timestamp('2019-11-07 14:00:00+0000', tz='UTC')}"
2019-11-08 12:00:00+00:00,2019-11-11 08:00:00+00:00,-1,1458.025,1465.5541420553002,1465.3791420553002,1436.7992251479893,0.44,-357.68225043320433,-0.7464511350522292,"{'trail_atr_mult': 3.0, 'trail_atr_len': 14, 'tp_converts_to_trail': True, 'don_upper': 1517.93, 'don_lower': 1460.46, 'atr': 3.568462475335113, 'exit_reason': 'sl', 'signal_time': Timestamp('2019-11-08 11:00:00+0000', tz='UTC')}"
2019-12-04 07:00:00+00:00,2019-12-04 09:00:00+00:00,1,1483.975,1476.9532165905032,1477.1282165905031,1497.6484565737264,0.67,-470.45948843628025,-0.9767089219197206,"{'trail_atr_mult': 3.0, 'trail_atr_len': 14, 'tp_converts_to_trail': True, 'don_upper': 1481.73, 'don_lower': 1450.02, 'atr': 2.3180760956210604, 'exit_reason': 'sl', 'signal_time': Timestamp('2019-12-04 06:00:00+0000', tz='UTC')}"
2019-12-24 05:00:00+00:00,2019-12-24 17:00:00+00:00,1,1490.375,1498.7450000000001,1499.765790899985,,0.97,811.8900000000114,1.688216317674215,"{'trail_atr_mult': 3.0, 'trail_atr_len': 14, 'tp_converts_to_trail': True, 'don_upper': 1489.52, 'don_lower': 1458.48, 'atr': 1.5942984833308176, 'exit_reason': 'sl_gap', 'signal_time': Timestamp('2019-12-24 04:00:00+0000', tz='UTC')}"
2019-12-26 04:00:00+00:00,2019-12-31 13:00:00+00:00,1,1503.0349999999999,1520.0120764511,1520.1870764511,,0.7,1328.3953515770122,2.727128160129415,"{'trail_atr_mult': 3.0, 'trail_atr_len': 14, 'tp_converts_to_trail': True, 'don_upper': 1500.44, 'don_lower': 1458.48, 'atr': 2.261210076048128, 'exit_reason': 'sl', 'signal_time': Timestamp('2019-12-26 03:00:00+0000', tz='UTC')}"
2020-01-02 13:00:00+00:00,2020-01-03 03:00:00+00:00,1,1528.215,1538.075,1540.4540601346457,,0.78,800.28000000001,1.6076389317770874,"{'trail_atr_mult': 3.0, 'trail_atr_len': 14, 'tp_converts_to_trail': True, 'don_upper': 1525.23, 'don_lower': 1475.78, 'atr': 2.4828120269291505, 'exit_reason': 'sl_gap', 'signal_time': Timestamp('2020-01-02 12:00:00+0000', tz='UTC')}"
2020-01-03 05:00:00+00:00,2020-01-03 13:00:00+00:00,1,1541.595,1541.1056263962873,1541.2806263962873,1557.4039842057675,0.61,-29.851789826474256,-0.05992091060549612,"{'trail_atr_mult': 3.0, 'trail_atr_len': 14, 'tp_converts_to_trail': True, 'don_upper': 1541.0, 'don_lower': 1475.78, 'atr': 3.1967968411535015, 'exit_reason': 'sl', 'signal_time': Timestamp('2020-01-03 04:00:00+0000', tz='UTC')}"
2020-01-05 23:00:00+00:00,2020-01-06 15:00:00+00:00,1,1569.245,1566.0636161634743,1566.2386161634743,1596.6532138301816,0.36,-100.129818114921,-0.19935938945621165,"{'trail_atr_mult': 3.0, 'trail_atr_len': 14, 'tp_converts_to_trail': True, 'don_upper': 1553.43, 'don_lower': 1480.46, 'atr': 5.514642766036337, 'exit_reason': 'sl', 'signal_time': Timestamp('2020-01-05 22:00:00+0000', tz='UTC')}"
2020-01-07 23:00:00+00:00,2020-01-08 01:00:00+00:00,1,1595.105,1591.4450819739266,1591.6200819739265,1623.185771479813,0.35,-114.09713091257095,-0.22960587835347132,"{'trail_atr_mult': 3.0, 'trail_atr_len': 14, 'tp_converts_to_trail': True, 'don_upper': 1582.09, 'don_lower': 1506.55, 'atr': 5.637154295962587, 'exit_reason': 'sl', 'signal_time': Timestamp('2020-01-07 22:00:00+0000', tz='UTC')}"
2020-01-21 01:00:00+00:00,2020-01-21 07:00:00+00:00,1,1566.7549999999999,1561.9535661698353,1562.1285661698353,1577.528046471517,0.89,-427.3276108846467,-0.8499582369871233,"{'trail_atr_mult': 3.0, 'trail_atr_len': 14, 'tp_converts_to_trail': True, 'don_upper': 1563.13, 'don_lower': 1535.96, 'atr': 2.1896092943034153, 'exit_reason': 'sl', 'signal_time': Timestamp('2020-01-21 00:00:00+0000', tz='UTC')}"
2020-01-24 15:00:00+00:00,2020-01-27 08:00:00+00:00,1,1570.145,1576.2245271894144,1576.3995271894144,1588.7410473760708,0.53,385.8149410389643,0.776025671008024,"{'trail_atr_mult': 3.0, 'trail_atr_len': 14, 'tp_converts_to_trail': True, 'don_upper': 1568.59, 'don_lower': 1546.3, 'atr': 3.730209475214178, 'exit_reason': 'sl', 'signal_time': Timestamp('2020-01-24 14:00:00+0000', tz='UTC')}"
2020-02-04 14:00:00+00:00,2020-02-05 05:00:00+00:00,-1,1557.295,1559.1457645153139,1558.970764515314,1538.0148274606006,0.5,-102.53822576569064,-0.20646833157340674,"{'trail_atr_mult': 3.0, 'trail_atr_len': 14, 'tp_converts_to_trail': True, 'don_upper': 1592.0, 'don_lower': 1559.76, 'atr': 3.8950345078799016, 'exit_reason': 'sl', 'signal_time': Timestamp('2020-02-04 13:00:00+0000', tz='UTC')}"
2020-02-05 09:00:00+00:00,2020-02-05 15:00:00+00:00,-1,1548.4750000000001,1558.8636064751495,1558.6886064751495,1528.5727870497012,0.49,-509.0417172823179,-1.0171340065260734,"{'trail_atr_mult': 3.0, 'trail_atr_len': 14, 'tp_converts_to_trail': True, 'don_upper': 1592.0, 'don_lower': 1548.97, 'atr': 4.015442590059767, 'exit_reason': 'sl', 'signal_time': Timestamp('2020-02-05 08:00:00+0000', tz='UTC')}"
2020-02-14 13:00:00+00:00,2020-02-17 08:00:00+00:00,1,1580.2649999999999,1579.1397145672458,1579.3147145672458,1591.129111617537,0.87,6.500167350399721,0.0131203503407458,"{'trail_atr_mult': 3.0, 'trail_atr_len': 14, 'tp_converts_to_trail': True, 'don_upper': 1578.33, 'don_lower': 1552.46, 'atr': 2.2078223235074375, 'exit_reason': 'sl', 'signal_time': Timestamp('2020-02-14 12:00:00+0000', tz='UTC')}"
2020-02-18 00:00:00+00:00,2020-02-19 13:00:00+00:00,1,1586.555,1603.3656731530289,1603.5406731530288,,1.03,1772.6993347619666,3.5643787724155405,"{'trail_atr_mult': 3.0, 'trail_atr_len': 14, 'tp_converts_to_trail': True, 'don_upper': 1585.33, 'don_lower': 1560.08, 'atr': 1.8734078836089099, 'exit_reason': 'sl', 'signal_time': Timestamp('2020-02-17 23:00:00+0000', tz='UTC')}"
2020-02-19 20:00:00+00:00,2020-02-20 07:00:00+00:00,1,1612.975,1604.480020293302,1604.655020293302,1629.3299594133962,0.61,-444.9937621085722,-0.8768025841247095,"{'trail_atr_mult': 3.0, 'trail_atr_len': 14, 'tp_converts_to_trail': True, 'don_upper': 1611.29, 'don_lower': 1561.92, 'atr': 3.289991882679236, 'exit_reason': 'sl', 'signal_time': Timestamp('2020-02-19 19:00:00+0000', tz='UTC')}"
2020-02-20 11:00:00+00:00,2020-02-21 08:00:00+00:00,1,1617.655,1633.155,1634.0675208114073,,0.59,938.1,1.8774884680042792,"{'trail_atr_mult': 3.0, 'trail_atr_len': 14, 'tp_converts_to_trail': True, 'don_upper': 1612.91, 'don_lower': 1561.92, 'atr': 3.317504162281483, 'exit_reason': 'sl_gap', 'signal_time': Timestamp('2020-02-20 10:00:00+0000', tz='UTC')}"
2020-02-21 12:00:00+00:00,2020-02-24 00:00:00+00:00,1,1637.835,1660.4754378512523,1660.6504378512523,,0.58,1382.7453953726317,2.750437098145216,"{'trail_atr_mult': 3.0, 'trail_atr_len': 14, 'tp_converts_to_trail': True, 'don_upper': 1636.55, 'don_lower': 1561.98, 'atr': 3.393148965861403, 'exit_reason': 'sl', 'signal_time': Timestamp('2020-02-21 11:00:00+0000', tz='UTC')}"
2020-02-28 15:00:00+00:00,2020-03-02 01:00:00+00:00,-1,1583.4650000000001,1600.735625167793,1600.560625167793,1523.639717461435,0.17,-303.80062785247736,-0.592524584292767,"{'trail_atr_mult': 3.0, 'trail_atr_len': 14, 'tp_converts_to_trail': True, 'don_upper': 1689.25, 'don_lower': 1603.59, 'atr': 11.998056507713013, 'exit_reason': 'sl', 'signal_time': Timestamp('2020-02-28 14:00:00+0000', tz='UTC')}"
2020-03-05 17:00:00+00:00,2020-03-06 13:00:00+00:00,1,1667.2649999999999,1670.4730523405647,1670.6480523405646,1694.7826349450809,0.36,129.88988426033245,0.25650297937667704,"{'trail_atr_mult': 3.0, 'trail_atr_len': 14, 'tp_converts_to_trail': True, 'don_upper': 1663.77, 'don_lower': 1562.93, 'atr': 5.544526989016184, 'exit_reason': 'sl', 'signal_time': Timestamp('2020-03-05 16:00:00+0000', tz='UTC')}"
2020-03-08 23:00:00+00:00,2020-03-09 04:00:00+00:00,1,1700.2949999999998,1667.6800712461575,1667.8550712461574,1764.619857507685,0.15,-483.22393130763567,-0.9930641031394561,"{'trail_atr_mult': 3.0, 'trail_atr_len': 14, 'tp_converts_to_trail': True, 'don_upper': 1692.09, 'don_lower': 1562.93, 'atr': 12.901971501537023, 'exit_reason': 'sl', 'signal_time': Timestamp('2020-03-08 22:00:00+0000', tz='UTC')}"
2020-03-12 13:00:00+00:00,2020-03-12 17:00:00+00:00,-1,1596.7250000000001,1598.373385532681,1598.198385532681,1543.938599609538,0.19,-31.319325120934767,-0.06177036842283646,"{'trail_atr_mult': 3.0, 'trail_atr_len': 14, 'tp_converts_to_trail': True, 'don_upper': 1703.44, 'don_lower': 1599.01, 'atr': 10.5962800780924, 'exit_reason': 'sl', 'signal_time': Timestamp('2020-03-12 12:00:00+0000', tz='UTC')}"
2020-03-13 01:00:00+00:00,2020-03-13 07:00:00+00:00,-1,1554.795,1592.1562430391375,1591.9812430391376,1480.8575139217253,0.13,-485.6961595087867,-1.0047060414200966,"{'trail_atr_mult': 3.0, 'trail_atr_len': 14, 'tp_converts_to_trail': True, 'don_upper': 1703.44, 'don_lower': 1560.59, 'atr': 14.816497215654955, 'exit_reason': 'sl', 'signal_time': Timestamp('2020-03-13 00:00:00+0000', tz='UTC')}"
2020-03-13 15:00:00+00:00,2020-03-15 23:00:00+00:00,-1,1534.4550000000002,1558.851308779536,1558.6763087795362,1447.486635773811,0.11,-272.7593965748955,-0.564107834975774,"{'trail_atr_mult': 3.0, 'trail_atr_len': 14, 'tp_converts_to_trail': True, 'don_upper': 1703.44, 'don_lower': 1551.31, 'atr': 17.456672845237808, 'exit_reason': 'sl', 'signal_time': Timestamp('2020-03-13 14:00:00+0000', tz='UTC')}"
2020-03-16 10:00:00+00:00,2020-03-16 15:00:00+00:00,-1,1477.375,1513.9539674011742,1513.7789674011742,1377.8704565882429,0.1,-365.78967401174174,-0.7326817159359598,"{'trail_atr_mult': 3.0, 'trail_atr_len': 14, 'tp_converts_to_trail': True, 'don_upper': 1703.44, 'don_lower': 1504.62, 'atr': 19.923908682351435, 'exit_reason': 'sl', 'signal_time': Timestamp('2020-03-16 09:00:00+0000', tz='UTC')}"
2020-03-24 16:00:00+00:00,2020-03-26 01:00:00+00:00,1,1621.105,1600.2853060720715,1600.4603060720715,1716.1851777242478,0.1,-192.19693927928483,-0.3875908139306399,"{'trail_atr_mult': 3.0, 'trail_atr_len': 14, 'tp_converts_to_trail': True, 'don_upper': 1618.12, 'don_lower': 1451.13, 'atr': 19.289035544849536, 'exit_reason': 'sl', 'signal_time': Timestamp('2020-03-24 15:00:00+0000', tz='UTC')}"
2020-04-06 14:00:00+00:00,2020-04-07 08:00:00+00:00,1,1648.7549999999999,1650.2349769335362,1650.4099769335362,1683.791080040382,0.28,52.63935413901818,0.1049355437468051,"{'trail_atr_mult': 3.0, 'trail_atr_len': 14, 'tp_converts_to_trail': True, 'don_upper': 1644.52, 'don_lower': 1569.33, 'atr': 7.060216008076389, 'exit_reason': 'sl', 'signal_time': Timestamp('2020-04-06 13:00:00+0000', tz='UTC')}"
2020-04-09 14:00:00+00:00,2020-04-13 21:00:00+00:00,1,1683.225,1715.7920647356425,1715.9670647356425,,0.3,1025.0119420692777,2.041222252037273,"{'trail_atr_mult': 3.0, 'trail_atr_len': 14, 'tp_converts_to_trail': True, 'don_upper': 1674.02, 'don_lower': 1569.33, 'atr': 6.597412947128471, 'exit_reason': 'sl', 'signal_time': Timestamp('2020-04-09 13:00:00+0000', tz='UTC')}"
2020-04-14 13:00:00+00:00,2020-04-14 20:00:00+00:00,1,1730.325,1721.7412567293072,1721.9162567293072,1767.728198777877,0.26,-223.17732503801335,-0.45013889201668167,"{'trail_atr_mult': 3.0, 'trail_atr_len': 14, 'tp_converts_to_trail': True, 'don_upper': 1727.53, 'don_lower': 1599.97, 'atr': 7.529639755575417, 'exit_reason': 'sl', 'signal_time': Timestamp('2020-04-14 12:00:00+0000', tz='UTC')}"
2020-05-01 06:00:00+00:00,2020-05-01 15:00:00+00:00,-1,1672.105,1689.5234723951648,1689.348472395165,1638.17305520967,0.29,-505.1356994597799,-1.0101487679505332,"{'trail_atr_mult': 3.0, 'trail_atr_len': 14, 'tp_converts_to_trail': True, 'don_upper': 1738.78, 'don_lower': 1680.67, 'atr': 6.8233889580659755, 'exit_reason': 'sl', 'signal_time': Timestamp('2020-05-01 05:00:00+0000', tz='UTC')}"
2020-05-14 14:00:00+00:00,2020-05-18 01:00:00+00:00,1,1732.175,1757.885,1759.6597816777796,,0.36,983.1600000000013,1.9396457197358241,"{'trail_atr_mult': 3.0, 'trail_atr_len': 14, 'tp_converts_to_trail': True, 'don_upper': 1723.6, 'don_lower': 1681.14, 'atr': 5.541956335555928, 'exit_reason': 'sl_gap', 'signal_time': Timestamp('2020-05-14 13:00:00+0000', tz='UTC')}"
2020-05-18 03:00:00+00:00,2020-05-18 13:00:00+00:00,1,1761.345,1749.1526015670238,1749.3276015670237,1793.032470539844,0.31,-377.96435142226323,-0.7577043171922592,"{'trail_atr_mult': 3.0, 'trail_atr_len': 14, 'tp_converts_to_trail': True, 'don_upper': 1759.89, 'don_lower': 1684.32, 'atr': 6.370494107968805, 'exit_reason': 'sl', 'signal_time': Timestamp('2020-05-18 02:00:00+0000', tz='UTC')}"
2020-05-26 15:00:00+00:00,2020-05-27 17:00:00+00:00,-1,1711.795,1708.3647797857245,1708.1897797857246,1685.9701922239947,0.38,122.74836814247092,0.24490096680793258,"{'trail_atr_mult': 3.0, 'trail_atr_len': 14, 'tp_converts_to_trail': True, 'don_upper': 1765.08, 'don_lower': 1717.1, 'atr': 5.201961555201092, 'exit_reason': 'sl', 'signal_time': Timestamp('2020-05-26 14:00:00+0000', tz='UTC')}"
2020-06-02 14:00:00+00:00,2020-06-02 16:00:00+00:00,1,1744.695,1734.2220533226007,1734.3970533226006,1764.9758933547982,0.49,-513.1743871925632,-1.0169936789810754,"{'trail_atr_mult': 3.0, 'trail_atr_len': 14, 'tp_converts_to_trail': True, 'don_upper': 1744.51, 'don_lower': 1693.62, 'atr': 4.077178670959675, 'exit_reason': 'sl', 'signal_time': Timestamp('2020-06-02 13:00:00+0000', tz='UTC')}"
2020-06-05 13:00:00+00:00,2020-06-08 03:00:00+00:00,-1,1687.055,1688.9646428688502,1688.7896428688503,1655.5422292738972,0.31,-77.7989289343544,-0.1566677588341322,"{'trail_atr_mult': 3.0, 'trail_atr_len': 14, 'tp_converts_to_trail': True, 'don_upper': 1745.09, 'don_lower': 1689.21, 'atr': 6.337554145220548, 'exit_reason': 'sl', 'signal_time': Timestamp('2020-06-05 12:00:00+0000', tz='UTC')}"
2020-06-11 15:00:00+00:00,2020-06-11 17:00:00+00:00,1,1743.695,1728.296750284235,1728.471750284235,1773.4664994315303,0.33,-508.1422406202419,-1.0114955744185639,"{'trail_atr_mult': 3.0, 'trail_atr_len': 14, 'tp_converts_to_trail': True, 'don_upper': 1740.79, 'don_lower': 1670.55, 'atr': 5.99929988630606, 'exit_reason': 'sl', 'signal_time': Timestamp('2020-06-11 14:00:00+0000', tz='UTC')}"
2020-06-21 23:00:00+00:00,2020-06-22 08:00:00+00:00,1,1745.835,1744.6544882331034,1744.8294882331033,1767.15639023954,0.46,-35.903541277245594,-0.07145452940632564,"{'trail_atr_mult': 3.0, 'trail_atr_len': 14, 'tp_converts_to_trail': True, 'don_upper': 1745.28, 'don_lower': 1704.11, 'atr': 4.2992780479080235, 'exit_reason': 'sl', 'signal_time': Timestamp('2020-06-21 22:00:00+0000', tz='UTC')}"
2020-06-22 14:00:00+00:00,2020-06-23 03:00:00+00:00,1,1759.745,1747.7304078260067,1747.9054078260067,1786.7161965442367,0.36,-418.12531826375346,-0.8384111587058782,"{'trail_atr_mult': 3.0, 'trail_atr_len': 14, 'tp_converts_to_trail': True, 'don_upper': 1758.53, 'don_lower': 1704.11, 'atr': 5.443239308847362, 'exit_reason': 'sl', 'signal_time': Timestamp('2020-06-22 13:00:00+0000', tz='UTC')}"
2020-06-23 14:00:00+00:00,2020-06-24 13:00:00+00:00,1,1765.475,1766.751879638817,1766.926879638817,1791.0506617650644,0.38,63.721426275047364,0.1283457459970613,"{'trail_atr_mult': 3.0, 'trail_atr_len': 14, 'tp_converts_to_trail': True, 'don_upper': 1763.2, 'don_lower': 1704.11, 'atr': 5.1521323530128935, 'exit_reason': 'sl', 'signal_time': Timestamp('2020-06-23 13:00:00+0000', tz='UTC')}"
2020-06-30 15:00:00+00:00,2020-07-01 12:00:00+00:00,1,1781.245,1778.5073336763203,1778.6823336763202,1802.70528125944,0.46,-107.53265088926182,-0.21441285676309385,"{'trail_atr_mult': 3.0, 'trail_atr_len': 14, 'tp_converts_to_trail': True, 'don_upper': 1779.43, 'don_lower': 1737.54, 'atr': 4.315056251887988, 'exit_reason': 'sl', 'signal_time': Timestamp('2020-06-30 14:00:00+0000', tz='UTC')}"
2020-07-07 15:00:00+00:00,2020-07-08 15:00:00+00:00,1,1794.145,1810.2050000000002,1815.2440020370336,,0.46,757.1600000000079,1.5223823945087283,"{'trail_atr_mult': 4.0, 'trail_atr_len': 14, 'tp_converts_to_trail': True, 'don_upper': 1789.08, 'don_lower': 1747.29, 'atr': 4.254800407406706, 'exit_reason': 'sl_gap', 'signal_time': Timestamp('2020-07-07 14:00:00+0000', tz='UTC')}"
2020-07-21 07:00:00+00:00,2020-07-21 14:00:00+00:00,1,1823.0049999999999,1836.6609766478462,1836.835976647846,,0.7,955.918365349239,1.9024796407557762,"{'trail_atr_mult': 4.0, 'trail_atr_len': 14, 'tp_converts_to_trail': True, 'don_upper': 1820.53, 'don_lower': 1773.47, 'atr': 2.8011953295692424, 'exit_reason': 'sl', 'signal_time': Timestamp('2020-07-21 06:00:00+0000', tz='UTC')}"
2020-07-21 17:00:00+00:00,2020-07-22 03:00:00+00:00,1,1841.965,1860.4850000000001,1861.6741095617472,,0.5,946.0000000000105,1.889721981560059,"{'trail_atr_mult': 4.0, 'trail_atr_len': 14, 'tp_converts_to_trail': True, 'don_upper': 1841.42, 'don_lower': 1773.47, 'atr': 3.962821912349436, 'exit_reason': 'sl_gap', 'signal_time': Timestamp('2020-07-21 16:00:00+0000', tz='UTC')}"
2020-07-22 22:00:00+00:00,2020-07-24 15:00:00+00:00,1,1874.145,1901.5620545636789,1901.7370545636788,,0.28,812.4775277830092,1.5957879961309502,"{'trail_atr_mult': 4.0, 'trail_atr_len': 14, 'tp_converts_to_trail': True, 'don_upper': 1870.42, 'don_lower': 1790.63, 'atr': 6.103410912735758, 'exit_reason': 'sl', 'signal_time': Timestamp('2020-07-22 20:00:00+0000', tz='UTC')}"
2020-07-26 23:00:00+00:00,2020-07-27 05:00:00+00:00,1,1906.7749999999999,1931.645,1932.8818265752345,,0.38,960.2600000000047,1.8892167926502716,"{'trail_atr_mult': 4.0, 'trail_atr_len': 14, 'tp_converts_to_trail': True, 'don_upper': 1906.5, 'don_lower': 1790.63, 'atr': 5.264365315046912, 'exit_reason': 'sl_gap', 'signal_time': Timestamp('2020-07-26 22:00:00+0000', tz='UTC')}"
2020-07-27 11:00:00+00:00,2020-07-28 03:00:00+00:00,1,1944.805,1971.415,1977.240480704877,,0.31,837.3099999999968,1.6524688176867661,"{'trail_atr_mult': 4.0, 'trail_atr_len': 14, 'tp_converts_to_trail': True, 'don_upper': 1944.54, 'don_lower': 1790.63, 'atr': 6.5040961409753795, 'exit_reason': 'sl_gap', 'signal_time': Timestamp('2020-07-27 10:00:00+0000', tz='UTC')}"
2020-08-04 15:00:00+00:00,2020-08-05 00:00:00+00:00,1,1991.915,2020.855,2022.308369961817,,0.34,997.5600000000019,1.9034415401358755,"{'trail_atr_mult': 4.0, 'trail_atr_len': 14, 'tp_converts_to_trail': True, 'don_upper': 1984.9, 'don_lower': 1815.24, 'atr': 6.107673992363438, 'exit_reason': 'sl_gap', 'signal_time': Timestamp('2020-08-04 14:00:00+0000', tz='UTC')}"
2020-08-05 00:00:00+00:00,2020-08-05 03:00:00+00:00,1,2031.075,2012.6091799899611,2012.784179989961,2067.2816400200777,0.29,-535.508780291128,-1.009567641029976,"{'trail_atr_mult': 4.0, 'trail_atr_len': 14, 'tp_converts_to_trail': True, 'don_upper': 2026.12, 'don_lower': 1816.43, 'atr': 7.266328004015575, 'exit_reason': 'sl', 'signal_time': Timestamp('2020-08-04 23:00:00+0000', tz='UTC')}"
2020-08-05 07:00:00+00:00,2020-08-07 00:00:00+00:00,1,2033.595,2070.1349999999998,2074.587319828685,,0.25,953.4999999999934,1.8493322794503548,"{'trail_atr_mult': 4.0, 'trail_atr_len': 14, 'tp_converts_to_trail': True, 'don_upper': 2030.95, 'don_lower': 1822.32, 'atr': 8.21546396573698, 'exit_reason': 'sl_gap', 'signal_time': Timestamp('2020-08-05 06:00:00+0000', tz='UTC')}"
2020-08-12 02:00:00+00:00,2020-08-12 08:00:00+00:00,-1,1890.7050000000002,1928.2195480123507,1928.0445480123508,1810.870215610184,0.13,-487.6891241605577,-0.9336647253898009,"{'trail_atr_mult': 4.0, 'trail_atr_len': 14, 'tp_converts_to_trail': True, 'don_upper': 2074.87, 'don_lower': 1901.25, 'atr': 16.00195687796324, 'exit_reason': 'sl', 'signal_time': Timestamp('2020-08-12 01:00:00+0000', tz='UTC')}"
2020-09-21 15:00:00+00:00,2020-09-22 00:00:00+00:00,-1,1896.765,1916.8191206666484,1916.6441206666484,1854.9879500617074,0.25,-506.3530166662065,-0.9699773213515972,"{'trail_atr_mult': 4.0, 'trail_atr_len': 14, 'tp_converts_to_trail': True, 'don_upper': 1973.64, 'don_lower': 1906.54, 'atr': 8.35440998765852, 'exit_reason': 'sl', 'signal_time': Timestamp('2020-09-21 14:00:00+0000', tz='UTC')}"
2020-09-23 07:00:00+00:00,2020-09-28 13:00:00+00:00,-1,1881.195,1869.9039991867246,1869.7289991867246,1844.7126598568682,0.28,276.94802277170936,0.5345426488377938,"{'trail_atr_mult': 4.0, 'trail_atr_len': 14, 'tp_converts_to_trail': True, 'don_upper': 1973.64, 'don_lower': 1882.27, 'atr': 7.3314680286263245, 'exit_reason': 'sl', 'signal_time': Timestamp('2020-09-23 06:00:00+0000', tz='UTC')}"
2020-10-09 14:00:00+00:00,2020-10-13 02:00:00+00:00,1,1923.455,1916.6891907362017,1916.8641907362016,1948.3607073091844,0.41,-211.79817981572808,-0.4062654806248797,"{'trail_atr_mult': 4.0, 'trail_atr_len': 14, 'tp_converts_to_trail': True, 'don_upper': 1921.83, 'don_lower': 1848.93, 'atr': 5.016141461836893, 'exit_reason': 'sl', 'signal_time': Timestamp('2020-10-09 13:00:00+0000', tz='UTC')}"
2020-10-28 12:00:00+00:00,2020-10-30 11:00:00+00:00,-1,1881.9950000000001,1879.0809038684745,1878.9059038684745,1859.5757645486406,0.45,95.13432591865376,0.1807365011710872,"{'trail_atr_mult': 4.0, 'trail_atr_len': 14, 'tp_converts_to_trail': True, 'don_upper': 1931.36, 'don_lower': 1882.46, 'atr': 4.548847090271876, 'exit_reason': 'sl', 'signal_time': Timestamp('2020-10-28 11:00:00+0000', tz='UTC')}"
2020-11-05 13:00:00+00:00,2020-11-09 05:00:00+00:00,1,1931.715,1962.395,1963.4022231266395,,0.32,1032.960000000002,2.0042081462738044,"{'trail_atr_mult': 4.0, 'trail_atr_len': 14, 'tp_converts_to_trail': True, 'don_upper': 1929.36, 'don_lower': 1859.92, 'atr': 6.372444625327906, 'exit_reason': 'sl_gap', 'signal_time': Timestamp('2020-11-05 12:00:00+0000', tz='UTC')}"
2020-11-23 14:00:00+00:00,2020-11-24 11:00:00+00:00,-1,1841.445,1813.9305336158836,1813.7555336158837,,0.37,1010.6352562123031,1.9362029401692833,"{'trail_atr_mult': 4.0, 'trail_atr_len': 14, 'tp_converts_to_trail': True, 'don_upper': 1965.46, 'don_lower': 1850.52, 'atr': 5.572893276823222, 'exit_reason': 'sl', 'signal_time': Timestamp('2020-11-23 13:00:00+0000', tz='UTC')}"
2020-11-24 11:00:00+00:00,2020-11-26 07:00:00+00:00,-1,1810.065,1816.391068838457,1816.216068838457,1779.400805202037,0.34,-242.28634050753385,-0.4565184262165473,"{'trail_atr_mult': 4.0, 'trail_atr_len': 14, 'tp_converts_to_trail': True, 'don_upper': 1899.01, 'don_lower': 1811.78, 'atr': 6.169838959592606, 'exit_reason': 'sl', 'signal_time': Timestamp('2020-11-24 10:00:00+0000', tz='UTC')}"
2020-11-27 13:00:00+00:00,2020-12-01 04:00:00+00:00,-1,1778.4850000000001,1786.4335959140492,1786.2585959140492,1749.7740297872542,0.37,-323.6980488198154,-0.6110214425460702,"{'trail_atr_mult': 4.0, 'trail_atr_len': 14, 'tp_converts_to_trail': True, 'don_upper': 1899.01, 'don_lower': 1800.25, 'atr': 5.737194042549185, 'exit_reason': 'sl', 'signal_time': Timestamp('2020-11-27 12:00:00+0000', tz='UTC')}"
2020-12-17 08:00:00+00:00,2020-12-18 08:00:00+00:00,1,1878.915,1877.6750633946342,1877.8500633946342,1904.000364776921,0.41,-34.437400819995986,-0.0655167438274354,"{'trail_atr_mult': 4.0, 'trail_atr_len': 14, 'tp_converts_to_trail': True, 'don_upper': 1875.28, 'don_lower': 1812.71, 'atr': 5.054072955384199, 'exit_reason': 'sl', 'signal_time': Timestamp('2020-12-17 07:00:00+0000', tz='UTC')}"
2020-12-21 01:00:00+00:00,2020-12-21 09:00:00+00:00,1,1896.7549999999999,1885.509455107363,1885.684455107363,1922.157461404752,0.41,-461.06734059811174,-0.8714956280485817,"{'trail_atr_mult': 4.0, 'trail_atr_len': 14, 'tp_converts_to_trail': True, 'don_upper': 1896.19, 'don_lower': 1818.34, 'atr': 5.107492280950402, 'exit_reason': 'sl', 'signal_time': Timestamp('2020-12-21 00:00:00+0000', tz='UTC')}"
2021-01-03 23:00:00+00:00,2021-01-04 15:00:00+00:00,1,1913.215,1941.185,1942.9775674192379,,0.33,936.210000000001,1.8845760339888717,"{'trail_atr_mult': 4.0, 'trail_atr_len': 14, 'tp_converts_to_trail': True, 'don_upper': 1906.7, 'don_lower': 1844.71, 'atr': 5.975513483847603, 'exit_reason': 'sl_gap', 'signal_time': Timestamp('2021-01-03 22:00:00+0000', tz='UTC')}"
2021-01-05 09:00:00+00:00,2021-01-06 12:00:00+00:00,1,1945.7849999999999,1936.1542494559108,1936.3292494559107,1972.4421194403703,0.37,-341.53777013129655,-0.6791781313696748,"{'trail_atr_mult': 4.0, 'trail_atr_len': 14, 'tp_converts_to_trail': True, 'don_upper': 1945.58, 'don_lower': 1854.99, 'atr': 5.366423888074106, 'exit_reason': 'sl', 'signal_time': Timestamp('2021-01-05 08:00:00+0000', tz='UTC')}"
2021-01-08 17:00:00+00:00,2021-01-11 23:00:00+00:00,-1,1843.785,1847.685,1846.972317776737,1791.2833102162933,0.18,-80.99999999999754,-0.16896112817494344,"{'trail_atr_mult': 4.0, 'trail_atr_len': 14, 'tp_converts_to_trail': True, 'don_upper': 1959.29, 'don_lower': 1849.85, 'atr': 10.55133795674131, 'exit_reason': 'sl_gap', 'signal_time': Timestamp('2021-01-08 16:00:00+0000', tz='UTC')}"
2021-01-17 23:00:00+00:00,2021-01-18 02:00:00+00:00,-1,1810.545,1827.9871344130786,1827.8121344130786,1775.4557311738424,0.29,-511.6218979792771,-1.0217175583990312,"{'trail_atr_mult': 4.0, 'trail_atr_len': 14, 'tp_converts_to_trail': True, 'don_upper': 1959.29, 'don_lower': 1817.0, 'atr': 6.980853765231492, 'exit_reason': 'sl', 'signal_time': Timestamp('2021-01-17 22:00:00+0000', tz='UTC')}"
2021-02-04 01:00:00+00:00,2021-02-05 08:00:00+00:00,-1,1826.795,1804.1171834124966,1803.9421834124967,,0.44,989.0239298501522,1.9951118463016237,"{'trail_atr_mult': 4.0, 'trail_atr_len': 14, 'tp_converts_to_trail': True, 'don_upper': 1875.69, 'don_lower': 1829.53, 'atr': 4.448577739823644, 'exit_reason': 'sl', 'signal_time': Timestamp('2021-02-04 00:00:00+0000', tz='UTC')}"
2021-02-17 13:00:00+00:00,2021-02-18 08:00:00+00:00,-1,1778.7250000000001,1788.9122089339673,1788.7372089339674,1747.3808093869518,0.31,-334.4034769529836,-0.676967863096635,"{'trail_atr_mult': 4.0, 'trail_atr_len': 14, 'tp_converts_to_trail': True, 'don_upper': 1855.31, 'don_lower': 1783.68, 'atr': 6.3038381226096485, 'exit_reason': 'sl', 'signal_time': Timestamp('2021-02-17 12:00:00+0000', tz='UTC')}"
2021-02-26 05:00:00+00:00,2021-02-26 16:00:00+00:00,-1,1760.415,1730.125,1725.40184781347,,0.28,848.1199999999991,1.7003407777881827,"{'trail_atr_mult': 4.0, 'trail_atr_len': 14, 'tp_converts_to_trail': True, 'don_upper': 1847.54, 'don_lower': 1760.64, 'atr': 7.0436304373059615, 'exit_reason': 'sl_gap', 'signal_time': Timestamp('2021-02-26 04:00:00+0000', tz='UTC')}"
2021-02-26 16:00:00+00:00,2021-03-01 00:00:00+00:00,-1,1717.785,1741.64571062111,1741.4707106211101,1671.2085787577794,0.21,-513.67492304331,-1.0327201498151053,"{'trail_atr_mult': 4.0, 'trail_atr_len': 14, 'tp_converts_to_trail': True, 'don_upper': 1842.79, 'don_lower': 1724.61, 'atr': 9.368284248444104, 'exit_reason': 'sl', 'signal_time': Timestamp('2021-02-26 15:00:00+0000', tz='UTC')}"
2021-03-02 01:00:00+00:00,2021-03-02 10:00:00+00:00,-1,1711.535,1730.4250209788415,1730.2500209788416,1674.7199580423169,0.26,-491.14054544987766,-1.0093507776559696,"{'trail_atr_mult': 4.0, 'trail_atr_len': 14, 'tp_converts_to_trail': True, 'don_upper': 1827.02, 'don_lower': 1717.18, 'atr': 7.404008391536623, 'exit_reason': 'sl', 'signal_time': Timestamp('2021-03-02 00:00:00+0000', tz='UTC')}"
2021-03-04 17:00:00+00:00,2021-03-07 23:00:00+00:00,-1,1700.195,1710.982066068436,1710.8070660684361,1661.4199666603486,0.25,-284.676651710904,-0.5772905675590829,"{'trail_atr_mult': 4.0, 'trail_atr_len': 14, 'tp_converts_to_trail': True, 'don_upper': 1816.01, 'don_lower': 1701.86, 'atr': 7.800006667930325, 'exit_reason': 'sl', 'signal_time': Timestamp('2021-03-04 16:00:00+0000', tz='UTC')}"
2021-03-08 11:00:00+00:00,2021-03-09 08:00:00+00:00,-1,1685.615,1698.876396255732,1698.701396255732,1653.7272993255874,0.3,-403.84188767196156,-0.8267985134482341,"{'trail_atr_mult': 4.0, 'trail_atr_len': 14, 'tp_converts_to_trail': True, 'don_upper': 1816.01, 'don_lower': 1687.28, 'atr': 6.422540134882514, 'exit_reason': 'sl', 'signal_time': Timestamp('2021-03-08 10:00:00+0000', tz='UTC')}"
2021-03-17 18:00:00+00:00,2021-03-18 07:00:00+00:00,1,1749.7949999999998,1736.5026617631363,1736.6776617631363,1775.7804907665802,0.37,-447.41651476395106,-0.9153757470818472,"{'trail_atr_mult': 4.0, 'trail_atr_len': 14, 'tp_converts_to_trail': True, 'don_upper': 1741.21, 'don_lower': 1676.82, 'atr': 5.226098153316032, 'exit_reason': 'sl', 'signal_time': Timestamp('2021-03-17 17:00:00+0000', tz='UTC')}"
2021-03-29 14:00:00+00:00,2021-03-30 13:00:00+00:00,-1,1710.945,1688.495,1688.2710006160748,,0.42,934.5000000000018,1.8864725576416366,"{'trail_atr_mult': 4.0, 'trail_atr_len': 14, 'tp_converts_to_trail': True, 'don_upper': 1755.46, 'don_lower': 1717.43, 'atr': 4.5957998767850174, 'exit_reason': 'sl_gap', 'signal_time': Timestamp('2021-03-29 13:00:00+0000', tz='UTC')}"
2021-03-30 13:00:00+00:00,2021-03-31 14:00:00+00:00,-1,1683.625,1694.741115271096,1694.5661152710961,1658.4838430014784,0.39,-441.32849557274704,-0.8828246192866344,"{'trail_atr_mult': 4.0, 'trail_atr_len': 14, 'tp_converts_to_trail': True, 'don_upper': 1755.46, 'don_lower': 1686.24, 'atr': 5.061231399704311, 'exit_reason': 'sl', 'signal_time': Timestamp('2021-03-30 12:00:00+0000', tz='UTC')}"
2021-04-08 12:00:00+00:00,2021-04-09 08:00:00+00:00,1,1749.915,1746.277245964883,1746.4522459648829,1767.6055068537648,0.54,-174.83871789632025,-0.3554942567461867,"{'trail_atr_mult': 4.0, 'trail_atr_len': 14, 'tp_converts_to_trail': True, 'don_upper': 1747.61, 'don_lower': 1677.86, 'atr': 3.573101370752962, 'exit_reason': 'sl', 'signal_time': Timestamp('2021-04-08 11:00:00+0000', tz='UTC')}"
2021-04-15 15:00:00+00:00,2021-04-19 10:00:00+00:00,1,1764.955,1786.905,1787.9388847745536,,0.42,989.100000000002,2.003497845673332,"{'trail_atr_mult': 4.0, 'trail_atr_len': 14, 'tp_converts_to_trail': True, 'don_upper': 1758.66, 'don_lower': 1677.86, 'atr': 4.631776954910705, 'exit_reason': 'sl_gap', 'signal_time': Timestamp('2021-04-15 14:00:00+0000', tz='UTC')}"
2021-04-21 14:00:00+00:00,2021-04-22 13:00:00+00:00,1,1795.995,1783.2201938580552,1783.395193858055,1820.6396122838896,0.39,-451.4174395358448,-0.9186495420284431,"{'trail_atr_mult': 4.0, 'trail_atr_len': 14, 'tp_converts_to_trail': True, 'don_upper': 1790.03, 'don_lower': 1723.7, 'atr': 4.965922456777946, 'exit_reason': 'sl', 'signal_time': Timestamp('2021-04-21 13:00:00+0000', tz='UTC')}"
2021-05-06 14:00:00+00:00,2021-05-07 14:00:00+00:00,1,1812.925,1838.1590735173563,1838.3340735173563,,0.38,974.094793659542,1.9564953136296128,"{'trail_atr_mult': 4.0, 'trail_atr_len': 14, 'tp_converts_to_trail': True, 'don_upper': 1799.09, 'don_lower': 1756.19, 'atr': 5.13481470347124, 'exit_reason': 'sl', 'signal_time': Timestamp('2021-05-06 13:00:00+0000', tz='UTC')}"
2021-05-17 02:00:00+00:00,2021-05-18 03:00:00+00:00,1,1851.345,1871.685,1873.2039965541915,,0.45,933.2999999999963,1.8605905809293484,"{'trail_atr_mult': 4.0, 'trail_atr_len': 14, 'tp_converts_to_trail': True, 'don_upper': 1848.07, 'don_lower': 1764.24, 'atr': 4.400799310838275, 'exit_reason': 'sl_gap', 'signal_time': Timestamp('2021-05-17 01:00:00+0000', tz='UTC')}"
2021-05-19 14:00:00+00:00,2021-05-19 19:00:00+00:00,1,1889.235,1871.7186498503268,1871.8936498503267,1923.3927002993466,0.29,-507.9741543405212,-1.01009148644653,"{'trail_atr_mult': 4.0, 'trail_atr_len': 14, 'tp_converts_to_trail': True, 'don_upper': 1875.03, 'don_lower': 1770.49, 'atr': 6.866540059869325, 'exit_reason': 'sl', 'signal_time': Timestamp('2021-05-19 13:00:00+0000', tz='UTC')}"
2021-05-25 15:00:00+00:00,2021-05-26 18:00:00+00:00,1,1890.7949999999998,1895.364987145029,1895.539987145029,1914.689308233228,0.41,203.76947294619904,0.41007664882254075,"{'trail_atr_mult': 4.0, 'trail_atr_len': 14, 'tp_converts_to_trail': True, 'don_upper': 1890.09, 'don_lower': 1808.77, 'atr': 4.801861646645602, 'exit_reason': 'sl', 'signal_time': Timestamp('2021-05-25 14:00:00+0000', tz='UTC')}"
2021-06-01 07:00:00+00:00,2021-06-01 09:00:00+00:00,1,1915.495,1907.4487535157748,1907.6237535157748,1930.6824929684503,0.64,-514.959774990406,-1.0222328192047694,"{'trail_atr_mult': 4.0, 'trail_atr_len': 14, 'tp_converts_to_trail': True, 'don_upper': 1914.44, 'don_lower': 1844.02, 'atr': 3.07449859369008, 'exit_reason': 'sl', 'signal_time': Timestamp('2021-06-01 06:00:00+0000', tz='UTC')}"
2021-06-04 02:00:00+00:00,2021-06-04 07:00:00+00:00,-1,1859.575,1872.074457852294,1871.899457852294,1835.901084295412,0.41,-512.4777719440528,-1.0141994075599343,"{'trail_atr_mult': 4.0, 'trail_atr_len': 14, 'tp_converts_to_trail': True, 'don_upper': 1916.58, 'don_lower': 1863.86, 'atr': 4.799783140917623, 'exit_reason': 'sl', 'signal_time': Timestamp('2021-06-04 01:00:00+0000', tz='UTC')}"
2021-06-14 11:00:00+00:00,2021-06-14 14:00:00+00:00,-1,1854.615,1864.0535686202663,1863.8785686202664,1832.5346785895053,0.44,-415.29701929171824,-0.8350749320365307,"{'trail_atr_mult': 4.0, 'trail_atr_len': 14, 'tp_converts_to_trail': True, 'don_upper': 1916.58, 'don_lower': 1854.8, 'atr': 4.451064282098907, 'exit_reason': 'sl', 'signal_time': Timestamp('2021-06-14 10:00:00+0000', tz='UTC')}"
2021-06-16 19:00:00+00:00,2021-06-16 23:00:00+00:00,-1,1834.935,1813.715,1806.6537212552687,,0.34,721.480000000001,1.473289916274335,"{'trail_atr_mult': 4.0, 'trail_atr_len': 14, 'tp_converts_to_trail': True, 'don_upper': 1909.64, 'don_lower': 1844.77, 'atr': 5.6912557489462525, 'exit_reason': 'sl_gap', 'signal_time': Timestamp('2021-06-16 18:00:00+0000', tz='UTC')}"
2021-06-17 11:00:00+00:00,2021-06-18 08:00:00+00:00,-1,1798.395,1791.6406030694657,1791.4656030694657,1763.916908991119,0.28,183.52311405496076,0.37450389332024225,"{'trail_atr_mult': 4.0, 'trail_atr_len': 14, 'tp_converts_to_trail': True, 'don_upper': 1909.64, 'don_lower': 1802.73, 'atr': 6.930618201776185, 'exit_reason': 'sl', 'signal_time': Timestamp('2021-06-17 10:00:00+0000', tz='UTC')}"
2021-06-18 20:00:00+00:00,2021-06-21 07:00:00+00:00,-1,1761.7450000000001,1778.912438958423,1778.7374389584231,1728.7351220831533,0.29,-515.2557297942659,-1.0456085204658507,"{'trail_atr_mult': 4.0, 'trail_atr_len': 14, 'tp_converts_to_trail': True, 'don_upper': 1903.67, 'don_lower': 1767.3, 'atr': 6.666975583369305, 'exit_reason': 'sl', 'signal_time': Timestamp('2021-06-18 19:00:00+0000', tz='UTC')}"
2021-06-29 13:00:00+00:00,2021-06-30 17:00:00+00:00,-1,1754.585,1767.9453760112206,1767.7703760112206,1727.0689216326402,0.35,-474.61316039271827,-0.9671793526318199,"{'trail_atr_mult': 4.0, 'trail_atr_len': 14, 'tp_converts_to_trail': True, 'don_upper': 1869.78, 'don_lower': 1760.91, 'atr': 5.538215673471968, 'exit_reason': 'sl', 'signal_time': Timestamp('2021-06-29 12:00:00+0000', tz='UTC')}"
2021-07-06 02:00:00+00:00,2021-07-06 14:00:00+00:00,1,1795.825,1809.115,1811.5582450832414,,0.61,810.6899999999978,1.6348627950871852,"{'trail_atr_mult': 4.0, 'trail_atr_len': 14, 'tp_converts_to_trail': True, 'don_upper': 1795.04, 'don_lower': 1750.69, 'atr': 3.181649016648267, 'exit_reason': 'sl_gap', 'signal_time': Timestamp('2021-07-06 01:00:00+0000', tz='UTC')}"
2021-07-08 11:00:00+00:00,2021-07-08 15:00:00+00:00,1,1817.575,1804.098576897362,1804.2735768973619,1843.6528462052768,0.37,-498.62765479761106,-1.013156486990121,"{'trail_atr_mult': 4.0, 'trail_atr_len': 14, 'tp_converts_to_trail': True, 'don_upper': 1815.12, 'don_lower': 1750.69, 'atr': 5.2505692410553255, 'exit_reason': 'sl', 'signal_time': Timestamp('2021-07-08 10:00:00+0000', tz='UTC')}"
2021-07-14 13:00:00+00:00,2021-07-15 15:00:00+00:00,1,1828.7849999999999,1820.3330158846193,1820.5080158846192,1850.1849091954518,0.45,-326.3392851921262,-0.6615292269383743,"{'trail_atr_mult': 4.0, 'trail_atr_len': 14, 'tp_converts_to_trail': True, 'don_upper': 1818.33, 'don_lower': 1750.69, 'atr': 4.314981839090378, 'exit_reason': 'sl', 'signal_time': Timestamp('2021-07-14 12:00:00+0000', tz='UTC')}"
2021-08-06 13:00:00+00:00,2021-08-09 01:00:00+00:00,-1,1776.185,1727.4057383255595,1727.2307383255595,,0.41,1975.3497286520594,4.033246260066895,"{'trail_atr_mult': 4.0, 'trail_atr_len': 14, 'tp_converts_to_trail': True, 'don_upper': 1832.62, 'don_lower': 1789.63, 'atr': 4.660211749821744, 'exit_reason': 'sl', 'signal_time': Timestamp('2021-08-06 12:00:00+0000', tz='UTC')}"
2021-08-23 13:00:00+00:00,2021-08-25 01:00:00+00:00,1,1800.085,1798.0424914536422,1798.2174914536422,1818.2594026645215,0.54,-67.0954615033209,-0.13289285959013425,"{'trail_atr_mult': 4.0, 'trail_atr_len': 14, 'tp_converts_to_trail': True, 'don_upper': 1795.46, 'don_lower': 1683.2, 'atr': 3.6698805329042807, 'exit_reason': 'sl', 'signal_time': Timestamp('2021-08-23 12:00:00+0000', tz='UTC')}"
2021-08-27 16:00:00+00:00,2021-08-30 16:00:00+00:00,1,1813.155,1809.253434321712,1809.4284343217118,1841.8961967294892,0.34,-91.85323306179473,-0.18349165449829452,"{'trail_atr_mult': 4.0, 'trail_atr_len': 14, 'tp_converts_to_trail': True, 'don_upper': 1809.51, 'don_lower': 1751.49, 'atr': 5.795239345897835, 'exit_reason': 'sl', 'signal_time': Timestamp('2021-08-27 15:00:00+0000', tz='UTC')}"
2021-09-03 13:00:00+00:00,2021-09-06 11:00:00+00:00,1,1823.655,1822.9104554497862,1823.0854554497862,1840.008780356001,0.59,26.871871537389822,0.05330461745051858,"{'trail_atr_mult': 4.0, 'trail_atr_len': 14, 'tp_converts_to_trail': True, 'don_upper': 1823.24, 'don_lower': 1776.35, 'atr': 3.3197560712001497, 'exit_reason': 'sl', 'signal_time': Timestamp('2021-09-03 12:00:00+0000', tz='UTC')}"
2021-09-16 10:00:00+00:00,2021-09-17 05:00:00+00:00,-1,1777.7150000000001,1759.9386497366606,1759.7636497366607,,0.55,966.6992644836731,1.902578162118326,"{'trail_atr_mult': 4.0, 'trail_atr_len': 14, 'tp_converts_to_trail': True, 'don_upper': 1833.95, 'don_lower': 1779.6, 'atr': 3.6252700526679003, 'exit_reason': 'sl', 'signal_time': Timestamp('2021-09-16 09:00:00+0000', tz='UTC')}"
2021-09-28 11:00:00+00:00,2021-09-29 11:00:00+00:00,-1,1733.425,1743.7784095907803,1743.6034095907803,1710.7394385806397,0.44,-464.3500219943333,-0.9152777678621631,"{'trail_atr_mult': 4.0, 'trail_atr_len': 14, 'tp_converts_to_trail': True, 'don_upper': 1808.58, 'don_lower': 1735.94, 'atr': 4.562112283872066, 'exit_reason': 'sl', 'signal_time': Timestamp('2021-09-28 10:00:00+0000', tz='UTC')}"
2021-09-29 17:00:00+00:00,2021-09-30 13:00:00+00:00,-1,1724.4550000000002,1735.7841198381807,1735.6091198381807,1700.1406201804584,0.41,-489.09391336540176,-0.9605006183605016,"{'trail_atr_mult': 4.0, 'trail_atr_len': 14, 'tp_converts_to_trail': True, 'don_upper': 1806.94, 'don_lower': 1725.51, 'atr': 4.897875963908325, 'exit_reason': 'sl', 'signal_time': Timestamp('2021-09-29 16:00:00+0000', tz='UTC')}"
2021-10-08 13:00:00+00:00,2021-10-08 15:00:00+00:00,1,1775.975,1765.1582220118532,1765.3332220118532,1796.7335559762935,0.47,-508.38856544289337,-1.016444620456739,"{'trail_atr_mult': 4.0, 'trail_atr_len': 14, 'tp_converts_to_trail': True, 'don_upper': 1770.5, 'don_lower': 1721.65, 'atr': 4.186711195258696, 'exit_reason': 'sl', 'signal_time': Timestamp('2021-10-08 12:00:00+0000', tz='UTC')}"
2021-10-13 14:00:00+00:00,2021-10-15 08:00:00+00:00,1,1781.855,1789.1824207246282,1789.3574207246281,1810.982609395609,0.34,303.5323046373573,0.602133903665836,"{'trail_atr_mult': 4.0, 'trail_atr_len': 14, 'tp_converts_to_trail': True, 'don_upper': 1781.27, 'don_lower': 1721.65, 'atr': 5.860521879121794, 'exit_reason': 'sl', 'signal_time': Timestamp('2021-10-13 13:00:00+0000', tz='UTC')}"
2021-10-22 13:00:00+00:00,2021-10-22 16:00:00+00:00,1,1805.965,1795.0798634444325,1795.2548634444324,1826.8602731111348,0.47,-511.6014181116698,-1.0163396609456847,"{'trail_atr_mult': 4.0, 'trail_atr_len': 14, 'tp_converts_to_trail': True, 'don_upper': 1800.57, 'don_lower': 1750.18, 'atr': 4.214054622226969, 'exit_reason': 'sl', 'signal_time': Timestamp('2021-10-22 12:00:00+0000', tz='UTC')}"
2021-11-03 14:00:00+00:00,2021-11-03 18:00:00+00:00,-1,1763.115,1774.7304296367863,1774.5554296367864,1740.6091407264275,0.44,-511.0789040185973,-1.0152966283221785,"{'trail_atr_mult': 4.0, 'trail_atr_len': 14, 'tp_converts_to_trail': True, 'don_upper': 1813.79, 'don_lower': 1765.77, 'atr': 4.526171854714509, 'exit_reason': 'sl', 'signal_time': Timestamp('2021-11-03 13:00:00+0000', tz='UTC')}"
2021-11-05 16:00:00+00:00,2021-11-10 18:00:00+00:00,1,1814.155,1844.3467489477973,1844.5217489477973,,0.36,1158.9029621207046,2.350105016560566,"{'trail_atr_mult': 4.0, 'trail_atr_len': 14, 'tp_converts_to_trail': True, 'don_upper': 1813.79, 'don_lower': 1758.07, 'atr': 5.429201775401596, 'exit_reason': 'sl', 'signal_time': Timestamp('2021-11-05 15:00:00+0000', tz='UTC')}"
2021-11-16 08:00:00+00:00,2021-11-16 14:00:00+00:00,1,1872.2549999999999,1862.059538669466,1862.234538669466,1891.7709226610675,0.5,-509.77306652669085,-1.0174642657885125,"{'trail_atr_mult': 4.0, 'trail_atr_len': 14, 'tp_converts_to_trail': True, 'don_upper': 1870.3, 'don_lower': 1758.07, 'atr': 3.938184532213539, 'exit_reason': 'sl', 'signal_time': Timestamp('2021-11-16 07:00:00+0000', tz='UTC')}"
2021-11-22 17:00:00+00:00,2021-11-25 06:00:00+00:00,-1,1808.2250000000001,1793.095,1792.6487458532579,1775.0547971191497,0.29,409.77000000000317,0.8335003951845303,"{'trail_atr_mult': 4.0, 'trail_atr_len': 14, 'tp_converts_to_trail': True, 'don_upper': 1877.23, 'don_lower': 1811.54, 'atr': 6.683040576170079, 'exit_reason': 'sl_gap', 'signal_time': Timestamp('2021-11-22 16:00:00+0000', tz='UTC')}"
2021-11-30 16:00:00+00:00,2021-12-01 05:00:00+00:00,-1,1774.265,1791.259450889311,1791.084450889311,1739.092461389982,0.29,-498.63907579001557,-0.9823284682111542,"{'trail_atr_mult': 4.0, 'trail_atr_len': 14, 'tp_converts_to_trail': True, 'don_upper': 1877.23, 'don_lower': 1777.64, 'atr': 7.023507722003597, 'exit_reason': 'sl', 'signal_time': Timestamp('2021-11-30 15:00:00+0000', tz='UTC')}"
2021-12-02 14:00:00+00:00,2021-12-03 13:00:00+00:00,-1,1764.565,1777.941702016728,1777.766702016728,1738.2204506521155,0.37,-502.3379746189324,-1.0105641773851965,"{'trail_atr_mult': 4.0, 'trail_atr_len': 14, 'tp_converts_to_trail': True, 'don_upper': 1870.94, 'don_lower': 1767.45, 'atr': 5.303909869576895, 'exit_reason': 'sl', 'signal_time': Timestamp('2021-12-02 13:00:00+0000', tz='UTC')}"
2021-12-16 14:00:00+00:00,2021-12-17 20:00:00+00:00,1,1793.875,1799.174932331421,1799.3499323314209,1814.4249954549578,0.47,267.8968195767825,0.5378564334711976,"{'trail_atr_mult': 4.0, 'trail_atr_len': 14, 'tp_converts_to_trail': True, 'don_upper': 1793.15, 'don_lower': 1752.34, 'atr': 4.1529990909915355, 'exit_reason': 'sl', 'signal_time': Timestamp('2021-12-16 13:00:00+0000', tz='UTC')}"
2021-12-28 06:00:00+00:00,2021-12-28 16:00:00+00:00,1,1815.115,1809.91825940089,1810.09325940089,1827.2395739124772,0.8,-415.7392479287956,-0.8275345382453456,"{'trail_atr_mult': 4.0, 'trail_atr_len': 14, 'tp_converts_to_trail': True, 'don_upper': 1814.28, 'don_lower': 1752.34, 'atr': 2.4539147824954255, 'exit_reason': 'sl', 'signal_time': Timestamp('2021-12-28 05:00:00+0000', tz='UTC')}"
2021-12-31 13:00:00+00:00,2021-12-31 18:00:00+00:00,1,1824.485,1828.095,1816.8531320228315,1839.2237359543371,0.65,234.65000000000828,0.4730165682634754,"{'trail_atr_mult': 4.0, 'trail_atr_len': 14, 'tp_converts_to_trail': True, 'don_upper': 1820.32, 'don_lower': 1752.34, 'atr': 2.982747190867432, 'exit_reason': 'end_of_data', 'signal_time': Timestamp('2021-12-31 12:00:00+0000', tz='UTC')}"
2022-01-19 15:00:00+00:00,2022-01-21 08:00:00+00:00,1,1838.475,1833.473655622869,1833.648655622869,1863.9107825484255,0.38,-129.25108633097278,-0.26143290431799054,"{'trail_atr_mult': 5.0, 'trail_atr_len': 14, 'tp_converts_to_trail': True, 'don_upper': 1829.6, 'don_lower': 1782.64, 'atr': 4.271797091404265, 'exit_reason': 'sl', 'signal_time': Timestamp('2022-01-19 14:00:00+0000', tz='UTC')}"
2022-01-25 14:00:00+00:00,2022-01-26 14:00:00+00:00,1,1850.555,1838.8595441778002,1839.0345441778002,1874.7124012737395,0.4,-451.8182328879939,-0.915263932137558,"{'trail_atr_mult': 5.0, 'trail_atr_len': 14, 'tp_converts_to_trail': True, 'don_upper': 1847.92, 'don_lower': 1791.51, 'atr': 4.0554002122899035, 'exit_reason': 'sl', 'signal_time': Timestamp('2022-01-25 13:00:00+0000', tz='UTC')}"
2022-01-27 13:00:00+00:00,2022-01-31 14:00:00+00:00,-1,1799.775,1798.5279625550882,1798.3529625550882,1769.2216215951344,0.31,13.858160792270109,0.028657735931699922,"{'trail_atr_mult': 5.0, 'trail_atr_len': 14, 'tp_converts_to_trail': True, 'don_upper': 1853.9, 'don_lower': 1805.79, 'atr': 5.1280630674775916, 'exit_reason': 'sl', 'signal_time': Timestamp('2022-01-27 12:00:00+0000', tz='UTC')}"
2022-02-10 16:00:00+00:00,2022-02-10 19:00:00+00:00,1,1841.7649999999999,1829.0244869342014,1829.1994869342013,1866.2810261315974,0.39,-496.8800095661414,-1.0139270079210916,"{'trail_atr_mult': 5.0, 'trail_atr_len': 14, 'tp_converts_to_trail': True, 'don_upper': 1840.55, 'don_lower': 1780.3, 'atr': 4.120171021932894, 'exit_reason': 'sl', 'signal_time': Timestamp('2022-02-10 15:00:00+0000', tz='UTC')}"
2022-02-11 18:00:00+00:00,2022-02-15 08:00:00+00:00,1,1857.355,1858.0141584613607,1858.1891584613606,1889.3843457288817,0.3,67.77475384082027,0.13879304963923209,"{'trail_atr_mult': 5.0, 'trail_atr_len': 14, 'tp_converts_to_trail': True, 'don_upper': 1841.92, 'don_lower': 1780.3, 'atr': 5.367390954813602, 'exit_reason': 'sl', 'signal_time': Timestamp('2022-02-11 17:00:00+0000', tz='UTC')}"
2022-02-17 08:00:00+00:00,2022-02-22 11:00:00+00:00,1,1886.385,1891.7284616521165,1891.9034616521164,1916.0887490118487,0.32,234.99077286772808,0.4829834761867488,"{'trail_atr_mult': 5.0, 'trail_atr_len': 14, 'tp_converts_to_trail': True, 'don_upper': 1879.51, 'don_lower': 1788.66, 'atr': 4.989791501974775, 'exit_reason': 'sl', 'signal_time': Timestamp('2022-02-17 07:00:00+0000', tz='UTC')}"
2022-02-24 02:00:00+00:00,2022-02-24 05:00:00+00:00,1,1921.125,1935.4950000000001,1947.505914871965,,0.36,517.3200000000043,1.0693589459899524,"{'trail_atr_mult': 5.0, 'trail_atr_len': 14, 'tp_converts_to_trail': True, 'don_upper': 1914.1, 'don_lower': 1820.92, 'atr': 4.424319145327488, 'exit_reason': 'sl_gap', 'signal_time': Timestamp('2022-02-24 01:00:00+0000', tz='UTC')}"
2022-02-24 09:00:00+00:00,2022-02-24 14:00:00+00:00,1,1953.695,1933.6780987195866,1933.8530987195866,1996.1803032152063,0.23,-460.3887294495064,-0.932095923985298,"{'trail_atr_mult': 5.0, 'trail_atr_len': 14, 'tp_converts_to_trail': True, 'don_upper': 1949.09, 'don_lower': 1820.92, 'atr': 7.106717202534401, 'exit_reason': 'sl', 'signal_time': Timestamp('2022-02-24 08:00:00+0000', tz='UTC')}"
2022-03-06 23:00:00+00:00,2022-03-07 13:00:00+00:00,1,1988.905,1964.6996437577611,1964.874643757761,2036.440712484478,0.2,-476.10712484477705,-0.9906368429276736,"{'trail_atr_mult': 5.0, 'trail_atr_len': 14, 'tp_converts_to_trail': True, 'don_upper': 1974.52, 'don_lower': 1878.0, 'atr': 7.9517854140796285, 'exit_reason': 'sl', 'signal_time': Timestamp('2022-03-06 22:00:00+0000', tz='UTC')}"
2022-03-08 06:00:00+00:00,2022-03-09 10:00:00+00:00,1,2017.105,2006.1034772179848,2006.2784772179848,2075.1788024389552,0.16,-169.62436451224275,-0.36201944859859103,"{'trail_atr_mult': 5.0, 'trail_atr_len': 14, 'tp_converts_to_trail': True, 'don_upper': 2002.61, 'don_lower': 1878.0, 'atr': 9.70646707315921, 'exit_reason': 'sl', 'signal_time': Timestamp('2022-03-08 05:00:00+0000', tz='UTC')}"
2022-04-11 13:00:00+00:00,2022-04-11 15:00:00+00:00,1,1963.485,1946.9765194176605,1947.1515194176604,1995.656961164679,0.3,-495.2544174701825,-1.0107141891232403,"{'trail_atr_mult': 5.0, 'trail_atr_len': 14, 'tp_converts_to_trail': True, 'don_upper': 1961.92, 'don_lower': 1890.02, 'atr': 5.389493527446486, 'exit_reason': 'sl', 'signal_time': Timestamp('2022-04-11 12:00:00+0000', tz='UTC')}"
2022-04-12 13:00:00+00:00,2022-04-19 05:00:00+00:00,1,1970.655,1975.8333526545307,1976.0083526545307,2003.9526029926822,0.29,254.57222698139108,0.5195428512228972,"{'trail_atr_mult': 5.0, 'trail_atr_len': 14, 'tp_converts_to_trail': True, 'don_upper': 1969.78, 'don_lower': 1890.02, 'atr': 5.577100498780374, 'exit_reason': 'sl', 'signal_time': Timestamp('2022-04-12 12:00:00+0000', tz='UTC')}"
2022-04-25 05:00:00+00:00,2022-04-27 15:00:00+00:00,-1,1916.265,1888.2549999999999,1882.28400113996,,0.28,773.0800000000062,1.6214470826986587,"{'trail_atr_mult': 5.0, 'trail_atr_len': 14, 'tp_converts_to_trail': True, 'don_upper': 1998.43, 'don_lower': 1921.92, 'atr': 5.667666476673325, 'exit_reason': 'sl_gap', 'signal_time': Timestamp('2022-04-25 04:00:00+0000', tz='UTC')}"
2022-04-28 04:00:00+00:00,2022-04-28 13:00:00+00:00,-1,1878.775,1893.3960288121255,1893.2210288121255,1850.407942375749,0.34,-497.11497961226223,-1.0121140558610175,"{'trail_atr_mult': 5.0, 'trail_atr_len': 14, 'tp_converts_to_trail': True, 'don_upper': 1998.43, 'don_lower': 1880.85, 'atr': 4.7570096040418415, 'exit_reason': 'sl', 'signal_time': Timestamp('2022-04-28 03:00:00+0000', tz='UTC')}"
2022-05-02 13:00:00+00:00,2022-05-03 15:00:00+00:00,-1,1861.4650000000001,1877.8372013419962,1877.6622013419963,1825.0099436656478,0.26,-430.8772348918976,-0.8962777769811784,"{'trail_atr_mult': 5.0, 'trail_atr_len': 14, 'tp_converts_to_trail': True, 'don_upper': 1998.43, 'don_lower': 1872.04, 'atr': 6.1050093890587185, 'exit_reason': 'sl', 'signal_time': Timestamp('2022-05-02 12:00:00+0000', tz='UTC')}"
2022-05-10 15:00:00+00:00,2022-05-11 14:00:00+00:00,-1,1849.7250000000001,1857.168158456686,1856.993158456686,1813.048183133191,0.26,-198.7221198738295,-0.41090242898888346,"{'trail_atr_mult': 5.0, 'trail_atr_len': 14, 'tp_converts_to_trail': True, 'don_upper': 1919.83, 'don_lower': 1850.38, 'atr': 6.141969477801523, 'exit_reason': 'sl', 'signal_time': Timestamp('2022-05-10 14:00:00+0000', tz='UTC')}"
2022-05-12 17:00:00+00:00,2022-05-16 18:00:00+00:00,-1,1825.435,1818.086589143412,1817.9115891434121,1783.3947421033376,0.23,150.6134497015208,0.30921359858389075,"{'trail_atr_mult': 5.0, 'trail_atr_len': 14, 'tp_converts_to_trail': True, 'don_upper': 1919.83, 'don_lower': 1831.97, 'atr': 7.024209649443735, 'exit_reason': 'sl', 'signal_time': Timestamp('2022-05-12 16:00:00+0000', tz='UTC')}"
2022-05-24 14:00:00+00:00,2022-05-25 11:00:00+00:00,1,1867.745,1854.0226915207568,1854.1976915207567,1894.3146169584866,0.36,-479.60310525275196,-0.9833915349056395,"{'trail_atr_mult': 5.0, 'trail_atr_len': 14, 'tp_converts_to_trail': True, 'don_upper': 1866.08, 'don_lower': 1786.84, 'atr': 4.457436159747756, 'exit_reason': 'sl', 'signal_time': Timestamp('2022-05-24 13:00:00+0000', tz='UTC')}"
2022-06-03 01:00:00+00:00,2022-06-03 13:00:00+00:00,1,1873.5249999999999,1862.330219627398,1862.505219627398,1894.7995607452037,0.44,-492.57033639448036,-1.015880534283156,"{'trail_atr_mult': 5.0, 'trail_atr_len': 14, 'tp_converts_to_trail': True, 'don_upper': 1870.63, 'don_lower': 1810.96, 'atr': 3.5882601242006387, 'exit_reason': 'sl', 'signal_time': Timestamp('2022-06-03 00:00:00+0000', tz='UTC')}"
2022-06-12 23:00:00+00:00,2022-06-13 08:00:00+00:00,1,1876.5449999999998,1855.7441834885542,1855.9191834885542,1917.2716330228911,0.23,-469.2187797632499,-0.989091340947633,"{'trail_atr_mult': 5.0, 'trail_atr_len': 14, 'tp_converts_to_trail': True, 'don_upper': 1876.0, 'don_lower': 1825.13, 'atr': 6.816938837148545, 'exit_reason': 'sl', 'signal_time': Timestamp('2022-06-12 22:00:00+0000', tz='UTC')}"
2022-06-13 20:00:00+00:00,2022-06-15 12:00:00+00:00,-1,1822.565,1828.372593326305,1828.197593326305,1783.2413925897145,0.24,-148.98223983131683,-0.3092308165445686,"{'trail_atr_mult': 5.0, 'trail_atr_len': 14, 'tp_converts_to_trail': True, 'don_upper': 1878.78, 'don_lower': 1823.46, 'atr': 6.599767901714236, 'exit_reason': 'sl', 'signal_time': Timestamp('2022-06-13 19:00:00+0000', tz='UTC')}"
2022-06-30 11:00:00+00:00,2022-06-30 13:00:00+00:00,-1,1810.255,1821.128761844299,1820.9537618442992,1789.2924763114022,0.45,-489.31928299345486,-1.01635703294893,"{'trail_atr_mult': 5.0, 'trail_atr_len': 14, 'tp_converts_to_trail': True, 'don_upper': 1857.23, 'don_lower': 1811.0, 'atr': 3.5179206147663336, 'exit_reason': 'sl', 'signal_time': Timestamp('2022-06-30 10:00:00+0000', tz='UTC')}"
2022-07-01 04:00:00+00:00,2022-07-01 19:00:00+00:00,-1,1801.285,1809.0459961614843,1808.8709961614843,1774.0322419516965,0.34,-263.87386949046186,-0.5587921205151533,"{'trail_atr_mult': 5.0, 'trail_atr_len': 14, 'tp_converts_to_trail': True, 'don_upper': 1857.23, 'don_lower': 1802.75, 'atr': 4.571293008050592, 'exit_reason': 'sl', 'signal_time': Timestamp('2022-07-01 03:00:00+0000', tz='UTC')}"
2022-07-06 06:00:00+00:00,2022-07-06 20:00:00+00:00,-1,1763.2250000000001,1741.0837655545663,1740.9087655545663,,0.43,952.073081153655,1.9361643551211325,"{'trail_atr_mult': 4.0, 'trail_atr_len': 14, 'tp_converts_to_trail': True, 'don_upper': 1853.05, 'don_lower': 1763.95, 'atr': 4.500246889086761, 'exit_reason': 'sl', 'signal_time': Timestamp('2022-07-06 05:00:00+0000', tz='UTC')}"
2022-07-13 13:00:00+00:00,2022-07-13 14:00:00+00:00,-1,1712.7250000000001,1725.5741986861758,1725.3991986861759,1687.3916026276484,0.39,-501.1187487608511,-1.0138075790298944,"{'trail_atr_mult': 4.0, 'trail_atr_len': 14, 'tp_converts_to_trail': True, 'don_upper': 1841.03, 'don_lower': 1722.53, 'atr': 5.067679474470328, 'exit_reason': 'sl', 'signal_time': Timestamp('2022-07-13 12:00:00+0000', tz='UTC')}"
2022-07-14 14:00:00+00:00,2022-07-18 04:00:00+00:00,-1,1702.445,1715.4707876635923,1715.2957876635924,1672.251225324654,0.32,-442.4252052349563,-0.8846020234118024,"{'trail_atr_mult': 4.0, 'trail_atr_len': 14, 'tp_converts_to_trail': True, 'don_upper': 1839.85, 'don_lower': 1707.03, 'atr': 6.109754935069224, 'exit_reason': 'sl', 'signal_time': Timestamp('2022-07-14 13:00:00+0000', tz='UTC')}"
2022-07-21 07:00:00+00:00,2022-07-21 13:00:00+00:00,-1,1689.295,1697.1596814063494,1696.9846814063494,1671.6676514093285,0.55,-432.55747734921107,-0.8665194332364237,"{'trail_atr_mult': 4.0, 'trail_atr_len': 14, 'tp_converts_to_trail': True, 'don_upper': 1813.45, 'don_lower': 1690.07, 'atr': 3.5604697181343044, 'exit_reason': 'sl', 'signal_time': Timestamp('2022-07-21 06:00:00+0000', tz='UTC')}"
2022-07-28 09:00:00+00:00,2022-07-29 08:00:00+00:00,1,1745.905,1766.525,1767.3926911251683,,0.45,945.9000000000053,1.9098073816124104,"{'trail_atr_mult': 4.0, 'trail_atr_len': 14, 'tp_converts_to_trail': True, 'don_upper': 1745.42, 'don_lower': 1680.84, 'atr': 4.332538225033674, 'exit_reason': 'sl_gap', 'signal_time': Timestamp('2022-07-28 08:00:00+0000', tz='UTC')}"
2022-08-04 17:00:00+00:00,2022-08-05 13:00:00+00:00,1,1790.665,1780.0364128324738,1780.2114128324738,1814.6357571742312,0.41,-419.37207386857096,-0.8382110085341715,"{'trail_atr_mult': 4.0, 'trail_atr_len': 14, 'tp_converts_to_trail': True, 'don_upper': 1790.31, 'don_lower': 1680.84, 'atr': 4.823151434846236, 'exit_reason': 'sl', 'signal_time': Timestamp('2022-08-04 16:00:00+0000', tz='UTC')}"
2022-08-09 14:00:00+00:00,2022-08-10 19:00:00+00:00,1,1797.855,1789.9955643979818,1790.1705643979817,1818.1323211872611,0.48,-358.0529088968768,-0.7161406100612213,"{'trail_atr_mult': 4.0, 'trail_atr_len': 14, 'tp_converts_to_trail': True, 'don_upper': 1794.95, 'don_lower': 1683.93, 'atr': 4.0924642374522255, 'exit_reason': 'sl', 'signal_time': Timestamp('2022-08-09 13:00:00+0000', tz='UTC')}"
2022-08-19 05:00:00+00:00,2022-08-22 09:00:00+00:00,-1,1752.935,1737.2649999999999,1736.5157278836891,,0.58,874.0600000000043,1.7756284212645845,"{'trail_atr_mult': 4.0, 'trail_atr_len': 14, 'tp_converts_to_trail': True, 'don_upper': 1807.87, 'don_lower': 1753.53, 'atr': 3.3208544232621557, 'exit_reason': 'sl_gap', 'signal_time': Timestamp('2022-08-19 04:00:00+0000', tz='UTC')}"
2022-08-22 09:00:00+00:00,2022-08-23 09:00:00+00:00,-1,1734.765,1740.5672877221325,1740.3922877221326,1718.4412217959587,0.59,-354.13497560581186,-0.7112230102881829,"{'trail_atr_mult': 4.0, 'trail_atr_len': 14, 'tp_converts_to_trail': True, 'don_upper': 1807.87, 'don_lower': 1736.5, 'atr': 3.301755640808276, 'exit_reason': 'sl', 'signal_time': Timestamp('2022-08-22 08:00:00+0000', tz='UTC')}"
2022-08-29 02:00:00+00:00,2022-08-29 13:00:00+00:00,-1,1723.625,1735.5555997596923,1735.3805997596924,1700.638800480615,0.42,-501.0851899070771,-1.0148865224724641,"{'trail_atr_mult': 4.0, 'trail_atr_len': 14, 'tp_converts_to_trail': True, 'don_upper': 1807.87, 'don_lower': 1727.77, 'atr': 4.632239903877, 'exit_reason': 'sl', 'signal_time': Timestamp('2022-08-29 01:00:00+0000', tz='UTC')}"
2022-08-31 09:00:00+00:00,2022-08-31 15:00:00+00:00,-1,1713.935,1723.1219608229283,1722.9469608229283,1696.436078354143,0.55,-505.2828452610573,-1.019418637457313,"{'trail_atr_mult': 4.0, 'trail_atr_len': 14, 'tp_converts_to_trail': True, 'don_upper': 1802.27, 'don_lower': 1719.48, 'atr': 3.5347843291713414, 'exit_reason': 'sl', 'signal_time': Timestamp('2022-08-31 08:00:00+0000', tz='UTC')}"
2022-09-01 02:00:00+00:00,2022-09-02 08:00:00+00:00,-1,1703.305,1703.3682178995778,1703.1932178995778,1683.2250762444075,0.48,-12.63445917972931,-0.025549029222324292,"{'trail_atr_mult': 4.0, 'trail_atr_len': 14, 'tp_converts_to_trail': True, 'don_upper': 1801.76, 'don_lower': 1705.26, 'atr': 4.0509847511184915, 'exit_reason': 'sl', 'signal_time': Timestamp('2022-09-01 01:00:00+0000', tz='UTC')}"
2022-09-15 05:00:00+00:00,2022-09-15 16:00:00+00:00,-1,1687.275,1669.5804223935263,1669.4054223935264,,0.54,955.5071907495845,1.9270334429294291,"{'trail_atr_mult': 4.0, 'trail_atr_len': 14, 'tp_converts_to_trail': True, 'don_upper': 1745.52, 'don_lower': 1688.8, 'atr': 3.606915521294738, 'exit_reason': 'sl', 'signal_time': Timestamp('2022-09-15 04:00:00+0000', tz='UTC')}"
2022-09-16 07:00:00+00:00,2022-09-16 15:00:00+00:00,-1,1659.9550000000002,1671.1284960485432,1670.9534960485432,1638.453007902913,0.45,-502.8073221844363,-1.015911266342923,"{'trail_atr_mult': 4.0, 'trail_atr_len': 14, 'tp_converts_to_trail': True, 'don_upper': 1737.93, 'don_lower': 1660.35, 'atr': 4.333398419417368, 'exit_reason': 'sl', 'signal_time': Timestamp('2022-09-16 06:00:00+0000', tz='UTC')}"
2022-09-23 11:00:00+00:00,2022-09-27 12:00:00+00:00,-1,1643.355,1641.268918266437,1641.093918266437,1613.5118273133633,0.32,41.15461547401937,0.08503533399432621,"{'trail_atr_mult': 4.0, 'trail_atr_len': 14, 'tp_converts_to_trail': True, 'don_upper': 1735.13, 'don_lower': 1652.77, 'atr': 5.995634537327329, 'exit_reason': 'sl', 'signal_time': Timestamp('2022-09-23 10:00:00+0000', tz='UTC')}"
2022-10-03 20:00:00+00:00,2022-10-05 09:00:00+00:00,1,1701.0049999999999,1711.1187383336546,1711.2937383336546,1732.0852941532746,0.31,338.32588834329687,0.6919408188509083,"{'trail_atr_mult': 4.0, 'trail_atr_len': 14, 'tp_converts_to_trail': True, 'don_upper': 1700.26, 'don_lower': 1614.81, 'atr': 6.247058830654923, 'exit_reason': 'sl', 'signal_time': Timestamp('2022-10-03 19:00:00+0000', tz='UTC')}"
2022-10-19 11:00:00+00:00,2022-10-20 11:00:00+00:00,-1,1632.9850000000001,1637.2743044239112,1637.0993044239112,1610.2756850298226,0.43,-210.2400902281757,-0.42032653273296366,"{'trail_atr_mult': 4.0, 'trail_atr_len': 14, 'tp_converts_to_trail': True, 'don_upper': 1729.49, 'don_lower': 1637.76, 'atr': 4.578862994035488, 'exit_reason': 'sl', 'signal_time': Timestamp('2022-10-19 10:00:00+0000', tz='UTC')}"
2022-11-04 18:00:00+00:00,2022-11-08 06:00:00+00:00,1,1680.825,1668.1823279810933,1668.3573279810932,1710.7829130711232,0.32,-353.36550460501604,-0.7238031972343798,"{'trail_atr_mult': 4.0, 'trail_atr_len': 14, 'tp_converts_to_trail': True, 'don_upper': 1675.49, 'don_lower': 1616.72, 'atr': 6.028582614224607, 'exit_reason': 'sl', 'signal_time': Timestamp('2022-11-04 17:00:00+0000', tz='UTC')}"
2022-11-08 16:00:00+00:00,2022-11-09 19:00:00+00:00,1,1715.325,1702.4227903168005,1702.5977903168005,1745.289818599031,0.32,-400.0707098623854,-0.8184801256787909,"{'trail_atr_mult': 4.0, 'trail_atr_len': 14, 'tp_converts_to_trail': True, 'don_upper': 1714.19, 'don_lower': 1616.72, 'atr': 6.031963719806175, 'exit_reason': 'sl', 'signal_time': Timestamp('2022-11-08 15:00:00+0000', tz='UTC')}"
2022-11-10 19:00:00+00:00,2022-11-15 08:00:00+00:00,1,1754.305,1782.7350000000001,1784.298773870652,,0.32,973.7600000000022,2.004032176577737,"{'trail_atr_mult': 4.0, 'trail_atr_len': 14, 'tp_converts_to_trail': True, 'don_upper': 1753.29, 'don_lower': 1616.72, 'atr': 6.023754774130405, 'exit_reason': 'sl_gap', 'signal_time': Timestamp('2022-11-10 18:00:00+0000', tz='UTC')}"
2022-12-01 13:00:00+00:00,2022-12-02 13:00:00+00:00,1,1789.615,1789.7594791886415,1789.9344791886415,1814.4738971276815,0.39,21.234688357019515,0.043309053157244565,"{'trail_atr_mult': 4.0, 'trail_atr_len': 14, 'tp_converts_to_trail': True, 'don_upper': 1786.57, 'don_lower': 1727.31, 'atr': 4.990779425536324, 'exit_reason': 'sl', 'signal_time': Timestamp('2022-12-01 12:00:00+0000', tz='UTC')}"
2022-12-27 15:00:00+00:00,2022-12-27 17:00:00+00:00,1,1824.815,1811.8598732317744,1812.0348732317743,1849.8502535364514,0.39,-505.2499439608016,-1.0136931349096665,"{'trail_atr_mult': 4.0, 'trail_atr_len': 14, 'tp_converts_to_trail': True, 'don_upper': 1824.52, 'don_lower': 1773.75, 'atr': 5.042050707290267, 'exit_reason': 'sl', 'signal_time': Timestamp('2022-12-27 14:00:00+0000', tz='UTC')}"
2023-01-03 02:00:00+00:00,2023-01-03 15:00:00+00:00,1,1838.595,1830.5530444631495,1830.7280444631494,1867.5089931438172,0.33,-265.3845327160677,-0.5457909944600773,"{'trail_atr_mult': 4.0, 'trail_atr_len': 14, 'tp_converts_to_trail': True, 'don_upper': 1833.63, 'don_lower': 1773.75, 'atr': 4.8498321906361985, 'exit_reason': 'sl', 'signal_time': Timestamp('2023-01-03 01:00:00+0000', tz='UTC')}"
2023-01-04 07:00:00+00:00,2023-01-05 08:00:00+00:00,1,1858.455,1845.9975471442622,1846.1725471442621,1887.81607370191,0.33,-371.495944239346,-0.7541147552176297,"{'trail_atr_mult': 4.0, 'trail_atr_len': 14, 'tp_converts_to_trail': True, 'don_upper': 1849.99, 'don_lower': 1773.75, 'atr': 4.921012283651681, 'exit_reason': 'sl', 'signal_time': Timestamp('2023-01-04 06:00:00+0000', tz='UTC')}"
2023-01-06 18:00:00+00:00,2023-01-11 14:00:00+00:00,1,1868.885,1871.2578592052716,1871.4328592052716,1906.7997689919462,0.25,109.3214801317913,0.2273400293194989,"{'trail_atr_mult': 4.0, 'trail_atr_len': 14, 'tp_converts_to_trail': True, 'don_upper': 1865.12, 'don_lower': 1783.79, 'atr': 6.34996149865768, 'exit_reason': 'sl', 'signal_time': Timestamp('2023-01-06 17:00:00+0000', tz='UTC')}"
2023-01-13 08:00:00+00:00,2023-01-17 01:00:00+00:00,1,1906.655,1914.003729132542,1914.178729132542,1937.7285887740911,0.31,277.41060310880437,0.5664005564627983,"{'trail_atr_mult': 4.0, 'trail_atr_len': 14, 'tp_converts_to_trail': True, 'don_upper': 1901.61, 'don_lower': 1791.18, 'atr': 5.208098129015182, 'exit_reason': 'sl', 'signal_time': Timestamp('2023-01-13 07:00:00+0000', tz='UTC')}"
2023-01-19 20:00:00+00:00,2023-01-23 06:00:00+00:00,1,1933.555,1921.3630616388543,1921.5380616388543,1964.3588233396233,0.31,-328.3500891955176,-0.6794315645443288,"{'trail_atr_mult': 4.0, 'trail_atr_len': 14, 'tp_converts_to_trail': True, 'don_upper': 1931.39, 'don_lower': 1816.24, 'atr': 5.154803889937211, 'exit_reason': 'sl', 'signal_time': Timestamp('2023-01-19 19:00:00+0000', tz='UTC')}"
2023-02-03 13:00:00+00:00,2023-02-07 09:00:00+00:00,-1,1886.615,1878.1172300726164,1877.9422300726164,1845.0802282064085,0.23,177.04870832982314,0.36603954796333726,"{'trail_atr_mult': 4.0, 'trail_atr_len': 14, 'tp_converts_to_trail': True, 'don_upper': 1959.68, 'don_lower': 1896.59, 'atr': 6.95162863226523, 'exit_reason': 'sl', 'signal_time': Timestamp('2023-02-03 12:00:00+0000', tz='UTC')}"
2023-02-10 03:00:00+00:00,2023-02-10 08:00:00+00:00,-1,1855.145,1871.767768079484,1871.5927680794841,1822.7744638410318,0.3,-498.6830423845231,-1.0106397414624444,"{'trail_atr_mult': 4.0, 'trail_atr_len': 14, 'tp_converts_to_trail': True, 'don_upper': 1959.68, 'don_lower': 1858.91, 'atr': 5.424256026494708, 'exit_reason': 'sl', 'signal_time': Timestamp('2023-02-10 02:00:00+0000', tz='UTC')}"
2023-02-27 03:00:00+00:00,2023-02-27 14:00:00+00:00,-1,1807.765,1818.745274837323,1818.570274837323,1786.649450325354,0.45,-494.1123676795303,-1.0161957935022141,"{'trail_atr_mult': 4.0, 'trail_atr_len': 14, 'tp_converts_to_trail': True, 'don_upper': 1890.31, 'don_lower': 1808.93, 'atr': 3.5467582791076717, 'exit_reason': 'sl', 'signal_time': Timestamp('2023-02-27 02:00:00+0000', tz='UTC')}"
2023-03-10 14:00:00+00:00,2023-03-12 23:00:00+00:00,1,1858.645,1883.765,1892.463212355,,0.28,725.7600000000033,1.5121103431965917,"{'trail_atr_mult': 4.0, 'trail_atr_len': 14, 'tp_converts_to_trail': True, 'don_upper': 1858.27, 'don_lower': 1804.69, 'atr': 5.66220205916665, 'exit_reason': 'sl_gap', 'signal_time': Timestamp('2023-03-10 13:00:00+0000', tz='UTC')}"
2023-03-13 12:00:00+00:00,2023-03-15 07:00:00+00:00,1,1899.485,1896.2744829165956,1896.4494829165956,1951.1868722855365,0.18,-43.38930750127711,-0.09199240398361104,"{'trail_atr_mult': 4.0, 'trail_atr_len': 14, 'tp_converts_to_trail': True, 'don_upper': 1894.36, 'don_lower': 1804.69, 'atr': 8.656145380922762, 'exit_reason': 'sl', 'signal_time': Timestamp('2023-03-13 11:00:00+0000', tz='UTC')}"
2023-03-15 16:00:00+00:00,2023-03-15 18:00:00+00:00,1,1933.7749999999999,1909.6701809648052,1909.8451809648052,1981.1396380703895,0.2,-482.0963807038925,-1.0073130515422024,"{'trail_atr_mult': 4.0, 'trail_atr_len': 14, 'tp_converts_to_trail': True, 'don_upper': 1930.39, 'don_lower': 1804.69, 'atr': 7.921606345064928, 'exit_reason': 'sl', 'signal_time': Timestamp('2023-03-15 15:00:00+0000', tz='UTC')}"
2023-03-17 12:00:00+00:00,2023-03-17 19:00:00+00:00,1,1945.165,1979.1350908806112,1979.3100908806111,,0.28,951.1625446571143,1.9545455733868535,"{'trail_atr_mult': 4.0, 'trail_atr_len': 14, 'tp_converts_to_trail': True, 'don_upper': 1937.36, 'don_lower': 1807.29, 'atr': 5.7250151467684995, 'exit_reason': 'sl', 'signal_time': Timestamp('2023-03-17 11:00:00+0000', tz='UTC')}"
2023-03-19 21:00:00+00:00,2023-03-20 10:00:00+00:00,1,1986.875,1973.8764990840207,1974.0514990840206,2039.2343834789883,0.2,-251.97001831958642,-0.5198003568808773,"{'trail_atr_mult': 4.0, 'trail_atr_len': 14, 'tp_converts_to_trail': True, 'don_upper': 1987.76, 'don_lower': 1809.41, 'atr': 8.510730579831389, 'exit_reason': 'sl', 'signal_time': Timestamp('2023-03-17 19:00:00+0000', tz='UTC')}"
2023-04-05 08:00:00+00:00,2023-04-05 15:00:00+00:00,1,2025.625,2013.986630139454,2014.161630139454,2050.913854766142,0.38,-442.2580547007455,-0.8996239613879036,"{'trail_atr_mult': 4.0, 'trail_atr_len': 14, 'tp_converts_to_trail': True, 'don_upper': 2025.34, 'don_lower': 1927.32, 'atr': 4.247309127690335, 'exit_reason': 'sl', 'signal_time': Timestamp('2023-04-05 07:00:00+0000', tz='UTC')}"
2023-04-13 13:00:00+00:00,2023-04-14 13:00:00+00:00,1,2045.215,2030.077327961732,2030.252327961732,2078.3577774883106,0.29,-427.3924891097709,-0.875476383517438,"{'trail_atr_mult': 4.0, 'trail_atr_len': 14, 'tp_converts_to_trail': True, 'don_upper': 2032.26, 'don_lower': 1944.04, 'atr': 5.552962914718445, 'exit_reason': 'sl', 'signal_time': Timestamp('2023-04-13 12:00:00+0000', tz='UTC')}"
2023-05-03 16:00:00+00:00,2023-05-03 23:00:00+00:00,1,2023.745,2052.4360411092116,2052.611041109212,,0.33,946.8043566039865,1.9503756514060644,"{'trail_atr_mult': 4.0, 'trail_atr_len': 14, 'tp_converts_to_trail': True, 'don_upper': 2023.45, 'don_lower': 1969.18, 'atr': 4.841840184868674, 'exit_reason': 'sl', 'signal_time': Timestamp('2023-05-03 15:00:00+0000', tz='UTC')}"
2023-05-03 23:00:00+00:00,2023-05-04 08:00:00+00:00,1,2056.7650000000003,2031.005296674118,2031.180296674118,2107.319406651764,0.19,-466.6343631917648,-0.9599369988018147,"{'trail_atr_mult': 4.0, 'trail_atr_len': 14, 'tp_converts_to_trail': True, 'don_upper': 2040.37, 'don_lower': 1969.18, 'atr': 8.45990110862733, 'exit_reason': 'sl', 'signal_time': Timestamp('2023-05-03 22:00:00+0000', tz='UTC')}"
2023-05-18 08:00:00+00:00,2023-05-18 17:00:00+00:00,-1,1974.365,1956.195,1952.718422937898,,0.44,799.4800000000032,1.6390354144954689,"{'trail_atr_mult': 4.0, 'trail_atr_len': 14, 'tp_converts_to_trail': True, 'don_upper': 2066.81, 'don_lower': 1974.98, 'atr': 3.636929510350334, 'exit_reason': 'sl_gap', 'signal_time': Timestamp('2023-05-18 07:00:00+0000', tz='UTC')}"
2023-06-15 12:00:00+00:00,2023-06-15 14:00:00+00:00,-1,1928.385,1943.7519526434846,1943.5769526434847,1898.6160947130304,0.32,-491.7424845915084,-1.0115192565502766,"{'trail_atr_mult': 4.0, 'trail_atr_len': 14, 'tp_converts_to_trail': True, 'don_upper': 1983.48, 'don_lower': 1928.96, 'atr': 4.995650881161573, 'exit_reason': 'sl', 'signal_time': Timestamp('2023-06-15 11:00:00+0000', tz='UTC')}"
2023-06-22 15:00:00+00:00,2023-06-23 13:00:00+00:00,-1,1915.2150000000001,1924.216170080431,1924.0411700804311,1888.4307139797513,0.36,-331.2421228955137,-0.6731097566788009,"{'trail_atr_mult': 4.0, 'trail_atr_len': 14, 'tp_converts_to_trail': True, 'don_upper': 1973.1, 'don_lower': 1918.93, 'atr': 4.494881003374807, 'exit_reason': 'sl', 'signal_time': Timestamp('2023-06-22 14:00:00+0000', tz='UTC')}"
2023-06-28 11:00:00+00:00,2023-06-29 15:00:00+00:00,-1,1906.835,1910.91100811379,1910.7360081137901,1886.4692240366383,0.47,-219.77238134813314,-0.44766246327957127,"{'trail_atr_mult': 4.0, 'trail_atr_len': 14, 'tp_converts_to_trail': True, 'don_upper': 1973.1, 'don_lower': 1907.2, 'atr': 3.4234626605602867, 'exit_reason': 'sl', 'signal_time': Timestamp('2023-06-28 10:00:00+0000', tz='UTC')}"
2023-07-12 03:00:00+00:00,2023-07-12 09:00:00+00:00,1,1940.2849999999999,1933.6978492160756,1933.8728492160756,1952.5543015678486,0.77,-507.21061036216685,-1.0272919346249143,"{'trail_atr_mult': 4.0, 'trail_atr_len': 14, 'tp_converts_to_trail': True, 'don_upper': 1939.11, 'don_lower': 1892.95, 'atr': 3.1135753919621996, 'exit_reason': 'sl', 'signal_time': Timestamp('2023-07-12 02:00:00+0000', tz='UTC')}"
2023-07-12 13:00:00+00:00,2023-07-12 18:00:00+00:00,1,1943.355,1958.4147640660897,1958.5897640660896,,0.63,948.7651361636484,1.918470112378001,"{'trail_atr_mult': 4.0, 'trail_atr_len': 14, 'tp_converts_to_trail': True, 'don_upper': 1941.01, 'don_lower': 1892.95, 'atr': 3.847441016522412, 'exit_reason': 'sl', 'signal_time': Timestamp('2023-07-12 12:00:00+0000', tz='UTC')}"
2023-07-13 03:00:00+00:00,2023-07-13 13:00:00+00:00,1,1960.315,1952.9890885916516,1953.1640885916515,1974.151822816697,0.7,-512.8137985843931,-1.0244724049854184,"{'trail_atr_mult': 4.0, 'trail_atr_len': 14, 'tp_converts_to_trail': True, 'don_upper': 1959.92, 'don_lower': 1892.95, 'atr': 3.4979557041742426, 'exit_reason': 'sl', 'signal_time': Timestamp('2023-07-13 02:00:00+0000', tz='UTC')}"
2023-07-18 15:00:00+00:00,2023-07-19 07:00:00+00:00,1,1982.975,1972.8293300821679,1973.0043300821678,2002.3913398356642,0.5,-487.2834958916019,-0.9774338131886561,"{'trail_atr_mult': 4.0, 'trail_atr_len': 14, 'tp_converts_to_trail': True, 'don_upper': 1972.21, 'don_lower': 1902.59, 'atr': 4.89783495891605, 'exit_reason': 'sl', 'signal_time': Timestamp('2023-07-18 14:00:00+0000', tz='UTC')}"
2023-07-27 14:00:00+00:00,2023-07-28 12:00:00+00:00,-1,1945.175,1957.5453298458522,1957.3703298458522,1921.1293403082952,0.4,-502.8131938340885,-1.0307494758026159,"{'trail_atr_mult': 4.0, 'trail_atr_len': 14, 'tp_converts_to_trail': True, 'don_upper': 1987.43, 'don_lower': 1945.77, 'atr': 6.0401649229261665, 'exit_reason': 'sl', 'signal_time': Timestamp('2023-07-27 13:00:00+0000', tz='UTC')}"
2023-08-09 15:00:00+00:00,2023-08-10 13:00:00+00:00,-1,1917.195,1924.8263646727717,1924.6513646727717,1902.8170001367728,0.66,-543.2700684029338,-1.1002291984244055,"{'trail_atr_mult': 4.0, 'trail_atr_len': 14, 'tp_converts_to_trail': True, 'don_upper': 1982.23, 'don_lower': 1921.54, 'atr': 3.6432499658068065, 'exit_reason': 'sl', 'signal_time': Timestamp('2023-08-09 14:00:00+0000', tz='UTC')}"
2023-08-16 19:00:00+00:00,2023-08-17 13:00:00+00:00,-1,1894.835,1900.6469612138824,1900.4719612138824,1882.0287937818503,0.73,-468.07316861341087,-0.9641172550400933,"{'trail_atr_mult': 4.0, 'trail_atr_len': 14, 'tp_converts_to_trail': True, 'don_upper': 1954.84, 'don_lower': 1896.35, 'atr': 3.2428015545374245, 'exit_reason': 'sl', 'signal_time': Timestamp('2023-08-16 18:00:00+0000', tz='UTC')}"
2023-08-17 16:00:00+00:00,2023-08-18 14:00:00+00:00,-1,1889.315,1895.6085697529822,1895.4335697529823,1874.766450031857,0.64,-415.5884641908604,-0.8598733101394984,"{'trail_atr_mult': 4.0, 'trail_atr_len': 14, 'tp_converts_to_trail': True, 'don_upper': 1946.95, 'don_lower': 1889.62, 'atr': 3.6833874920357843, 'exit_reason': 'sl', 'signal_time': Timestamp('2023-08-17 15:00:00+0000', tz='UTC')}"
2023-08-29 15:00:00+00:00,2023-08-30 15:00:00+00:00,1,1934.335,1947.265,1948.588620582604,,0.65,866.4500000000041,1.7966629614652658,"{'trail_atr_mult': 4.0, 'trail_atr_len': 14, 'tp_converts_to_trail': True, 'don_upper': 1926.07, 'don_lower': 1884.81, 'atr': 3.612155145650975, 'exit_reason': 'sl_gap', 'signal_time': Timestamp('2023-08-29 14:00:00+0000', tz='UTC')}"
2023-09-14 13:00:00+00:00,2023-09-14 15:00:00+00:00,-1,1904.315,1910.4051884544656,1910.2301884544656,1892.9796230910686,0.83,-505.4856417206392,-1.0295848562302086,"{'trail_atr_mult': 4.0, 'trail_atr_len': 14, 'tp_converts_to_trail': True, 'don_upper': 1953.02, 'don_lower': 1905.21, 'atr': 2.875094227232858, 'exit_reason': 'sl', 'signal_time': Timestamp('2023-09-14 12:00:00+0000', tz='UTC')}"
2023-09-26 19:00:00+00:00,2023-09-27 15:00:00+00:00,-1,1899.775,1888.0942209788263,1887.9192209788264,,0.79,906.9815426727262,1.868193871421123,"{'trail_atr_mult': 4.0, 'trail_atr_len': 14, 'tp_converts_to_trail': True, 'don_upper': 1947.42, 'don_lower': 1900.61, 'atr': 3.0001947552933945, 'exit_reason': 'sl', 'signal_time': Timestamp('2023-09-26 18:00:00+0000', tz='UTC')}"
2023-09-27 15:00:00+00:00,2023-09-29 08:00:00+00:00,-1,1883.4550000000002,1871.148536277426,1870.973536277426,,0.76,874.4912429156323,1.7734359635373058,"{'trail_atr_mult': 4.0, 'trail_atr_len': 14, 'tp_converts_to_trail': True, 'don_upper': 1947.42, 'don_lower': 1884.44, 'atr': 3.1616159306434244, 'exit_reason': 'sl', 'signal_time': Timestamp('2023-09-27 14:00:00+0000', tz='UTC')}"
2023-09-29 16:00:00+00:00,2023-10-02 11:00:00+00:00,-1,1854.605,1835.3715872838102,1835.1965872838102,,0.49,913.0372230933019,1.8667562486527176,"{'trail_atr_mult': 4.0, 'trail_atr_len': 14, 'tp_converts_to_trail': True, 'don_upper': 1947.42, 'don_lower': 1857.66, 'atr': 4.898353179047424, 'exit_reason': 'sl', 'signal_time': Timestamp('2023-09-29 15:00:00+0000', tz='UTC')}"
2023-10-02 15:00:00+00:00,2023-10-03 15:00:00+00:00,-1,1828.7150000000001,1831.8107409780855,1831.6357409780856,1808.8851826752368,0.49,-161.49130792618263,-0.3238290892520897,"{'trail_atr_mult': 4.0, 'trail_atr_len': 14, 'tp_converts_to_trail': True, 'don_upper': 1947.42, 'don_lower': 1831.1, 'atr': 5.001204331190793, 'exit_reason': 'sl', 'signal_time': Timestamp('2023-10-02 14:00:00+0000', tz='UTC')}"
2023-10-13 10:00:00+00:00,2023-10-16 07:00:00+00:00,1,1887.7849999999999,1913.4321442630808,1913.6071442630807,,0.76,2040.3829639941496,4.092137465492971,"{'trail_atr_mult': 4.0, 'trail_atr_len': 14, 'tp_converts_to_trail': True, 'don_upper': 1885.12, 'don_lower': 1810.47, 'atr': 3.187832648825956, 'exit_reason': 'sl', 'signal_time': Timestamp('2023-10-13 09:00:00+0000', tz='UTC')}"
2023-10-18 02:00:00+00:00,2023-10-18 15:00:00+00:00,1,1939.2749999999999,1956.9650000000001,1957.726271703481,,0.53,937.5700000000149,1.8527176691537923,"{'trail_atr_mult': 4.0, 'trail_atr_len': 14, 'tp_converts_to_trail': True, 'don_upper': 1932.41, 'don_lower': 1810.47, 'atr': 4.666567925870253, 'exit_reason': 'sl_gap', 'signal_time': Timestamp('2023-10-18 01:00:00+0000', tz='UTC')}"
2023-10-19 18:00:00+00:00,2023-10-20 17:00:00+00:00,1,1972.915,1991.435,1996.5824437744511,,0.42,794.6399999999992,1.562187546077108,"{'trail_atr_mult': 4.0, 'trail_atr_len': 14, 'tp_converts_to_trail': True, 'don_upper': 1962.67, 'don_lower': 1810.47, 'atr': 5.963110943612749, 'exit_reason': 'sl_gap', 'signal_time': Timestamp('2023-10-19 17:00:00+0000', tz='UTC')}"
2023-11-08 15:00:00+00:00,2023-11-09 14:00:00+00:00,-1,1955.2350000000001,1957.7851995868673,1957.6101995868673,1939.6507427919873,0.64,-201.6127735594986,-0.3911042633673054,"{'trail_atr_mult': 4.0, 'trail_atr_len': 14, 'tp_converts_to_trail': True, 'don_upper': 2009.47, 'don_lower': 1956.71, 'atr': 3.9398143020032137, 'exit_reason': 'sl', 'signal_time': Timestamp('2023-11-08 14:00:00+0000', tz='UTC')}"
2023-11-10 14:00:00+00:00,2023-11-13 17:00:00+00:00,-1,1942.4650000000001,1946.8650075345042,1946.6900075345043,1926.5574674498841,0.63,-315.0004746737573,-0.6096628699534191,"{'trail_atr_mult': 4.0, 'trail_atr_len': 14, 'tp_converts_to_trail': True, 'don_upper': 2009.47, 'don_lower': 1943.11, 'atr': 4.0181331375290075, 'exit_reason': 'sl', 'signal_time': Timestamp('2023-11-10 13:00:00+0000', tz='UTC')}"
2023-11-21 13:00:00+00:00,2023-11-22 15:00:00+00:00,1,1997.7649999999999,1992.890511375564,1993.065511375564,2015.544230874548,0.56,-250.5713629684047,-0.4849282156328801,"{'trail_atr_mult': 4.0, 'trail_atr_len': 14, 'tp_converts_to_trail': True, 'don_upper': 1994.3, 'don_lower': 1931.6, 'atr': 4.501057718637012, 'exit_reason': 'sl', 'signal_time': Timestamp('2023-11-21 12:00:00+0000', tz='UTC')}"
2023-11-27 01:00:00+00:00,2023-11-28 15:00:00+00:00,1,2012.155,2025.885,2027.4271599350805,,0.65,918.4500000000013,1.7855382845638146,"{'trail_atr_mult': 4.0, 'trail_atr_len': 14, 'tp_converts_to_trail': True, 'don_upper': 2007.53, 'don_lower': 1931.6, 'atr': 3.864289983770078, 'exit_reason': 'sl_gap', 'signal_time': Timestamp('2023-11-27 00:00:00+0000', tz='UTC')}"
2023-11-28 15:00:00+00:00,2023-11-29 01:00:00+00:00,1,2030.975,2046.789758115669,2046.964758115669,,0.63,1021.5297612871511,1.981667923358237,"{'trail_atr_mult': 4.0, 'trail_atr_len': 14, 'tp_converts_to_trail': True, 'don_upper': 2028.42, 'don_lower': 1931.6, 'atr': 4.028689528917282, 'exit_reason': 'sl', 'signal_time': Timestamp('2023-11-28 14:00:00+0000', tz='UTC')}"
2023-12-01 18:00:00+00:00,2023-12-04 00:00:00+00:00,1,2071.965,2101.9633729263956,2102.1383729263957,,0.41,1279.1332899822116,2.4573384054686556,"{'trail_atr_mult': 4.0, 'trail_atr_len': 14, 'tp_converts_to_trail': True, 'don_upper': 2067.68, 'don_lower': 1965.4, 'atr': 6.260500921843802, 'exit_reason': 'sl', 'signal_time': Timestamp('2023-12-01 17:00:00+0000', tz='UTC')}"
2023-12-11 14:00:00+00:00,2023-12-12 13:00:00+00:00,-1,1986.505,1990.4085096873243,1990.2335096873244,1967.3078285831825,0.52,-213.38250374086002,-0.40745454920497626,"{'trail_atr_mult': 4.0, 'trail_atr_len': 14, 'tp_converts_to_trail': True, 'don_upper': 2144.77, 'don_lower': 1990.14, 'atr': 4.87804285420435, 'exit_reason': 'sl', 'signal_time': Timestamp('2023-12-11 13:00:00+0000', tz='UTC')}"
2023-12-22 10:00:00+00:00,2023-12-26 14:00:00+00:00,1,2055.905,2055.949893544269,2056.124893544269,2071.7662983702567,0.64,105.27318683319609,0.20076450545467395,"{'trail_atr_mult': 4.0, 'trail_atr_len': 14, 'tp_converts_to_trail': True, 'don_upper': 2055.09, 'don_lower': 1973.0, 'atr': 4.009074592564206, 'exit_reason': 'sl', 'signal_time': Timestamp('2023-12-22 09:00:00+0000', tz='UTC')}"
2023-12-28 01:00:00+00:00,2023-12-28 08:00:00+00:00,1,2087.1850000000004,2078.1231878666867,2078.298187866687,2104.373624266625,0.59,-534.6469158655054,-1.0196921007640265,"{'trail_atr_mult': 4.0, 'trail_atr_len': 14, 'tp_converts_to_trail': True, 'don_upper': 2084.51, 'don_lower': 1973.0, 'atr': 4.345906066656331, 'exit_reason': 'sl', 'signal_time': Timestamp('2023-12-28 00:00:00+0000', tz='UTC')}"
2024-01-17 14:00:00+00:00,2024-01-18 18:00:00+00:00,-1,2012.115,2018.1291627915223,2017.9541627915223,1989.5600244792026,0.43,-284.4090000354575,-0.572407598231332,"{'trail_atr_mult': 4.0, 'trail_atr_len': 14, 'tp_converts_to_trail': True, 'don_upper': 2070.79, 'don_lower': 2013.16, 'atr': 5.684993880199354, 'exit_reason': 'sl', 'signal_time': Timestamp('2024-01-17 13:00:00+0000', tz='UTC')}"
2024-01-31 14:00:00+00:00,2024-01-31 19:00:00+00:00,1,2051.855,2042.726913171626,2042.901913171626,2069.2361736567477,0.55,-502.0447755605744,-1.0195463311542274,"{'trail_atr_mult': 4.0, 'trail_atr_len': 14, 'tp_converts_to_trail': True, 'don_upper': 2048.64, 'don_lower': 2001.68, 'atr': 4.389043414186929, 'exit_reason': 'sl', 'signal_time': Timestamp('2024-01-31 13:00:00+0000', tz='UTC')}"
2024-02-13 15:00:00+00:00,2024-02-15 08:00:00+00:00,-1,1991.9750000000001,1996.084592705004,1995.9095927050041,1971.2449949068744,0.46,-225.84126443018096,-0.4626234654326699,"{'trail_atr_mult': 4.0, 'trail_atr_len': 14, 'tp_converts_to_trail': True, 'don_upper': 2065.54, 'don_lower': 1992.42, 'atr': 5.223751273281438, 'exit_reason': 'sl', 'signal_time': Timestamp('2024-02-13 14:00:00+0000', tz='UTC')}"
2024-02-23 18:00:00+00:00,2024-02-26 00:00:00+00:00,1,2040.7549999999999,2032.0473085377914,2032.2223085377914,2057.235382924417,0.58,-435.4461048080906,-0.8798737766928765,"{'trail_atr_mult': 4.0, 'trail_atr_len': 14, 'tp_converts_to_trail': True, 'don_upper': 2039.87, 'don_lower': 1984.03, 'atr': 4.168845731104255, 'exit_reason': 'sl', 'signal_time': Timestamp('2024-02-23 17:00:00+0000', tz='UTC')}"
2024-02-29 13:00:00+00:00,2024-03-01 08:00:00+00:00,1,2047.685,2039.6860260405901,2039.86102604059,2062.8379479188197,0.62,-471.1363854834073,-0.9712422355739772,"{'trail_atr_mult': 4.0, 'trail_atr_len': 14, 'tp_converts_to_trail': True, 'don_upper': 2041.39, 'don_lower': 1984.03, 'atr': 3.8294869797049085, 'exit_reason': 'sl', 'signal_time': Timestamp('2024-02-29 12:00:00+0000', tz='UTC')}"
2024-03-01 10:00:00+00:00,2024-03-01 14:00:00+00:00,1,2055.025,2046.8211306953713,2046.9961306953712,2070.5577386092573,0.61,-500.4360275823583,-1.021796344336937,"{'trail_atr_mult': 4.0, 'trail_atr_len': 14, 'tp_converts_to_trail': True, 'don_upper': 2050.78, 'don_lower': 1995.19, 'atr': 3.9269346523143884, 'exit_reason': 'sl', 'signal_time': Timestamp('2024-03-01 09:00:00+0000', tz='UTC')}"
2024-03-01 16:00:00+00:00,2024-03-06 08:00:00+00:00,1,2081.2250000000004,2124.3606171823244,2124.5356171823246,,0.37,1670.0178357459895,3.4358360678801003,"{'trail_atr_mult': 4.0, 'trail_atr_len': 14, 'tp_converts_to_trail': True, 'don_upper': 2071.04, 'don_lower': 1995.19, 'atr': 6.480860115354943, 'exit_reason': 'sl', 'signal_time': Timestamp('2024-03-01 15:00:00+0000', tz='UTC')}"
2024-03-06 14:00:00+00:00,2024-03-06 15:00:00+00:00,1,2144.895,2133.750574657865,2133.925574657865,2166.7588506842694,0.45,-501.49914039607665,-1.0159534337070497,"{'trail_atr_mult': 4.0, 'trail_atr_len': 14, 'tp_converts_to_trail': True, 'don_upper': 2141.81, 'don_lower': 2015.92, 'atr': 5.472212671067436, 'exit_reason': 'sl', 'signal_time': Timestamp('2024-03-06 13:00:00+0000', tz='UTC')}"
2024-03-07 04:00:00+00:00,2024-03-08 14:00:00+00:00,1,2158.375,2171.015,2182.619361138016,,0.4,521.599999999995,1.0723965918344738,"{'trail_atr_mult': 4.0, 'trail_atr_len': 14, 'tp_converts_to_trail': True, 'don_upper': 2152.55, 'don_lower': 2015.92, 'atr': 6.067340284503972, 'exit_reason': 'sl_gap', 'signal_time': Timestamp('2024-03-07 03:00:00+0000', tz='UTC')}"
2024-03-20 22:00:00+00:00,2024-03-21 14:00:00+00:00,1,2201.0150000000003,2185.5168182134694,2185.6918182134696,2232.53221073874,0.31,-443.24363538245944,-0.8941334233165827,"{'trail_atr_mult': 4.0, 'trail_atr_len': 14, 'tp_converts_to_trail': True, 'don_upper': 2195.22, 'don_lower': 2123.59, 'atr': 7.918052684684943, 'exit_reason': 'sl', 'signal_time': Timestamp('2024-03-20 21:00:00+0000', tz='UTC')}"
2024-03-31 22:00:00+00:00,2024-04-01 05:00:00+00:00,1,2242.1150000000002,2262.5884290947815,2262.7634290947817,,0.2,417.46858189562596,0.8633691337119207,"{'trail_atr_mult': 4.0, 'trail_atr_len': 14, 'tp_converts_to_trail': True, 'don_upper': 2225.46, 'don_lower': 2146.08, 'atr': 7.47085727369542, 'exit_reason': 'sl', 'signal_time': Timestamp('2024-03-28 19:00:00+0000', tz='UTC')}"
2024-04-02 20:00:00+00:00,2024-04-04 13:00:00+00:00,1,2277.5950000000003,2284.0167021695675,2284.1917021695676,2309.847361200817,0.3,240.6510650870159,0.49081368913721524,"{'trail_atr_mult': 4.0, 'trail_atr_len': 14, 'tp_converts_to_trail': True, 'don_upper': 2277.0, 'don_lower': 2146.08, 'atr': 8.099340300204291, 'exit_reason': 'sl', 'signal_time': Timestamp('2024-04-02 19:00:00+0000', tz='UTC')}"
2024-04-09 08:00:00+00:00,2024-04-09 16:00:00+00:00,1,2354.1150000000002,2340.0508011981733,2340.2258011981735,2381.3683976036536,0.35,-492.2469580639426,-1.0125997188532694,"{'trail_atr_mult': 4.0, 'trail_atr_len': 14, 'tp_converts_to_trail': True, 'don_upper': 2353.84, 'don_lower': 2157.09, 'atr': 6.857099400913382, 'exit_reason': 'sl', 'signal_time': Timestamp('2024-04-09 07:00:00+0000', tz='UTC')}"
2024-04-12 02:00:00+00:00,2024-04-12 16:00:00+00:00,1,2390.835,2423.924285353473,2424.099285353473,,0.29,959.589275250713,1.9499105540292156,"{'trail_atr_mult': 4.0, 'trail_atr_len': 14, 'tp_converts_to_trail': True, 'don_upper': 2379.37, 'don_lower': 2175.71, 'atr': 8.372321338368195, 'exit_reason': 'sl', 'signal_time': Timestamp('2024-04-12 01:00:00+0000', tz='UTC')}"
2024-04-23 02:00:00+00:00,2024-04-23 14:00:00+00:00,-1,2298.6349999999998,2318.270039082771,2318.0950390827707,2259.309921834459,0.25,-490.8759770692768,-1.0089927876946105,"{'trail_atr_mult': 4.0, 'trail_atr_len': 14, 'tp_converts_to_trail': True, 'don_upper': 2431.44, 'don_lower': 2318.62, 'atr': 9.797519541385245, 'exit_reason': 'sl', 'signal_time': Timestamp('2024-04-23 01:00:00+0000', tz='UTC')}"
2024-04-30 19:00:00+00:00,2024-05-01 14:00:00+00:00,-1,2289.915,2303.146252492726,2302.971252492726,2263.0132949912054,0.36,-483.52508973813855,-0.9794288076835149,"{'trail_atr_mult': 4.0, 'trail_atr_len': 14, 'tp_converts_to_trail': True, 'don_upper': 2417.83, 'don_lower': 2291.39, 'atr': 6.769176252198719, 'exit_reason': 'sl', 'signal_time': Timestamp('2024-04-30 18:00:00+0000', tz='UTC')}"
2024-05-10 06:00:00+00:00,2024-05-13 05:00:00+00:00,1,2357.255,2354.5471336187684,2354.7221336187686,2379.013467348338,0.44,-66.34612077419587,-0.135334986935429,"{'trail_atr_mult': 4.0, 'trail_atr_len': 14, 'tp_converts_to_trail': True, 'don_upper': 2355.79, 'don_lower': 2277.38, 'atr': 5.48336683708458, 'exit_reason': 'sl', 'signal_time': Timestamp('2024-05-10 05:00:00+0000', tz='UTC')}"
2024-05-15 18:00:00+00:00,2024-05-16 14:00:00+00:00,1,2389.405,2373.4697108938344,2373.6447108938346,2423.345736750699,0.28,-412.58809497264195,-0.8550688594154018,"{'trail_atr_mult': 4.0, 'trail_atr_len': 14, 'tp_converts_to_trail': True, 'don_upper': 2386.62, 'don_lower': 2277.38, 'atr': 8.528934187674691, 'exit_reason': 'sl', 'signal_time': Timestamp('2024-05-15 17:00:00+0000', tz='UTC')}"
2024-05-17 14:00:00+00:00,2024-05-20 00:00:00+00:00,1,2401.985,2417.5049999999997,2423.3677763350015,,0.44,735.6799999999791,1.501721568284109,"{'trail_atr_mult': 4.0, 'trail_atr_len': 14, 'tp_converts_to_trail': True, 'don_upper': 2397.25, 'don_lower': 2277.38, 'atr': 5.419444083750372, 'exit_reason': 'sl_gap', 'signal_time': Timestamp('2024-05-17 13:00:00+0000', tz='UTC')}"
2024-05-20 01:00:00+00:00,2024-05-20 13:00:00+00:00,1,2425.625,2417.8237757748293,2417.9987757748295,2454.6204874557734,0.33,-257.4403994306331,-0.5290671601729303,"{'trail_atr_mult': 4.0, 'trail_atr_len': 14, 'tp_converts_to_trail': True, 'don_upper': 2425.35, 'don_lower': 2277.38, 'atr': 7.290121863943385, 'exit_reason': 'sl', 'signal_time': Timestamp('2024-05-20 00:00:00+0000', tz='UTC')}"
2024-05-30 06:00:00+00:00,2024-05-30 08:00:00+00:00,-1,2324.8849999999998,2336.767940822598,2336.592940822598,2301.964118354804,0.42,-499.08351454913094,-1.0149471203050842,"{'trail_atr_mult': 4.0, 'trail_atr_len': 14, 'tp_converts_to_trail': True, 'don_upper': 2450.07, 'don_lower': 2325.46, 'atr': 5.771470411298987, 'exit_reason': 'sl', 'signal_time': Timestamp('2024-05-30 05:00:00+0000', tz='UTC')}"
2024-06-07 04:00:00+00:00,2024-06-07 09:00:00+00:00,1,2380.2850000000003,2368.1355286170315,2368.3105286170317,2403.9189427659358,0.41,-498.1283267017225,-1.014614423835785,"{'trail_atr_mult': 4.0, 'trail_atr_len': 14, 'tp_converts_to_trail': True, 'don_upper': 2380.04, 'don_lower': 2314.77, 'atr': 5.934735691483987, 'exit_reason': 'sl', 'signal_time': Timestamp('2024-06-07 03:00:00+0000', tz='UTC')}"
2024-06-07 14:00:00+00:00,2024-06-10 23:00:00+00:00,-1,2309.375,2312.2050000000004,2310.5810724297176,2267.420271864258,0.23,-78.89000000000878,-0.1624063483068737,"{'trail_atr_mult': 4.0, 'trail_atr_len': 14, 'tp_converts_to_trail': True, 'don_upper': 2387.69, 'don_lower': 2313.31, 'atr': 10.512432033935392, 'exit_reason': 'sl_gap', 'signal_time': Timestamp('2024-06-07 13:00:00+0000', tz='UTC')}"
2024-07-05 19:00:00+00:00,2024-07-08 09:00:00+00:00,1,2391.215,2375.6059127678277,2375.780912767828,2421.588174464345,0.32,-461.09079142951816,-0.9335885572900474,"{'trail_atr_mult': 5.0, 'trail_atr_len': 14, 'tp_converts_to_trail': True, 'don_upper': 2389.93, 'don_lower': 2293.67, 'atr': 6.1076348928689, 'exit_reason': 'sl', 'signal_time': Timestamp('2024-07-05 18:00:00+0000', tz='UTC')}"
2024-07-11 13:00:00+00:00,2024-07-12 13:00:00+00:00,1,2407.2450000000003,2397.6622686373416,2397.837268637342,2435.229566007724,0.32,-293.84740360507857,-0.6005795739768879,"{'trail_atr_mult': 5.0, 'trail_atr_len': 14, 'tp_converts_to_trail': True, 'don_upper': 2392.91, 'don_lower': 2293.67, 'atr': 5.769913201544757, 'exit_reason': 'sl', 'signal_time': Timestamp('2024-07-11 12:00:00+0000', tz='UTC')}"
2024-07-16 10:00:00+00:00,2024-07-16 23:00:00+00:00,1,2442.665,2468.4849999999997,2469.645425325874,,0.36,929.5199999999895,1.8774477903244973,"{'trail_atr_mult': 5.0, 'trail_atr_len': 14, 'tp_converts_to_trail': True, 'don_upper': 2439.67, 'don_lower': 2296.54, 'atr': 5.431085065174867, 'exit_reason': 'sl_gap', 'signal_time': Timestamp('2024-07-16 09:00:00+0000', tz='UTC')}"
2024-07-17 02:00:00+00:00,2024-07-17 07:00:00+00:00,1,2479.6850000000004,2462.3217663434316,2462.496766343432,2513.416467313136,0.29,-503.5337760404954,-1.0101813835846538,"{'trail_atr_mult': 5.0, 'trail_atr_len': 14, 'tp_converts_to_trail': True, 'don_upper': 2473.28, 'don_lower': 2318.5, 'atr': 6.789293462627244, 'exit_reason': 'sl', 'signal_time': Timestamp('2024-07-17 01:00:00+0000', tz='UTC')}"
2024-07-17 14:00:00+00:00,2024-07-17 15:00:00+00:00,1,2483.0150000000003,2463.810086304635,2463.9850863046354,2520.639827390729,0.26,-499.32775607949316,-1.0091960480116524,"{'trail_atr_mult': 5.0, 'trail_atr_len': 14, 'tp_converts_to_trail': True, 'don_upper': 2482.36, 'don_lower': 2318.5, 'atr': 7.5539654781458, 'exit_reason': 'sl', 'signal_time': Timestamp('2024-07-17 13:00:00+0000', tz='UTC')}"
2024-08-16 14:00:00+00:00,2024-08-20 15:00:00+00:00,1,2494.3450000000003,2529.665,2531.4183455475154,,0.26,959.9199999999925,1.9576680506036193,"{'trail_atr_mult': 5.0, 'trail_atr_len': 14, 'tp_converts_to_trail': True, 'don_upper': 2492.27, 'don_lower': 2364.06, 'atr': 7.457669109503101, 'exit_reason': 'sl_gap', 'signal_time': Timestamp('2024-08-16 13:00:00+0000', tz='UTC')}"
2024-09-12 14:00:00+00:00,2024-09-13 15:00:00+00:00,1,2545.485,2577.0449999999996,2581.2458838348343,,0.27,862.9199999999863,1.7644842094517603,"{'trail_atr_mult': 5.0, 'trail_atr_len': 14, 'tp_converts_to_trail': True, 'don_upper': 2535.14, 'don_lower': 2471.77, 'atr': 7.183176766966859, 'exit_reason': 'sl_gap', 'signal_time': Timestamp('2024-09-12 13:00:00+0000', tz='UTC')}"
2024-09-13 17:00:00+00:00,2024-09-17 13:00:00+00:00,1,2584.375,2568.1830782413485,2568.3580782413487,2615.913843517303,0.31,-452.34957451819525,-0.9110315938685204,"{'trail_atr_mult': 5.0, 'trail_atr_len': 14, 'tp_converts_to_trail': True, 'don_upper': 2583.3, 'don_lower': 2471.77, 'atr': 6.340768703460616, 'exit_reason': 'sl', 'signal_time': Timestamp('2024-09-13 16:00:00+0000', tz='UTC')}"
2024-09-20 07:00:00+00:00,2024-09-24 05:00:00+00:00,1,2605.525,2633.725,2635.4309661744373,,0.33,983.399999999994,1.958531308482184,"{'trail_atr_mult': 5.0, 'trail_atr_len': 14, 'tp_converts_to_trail': True, 'don_upper': 2600.04, 'don_lower': 2471.77, 'atr': 6.016193234887511, 'exit_reason': 'sl_gap', 'signal_time': Timestamp('2024-09-20 06:00:00+0000', tz='UTC')}"
2024-09-24 05:00:00+00:00,2024-09-24 06:00:00+00:00,1,2638.1850000000004,2625.969087604811,2626.1440876048114,2661.7118247903772,0.42,-513.0683205979467,-1.014533782346104,"{'trail_atr_mult': 5.0, 'trail_atr_len': 14, 'tp_converts_to_trail': True, 'don_upper': 2635.99, 'don_lower': 2485.02, 'atr': 4.742364958075431, 'exit_reason': 'sl', 'signal_time': Timestamp('2024-09-24 04:00:00+0000', tz='UTC')}"
2024-09-24 19:00:00+00:00,2024-09-26 14:00:00+00:00,1,2657.3650000000002,2655.9921502789475,2656.1671502789477,2690.7820624223004,0.29,6.587358089471216,0.013384589075414408,"{'trail_atr_mult': 5.0, 'trail_atr_len': 14, 'tp_converts_to_trail': True, 'don_upper': 2655.06, 'don_lower': 2485.02, 'atr': 6.718412484460089, 'exit_reason': 'sl', 'signal_time': Timestamp('2024-09-24 18:00:00+0000', tz='UTC')}"
2024-10-16 07:00:00+00:00,2024-10-18 03:00:00+00:00,1,2677.3450000000003,2704.355,2704.705445835437,,0.36,1029.9599999999914,2.0630640062360066,"{'trail_atr_mult': 5.0, 'trail_atr_len': 14, 'tp_converts_to_trail': True, 'don_upper': 2674.2, 'don_lower': 2604.77, 'atr': 5.497089167087395, 'exit_reason': 'sl_gap', 'signal_time': Timestamp('2024-10-16 06:00:00+0000', tz='UTC')}"
2024-10-18 03:00:00+00:00,2024-10-21 14:00:00+00:00,1,2708.295,2738.2010142572453,2738.3760142572455,,0.33,1026.4984704890935,2.044698592083036,"{'trail_atr_mult': 5.0, 'trail_atr_len': 14, 'tp_converts_to_trail': True, 'don_upper': 2706.74, 'don_lower': 2604.77, 'atr': 6.039202851449146, 'exit_reason': 'sl', 'signal_time': Timestamp('2024-10-18 02:00:00+0000', tz='UTC')}"
2024-10-22 17:00:00+00:00,2024-10-23 14:00:00+00:00,1,2745.605,2732.119360808328,2732.2943608083283,2778.6111959782515,0.3,-392.5691757501572,-0.7756476207960508,"{'trail_atr_mult': 5.0, 'trail_atr_len': 14, 'tp_converts_to_trail': True, 'don_upper': 2744.19, 'don_lower': 2604.77, 'atr': 6.650239195650289, 'exit_reason': 'sl', 'signal_time': Timestamp('2024-10-22 16:00:00+0000', tz='UTC')}"
2024-10-29 13:00:00+00:00,2024-10-31 13:00:00+00:00,1,2759.945,2764.183165986076,2764.358165986076,2791.9246501548873,0.32,186.8213115544233,0.36392268314550197,"{'trail_atr_mult': 5.0, 'trail_atr_len': 14, 'tp_converts_to_trail': True, 'don_upper': 2758.47, 'don_lower': 2611.74, 'atr': 6.402930030977451, 'exit_reason': 'sl', 'signal_time': Timestamp('2024-10-29 12:00:00+0000', tz='UTC')}"
2024-11-06 11:00:00+00:00,2024-11-07 14:00:00+00:00,-1,2698.285,2690.5270328200254,2690.352032820025,2638.4429775515073,0.16,114.52747487959134,0.22667209132007607,"{'trail_atr_mult': 5.0, 'trail_atr_len': 14, 'tp_converts_to_trail': True, 'don_upper': 2790.09, 'don_lower': 2701.5, 'atr': 12.189404489698546, 'exit_reason': 'sl', 'signal_time': Timestamp('2024-11-06 10:00:00+0000', tz='UTC')}"
2024-11-11 13:00:00+00:00,2024-11-12 10:00:00+00:00,-1,2635.365,2594.2951708245528,2594.1201708245526,,0.24,980.8759002107282,1.9639594868667731,"{'trail_atr_mult': 5.0, 'trail_atr_len': 14, 'tp_converts_to_trail': True, 'don_upper': 2790.09, 'don_lower': 2643.33, 'atr': 8.273965835089394, 'exit_reason': 'sl', 'signal_time': Timestamp('2024-11-11 12:00:00+0000', tz='UTC')}"
2024-11-13 16:00:00+00:00,2024-11-14 10:00:00+00:00,-1,2585.555,2543.7050000000004,2543.4934560999486,,0.24,989.9999999999869,1.925026903531958,"{'trail_atr_mult': 5.0, 'trail_atr_len': 14, 'tp_converts_to_trail': True, 'don_upper': 2790.09, 'don_lower': 2589.81, 'atr': 8.465308780010298, 'exit_reason': 'sl_gap', 'signal_time': Timestamp('2024-11-13 15:00:00+0000', tz='UTC')}"
2024-12-12 00:00:00+00:00,2024-12-12 01:00:00+00:00,1,2724.485,2706.6793213525175,2706.8543213525177,2758.6513572949643,0.29,-516.3646807769965,-1.0099258799674835,"{'trail_atr_mult': 5.0, 'trail_atr_len': 14, 'tp_converts_to_trail': True, 'don_upper': 2721.31, 'don_lower': 2604.86, 'atr': 6.906271458992842, 'exit_reason': 'sl', 'signal_time': Timestamp('2024-12-11 23:00:00+0000', tz='UTC')}"
2024-12-18 19:00:00+00:00,2024-12-19 07:00:00+00:00,-1,2604.285,2622.1264008447793,2621.951400844779,2569.3271983104414,0.29,-534.8006244986026,-1.0438685845979323,"{'trail_atr_mult': 5.0, 'trail_atr_len': 14, 'tp_converts_to_trail': True, 'don_upper': 2726.15, 'don_lower': 2612.32, 'atr': 7.016560337911692, 'exit_reason': 'sl', 'signal_time': Timestamp('2024-12-18 18:00:00+0000', tz='UTC')}"
2025-01-16 09:00:00+00:00,2025-01-17 20:00:00+00:00,1,2705.445,2701.8749494391086,2702.049949439109,2732.17134079369,0.36,-114.12182019209612,-0.23137922956101883,"{'trail_atr_mult': 5.0, 'trail_atr_len': 14, 'tp_converts_to_trail': True, 'don_upper': 2703.27, 'don_lower': 2596.09, 'atr': 5.3902681587380386, 'exit_reason': 'sl', 'signal_time': Timestamp('2025-01-16 08:00:00+0000', tz='UTC')}"
2025-01-21 15:00:00+00:00,2025-01-23 09:00:00+00:00,1,2739.0150000000003,2740.996470360791,2741.1714703607913,2774.0299243913773,0.28,100.28117010214265,0.20188714729398827,"{'trail_atr_mult': 5.0, 'trail_atr_len': 14, 'tp_converts_to_trail': True, 'don_upper': 2738.48, 'don_lower': 2614.45, 'atr': 7.033984878275446, 'exit_reason': 'sl', 'signal_time': Timestamp('2025-01-21 14:00:00+0000', tz='UTC')}"
2025-01-24 02:00:00+00:00,2025-01-27 02:00:00+00:00,1,2774.4550000000004,2759.0185371277935,2759.1935371277937,2804.362925744412,0.32,-455.5668119106209,-0.9328373689611048,"{'trail_atr_mult': 5.0, 'trail_atr_len': 14, 'tp_converts_to_trail': True, 'don_upper': 2763.45, 'don_lower': 2632.98, 'atr': 6.022585148882445, 'exit_reason': 'sl', 'signal_time': Timestamp('2025-01-24 01:00:00+0000', tz='UTC')}"
2025-01-30 14:00:00+00:00,2025-01-31 16:00:00+00:00,1,2788.165,2809.245,2813.8660070833616,,0.36,773.2799999999974,1.5715535875079145,"{'trail_atr_mult': 5.0, 'trail_atr_len': 14, 'tp_converts_to_trail': True, 'don_upper': 2786.01, 'don_lower': 2656.84, 'atr': 5.249201416672385, 'exit_reason': 'sl_gap', 'signal_time': Timestamp('2025-01-30 13:00:00+0000', tz='UTC')}"
2025-02-03 14:00:00+00:00,2025-02-04 07:00:00+00:00,1,2829.5550000000003,2808.0068863565275,2808.1818863565277,2872.1662272869457,0.23,-486.40661379987415,-0.989472755174886,"{'trail_atr_mult': 5.0, 'trail_atr_len': 14, 'tp_converts_to_trail': True, 'don_upper': 2817.23, 'don_lower': 2676.79, 'atr': 8.53124545738908, 'exit_reason': 'sl', 'signal_time': Timestamp('2025-02-03 13:00:00+0000', tz='UTC')}"
2025-02-04 13:00:00+00:00,2025-02-05 10:00:00+00:00,1,2832.0350000000003,2870.345,2870.525371299272,,0.25,967.7499999999873,1.958741877813145,"{'trail_atr_mult': 5.0, 'trail_atr_len': 14, 'tp_converts_to_trail': True, 'don_upper': 2830.4, 'don_lower': 2689.26, 'atr': 7.767074259854397, 'exit_reason': 'sl_gap', 'signal_time': Timestamp('2025-02-04 12:00:00+0000', tz='UTC')}"
2025-02-05 15:00:00+00:00,2025-02-05 20:00:00+00:00,1,2880.425,2860.4216585379727,2860.596658537973,2919.466682924054,0.25,-500.0835365506873,-1.0088257507737255,"{'trail_atr_mult': 5.0, 'trail_atr_len': 14, 'tp_converts_to_trail': True, 'don_upper': 2877.17, 'don_lower': 2689.26, 'atr': 7.849336584810841, 'exit_reason': 'sl', 'signal_time': Timestamp('2025-02-05 14:00:00+0000', tz='UTC')}"
2025-02-10 08:00:00+00:00,2025-02-11 02:00:00+00:00,1,2896.965,2933.785,2935.320537536352,,0.25,930.4999999999927,1.89846925538792,"{'trail_atr_mult': 5.0, 'trail_atr_len': 14, 'tp_converts_to_trail': True, 'don_upper': 2896.51, 'don_lower': 2730.48, 'atr': 7.728107507270418, 'exit_reason': 'sl_gap', 'signal_time': Timestamp('2025-02-10 07:00:00+0000', tz='UTC')}"
2025-02-19 09:00:00+00:00,2025-02-19 15:00:00+00:00,1,2945.7250000000004,2929.251227992033,2929.426227992033,2977.797544015934,0.31,-510.6869322469911,-1.0107370052120883,"{'trail_atr_mult': 5.0, 'trail_atr_len': 14, 'tp_converts_to_trail': True, 'don_upper': 2942.58, 'don_lower': 2772.17, 'atr': 6.4495088031867605, 'exit_reason': 'sl', 'signal_time': Timestamp('2025-02-19 08:00:00+0000', tz='UTC')}"
2025-02-20 06:00:00+00:00,2025-02-20 14:00:00+00:00,1,2947.895,2931.2150319470543,2931.3900319470545,2980.469936105891,0.3,-500.3990415883709,-1.0106028681448402,"{'trail_atr_mult': 5.0, 'trail_atr_len': 14, 'tp_converts_to_trail': True, 'don_upper': 2947.05, 'don_lower': 2772.17, 'atr': 6.543987221178169, 'exit_reason': 'sl', 'signal_time': Timestamp('2025-02-20 05:00:00+0000', tz='UTC')}"
2025-02-28 08:00:00+00:00,2025-03-02 23:00:00+00:00,-1,2855.7749999999996,2876.762728948715,2876.587728948715,2814.6145421025694,0.24,-513.3054947691685,-1.0276273237121878,"{'trail_atr_mult': 5.0, 'trail_atr_len': 14, 'tp_converts_to_trail': True, 'don_upper': 2956.18, 'don_lower': 2856.98, 'atr': 8.263091579486058, 'exit_reason': 'sl', 'signal_time': Timestamp('2025-02-28 07:00:00+0000', tz='UTC')}"
2025-03-13 14:00:00+00:00,2025-03-18 05:00:00+00:00,1,2970.3250000000003,3008.408202690185,3008.5832026901853,,0.25,1002.0800672546216,2.0201596631764858,"{'trail_atr_mult': 5.0, 'trail_atr_len': 14, 'tp_converts_to_trail': True, 'don_upper': 2956.18, 'don_lower': 2832.57, 'atr': 7.7466405380370755, 'exit_reason': 'sl', 'signal_time': Timestamp('2025-03-13 13:00:00+0000', tz='UTC')}"
2025-03-18 08:00:00+00:00,2025-03-21 05:00:00+00:00,1,3027.0950000000003,3028.2535159122585,3028.4285159122587,3057.9880389881987,0.3,94.75547736774843,0.1931339211988728,"{'trail_atr_mult': 5.0, 'trail_atr_len': 14, 'tp_converts_to_trail': True, 'don_upper': 3018.87, 'don_lower': 2832.57, 'atr': 6.299607797639753, 'exit_reason': 'sl', 'signal_time': Timestamp('2025-03-18 07:00:00+0000', tz='UTC')}"
2025-03-27 14:00:00+00:00,2025-04-01 17:00:00+00:00,1,3058.3450000000003,3105.8228251662363,3105.9978251662365,,0.23,1137.9899788234284,2.283029583671818,"{'trail_atr_mult': 5.0, 'trail_atr_len': 14, 'tp_converts_to_trail': True, 'don_upper': 3057.26, 'don_lower': 2880.26, 'atr': 8.386801406709644, 'exit_reason': 'sl', 'signal_time': Timestamp('2025-03-27 13:00:00+0000', tz='UTC')}"
2025-04-10 23:00:00+00:00,2025-04-16 03:00:00+00:00,1,3188.9550000000004,3270.4649999999997,3270.8676204176704,,0.12,1006.9199999999917,2.0349805068952613,"{'trail_atr_mult': 5.0, 'trail_atr_len': 14, 'tp_converts_to_trail': True, 'don_upper': 3176.45, 'don_lower': 2956.26, 'atr': 16.419524083534057, 'exit_reason': 'sl_gap', 'signal_time': Timestamp('2025-04-10 22:00:00+0000', tz='UTC')}"
2025-04-16 04:00:00+00:00,2025-04-16 21:00:00+00:00,1,3281.565,3335.4904085268195,3335.6654085268196,,0.18,970.6573534827493,1.9798074024638326,"{'trail_atr_mult': 5.0, 'trail_atr_len': 14, 'tp_converts_to_trail': True, 'don_upper': 3275.35, 'don_lower': 2956.26, 'atr': 10.845081705363908, 'exit_reason': 'sl', 'signal_time': Timestamp('2025-04-16 03:00:00+0000', tz='UTC')}"
2025-04-16 22:00:00+00:00,2025-04-17 14:00:00+00:00,1,3343.3650000000002,3311.854646684012,3312.0296466840123,3404.490706631975,0.16,-484.9656530558103,-0.9672893428178824,"{'trail_atr_mult': 5.0, 'trail_atr_len': 14, 'tp_converts_to_trail': True, 'don_upper': 3342.47, 'don_lower': 2956.26, 'atr': 12.328141326395063, 'exit_reason': 'sl', 'signal_time': Timestamp('2025-04-16 20:00:00+0000', tz='UTC')}"
2025-04-21 01:00:00+00:00,2025-04-22 01:00:00+00:00,1,3368.5550000000003,3434.1749999999997,3442.4017835677373,,0.14,924.2799999999922,1.8008290793692245,"{'trail_atr_mult': 5.0, 'trail_atr_len': 14, 'tp_converts_to_trail': True, 'don_upper': 3357.65, 'don_lower': 2956.26, 'atr': 14.734356713547417, 'exit_reason': 'sl_gap', 'signal_time': Timestamp('2025-04-21 00:00:00+0000', tz='UTC')}"
2025-04-22 02:00:00+00:00,2025-04-22 14:00:00+00:00,1,3453.235,3413.78118518973,3413.95618518973,3530.937629620539,0.13,-512.8995925335121,-1.0044553279126545,"{'trail_atr_mult': 5.0, 'trail_atr_len': 14, 'tp_converts_to_trail': True, 'don_upper': 3444.21, 'don_lower': 2956.26, 'atr': 15.597525924107904, 'exit_reason': 'sl', 'signal_time': Timestamp('2025-04-22 01:00:00+0000', tz='UTC')}"
2025-05-14 13:00:00+00:00,2025-05-15 14:00:00+00:00,-1,3184.185,3192.0296058922813,3191.854605892281,3118.6081058283003,0.15,-126.66908838422067,-0.2512830800664162,"{'trail_atr_mult': 5.0, 'trail_atr_len': 14, 'tp_converts_to_trail': True, 'don_upper': 3437.85, 'don_lower': 3201.91, 'atr': 13.224378834339976, 'exit_reason': 'sl', 'signal_time': Timestamp('2025-05-14 12:00:00+0000', tz='UTC')}"
2025-06-02 14:00:00+00:00,2025-06-03 14:00:00+00:00,1,3374.1850000000004,3344.842071561429,3345.017071561429,3431.9212460393665,0.15,-434.14392657857337,-0.8545142031119917,"{'trail_atr_mult': 5.0, 'trail_atr_len': 14, 'tp_converts_to_trail': True, 'don_upper': 3365.87, 'don_lower': 3120.78, 'atr': 12.214249207873296, 'exit_reason': 'sl', 'signal_time': Timestamp('2025-06-02 13:00:00+0000', tz='UTC')}"
2025-06-05 11:00:00+00:00,2025-06-05 14:00:00+00:00,1,3399.775,3375.6035589508374,3375.7785589508376,3448.232882098324,0.21,-507.6002620324166,-1.0072927481055067,"{'trail_atr_mult': 5.0, 'trail_atr_len': 14, 'tp_converts_to_trail': True, 'don_upper': 3392.24, 'don_lower': 3204.57, 'atr': 9.660576419664816, 'exit_reason': 'sl', 'signal_time': Timestamp('2025-06-05 10:00:00+0000', tz='UTC')}"
2025-06-13 01:00:00+00:00,2025-06-16 14:00:00+00:00,1,3415.9350000000004,3398.82178329686,3398.99678329686,3477.7474906345547,0.16,-254.61146725024884,-0.5252104183359073,"{'trail_atr_mult': 5.0, 'trail_atr_len': 14, 'tp_converts_to_trail': True, 'don_upper': 3403.33, 'don_lower': 3245.52, 'atr': 12.281498126910938, 'exit_reason': 'sl', 'signal_time': Timestamp('2025-06-13 00:00:00+0000', tz='UTC')}"
2025-06-27 04:00:00+00:00,2025-06-30 00:00:00+00:00,-1,3294.1549999999997,3263.945,3249.00007095107,,0.22,651.4199999999908,1.2955609696222803,"{'trail_atr_mult': 5.0, 'trail_atr_len': 14, 'tp_converts_to_trail': True, 'don_upper': 3451.23, 'don_lower': 3295.5, 'atr': 9.067985809786036, 'exit_reason': 'sl_gap', 'signal_time': Timestamp('2025-06-27 03:00:00+0000', tz='UTC')}"
2025-07-13 23:00:00+00:00,2025-07-14 15:00:00+00:00,1,3369.7850000000003,3343.985348724834,3344.160348724834,3419.219302550331,0.19,-482.593374228164,-0.9912193927018288,"{'trail_atr_mult': 4.0, 'trail_atr_len': 14, 'tp_converts_to_trail': True, 'don_upper': 3368.75, 'don_lower': 3248.48, 'atr': 8.339883758388583, 'exit_reason': 'sl', 'signal_time': Timestamp('2025-07-13 22:00:00+0000', tz='UTC')}"
2025-07-21 13:00:00+00:00,2025-07-22 17:00:00+00:00,1,3387.585,3426.4849999999997,3428.279358951177,,0.23,903.8999999999918,1.8781649700224747,"{'trail_atr_mult': 4.0, 'trail_atr_len': 14, 'tp_converts_to_trail': True, 'don_upper': 3377.48, 'don_lower': 3282.77, 'atr': 6.846559825196231, 'exit_reason': 'sl_gap', 'signal_time': Timestamp('2025-07-21 12:00:00+0000', tz='UTC')}"
2025-07-22 17:00:00+00:00,2025-07-23 14:00:00+00:00,1,3432.4350000000004,3411.3023263488894,3411.4773263488896,3479.8377331318384,0.2,-414.6534730222193,-0.8619268587980674,"{'trail_atr_mult': 4.0, 'trail_atr_len': 14, 'tp_converts_to_trail': True, 'don_upper': 3430.55, 'don_lower': 3282.77, 'atr': 7.93962218863973, 'exit_reason': 'sl', 'signal_time': Timestamp('2025-07-22 16:00:00+0000', tz='UTC')}"
2025-07-30 16:00:00+00:00,2025-07-31 06:00:00+00:00,-1,3290.2349999999997,3301.4431133075295,3301.2681133075293,3238.248924547574,0.19,-224.35415284306728,-0.45025247645264976,"{'trail_atr_mult': 4.0, 'trail_atr_len': 14, 'tp_converts_to_trail': True, 'don_upper': 3438.77, 'don_lower': 3298.49, 'atr': 8.690179242070974, 'exit_reason': 'sl', 'signal_time': Timestamp('2025-07-30 15:00:00+0000', tz='UTC')}"
2025-08-28 19:00:00+00:00,2025-09-02 08:00:00+00:00,1,3420.125,3474.7256375606703,3474.9006375606705,,0.25,1415.0159390167573,2.852922654059742,"{'trail_atr_mult': 4.0, 'trail_atr_len': 14, 'tp_converts_to_trail': True, 'don_upper': 3418.74, 'don_lower': 3311.55, 'atr': 6.568175846194839, 'exit_reason': 'sl', 'signal_time': Timestamp('2025-08-28 18:00:00+0000', tz='UTC')}"
2025-09-02 15:00:00+00:00,2025-09-04 03:00:00+00:00,1,3511.545,3541.4846640951005,3541.6596640951007,3579.7169596895938,0.14,441.55529733140554,0.9075253538912127,"{'trail_atr_mult': 4.0, 'trail_atr_len': 14, 'tp_converts_to_trail': True, 'don_upper': 3508.69, 'don_lower': 3311.55, 'atr': 11.43615994826562, 'exit_reason': 'sl', 'signal_time': Timestamp('2025-09-02 14:00:00+0000', tz='UTC')}"
2025-09-08 08:00:00+00:00,2025-09-09 16:00:00+00:00,1,3609.6850000000004,3645.1549999999997,3669.6120574457314,,0.16,573.9199999999895,1.1843744958518445,"{'trail_atr_mult': 4.0, 'trail_atr_len': 14, 'tp_converts_to_trail': True, 'don_upper': 3600.0, 'don_lower': 3317.17, 'atr': 10.023676240955265, 'exit_reason': 'sl_gap', 'signal_time': Timestamp('2025-09-08 07:00:00+0000', tz='UTC')}"
2025-09-15 16:00:00+00:00,2025-09-17 03:00:00+00:00,1,3680.7250000000004,3675.1481809618067,3675.323180961807,3735.4553056780337,0.18,-85.98274268748591,-0.17261876069426035,"{'trail_atr_mult': 4.0, 'trail_atr_len': 14, 'tp_converts_to_trail': True, 'don_upper': 3674.12, 'don_lower': 3374.43, 'atr': 9.155884279672307, 'exit_reason': 'sl', 'signal_time': Timestamp('2025-09-15 15:00:00+0000', tz='UTC')}"
2025-09-22 07:00:00+00:00,2025-09-23 15:00:00+00:00,1,3714.565,3771.330895932483,3771.5058959324833,,0.17,971.8202308522125,1.980254917991872,"{'trail_atr_mult': 4.0, 'trail_atr_len': 14, 'tp_converts_to_trail': True, 'don_upper': 3707.42, 'don_lower': 3511.45, 'atr': 9.534315988747158, 'exit_reason': 'sl', 'signal_time': Timestamp('2025-09-22 06:00:00+0000', tz='UTC')}"
2025-09-29 03:00:00+00:00,2025-09-30 07:00:00+00:00,1,3793.085,3869.705,3870.2260727958733,,0.13,1001.2599999999987,1.9787767637799831,"{'trail_atr_mult': 4.0, 'trail_atr_len': 14, 'tp_converts_to_trail': True, 'don_upper': 3791.18, 'don_lower': 3613.51, 'atr': 12.89601213264554, 'exit_reason': 'sl_gap', 'signal_time': Timestamp('2025-09-29 02:00:00+0000', tz='UTC')}"
2025-10-01 08:00:00+00:00,2025-10-02 15:00:00+00:00,1,3879.405,3853.572801832268,3853.747801832268,3955.216047424293,0.13,-320.21857618051934,-0.6446021742033031,"{'trail_atr_mult': 4.0, 'trail_atr_len': 14, 'tp_converts_to_trail': True, 'don_upper': 3875.58, 'don_lower': 3626.69, 'atr': 12.669341237382156, 'exit_reason': 'sl', 'signal_time': Timestamp('2025-10-01 07:00:00+0000', tz='UTC')}"
2025-10-06 00:00:00+00:00,2025-10-07 15:00:00+00:00,1,3909.7450000000003,3978.805,3983.282980664937,,0.13,902.9799999999935,1.8726667323797765,"{'trail_atr_mult': 4.0, 'trail_atr_len': 14, 'tp_converts_to_trail': True, 'don_upper': 3903.98, 'don_lower': 3627.78, 'atr': 12.292163444156094, 'exit_reason': 'sl_gap', 'signal_time': Timestamp('2025-10-05 23:00:00+0000', tz='UTC')}"
2025-10-08 00:00:00+00:00,2025-10-09 00:00:00+00:00,1,3994.5150000000003,4006.9379096428115,4007.1129096428117,4065.4308710560326,0.14,190.7207349993567,0.3815360166135404,"{'trail_atr_mult': 4.0, 'trail_atr_len': 14, 'tp_converts_to_trail': True, 'don_upper': 3990.99, 'don_lower': 3632.16, 'atr': 11.846811842672146, 'exit_reason': 'sl', 'signal_time': Timestamp('2025-10-07 23:00:00+0000', tz='UTC')}"
2025-10-13 06:00:00+00:00,2025-10-14 07:00:00+00:00,1,4064.085,4106.8060718183515,4106.981071818352,4186.003157730803,0.08,344.96857454681157,0.7002267985463813,"{'trail_atr_mult': 4.0, 'trail_atr_len': 14, 'tp_converts_to_trail': True, 'don_upper': 4060.29, 'don_lower': 3717.48, 'atr': 20.3888596218004, 'exit_reason': 'sl', 'signal_time': Timestamp('2025-10-13 05:00:00+0000', tz='UTC')}"
2025-10-15 04:00:00+00:00,2025-10-16 19:00:00+00:00,1,4187.295,4293.455,4298.553644985385,,0.09,966.2399999999986,1.915712145407131,"{'trail_atr_mult': 4.0, 'trail_atr_len': 14, 'tp_converts_to_trail': True, 'don_upper': 4186.78, 'don_lower': 3734.55, 'atr': 18.588940830897467, 'exit_reason': 'sl_gap', 'signal_time': Timestamp('2025-10-15 03:00:00+0000', tz='UTC')}"
2025-10-16 23:00:00+00:00,2025-10-17 02:00:00+00:00,1,4346.965,4289.660241775305,4289.835241775305,4476.017330871224,0.08,-455.23806579756354,-0.877095079601618,"{'trail_atr_mult': 4.0, 'trail_atr_len': 14, 'tp_converts_to_trail': True, 'don_upper': 4330.39, 'don_lower': 3793.21, 'atr': 21.547888478537384, 'exit_reason': 'sl', 'signal_time': Timestamp('2025-10-16 22:00:00+0000', tz='UTC')}"
2025-10-28 06:00:00+00:00,2025-10-29 00:00:00+00:00,-1,3942.455,3971.342150422586,3971.167150422586,3802.979237009322,0.07,-203.61005295810395,-0.41472862629997226,"{'trail_atr_mult': 4.0, 'trail_atr_len': 14, 'tp_converts_to_trail': True, 'don_upper': 4381.53, 'don_lower': 3944.81, 'atr': 23.290127165112953, 'exit_reason': 'sl', 'signal_time': Timestamp('2025-10-28 05:00:00+0000', tz='UTC')}"
2025-11-12 15:00:00+00:00,2025-11-13 18:00:00+00:00,1,4181.615,4181.56351210526,4181.73851210526,4274.240912191182,0.11,12.63363315786337,0.024683018427776232,"{'trail_atr_mult': 4.0, 'trail_atr_len': 14, 'tp_converts_to_trail': True, 'don_upper': 4148.7, 'don_lower': 3886.62, 'atr': 15.461818698530383, 'exit_reason': 'sl', 'signal_time': Timestamp('2025-11-12 14:00:00+0000', tz='UTC')}"
2025-12-01 01:00:00+00:00,2025-12-02 01:00:00+00:00,1,4255.225,4209.014682230869,4209.189682230869,4346.920635538264,0.11,-503.9134954604466,-0.9951124482049152,"{'trail_atr_mult': 4.0, 'trail_atr_len': 14, 'tp_converts_to_trail': True, 'don_upper': 4245.39, 'don_lower': 3998.36, 'atr': 15.303439256377201, 'exit_reason': 'sl', 'signal_time': Timestamp('2025-12-01 00:00:00+0000', tz='UTC')}"
2025-12-11 16:00:00+00:00,2025-12-12 15:00:00+00:00,1,4273.765,4294.910889040763,4295.0858890407635,4369.309865681241,0.1,215.45889040762995,0.44826628827730514,"{'trail_atr_mult': 4.0, 'trail_atr_len': 14, 'tp_converts_to_trail': True, 'don_upper': 4264.63, 'don_lower': 4068.49, 'atr': 15.956644280206838, 'exit_reason': 'sl', 'signal_time': Timestamp('2025-12-11 15:00:00+0000', tz='UTC')}"
2025-12-22 04:00:00+00:00,2025-12-23 14:00:00+00:00,1,4398.6050000000005,4468.721276576885,4468.896276576886,,0.14,987.2278720763895,1.9881583860820382,"{'trail_atr_mult': 4.0, 'trail_atr_len': 14, 'tp_converts_to_trail': True, 'don_upper': 4394.95, 'don_lower': 4170.27, 'atr': 11.751046096147505, 'exit_reason': 'sl', 'signal_time': Timestamp('2025-12-22 03:00:00+0000', tz='UTC')}"
2025-12-24 00:00:00+00:00,2025-12-24 14:00:00+00:00,1,4512.185,4466.540332280278,4466.715332280278,4602.569335439445,0.11,-502.0913449169503,-1.0038487195701298,"{'trail_atr_mult': 4.0, 'trail_atr_len': 14, 'tp_converts_to_trail': True, 'don_upper': 4499.94, 'don_lower': 4170.27, 'atr': 15.094889239907488, 'exit_reason': 'sl', 'signal_time': Timestamp('2025-12-23 23:00:00+0000', tz='UTC')}"
2025-12-26 15:00:00+00:00,2025-12-29 00:00:00+00:00,1,4546.8150000000005,4497.362878299475,4497.537878299475,4644.844243401052,0.1,-482.5212170052582,-0.9791992721038151,"{'trail_atr_mult': 4.0, 'trail_atr_len': 14, 'tp_converts_to_trail': True, 'don_upper': 4533.48, 'don_lower': 4170.27, 'atr': 16.36737390017529, 'exit_reason': 'sl', 'signal_time': Timestamp('2025-12-26 14:00:00+0000', tz='UTC')}"
2026-01-12 00:00:00+00:00,2026-01-13 20:00:00+00:00,1,4589.085,4570.082032082017,4570.257032082017,4709.645580061606,0.08,-148.82374334386697,-0.30726974935443974,"{'trail_atr_mult': 4.0, 'trail_atr_len': 14, 'tp_converts_to_trail': True, 'don_upper': 4549.92, 'don_lower': 4274.49, 'atr': 20.122596676934354, 'exit_reason': 'sl', 'signal_time': Timestamp('2026-01-11 23:00:00+0000', tz='UTC')}"
2026-01-18 23:00:00+00:00,2026-01-21 02:00:00+00:00,1,4672.695000000001,4818.819293357657,4818.994293357658,,0.06,883.9457601459409,2.0068108619978897,"{'trail_atr_mult': 4.0, 'trail_atr_len': 14, 'tp_converts_to_trail': True, 'don_upper': 4642.91, 'don_lower': 4274.49, 'atr': 24.412382226276204, 'exit_reason': 'sl', 'signal_time': Timestamp('2026-01-18 22:00:00+0000', tz='UTC')}"
2026-01-21 03:00:00+00:00,2026-01-21 17:00:00+00:00,1,4845.125,4806.949870411982,4807.124870411983,4962.568511002524,0.08,-305.401036704141,-0.6472088062076309,"{'trail_atr_mult': 4.0, 'trail_atr_len': 14, 'tp_converts_to_trail': True, 'don_upper': 4844.13, 'don_lower': 4309.97, 'atr': 19.603085167087404, 'exit_reason': 'sl', 'signal_time': Timestamp('2026-01-21 02:00:00+0000', tz='UTC')}"
2026-01-22 17:00:00+00:00,2026-01-26 04:00:00+00:00,1,4904.695000000001,5058.104054566263,5058.279054566263,,0.06,930.0543273975724,2.0116800405080975,"{'trail_atr_mult': 4.0, 'trail_atr_len': 14, 'tp_converts_to_trail': True, 'don_upper': 4888.43, 'don_lower': 4407.73, 'atr': 25.626509094377088, 'exit_reason': 'sl', 'signal_time': Timestamp('2026-01-22 16:00:00+0000', tz='UTC')}"
2026-01-27 20:00:00+00:00,2026-01-29 15:00:00+00:00,1,5176.885,5406.877531967744,5407.0525319677445,,0.05,1157.9626598387204,2.536303698448287,"{'trail_atr_mult': 4.0, 'trail_atr_len': 14, 'tp_converts_to_trail': True, 'don_upper': 5111.03, 'don_lower': 4444.65, 'atr': 30.375347127518765, 'exit_reason': 'sl', 'signal_time': Timestamp('2026-01-27 19:00:00+0000', tz='UTC')}"
2026-02-22 23:00:00+00:00,2026-02-24 01:00:00+00:00,1,5165.5650000000005,5157.471961969067,5157.646961969067,5320.466704591228,0.06,-43.75822818560227,-0.09384536653613568,"{'trail_atr_mult': 4.0, 'trail_atr_len': 14, 'tp_converts_to_trail': True, 'don_upper': 5119.13, 'don_lower': 4655.27, 'atr': 25.84611743187133, 'exit_reason': 'sl', 'signal_time': Timestamp('2026-02-22 22:00:00+0000', tz='UTC')}"
2026-02-27 20:00:00+00:00,2026-03-02 00:00:00+00:00,1,5263.585,5386.8949999999995,5388.067437076727,,0.08,996.079999999996,1.9920414802773052,"{'trail_atr_mult': 4.0, 'trail_atr_len': 14, 'tp_converts_to_trail': True, 'don_upper': 5257.98, 'don_lower': 4841.48, 'atr': 20.776239512787985, 'exit_reason': 'sl_gap', 'signal_time': Timestamp('2026-02-27 19:00:00+0000', tz='UTC')}"
2026-03-02 07:00:00+00:00,2026-03-02 14:00:00+00:00,1,5408.295,5319.961770910546,5320.136770910546,5584.0864581789065,0.05,-441.66614544727054,-1.00198506709819,"{'trail_atr_mult': 4.0, 'trail_atr_len': 14, 'tp_converts_to_trail': True, 'don_upper': 5393.5, 'don_lower': 4841.48, 'atr': 29.327743029817785, 'exit_reason': 'sl', 'signal_time': Timestamp('2026-03-02 06:00:00+0000', tz='UTC')}"
2026-03-18 11:00:00+00:00,2026-03-18 22:00:00+00:00,-1,4930.035,4829.545,4807.643855086278,,0.08,803.9199999999984,1.6350984660401722,"{'trail_atr_mult': 4.0, 'trail_atr_len': 14, 'tp_converts_to_trail': True, 'don_upper': 5419.26, 'don_lower': 4958.88, 'atr': 20.42769081895377, 'exit_reason': 'sl_gap', 'signal_time': Timestamp('2026-03-18 10:00:00+0000', tz='UTC')}"
2026-03-19 06:00:00+00:00,2026-03-19 13:00:00+00:00,-1,4763.375,4586.608268382631,4586.433268382631,,0.05,883.8336580868463,1.991437909174857,"{'trail_atr_mult': 4.0, 'trail_atr_len': 14, 'tp_converts_to_trail': True, 'don_upper': 5419.26, 'don_lower': 4805.23, 'atr': 29.522788602894842, 'exit_reason': 'sl', 'signal_time': Timestamp('2026-03-19 05:00:00+0000', tz='UTC')}"
2026-03-20 18:00:00+00:00,2026-03-23 07:00:00+00:00,-1,4499.505,4220.415,4205.506347298349,,0.03,835.4700000000004,1.8913141077586226,"{'trail_atr_mult': 4.0, 'trail_atr_len': 14, 'tp_converts_to_trail': True, 'don_upper': 5238.55, 'don_lower': 4502.57, 'atr': 49.027275450275134, 'exit_reason': 'sl_gap', 'signal_time': Timestamp('2026-03-20 17:00:00+0000', tz='UTC')}"
2026-04-17 14:00:00+00:00,2026-04-19 23:00:00+00:00,1,4880.515,4770.485,4817.355564065346,5006.188871869309,0.08,-873.8400000000053,-1.7294327978643007,"{'trail_atr_mult': 4.0, 'trail_atr_len': 14, 'tp_converts_to_trail': True, 'don_upper': 4871.42, 'don_lower': 4419.53, 'atr': 20.98147864488481, 'exit_reason': 'sl_gap', 'signal_time': Timestamp('2026-04-17 13:00:00+0000', tz='UTC')}"
2026-04-28 12:00:00+00:00,2026-04-30 07:00:00+00:00,-1,4562.375,4586.839517083888,4586.664517083887,4447.955840007433,0.09,-227.38065375498826,-0.43959635853655216,"{'trail_atr_mult': 4.0, 'trail_atr_len': 14, 'tp_converts_to_trail': True, 'don_upper': 4889.64, 'don_lower': 4585.32, 'atr': 19.099026665427864, 'exit_reason': 'sl', 'signal_time': Timestamp('2026-04-28 11:00:00+0000', tz='UTC')}"
2026-05-27 11:00:00+00:00,2026-05-28 15:00:00+00:00,-1,4445.585,4443.425059838907,4443.250059838907,4330.686471573964,0.09,14.039461449836017,0.027029847074766685,"{'trail_atr_mult': 4.0, 'trail_atr_len': 14, 'tp_converts_to_trail': True, 'don_upper': 4773.42, 'don_lower': 4453.52, 'atr': 19.1789214043394, 'exit_reason': 'sl', 'signal_time': Timestamp('2026-05-27 10:00:00+0000', tz='UTC')}"
2026-06-05 14:00:00+00:00,2026-06-09 04:00:00+00:00,-1,4365.755,4341.953466288133,4341.778466288133,4235.669433663138,0.07,161.0107359830676,0.3522155114547551,"{'trail_atr_mult': 4.0, 'trail_atr_len': 14, 'tp_converts_to_trail': True, 'don_upper': 4595.18, 'don_lower': 4366.52, 'atr': 21.710094389477074, 'exit_reason': 'sl', 'signal_time': Timestamp('2026-06-05 13:00:00+0000', tz='UTC')}"
2026-06-09 17:00:00+00:00,2026-06-10 17:00:00+00:00,-1,4251.8949999999995,4129.085,4112.948014850419,,0.07,858.2699999999965,1.7532998672779903,"{'trail_atr_mult': 4.0, 'trail_atr_len': 14, 'tp_converts_to_trail': True, 'don_upper': 4595.18, 'don_lower': 4263.08, 'atr': 23.208664191596853, 'exit_reason': 'sl_gap', 'signal_time': Timestamp('2026-06-09 16:00:00+0000', tz='UTC')}"
2026-06-10 22:00:00+00:00,2026-06-11 18:00:00+00:00,-1,4067.585,4132.147253774922,4131.972253774922,3912.1674684194018,0.05,-325.8112688746114,-0.6489536135418176,"{'trail_atr_mult': 4.0, 'trail_atr_len': 14, 'tp_converts_to_trail': True, 'don_upper': 4595.18, 'don_lower': 4096.9, 'atr': 28.42542193009967, 'exit_reason': 'sl', 'signal_time': Timestamp('2026-06-10 19:00:00+0000', tz='UTC')}"
2026-06-24 13:00:00+00:00,2026-06-26 10:00:00+00:00,-1,3987.605,4046.337080410253,4046.1620804102527,3851.851334726821,0.07,-416.7245628717698,-0.8736815889841094,"{'trail_atr_mult': 4.0, 'trail_atr_len': 14, 'tp_converts_to_trail': True, 'don_upper': 4483.46, 'don_lower': 4023.74, 'atr': 22.6547775455299, 'exit_reason': 'sl', 'signal_time': Timestamp('2026-06-24 12:00:00+0000', tz='UTC')}"
2026-08-05 07:00:00+00:00,2026-08-06 02:00:00+00:00,1,4177.6050000000005,4291.535963897374,4291.710963897374,,0.08,921.0477111789894,2.0087236464389657,"{'trail_atr_mult': 4.0, 'trail_atr_len': 14, 'tp_converts_to_trail': True, 'don_upper': 4172.73, 'don_lower': 3959.56, 'atr': 19.046827316229056, 'exit_reason': 'sl', 'signal_time': Timestamp('2026-08-05 06:00:00+0000', tz='UTC')}"
2026-08-07 09:00:00+00:00,2026-08-11 03:00:00+00:00,1,4306.175,4425.592488171355,4425.767488171356,,0.08,968.1399053708417,2.015488707677404,"{'trail_atr_mult': 4.0, 'trail_atr_len': 14, 'tp_converts_to_trail': True, 'don_upper': 4304.08, 'don_lower': 3995.92, 'atr': 19.95958136189261, 'exit_reason': 'sl', 'signal_time': Timestamp('2026-08-07 08:00:00+0000', tz='UTC')}"
2026-08-19 14:00:00+00:00,2026-08-20 13:00:00+00:00,1,4459.665,4457.165754181265,4457.340754181265,4586.211842867715,0.08,-10.393966549882316,-0.020526532978794785,"{'trail_atr_mult': 4.0, 'trail_atr_len': 14, 'tp_converts_to_trail': True, 'don_upper': 4449.63, 'don_lower': 4017.16, 'atr': 21.093640477952505, 'exit_reason': 'sl', 'signal_time': Timestamp('2026-08-19 13:00:00+0000', tz='UTC')}"
2026-08-21 06:00:00+00:00,2026-08-24 15:00:00+00:00,1,4553.745,4664.505,4672.770763060349,,0.08,895.6800000000018,1.872541989776388,"{'trail_atr_mult': 4.0, 'trail_atr_len': 14, 'tp_converts_to_trail': True, 'don_upper': 4547.93, 'don_lower': 4017.16, 'atr': 19.868460510058032, 'exit_reason': 'sl_gap', 'signal_time': Timestamp('2026-08-21 05:00:00+0000', tz='UTC')}"
2026-08-25 01:00:00+00:00,2026-08-25 14:00:00+00:00,1,4684.265,4611.233011927242,4611.408011927242,4830.083976145515,0.07,-511.2239165093088,-1.0024019658872725,"{'trail_atr_mult': 4.0, 'trail_atr_len': 14, 'tp_converts_to_trail': True, 'don_upper': 4682.8, 'don_lower': 4150.13, 'atr': 24.297329357585948, 'exit_reason': 'sl', 'signal_time': Timestamp('2026-08-25 00:00:00+0000', tz='UTC')}"
