entry_time,exit_time,direction,entry,exit,sl,tp,lots,pnl,r_multiple,meta
2017-01-04 15:00:00+00:00,2017-01-04 19:00:00+00:00,1,1165.5349999999999,1160.5160785585063,1160.6910785585062,1174.937842882988,0.61,-306.1542079311098,-1.0361277535388749,"{'trail_atr_mult': 3.0, 'trail_atr_len': 14, 'tp_converts_to_trail': True, 'rsi': np.float64(65.61984088853461), 'atr': 3.165947627662605, 'exit_reason': 'sl', 'signal_time': Timestamp('2017-01-04 14:00:00+0000', tz='UTC')}"
2017-01-03 17:00:00+00:00,2017-01-05 06:00:00+00:00,1,1162.115,1174.3106959699733,1174.4856959699732,,0.46,634.6020146187699,2.1445704922874618,"{'trail_atr_mult': 3.0, 'trail_atr_len': 14, 'tp_converts_to_trail': True, 'rsi': np.float64(65.48206749072625), 'atr': 4.178565323324392, 'exit_reason': 'sl', 'signal_time': Timestamp('2017-01-03 16:00:00+0000', tz='UTC')}"
2017-01-04 09:00:00+00:00,2017-01-05 06:00:00+00:00,1,1165.5449999999998,1174.7702295853849,1174.9452295853848,,0.6,625.5137751231014,2.0881301719179812,"{'trail_atr_mult': 3.0, 'trail_atr_len': 14, 'tp_converts_to_trail': True, 'rsi': np.float64(67.9526607734332), 'atr': 3.1984098617949734, 'exit_reason': 'sl', 'signal_time': Timestamp('2017-01-04 08:00:00+0000', tz='UTC')}"
2017-01-05 00:00:00+00:00,2017-01-05 16:00:00+00:00,1,1171.865,1181.2150000000001,1181.5805196298968,,0.58,542.3000000000079,1.8207452664387236,"{'trail_atr_mult': 3.0, 'trail_atr_len': 14, 'tp_converts_to_trail': True, 'rsi': np.float64(72.86912177305884), 'atr': 3.3001732099655485, 'exit_reason': 'sl_gap', 'signal_time': Timestamp('2017-01-04 23:00:00+0000', tz='UTC')}"
2017-01-05 13:00:00+00:00,2017-01-06 04:00:00+00:00,1,1175.745,1175.62167634851,1175.79667634851,1186.0123171901691,0.56,15.49387551656255,0.05127283485738911,"{'trail_atr_mult': 3.0, 'trail_atr_len': 14, 'tp_converts_to_trail': True, 'rsi': np.float64(65.02355850653421), 'atr': 3.4807723967230597, 'exit_reason': 'sl', 'signal_time': Timestamp('2017-01-05 12:00:00+0000', tz='UTC')}"
2017-01-10 03:00:00+00:00,2017-01-10 12:00:00+00:00,1,1186.155,1181.4792194352485,1181.6542194352485,1194.6015611295034,0.67,-313.27729783834707,-1.0388821444374543,"{'trail_atr_mult': 3.0, 'trail_atr_len': 14, 'tp_converts_to_trail': True, 'rsi': np.float64(65.37428425551946), 'atr': 2.8771870431677478, 'exit_reason': 'sl', 'signal_time': Timestamp('2017-01-10 02:00:00+0000', tz='UTC')}"
2017-01-09 16:00:00+00:00,2017-01-11 14:00:00+00:00,1,1183.2649999999999,1183.2893414082664,1183.4643414082664,1191.914667347222,0.66,54.40653294559143,0.17969946529257638,"{'trail_atr_mult': 3.0, 'trail_atr_len': 14, 'tp_converts_to_trail': True, 'rsi': np.float64(65.36813697432302), 'atr': 2.9415557824073546, 'exit_reason': 'sl', 'signal_time': Timestamp('2017-01-09 15:00:00+0000', tz='UTC')}"
2017-01-09 18:00:00+00:00,2017-01-11 14:00:00+00:00,1,1183.445,1183.2893414082664,1183.4643414082664,1192.2216264371455,0.66,42.52653294558723,0.1408146219017727,"{'trail_atr_mult': 3.0, 'trail_atr_len': 14, 'tp_converts_to_trail': True, 'rsi': np.float64(65.20683476148108), 'atr': 2.9672088123818536, 'exit_reason': 'sl', 'signal_time': Timestamp('2017-01-09 17:00:00+0000', tz='UTC')}"
2017-01-12 14:00:00+00:00,2017-01-12 18:00:00+00:00,1,1204.225,1198.5188764119437,1198.6938764119436,1214.7922471761128,0.54,-308.13067375503715,-1.0316391411643453,"{'trail_atr_mult': 3.0, 'trail_atr_len': 14, 'tp_converts_to_trail': True, 'rsi': np.float64(65.46961086406476), 'atr': 3.577415725370953, 'exit_reason': 'sl', 'signal_time': Timestamp('2017-01-12 13:00:00+0000', tz='UTC')}"
2017-01-12 02:00:00+00:00,2017-01-12 19:00:00+00:00,1,1197.385,1196.588192624153,1196.763192624153,1208.8355405978543,0.5,-39.84036879235191,-0.13273994108844317,"{'trail_atr_mult': 3.0, 'trail_atr_len': 14, 'tp_converts_to_trail': True, 'rsi': np.float64(65.63807836854843), 'atr': 3.8785135326181126, 'exit_reason': 'sl', 'signal_time': Timestamp('2017-01-12 01:00:00+0000', tz='UTC')}"
2017-01-12 05:00:00+00:00,2017-01-12 19:00:00+00:00,1,1198.655,1196.588192624153,1196.763192624153,1208.9151321769266,0.56,-115.74121304743312,-0.38220658648193884,"{'trail_atr_mult': 3.0, 'trail_atr_len': 14, 'tp_converts_to_trail': True, 'rsi': np.float64(66.82359167047048), 'atr': 3.4817107256421846, 'exit_reason': 'sl', 'signal_time': Timestamp('2017-01-12 04:00:00+0000', tz='UTC')}"
2017-01-16 06:00:00+00:00,2017-01-16 09:00:00+00:00,1,1206.185,1201.0891116648108,1201.2641116648108,1215.5017766703784,0.61,-310.8491884465352,-1.0355626846373518,"{'trail_atr_mult': 3.0, 'trail_atr_len': 14, 'tp_converts_to_trail': True, 'rsi': np.float64(66.76575867615051), 'atr': 3.1639255567928197, 'exit_reason': 'sl', 'signal_time': Timestamp('2017-01-16 05:00:00+0000', tz='UTC')}"
2017-01-17 13:00:00+00:00,2017-01-18 05:00:00+00:00,1,1216.465,1211.1302669857018,1211.3052669857018,1226.259466028596,0.58,-286.21451482928865,-0.9563930925541013,"{'trail_atr_mult': 3.0, 'trail_atr_len': 14, 'tp_converts_to_trail': True, 'rsi': np.float64(67.14311623355397), 'atr': 3.32315534286538, 'exit_reason': 'sl', 'signal_time': Timestamp('2017-01-17 12:00:00+0000', tz='UTC')}"
2017-01-23 01:00:00+00:00,2017-01-23 08:00:00+00:00,1,1217.925,1211.9769067824038,1212.1519067824038,1228.9761864351926,0.52,-309.30084731499846,-1.030313039025,"{'trail_atr_mult': 3.0, 'trail_atr_len': 14, 'tp_converts_to_trail': True, 'rsi': np.float64(67.2369545823683), 'atr': 3.738728811730869, 'exit_reason': 'sl', 'signal_time': Timestamp('2017-01-23 00:00:00+0000', tz='UTC')}"
2017-01-31 23:00:00+00:00,2017-02-01 13:00:00+00:00,1,1211.665,1206.3575385554607,1206.5325385554606,1221.5549228890786,0.58,-284.63276378327856,-0.9561613852473393,"{'trail_atr_mult': 3.0, 'trail_atr_len': 14, 'tp_converts_to_trail': True, 'rsi': np.float64(65.11901909700589), 'atr': 3.3383076296928498, 'exit_reason': 'sl', 'signal_time': Timestamp('2017-01-31 22:00:00+0000', tz='UTC')}"
2017-02-02 02:00:00+00:00,2017-02-02 11:00:00+00:00,1,1213.975,1222.025,1223.5250574536321,,0.59,474.9500000000107,1.5980057755597825,"{'trail_atr_mult': 3.0, 'trail_atr_len': 14, 'tp_converts_to_trail': True, 'rsi': np.float64(65.03708486475155), 'atr': 3.2416858178773795, 'exit_reason': 'sl_gap', 'signal_time': Timestamp('2017-02-02 01:00:00+0000', tz='UTC')}"
2017-02-02 05:00:00+00:00,2017-02-02 17:00:00+00:00,1,1216.415,1214.974021276233,1215.149021276233,1225.4540419918478,0.63,-90.78165959731314,-0.30613390614036656,"{'trail_atr_mult': 3.0, 'trail_atr_len': 14, 'tp_converts_to_trail': True, 'rsi': np.float64(67.31533657587994), 'atr': 3.0546806639492665, 'exit_reason': 'sl', 'signal_time': Timestamp('2017-02-02 04:00:00+0000', tz='UTC')}"
2017-02-02 08:00:00+00:00,2017-02-02 17:00:00+00:00,1,1217.585,1214.974021276233,1215.149021276233,1226.939949072919,0.6,-156.65872342601688,-0.5269408963769501,"{'trail_atr_mult': 3.0, 'trail_atr_len': 14, 'tp_converts_to_trail': True, 'rsi': np.float64(65.73457735705041), 'atr': 3.1799830243063396, 'exit_reason': 'sl', 'signal_time': Timestamp('2017-02-02 07:00:00+0000', tz='UTC')}"
2017-02-03 16:00:00+00:00,2017-02-03 19:00:00+00:00,1,1220.645,1215.3387576220773,1215.5137576220773,1230.142484755846,0.58,-307.762057919515,-1.0341048009645573,"{'trail_atr_mult': 3.0, 'trail_atr_len': 14, 'tp_converts_to_trail': True, 'rsi': np.float64(65.5408319399424), 'atr': 3.250828251948602, 'exit_reason': 'sl', 'signal_time': Timestamp('2017-02-03 15:00:00+0000', tz='UTC')}"
2017-02-06 03:00:00+00:00,2017-02-06 19:00:00+00:00,1,1223.5349999999999,1231.4950000000001,1231.9013362622468,,0.66,525.3600000000174,1.760801671150831,"{'trail_atr_mult': 3.0, 'trail_atr_len': 14, 'tp_converts_to_trail': True, 'rsi': np.float64(65.50064978412908), 'atr': 2.8637787540822695, 'exit_reason': 'sl_gap', 'signal_time': Timestamp('2017-02-06 02:00:00+0000', tz='UTC')}"
2017-02-06 00:00:00+00:00,2017-02-06 20:00:00+00:00,1,1223.835,1233.095,1233.3196298150228,,0.59,546.3399999999995,1.850218274026913,"{'trail_atr_mult': 3.0, 'trail_atr_len': 14, 'tp_converts_to_trail': True, 'rsi': np.float64(67.88935726746578), 'atr': 3.2198766050076033, 'exit_reason': 'sl_gap', 'signal_time': Timestamp('2017-02-05 23:00:00+0000', tz='UTC')}"
2017-02-06 15:00:00+00:00,2017-02-07 08:00:00+00:00,1,1228.935,1228.6716822269061,1228.846682226906,1236.706570790943,0.69,9.43107365652563,0.031910604661245325,"{'trail_atr_mult': 3.0, 'trail_atr_len': 14, 'tp_converts_to_trail': True, 'rsi': np.float64(67.30215514938169), 'atr': 2.6788569303143186, 'exit_reason': 'sl', 'signal_time': Timestamp('2017-02-06 14:00:00+0000', tz='UTC')}"
2017-02-08 14:00:00+00:00,2017-02-08 18:00:00+00:00,1,1242.385,1237.7666435490123,1237.9416435490123,1250.8067129019757,0.67,-309.4298822161743,-1.0393846413021968,"{'trail_atr_mult': 3.0, 'trail_atr_len': 14, 'tp_converts_to_trail': True, 'rsi': np.float64(69.08248410542197), 'atr': 2.858904300658546, 'exit_reason': 'sl', 'signal_time': Timestamp('2017-02-08 13:00:00+0000', tz='UTC')}"
2017-02-08 12:00:00+00:00,2017-02-09 11:00:00+00:00,1,1239.905,1237.7486525566344,1237.9236525566344,1247.5118682176762,0.73,-69.81336336568702,-0.23348701857825516,"{'trail_atr_mult': 3.0, 'trail_atr_len': 14, 'tp_converts_to_trail': True, 'rsi': np.float64(66.43111955024571), 'atr': 2.6006227392254044, 'exit_reason': 'sl', 'signal_time': Timestamp('2017-02-08 11:00:00+0000', tz='UTC')}"
2017-02-16 00:00:00+00:00,2017-02-17 08:00:00+00:00,1,1234.315,1236.3972710341484,1236.5722710341483,1242.4845689247818,0.69,171.27670135623507,0.5769658087110537,"{'trail_atr_mult': 3.0, 'trail_atr_len': 14, 'tp_converts_to_trail': True, 'rsi': np.float64(66.39067465963853), 'atr': 2.7715229749272625, 'exit_reason': 'sl', 'signal_time': Timestamp('2017-02-15 23:00:00+0000', tz='UTC')}"
2017-02-16 08:00:00+00:00,2017-02-17 08:00:00+00:00,1,1237.7549999999999,1236.3972710341484,1236.5722710341483,1245.0571047390777,0.74,-70.87194347301048,-0.23744056804226435,"{'trail_atr_mult': 3.0, 'trail_atr_len': 14, 'tp_converts_to_trail': True, 'rsi': np.float64(67.37845191302536), 'atr': 2.519034913025921, 'exit_reason': 'sl', 'signal_time': Timestamp('2017-02-16 07:00:00+0000', tz='UTC')}"
2017-02-16 11:00:00+00:00,2017-02-17 08:00:00+00:00,1,1237.805,1236.3972710341484,1236.5722710341483,1245.1267307258577,0.76,-76.58740140472729,-0.2568532044895814,"{'trail_atr_mult': 3.0, 'trail_atr_len': 14, 'tp_converts_to_trail': True, 'rsi': np.float64(66.47847754202584), 'atr': 2.498910241952517, 'exit_reason': 'sl', 'signal_time': Timestamp('2017-02-16 10:00:00+0000', tz='UTC')}"
2017-02-16 14:00:00+00:00,2017-02-17 08:00:00+00:00,1,1239.905,1236.3972710341484,1236.5722710341483,1247.87594657606,0.7,-217.54102760961084,-0.7315792155776123,"{'trail_atr_mult': 3.0, 'trail_atr_len': 14, 'tp_converts_to_trail': True, 'rsi': np.float64(68.72487943461832), 'atr': 2.715315525353342, 'exit_reason': 'sl', 'signal_time': Timestamp('2017-02-16 13:00:00+0000', tz='UTC')}"
2017-02-23 12:00:00+00:00,2017-02-23 17:00:00+00:00,1,1243.375,1249.395,1249.6446540126842,,0.86,517.7199999999984,1.7412295651979497,"{'trail_atr_mult': 3.0, 'trail_atr_len': 14, 'tp_converts_to_trail': True, 'rsi': np.float64(72.9572006903436), 'atr': 2.1615513375614044, 'exit_reason': 'sl_gap', 'signal_time': Timestamp('2017-02-23 11:00:00+0000', tz='UTC')}"
2017-02-24 18:00:00+00:00,2017-02-27 19:00:00+00:00,1,1257.235,1256.2870766801318,1256.4620766801318,1264.5988415899171,0.76,19.157827690024703,0.06390714714162754,"{'trail_atr_mult': 3.0, 'trail_atr_len': 14, 'tp_converts_to_trail': True, 'rsi': np.float64(66.40647537975815), 'atr': 2.512947196639048, 'exit_reason': 'sl', 'signal_time': Timestamp('2017-02-24 17:00:00+0000', tz='UTC')}"
2017-02-27 15:00:00+00:00,2017-02-27 19:00:00+00:00,1,1259.875,1256.2870766801318,1256.4620766801318,1266.439302036781,0.84,-301.38555886892846,-1.0079424363039136,"{'trail_atr_mult': 3.0, 'trail_atr_len': 14, 'tp_converts_to_trail': True, 'rsi': np.float64(65.49296915265779), 'atr': 2.2497673455937024, 'exit_reason': 'sl', 'signal_time': Timestamp('2017-02-27 14:00:00+0000', tz='UTC')}"
2017-03-16 18:00:00+00:00,2017-03-20 12:00:00+00:00,1,1228.2549999999999,1230.1052029118252,1230.2802029118252,1237.5643098946728,0.61,210.46237762134714,0.7016665020276455,"{'trail_atr_mult': 3.0, 'trail_atr_len': 14, 'tp_converts_to_trail': True, 'rsi': np.float64(65.3137431753525), 'atr': 3.1614366315575992, 'exit_reason': 'sl', 'signal_time': Timestamp('2017-03-16 17:00:00+0000', tz='UTC')}"
2017-03-17 11:00:00+00:00,2017-03-20 12:00:00+00:00,1,1230.925,1230.1052029118252,1230.2802029118252,1237.9995473918557,0.81,30.796435857848522,0.10332236252626857,"{'trail_atr_mult': 3.0, 'trail_atr_len': 14, 'tp_converts_to_trail': True, 'rsi': np.float64(65.56855557348153), 'atr': 2.3898491306186043, 'exit_reason': 'sl', 'signal_time': Timestamp('2017-03-17 10:00:00+0000', tz='UTC')}"
2017-03-20 01:00:00+00:00,2017-03-20 12:00:00+00:00,1,1233.425,1230.1052029118252,1230.2802029118252,1239.673318233373,0.91,-302.1015350238986,-1.007018612076436,"{'trail_atr_mult': 3.0, 'trail_atr_len': 14, 'tp_converts_to_trail': True, 'rsi': np.float64(67.8554679035723), 'atr': 2.1211060777910253, 'exit_reason': 'sl', 'signal_time': Timestamp('2017-03-20 00:00:00+0000', tz='UTC')}"
2017-03-21 13:00:00+00:00,2017-03-21 18:00:00+00:00,1,1239.335,1245.665660487332,1245.840660487332,,0.86,544.4368019105432,1.8163732113583826,"{'trail_atr_mult': 3.0, 'trail_atr_len': 14, 'tp_converts_to_trail': True, 'rsi': np.float64(69.88340557504941), 'atr': 2.2202201624439715, 'exit_reason': 'sl', 'signal_time': Timestamp('2017-03-21 12:00:00+0000', tz='UTC')}"
2017-03-22 12:00:00+00:00,2017-03-23 02:00:00+00:00,1,1248.055,1244.41630320164,1244.59130320164,1254.21739359672,0.87,-212.16662145733002,-0.7040734048992633,"{'trail_atr_mult': 3.0, 'trail_atr_len': 14, 'tp_converts_to_trail': True, 'rsi': np.float64(68.06986543808756), 'atr': 2.1391311989067043, 'exit_reason': 'sl', 'signal_time': Timestamp('2017-03-22 11:00:00+0000', tz='UTC')}"
2017-03-23 12:00:00+00:00,2017-03-23 13:00:00+00:00,1,1252.185,1248.4186129905754,1248.5936129905754,1258.7227740188491,0.84,-316.37650879166085,-1.0487276919866104,"{'trail_atr_mult': 3.0, 'trail_atr_len': 14, 'tp_converts_to_trail': True, 'rsi': np.float64(65.32548987193692), 'atr': 2.250924672949736, 'exit_reason': 'sl', 'signal_time': Timestamp('2017-03-23 11:00:00+0000', tz='UTC')}"
2017-03-24 18:00:00+00:00,2017-03-24 20:00:00+00:00,1,1249.935,1246.2322882787605,1246.4072882787605,1256.495423442479,0.85,-314.7304963053523,-1.049607228092455,"{'trail_atr_mult': 3.0, 'trail_atr_len': 14, 'tp_converts_to_trail': True, 'rsi': np.float64(66.11748973806205), 'atr': 2.241807814159698, 'exit_reason': 'sl', 'signal_time': Timestamp('2017-03-24 17:00:00+0000', tz='UTC')}"
2017-03-26 23:00:00+00:00,2017-03-27 15:00:00+00:00,1,1252.7649999999999,1254.1849184468565,1254.3599184468565,1261.246510678982,0.64,116.47478059882414,0.39237133655872075,"{'trail_atr_mult': 3.0, 'trail_atr_len': 14, 'tp_converts_to_trail': True, 'rsi': np.float64(65.41406741598074), 'atr': 2.915503559660683, 'exit_reason': 'sl', 'signal_time': Timestamp('2017-03-26 22:00:00+0000', tz='UTC')}"
2017-03-27 12:00:00+00:00,2017-03-27 15:00:00+00:00,1,1258.555,1254.9461361407805,1255.1211361407804,1264.8677277184388,0.87,-313.97115575210364,-1.050962998876643,"{'trail_atr_mult': 3.0, 'trail_atr_len': 14, 'tp_converts_to_trail': True, 'rsi': np.float64(68.6984854762104), 'atr': 2.1659092394796327, 'exit_reason': 'sl', 'signal_time': Timestamp('2017-03-27 11:00:00+0000', tz='UTC')}"
2017-04-03 15:00:00+00:00,2017-04-04 10:00:00+00:00,1,1252.325,1257.655,1258.8174665955894,,0.85,487.04999999999376,1.633067980288352,"{'trail_atr_mult': 3.0, 'trail_atr_len': 14, 'tp_converts_to_trail': True, 'rsi': np.float64(68.4676219348063), 'atr': 2.222488865196399, 'exit_reason': 'sl_gap', 'signal_time': Timestamp('2017-04-03 14:00:00+0000', tz='UTC')}"
2017-04-07 02:00:00+00:00,2017-04-07 14:00:00+00:00,1,1264.565,1262.1930029573577,1262.3680029573577,1272.3474909722433,0.7,-166.03979298496142,-0.558939514728068,"{'trail_atr_mult': 3.0, 'trail_atr_len': 14, 'tp_converts_to_trail': True, 'rsi': np.float64(74.31983975554432), 'atr': 2.6724969907477827, 'exit_reason': 'sl', 'signal_time': Timestamp('2017-04-07 01:00:00+0000', tz='UTC')}"
2017-04-07 13:00:00+00:00,2017-04-07 14:00:00+00:00,1,1266.2849999999999,1261.724001478679,1261.8990014786789,1274.5919970426426,0.68,-310.14789944982294,-1.0398996942541714,"{'trail_atr_mult': 3.0, 'trail_atr_len': 14, 'tp_converts_to_trail': True, 'rsi': np.float64(67.6604211752863), 'atr': 2.820665680880798, 'exit_reason': 'sl', 'signal_time': Timestamp('2017-04-07 12:00:00+0000', tz='UTC')}"
2017-04-12 13:00:00+00:00,2017-04-12 21:00:00+00:00,1,1275.465,1281.2050000000002,1282.4969423716989,,0.77,441.98000000001826,1.4895660881229384,"{'trail_atr_mult': 3.0, 'trail_atr_len': 14, 'tp_converts_to_trail': True, 'rsi': np.float64(66.3962201218127), 'atr': 2.418980790566317, 'exit_reason': 'sl_gap', 'signal_time': Timestamp('2017-04-12 12:00:00+0000', tz='UTC')}"
2017-04-12 20:00:00+00:00,2017-04-16 23:00:00+00:00,1,1281.555,1290.7792748042848,1290.9542748042848,,0.6,697.456488257084,2.349697180282683,"{'trail_atr_mult': 3.0, 'trail_atr_len': 14, 'tp_converts_to_trail': True, 'rsi': np.float64(69.34987716354568), 'atr': 3.1880916014282312, 'exit_reason': 'sl', 'signal_time': Timestamp('2017-04-12 19:00:00+0000', tz='UTC')}"
2017-04-13 08:00:00+00:00,2017-04-17 02:00:00+00:00,1,1285.745,1292.9098691034262,1293.0848691034262,,0.75,657.3651827569745,2.1871521519121817,"{'trail_atr_mult': 3.0, 'trail_atr_len': 14, 'tp_converts_to_trail': True, 'rsi': np.float64(65.1474812904533), 'atr': 2.521623034475393, 'exit_reason': 'sl', 'signal_time': Timestamp('2017-04-13 07:00:00+0000', tz='UTC')}"
2017-04-16 23:00:00+00:00,2017-04-17 06:00:00+00:00,1,1293.595,1289.0390133656251,1289.214013365625,1301.83197326875,0.69,-286.76307777186827,-0.9486417059037325,"{'trail_atr_mult': 3.0, 'trail_atr_len': 14, 'tp_converts_to_trail': True, 'rsi': np.float64(73.67356523186038), 'atr': 2.803991089583307, 'exit_reason': 'sl', 'signal_time': Timestamp('2017-04-16 22:00:00+0000', tz='UTC')}"
2017-04-21 17:00:00+00:00,2017-04-23 23:00:00+00:00,1,1286.685,1268.2150000000001,1282.74307145711,1294.1038570857797,0.77,-1360.5899999999847,-4.482577451047807,"{'trail_atr_mult': 3.0, 'trail_atr_len': 14, 'tp_converts_to_trail': True, 'rsi': np.float64(68.7330273037916), 'atr': 2.524619028593287, 'exit_reason': 'sl_gap', 'signal_time': Timestamp('2017-04-21 16:00:00+0000', tz='UTC')}"
2017-05-18 11:00:00+00:00,2017-05-18 13:00:00+00:00,1,1264.065,1258.7946461270592,1258.9696461270591,1273.6107077458812,0.58,-305.68052463056983,-1.0343450139801478,"{'trail_atr_mult': 3.0, 'trail_atr_len': 14, 'tp_converts_to_trail': True, 'rsi': np.float64(66.28936531060583), 'atr': 3.253569248627108, 'exit_reason': 'sl', 'signal_time': Timestamp('2017-05-18 10:00:00+0000', tz='UTC')}"
2017-05-21 23:00:00+00:00,2017-05-22 03:00:00+00:00,1,1257.2749999999999,1252.6977233517075,1252.8727233517075,1265.3445532965852,0.67,-279.8775354355878,-0.9488900816609697,"{'trail_atr_mult': 3.0, 'trail_atr_len': 14, 'tp_converts_to_trail': True, 'rsi': np.float64(65.50982585691719), 'atr': 2.7715177655283956, 'exit_reason': 'sl', 'signal_time': Timestamp('2017-05-21 22:00:00+0000', tz='UTC')}"
2017-05-22 13:00:00+00:00,2017-05-23 09:00:00+00:00,1,1258.665,1258.1703757103278,1258.3453757103277,1265.1104164138865,0.85,-8.043064622134807,-0.02715025446217586,"{'trail_atr_mult': 3.0, 'trail_atr_len': 14, 'tp_converts_to_trail': True, 'rsi': np.float64(68.0211261290024), 'atr': 2.2068054712955147, 'exit_reason': 'sl', 'signal_time': Timestamp('2017-05-22 12:00:00+0000', tz='UTC')}"
2017-05-26 07:00:00+00:00,2017-05-26 13:00:00+00:00,1,1261.2849999999999,1265.415,1267.203174560747,,0.92,379.96000000001004,1.2819767526277301,"{'trail_atr_mult': 3.0, 'trail_atr_len': 14, 'tp_converts_to_trail': True, 'rsi': np.float64(66.23945146285868), 'atr': 2.031058186915682, 'exit_reason': 'sl_gap', 'signal_time': Timestamp('2017-05-26 06:00:00+0000', tz='UTC')}"
2017-05-29 00:00:00+00:00,2017-05-29 14:00:00+00:00,1,1268.415,1264.817410665019,1264.992410665019,1274.7651786699623,0.87,-312.9902721433441,-1.0511308786629305,"{'trail_atr_mult': 3.0, 'trail_atr_len': 14, 'tp_converts_to_trail': True, 'rsi': np.float64(66.62436794408225), 'atr': 2.1717262233207637, 'exit_reason': 'sl', 'signal_time': Timestamp('2017-05-28 23:00:00+0000', tz='UTC')}"
2017-05-31 16:00:00+00:00,2017-05-31 19:00:00+00:00,1,1267.695,1271.4850000000001,1273.397842967915,,0.95,360.05000000001814,1.2171148243543635,"{'trail_atr_mult': 3.0, 'trail_atr_len': 14, 'tp_converts_to_trail': True, 'rsi': np.float64(65.36922597936686), 'atr': 1.9592809893050203, 'exit_reason': 'sl_gap', 'signal_time': Timestamp('2017-05-31 15:00:00+0000', tz='UTC')}"
2017-06-06 20:00:00+00:00,2017-06-07 11:00:00+00:00,1,1293.955,1289.8274750623443,1290.0024750623443,1301.2750498753112,0.75,-279.56437032417057,-0.9430743629580997,"{'trail_atr_mult': 3.0, 'trail_atr_len': 14, 'tp_converts_to_trail': True, 'rsi': np.float64(67.2324952237961), 'atr': 2.5050166251037402, 'exit_reason': 'sl', 'signal_time': Timestamp('2017-06-06 19:00:00+0000', tz='UTC')}"
2017-07-18 13:00:00+00:00,2017-07-19 06:00:00+00:00,1,1241.555,1239.4648793943793,1239.6398793943792,1248.9745143499765,0.73,-123.37880421031609,-0.4114961721688403,"{'trail_atr_mult': 3.0, 'trail_atr_len': 14, 'tp_converts_to_trail': True, 'rsi': np.float64(74.31131891934153), 'atr': 1.9211285874941608, 'exit_reason': 'sl', 'signal_time': Timestamp('2017-07-18 12:00:00+0000', tz='UTC')}"
2017-07-18 02:00:00+00:00,2017-07-19 06:00:00+00:00,1,1237.695,1239.4648793943793,1239.6398793943792,1245.120101653831,0.76,164.91083397283128,0.5500257131226866,"{'trail_atr_mult': 3.0, 'trail_atr_len': 14, 'tp_converts_to_trail': True, 'rsi': np.float64(69.90117097984677), 'atr': 1.8950254134577218, 'exit_reason': 'sl', 'signal_time': Timestamp('2017-07-18 01:00:00+0000', tz='UTC')}"
2017-07-18 22:00:00+00:00,2017-07-19 08:00:00+00:00,1,1242.965,1238.3348793943794,1238.5098793943794,1250.1372120806952,0.6,-253.80723633723028,-0.8479564374110758,"{'trail_atr_mult': 3.0, 'trail_atr_len': 14, 'tp_converts_to_trail': True, 'rsi': np.float64(65.01179902954775), 'atr': 2.02680302017384, 'exit_reason': 'sl', 'signal_time': Timestamp('2017-07-18 20:00:00+0000', tz='UTC')}"
2017-07-21 07:00:00+00:00,2017-07-21 19:00:00+00:00,1,1247.445,1254.519187347967,1254.694187347967,,0.77,544.7124257934709,1.8269669960462065,"{'trail_atr_mult': 3.0, 'trail_atr_len': 14, 'tp_converts_to_trail': True, 'rsi': np.float64(66.95569806297922), 'atr': 1.8535468369917494, 'exit_reason': 'sl', 'signal_time': Timestamp('2017-07-21 06:00:00+0000', tz='UTC')}"
2017-07-20 17:00:00+00:00,2017-07-24 02:00:00+00:00,1,1246.335,1255.505,1256.3947875169338,,0.56,603.1200000000041,2.0465971370294462,"{'trail_atr_mult': 3.0, 'trail_atr_len': 14, 'tp_converts_to_trail': True, 'rsi': np.float64(65.33608716610627), 'atr': 2.5536968792334354, 'exit_reason': 'sl_gap', 'signal_time': Timestamp('2017-07-20 16:00:00+0000', tz='UTC')}"
2017-07-24 13:00:00+00:00,2017-07-24 17:00:00+00:00,1,1258.225,1253.7516366916468,1253.9266366916468,1266.2967266167066,0.7,-313.135431584717,-1.0407131709085342,"{'trail_atr_mult': 3.0, 'trail_atr_len': 14, 'tp_converts_to_trail': True, 'rsi': np.float64(68.73566934510441), 'atr': 2.0616816541766325, 'exit_reason': 'sl', 'signal_time': Timestamp('2017-07-24 12:00:00+0000', tz='UTC')}"
2017-07-24 11:00:00+00:00,2017-07-25 01:00:00+00:00,1,1256.605,1252.8492517861903,1253.0242517861902,1264.4202864903818,0.71,-238.25812318049142,-0.7932942265312051,"{'trail_atr_mult': 3.0, 'trail_atr_len': 14, 'tp_converts_to_trail': True, 'rsi': np.float64(65.4985493249151), 'atr': 2.007571622595433, 'exit_reason': 'sl', 'signal_time': Timestamp('2017-07-24 10:00:00+0000', tz='UTC')}"
2017-07-27 13:00:00+00:00,2017-07-27 15:00:00+00:00,1,1263.5449999999998,1258.4236792191334,1258.5986792191334,1272.9426415617336,0.6,-307.2792468519856,-1.0353798323547667,"{'trail_atr_mult': 3.0, 'trail_atr_len': 14, 'tp_converts_to_trail': True, 'rsi': np.float64(68.78716369706193), 'atr': 2.3906603904333936, 'exit_reason': 'sl', 'signal_time': Timestamp('2017-07-27 12:00:00+0000', tz='UTC')}"
2017-07-28 13:00:00+00:00,2017-08-01 11:00:00+00:00,1,1263.685,1265.8943812623327,1266.0693812623326,1273.1755632416478,0.59,224.75349447763085,0.758420642167564,"{'trail_atr_mult': 3.0, 'trail_atr_len': 14, 'tp_converts_to_trail': True, 'rsi': np.float64(65.32565207914485), 'atr': 2.4188908104119466, 'exit_reason': 'sl', 'signal_time': Timestamp('2017-07-28 12:00:00+0000', tz='UTC')}"
2017-08-09 08:00:00+00:00,2017-08-09 20:00:00+00:00,1,1268.145,1276.405,1277.3722328867107,,0.61,503.85999999999945,1.6939710312406044,"{'trail_atr_mult': 3.0, 'trail_atr_len': 14, 'tp_converts_to_trail': True, 'rsi': np.float64(68.4516780003802), 'atr': 2.350558221677662, 'exit_reason': 'sl_gap', 'signal_time': Timestamp('2017-08-09 07:00:00+0000', tz='UTC')}"
2017-08-09 12:00:00+00:00,2017-08-09 20:00:00+00:00,1,1269.355,1276.405,1278.1245328372895,,0.62,437.0999999999972,1.469586924044809,"{'trail_atr_mult': 3.0, 'trail_atr_len': 14, 'tp_converts_to_trail': True, 'rsi': np.float64(68.0137330397531), 'atr': 2.2611332093224212, 'exit_reason': 'sl_gap', 'signal_time': Timestamp('2017-08-09 11:00:00+0000', tz='UTC')}"
2017-08-11 08:00:00+00:00,2017-08-11 14:00:00+00:00,1,1286.855,1284.4341400422495,1284.6091400422495,1294.7618146977088,0.71,-171.8810570002861,-0.572184583150007,"{'trail_atr_mult': 3.0, 'trail_atr_len': 14, 'tp_converts_to_trail': True, 'rsi': np.float64(66.68498259159603), 'atr': 2.022953674427199, 'exit_reason': 'sl', 'signal_time': Timestamp('2017-08-11 07:00:00+0000', tz='UTC')}"
2017-08-11 19:00:00+00:00,2017-08-14 08:00:00+00:00,1,1289.895,1284.6474892449694,1284.8224892449693,1299.9303593513705,0.57,-230.7081130367436,-0.7665479214029673,"{'trail_atr_mult': 3.0, 'trail_atr_len': 14, 'tp_converts_to_trail': True, 'rsi': np.float64(67.24139592949379), 'atr': 2.552589837842617, 'exit_reason': 'sl', 'signal_time': Timestamp('2017-08-11 18:00:00+0000', tz='UTC')}"
2017-08-18 08:00:00+00:00,2017-08-18 15:00:00+00:00,1,1293.085,1292.6605591193422,1292.8355591193422,1302.8890026470315,0.58,-24.6175710781531,-0.08218429119675022,"{'trail_atr_mult': 3.0, 'trail_atr_len': 14, 'tp_converts_to_trail': True, 'rsi': np.float64(70.18219509720622), 'atr': 2.494750661757847, 'exit_reason': 'sl', 'signal_time': Timestamp('2017-08-18 07:00:00+0000', tz='UTC')}"
2017-08-28 09:00:00+00:00,2017-08-28 17:00:00+00:00,1,1296.925,1305.9650000000001,1306.3305217364018,,0.62,560.4800000000118,1.8542597502759102,"{'trail_atr_mult': 3.0, 'trail_atr_len': 14, 'tp_converts_to_trail': True, 'rsi': np.float64(66.43735347521866), 'atr': 2.380130434100485, 'exit_reason': 'sl_gap', 'signal_time': Timestamp('2017-08-28 08:00:00+0000', tz='UTC')}"
2017-08-28 02:00:00+00:00,2017-08-28 17:00:00+00:00,1,1294.645,1305.6454983598624,1305.8204983598623,,0.51,561.0254163529812,1.8755381097025865,"{'trail_atr_mult': 3.0, 'trail_atr_len': 14, 'tp_converts_to_trail': True, 'rsi': np.float64(66.09214015717893), 'atr': 2.8401245899655483, 'exit_reason': 'sl', 'signal_time': Timestamp('2017-08-28 01:00:00+0000', tz='UTC')}"
2017-08-28 06:00:00+00:00,2017-08-29 02:00:00+00:00,1,1295.145,1313.8830294260292,1314.0580294260292,,0.62,1186.557824413813,3.9512210785424315,"{'trail_atr_mult': 3.0, 'trail_atr_len': 14, 'tp_converts_to_trail': True, 'rsi': np.float64(66.83261761510029), 'atr': 2.3442867142338435, 'exit_reason': 'sl', 'signal_time': Timestamp('2017-08-28 05:00:00+0000', tz='UTC')}"
2017-08-31 15:00:00+00:00,2017-09-01 14:00:00+00:00,1,1316.645,1320.687523247245,1320.862523247245,1329.1573290899867,0.47,208.79859262051835,0.6830800107402496,"{'trail_atr_mult': 3.0, 'trail_atr_len': 14, 'tp_converts_to_trail': True, 'rsi': np.float64(69.81517588480591), 'atr': 3.169332272496672, 'exit_reason': 'sl', 'signal_time': Timestamp('2017-08-31 14:00:00+0000', tz='UTC')}"
2017-09-01 13:00:00+00:00,2017-09-01 15:00:00+00:00,1,1321.735,1316.8087715867275,1316.9837715867275,1332.0899690036733,0.56,-275.8687911432535,-0.9055592734886089,"{'trail_atr_mult': 3.0, 'trail_atr_len': 14, 'tp_converts_to_trail': True, 'rsi': np.float64(66.95980718529891), 'atr': 2.632492250918342, 'exit_reason': 'sl', 'signal_time': Timestamp('2017-09-01 12:00:00+0000', tz='UTC')}"
2017-09-01 16:00:00+00:00,2017-09-04 07:00:00+00:00,1,1323.665,1334.795,1336.9930108968913,,0.44,542.5200000000048,1.7762717455996486,"{'trail_atr_mult': 3.0, 'trail_atr_len': 14, 'tp_converts_to_trail': True, 'rsi': np.float64(68.8348322114703), 'atr': 3.378252724222837, 'exit_reason': 'sl_gap', 'signal_time': Timestamp('2017-09-01 15:00:00+0000', tz='UTC')}"
2017-09-01 18:00:00+00:00,2017-09-04 08:00:00+00:00,1,1324.5149999999999,1337.2150000000001,1337.6125451100745,,0.45,625.5000000000123,2.0407346626762988,"{'trail_atr_mult': 3.0, 'trail_atr_len': 14, 'tp_converts_to_trail': True, 'rsi': np.float64(68.23017728883652), 'atr': 3.3181362775186702, 'exit_reason': 'sl_gap', 'signal_time': Timestamp('2017-09-01 17:00:00+0000', tz='UTC')}"
2017-09-05 19:00:00+00:00,2017-09-06 08:00:00+00:00,1,1343.705,1336.7534857580904,1336.9284857580903,1356.793028483819,0.46,-301.36965512783866,-0.9667970888914356,"{'trail_atr_mult': 3.0, 'trail_atr_len': 14, 'tp_converts_to_trail': True, 'rsi': np.float64(72.57381302755199), 'atr': 3.310757120954772, 'exit_reason': 'sl', 'signal_time': Timestamp('2017-09-05 18:00:00+0000', tz='UTC')}"
2017-09-07 13:00:00+00:00,2017-09-08 07:00:00+00:00,1,1343.955,1354.1306744394253,1354.3056744394253,,0.58,613.3891174866728,1.9775610223218045,"{'trail_atr_mult': 3.0, 'trail_atr_len': 14, 'tp_converts_to_trail': True, 'rsi': np.float64(70.45085082981413), 'atr': 2.6164186098563267, 'exit_reason': 'sl', 'signal_time': Timestamp('2017-09-07 12:00:00+0000', tz='UTC')}"
2017-09-08 11:00:00+00:00,2017-09-08 13:00:00+00:00,1,1354.935,1348.5463524945776,1348.7213524945776,1366.807295010845,0.5,-319.43237527111705,-1.0281638119715093,"{'trail_atr_mult': 3.0, 'trail_atr_len': 14, 'tp_converts_to_trail': True, 'rsi': np.float64(67.28910748788519), 'atr': 3.014323752711254, 'exit_reason': 'sl', 'signal_time': Timestamp('2017-09-08 10:00:00+0000', tz='UTC')}"
2017-09-08 00:00:00+00:00,2017-09-08 13:00:00+00:00,1,1349.0449999999998,1348.3088585593198,1348.4838585593197,1360.7877097999096,0.49,-36.07093059332283,-0.11742837446841795,"{'trail_atr_mult': 3.0, 'trail_atr_len': 14, 'tp_converts_to_trail': True, 'rsi': np.float64(65.46498048874565), 'atr': 3.001927449977393, 'exit_reason': 'sl', 'signal_time': Timestamp('2017-09-07 23:00:00+0000', tz='UTC')}"
2017-09-07 18:00:00+00:00,2017-09-08 13:00:00+00:00,1,1346.215,1348.3088585593198,1348.4838585593197,1359.1334677880448,0.46,114.717493728714,0.3726774852101691,"{'trail_atr_mult': 3.0, 'trail_atr_len': 14, 'tp_converts_to_trail': True, 'rsi': np.float64(65.22721421565788), 'atr': 3.2683669470112005, 'exit_reason': 'sl', 'signal_time': Timestamp('2017-09-07 17:00:00+0000', tz='UTC')}"
2017-09-07 20:00:00+00:00,2017-09-08 13:00:00+00:00,1,1348.225,1348.3088585593198,1348.4838585593197,1361.1843676335693,0.47,22.741352288034296,0.07323219282785971,"{'trail_atr_mult': 3.0, 'trail_atr_len': 14, 'tp_converts_to_trail': True, 'rsi': np.float64(67.37780952971335), 'atr': 3.2610919083923195, 'exit_reason': 'sl', 'signal_time': Timestamp('2017-09-07 19:00:00+0000', tz='UTC')}"
2017-10-10 14:00:00+00:00,2017-10-11 03:00:00+00:00,1,1292.335,1287.8018097370955,1287.9768097370954,1302.1176166191128,0.6,-247.99141577427326,-0.8019681786070091,"{'trail_atr_mult': 3.0, 'trail_atr_len': 14, 'tp_converts_to_trail': True, 'rsi': np.float64(68.97869336608801), 'atr': 2.489404154778158, 'exit_reason': 'sl', 'signal_time': Timestamp('2017-10-10 13:00:00+0000', tz='UTC')}"
2017-10-12 08:00:00+00:00,2017-10-12 13:00:00+00:00,1,1296.935,1292.3824006012082,1292.5574006012082,1305.1351987975836,0.71,-323.23455731421063,-1.0399762481802828,"{'trail_atr_mult': 3.0, 'trail_atr_len': 14, 'tp_converts_to_trail': True, 'rsi': np.float64(65.86179373207696), 'atr': 2.096299699395913, 'exit_reason': 'sl', 'signal_time': Timestamp('2017-10-12 07:00:00+0000', tz='UTC')}"
2017-10-12 06:00:00+00:00,2017-10-12 13:00:00+00:00,1,1296.2949999999998,1291.864056318561,1292.039056318561,1304.3118873628782,0.73,-323.4588887450286,-1.041118965169387,"{'trail_atr_mult': 3.0, 'trail_atr_len': 14, 'tp_converts_to_trail': True, 'rsi': np.float64(67.33504404261518), 'atr': 2.045471840719521, 'exit_reason': 'sl', 'signal_time': Timestamp('2017-10-12 05:00:00+0000', tz='UTC')}"
2017-10-13 13:00:00+00:00,2017-10-16 18:00:00+00:00,1,1300.455,1300.0826843893292,1300.2576843893291,1310.4323330433665,0.59,48.83337897042638,0.157619147271672,"{'trail_atr_mult': 3.0, 'trail_atr_len': 14, 'tp_converts_to_trail': True, 'rsi': np.float64(66.5281272512318), 'atr': 2.5380832608416393, 'exit_reason': 'sl', 'signal_time': Timestamp('2017-10-13 12:00:00+0000', tz='UTC')}"
2017-10-13 18:00:00+00:00,2017-10-16 18:00:00+00:00,1,1302.435,1300.0826843893292,1300.2576843893291,1312.169143349257,0.6,-69.13893664024545,-0.22464168233973483,"{'trail_atr_mult': 3.0, 'trail_atr_len': 14, 'tp_converts_to_trail': True, 'rsi': np.float64(66.7061291680236), 'atr': 2.477285837314214, 'exit_reason': 'sl', 'signal_time': Timestamp('2017-10-13 17:00:00+0000', tz='UTC')}"
2017-10-13 20:00:00+00:00,2017-10-16 18:00:00+00:00,1,1303.735,1300.0826843893292,1300.2576843893291,1313.037577683798,0.63,-154.49588347225486,-0.49906817113511603,"{'trail_atr_mult': 3.0, 'trail_atr_len': 14, 'tp_converts_to_trail': True, 'rsi': np.float64(68.19708873598046), 'atr': 2.369394420949505, 'exit_reason': 'sl', 'signal_time': Timestamp('2017-10-13 19:00:00+0000', tz='UTC')}"
2017-10-16 00:00:00+00:00,2017-10-16 18:00:00+00:00,1,1304.185,1300.0826843893292,1300.2576843893291,1313.3480314035367,0.65,-266.65051469359923,-0.8711620156905161,"{'trail_atr_mult': 3.0, 'trail_atr_len': 14, 'tp_converts_to_trail': True, 'rsi': np.float64(66.227545124398), 'atr': 2.312007850884172, 'exit_reason': 'sl', 'signal_time': Timestamp('2017-10-15 23:00:00+0000', tz='UTC')}"
2017-11-08 14:00:00+00:00,2017-11-09 00:00:00+00:00,1,1285.0449999999998,1280.4796652346581,1280.654665234658,1294.0595734116775,0.64,-215.3814249818708,-0.7011425656160619,"{'trail_atr_mult': 3.0, 'trail_atr_len': 14, 'tp_converts_to_trail': True, 'rsi': np.float64(71.48297734890423), 'atr': 2.3023933529194247, 'exit_reason': 'sl', 'signal_time': Timestamp('2017-11-08 13:00:00+0000', tz='UTC')}"
2017-11-08 10:00:00+00:00,2017-11-09 00:00:00+00:00,1,1281.335,1280.4796652346581,1280.654665234658,1288.9891030490187,0.75,25.84989259935581,0.0842794699106858,"{'trail_atr_mult': 3.0, 'trail_atr_len': 14, 'tp_converts_to_trail': True, 'rsi': np.float64(66.84872231699362), 'atr': 1.9572757622546604, 'exit_reason': 'sl', 'signal_time': Timestamp('2017-11-08 09:00:00+0000', tz='UTC')}"
2017-11-09 11:00:00+00:00,2017-11-09 14:00:00+00:00,1,1287.0449999999998,1282.7810827004757,1282.9560827004757,1294.727834599049,0.75,-319.7937974643082,-1.0427986156678493,"{'trail_atr_mult': 3.0, 'trail_atr_len': 14, 'tp_converts_to_trail': True, 'rsi': np.float64(68.26426720731945), 'atr': 1.9619586497621926, 'exit_reason': 'sl', 'signal_time': Timestamp('2017-11-09 10:00:00+0000', tz='UTC')}"
2017-11-15 08:00:00+00:00,2017-11-15 14:00:00+00:00,1,1283.935,1282.935850907737,1283.110850907737,1291.4866942060937,0.75,-74.93618191972473,-0.2464997610276041,"{'trail_atr_mult': 3.0, 'trail_atr_len': 14, 'tp_converts_to_trail': True, 'rsi': np.float64(66.59350722206162), 'atr': 1.934173551523439, 'exit_reason': 'sl', 'signal_time': Timestamp('2017-11-15 07:00:00+0000', tz='UTC')}"
2017-11-17 14:00:00+00:00,2017-11-17 18:00:00+00:00,1,1285.445,1293.0591890778837,1293.2341890778837,,0.73,555.8358026855169,1.8316131631256545,"{'trail_atr_mult': 3.0, 'trail_atr_len': 14, 'tp_converts_to_trail': True, 'rsi': np.float64(66.00515499323573), 'atr': 1.9910472694709287, 'exit_reason': 'sl', 'signal_time': Timestamp('2017-11-17 13:00:00+0000', tz='UTC')}"
2017-11-17 01:00:00+00:00,2017-11-20 01:00:00+00:00,1,1283.2649999999999,1291.2370165113537,1291.4120165113536,,0.7,642.041155794765,2.1153134335816386,"{'trail_atr_mult': 3.0, 'trail_atr_len': 14, 'tp_converts_to_trail': True, 'rsi': np.float64(65.86663823217094), 'atr': 2.080504127838423, 'exit_reason': 'sl', 'signal_time': Timestamp('2017-11-17 00:00:00+0000', tz='UTC')}"
2017-11-17 10:00:00+00:00,2017-11-20 02:00:00+00:00,1,1283.955,1290.8819597568706,1291.0569597568706,,0.8,650.1567805496561,2.1311138424585314,"{'trail_atr_mult': 3.0, 'trail_atr_len': 14, 'tp_converts_to_trail': True, 'rsi': np.float64(65.02112402375627), 'atr': 1.8192399392176564, 'exit_reason': 'sl', 'signal_time': Timestamp('2017-11-17 09:00:00+0000', tz='UTC')}"
2017-11-22 14:00:00+00:00,2017-11-23 05:00:00+00:00,1,1288.0449999999998,1288.8317814392506,1289.0067814392505,1296.4126727322118,0.7,139.0747007475502,0.44683561378662157,"{'trail_atr_mult': 3.0, 'trail_atr_len': 14, 'tp_converts_to_trail': True, 'rsi': np.float64(68.11973510589492), 'atr': 2.135668183052964, 'exit_reason': 'sl', 'signal_time': Timestamp('2017-11-22 13:00:00+0000', tz='UTC')}"
2017-11-27 10:00:00+00:00,2017-11-27 15:00:00+00:00,1,1294.185,1292.3463228614194,1292.5213228614193,1301.0451570737464,0.84,-154.4488796407686,-0.4979385327136462,"{'trail_atr_mult': 3.0, 'trail_atr_len': 14, 'tp_converts_to_trail': True, 'rsi': np.float64(70.36332114572595), 'atr': 1.7587892684366198, 'exit_reason': 'sl', 'signal_time': Timestamp('2017-11-27 09:00:00+0000', tz='UTC')}"
2017-12-21 01:00:00+00:00,2017-12-21 08:00:00+00:00,1,1267.875,1264.4882104443436,1264.6632104443436,1273.7735791113128,0.97,-328.5185868986687,-1.0544867579171724,"{'trail_atr_mult': 3.0, 'trail_atr_len': 14, 'tp_converts_to_trail': True, 'rsi': np.float64(67.2892265249742), 'atr': 1.5183947778281792, 'exit_reason': 'sl', 'signal_time': Timestamp('2017-12-21 00:00:00+0000', tz='UTC')}"
2017-12-20 17:00:00+00:00,2017-12-21 12:00:00+00:00,1,1266.745,1264.0863028506778,1264.2613028506778,1273.4704004732837,0.84,-122.53056054305232,-0.3926294833143636,"{'trail_atr_mult': 3.0, 'trail_atr_len': 14, 'tp_converts_to_trail': True, 'rsi': np.float64(65.81501128607826), 'atr': 1.74010011832091, 'exit_reason': 'sl', 'signal_time': Timestamp('2017-12-20 16:00:00+0000', tz='UTC')}"
2017-12-27 14:00:00+00:00,2017-12-28 06:00:00+00:00,1,1285.355,1291.2114994181684,1291.3864994181683,,1.0,705.6499418168369,2.277576077059987,"{'trail_atr_mult': 3.0, 'trail_atr_len': 14, 'tp_converts_to_trail': True, 'rsi': np.float64(67.63910156387831), 'atr': 1.521624854542074, 'exit_reason': 'sl', 'signal_time': Timestamp('2017-12-27 13:00:00+0000', tz='UTC')}"
2017-12-29 00:00:00+00:00,2018-01-02 07:00:00+00:00,1,1294.7649999999999,1309.105,1303.4852906817287,,1.04,1657.7600000000152,5.30089659251232,"{'trail_atr_mult': 3.0, 'trail_atr_len': 14, 'tp_converts_to_trail': True, 'rsi': np.float64(66.98068771585176), 'atr': 1.416019236964229, 'exit_reason': 'end_of_data', 'signal_time': Timestamp('2017-12-28 23:00:00+0000', tz='UTC')}"
2018-01-04 15:00:00+00:00,2018-01-05 06:00:00+00:00,1,1319.835,1318.3047375297388,1318.4797375297387,1331.4298835513364,0.49,-55.382861042802595,-0.1865137508085525,"{'trail_atr_mult': 3.0, 'trail_atr_len': 14, 'tp_converts_to_trail': True, 'rsi': np.float64(70.26416881223372), 'atr': 2.942470887834055, 'exit_reason': 'sl', 'signal_time': Timestamp('2018-01-04 14:00:00+0000', tz='UTC')}"
2018-01-05 00:00:00+00:00,2018-01-05 08:00:00+00:00,1,1322.935,1316.6764548298231,1316.851454829823,1334.577090340354,0.49,-306.6687133386647,-1.0287661215795438,"{'trail_atr_mult': 3.0, 'trail_atr_len': 14, 'tp_converts_to_trail': True, 'rsi': np.float64(65.44513543487673), 'atr': 2.9542725850885074, 'exit_reason': 'sl', 'signal_time': Timestamp('2018-01-04 23:00:00+0000', tz='UTC')}"
2018-01-12 00:00:00+00:00,2018-01-12 13:00:00+00:00,1,1324.405,1326.0143015392334,1326.1893015392334,1333.0090064085773,0.65,104.60460005017467,0.3525688267063522,"{'trail_atr_mult': 3.0, 'trail_atr_len': 14, 'tp_converts_to_trail': True, 'rsi': np.float64(65.81929499377308), 'atr': 2.194751602144339, 'exit_reason': 'sl', 'signal_time': Timestamp('2018-01-11 23:00:00+0000', tz='UTC')}"
2018-01-12 02:00:00+00:00,2018-01-12 13:00:00+00:00,1,1326.2849999999999,1326.0143015392334,1326.1893015392334,1334.8121024645384,0.66,-17.866098410584076,-0.05980896964586807,"{'trail_atr_mult': 3.0, 'trail_atr_len': 14, 'tp_converts_to_trail': True, 'rsi': np.float64(69.35593730558972), 'atr': 2.175525616134619, 'exit_reason': 'sl', 'signal_time': Timestamp('2018-01-12 01:00:00+0000', tz='UTC')}"
2018-01-12 18:00:00+00:00,2018-01-16 07:00:00+00:00,1,1337.735,1338.1684709599592,1338.3434709599592,1350.1243688936859,0.46,93.53966415812884,0.31418618808851145,"{'trail_atr_mult': 3.0, 'trail_atr_len': 14, 'tp_converts_to_trail': True, 'rsi': np.float64(71.30318513712979), 'atr': 3.1435922234214653, 'exit_reason': 'sl', 'signal_time': Timestamp('2018-01-12 17:00:00+0000', tz='UTC')}"
2018-01-15 09:00:00+00:00,2018-01-16 08:00:00+00:00,1,1342.985,1337.0984709599593,1337.2734709599592,1354.0768683175606,0.51,-279.8129810420713,-0.944579707725002,"{'trail_atr_mult': 3.0, 'trail_atr_len': 14, 'tp_converts_to_trail': True, 'rsi': np.float64(66.25410985144765), 'atr': 2.816717079390162, 'exit_reason': 'sl', 'signal_time': Timestamp('2018-01-15 08:00:00+0000', tz='UTC')}"
2018-01-23 19:00:00+00:00,2018-01-24 11:00:00+00:00,1,1340.5349999999999,1349.385,1349.7466566895714,,0.62,573.5000000000084,1.9237454967133547,"{'trail_atr_mult': 3.0, 'trail_atr_len': 14, 'tp_converts_to_trail': True, 'rsi': np.float64(65.91699621160555), 'atr': 2.336664172392812, 'exit_reason': 'sl_gap', 'signal_time': Timestamp('2018-01-23 18:00:00+0000', tz='UTC')}"
2018-01-24 02:00:00+00:00,2018-01-24 11:00:00+00:00,1,1341.565,1349.3623973415006,1349.5373973415005,,0.7,545.8178139050369,1.8352436700632802,"{'trail_atr_mult': 3.0, 'trail_atr_len': 14, 'tp_converts_to_trail': True, 'rsi': np.float64(65.82079337812849), 'atr': 2.0368493353751123, 'exit_reason': 'sl', 'signal_time': Timestamp('2018-01-24 01:00:00+0000', tz='UTC')}"
2018-01-24 05:00:00+00:00,2018-01-24 11:00:00+00:00,1,1342.095,1349.385,1349.5915422592116,,0.74,539.4599999999973,1.8108331957544226,"{'trail_atr_mult': 3.0, 'trail_atr_len': 14, 'tp_converts_to_trail': True, 'rsi': np.float64(66.36322899703974), 'atr': 1.9203855648028862, 'exit_reason': 'sl_gap', 'signal_time': Timestamp('2018-01-24 04:00:00+0000', tz='UTC')}"
2018-02-01 20:00:00+00:00,2018-02-02 13:00:00+00:00,1,1349.965,1343.7196852017228,1343.8946852017227,1362.3058947849195,0.47,-274.72979551902597,-0.9129100147161493,"{'trail_atr_mult': 3.0, 'trail_atr_len': 14, 'tp_converts_to_trail': True, 'rsi': np.float64(67.91882449106325), 'atr': 3.1239736962298816, 'exit_reason': 'sl', 'signal_time': Timestamp('2018-02-01 19:00:00+0000', tz='UTC')}"
2018-02-14 15:00:00+00:00,2018-02-16 12:00:00+00:00,1,1348.5149999999999,1354.1780165678465,1354.3530165678465,1366.0317111173079,0.33,239.67954673893865,0.8011396741164234,"{'trail_atr_mult': 3.0, 'trail_atr_len': 14, 'tp_converts_to_trail': True, 'rsi': np.float64(74.23679833198825), 'atr': 4.430427779326982, 'exit_reason': 'sl', 'signal_time': Timestamp('2018-02-14 14:00:00+0000', tz='UTC')}"
2018-02-15 07:00:00+00:00,2018-02-16 12:00:00+00:00,1,1354.835,1354.1780165678465,1354.3530165678465,1368.3184620596307,0.43,-11.050287582602138,-0.03684756513727638,"{'trail_atr_mult': 3.0, 'trail_atr_len': 14, 'tp_converts_to_trail': True, 'rsi': np.float64(67.4859252847965), 'atr': 3.4096155149076712, 'exit_reason': 'sl', 'signal_time': Timestamp('2018-02-15 06:00:00+0000', tz='UTC')}"
2018-02-16 04:00:00+00:00,2018-02-16 12:00:00+00:00,1,1358.845,1354.1780165678465,1354.3530165678465,1369.9334449213254,0.52,-242.6831384719835,-0.8037207673984565,"{'trail_atr_mult': 3.0, 'trail_atr_len': 14, 'tp_converts_to_trail': True, 'rsi': np.float64(66.87631240516149), 'atr': 2.815861230331322, 'exit_reason': 'sl', 'signal_time': Timestamp('2018-02-16 03:00:00+0000', tz='UTC')}"
2018-02-16 08:00:00+00:00,2018-02-16 12:00:00+00:00,1,1360.195,1354.6516325177272,1354.8266325177271,1370.4067349645454,0.56,-310.4285790072736,-1.0325983645079873,"{'trail_atr_mult': 3.0, 'trail_atr_len': 14, 'tp_converts_to_trail': True, 'rsi': np.float64(67.95864520282055), 'atr': 2.596683741136365, 'exit_reason': 'sl', 'signal_time': Timestamp('2018-02-16 07:00:00+0000', tz='UTC')}"
2018-03-06 22:00:00+00:00,2018-03-07 04:00:00+00:00,1,1339.725,1332.2371092707513,1332.4121092707512,1344.2686877787169,0.28,-198.46094041896214,-0.6809161849763269,"{'trail_atr_mult': 3.0, 'trail_atr_len': 14, 'tp_converts_to_trail': True, 'rsi': np.float64(65.46207946553302), 'atr': 2.4921719446792503, 'exit_reason': 'sl', 'signal_time': Timestamp('2018-03-06 20:00:00+0000', tz='UTC')}"
2018-03-06 18:00:00+00:00,2018-03-07 04:00:00+00:00,1,1334.7849999999999,1332.2371092707513,1332.4121092707512,1345.5426714905777,0.53,-113.83820865017542,-0.38074151694345,"{'trail_atr_mult': 3.0, 'trail_atr_len': 14, 'tp_converts_to_trail': True, 'rsi': np.float64(67.44028311469887), 'atr': 2.733167872644455, 'exit_reason': 'sl', 'signal_time': Timestamp('2018-03-06 17:00:00+0000', tz='UTC')}"
2018-03-22 07:00:00+00:00,2018-03-22 16:00:00+00:00,1,1332.085,1325.778805302872,1325.9538053028718,1343.8223893942566,0.49,-309.0035401592793,-1.0285425612208863,"{'trail_atr_mult': 3.0, 'trail_atr_len': 14, 'tp_converts_to_trail': True, 'rsi': np.float64(66.55708036864908), 'atr': 2.978097348564118, 'exit_reason': 'sl', 'signal_time': Timestamp('2018-03-22 06:00:00+0000', tz='UTC')}"
2018-03-25 23:00:00+00:00,2018-03-26 07:00:00+00:00,1,1350.305,1343.439720225666,1343.614720225666,1363.1605595486685,0.44,-284.4723100707009,-0.9663691194405336,"{'trail_atr_mult': 3.0, 'trail_atr_len': 14, 'tp_converts_to_trail': True, 'rsi': np.float64(67.92209341036406), 'atr': 3.2576398871670773, 'exit_reason': 'sl', 'signal_time': Timestamp('2018-03-25 22:00:00+0000', tz='UTC')}"
2018-03-23 00:00:00+00:00,2018-03-26 15:00:00+00:00,1,1338.805,1351.9114917873605,1352.0864917873605,,0.43,615.1791468565008,2.0724296957838235,"{'trail_atr_mult': 3.0, 'trail_atr_len': 14, 'tp_converts_to_trail': True, 'rsi': np.float64(73.784315462955), 'atr': 3.364122946840076, 'exit_reason': 'sl', 'signal_time': Timestamp('2018-03-22 23:00:00+0000', tz='UTC')}"
2018-03-26 14:00:00+00:00,2018-03-27 10:00:00+00:00,1,1352.895,1349.674354794195,1349.849354794195,1363.5447745973565,0.53,-149.49419590765893,-0.5061825488106231,"{'trail_atr_mult': 3.0, 'trail_atr_len': 14, 'tp_converts_to_trail': True, 'rsi': np.float64(66.65529132081278), 'atr': 2.7036936493391064, 'exit_reason': 'sl', 'signal_time': Timestamp('2018-03-26 13:00:00+0000', tz='UTC')}"
2018-04-04 09:00:00+00:00,2018-04-04 15:00:00+00:00,1,1342.155,1339.2483825051418,1339.4233825051417,1352.3726174472172,0.56,-162.7705797120598,-0.5457095421402907,"{'trail_atr_mult': 3.0, 'trail_atr_len': 14, 'tp_converts_to_trail': True, 'rsi': np.float64(67.89026662892407), 'atr': 2.5906543618042805, 'exit_reason': 'sl', 'signal_time': Timestamp('2018-04-04 08:00:00+0000', tz='UTC')}"
2018-04-11 07:00:00+00:00,2018-04-11 14:00:00+00:00,1,1344.805,1352.285,1353.382600969992,,0.66,493.6800000000012,1.6654418970604272,"{'trail_atr_mult': 3.0, 'trail_atr_len': 14, 'tp_converts_to_trail': True, 'rsi': np.float64(68.23595767286425), 'atr': 2.1781502424979595, 'exit_reason': 'sl_gap', 'signal_time': Timestamp('2018-04-11 06:00:00+0000', tz='UTC')}"
2018-04-11 10:00:00+00:00,2018-04-11 14:00:00+00:00,1,1345.635,1352.285,1354.4609418116154,,0.65,432.2500000000059,1.4455041964519417,"{'trail_atr_mult': 3.0, 'trail_atr_len': 14, 'tp_converts_to_trail': True, 'rsi': np.float64(66.78263566167053), 'atr': 2.2377354529038547, 'exit_reason': 'sl_gap', 'signal_time': Timestamp('2018-04-11 09:00:00+0000', tz='UTC')}"
2018-04-10 19:00:00+00:00,2018-04-11 14:00:00+00:00,1,1341.885,1352.285,1352.8247411788946,,0.53,572.4000000000049,1.9140890923044163,"{'trail_atr_mult': 3.0, 'trail_atr_len': 14, 'tp_converts_to_trail': True, 'rsi': np.float64(66.85477825816292), 'atr': 2.7636852947236314, 'exit_reason': 'sl_gap', 'signal_time': Timestamp('2018-04-10 18:00:00+0000', tz='UTC')}"
2018-04-18 13:00:00+00:00,2018-04-18 20:00:00+00:00,1,1353.315,1347.6891801199592,1347.8641801199592,1363.811639760082,0.55,-309.42009340224445,-1.0321052619333007,"{'trail_atr_mult': 3.0, 'trail_atr_len': 14, 'tp_converts_to_trail': True, 'rsi': np.float64(69.37664235442155), 'atr': 2.657909940020469, 'exit_reason': 'sl', 'signal_time': Timestamp('2018-04-18 12:00:00+0000', tz='UTC')}"
2018-05-11 09:00:00+00:00,2018-05-11 19:00:00+00:00,1,1323.2749999999999,1319.772791272349,1319.947791272349,1331.1942441549172,0.71,-248.65681966321355,-0.8294901623874777,"{'trail_atr_mult': 3.0, 'trail_atr_len': 14, 'tp_converts_to_trail': True, 'rsi': np.float64(65.21836071018515), 'atr': 2.0235610387293415, 'exit_reason': 'sl', 'signal_time': Timestamp('2018-05-11 08:00:00+0000', tz='UTC')}"
2018-05-25 13:00:00+00:00,2018-05-25 14:00:00+00:00,1,1307.615,1303.209422563813,1303.384422563813,1315.5811548723746,0.71,-312.7959979692812,-1.0413655115973193,"{'trail_atr_mult': 3.0, 'trail_atr_len': 14, 'tp_converts_to_trail': True, 'rsi': np.float64(68.38518451618637), 'atr': 2.0327887180936135, 'exit_reason': 'sl', 'signal_time': Timestamp('2018-05-25 12:00:00+0000', tz='UTC')}"
2018-05-25 09:00:00+00:00,2018-05-25 20:00:00+00:00,1,1305.155,1301.464770582307,1301.639770582307,1312.042495906206,0.82,-302.5988122508251,-1.0038031886772378,"{'trail_atr_mult': 3.0, 'trail_atr_len': 14, 'tp_converts_to_trail': True, 'rsi': np.float64(66.05640001258696), 'atr': 1.7606239765515237, 'exit_reason': 'sl', 'signal_time': Timestamp('2018-05-25 08:00:00+0000', tz='UTC')}"
2018-05-31 07:00:00+00:00,2018-05-31 13:00:00+00:00,1,1305.095,1300.682820734098,1300.857820734098,1313.0443585318044,0.71,-313.26472787904686,-1.041301061158359,"{'trail_atr_mult': 3.0, 'trail_atr_len': 14, 'tp_converts_to_trail': True, 'rsi': np.float64(65.33941947322256), 'atr': 2.0310896329511055, 'exit_reason': 'sl', 'signal_time': Timestamp('2018-05-31 06:00:00+0000', tz='UTC')}"
2018-06-14 07:00:00+00:00,2018-06-14 15:00:00+00:00,1,1302.725,1302.6001590192077,1302.7751590192076,1309.7148436822065,0.8,-9.987278463377153,-0.033358340158523785,"{'trail_atr_mult': 3.0, 'trail_atr_len': 14, 'tp_converts_to_trail': True, 'rsi': np.float64(71.88685563290991), 'atr': 1.7887109205516467, 'exit_reason': 'sl', 'signal_time': Timestamp('2018-06-14 06:00:00+0000', tz='UTC')}"
2018-06-14 15:00:00+00:00,2018-06-14 19:00:00+00:00,1,1307.165,1301.6285778035583,1301.8035778035583,1317.3328443928835,0.55,-304.50322080429146,-1.0326405930344562,"{'trail_atr_mult': 3.0, 'trail_atr_len': 14, 'tp_converts_to_trail': True, 'rsi': np.float64(65.8967178936508), 'atr': 2.5882110982208903, 'exit_reason': 'sl', 'signal_time': Timestamp('2018-06-14 14:00:00+0000', tz='UTC')}"
2018-08-27 03:00:00+00:00,2018-08-27 16:00:00+00:00,1,1205.945,1210.825,1211.2267688998188,,0.78,380.6400000000085,1.279883867714679,"{'trail_atr_mult': 3.0, 'trail_atr_len': 14, 'tp_converts_to_trail': True, 'rsi': np.float64(66.85058401599008), 'atr': 2.4252306221416595, 'exit_reason': 'sl_gap', 'signal_time': Timestamp('2018-08-27 02:00:00+0000', tz='UTC')}"
2018-08-28 00:00:00+00:00,2018-08-28 04:00:00+00:00,1,1211.185,1207.8070261165358,1207.9820261165357,1215.5519608251966,0.94,-317.5295450456315,-1.0546367239843621,"{'trail_atr_mult': 3.0, 'trail_atr_len': 14, 'tp_converts_to_trail': True, 'rsi': np.float64(65.73350775063602), 'atr': 2.0186492556429037, 'exit_reason': 'sl', 'signal_time': Timestamp('2018-08-27 23:00:00+0000', tz='UTC')}"
2018-08-28 09:00:00+00:00,2018-08-28 15:00:00+00:00,1,1213.155,1209.918192340381,1210.093192340381,1217.4102114894285,0.98,-317.20715064266096,-1.0571557783684324,"{'trail_atr_mult': 3.0, 'trail_atr_len': 14, 'tp_converts_to_trail': True, 'rsi': np.float64(66.29294025228415), 'atr': 1.9512051064126772, 'exit_reason': 'sl', 'signal_time': Timestamp('2018-08-28 08:00:00+0000', tz='UTC')}"
2018-08-27 15:00:00+00:00,2018-08-28 15:00:00+00:00,1,1211.175,1208.3052500563713,1208.4802500563712,1216.4763670413065,0.78,-192.64049560303673,-0.6455324524471985,"{'trail_atr_mult': 3.0, 'trail_atr_len': 14, 'tp_converts_to_trail': True, 'rsi': np.float64(71.2440066435363), 'atr': 2.4339409072473845, 'exit_reason': 'sl', 'signal_time': Timestamp('2018-08-27 14:00:00+0000', tz='UTC')}"
2018-08-27 20:00:00+00:00,2018-08-28 15:00:00+00:00,1,1210.5049999999999,1208.3052500563713,1208.4802500563712,1215.4697464744374,0.84,-151.1789952648027,-0.506758027509513,"{'trail_atr_mult': 3.0, 'trail_atr_len': 14, 'tp_converts_to_trail': True, 'rsi': np.float64(65.34265024182709), 'atr': 2.2709984330833417, 'exit_reason': 'sl', 'signal_time': Timestamp('2018-08-27 19:00:00+0000', tz='UTC')}"
2018-09-13 13:00:00+00:00,2018-09-13 15:00:00+00:00,1,1209.875,1206.2221250761281,1206.397125076128,1214.6293123858081,0.85,-310.4943685291096,-1.0503180832636518,"{'trail_atr_mult': 3.0, 'trail_atr_len': 14, 'tp_converts_to_trail': True, 'rsi': np.float64(71.54120590753953), 'atr': 2.1952499492480255, 'exit_reason': 'sl', 'signal_time': Timestamp('2018-09-13 12:00:00+0000', tz='UTC')}"
2018-09-19 13:00:00+00:00,2018-09-19 14:00:00+00:00,1,1205.425,1202.1574679864966,1202.3324679864966,1209.626298020255,0.96,-313.68307329632074,-1.0565879348171094,"{'trail_atr_mult': 3.0, 'trail_atr_len': 14, 'tp_converts_to_trail': True, 'rsi': np.float64(68.80345016273156), 'atr': 1.9450213423356209, 'exit_reason': 'sl', 'signal_time': Timestamp('2018-09-19 12:00:00+0000', tz='UTC')}"
2018-09-19 06:00:00+00:00,2018-09-19 15:00:00+00:00,1,1203.975,1200.9826408345943,1201.1576408345943,1207.7635387481084,1.05,-314.1977123675838,-1.0621149060967385,"{'trail_atr_mult': 3.0, 'trail_atr_len': 14, 'tp_converts_to_trail': True, 'rsi': np.float64(66.87428388822494), 'atr': 1.761572776937122, 'exit_reason': 'sl', 'signal_time': Timestamp('2018-09-19 05:00:00+0000', tz='UTC')}"
2018-09-20 03:00:00+00:00,2018-09-20 07:00:00+00:00,1,1206.375,1203.463713758194,1203.638713758194,1210.0419293627092,1.07,-311.5076278732431,-1.0639552972661397,"{'trail_atr_mult': 3.0, 'trail_atr_len': 14, 'tp_converts_to_trail': True, 'rsi': np.float64(66.15977786724497), 'atr': 1.7075241612040941, 'exit_reason': 'sl', 'signal_time': Timestamp('2018-09-20 02:00:00+0000', tz='UTC')}"
2018-09-21 01:00:00+00:00,2018-09-21 11:00:00+00:00,1,1209.495,1206.3038899821465,1206.4788899821465,1213.5816650267802,0.97,-309.5376717317761,-1.0580217561574572,"{'trail_atr_mult': 3.0, 'trail_atr_len': 14, 'tp_converts_to_trail': True, 'rsi': np.float64(66.56387356767809), 'atr': 1.8940733452357037, 'exit_reason': 'sl', 'signal_time': Timestamp('2018-09-21 00:00:00+0000', tz='UTC')}"
2018-10-05 13:00:00+00:00,2018-10-05 15:00:00+00:00,1,1204.465,1200.8406197356112,1201.0156197356112,1209.201570396583,0.85,-308.07232247304114,-1.0507337511629686,"{'trail_atr_mult': 3.0, 'trail_atr_len': 14, 'tp_converts_to_trail': True, 'rsi': np.float64(69.81556783538197), 'atr': 2.182920176259167, 'exit_reason': 'sl', 'signal_time': Timestamp('2018-10-05 12:00:00+0000', tz='UTC')}"
2018-10-15 07:00:00+00:00,2018-10-15 10:00:00+00:00,1,1224.995,1229.9438008221825,1230.1188008221825,,0.78,386.0064641302465,1.334795845544783,"{'trail_atr_mult': 3.0, 'trail_atr_len': 14, 'tp_converts_to_trail': True, 'rsi': np.float64(67.32519306672239), 'atr': 2.3550225876367303, 'exit_reason': 'sl', 'signal_time': Timestamp('2018-10-15 06:00:00+0000', tz='UTC')}"
2018-10-25 02:00:00+00:00,2018-10-25 08:00:00+00:00,1,1236.845,1232.8799176937594,1233.0549176937593,1242.0926234593612,0.77,-305.3113375805319,-1.046173139752612,"{'trail_atr_mult': 3.0, 'trail_atr_len': 14, 'tp_converts_to_trail': True, 'rsi': np.float64(66.13588833452025), 'atr': 2.410054870827139, 'exit_reason': 'sl', 'signal_time': Timestamp('2018-10-25 01:00:00+0000', tz='UTC')}"
2018-10-26 09:00:00+00:00,2018-10-26 11:00:00+00:00,1,1237.5449999999998,1233.8139517690004,1233.9889517690003,1242.3915723464993,0.82,-305.94595494195704,-1.0492119309503194,"{'trail_atr_mult': 3.0, 'trail_atr_len': 14, 'tp_converts_to_trail': True, 'rsi': np.float64(67.08472846869336), 'atr': 2.2406988206664225, 'exit_reason': 'sl', 'signal_time': Timestamp('2018-10-26 08:00:00+0000', tz='UTC')}"
2018-10-26 15:00:00+00:00,2018-10-26 17:00:00+00:00,1,1243.355,1238.4417891028318,1238.6167891028317,1249.9998163457528,0.61,-299.7058647272636,-1.036933771796553,"{'trail_atr_mult': 3.0, 'trail_atr_len': 14, 'tp_converts_to_trail': True, 'rsi': np.float64(71.48135929534699), 'atr': 3.0354739314456265, 'exit_reason': 'sl', 'signal_time': Timestamp('2018-10-26 14:00:00+0000', tz='UTC')}"
2018-11-02 07:00:00+00:00,2018-11-02 12:00:00+00:00,1,1234.0349999999999,1230.0398363884842,1230.2148363884842,1239.2277454172736,0.76,-303.63243447518835,-1.0458095562903187,"{'trail_atr_mult': 3.0, 'trail_atr_len': 14, 'tp_converts_to_trail': True, 'rsi': np.float64(65.23879620935293), 'atr': 2.403442407677127, 'exit_reason': 'sl', 'signal_time': Timestamp('2018-11-02 06:00:00+0000', tz='UTC')}"
2018-11-02 09:00:00+00:00,2018-11-02 12:00:00+00:00,1,1235.915,1231.8379456614994,1232.0129456614993,1241.3305815077513,0.74,-301.70202104904456,-1.0448481709424882,"{'trail_atr_mult': 3.0, 'trail_atr_len': 14, 'tp_converts_to_trail': True, 'rsi': np.float64(68.99099397839387), 'atr': 2.484702892333862, 'exit_reason': 'sl', 'signal_time': Timestamp('2018-11-02 08:00:00+0000', tz='UTC')}"
2018-11-02 04:00:00+00:00,2018-11-05 12:00:00+00:00,1,1233.205,1230.2760135738195,1230.4510135738194,1238.2574617319062,0.79,-136.58992766825736,-0.47240395578681327,"{'trail_atr_mult': 3.0, 'trail_atr_len': 14, 'tp_converts_to_trail': True, 'rsi': np.float64(65.73522396565218), 'atr': 2.3233163252916955, 'exit_reason': 'sl', 'signal_time': Timestamp('2018-11-02 03:00:00+0000', tz='UTC')}"
2018-11-06 10:00:00+00:00,2018-11-06 14:00:00+00:00,1,1235.485,1232.3696676862633,1232.5446676862632,1239.4579984706052,0.98,-305.30256674619113,-1.0595170821959092,"{'trail_atr_mult': 3.0, 'trail_atr_len': 14, 'tp_converts_to_trail': True, 'rsi': np.float64(66.89502040509561), 'atr': 1.843554875824531, 'exit_reason': 'sl', 'signal_time': Timestamp('2018-11-06 09:00:00+0000', tz='UTC')}"
2018-11-20 13:00:00+00:00,2018-11-20 15:00:00+00:00,1,1226.915,1223.4920136648375,1223.6670136648374,1231.3494795027436,0.88,-301.222797494298,-1.0538795370243446,"{'trail_atr_mult': 3.0, 'trail_atr_len': 14, 'tp_converts_to_trail': True, 'rsi': np.float64(65.94660889563397), 'atr': 2.0486575567749767, 'exit_reason': 'sl', 'signal_time': Timestamp('2018-11-20 12:00:00+0000', tz='UTC')}"
2018-11-29 14:00:00+00:00,2018-11-29 18:00:00+00:00,1,1227.075,1223.468747956589,1223.6437479565889,1231.8343780651169,0.83,-299.31891960312396,-1.0510017911205318,"{'trail_atr_mult': 3.0, 'trail_atr_len': 14, 'tp_converts_to_trail': True, 'rsi': np.float64(66.65880703793533), 'atr': 2.184168028940775, 'exit_reason': 'sl', 'signal_time': Timestamp('2018-11-29 13:00:00+0000', tz='UTC')}"
2018-12-03 05:00:00+00:00,2018-12-03 08:00:00+00:00,1,1226.945,1230.432192325305,1230.607192325305,,1.04,362.66800183173655,1.2758978169340036,"{'trail_atr_mult': 3.0, 'trail_atr_len': 14, 'tp_converts_to_trail': True, 'rsi': np.float64(68.00669150510745), 'atr': 1.7054188112467035, 'exit_reason': 'sl', 'signal_time': Timestamp('2018-12-03 04:00:00+0000', tz='UTC')}"
2018-12-03 13:00:00+00:00,2018-12-04 05:00:00+00:00,1,1232.185,1236.7305029862696,1236.9055029862695,,0.83,410.47674786038004,1.4382028275577907,"{'trail_atr_mult': 3.0, 'trail_atr_len': 14, 'tp_converts_to_trail': True, 'rsi': np.float64(71.2564737327267), 'atr': 2.1757791050086634, 'exit_reason': 'sl', 'signal_time': Timestamp('2018-12-03 12:00:00+0000', tz='UTC')}"
2018-12-04 01:00:00+00:00,2018-12-04 10:00:00+00:00,1,1235.115,1239.5634041564858,1239.7384041564858,,0.85,378.11435330129484,1.318461292371569,"{'trail_atr_mult': 3.0, 'trail_atr_len': 14, 'tp_converts_to_trail': True, 'rsi': np.float64(70.4820506813658), 'atr': 2.13262406954924, 'exit_reason': 'sl', 'signal_time': Timestamp('2018-12-04 00:00:00+0000', tz='UTC')}"
2018-12-04 17:00:00+00:00,2018-12-05 00:00:00+00:00,1,1240.185,1236.3750901593914,1236.5500901593914,1245.174864760913,0.79,-269.38287740807135,-0.9381002528628395,"{'trail_atr_mult': 3.0, 'trail_atr_len': 14, 'tp_converts_to_trail': True, 'rsi': np.float64(65.91593132417705), 'atr': 2.2999398937390425, 'exit_reason': 'sl', 'signal_time': Timestamp('2018-12-04 16:00:00+0000', tz='UTC')}"
2018-12-06 14:00:00+00:00,2018-12-06 16:00:00+00:00,1,1243.625,1240.278669063605,1240.453669063605,1249.1694964045928,0.91,-304.5161152119365,-1.055181878999638,"{'trail_atr_mult': 3.0, 'trail_atr_len': 14, 'tp_converts_to_trail': True, 'rsi': np.float64(68.36277059083227), 'atr': 2.32422062426341, 'exit_reason': 'sl', 'signal_time': Timestamp('2018-12-06 13:00:00+0000', tz='UTC')}"
2018-12-07 13:00:00+00:00,2018-12-07 20:00:00+00:00,1,1244.135,1248.4283679605435,1248.6033679605434,,0.88,377.8163805278273,1.3127242707327453,"{'trail_atr_mult': 3.0, 'trail_atr_len': 14, 'tp_converts_to_trail': True, 'rsi': np.float64(68.1576661221765), 'atr': 2.0637190935748073, 'exit_reason': 'sl', 'signal_time': Timestamp('2018-12-07 12:00:00+0000', tz='UTC')}"
2018-12-18 08:00:00+00:00,2018-12-18 14:00:00+00:00,1,1248.625,1245.853651907515,1246.028651907515,1252.0820221387278,1.11,-307.6196382658254,-1.0674023643079624,"{'trail_atr_mult': 3.0, 'trail_atr_len': 14, 'tp_converts_to_trail': True, 'rsi': np.float64(66.39138332498608), 'atr': 1.614232061656731, 'exit_reason': 'sl', 'signal_time': Timestamp('2018-12-18 07:00:00+0000', tz='UTC')}"
2018-12-19 02:00:00+00:00,2018-12-19 09:00:00+00:00,1,1250.975,1248.2952054065395,1248.4702054065394,1254.2446918901906,1.14,-305.4965836544888,-1.0698660083572702,"{'trail_atr_mult': 3.0, 'trail_atr_len': 14, 'tp_converts_to_trail': True, 'rsi': np.float64(66.88659883069153), 'atr': 1.5398630623069698, 'exit_reason': 'sl', 'signal_time': Timestamp('2018-12-19 01:00:00+0000', tz='UTC')}"
2018-12-19 04:00:00+00:00,2018-12-19 09:00:00+00:00,1,1251.225,1248.6839271107408,1248.8589271107408,1254.2116093338889,1.21,-307.4698196003526,-1.0739622184905508,"{'trail_atr_mult': 3.0, 'trail_atr_len': 14, 'tp_converts_to_trail': True, 'rsi': np.float64(66.60857839882829), 'atr': 1.4273819261728615, 'exit_reason': 'sl', 'signal_time': Timestamp('2018-12-19 03:00:00+0000', tz='UTC')}"
2018-12-19 14:00:00+00:00,2018-12-19 17:00:00+00:00,1,1255.935,1252.424649488107,1252.599649488107,1260.2505257678397,0.85,-298.3797935109021,-1.0524682486521129,"{'trail_atr_mult': 3.0, 'trail_atr_len': 14, 'tp_converts_to_trail': True, 'rsi': np.float64(72.19068706136848), 'atr': 2.0402336745954166, 'exit_reason': 'sl', 'signal_time': Timestamp('2018-12-19 13:00:00+0000', tz='UTC')}"
2018-12-20 09:00:00+00:00,2018-12-20 18:00:00+00:00,1,1257.075,1262.415,1262.8714148767244,,0.68,363.1199999999945,1.2849068616427104,"{'trail_atr_mult': 3.0, 'trail_atr_len': 14, 'tp_converts_to_trail': True, 'rsi': np.float64(70.00563727798627), 'atr': 2.6539621674330807, 'exit_reason': 'sl_gap', 'signal_time': Timestamp('2018-12-20 08:00:00+0000', tz='UTC')}"
2018-12-20 13:00:00+00:00,2018-12-20 18:00:00+00:00,1,1257.0149999999999,1262.415,1262.937948388539,,0.67,361.8000000000061,1.2685091957736918,"{'trail_atr_mult': 3.0, 'trail_atr_len': 14, 'tp_converts_to_trail': True, 'rsi': np.float64(66.30681785759941), 'atr': 2.714643728239678, 'exit_reason': 'sl_gap', 'signal_time': Timestamp('2018-12-20 12:00:00+0000', tz='UTC')}"
2018-12-20 16:00:00+00:00,2018-12-21 06:00:00+00:00,1,1260.225,1258.5686038128222,1258.7436038128221,1267.283660754235,0.56,-70.3581864819531,-0.24974213274067247,"{'trail_atr_mult': 3.0, 'trail_atr_len': 14, 'tp_converts_to_trail': True, 'rsi': np.float64(66.64279318469202), 'atr': 3.2238492241044527, 'exit_reason': 'sl', 'signal_time': Timestamp('2018-12-20 15:00:00+0000', tz='UTC')}"
2018-12-24 02:00:00+00:00,2018-12-24 10:00:00+00:00,1,1264.055,1260.0677601677862,1260.2427601677862,1269.3608597483212,0.75,-299.0429874160384,-1.0459047719194325,"{'trail_atr_mult': 3.0, 'trail_atr_len': 14, 'tp_converts_to_trail': True, 'rsi': np.float64(65.47202104029807), 'atr': 2.4314932214760243, 'exit_reason': 'sl', 'signal_time': Timestamp('2018-12-24 01:00:00+0000', tz='UTC')}"
2018-12-24 14:00:00+00:00,2018-12-26 05:00:00+00:00,1,1266.425,1271.461938053373,1271.636938053373,,0.77,449.44423010971934,1.577710571025802,"{'trail_atr_mult': 3.0, 'trail_atr_len': 14, 'tp_converts_to_trail': True, 'rsi': np.float64(66.04070216118407), 'atr': 2.3764169126102277, 'exit_reason': 'sl', 'signal_time': Timestamp('2018-12-24 13:00:00+0000', tz='UTC')}"
2018-12-24 16:00:00+00:00,2018-12-26 06:00:00+00:00,1,1268.145,1272.635,1273.3983292398982,,0.73,386.17000000000064,1.3585399733649162,"{'trail_atr_mult': 3.0, 'trail_atr_len': 14, 'tp_converts_to_trail': True, 'rsi': np.float64(68.38831172241954), 'atr': 2.439257439954729, 'exit_reason': 'sl_gap', 'signal_time': Timestamp('2018-12-24 15:00:00+0000', tz='UTC')}"
2018-12-28 06:00:00+00:00,2018-12-28 08:00:00+00:00,1,1280.895,1277.1874331122847,1277.3624331122846,1285.7563503315732,0.81,-300.31291790493947,-1.0495390478262492,"{'trail_atr_mult': 3.0, 'trail_atr_len': 14, 'tp_converts_to_trail': True, 'rsi': np.float64(68.0457697087504), 'atr': 2.238377925143626, 'exit_reason': 'sl', 'signal_time': Timestamp('2018-12-28 05:00:00+0000', tz='UTC')}"
2018-12-27 17:00:00+00:00,2018-12-31 12:00:00+00:00,1,1277.585,1283.255,1283.772498440288,,0.65,472.55000000000473,1.6585555265200607,"{'trail_atr_mult': 3.0, 'trail_atr_len': 14, 'tp_converts_to_trail': True, 'rsi': np.float64(65.65654774463873), 'atr': 2.8188881956835594, 'exit_reason': 'sl_gap', 'signal_time': Timestamp('2018-12-27 16:00:00+0000', tz='UTC')}"
2018-12-31 10:00:00+00:00,2018-12-31 13:00:00+00:00,1,1282.605,1279.5847833280786,1279.7597833280786,1286.4353250078823,1.01,-305.0418838640603,-1.0615067392676893,"{'trail_atr_mult': 3.0, 'trail_atr_len': 14, 'tp_converts_to_trail': True, 'rsi': np.float64(65.93077790722697), 'atr': 1.7801444479476367, 'exit_reason': 'sl', 'signal_time': Timestamp('2018-12-31 09:00:00+0000', tz='UTC')}"
2019-01-02 05:00:00+00:00,2019-01-02 07:00:00+00:00,1,1286.375,1285.275,1282.6863630728258,1291.4704553907613,0.78,-85.7999999999929,-0.2982131398989683,"{'trail_atr_mult': 3.0, 'trail_atr_len': 14, 'tp_converts_to_trail': True, 'rsi': np.float64(66.79035420258623), 'atr': 2.342424618116148, 'exit_reason': 'end_of_data', 'signal_time': Timestamp('2019-01-02 04:00:00+0000', tz='UTC')}"
2019-01-03 01:00:00+00:00,2019-01-03 13:00:00+00:00,1,1288.445,1284.3456387424121,1284.520638742412,1297.172728887412,0.49,-200.86870162180298,-0.6709098007172827,"{'trail_atr_mult': 3.0, 'trail_atr_len': 14, 'tp_converts_to_trail': True, 'rsi': np.float64(61.69353558024363), 'atr': 2.9675762958039718, 'exit_reason': 'sl', 'signal_time': Timestamp('2019-01-03 00:00:00+0000', tz='UTC')}"
2019-01-03 04:00:00+00:00,2019-01-03 13:00:00+00:00,1,1288.5249999999999,1284.3456387424121,1284.520638742412,1296.297742480191,0.54,-225.68550790973813,-0.7635635490068896,"{'trail_atr_mult': 3.0, 'trail_atr_len': 14, 'tp_converts_to_trail': True, 'rsi': np.float64(61.11263416823157), 'atr': 2.6492474933969716, 'exit_reason': 'sl', 'signal_time': Timestamp('2019-01-03 03:00:00+0000', tz='UTC')}"
2019-01-03 17:00:00+00:00,2019-01-04 08:00:00+00:00,1,1290.5349999999999,1291.348926689107,1291.523926689107,1298.6552880299384,0.52,63.12418783357026,0.21277578122880556,"{'trail_atr_mult': 3.0, 'trail_atr_len': 14, 'tp_converts_to_trail': True, 'rsi': np.float64(60.79054834993522), 'atr': 2.7650960099794926, 'exit_reason': 'sl', 'signal_time': Timestamp('2019-01-03 16:00:00+0000', tz='UTC')}"
2019-01-14 09:00:00+00:00,2019-01-14 13:00:00+00:00,1,1293.945,1289.6670513347337,1289.8420513347337,1299.7491593987702,0.7,-299.4564065686336,-1.011868123845307,"{'trail_atr_mult': 3.0, 'trail_atr_len': 14, 'tp_converts_to_trail': True, 'rsi': np.float64(60.16063074084757), 'atr': 2.0063864662566995, 'exit_reason': 'sl', 'signal_time': Timestamp('2019-01-14 08:00:00+0000', tz='UTC')}"
2019-01-15 14:00:00+00:00,2019-01-15 16:00:00+00:00,1,1294.5349999999999,1290.0998664045526,1290.2748664045525,1300.4877003931708,0.69,-306.02421808586155,-1.0410785239662372,"{'trail_atr_mult': 3.0, 'trail_atr_len': 14, 'tp_converts_to_trail': True, 'rsi': np.float64(62.518531166646305), 'atr': 2.0425667977236728, 'exit_reason': 'sl', 'signal_time': Timestamp('2019-01-15 13:00:00+0000', tz='UTC')}"
2019-01-28 12:00:00+00:00,2019-01-29 07:00:00+00:00,1,1300.175,1304.815,1305.9187989479346,,0.72,362.88000000000716,1.2230439044735266,"{'trail_atr_mult': 3.0, 'trail_atr_len': 14, 'tp_converts_to_trail': True, 'rsi': np.float64(60.385210219262994), 'atr': 1.9729329826448925, 'exit_reason': 'sl_gap', 'signal_time': Timestamp('2019-01-28 11:00:00+0000', tz='UTC')}"
2019-01-28 14:00:00+00:00,2019-01-29 09:00:00+00:00,1,1302.2649999999999,1308.2250000000001,1308.4949337867395,,0.66,419.7600000000174,1.4308353566216403,"{'trail_atr_mult': 3.0, 'trail_atr_len': 14, 'tp_converts_to_trail': True, 'rsi': np.float64(65.10108344303998), 'atr': 2.134977928913192, 'exit_reason': 'sl_gap', 'signal_time': Timestamp('2019-01-28 13:00:00+0000', tz='UTC')}"
2019-01-30 19:00:00+00:00,2019-01-31 17:00:00+00:00,1,1319.985,1319.631824262822,1319.806824262822,1327.6752147033394,0.55,46.57533445521358,0.1558053287100604,"{'trail_atr_mult': 3.0, 'trail_atr_len': 14, 'tp_converts_to_trail': True, 'rsi': np.float64(72.16571774809857), 'atr': 2.6250715677797847, 'exit_reason': 'sl', 'signal_time': Timestamp('2019-01-30 18:00:00+0000', tz='UTC')}"
2019-01-31 17:00:00+00:00,2019-02-01 05:00:00+00:00,1,1322.105,1317.2623484619337,1317.4373484619337,1328.7189773070997,0.64,-284.3296984362445,-0.9517958874682289,"{'trail_atr_mult': 3.0, 'trail_atr_len': 14, 'tp_converts_to_trail': True, 'rsi': np.float64(60.13249633280474), 'atr': 2.256325769033201, 'exit_reason': 'sl', 'signal_time': Timestamp('2019-01-31 16:00:00+0000', tz='UTC')}"
2019-02-13 15:00:00+00:00,2019-02-13 19:00:00+00:00,1,1314.585,1309.910675360511,1310.085675360511,1320.8964869592337,0.66,-308.50542620627317,-1.0388947262138055,"{'trail_atr_mult': 3.0, 'trail_atr_len': 14, 'tp_converts_to_trail': True, 'rsi': np.float64(61.524840077828664), 'atr': 2.1621623197445063, 'exit_reason': 'sl', 'signal_time': Timestamp('2019-02-13 14:00:00+0000', tz='UTC')}"
2019-02-15 17:00:00+00:00,2019-02-17 23:00:00+00:00,1,1317.7749999999999,1316.2294813320136,1316.4044813320136,1324.0005215205827,0.66,-49.20423208709207,-0.16720610101773767,"{'trail_atr_mult': 3.0, 'trail_atr_len': 14, 'tp_converts_to_trail': True, 'rsi': np.float64(62.15131279916645), 'atr': 2.136840506860897, 'exit_reason': 'sl', 'signal_time': Timestamp('2019-02-15 16:00:00+0000', tz='UTC')}"
2019-02-15 06:00:00+00:00,2019-02-17 23:00:00+00:00,1,1314.585,1317.185,1320.3541453108696,,0.71,241.3999999999935,0.8216999271842265,"{'trail_atr_mult': 3.0, 'trail_atr_len': 14, 'tp_converts_to_trail': True, 'rsi': np.float64(61.59220916205985), 'atr': 1.9813817702898524, 'exit_reason': 'sl_gap', 'signal_time': Timestamp('2019-02-15 05:00:00+0000', tz='UTC')}"
2019-02-18 08:00:00+00:00,2019-02-19 06:00:00+00:00,1,1322.935,1322.9953694848966,1323.1703694848966,1328.5251590834541,0.73,33.606972397457824,0.11409104954097879,"{'trail_atr_mult': 3.0, 'trail_atr_len': 14, 'tp_converts_to_trail': True, 'rsi': np.float64(62.207233425934874), 'atr': 1.9250530278180344, 'exit_reason': 'sl', 'signal_time': Timestamp('2019-02-18 07:00:00+0000', tz='UTC')}"
2019-03-15 13:00:00+00:00,2019-03-18 00:00:00+00:00,1,1304.745,1300.2583319851976,1300.4333319851976,1311.4692216523258,0.62,-203.77341691774026,-0.688382244037953,"{'trail_atr_mult': 3.0, 'trail_atr_len': 14, 'tp_converts_to_trail': True, 'rsi': np.float64(62.613460937821586), 'atr': 2.299740550775323, 'exit_reason': 'sl', 'signal_time': Timestamp('2019-03-15 12:00:00+0000', tz='UTC')}"
2019-03-18 12:00:00+00:00,2019-03-18 17:00:00+00:00,1,1305.645,1301.4356657298829,1301.6106657298828,1311.2840014051758,0.73,-307.28140171854807,-1.0433776648841924,"{'trail_atr_mult': 3.0, 'trail_atr_len': 14, 'tp_converts_to_trail': True, 'rsi': np.float64(62.869783356779074), 'atr': 1.9346671350586124, 'exit_reason': 'sl', 'signal_time': Timestamp('2019-03-18 11:00:00+0000', tz='UTC')}"
2019-03-18 07:00:00+00:00,2019-03-19 13:00:00+00:00,1,1304.085,1308.2250000000001,1309.8951428972193,,0.74,335.9600000000074,1.1354460605110777,"{'trail_atr_mult': 3.0, 'trail_atr_len': 14, 'tp_converts_to_trail': True, 'rsi': np.float64(60.94808484622641), 'atr': 1.9617142990731045, 'exit_reason': 'sl_gap', 'signal_time': Timestamp('2019-03-18 06:00:00+0000', tz='UTC')}"
2019-03-20 18:00:00+00:00,2019-03-21 13:00:00+00:00,1,1314.5349999999999,1313.24829651816,1313.42329651816,1324.079728967338,0.44,-3.814953200952182,-0.013094263451579973,"{'trail_atr_mult': 3.0, 'trail_atr_len': 14, 'tp_converts_to_trail': True, 'rsi': np.float64(68.06490260275794), 'atr': 3.233242989112661, 'exit_reason': 'sl', 'signal_time': Timestamp('2019-03-20 17:00:00+0000', tz='UTC')}"
2019-03-21 12:00:00+00:00,2019-03-21 13:00:00+00:00,1,1317.925,1312.561970954907,1312.736970954907,1325.2695435676396,0.57,-305.69265557029206,-1.0337314996656541,"{'trail_atr_mult': 3.0, 'trail_atr_len': 14, 'tp_converts_to_trail': True, 'rsi': np.float64(61.22930430506), 'atr': 2.5065145225465093, 'exit_reason': 'sl', 'signal_time': Timestamp('2019-03-21 11:00:00+0000', tz='UTC')}"
2019-03-25 03:00:00+00:00,2019-03-25 15:00:00+00:00,1,1315.495,1319.605,1321.7854097115514,,0.65,267.1500000000083,0.9129397938571933,"{'trail_atr_mult': 3.0, 'trail_atr_len': 14, 'tp_converts_to_trail': True, 'rsi': np.float64(60.12715009103306), 'atr': 2.158469903850521, 'exit_reason': 'sl_gap', 'signal_time': Timestamp('2019-03-25 02:00:00+0000', tz='UTC')}"
2019-04-10 14:00:00+00:00,2019-04-11 08:00:00+00:00,1,1305.875,1305.6757906397206,1305.8507906397206,1311.7478898215975,0.68,68.05376350100197,0.2314719702093698,"{'trail_atr_mult': 3.0, 'trail_atr_len': 14, 'tp_converts_to_trail': True, 'rsi': np.float64(60.45977244870041), 'atr': 2.0392966071991543, 'exit_reason': 'sl', 'signal_time': Timestamp('2019-04-10 13:00:00+0000', tz='UTC')}"
2019-04-29 02:00:00+00:00,2019-04-29 08:00:00+00:00,1,1285.695,1281.793039031436,1281.9680390314359,1290.8479414528463,0.79,-308.25491651655807,-1.0469551469618366,"{'trail_atr_mult': 3.0, 'trail_atr_len': 14, 'tp_converts_to_trail': True, 'rsi': np.float64(60.75844627115558), 'atr': 1.775980484282111, 'exit_reason': 'sl', 'signal_time': Timestamp('2019-04-29 01:00:00+0000', tz='UTC')}"
2019-05-10 13:00:00+00:00,2019-05-13 03:00:00+00:00,1,1288.455,1284.221999413252,1284.396999413252,1294.104500880122,0.73,-221.40904283260025,-0.7474125550037287,"{'trail_atr_mult': 3.0, 'trail_atr_len': 14, 'tp_converts_to_trail': True, 'rsi': np.float64(64.49063518624376), 'atr': 1.9415002933740335, 'exit_reason': 'sl', 'signal_time': Timestamp('2019-05-10 12:00:00+0000', tz='UTC')}"
2019-05-10 16:00:00+00:00,2019-05-13 03:00:00+00:00,1,1288.745,1283.9591063086423,1284.1341063086422,1295.2238405370365,0.64,-229.4971962468873,-0.7777003616628085,"{'trail_atr_mult': 3.0, 'trail_atr_len': 14, 'tp_converts_to_trail': True, 'rsi': np.float64(62.255799493470136), 'atr': 2.2179468456788425, 'exit_reason': 'sl', 'signal_time': Timestamp('2019-05-10 15:00:00+0000', tz='UTC')}"
2019-05-10 05:00:00+00:00,2019-05-13 04:00:00+00:00,1,1286.7649999999999,1283.4574608115024,1283.6324608115024,1292.238344399422,0.75,-158.06543913730934,-0.5348320086137379,"{'trail_atr_mult': 3.0, 'trail_atr_len': 14, 'tp_converts_to_trail': True, 'rsi': np.float64(60.594540302638535), 'atr': 1.8827814664740377, 'exit_reason': 'sl', 'signal_time': Timestamp('2019-05-10 04:00:00+0000', tz='UTC')}"
2019-05-09 14:00:00+00:00,2019-05-13 04:00:00+00:00,1,1286.155,1283.4574608115024,1283.6324608115024,1292.3787365772594,0.66,-72.43758644083881,-0.2471476224649719,"{'trail_atr_mult': 3.0, 'trail_atr_len': 14, 'tp_converts_to_trail': True, 'rsi': np.float64(61.240024795891856), 'atr': 2.1329121924197976, 'exit_reason': 'sl', 'signal_time': Timestamp('2019-05-09 13:00:00+0000', tz='UTC')}"
2019-05-13 13:00:00+00:00,2019-05-13 15:00:00+00:00,1,1291.645,1297.2150000000001,1297.857092593328,,0.66,367.6200000000108,1.2564679538989076,"{'trail_atr_mult': 3.0, 'trail_atr_len': 14, 'tp_converts_to_trail': True, 'rsi': np.float64(69.21667276485657), 'atr': 2.1290308644426617, 'exit_reason': 'sl_gap', 'signal_time': Timestamp('2019-05-13 12:00:00+0000', tz='UTC')}"
2019-05-14 08:00:00+00:00,2019-05-14 16:00:00+00:00,1,1298.565,1294.3007163036834,1294.4757163036834,1304.2614255444753,0.72,-307.028426134797,-1.0427947809435627,"{'trail_atr_mult': 3.0, 'trail_atr_len': 14, 'tp_converts_to_trail': True, 'rsi': np.float64(60.63581060919273), 'atr': 1.957141848158404, 'exit_reason': 'sl', 'signal_time': Timestamp('2019-05-14 07:00:00+0000', tz='UTC')}"
2019-05-14 12:00:00+00:00,2019-05-14 16:00:00+00:00,1,1299.095,1294.9229400080567,1295.0979400080566,1304.6530899879153,0.74,-308.73243940380735,-1.0437821799904656,"{'trail_atr_mult': 3.0, 'trail_atr_len': 14, 'tp_converts_to_trail': True, 'rsi': np.float64(60.527297464878124), 'atr': 1.9110299959717307, 'exit_reason': 'sl', 'signal_time': Timestamp('2019-05-14 11:00:00+0000', tz='UTC')}"
2019-06-04 10:00:00+00:00,2019-06-05 09:00:00+00:00,1,1325.065,1332.4390792125075,1332.6140792125075,,0.55,427.5743566879108,1.4600892958651703,"{'trail_atr_mult': 3.0, 'trail_atr_len': 14, 'tp_converts_to_trail': True, 'rsi': np.float64(60.579837981265925), 'atr': 2.574693070835825, 'exit_reason': 'sl', 'signal_time': Timestamp('2019-06-04 09:00:00+0000', tz='UTC')}"
2019-06-04 20:00:00+00:00,2019-06-05 09:00:00+00:00,1,1326.645,1333.2250000000001,1335.3987057940474,,0.48,335.0400000000074,1.139132365720833,"{'trail_atr_mult': 3.0, 'trail_atr_len': 14, 'tp_converts_to_trail': True, 'rsi': np.float64(60.07071875580761), 'atr': 2.976235264682484, 'exit_reason': 'sl_gap', 'signal_time': Timestamp('2019-06-04 19:00:00+0000', tz='UTC')}"
2019-06-05 01:00:00+00:00,2019-06-05 09:00:00+00:00,1,1327.095,1333.2250000000001,1334.688438572048,,0.54,331.0200000000059,1.144947121374337,"{'trail_atr_mult': 3.0, 'trail_atr_len': 14, 'tp_converts_to_trail': True, 'rsi': np.float64(60.4710968341814), 'atr': 2.5894795240159594, 'exit_reason': 'sl_gap', 'signal_time': Timestamp('2019-06-05 00:00:00+0000', tz='UTC')}"
2019-06-05 07:00:00+00:00,2019-06-05 14:00:00+00:00,1,1333.665,1340.605,1341.3065557340462,,0.54,374.76000000000295,1.2885169186456873,"{'trail_atr_mult': 3.0, 'trail_atr_len': 14, 'tp_converts_to_trail': True, 'rsi': np.float64(70.81447633470485), 'atr': 2.6055185780154417, 'exit_reason': 'sl_gap', 'signal_time': Timestamp('2019-06-05 06:00:00+0000', tz='UTC')}"
2019-06-06 16:00:00+00:00,2019-06-07 01:00:00+00:00,1,1338.5449999999998,1332.2242237908913,1332.3992237908913,1347.3261643136627,0.48,-284.19725803721013,-0.9633894902214996,"{'trail_atr_mult': 3.0, 'trail_atr_len': 14, 'tp_converts_to_trail': True, 'rsi': np.float64(64.53375113238427), 'atr': 2.985388104554278, 'exit_reason': 'sl', 'signal_time': Timestamp('2019-06-06 15:00:00+0000', tz='UTC')}"
2019-06-06 08:00:00+00:00,2019-06-07 05:00:00+00:00,1,1334.945,1332.4462262740344,1332.6212262740344,1343.4175749943856,0.5,-104.93868629827602,-0.3533259361937986,"{'trail_atr_mult': 3.0, 'trail_atr_len': 14, 'tp_converts_to_trail': True, 'rsi': np.float64(60.1069343977515), 'atr': 2.8825249981285554, 'exit_reason': 'sl', 'signal_time': Timestamp('2019-06-06 07:00:00+0000', tz='UTC')}"
2019-06-07 13:00:00+00:00,2019-06-09 23:00:00+00:00,1,1341.215,1334.445,1338.4694494187743,1349.4298218452009,0.51,-304.46999999999906,-1.0349823041970094,"{'trail_atr_mult': 3.0, 'trail_atr_len': 14, 'tp_converts_to_trail': True, 'rsi': np.float64(66.21248589609988), 'atr': 2.7966072817336385, 'exit_reason': 'sl_gap', 'signal_time': Timestamp('2019-06-07 12:00:00+0000', tz='UTC')}"
2019-06-07 17:00:00+00:00,2019-06-09 23:00:00+00:00,1,1343.245,1334.445,1335.763492265015,1354.0297616024775,0.39,-311.99999999999824,-1.0693031783674396,"{'trail_atr_mult': 3.0, 'trail_atr_len': 14, 'tp_converts_to_trail': True, 'rsi': np.float64(62.860374626433654), 'atr': 3.6532538674925203, 'exit_reason': 'sl_gap', 'signal_time': Timestamp('2019-06-07 16:00:00+0000', tz='UTC')}"
2019-06-12 16:00:00+00:00,2019-06-13 20:00:00+00:00,1,1335.5449999999998,1341.085,1342.5228979780707,,0.59,397.6600000000113,1.3633792858992055,"{'trail_atr_mult': 3.0, 'trail_atr_len': 14, 'tp_converts_to_trail': True, 'rsi': np.float64(61.377379940307875), 'atr': 2.3842993260236027, 'exit_reason': 'sl_gap', 'signal_time': Timestamp('2019-06-12 15:00:00+0000', tz='UTC')}"
2019-06-13 16:00:00+00:00,2019-06-14 04:00:00+00:00,1,1339.235,1345.9329830839972,1346.1079830839972,,0.6,425.8789850398389,1.4563982302759384,"{'trail_atr_mult': 3.0, 'trail_atr_len': 14, 'tp_converts_to_trail': True, 'rsi': np.float64(63.58699414687312), 'atr': 2.3493276946657744, 'exit_reason': 'sl', 'signal_time': Timestamp('2019-06-13 15:00:00+0000', tz='UTC')}"
2019-06-14 14:00:00+00:00,2019-06-14 18:00:00+00:00,1,1351.2949999999998,1344.4412569581593,1344.6162569581593,1360.4506145627613,0.44,-301.5646938409827,-1.0262025352530597,"{'trail_atr_mult': 3.0, 'trail_atr_len': 14, 'tp_converts_to_trail': True, 'rsi': np.float64(61.27564481254855), 'atr': 3.166871520920385, 'exit_reason': 'sl', 'signal_time': Timestamp('2019-06-14 13:00:00+0000', tz='UTC')}"
2019-06-18 06:00:00+00:00,2019-06-18 14:00:00+00:00,1,1346.0249999999999,1351.4750000000001,1352.9408528821991,,0.6,327.00000000001637,1.111737751603104,"{'trail_atr_mult': 3.0, 'trail_atr_len': 14, 'tp_converts_to_trail': True, 'rsi': np.float64(65.03011088023474), 'atr': 2.3636176273997234, 'exit_reason': 'sl_gap', 'signal_time': Timestamp('2019-06-18 05:00:00+0000', tz='UTC')}"
2019-06-18 09:00:00+00:00,2019-06-18 14:00:00+00:00,1,1345.725,1351.4750000000001,1352.8765975882623,,0.58,333.5000000000132,1.14025498737407,"{'trail_atr_mult': 3.0, 'trail_atr_len': 14, 'tp_converts_to_trail': True, 'rsi': np.float64(62.09540695945924), 'atr': 2.438865862754097, 'exit_reason': 'sl_gap', 'signal_time': Timestamp('2019-06-18 08:00:00+0000', tz='UTC')}"
2019-06-19 19:00:00+00:00,2019-06-19 23:00:00+00:00,1,1352.315,1359.295,1361.3648841504369,,0.46,321.08000000000084,1.080787118318985,"{'trail_atr_mult': 3.0, 'trail_atr_len': 14, 'tp_converts_to_trail': True, 'rsi': np.float64(69.4821610930219), 'atr': 3.101628050145647, 'exit_reason': 'sl_gap', 'signal_time': Timestamp('2019-06-19 18:00:00+0000', tz='UTC')}"
2019-06-21 13:00:00+00:00,2019-06-24 17:00:00+00:00,1,1397.0049999999999,1413.555,1414.9284686510057,,0.24,426.0000000000044,1.4500868938928193,"{'trail_atr_mult': 3.0, 'trail_atr_len': 14, 'tp_converts_to_trail': True, 'rsi': np.float64(60.31306291009288), 'atr': 6.032822883668567, 'exit_reason': 'sl_gap', 'signal_time': Timestamp('2019-06-21 12:00:00+0000', tz='UTC')}"
2019-06-24 09:00:00+00:00,2019-06-24 20:00:00+00:00,1,1405.625,1419.035,1420.0511145851694,,0.3,402.30000000000246,1.3533047351799972,"{'trail_atr_mult': 3.0, 'trail_atr_len': 14, 'tp_converts_to_trail': True, 'rsi': np.float64(61.10394279931303), 'atr': 4.8670381950564465, 'exit_reason': 'sl_gap', 'signal_time': Timestamp('2019-06-24 08:00:00+0000', tz='UTC')}"
2019-06-23 23:00:00+00:00,2019-06-25 00:00:00+00:00,1,1405.375,1422.3731176412173,1422.5481176412172,,0.25,444.95294103043193,1.5159704790445272,"{'trail_atr_mult': 3.0, 'trail_atr_len': 14, 'tp_converts_to_trail': True, 'rsi': np.float64(64.98212026608199), 'atr': 5.782705880405723, 'exit_reason': 'sl', 'signal_time': Timestamp('2019-06-23 22:00:00+0000', tz='UTC')}"
2019-06-24 15:00:00+00:00,2019-06-25 06:00:00+00:00,1,1408.625,1424.5344646082306,1424.7094646082305,,0.33,538.2123320716088,1.8121595074455479,"{'trail_atr_mult': 3.0, 'trail_atr_len': 14, 'tp_converts_to_trail': True, 'rsi': np.float64(62.443961890257185), 'atr': 4.412508012876466, 'exit_reason': 'sl', 'signal_time': Timestamp('2019-06-24 14:00:00+0000', tz='UTC')}"
2019-06-25 07:00:00+00:00,2019-06-25 18:00:00+00:00,1,1430.0449999999998,1419.6654090301954,1419.8404090301954,1447.380461638822,0.26,-269.86936521491543,-0.888513413178584,"{'trail_atr_mult': 3.0, 'trail_atr_len': 14, 'tp_converts_to_trail': True, 'rsi': np.float64(64.84291383634056), 'atr': 5.8034872129406265, 'exit_reason': 'sl', 'signal_time': Timestamp('2019-06-25 06:00:00+0000', tz='UTC')}"
2019-06-25 14:00:00+00:00,2019-06-25 18:00:00+00:00,1,1431.905,1420.573348447264,1420.7483484472639,1448.2524773291043,0.27,-305.9545919238733,-1.0156857099258456,"{'trail_atr_mult': 3.0, 'trail_atr_len': 14, 'tp_converts_to_trail': True, 'rsi': np.float64(62.06084854693193), 'atr': 5.500825776368074, 'exit_reason': 'sl', 'signal_time': Timestamp('2019-06-25 13:00:00+0000', tz='UTC')}"
2019-07-14 23:00:00+00:00,2019-07-15 03:00:00+00:00,1,1417.555,1410.0965474965135,1410.2715474965134,1428.1426787552298,0.41,-289.39655264294936,-0.9691080569424546,"{'trail_atr_mult': 3.0, 'trail_atr_len': 14, 'tp_converts_to_trail': True, 'rsi': np.float64(64.06050446547603), 'atr': 3.574226251743258, 'exit_reason': 'sl', 'signal_time': Timestamp('2019-07-14 22:00:00+0000', tz='UTC')}"
2019-07-12 19:00:00+00:00,2019-07-15 13:00:00+00:00,1,1416.7749999999999,1410.621991840907,1410.796991840907,1427.6277471571916,0.39,-193.1673182046233,-0.6580469085574318,"{'trail_atr_mult': 3.0, 'trail_atr_len': 14, 'tp_converts_to_trail': True, 'rsi': np.float64(64.28993021219654), 'atr': 3.6759157190638834, 'exit_reason': 'sl', 'signal_time': Timestamp('2019-07-12 18:00:00+0000', tz='UTC')}"
2019-07-18 16:00:00+00:00,2019-07-18 23:00:00+00:00,1,1428.885,1440.683209382171,1440.858209382171,,0.35,412.9373283759878,1.420249323732572,"{'trail_atr_mult': 3.0, 'trail_atr_len': 14, 'tp_converts_to_trail': True, 'rsi': np.float64(65.0569273958883), 'atr': 4.056069794057023, 'exit_reason': 'sl', 'signal_time': Timestamp('2019-07-18 15:00:00+0000', tz='UTC')}"
2019-07-19 08:00:00+00:00,2019-07-19 15:00:00+00:00,1,1439.585,1430.5400258407672,1430.715025840767,1452.4524612388493,0.33,-298.484147254685,-1.0197294825056276,"{'trail_atr_mult': 3.0, 'trail_atr_len': 14, 'tp_converts_to_trail': True, 'rsi': np.float64(60.47258022486978), 'atr': 4.347487079616437, 'exit_reason': 'sl', 'signal_time': Timestamp('2019-07-19 07:00:00+0000', tz='UTC')}"
2019-07-19 14:00:00+00:00,2019-07-19 15:00:00+00:00,1,1440.745,1431.8719678069733,1432.0469678069733,1454.1295482895403,0.34,-301.6830945629036,-1.0201194932504685,"{'trail_atr_mult': 3.0, 'trail_atr_len': 14, 'tp_converts_to_trail': True, 'rsi': np.float64(60.11528105142878), 'atr': 4.416516096513416, 'exit_reason': 'sl', 'signal_time': Timestamp('2019-07-19 13:00:00+0000', tz='UTC')}"
2019-07-30 14:00:00+00:00,2019-07-31 15:00:00+00:00,1,1428.0349999999999,1427.4509877224384,1427.6259877224384,1435.9251048950007,0.52,-9.568638433194977,-0.0325585374360781,"{'trail_atr_mult': 3.0, 'trail_atr_len': 14, 'tp_converts_to_trail': True, 'rsi': np.float64(60.10175475815914), 'atr': 2.7083682983335997, 'exit_reason': 'sl', 'signal_time': Timestamp('2019-07-30 13:00:00+0000', tz='UTC')}"
2019-08-02 12:00:00+00:00,2019-08-05 04:00:00+00:00,1,1438.155,1450.795,1452.0833633359628,,0.31,429.0400000000031,1.4450924051345109,"{'trail_atr_mult': 3.0, 'trail_atr_len': 14, 'tp_converts_to_trail': True, 'rsi': np.float64(61.007834239307904), 'atr': 4.701121111987605, 'exit_reason': 'sl_gap', 'signal_time': Timestamp('2019-08-02 11:00:00+0000', tz='UTC')}"
2019-08-02 08:00:00+00:00,2019-08-05 05:00:00+00:00,1,1439.2949999999998,1452.055,1454.976336469814,,0.27,376.9200000000059,1.2991012123744325,"{'trail_atr_mult': 3.0, 'trail_atr_len': 14, 'tp_converts_to_trail': True, 'rsi': np.float64(63.38295686662368), 'atr': 5.285445489938006, 'exit_reason': 'sl_gap', 'signal_time': Timestamp('2019-08-02 07:00:00+0000', tz='UTC')}"
2019-08-02 14:00:00+00:00,2019-08-05 08:00:00+00:00,1,1440.815,1456.8002979784578,1456.9752979784578,,0.26,446.8177474399019,1.5530943924696528,"{'trail_atr_mult': 3.0, 'trail_atr_len': 14, 'tp_converts_to_trail': True, 'rsi': np.float64(61.910705865789126), 'atr': 5.44509932615256, 'exit_reason': 'sl', 'signal_time': Timestamp('2019-08-02 13:00:00+0000', tz='UTC')}"
2019-08-05 02:00:00+00:00,2019-08-05 15:00:00+00:00,1,1449.2649999999999,1464.255,1465.1046911814576,,0.27,404.7300000000064,1.3792624408413998,"{'trail_atr_mult': 3.0, 'trail_atr_len': 14, 'tp_converts_to_trail': True, 'rsi': np.float64(65.58288247761757), 'atr': 5.341563727152566, 'exit_reason': 'sl_gap', 'signal_time': Timestamp('2019-08-05 01:00:00+0000', tz='UTC')}"
2019-08-05 22:00:00+00:00,2019-08-06 05:00:00+00:00,1,1467.745,1457.8143306331435,1457.9893306331435,1480.1165438063967,0.2,-190.61338733712728,-0.6372459719548406,"{'trail_atr_mult': 3.0, 'trail_atr_len': 14, 'tp_converts_to_trail': True, 'rsi': np.float64(62.39521640868787), 'atr': 5.465514602132211, 'exit_reason': 'sl', 'signal_time': Timestamp('2019-08-05 20:00:00+0000', tz='UTC')}"
2019-08-06 15:00:00+00:00,2019-08-07 03:00:00+00:00,1,1471.645,1484.155,1487.4565030698336,,0.27,348.56999999999977,1.1917654219631082,"{'trail_atr_mult': 3.0, 'trail_atr_len': 14, 'tp_converts_to_trail': True, 'rsi': np.float64(63.5012089639859), 'atr': 5.328834356611161, 'exit_reason': 'sl_gap', 'signal_time': Timestamp('2019-08-06 14:00:00+0000', tz='UTC')}"
2019-08-06 17:00:00+00:00,2019-08-07 03:00:00+00:00,1,1471.605,1484.155,1486.9266786673563,,0.28,362.5999999999988,1.22484274926441,"{'trail_atr_mult': 3.0, 'trail_atr_len': 14, 'tp_converts_to_trail': True, 'rsi': np.float64(62.09812144729553), 'atr': 5.178892889118769, 'exit_reason': 'sl_gap', 'signal_time': Timestamp('2019-08-06 16:00:00+0000', tz='UTC')}"
2019-08-07 22:00:00+00:00,2019-08-09 13:00:00+00:00,1,1499.0149999999999,1496.9443095130027,1497.1193095130027,1521.9178034276824,0.26,-12.237952661925554,-0.040775244479224954,"{'trail_atr_mult': 3.0, 'trail_atr_len': 14, 'tp_converts_to_trail': True, 'rsi': np.float64(62.931547047900274), 'atr': 6.889267809227439, 'exit_reason': 'sl', 'signal_time': Timestamp('2019-08-07 20:00:00+0000', tz='UTC')}"
2019-08-08 00:00:00+00:00,2019-08-09 13:00:00+00:00,1,1501.7949999999998,1496.9443095130027,1497.1193095130027,1521.6080549963178,0.22,-97.91519071393641,-0.32967174142681804,"{'trail_atr_mult': 3.0, 'trail_atr_len': 14, 'tp_converts_to_trail': True, 'rsi': np.float64(61.66224920575281), 'atr': 6.662684998772652, 'exit_reason': 'sl', 'signal_time': Timestamp('2019-08-07 23:00:00+0000', tz='UTC')}"
2019-08-08 19:00:00+00:00,2019-08-09 13:00:00+00:00,1,1507.145,1495.5043095130027,1495.6793095130026,1525.2310647683373,0.24,-269.7765716879352,-0.9127115389984175,"{'trail_atr_mult': 3.0, 'trail_atr_len': 14, 'tp_converts_to_trail': True, 'rsi': np.float64(61.77110808566564), 'atr': 6.080354922779073, 'exit_reason': 'sl', 'signal_time': Timestamp('2019-08-08 18:00:00+0000', tz='UTC')}"
2019-08-12 19:00:00+00:00,2019-08-13 09:00:00+00:00,1,1512.0149999999999,1525.695,1526.6406844205428,,0.3,422.40000000000185,1.3997708015316301,"{'trail_atr_mult': 3.0, 'trail_atr_len': 14, 'tp_converts_to_trail': True, 'rsi': np.float64(65.98034710483907), 'atr': 4.936894806847645, 'exit_reason': 'sl_gap', 'signal_time': Timestamp('2019-08-12 18:00:00+0000', tz='UTC')}"
2019-08-14 16:00:00+00:00,2019-08-15 07:00:00+00:00,1,1518.405,1508.150271279523,1508.325271279523,1536.9666267718933,0.23,-208.25876057097176,-0.7120689320744987,"{'trail_atr_mult': 3.0, 'trail_atr_len': 14, 'tp_converts_to_trail': True, 'rsi': np.float64(62.15790697942796), 'atr': 6.255542257297728, 'exit_reason': 'sl', 'signal_time': Timestamp('2019-08-14 15:00:00+0000', tz='UTC')}"
2019-08-15 03:00:00+00:00,2019-08-15 07:00:00+00:00,1,1520.405,1508.360150778641,1508.5351507786409,1537.7722738320385,0.25,-301.1212305339768,-1.0147432369810605,"{'trail_atr_mult': 3.0, 'trail_atr_len': 14, 'tp_converts_to_trail': True, 'rsi': np.float64(60.01594643155346), 'atr': 5.847424610679538, 'exit_reason': 'sl', 'signal_time': Timestamp('2019-08-15 02:00:00+0000', tz='UTC')}"
2019-08-15 18:00:00+00:00,2019-08-16 07:00:00+00:00,1,1523.955,1512.8293801547163,1513.0043801547163,1542.0942317939396,0.24,-257.41487628680653,-0.8660527560167498,"{'trail_atr_mult': 3.0, 'trail_atr_len': 14, 'tp_converts_to_trail': True, 'rsi': np.float64(60.83903590430747), 'atr': 6.104743931313195, 'exit_reason': 'sl', 'signal_time': Timestamp('2019-08-15 17:00:00+0000', tz='UTC')}"
2019-08-16 00:00:00+00:00,2019-08-16 07:00:00+00:00,1,1526.665,1515.3603461783443,1515.5353461783443,1542.9219807324837,0.27,-305.22565318470174,-1.0157237594991002,"{'trail_atr_mult': 3.0, 'trail_atr_len': 14, 'tp_converts_to_trail': True, 'rsi': np.float64(63.17872452050103), 'atr': 5.477326910827881, 'exit_reason': 'sl', 'signal_time': Timestamp('2019-08-15 23:00:00+0000', tz='UTC')}"
2019-08-27 15:00:00+00:00,2019-08-28 03:00:00+00:00,1,1538.315,1533.7320779607019,1533.9070779607018,1549.5713565919737,0.38,-158.95103749333094,-0.5354091510297017,"{'trail_atr_mult': 3.0, 'trail_atr_len': 14, 'tp_converts_to_trail': True, 'rsi': np.float64(65.3016265008517), 'atr': 3.813785530657832, 'exit_reason': 'sl', 'signal_time': Timestamp('2019-08-27 14:00:00+0000', tz='UTC')}"
2019-08-28 12:00:00+00:00,2019-08-28 14:00:00+00:00,1,1545.595,1537.6007783148254,1537.7757783148254,1556.6113325277618,0.38,-303.78042403663403,-1.0223807441515256,"{'trail_atr_mult': 3.0, 'trail_atr_len': 14, 'tp_converts_to_trail': True, 'rsi': np.float64(63.28848721375684), 'atr': 3.7671108425872415, 'exit_reason': 'sl', 'signal_time': Timestamp('2019-08-28 11:00:00+0000', tz='UTC')}"
2019-09-04 14:00:00+00:00,2019-09-05 02:00:00+00:00,1,1546.345,1545.1746350455333,1545.3496350455332,1558.707975086725,0.35,1.0372265936628082,0.0035000712962540283,"{'trail_atr_mult': 3.0, 'trail_atr_len': 14, 'tp_converts_to_trail': True, 'rsi': np.float64(60.488447406131236), 'atr': 4.165991695574956, 'exit_reason': 'sl', 'signal_time': Timestamp('2019-09-04 13:00:00+0000', tz='UTC')}"
2019-09-23 08:00:00+00:00,2019-09-24 14:00:00+00:00,1,1517.875,1518.7530216224313,1518.9280216224313,1528.0571178513499,0.42,53.676908142116005,0.18051802432828293,"{'trail_atr_mult': 3.0, 'trail_atr_len': 14, 'tp_converts_to_trail': True, 'rsi': np.float64(65.54939358832743), 'atr': 3.4523726171165725, 'exit_reason': 'sl', 'signal_time': Timestamp('2019-09-23 07:00:00+0000', tz='UTC')}"
2019-09-24 16:00:00+00:00,2019-09-25 13:00:00+00:00,1,1527.385,1526.034603408456,1526.209603408456,1537.6335075083753,0.41,-38.96626025330565,-0.13156089881021407,"{'trail_atr_mult': 3.0, 'trail_atr_len': 14, 'tp_converts_to_trail': True, 'rsi': np.float64(64.10595501783831), 'atr': 3.494502502791735, 'exit_reason': 'sl', 'signal_time': Timestamp('2019-09-24 15:00:00+0000', tz='UTC')}"
2019-09-25 08:00:00+00:00,2019-09-25 15:00:00+00:00,1,1531.945,1524.7454549219622,1524.9204549219621,1541.894317617057,0.42,-302.38089327758644,-1.0249126453109527,"{'trail_atr_mult': 3.0, 'trail_atr_len': 14, 'tp_converts_to_trail': True, 'rsi': np.float64(60.051056485246065), 'atr': 3.394772539018984, 'exit_reason': 'sl', 'signal_time': Timestamp('2019-09-25 07:00:00+0000', tz='UTC')}"
2019-10-04 00:00:00+00:00,2019-10-04 13:00:00+00:00,1,1508.385,1501.1928706112778,1501.3678706112778,1521.088686621668,0.34,-244.53239921655316,-0.8209452002831232,"{'trail_atr_mult': 3.0, 'trail_atr_len': 14, 'tp_converts_to_trail': True, 'rsi': np.float64(61.683469745429804), 'atr': 4.292895540556008, 'exit_reason': 'sl', 'signal_time': Timestamp('2019-10-03 23:00:00+0000', tz='UTC')}"
2019-10-08 19:00:00+00:00,2019-10-09 10:00:00+00:00,1,1505.2549999999999,1501.2068485163186,1501.3818485163185,1517.9724937983442,0.34,-124.03715044516403,-0.4232196326515457,"{'trail_atr_mult': 3.0, 'trail_atr_len': 14, 'tp_converts_to_trail': True, 'rsi': np.float64(60.42367525438491), 'atr': 4.267497932781407, 'exit_reason': 'sl', 'signal_time': Timestamp('2019-10-08 18:00:00+0000', tz='UTC')}"
2019-10-09 23:00:00+00:00,2019-10-10 02:00:00+00:00,1,1515.345,1506.4422693670406,1506.6172693670405,1528.7490959494392,0.34,-261.8928415206212,-0.8825582453095854,"{'trail_atr_mult': 3.0, 'trail_atr_len': 14, 'tp_converts_to_trail': True, 'rsi': np.float64(67.78768985573475), 'atr': 4.426365316479721, 'exit_reason': 'sl', 'signal_time': Timestamp('2019-10-09 22:00:00+0000', tz='UTC')}"
2019-10-24 14:00:00+00:00,2019-10-25 16:00:00+00:00,1,1499.085,1509.1756642927987,1509.3506642927987,,0.53,556.0052075183308,1.8746335058682402,"{'trail_atr_mult': 3.0, 'trail_atr_len': 14, 'tp_converts_to_trail': True, 'rsi': np.float64(71.06319212803572), 'atr': 2.7105573962749565, 'exit_reason': 'sl', 'signal_time': Timestamp('2019-10-24 13:00:00+0000', tz='UTC')}"
2019-11-01 19:00:00+00:00,2019-11-04 16:00:00+00:00,1,1513.185,1506.3193432967807,1506.4943432967807,1523.3582473212184,0.42,-237.95758153520646,-0.8066333403529253,"{'trail_atr_mult': 3.0, 'trail_atr_len': 14, 'tp_converts_to_trail': True, 'rsi': np.float64(60.65628239672706), 'atr': 3.4394157737394973, 'exit_reason': 'sl', 'signal_time': Timestamp('2019-11-01 18:00:00+0000', tz='UTC')}"
2019-12-05 16:00:00+00:00,2019-12-06 06:00:00+00:00,1,1479.165,1474.375886000115,1474.550886000115,1487.2045783469346,0.52,-228.23392799401356,-0.7675890010005969,"{'trail_atr_mult': 3.0, 'trail_atr_len': 14, 'tp_converts_to_trail': True, 'rsi': np.float64(60.534097143318746), 'atr': 2.7515261156448676, 'exit_reason': 'sl', 'signal_time': Timestamp('2019-12-05 15:00:00+0000', tz='UTC')}"
2019-12-16 13:00:00+00:00,2019-12-17 13:00:00+00:00,1,1478.055,1475.073087783832,1475.248087783832,1485.0698397847614,0.59,-152.33282075391105,-0.519684882346805,"{'trail_atr_mult': 3.0, 'trail_atr_len': 14, 'tp_converts_to_trail': True, 'rsi': np.float64(60.07450361959225), 'atr': 2.396613261587093, 'exit_reason': 'sl', 'signal_time': Timestamp('2019-12-16 12:00:00+0000', tz='UTC')}"
2019-12-13 18:00:00+00:00,2019-12-17 13:00:00+00:00,1,1476.905,1475.073087783832,1475.248087783832,1488.4017424367507,0.37,-8.580751998212058,-0.02890654115372607,"{'trail_atr_mult': 3.0, 'trail_atr_len': 14, 'tp_converts_to_trail': True, 'rsi': np.float64(60.713098364525806), 'atr': 3.903914145583527, 'exit_reason': 'sl', 'signal_time': Timestamp('2019-12-13 17:00:00+0000', tz='UTC')}"
2019-12-16 06:00:00+00:00,2019-12-17 13:00:00+00:00,1,1477.0249999999999,1475.073087783832,1475.248087783832,1484.4131957867667,0.57,-88.45899632156369,-0.2974647095518527,"{'trail_atr_mult': 3.0, 'trail_atr_len': 14, 'tp_converts_to_trail': True, 'rsi': np.float64(60.356761248859634), 'atr': 2.521065262255585, 'exit_reason': 'sl', 'signal_time': Timestamp('2019-12-16 05:00:00+0000', tz='UTC')}"
2019-12-19 16:00:00+00:00,2019-12-20 08:00:00+00:00,1,1478.895,1477.1885514114979,1477.3635514114978,1484.3530745258458,0.75,-97.9836441376574,-0.332397270895668,"{'trail_atr_mult': 3.0, 'trail_atr_len': 14, 'tp_converts_to_trail': True, 'rsi': np.float64(62.44240712597105), 'atr': 1.8776915086152774, 'exit_reason': 'sl', 'signal_time': Timestamp('2019-12-19 15:00:00+0000', tz='UTC')}"
2019-12-23 15:00:00+00:00,2019-12-24 03:00:00+00:00,1,1483.825,1488.8644168645578,1489.0394168645578,,0.78,424.27451543550677,1.4436032044281122,"{'trail_atr_mult': 3.0, 'trail_atr_len': 14, 'tp_converts_to_trail': True, 'rsi': np.float64(62.54051405109156), 'atr': 1.7964722881859083, 'exit_reason': 'sl', 'signal_time': Timestamp('2019-12-23 14:00:00+0000', tz='UTC')}"
2019-12-23 17:00:00+00:00,2019-12-24 03:00:00+00:00,1,1484.095,1489.0717420923993,1489.2467420923992,,0.79,424.7626252995418,1.4429708009189528,"{'trail_atr_mult': 3.0, 'trail_atr_len': 14, 'tp_converts_to_trail': True, 'rsi': np.float64(62.106946854332236), 'atr': 1.7755806974663848, 'exit_reason': 'sl', 'signal_time': Timestamp('2019-12-23 16:00:00+0000', tz='UTC')}"
2019-12-23 13:00:00+00:00,2019-12-24 04:00:00+00:00,1,1483.405,1488.254205357712,1488.429205357712,,0.81,425.1856339746704,1.4416391073624049,"{'trail_atr_mult': 3.0, 'trail_atr_len': 14, 'tp_converts_to_trail': True, 'rsi': np.float64(61.70883674083552), 'atr': 1.733068452570647, 'exit_reason': 'sl', 'signal_time': Timestamp('2019-12-23 12:00:00+0000', tz='UTC')}"
2019-12-27 16:00:00+00:00,2019-12-31 02:00:00+00:00,1,1514.0049999999999,1521.055,1521.4733369522662,,0.56,484.4000000000102,1.6411924604998545,"{'trail_atr_mult': 3.0, 'trail_atr_len': 14, 'tp_converts_to_trail': True, 'rsi': np.float64(64.49506989866421), 'atr': 2.5477789840887577, 'exit_reason': 'sl_gap', 'signal_time': Timestamp('2019-12-27 15:00:00+0000', tz='UTC')}"
2019-12-30 01:00:00+00:00,2019-12-31 03:00:00+00:00,1,1514.315,1520.7078453204479,1520.8828453204478,,0.64,434.7421005086595,1.4544990310371226,"{'trail_atr_mult': 3.0, 'trail_atr_len': 14, 'tp_converts_to_trail': True, 'rsi': np.float64(61.4428760677994), 'atr': 2.2476151068159083, 'exit_reason': 'sl', 'signal_time': Timestamp('2019-12-30 00:00:00+0000', tz='UTC')}"
2019-12-29 23:00:00+00:00,2019-12-31 12:00:00+00:00,1,1513.645,1520.3413176497502,1520.5163176497501,,0.61,457.2753766347621,1.5384809162682909,"{'trail_atr_mult': 3.0, 'trail_atr_len': 14, 'tp_converts_to_trail': True, 'rsi': np.float64(60.04045591413864), 'atr': 2.3487725499167023, 'exit_reason': 'sl', 'signal_time': Timestamp('2019-12-29 22:00:00+0000', tz='UTC')}"
2019-12-27 09:00:00+00:00,2019-12-31 13:00:00+00:00,1,1511.985,1520.0120764511,1520.1870764511,,0.6,577.6245870660077,1.9479804064728996,"{'trail_atr_mult': 3.0, 'trail_atr_len': 14, 'tp_converts_to_trail': True, 'rsi': np.float64(61.93477881622224), 'atr': 2.3885403706091233, 'exit_reason': 'sl', 'signal_time': Timestamp('2019-12-27 08:00:00+0000', tz='UTC')}"
2019-12-31 17:00:00+00:00,2020-01-02 07:00:00+00:00,1,1522.845,1518.935,1517.6856222444392,1530.1215666333412,0.59,-136.2900000000048,-0.44772841017704684,"{'trail_atr_mult': 3.0, 'trail_atr_len': 14, 'tp_converts_to_trail': True, 'rsi': np.float64(61.08540422424267), 'atr': 2.4871888777803997, 'exit_reason': 'end_of_data', 'signal_time': Timestamp('2019-12-31 16:00:00+0000', tz='UTC')}"
2020-01-02 19:00:00+00:00,2020-01-03 03:00:00+00:00,1,1526.925,1537.5753839303366,1537.7503839303365,,0.52,574.6199643775033,1.9217417431060453,"{'trail_atr_mult': 3.0, 'trail_atr_len': 14, 'tp_converts_to_trail': True, 'rsi': np.float64(60.433276395981295), 'atr': 2.7625959825841293, 'exit_reason': 'sl', 'signal_time': Timestamp('2020-01-02 18:00:00+0000', tz='UTC')}"
2020-01-02 12:00:00+00:00,2020-01-03 13:00:00+00:00,1,1523.2549999999999,1541.1056263962873,1541.2806263962873,,0.65,1186.2907157586844,4.012225546847391,"{'trail_atr_mult': 3.0, 'trail_atr_len': 14, 'tp_converts_to_trail': True, 'rsi': np.float64(60.26523326371294), 'atr': 2.1868769241272887, 'exit_reason': 'sl', 'signal_time': Timestamp('2020-01-02 11:00:00+0000', tz='UTC')}"
2020-01-07 07:00:00+00:00,2020-01-08 01:00:00+00:00,1,1569.355,1591.4450819739266,1591.6200819739265,,0.34,764.6627871135026,2.5409498208538728,"{'trail_atr_mult': 3.0, 'trail_atr_len': 14, 'tp_converts_to_trail': True, 'rsi': np.float64(60.50432815431191), 'atr': 4.578026586426027, 'exit_reason': 'sl', 'signal_time': Timestamp('2020-01-07 06:00:00+0000', tz='UTC')}"
2020-01-07 16:00:00+00:00,2020-01-08 01:00:00+00:00,1,1571.2649999999999,1591.4450819739266,1591.6200819739265,,0.33,679.1427051395808,2.2476764420168465,"{'trail_atr_mult': 3.0, 'trail_atr_len': 14, 'tp_converts_to_trail': True, 'rsi': np.float64(60.166676963927124), 'atr': 4.480579297628005, 'exit_reason': 'sl', 'signal_time': Timestamp('2020-01-07 15:00:00+0000', tz='UTC')}"
2020-01-07 20:00:00+00:00,2020-01-08 01:00:00+00:00,1,1571.925,1591.4450819739266,1591.6200819739265,,0.37,737.0430330352845,2.415026836284369,"{'trail_atr_mult': 3.0, 'trail_atr_len': 14, 'tp_converts_to_trail': True, 'rsi': np.float64(60.01949702285887), 'atr': 4.006694744886356, 'exit_reason': 'sl', 'signal_time': Timestamp('2020-01-07 19:00:00+0000', tz='UTC')}"
2020-01-15 18:00:00+00:00,2020-01-16 14:00:00+00:00,1,1556.075,1550.8738092770514,1551.0488092770513,1569.1798755544698,0.45,-180.0535825326913,-0.5871206537372451,"{'trail_atr_mult': 3.0, 'trail_atr_len': 14, 'tp_converts_to_trail': True, 'rsi': np.float64(61.22136543091197), 'atr': 3.3199688886174354, 'exit_reason': 'sl', 'signal_time': Timestamp('2020-01-15 17:00:00+0000', tz='UTC')}"
2020-01-15 20:00:00+00:00,2020-01-16 14:00:00+00:00,1,1556.2649999999999,1550.7638092770512,1550.9388092770512,1569.2409131056397,0.46,-197.8547732556379,-0.6371703438564978,"{'trail_atr_mult': 3.0, 'trail_atr_len': 14, 'tp_converts_to_trail': True, 'rsi': np.float64(61.13387870155235), 'atr': 3.2877282764099602, 'exit_reason': 'sl', 'signal_time': Timestamp('2020-01-15 19:00:00+0000', tz='UTC')}"
2020-01-17 17:00:00+00:00,2020-01-21 07:00:00+00:00,1,1559.965,1561.9535661698353,1562.1285661698353,1571.165045702461,0.52,186.6054408314405,0.6121197752060427,"{'trail_atr_mult': 3.0, 'trail_atr_len': 14, 'tp_converts_to_trail': True, 'rsi': np.float64(60.99955025599306), 'atr': 2.8437614256152366, 'exit_reason': 'sl', 'signal_time': Timestamp('2020-01-17 16:00:00+0000', tz='UTC')}"
2020-01-22 23:00:00+00:00,2020-01-23 02:00:00+00:00,1,1561.5149999999999,1555.8580801993749,1556.0330801993748,1572.1338396012509,0.56,-249.58750883500107,-0.8130217082192316,"{'trail_atr_mult': 3.0, 'trail_atr_len': 14, 'tp_converts_to_trail': True, 'rsi': np.float64(62.48732923396744), 'atr': 2.6834599003126796, 'exit_reason': 'sl', 'signal_time': Timestamp('2020-01-22 22:00:00+0000', tz='UTC')}"
2020-01-24 15:00:00+00:00,2020-01-27 00:00:00+00:00,1,1570.145,1582.375,1585.0108277641036,,0.41,550.6300000000008,1.7869940645681721,"{'trail_atr_mult': 3.0, 'trail_atr_len': 14, 'tp_converts_to_trail': True, 'rsi': np.float64(68.61654449526635), 'atr': 3.730206941025914, 'exit_reason': 'sl_gap', 'signal_time': Timestamp('2020-01-24 14:00:00+0000', tz='UTC')}"
2020-01-27 15:00:00+00:00,2020-01-28 12:00:00+00:00,1,1583.885,1575.0050481662738,1575.1800481662738,1600.8899036674525,0.35,-296.79831418041636,-0.9741526427374001,"{'trail_atr_mult': 3.0, 'trail_atr_len': 14, 'tp_converts_to_trail': True, 'rsi': np.float64(62.624231749979614), 'atr': 4.284975916863092, 'exit_reason': 'sl', 'signal_time': Timestamp('2020-01-27 14:00:00+0000', tz='UTC')}"
2020-01-30 15:00:00+00:00,2020-01-30 19:00:00+00:00,1,1583.805,1576.2892643539521,1576.464264353952,1597.961471292096,0.42,-315.66089713401243,-1.0238395725494038,"{'trail_atr_mult': 3.0, 'trail_atr_len': 14, 'tp_converts_to_trail': True, 'rsi': np.float64(66.70394067727919), 'atr': 3.582867823023964, 'exit_reason': 'sl', 'signal_time': Timestamp('2020-01-30 14:00:00+0000', tz='UTC')}"
2020-01-30 17:00:00+00:00,2020-01-30 19:00:00+00:00,1,1584.975,1576.9088299786627,1577.0838299786626,1600.2323400426744,0.39,-314.580630832153,-1.0221766860334731,"{'trail_atr_mult': 3.0, 'trail_atr_len': 14, 'tp_converts_to_trail': True, 'rsi': np.float64(65.30022396792123), 'atr': 3.8580850106686273, 'exit_reason': 'sl', 'signal_time': Timestamp('2020-01-30 16:00:00+0000', tz='UTC')}"
2020-01-31 18:00:00+00:00,2020-02-03 03:00:00+00:00,1,1585.875,1579.758265201491,1579.933265201491,1601.6265111641542,0.38,-186.83592234334253,-0.604150944747561,"{'trail_atr_mult': 3.0, 'trail_atr_len': 14, 'tp_converts_to_trail': True, 'rsi': np.float64(62.005949884295404), 'atr': 3.9816277910385556, 'exit_reason': 'sl', 'signal_time': Timestamp('2020-01-31 17:00:00+0000', tz='UTC')}"
2020-01-31 14:00:00+00:00,2020-02-03 03:00:00+00:00,1,1583.095,1579.758265201491,1579.933265201491,1596.0238791667698,0.45,-96.15306593290688,-0.3120715134823241,"{'trail_atr_mult': 3.0, 'trail_atr_len': 14, 'tp_converts_to_trail': True, 'rsi': np.float64(63.34780200112319), 'atr': 3.2959697916924844, 'exit_reason': 'sl', 'signal_time': Timestamp('2020-01-31 13:00:00+0000', tz='UTC')}"
2020-02-13 03:00:00+00:00,2020-02-17 08:00:00+00:00,1,1574.2849999999999,1579.1397145672458,1579.3147145672458,1585.3459160847776,0.53,342.0998720640376,1.1142346483463028,"{'trail_atr_mult': 3.0, 'trail_atr_len': 14, 'tp_converts_to_trail': True, 'rsi': np.float64(63.32020587496838), 'atr': 2.808979021194405, 'exit_reason': 'sl', 'signal_time': Timestamp('2020-02-13 02:00:00+0000', tz='UTC')}"
2020-02-13 13:00:00+00:00,2020-02-17 08:00:00+00:00,1,1575.325,1579.1397145672458,1579.3147145672458,1586.1416539573945,0.55,297.80930119851905,0.9702351619060386,"{'trail_atr_mult': 3.0, 'trail_atr_len': 14, 'tp_converts_to_trail': True, 'rsi': np.float64(61.302842072587296), 'atr': 2.732913489348608, 'exit_reason': 'sl', 'signal_time': Timestamp('2020-02-13 12:00:00+0000', tz='UTC')}"
2020-02-19 20:00:00+00:00,2020-02-20 01:00:00+00:00,1,1612.975,1606.1250098348862,1606.3000098348862,1626.0399803302282,0.46,-259.89954759523,-0.8464417213141198,"{'trail_atr_mult': 3.0, 'trail_atr_len': 14, 'tp_converts_to_trail': True, 'rsi': np.float64(68.6539857559127), 'atr': 3.289995082557019, 'exit_reason': 'sl', 'signal_time': Timestamp('2020-02-19 19:00:00+0000', tz='UTC')}"
2020-02-19 15:00:00+00:00,2020-02-20 07:00:00+00:00,1,1606.655,1603.9619974251987,1604.1369974251986,1618.2945454698163,0.51,-76.14313131486693,-0.24853251062258266,"{'trail_atr_mult': 3.0, 'trail_atr_len': 14, 'tp_converts_to_trail': True, 'rsi': np.float64(62.109112426232514), 'atr': 2.9411363674540927, 'exit_reason': 'sl', 'signal_time': Timestamp('2020-02-19 14:00:00+0000', tz='UTC')}"
2020-02-20 03:00:00+00:00,2020-02-20 07:00:00+00:00,1,1610.315,1603.7357159579446,1603.9107159579446,1622.5685680841111,0.48,-315.8056340186595,-1.027325458841421,"{'trail_atr_mult': 3.0, 'trail_atr_len': 14, 'tp_converts_to_trail': True, 'rsi': np.float64(60.68556186792583), 'atr': 3.109642021027745, 'exit_reason': 'sl', 'signal_time': Timestamp('2020-02-20 02:00:00+0000', tz='UTC')}"
2020-02-20 10:00:00+00:00,2020-02-20 17:00:00+00:00,1,1610.7749999999999,1621.2450000000001,1622.6784782754353,,0.49,513.0300000000125,1.6848402142189953,"{'trail_atr_mult': 3.0, 'trail_atr_len': 14, 'tp_converts_to_trail': True, 'rsi': np.float64(60.091925794417996), 'atr': 3.019619568858826, 'exit_reason': 'sl_gap', 'signal_time': Timestamp('2020-02-20 09:00:00+0000', tz='UTC')}"
2020-03-06 14:00:00+00:00,2020-03-06 15:00:00+00:00,1,1684.7849999999999,1668.532860018896,1668.7078600188959,1716.4742799622084,0.19,-308.7906596409748,-1.0108850206072497,"{'trail_atr_mult': 3.0, 'trail_atr_len': 14, 'tp_converts_to_trail': True, 'rsi': np.float64(61.72083532520746), 'atr': 7.961069990552066, 'exit_reason': 'sl', 'signal_time': Timestamp('2020-03-06 13:00:00+0000', tz='UTC')}"
2020-03-08 23:00:00+00:00,2020-03-09 04:00:00+00:00,1,1700.2949999999998,1674.1310403614696,1674.3060403614695,1751.7179192770607,0.11,-283.4035560238332,-0.9913424776085894,"{'trail_atr_mult': 3.0, 'trail_atr_len': 14, 'tp_converts_to_trail': True, 'rsi': np.float64(63.91431989695264), 'atr': 12.901979819265183, 'exit_reason': 'sl', 'signal_time': Timestamp('2020-03-08 22:00:00+0000', tz='UTC')}"
2020-03-06 19:00:00+00:00,2020-03-09 04:00:00+00:00,1,1686.955,1666.1780579486965,1666.3530579486965,1731.1359219373028,0.13,-254.5002466669445,-0.8752224701545378,"{'trail_atr_mult': 3.0, 'trail_atr_len': 14, 'tp_converts_to_trail': True, 'rsi': np.float64(60.342976100464405), 'atr': 11.091480484325725, 'exit_reason': 'sl', 'signal_time': Timestamp('2020-03-06 18:00:00+0000', tz='UTC')}"
2020-03-25 05:00:00+00:00,2020-03-26 07:00:00+00:00,1,1612.5049999999999,1595.8182939070123,1595.9932939070122,1676.5547798207988,0.09,-139.38035483688844,-0.47831854685770614,"{'trail_atr_mult': 3.0, 'trail_atr_len': 14, 'tp_converts_to_trail': True, 'rsi': np.float64(60.44825400153945), 'atr': 16.07119495519971, 'exit_reason': 'sl', 'signal_time': Timestamp('2020-03-25 04:00:00+0000', tz='UTC')}"
2020-03-25 09:00:00+00:00,2020-03-26 07:00:00+00:00,1,1622.745,1595.8182939070123,1595.9932939070122,1684.2761275630426,0.09,-231.54035483688853,-0.829143135522015,"{'trail_atr_mult': 3.0, 'trail_atr_len': 14, 'tp_converts_to_trail': True, 'rsi': np.float64(63.27087854112892), 'atr': 15.426531890760653, 'exit_reason': 'sl', 'signal_time': Timestamp('2020-03-25 08:00:00+0000', tz='UTC')}"
2020-04-03 19:00:00+00:00,2020-04-05 23:00:00+00:00,1,1623.7949999999998,1608.7912963064032,1608.9662963064031,1653.137407387194,0.2,-284.07407387193325,-0.9578520137083908,"{'trail_atr_mult': 3.0, 'trail_atr_len': 14, 'tp_converts_to_trail': True, 'rsi': np.float64(62.90519005614284), 'atr': 7.361851846798445, 'exit_reason': 'sl', 'signal_time': Timestamp('2020-04-03 18:00:00+0000', tz='UTC')}"
2020-04-14 08:00:00+00:00,2020-04-14 20:00:00+00:00,1,1722.7649999999999,1721.7412567293072,1721.9162567293072,1752.974244097811,0.2,-20.474865413852967,-0.06828541465665226,"{'trail_atr_mult': 3.0, 'trail_atr_len': 14, 'tp_converts_to_trail': True, 'rsi': np.float64(66.08251608510442), 'atr': 7.533561024452747, 'exit_reason': 'sl', 'signal_time': Timestamp('2020-04-14 07:00:00+0000', tz='UTC')}"
2020-04-22 13:00:00+00:00,2020-04-24 06:00:00+00:00,1,1706.055,1720.690299041435,1720.865299041435,1740.5525257387649,0.17,276.0000837043953,0.9424736615561129,"{'trail_atr_mult': 3.0, 'trail_atr_len': 14, 'tp_converts_to_trail': True, 'rsi': np.float64(65.26167381491342), 'atr': 8.62063143469122, 'exit_reason': 'sl', 'signal_time': Timestamp('2020-04-22 12:00:00+0000', tz='UTC')}"
2020-04-23 19:00:00+00:00,2020-04-24 15:00:00+00:00,1,1729.325,1718.2633210986899,1718.4383210986898,1759.8330722181518,0.19,-202.57189912489358,-0.6897844915621045,"{'trail_atr_mult': 3.0, 'trail_atr_len': 14, 'tp_converts_to_trail': True, 'rsi': np.float64(62.931891315928105), 'atr': 7.6607680545379, 'exit_reason': 'sl', 'signal_time': Timestamp('2020-04-23 18:00:00+0000', tz='UTC')}"
2020-05-13 15:00:00+00:00,2020-05-14 16:00:00+00:00,1,1712.2649999999999,1731.685,1733.0600247114664,,0.28,577.3600000000022,1.9452807513802284,"{'trail_atr_mult': 3.0, 'trail_atr_len': 14, 'tp_converts_to_trail': True, 'rsi': np.float64(62.96995502424891), 'atr': 5.232506177866597, 'exit_reason': 'sl_gap', 'signal_time': Timestamp('2020-05-13 14:00:00+0000', tz='UTC')}"
2020-05-13 19:00:00+00:00,2020-05-14 16:00:00+00:00,1,1712.465,1731.685,1732.6050842301177,,0.3,612.6000000000008,2.032337836075935,"{'trail_atr_mult': 3.0, 'trail_atr_len': 14, 'tp_converts_to_trail': True, 'rsi': np.float64(62.143011043303886), 'atr': 5.031271057529394, 'exit_reason': 'sl_gap', 'signal_time': Timestamp('2020-05-13 18:00:00+0000', tz='UTC')}"
2020-05-14 14:00:00+00:00,2020-05-18 01:00:00+00:00,1,1732.175,1753.9428240768034,1754.1178240768033,,0.27,630.9312500736929,2.0663193769173867,"{'trail_atr_mult': 3.0, 'trail_atr_len': 14, 'tp_converts_to_trail': True, 'rsi': np.float64(73.98014004005194), 'atr': 5.541956019200799, 'exit_reason': 'sl', 'signal_time': Timestamp('2020-05-14 13:00:00+0000', tz='UTC')}"
2020-05-15 13:00:00+00:00,2020-05-18 04:00:00+00:00,1,1742.935,1760.9950000000001,1763.6805796777048,,0.28,539.2800000000049,1.8058580958426986,"{'trail_atr_mult': 3.0, 'trail_atr_len': 14, 'tp_converts_to_trail': True, 'rsi': np.float64(69.73713289414222), 'atr': 5.235144919426193, 'exit_reason': 'sl_gap', 'signal_time': Timestamp('2020-05-15 12:00:00+0000', tz='UTC')}"
2020-05-17 23:00:00+00:00,2020-05-18 13:00:00+00:00,1,1745.955,1749.1526015670238,1749.3276015670237,1769.136212273898,0.25,89.94003917559667,0.2949311578890468,"{'trail_atr_mult': 3.0, 'trail_atr_len': 14, 'tp_converts_to_trail': True, 'rsi': np.float64(62.58612222927316), 'atr': 5.896553068474527, 'exit_reason': 'sl', 'signal_time': Timestamp('2020-05-17 22:00:00+0000', tz='UTC')}"
2020-05-15 02:00:00+00:00,2020-05-18 13:00:00+00:00,1,1732.675,1752.4621651369612,1752.6371651369611,,0.3,629.6149541088366,2.0458152963007077,"{'trail_atr_mult': 3.0, 'trail_atr_len': 14, 'tp_converts_to_trail': True, 'rsi': np.float64(63.74942707051149), 'atr': 5.036791284240264, 'exit_reason': 'sl', 'signal_time': Timestamp('2020-05-15 01:00:00+0000', tz='UTC')}"
2020-06-01 16:00:00+00:00,2020-06-02 16:00:00+00:00,1,1740.635,1732.3134811399568,1732.4884811399568,1761.924280462518,0.28,-221.8025280812088,-0.7272692686520403,"{'trail_atr_mult': 3.0, 'trail_atr_len': 14, 'tp_converts_to_trail': True, 'rsi': np.float64(61.15318446784313), 'atr': 5.363570115629481, 'exit_reason': 'sl', 'signal_time': Timestamp('2020-06-01 15:00:00+0000', tz='UTC')}"
2020-06-02 00:00:00+00:00,2020-06-02 16:00:00+00:00,1,1741.885,1732.5326736727914,1732.7076736727913,1759.6546526544175,0.34,-317.9790951250934,-1.0190687345922438,"{'trail_atr_mult': 3.0, 'trail_atr_len': 14, 'tp_converts_to_trail': True, 'rsi': np.float64(61.39547071834553), 'atr': 4.491163163604369, 'exit_reason': 'sl', 'signal_time': Timestamp('2020-06-01 23:00:00+0000', tz='UTC')}"
2020-06-11 07:00:00+00:00,2020-06-11 12:00:00+00:00,1,1734.0349999999999,1723.5374427357283,1723.7124427357282,1754.4251145285439,0.3,-314.9267179281469,-1.0169531633993123,"{'trail_atr_mult': 3.0, 'trail_atr_len': 14, 'tp_converts_to_trail': True, 'rsi': np.float64(62.89430432023577), 'atr': 5.11877863213595, 'exit_reason': 'sl', 'signal_time': Timestamp('2020-06-11 06:00:00+0000', tz='UTC')}"
2020-06-11 14:00:00+00:00,2020-06-11 17:00:00+00:00,1,1738.165,1726.207122506386,1726.382122506386,1761.6600292215999,0.25,-298.94693734034945,-0.9944168785353826,"{'trail_atr_mult': 3.0, 'trail_atr_len': 14, 'tp_converts_to_trail': True, 'rsi': np.float64(62.952683493621905), 'atr': 5.920007305399954, 'exit_reason': 'sl', 'signal_time': Timestamp('2020-06-11 13:00:00+0000', tz='UTC')}"
2020-06-12 11:00:00+00:00,2020-06-15 03:00:00+00:00,1,1737.2649999999999,1728.991719400449,1729.166719400449,1757.6336342001484,0.29,-205.12513738697447,-0.6751364018276849,"{'trail_atr_mult': 3.0, 'trail_atr_len': 14, 'tp_converts_to_trail': True, 'rsi': np.float64(60.008372110647855), 'atr': 5.1409085500371, 'exit_reason': 'sl', 'signal_time': Timestamp('2020-06-12 10:00:00+0000', tz='UTC')}"
2020-06-12 13:00:00+00:00,2020-06-15 03:00:00+00:00,1,1737.565,1728.991719400449,1729.166719400449,1758.1663988766586,0.29,-213.82513738697975,-0.7030072838437136,"{'trail_atr_mult': 3.0, 'trail_atr_len': 14, 'tp_converts_to_trail': True, 'rsi': np.float64(60.13384950229737), 'atr': 5.181599719164636, 'exit_reason': 'sl', 'signal_time': Timestamp('2020-06-12 12:00:00+0000', tz='UTC')}"
2020-06-22 13:00:00+00:00,2020-06-23 03:00:00+00:00,1,1756.695,1747.7304078260067,1747.9054078260067,1777.3338845352596,0.29,-248.3731730458027,-0.809359185429725,"{'trail_atr_mult': 3.0, 'trail_atr_len': 14, 'tp_converts_to_trail': True, 'rsi': np.float64(67.38688243218273), 'atr': 5.203471133814903, 'exit_reason': 'sl', 'signal_time': Timestamp('2020-06-22 12:00:00+0000', tz='UTC')}"
2020-06-23 13:00:00+00:00,2020-06-24 12:00:00+00:00,1,1759.435,1775.685,1778.7376363381404,,0.31,516.15,1.6820189759646802,"{'trail_atr_mult': 3.0, 'trail_atr_len': 14, 'tp_converts_to_trail': True, 'rsi': np.float64(61.457258865175206), 'atr': 4.8669090845350835, 'exit_reason': 'sl_gap', 'signal_time': Timestamp('2020-06-23 12:00:00+0000', tz='UTC')}"
2020-06-22 16:00:00+00:00,2020-06-24 13:00:00+00:00,1,1757.945,1766.751879638817,1766.926879638817,1782.9264228585878,0.24,230.56511133160816,0.7532910194486483,"{'trail_atr_mult': 3.0, 'trail_atr_len': 14, 'tp_converts_to_trail': True, 'rsi': np.float64(62.76072590950503), 'atr': 6.289105714646972, 'exit_reason': 'sl', 'signal_time': Timestamp('2020-06-22 15:00:00+0000', tz='UTC')}"
2020-06-22 18:00:00+00:00,2020-06-24 13:00:00+00:00,1,1756.605,1766.751879638817,1766.926879638817,1780.59936460766,0.25,273.67199097042317,0.8929170730139597,"{'trail_atr_mult': 3.0, 'trail_atr_len': 14, 'tp_converts_to_trail': True, 'rsi': np.float64(60.22217800779778), 'atr': 6.042341151914974, 'exit_reason': 'sl', 'signal_time': Timestamp('2020-06-22 17:00:00+0000', tz='UTC')}"
2020-06-26 20:00:00+00:00,2020-06-30 12:00:00+00:00,1,1771.375,1766.1373548565157,1766.3123548565156,1790.809776252189,0.31,-112.76699944801376,-0.36449758729989623,"{'trail_atr_mult': 3.0, 'trail_atr_len': 14, 'tp_converts_to_trail': True, 'rsi': np.float64(61.624446590266054), 'atr': 4.902444063047279, 'exit_reason': 'sl', 'signal_time': Timestamp('2020-06-26 19:00:00+0000', tz='UTC')}"
2020-06-30 15:00:00+00:00,2020-07-01 12:00:00+00:00,1,1781.245,1778.5073336763203,1778.6823336763202,1798.3901968951493,0.35,-81.81832132878615,-0.2673116074900187,"{'trail_atr_mult': 3.0, 'trail_atr_len': 14, 'tp_converts_to_trail': True, 'rsi': np.float64(66.36667112007663), 'atr': 4.315049223787304, 'exit_reason': 'sl', 'signal_time': Timestamp('2020-06-30 14:00:00+0000', tz='UTC')}"
2020-07-07 14:00:00+00:00,2020-07-08 10:00:00+00:00,1,1785.095,1799.355,1799.7291401683233,,0.39,571.7399999999997,1.9227313590379809,"{'trail_atr_mult': 3.0, 'trail_atr_len': 14, 'tp_converts_to_trail': True, 'rsi': np.float64(59.464235117950786), 'atr': 3.7097850420807896, 'exit_reason': 'sl_gap', 'signal_time': Timestamp('2020-07-07 13:00:00+0000', tz='UTC')}"
2020-07-09 13:00:00+00:00,2020-07-09 16:00:00+00:00,1,1811.465,1802.6870555012258,1802.8620555012258,1828.0858889975486,0.35,-307.22805745709366,-1.0203418724862041,"{'trail_atr_mult': 3.0, 'trail_atr_len': 14, 'tp_converts_to_trail': True, 'rsi': np.float64(57.67096238287579), 'atr': 4.2039722493871565, 'exit_reason': 'sl', 'signal_time': Timestamp('2020-07-09 12:00:00+0000', tz='UTC')}"
2020-07-10 10:00:00+00:00,2020-07-10 16:00:00+00:00,1,1806.835,1798.8065808451552,1798.9815808451551,1822.100136344042,0.38,-305.079927884105,-1.0149620686257086,"{'trail_atr_mult': 3.0, 'trail_atr_len': 14, 'tp_converts_to_trail': True, 'rsi': np.float64(56.16398879108541), 'atr': 3.8625340860104997, 'exit_reason': 'sl', 'signal_time': Timestamp('2020-07-10 09:00:00+0000', tz='UTC')}"
2020-07-13 17:00:00+00:00,2020-07-13 20:00:00+00:00,1,1809.975,1801.9202495478723,1802.0952495478723,1825.1795009042553,0.38,-306.08051718084744,-1.022208825147845,"{'trail_atr_mult': 3.0, 'trail_atr_len': 14, 'tp_converts_to_trail': True, 'rsi': np.float64(59.97843436143166), 'atr': 3.8473752260638205, 'exit_reason': 'sl', 'signal_time': Timestamp('2020-07-13 16:00:00+0000', tz='UTC')}"
2020-07-15 16:00:00+00:00,2020-07-16 10:00:00+00:00,1,1810.685,1803.859555783525,1804.0345557835249,1827.6557881691267,0.34,-191.2651033601512,-0.6430626802400126,"{'trail_atr_mult': 3.0, 'trail_atr_len': 14, 'tp_converts_to_trail': True, 'rsi': np.float64(55.8142793852347), 'atr': 4.286447042281663, 'exit_reason': 'sl', 'signal_time': Timestamp('2020-07-15 15:00:00+0000', tz='UTC')}"
2020-07-22 10:00:00+00:00,2020-07-23 12:00:00+00:00,1,1856.355,1878.4522159233397,1878.6272159233397,,0.26,605.7276140068327,2.0438650054183407,"{'trail_atr_mult': 3.0, 'trail_atr_len': 14, 'tp_converts_to_trail': True, 'rsi': np.float64(63.94175596670112), 'atr': 5.61180398083488, 'exit_reason': 'sl', 'signal_time': Timestamp('2020-07-22 09:00:00+0000', tz='UTC')}"
2020-07-24 07:00:00+00:00,2020-07-27 01:00:00+00:00,1,1888.665,1912.6999035197227,1912.8749035197227,,0.24,605.6376844733464,2.0503759845740035,"{'trail_atr_mult': 3.0, 'trail_atr_len': 14, 'tp_converts_to_trail': True, 'rsi': np.float64(58.30904435022517), 'atr': 6.086225879930708, 'exit_reason': 'sl', 'signal_time': Timestamp('2020-07-24 06:00:00+0000', tz='UTC')}"
2020-07-28 15:00:00+00:00,2020-07-29 20:00:00+00:00,1,1956.0249999999999,1953.3878723895145,1953.5628723895145,2006.9698355800047,0.11,-24.60840371533854,-0.08677791871597405,"{'trail_atr_mult': 3.0, 'trail_atr_len': 14, 'tp_converts_to_trail': True, 'rsi': np.float64(59.43900281612646), 'atr': 12.787458895001201, 'exit_reason': 'sl', 'signal_time': Timestamp('2020-07-28 14:00:00+0000', tz='UTC')}"
2020-07-28 18:00:00+00:00,2020-07-29 20:00:00+00:00,1,1953.965,1953.3878723895145,1953.5628723895145,2001.6429842453608,0.12,-2.1255313258245216,-0.007349238361831268,"{'trail_atr_mult': 3.0, 'trail_atr_len': 14, 'tp_converts_to_trail': True, 'rsi': np.float64(57.37510288884124), 'atr': 11.963246061340202, 'exit_reason': 'sl', 'signal_time': Timestamp('2020-07-28 17:00:00+0000', tz='UTC')}"
2020-07-29 00:00:00+00:00,2020-07-29 20:00:00+00:00,1,1956.2949999999998,1953.3878723895145,1953.5628723895145,1999.499331527438,0.13,-37.79265893630895,-0.13250555600043576,"{'trail_atr_mult': 3.0, 'trail_atr_len': 14, 'tp_converts_to_trail': True, 'rsi': np.float64(57.12844203944669), 'atr': 10.857332881859508, 'exit_reason': 'sl', 'signal_time': Timestamp('2020-07-28 23:00:00+0000', tz='UTC')}"
2020-07-29 07:00:00+00:00,2020-07-29 20:00:00+00:00,1,1958.0049999999999,1953.3878723895145,1953.5628723895145,1994.8989910170149,0.16,-73.87404176776545,-0.24937906670823462,"{'trail_atr_mult': 3.0, 'trail_atr_len': 14, 'tp_converts_to_trail': True, 'rsi': np.float64(57.797483856994944), 'atr': 9.234747754253725, 'exit_reason': 'sl', 'signal_time': Timestamp('2020-07-29 06:00:00+0000', tz='UTC')}"
2020-07-30 03:00:00+00:00,2020-07-30 08:00:00+00:00,1,1966.495,1949.2714352130965,1949.4464352130965,1999.9471295738067,0.17,-292.800601377357,-1.0102647936754412,"{'trail_atr_mult': 3.0, 'trail_atr_len': 14, 'tp_converts_to_trail': True, 'rsi': np.float64(58.04617459339665), 'atr': 8.416782393451694, 'exit_reason': 'sl', 'signal_time': Timestamp('2020-07-30 02:00:00+0000', tz='UTC')}"
2020-08-07 06:00:00+00:00,2020-08-07 13:00:00+00:00,1,2061.2050000000004,2043.3228854290257,2043.4978854290257,2096.2442291419484,0.16,-286.1138331355942,-1.0098830331332929,"{'trail_atr_mult': 3.0, 'trail_atr_len': 14, 'tp_converts_to_trail': True, 'rsi': np.float64(55.056500846283754), 'atr': 8.791057285487094, 'exit_reason': 'sl', 'signal_time': Timestamp('2020-08-07 05:00:00+0000', tz='UTC')}"
2020-08-07 08:00:00+00:00,2020-08-07 13:00:00+00:00,1,2064.715,2046.8319522321706,2047.0069522321705,2099.5760955356595,0.16,-286.12876428527306,-1.009882512307081,"{'trail_atr_mult': 3.0, 'trail_atr_len': 14, 'tp_converts_to_trail': True, 'rsi': np.float64(57.487931031126365), 'atr': 8.761523883914794, 'exit_reason': 'sl', 'signal_time': Timestamp('2020-08-07 07:00:00+0000', tz='UTC')}"
2020-08-18 16:00:00+00:00,2020-08-19 06:00:00+00:00,1,2002.475,1986.5434567839654,1986.7184567839654,2041.0728541830563,0.15,-232.97314824051702,-0.798273143520645,"{'trail_atr_mult': 3.0, 'trail_atr_len': 14, 'tp_converts_to_trail': True, 'rsi': np.float64(59.998023128217234), 'atr': 9.675713545764125, 'exit_reason': 'sl', 'signal_time': Timestamp('2020-08-18 15:00:00+0000', tz='UTC')}"
2020-08-31 16:00:00+00:00,2020-09-01 15:00:00+00:00,1,1969.115,1975.0954167541042,1975.2704167541042,1997.2140446440171,0.2,127.60833508208452,0.4458081891259114,"{'trail_atr_mult': 3.0, 'trail_atr_len': 14, 'tp_converts_to_trail': True, 'rsi': np.float64(57.12321937288334), 'atr': 7.068511161004246, 'exit_reason': 'sl', 'signal_time': Timestamp('2020-08-31 15:00:00+0000', tz='UTC')}"
2020-09-18 17:00:00+00:00,2020-09-20 23:00:00+00:00,1,1959.0049999999999,1948.5026917754142,1948.6776917754141,1979.2246164491714,0.28,-271.6646302883998,-0.939480841821673,"{'trail_atr_mult': 3.0, 'trail_atr_len': 14, 'tp_converts_to_trail': True, 'rsi': np.float64(61.42336358659165), 'atr': 5.091154112292903, 'exit_reason': 'sl', 'signal_time': Timestamp('2020-09-18 16:00:00+0000', tz='UTC')}"
2020-10-02 06:00:00+00:00,2020-10-02 14:00:00+00:00,1,1905.5349999999999,1898.220600545534,1898.3956005455339,1930.263500298931,0.23,-168.23118745271702,-0.5792780698029046,"{'trail_atr_mult': 3.0, 'trail_atr_len': 14, 'tp_converts_to_trail': True, 'rsi': np.float64(56.916311458662776), 'atr': 6.22587507473276, 'exit_reason': 'sl', 'signal_time': Timestamp('2020-10-02 05:00:00+0000', tz='UTC')}"
2020-10-12 12:00:00+00:00,2020-10-13 03:00:00+00:00,1,1924.715,1915.9681430521514,1916.1431430521513,1944.2193907791748,0.29,-242.0588514876073,-0.8334608915341606,"{'trail_atr_mult': 3.0, 'trail_atr_len': 14, 'tp_converts_to_trail': True, 'rsi': np.float64(55.11412764111968), 'atr': 4.91984769479368, 'exit_reason': 'sl', 'signal_time': Timestamp('2020-10-12 11:00:00+0000', tz='UTC')}"
2020-10-12 17:00:00+00:00,2020-10-13 03:00:00+00:00,1,1925.0349999999999,1914.603614527641,1914.778614527641,1945.0227709447179,0.28,-280.8787932260492,-0.9780624469891055,"{'trail_atr_mult': 3.0, 'trail_atr_len': 14, 'tp_converts_to_trail': True, 'rsi': np.float64(55.04860535335693), 'atr': 5.040692736179502, 'exit_reason': 'sl', 'signal_time': Timestamp('2020-10-12 16:00:00+0000', tz='UTC')}"
2020-10-20 23:00:00+00:00,2020-10-21 16:00:00+00:00,1,1910.925,1927.305,1930.272251710548,,0.3,503.4000000000033,1.7279149966826293,"{'trail_atr_mult': 3.0, 'trail_atr_len': 14, 'tp_converts_to_trail': True, 'rsi': np.float64(57.39804352948823), 'atr': 4.843062927636973, 'exit_reason': 'sl_gap', 'signal_time': Timestamp('2020-10-20 22:00:00+0000', tz='UTC')}"
2020-11-04 12:00:00+00:00,2020-11-05 17:00:00+00:00,1,1908.805,1942.4088039460883,1942.5838039460882,,0.17,591.6646670834994,2.0291512860081635,"{'trail_atr_mult': 3.0, 'trail_atr_len': 14, 'tp_converts_to_trail': True, 'rsi': np.float64(59.283133130574065), 'atr': 8.488450986522038, 'exit_reason': 'sl', 'signal_time': Timestamp('2020-11-04 11:00:00+0000', tz='UTC')}"
2020-11-04 20:00:00+00:00,2020-11-06 04:00:00+00:00,1,1904.915,1936.7069921765535,1936.8819921765535,,0.18,601.0558591779638,2.04032751788771,"{'trail_atr_mult': 3.0, 'trail_atr_len': 14, 'tp_converts_to_trail': True, 'rsi': np.float64(55.20347366321742), 'atr': 8.055498044138364, 'exit_reason': 'sl', 'signal_time': Timestamp('2020-11-04 19:00:00+0000', tz='UTC')}"
2020-11-04 23:00:00+00:00,2020-11-09 11:00:00+00:00,1,1904.965,1948.9255380919433,1949.1005380919432,,0.19,888.4502237469239,3.137283122574948,"{'trail_atr_mult': 3.0, 'trail_atr_len': 14, 'tp_converts_to_trail': True, 'rsi': np.float64(55.11853065863581), 'atr': 7.354893721731528, 'exit_reason': 'sl', 'signal_time': Timestamp('2020-11-04 22:00:00+0000', tz='UTC')}"
2020-11-06 15:00:00+00:00,2020-11-09 11:00:00+00:00,1,1948.715,1948.9255380919433,1949.1005380919432,1979.0880741087649,0.19,26.80022374692389,0.09042469012836253,"{'trail_atr_mult': 3.0, 'trail_atr_len': 14, 'tp_converts_to_trail': True, 'rsi': np.float64(56.045657351016764), 'atr': 7.662018527191209, 'exit_reason': 'sl', 'signal_time': Timestamp('2020-11-06 14:00:00+0000', tz='UTC')}"
2020-12-04 14:00:00+00:00,2020-12-04 15:00:00+00:00,1,1843.155,1831.334909774221,1831.509909774221,1865.4701804515578,0.26,-307.32234587025505,-1.0150277925380562,"{'trail_atr_mult': 3.0, 'trail_atr_len': 14, 'tp_converts_to_trail': True, 'rsi': np.float64(56.0389489674144), 'atr': 5.660045112889479, 'exit_reason': 'sl', 'signal_time': Timestamp('2020-12-04 13:00:00+0000', tz='UTC')}"
2020-12-03 17:00:00+00:00,2020-12-04 15:00:00+00:00,1,1838.105,1831.521008096818,1831.6960080968179,1863.3457964046736,0.23,-142.2318137731882,-0.48001558392042826,"{'trail_atr_mult': 3.0, 'trail_atr_len': 14, 'tp_converts_to_trail': True, 'rsi': np.float64(58.302404206889356), 'atr': 6.353949101168364, 'exit_reason': 'sl', 'signal_time': Timestamp('2020-12-03 16:00:00+0000', tz='UTC')}"
2020-12-07 14:00:00+00:00,2020-12-09 03:00:00+00:00,1,1856.845,1862.0265746550597,1862.2015746550596,1882.4780647603638,0.23,137.57621706637192,0.4573407635356343,"{'trail_atr_mult': 3.0, 'trail_atr_len': 14, 'tp_converts_to_trail': True, 'rsi': np.float64(69.17866096313993), 'atr': 6.452016190090939, 'exit_reason': 'sl', 'signal_time': Timestamp('2020-12-07 13:00:00+0000', tz='UTC')}"
2020-12-16 15:00:00+00:00,2020-12-16 19:00:00+00:00,1,1857.5049999999999,1846.3315742146199,1846.5065742146198,1878.8268515707603,0.27,-301.6824962052601,-1.0159113679916427,"{'trail_atr_mult': 3.0, 'trail_atr_len': 14, 'tp_converts_to_trail': True, 'rsi': np.float64(55.47563189017919), 'atr': 5.386712892690053, 'exit_reason': 'sl', 'signal_time': Timestamp('2020-12-16 14:00:00+0000', tz='UTC')}"
2020-12-16 19:00:00+00:00,2020-12-17 16:00:00+00:00,1,1861.475,1884.7506785639437,1884.9256785639436,,0.24,587.4162855346501,2.021473691048022,"{'trail_atr_mult': 3.0, 'trail_atr_len': 14, 'tp_converts_to_trail': True, 'rsi': np.float64(60.22048993944751), 'atr': 5.926419640985919, 'exit_reason': 'sl', 'signal_time': Timestamp('2020-12-16 18:00:00+0000', tz='UTC')}"
2020-12-18 03:00:00+00:00,2020-12-21 06:00:00+00:00,1,1883.5249999999999,1902.565,1902.8158676037865,,0.3,607.2000000000057,2.0428073506236633,"{'trail_atr_mult': 3.0, 'trail_atr_len': 14, 'tp_converts_to_trail': True, 'rsi': np.float64(58.62993739590609), 'atr': 4.866466900946654, 'exit_reason': 'sl_gap', 'signal_time': Timestamp('2020-12-18 02:00:00+0000', tz='UTC')}"
2020-12-18 15:00:00+00:00,2020-12-21 09:00:00+00:00,1,1886.175,1890.7633413305223,1890.9383413305222,1906.9202178174635,0.28,162.07355725462511,0.5481327305001713,"{'trail_atr_mult': 3.0, 'trail_atr_len': 14, 'tp_converts_to_trail': True, 'rsi': np.float64(58.91642188110655), 'atr': 5.217554454365902, 'exit_reason': 'sl', 'signal_time': Timestamp('2020-12-18 14:00:00+0000', tz='UTC')}"
2020-12-28 13:00:00+00:00,2020-12-28 17:00:00+00:00,1,1887.855,1875.7332281388738,1875.9082281388737,1912.814595492899,0.24,-290.9225246670303,-0.9524230596795652,"{'trail_atr_mult': 3.0, 'trail_atr_len': 14, 'tp_converts_to_trail': True, 'rsi': np.float64(55.75541685704089), 'atr': 6.281148873224713, 'exit_reason': 'sl', 'signal_time': Timestamp('2020-12-28 12:00:00+0000', tz='UTC')}"
2020-12-31 07:00:00+00:00,2020-12-31 18:00:00+00:00,1,1892.7949999999998,1893.505,1886.0926676714907,1910.6886805413883,0.33,23.430000000008704,0.07709564193861058,"{'trail_atr_mult': 3.0, 'trail_atr_len': 14, 'tp_converts_to_trail': True, 'rsi': np.float64(58.890422984626404), 'atr': 4.517170135347109, 'exit_reason': 'end_of_data', 'signal_time': Timestamp('2020-12-31 06:00:00+0000', tz='UTC')}"
2020-12-31 15:00:00+00:00,2020-12-31 18:00:00+00:00,1,1898.875,1893.505,1889.120138899599,1917.8597222008023,0.31,-166.46999999999662,-0.5504947681704161,"{'trail_atr_mult': 3.0, 'trail_atr_len': 14, 'tp_converts_to_trail': True, 'rsi': np.float64(62.373527039645886), 'atr': 4.789930550200559, 'exit_reason': 'end_of_data', 'signal_time': Timestamp('2020-12-31 14:00:00+0000', tz='UTC')}"
2021-01-03 23:00:00+00:00,2021-01-04 14:00:00+00:00,1,1913.215,1936.8270539821199,1937.0020539821198,,0.24,576.2892955708791,1.9900547214017594,"{'trail_atr_mult': 3.0, 'trail_atr_len': 14, 'tp_converts_to_trail': True, 'rsi': np.float64(72.1244235423404), 'atr': 5.9755134955300075, 'exit_reason': 'sl', 'signal_time': Timestamp('2021-01-03 22:00:00+0000', tz='UTC')}"
2021-01-06 08:00:00+00:00,2021-01-06 12:00:00+00:00,1,1953.0049999999999,1941.894437091933,1942.069437091933,1976.227793530424,0.25,-277.7640727016717,-0.9357132816430069,"{'trail_atr_mult': 3.0, 'trail_atr_len': 14, 'tp_converts_to_trail': True, 'rsi': np.float64(62.73509961623531), 'atr': 5.849448382606004, 'exit_reason': 'sl', 'signal_time': Timestamp('2021-01-06 07:00:00+0000', tz='UTC')}"
2021-01-05 16:00:00+00:00,2021-01-06 12:00:00+00:00,1,1950.845,1941.894437091933,1942.069437091933,1975.0947602260956,0.24,-205.21350979360832,-0.6828225010641292,"{'trail_atr_mult': 3.0, 'trail_atr_len': 14, 'tp_converts_to_trail': True, 'rsi': np.float64(66.17130693685448), 'atr': 6.128690056523894, 'exit_reason': 'sl', 'signal_time': Timestamp('2021-01-05 15:00:00+0000', tz='UTC')}"
2021-02-10 13:00:00+00:00,2021-02-10 15:00:00+00:00,1,1851.315,1840.356617885131,1840.531617885131,1872.4467642297382,0.27,-295.8763171014625,-1.0162286746528855,"{'trail_atr_mult': 3.0, 'trail_atr_len': 14, 'tp_converts_to_trail': True, 'rsi': np.float64(64.21986305025769), 'atr': 5.3191910574345265, 'exit_reason': 'sl', 'signal_time': Timestamp('2021-02-10 12:00:00+0000', tz='UTC')}"
2021-03-17 18:00:00+00:00,2021-03-18 07:00:00+00:00,1,1749.7949999999998,1741.1982463223524,1741.3732463223523,1770.5543926913986,0.28,-207.1091029741296,-0.6979915664815887,"{'trail_atr_mult': 3.0, 'trail_atr_len': 14, 'tp_converts_to_trail': True, 'rsi': np.float64(70.66031074874877), 'atr': 5.226098172849644, 'exit_reason': 'sl', 'signal_time': Timestamp('2021-03-17 17:00:00+0000', tz='UTC')}"
2021-03-21 21:00:00+00:00,2021-03-22 01:00:00+00:00,1,1743.975,1735.3198525145956,1735.4948525145956,1764.4302949708092,0.35,-288.930161989151,-0.973467442590202,"{'trail_atr_mult': 3.0, 'trail_atr_len': 14, 'tp_converts_to_trail': True, 'rsi': np.float64(61.804304131271124), 'atr': 4.822573742702278, 'exit_reason': 'sl', 'signal_time': Timestamp('2021-03-19 19:00:00+0000', tz='UTC')}"
2021-03-19 07:00:00+00:00,2021-03-22 06:00:00+00:00,1,1741.905,1732.8153298474633,1732.9903298474633,1762.648523694596,0.28,-220.9107642710264,-0.74191046504477,"{'trail_atr_mult': 3.0, 'trail_atr_len': 14, 'tp_converts_to_trail': True, 'rsi': np.float64(60.65366140472047), 'atr': 5.229630923648973, 'exit_reason': 'sl', 'signal_time': Timestamp('2021-03-19 06:00:00+0000', tz='UTC')}"
2021-04-14 07:00:00+00:00,2021-04-14 14:00:00+00:00,1,1747.2749999999999,1739.523510862419,1739.698510862419,1761.9929782751622,0.39,-302.30807636565305,-1.0230977695370695,"{'trail_atr_mult': 3.0, 'trail_atr_len': 14, 'tp_converts_to_trail': True, 'rsi': np.float64(62.179364007852406), 'atr': 3.7157445687905355, 'exit_reason': 'sl', 'signal_time': Timestamp('2021-04-14 06:00:00+0000', tz='UTC')}"
2021-04-19 00:00:00+00:00,2021-04-19 13:00:00+00:00,1,1776.965,1776.7772926039404,1776.9522926039404,1792.080904155136,0.37,-6.9451736542023355,-0.02400211575977019,"{'trail_atr_mult': 3.0, 'trail_atr_len': 14, 'tp_converts_to_trail': True, 'rsi': np.float64(61.0924234452066), 'atr': 3.822726038784027, 'exit_reason': 'sl', 'signal_time': Timestamp('2021-04-18 23:00:00+0000', tz='UTC')}"
2021-04-19 08:00:00+00:00,2021-04-19 13:00:00+00:00,1,1787.155,1777.6709508132944,1777.8459508132944,1805.248098373411,0.31,-294.00552478787154,-1.0187989123797816,"{'trail_atr_mult': 3.0, 'trail_atr_len': 14, 'tp_converts_to_trail': True, 'rsi': np.float64(67.51818253972041), 'atr': 4.567024593352764, 'exit_reason': 'sl', 'signal_time': Timestamp('2021-04-19 07:00:00+0000', tz='UTC')}"
2021-04-21 13:00:00+00:00,2021-04-22 10:00:00+00:00,1,1786.5349999999999,1786.7367350064146,1786.9117350064146,1803.3578198111168,0.34,47.65899021810201,0.16160359303668706,"{'trail_atr_mult': 3.0, 'trail_atr_len': 14, 'tp_converts_to_trail': True, 'rsi': np.float64(62.31340863606113), 'atr': 4.249454952779244, 'exit_reason': 'sl', 'signal_time': Timestamp('2021-04-21 12:00:00+0000', tz='UTC')}"
2021-05-04 14:00:00+00:00,2021-05-04 16:00:00+00:00,1,1795.055,1786.8141276439148,1786.9891276439148,1810.5717447121701,0.36,-296.6714048190679,-1.0216963512778536,"{'trail_atr_mult': 3.0, 'trail_atr_len': 14, 'tp_converts_to_trail': True, 'rsi': np.float64(67.55715770243836), 'atr': 3.930436178042529, 'exit_reason': 'sl', 'signal_time': Timestamp('2021-05-04 13:00:00+0000', tz='UTC')}"
2021-05-10 03:00:00+00:00,2021-05-11 01:00:00+00:00,1,1833.065,1832.9600377862162,1833.1350377862161,1853.0884403499967,0.28,8.261058014051015,0.028800414397199662,"{'trail_atr_mult': 3.0, 'trail_atr_len': 14, 'tp_converts_to_trail': True, 'rsi': np.float64(61.55973656628958), 'atr': 5.044610087499179, 'exit_reason': 'sl', 'signal_time': Timestamp('2021-05-10 02:00:00+0000', tz='UTC')}"
2021-05-12 13:00:00+00:00,2021-05-12 14:00:00+00:00,1,1840.0449999999998,1830.3014432049413,1830.4764432049412,1858.7171135901178,0.3,-292.306703851757,-1.018289069474963,"{'trail_atr_mult': 3.0, 'trail_atr_len': 14, 'tp_converts_to_trail': True, 'rsi': np.float64(61.08717748158459), 'atr': 4.706778397529433, 'exit_reason': 'sl', 'signal_time': Timestamp('2021-05-12 12:00:00+0000', tz='UTC')}"
2021-05-17 14:00:00+00:00,2021-05-18 03:00:00+00:00,1,1854.605,1871.676008515,1871.8510085149999,,0.32,559.0722724799969,1.956329453661876,"{'trail_atr_mult': 3.0, 'trail_atr_len': 14, 'tp_converts_to_trail': True, 'rsi': np.float64(66.8173879187064), 'atr': 4.362752128749948, 'exit_reason': 'sl', 'signal_time': Timestamp('2021-05-17 13:00:00+0000', tz='UTC')}"
2021-05-19 14:00:00+00:00,2021-05-19 19:00:00+00:00,1,1889.235,1875.1519199221866,1875.3269199221866,1916.5261601556267,0.21,-295.74468163407914,-1.0125826137770892,"{'trail_atr_mult': 3.0, 'trail_atr_len': 14, 'tp_converts_to_trail': True, 'rsi': np.float64(70.34337107805567), 'atr': 6.866540038906697, 'exit_reason': 'sl', 'signal_time': Timestamp('2021-05-19 13:00:00+0000', tz='UTC')}"
2021-05-20 17:00:00+00:00,2021-05-21 03:00:00+00:00,1,1882.715,1871.0290097984116,1871.2040097984116,1905.3619804031766,0.25,-282.14975503970777,-0.9804534626422496,"{'trail_atr_mult': 3.0, 'trail_atr_len': 14, 'tp_converts_to_trail': True, 'rsi': np.float64(62.32968456946344), 'atr': 5.692995100794167, 'exit_reason': 'sl', 'signal_time': Timestamp('2021-05-20 16:00:00+0000', tz='UTC')}"
2021-05-21 13:00:00+00:00,2021-05-21 14:00:00+00:00,1,1887.2549999999999,1878.3901691300557,1878.5651691300557,1904.1096617398885,0.33,-292.53941870815765,-1.0201384817056947,"{'trail_atr_mult': 3.0, 'trail_atr_len': 14, 'tp_converts_to_trail': True, 'rsi': np.float64(67.96962727612203), 'atr': 4.257415434972112, 'exit_reason': 'sl', 'signal_time': Timestamp('2021-05-21 12:00:00+0000', tz='UTC')}"
2021-05-24 02:00:00+00:00,2021-05-24 09:00:00+00:00,1,1886.205,1876.7515468463384,1876.9265468463384,1904.206906307323,0.31,-293.05704776350603,-1.0188609024695992,"{'trail_atr_mult': 3.0, 'trail_atr_len': 14, 'tp_converts_to_trail': True, 'rsi': np.float64(60.97819831150168), 'atr': 4.546726576830737, 'exit_reason': 'sl', 'signal_time': Timestamp('2021-05-24 01:00:00+0000', tz='UTC')}"
2021-05-25 15:00:00+00:00,2021-05-26 09:00:00+00:00,1,1890.7949999999998,1909.095,1909.8874465775773,,0.3,561.0000000000055,1.9241210439207241,"{'trail_atr_mult': 3.0, 'trail_atr_len': 14, 'tp_converts_to_trail': True, 'rsi': np.float64(64.4788897983452), 'atr': 4.801861644394323, 'exit_reason': 'sl_gap', 'signal_time': Timestamp('2021-05-25 14:00:00+0000', tz='UTC')}"
2021-05-28 18:00:00+00:00,2021-06-01 09:00:00+00:00,1,1902.445,1907.1815042160551,1907.356504216055,1920.5167120736185,0.31,196.43163069771148,0.669583199808661,"{'trail_atr_mult': 3.0, 'trail_atr_len': 14, 'tp_converts_to_trail': True, 'rsi': np.float64(62.67668255588102), 'atr': 4.589178018404568, 'exit_reason': 'sl', 'signal_time': Timestamp('2021-05-28 17:00:00+0000', tz='UTC')}"
2021-06-02 19:00:00+00:00,2021-06-03 06:00:00+00:00,1,1907.995,1900.5856299584618,1900.7606299584618,1922.9171906201302,0.38,-235.9560615784466,-0.8039481345489782,"{'trail_atr_mult': 3.0, 'trail_atr_len': 14, 'tp_converts_to_trail': True, 'rsi': np.float64(61.47835389673458), 'atr': 3.7742976550325946, 'exit_reason': 'sl', 'signal_time': Timestamp('2021-06-02 18:00:00+0000', tz='UTC')}"
2021-07-07 08:00:00+00:00,2021-07-07 15:00:00+00:00,1,1805.585,1797.513208964952,1797.6882089649519,1822.0583878738494,0.35,-282.5126862266847,-0.9581677600830282,"{'trail_atr_mult': 3.0, 'trail_atr_len': 14, 'tp_converts_to_trail': True, 'rsi': np.float64(60.65908523327226), 'atr': 4.149596968462305, 'exit_reason': 'sl', 'signal_time': Timestamp('2021-07-07 07:00:00+0000', tz='UTC')}"
2021-07-07 10:00:00+00:00,2021-07-07 15:00:00+00:00,1,1806.675,1798.1904909421414,1798.3654909421414,1822.949018115717,0.36,-305.44232608290713,-1.021060209307366,"{'trail_atr_mult': 3.0, 'trail_atr_len': 14, 'tp_converts_to_trail': True, 'rsi': np.float64(61.52931064880036), 'atr': 4.097254528929272, 'exit_reason': 'sl', 'signal_time': Timestamp('2021-07-07 09:00:00+0000', tz='UTC')}"
2021-07-07 14:00:00+00:00,2021-07-07 15:00:00+00:00,1,1806.835,1798.0524626925892,1798.2274626925891,1823.5250746148217,0.34,-298.60626845196884,-1.0203310184725292,"{'trail_atr_mult': 3.0, 'trail_atr_len': 14, 'tp_converts_to_trail': True, 'rsi': np.float64(60.10540270523399), 'atr': 4.21626865370543, 'exit_reason': 'sl', 'signal_time': Timestamp('2021-07-07 13:00:00+0000', tz='UTC')}"
2021-07-08 08:00:00+00:00,2021-07-08 15:00:00+00:00,1,1807.5349999999999,1802.238221412983,1802.413221412983,1824.8276094415426,0.33,-174.7936933715573,-0.5915673562468063,"{'trail_atr_mult': 3.0, 'trail_atr_len': 14, 'tp_converts_to_trail': True, 'rsi': np.float64(61.0145387579597), 'atr': 4.374402360385671, 'exit_reason': 'sl', 'signal_time': Timestamp('2021-07-08 07:00:00+0000', tz='UTC')}"
2021-07-09 17:00:00+00:00,2021-07-12 06:00:00+00:00,1,1810.5249999999999,1801.1214904958808,1801.2964904958808,1828.4849876427668,0.32,-262.51230413180895,-0.8875861496536062,"{'trail_atr_mult': 3.0, 'trail_atr_len': 14, 'tp_converts_to_trail': True, 'rsi': np.float64(60.20131486286855), 'atr': 4.533746910691742, 'exit_reason': 'sl', 'signal_time': Timestamp('2021-07-09 16:00:00+0000', tz='UTC')}"
2021-07-20 13:00:00+00:00,2021-07-20 15:00:00+00:00,1,1822.905,1814.5042745871465,1814.6792745871464,1838.8614508257074,0.35,-294.02538944987214,-1.0212747193975742,"{'trail_atr_mult': 3.0, 'trail_atr_len': 14, 'tp_converts_to_trail': True, 'rsi': np.float64(65.32517369179047), 'atr': 4.030362706426829, 'exit_reason': 'sl', 'signal_time': Timestamp('2021-07-20 12:00:00+0000', tz='UTC')}"
2021-08-18 03:00:00+00:00,2021-08-18 12:00:00+00:00,1,1791.375,1784.6428210180602,1784.8178210180602,1803.9643579638798,0.45,-302.94805418729084,-1.026688306127063,"{'trail_atr_mult': 3.0, 'trail_atr_len': 14, 'tp_converts_to_trail': True, 'rsi': np.float64(62.139889845693155), 'atr': 3.191089490969941, 'exit_reason': 'sl', 'signal_time': Timestamp('2021-08-18 02:00:00+0000', tz='UTC')}"
2021-08-24 19:00:00+00:00,2021-08-25 01:00:00+00:00,1,1806.085,1799.1703732656968,1799.3453732656967,1818.9792534686069,0.43,-280.1289495750412,-0.9666153618189505,"{'trail_atr_mult': 3.0, 'trail_atr_len': 14, 'tp_converts_to_trail': True, 'rsi': np.float64(60.22776284365391), 'atr': 3.272313367151687, 'exit_reason': 'sl', 'signal_time': Timestamp('2021-08-24 18:00:00+0000', tz='UTC')}"
2021-08-24 16:00:00+00:00,2021-08-25 01:00:00+00:00,1,1806.805,1799.2201908243385,1799.3951908243384,1821.0396183513228,0.39,-280.20755785080144,-0.96963484555863,"{'trail_atr_mult': 3.0, 'trail_atr_len': 14, 'tp_converts_to_trail': True, 'rsi': np.float64(62.96630959386107), 'atr': 3.6074045878307404, 'exit_reason': 'sl', 'signal_time': Timestamp('2021-08-24 15:00:00+0000', tz='UTC')}"
2021-08-27 15:00:00+00:00,2021-08-30 14:00:00+00:00,1,1807.815,1812.706325741284,1812.881325741284,1830.2587233717895,0.25,152.2831435320984,0.5324882548992954,"{'trail_atr_mult': 3.0, 'trail_atr_len': 14, 'tp_converts_to_trail': True, 'rsi': np.float64(65.0952419023926), 'atr': 5.6471808429473835, 'exit_reason': 'sl', 'signal_time': Timestamp('2021-08-27 14:00:00+0000', tz='UTC')}"
2021-08-30 10:00:00+00:00,2021-08-30 19:00:00+00:00,1,1816.125,1808.4592475600311,1808.634247560031,1830.5815048799377,0.39,-298.96434515878536,-1.0233621390377545,"{'trail_atr_mult': 3.0, 'trail_atr_len': 14, 'tp_converts_to_trail': True, 'rsi': np.float64(60.62926799183886), 'atr': 3.6578762199844244, 'exit_reason': 'sl', 'signal_time': Timestamp('2021-08-30 09:00:00+0000', tz='UTC')}"
2021-08-30 04:00:00+00:00,2021-08-30 19:00:00+00:00,1,1815.085,1808.1180377566984,1808.2930377566984,1832.6585740325893,0.33,-229.90975402895356,-0.7949262992355837,"{'trail_atr_mult': 3.0, 'trail_atr_len': 14, 'tp_converts_to_trail': True, 'rsi': np.float64(60.531721946726556), 'atr': 4.3896435081473255, 'exit_reason': 'sl', 'signal_time': Timestamp('2021-08-30 03:00:00+0000', tz='UTC')}"
2021-09-01 13:00:00+00:00,2021-09-01 14:00:00+00:00,1,1819.455,1812.1188937533313,1812.2938937533313,1833.4022124933372,0.4,-293.4442498667432,-1.024437565087289,"{'trail_atr_mult': 3.0, 'trail_atr_len': 14, 'tp_converts_to_trail': True, 'rsi': np.float64(62.93540511326078), 'atr': 3.5180531233343015, 'exit_reason': 'sl', 'signal_time': Timestamp('2021-09-01 12:00:00+0000', tz='UTC')}"
2021-09-03 13:00:00+00:00,2021-09-06 09:00:00+00:00,1,1823.655,1825.5563724918259,1825.7313724918258,1836.689024272419,0.42,130.25764465668763,0.4504854418825232,"{'trail_atr_mult': 3.0, 'trail_atr_len': 14, 'tp_converts_to_trail': True, 'rsi': np.float64(75.27578176525577), 'atr': 3.3197560681047262, 'exit_reason': 'sl', 'signal_time': Timestamp('2021-09-03 12:00:00+0000', tz='UTC')}"
2021-09-06 06:00:00+00:00,2021-09-06 14:00:00+00:00,1,1827.7849999999999,1821.71085407652,1821.88585407652,1839.2982918469602,0.49,-297.6331502505111,-1.0296653112619942,"{'trail_atr_mult': 3.0, 'trail_atr_len': 14, 'tp_converts_to_trail': True, 'rsi': np.float64(62.2893180009075), 'atr': 2.9020729617400054, 'exit_reason': 'sl', 'signal_time': Timestamp('2021-09-06 05:00:00+0000', tz='UTC')}"
2021-10-04 15:00:00+00:00,2021-10-05 06:00:00+00:00,1,1766.625,1757.925808846022,1758.100808846022,1788.3799049722113,0.25,-207.47977884945158,-0.7400112630222957,"{'trail_atr_mult': 3.0, 'trail_atr_len': 14, 'tp_converts_to_trail': True, 'rsi': np.float64(63.40454409779311), 'atr': 5.4949762430528235, 'exit_reason': 'sl', 'signal_time': Timestamp('2021-10-04 14:00:00+0000', tz='UTC')}"
2021-10-04 19:00:00+00:00,2021-10-05 06:00:00+00:00,1,1766.985,1757.1358088460217,1757.3108088460217,1788.0739386170171,0.27,-255.12816115741015,-0.8980439760774803,"{'trail_atr_mult': 3.0, 'trail_atr_len': 14, 'tp_converts_to_trail': True, 'rsi': np.float64(60.634245076641385), 'atr': 5.268484654254284, 'exit_reason': 'sl', 'signal_time': Timestamp('2021-10-04 18:00:00+0000', tz='UTC')}"
2021-10-08 13:00:00+00:00,2021-10-08 15:00:00+00:00,1,1775.975,1767.2515776412267,1767.4265776412267,1792.5468447175463,0.33,-287.87293783951486,-1.0204716136680299,"{'trail_atr_mult': 3.0, 'trail_atr_len': 14, 'tp_converts_to_trail': True, 'rsi': np.float64(75.15766088320692), 'atr': 4.186711179386587, 'exit_reason': 'sl', 'signal_time': Timestamp('2021-10-08 12:00:00+0000', tz='UTC')}"
2021-10-12 14:00:00+00:00,2021-10-12 18:00:00+00:00,1,1768.495,1759.2479721897546,1759.4229721897545,1786.1140556204907,0.31,-286.6578621176043,-1.0192900643230305,"{'trail_atr_mult': 3.0, 'trail_atr_len': 14, 'tp_converts_to_trail': True, 'rsi': np.float64(64.18705056009537), 'atr': 4.448513905122716, 'exit_reason': 'sl', 'signal_time': Timestamp('2021-10-12 13:00:00+0000', tz='UTC')}"
2021-10-13 14:00:00+00:00,2021-10-15 06:00:00+00:00,1,1781.855,1791.9855655434712,1792.1605655434712,1805.1220874890364,0.24,281.5335730433093,0.986089644204356,"{'trail_atr_mult': 3.0, 'trail_atr_len': 14, 'tp_converts_to_trail': True, 'rsi': np.float64(67.91639171765715), 'atr': 5.860521872259081, 'exit_reason': 'sl', 'signal_time': Timestamp('2021-10-13 13:00:00+0000', tz='UTC')}"
2021-10-20 15:00:00+00:00,2021-10-21 12:00:00+00:00,1,1782.725,1778.6422142626525,1778.8172142626524,1800.2684473674888,0.31,-89.36635785777005,-0.3190961214005065,"{'trail_atr_mult': 3.0, 'trail_atr_len': 14, 'tp_converts_to_trail': True, 'rsi': np.float64(61.68595871201187), 'atr': 4.4296118418721875, 'exit_reason': 'sl', 'signal_time': Timestamp('2021-10-20 14:00:00+0000', tz='UTC')}"
2021-10-21 10:00:00+00:00,2021-10-21 12:00:00+00:00,1,1787.805,1780.147845447858,1780.3228454478578,1802.184309104284,0.38,-290.9718729814026,-1.0233889849214421,"{'trail_atr_mult': 3.0, 'trail_atr_len': 14, 'tp_converts_to_trail': True, 'rsi': np.float64(60.240739238282536), 'atr': 3.6435772760710354, 'exit_reason': 'sl', 'signal_time': Timestamp('2021-10-21 09:00:00+0000', tz='UTC')}"
2021-10-21 02:00:00+00:00,2021-10-21 12:00:00+00:00,1,1786.995,1779.130445588444,1779.305445588444,1801.8491088231117,0.37,-290.9885132275683,-1.0227581457433947,"{'trail_atr_mult': 3.0, 'trail_atr_len': 14, 'tp_converts_to_trail': True, 'rsi': np.float64(63.104238809127175), 'atr': 3.7572772057779398, 'exit_reason': 'sl', 'signal_time': Timestamp('2021-10-21 01:00:00+0000', tz='UTC')}"
2021-10-22 07:00:00+00:00,2021-10-22 14:00:00+00:00,1,1793.2949999999998,1805.615,1806.702541922812,,0.4,492.80000000000655,1.7422610542349826,"{'trail_atr_mult': 3.0, 'trail_atr_len': 14, 'tp_converts_to_trail': True, 'rsi': np.float64(68.28600995069291), 'atr': 3.4131354807030223, 'exit_reason': 'sl_gap', 'signal_time': Timestamp('2021-10-22 06:00:00+0000', tz='UTC')}"
2021-10-25 14:00:00+00:00,2021-10-26 08:00:00+00:00,1,1807.985,1800.3514863488772,1800.5264863488771,1826.7634347712476,0.29,-209.77189588255862,-0.7494535285395874,"{'trail_atr_mult': 3.0, 'trail_atr_len': 14, 'tp_converts_to_trail': True, 'rsi': np.float64(63.57529253786148), 'atr': 4.738358692811937, 'exit_reason': 'sl', 'signal_time': Timestamp('2021-10-25 13:00:00+0000', tz='UTC')}"
2021-10-25 22:00:00+00:00,2021-10-26 13:00:00+00:00,1,1807.625,1799.6713759865527,1799.8463759865526,1822.597248026895,0.36,-271.9304644841037,-0.9710745757075964,"{'trail_atr_mult': 3.0, 'trail_atr_len': 14, 'tp_converts_to_trail': True, 'rsi': np.float64(60.66956389733207), 'atr': 3.791812006723722, 'exit_reason': 'sl', 'signal_time': Timestamp('2021-10-25 20:00:00+0000', tz='UTC')}"
2021-10-28 03:00:00+00:00,2021-10-28 15:00:00+00:00,1,1799.7649999999999,1795.9020145900402,1796.07701459004,1815.0421839806122,0.36,-139.0674747585499,-0.48891791346048075,"{'trail_atr_mult': 3.0, 'trail_atr_len': 14, 'tp_converts_to_trail': True, 'rsi': np.float64(60.60860514174004), 'atr': 3.863045995153049, 'exit_reason': 'sl', 'signal_time': Timestamp('2021-10-28 02:00:00+0000', tz='UTC')}"
2021-10-28 05:00:00+00:00,2021-10-28 15:00:00+00:00,1,1801.115,1795.9020145900402,1796.07701459004,1815.539077003691,0.38,-198.09344557847453,-0.6974324112014091,"{'trail_atr_mult': 3.0, 'trail_atr_len': 14, 'tp_converts_to_trail': True, 'rsi': np.float64(62.36346283847961), 'atr': 3.6497692509227817, 'exit_reason': 'sl', 'signal_time': Timestamp('2021-10-28 04:00:00+0000', tz='UTC')}"
2021-10-28 14:00:00+00:00,2021-10-28 15:00:00+00:00,1,1803.315,1793.4396763933605,1793.6146763933605,1822.2206472132796,0.29,-286.3843845925466,-1.0180406352505778,"{'trail_atr_mult': 3.0, 'trail_atr_len': 14, 'tp_converts_to_trail': True, 'rsi': np.float64(60.11572470004543), 'atr': 4.767661803319863, 'exit_reason': 'sl', 'signal_time': Timestamp('2021-10-28 13:00:00+0000', tz='UTC')}"
2021-11-05 13:00:00+00:00,2021-11-05 20:00:00+00:00,1,1799.475,1816.615,1817.8541369067714,,0.3,514.200000000003,1.813359698411904,"{'trail_atr_mult': 3.0, 'trail_atr_len': 14, 'tp_converts_to_trail': True, 'rsi': np.float64(64.76505798434266), 'atr': 4.63853422669288, 'exit_reason': 'sl_gap', 'signal_time': Timestamp('2021-11-05 12:00:00+0000', tz='UTC')}"
2021-11-09 13:00:00+00:00,2021-11-09 15:00:00+00:00,1,1830.055,1822.271940717813,1822.446940717813,1845.016118564374,0.37,-287.97319344091784,-1.023001923816457,"{'trail_atr_mult': 3.0, 'trail_atr_len': 14, 'tp_converts_to_trail': True, 'rsi': np.float64(67.43808459968866), 'atr': 3.761529641093499, 'exit_reason': 'sl', 'signal_time': Timestamp('2021-11-09 12:00:00+0000', tz='UTC')}"
2021-11-09 16:00:00+00:00,2021-11-10 11:00:00+00:00,1,1828.595,1823.0280233774706,1823.2030233774706,1845.2925227718404,0.33,-170.51022854347053,-0.6000255236680703,"{'trail_atr_mult': 3.0, 'trail_atr_len': 14, 'tp_converts_to_trail': True, 'rsi': np.float64(61.27422030082186), 'atr': 4.218130692960074, 'exit_reason': 'sl', 'signal_time': Timestamp('2021-11-09 15:00:00+0000', tz='UTC')}"
2021-11-09 09:00:00+00:00,2021-11-10 11:00:00+00:00,1,1825.605,1823.0280233774706,1823.2030233774706,1839.7292899677534,0.39,-84.90208827864662,-0.2978224834901468,"{'trail_atr_mult': 3.0, 'trail_atr_len': 14, 'tp_converts_to_trail': True, 'rsi': np.float64(60.91327980302921), 'atr': 3.572322491938335, 'exit_reason': 'sl', 'signal_time': Timestamp('2021-11-09 08:00:00+0000', tz='UTC')}"
2021-11-08 09:00:00+00:00,2021-11-10 11:00:00+00:00,1,1816.215,1823.0280233774706,1823.2030233774706,1833.0612450240071,0.32,243.61674807906238,0.8749975495394322,"{'trail_atr_mult': 3.0, 'trail_atr_len': 14, 'tp_converts_to_trail': True, 'rsi': np.float64(61.20805046053633), 'atr': 4.257811256001762, 'exit_reason': 'sl', 'signal_time': Timestamp('2021-11-08 08:00:00+0000', tz='UTC')}"
2021-11-10 13:00:00+00:00,2021-11-10 17:00:00+00:00,1,1849.915,1850.353811710848,1850.528811710848,1869.7265780562177,0.28,12.286727903746398,0.04334675317771265,"{'trail_atr_mult': 3.0, 'trail_atr_len': 14, 'tp_converts_to_trail': True, 'rsi': np.float64(81.14627266940556), 'atr': 4.98914451405444, 'exit_reason': 'sl', 'signal_time': Timestamp('2021-11-10 12:00:00+0000', tz='UTC')}"
2021-11-11 05:00:00+00:00,2021-11-12 08:00:00+00:00,1,1854.0049999999999,1854.685955159612,1854.8609551596119,1877.4659017456581,0.23,24.861968671076923,0.09001995186855473,"{'trail_atr_mult': 3.0, 'trail_atr_len': 14, 'tp_converts_to_trail': True, 'rsi': np.float64(62.82823437265071), 'atr': 5.911475436414528, 'exit_reason': 'sl', 'signal_time': Timestamp('2021-11-11 04:00:00+0000', tz='UTC')}"
2021-11-12 20:00:00+00:00,2021-11-15 03:00:00+00:00,1,1866.0149999999999,1856.571552620545,1856.746552620545,1883.9668947589103,0.3,-247.30342138364813,-0.8894097405923538,"{'trail_atr_mult': 3.0, 'trail_atr_len': 14, 'tp_converts_to_trail': True, 'rsi': np.float64(60.96212468625748), 'atr': 4.536723689727553, 'exit_reason': 'sl', 'signal_time': Timestamp('2021-11-12 19:00:00+0000', tz='UTC')}"
2021-11-12 16:00:00+00:00,2021-11-15 07:00:00+00:00,1,1863.7949999999998,1856.4915237244172,1856.6665237244172,1882.2832943194664,0.29,-177.00081199189611,-0.6420219634778123,"{'trail_atr_mult': 3.0, 'trail_atr_len': 14, 'tp_converts_to_trail': True, 'rsi': np.float64(61.388298920282146), 'atr': 4.665823579866625, 'exit_reason': 'sl', 'signal_time': Timestamp('2021-11-12 15:00:00+0000', tz='UTC')}"
2021-11-15 19:00:00+00:00,2021-11-16 14:00:00+00:00,1,1867.2549999999999,1863.9116984822356,1864.0866984822355,1883.3552142477336,0.33,-97.12895008622199,-0.3528035629706296,"{'trail_atr_mult': 3.0, 'trail_atr_len': 14, 'tp_converts_to_trail': True, 'rsi': np.float64(60.85501607954096), 'atr': 4.073803561933398, 'exit_reason': 'sl', 'signal_time': Timestamp('2021-11-15 18:00:00+0000', tz='UTC')}"
2021-11-16 08:00:00+00:00,2021-11-16 14:00:00+00:00,1,1872.2549999999999,1864.0286309410803,1864.2036309410803,1887.8327381178392,0.35,-287.92291706218407,-1.0217354339019007,"{'trail_atr_mult': 3.0, 'trail_atr_len': 14, 'tp_converts_to_trail': True, 'rsi': np.float64(64.95578971674041), 'atr': 3.9381845294598397, 'exit_reason': 'sl', 'signal_time': Timestamp('2021-11-16 07:00:00+0000', tz='UTC')}"
2021-11-17 16:00:00+00:00,2021-11-18 10:00:00+00:00,1,1866.495,1860.583013768086,1860.758013768086,1882.9846430821824,0.33,-155.49554565316012,-0.5528993724532214,"{'trail_atr_mult': 3.0, 'trail_atr_len': 14, 'tp_converts_to_trail': True, 'rsi': np.float64(60.81832226229477), 'atr': 4.1686607705456336, 'exit_reason': 'sl', 'signal_time': Timestamp('2021-11-17 15:00:00+0000', tz='UTC')}"
2021-12-27 01:00:00+00:00,2021-12-27 09:00:00+00:00,1,1810.965,1804.9502417411304,1805.1252417411304,1822.1495165177394,0.48,-288.7083964257363,-1.029966993879269,"{'trail_atr_mult': 3.0, 'trail_atr_len': 14, 'tp_converts_to_trail': True, 'rsi': np.float64(64.72660147359986), 'atr': 2.8373791294348454, 'exit_reason': 'sl', 'signal_time': Timestamp('2021-12-27 00:00:00+0000', tz='UTC')}"
2021-12-23 16:00:00+00:00,2021-12-27 13:00:00+00:00,1,1807.585,1804.3765666163608,1804.5515666163608,1820.139709435977,0.43,-69.16263549648573,-0.2459432897209585,"{'trail_atr_mult': 3.0, 'trail_atr_len': 14, 'tp_converts_to_trail': True, 'rsi': np.float64(60.36468942309838), 'atr': 3.1824273589942473, 'exit_reason': 'sl', 'signal_time': Timestamp('2021-12-23 15:00:00+0000', tz='UTC')}"
2021-12-27 15:00:00+00:00,2021-12-27 18:00:00+00:00,1,1812.845,1806.7626778076155,1806.9376778076155,1824.0446443847693,0.47,-285.8691430420706,-1.0296242517846002,"{'trail_atr_mult': 3.0, 'trail_atr_len': 14, 'tp_converts_to_trail': True, 'rsi': np.float64(65.65408413813219), 'atr': 2.8511610961922744, 'exit_reason': 'sl', 'signal_time': Timestamp('2021-12-27 14:00:00+0000', tz='UTC')}"
2021-12-27 20:00:00+00:00,2021-12-28 14:00:00+00:00,1,1812.705,1812.4399445506676,1812.6149445506676,1823.9168410996053,0.47,6.34239388138217,0.02293641080480519,"{'trail_atr_mult': 3.0, 'trail_atr_len': 14, 'tp_converts_to_trail': True, 'rsi': np.float64(61.09506742179688), 'atr': 2.8492102749013615, 'exit_reason': 'sl', 'signal_time': Timestamp('2021-12-27 19:00:00+0000', tz='UTC')}"
2022-01-05 13:00:00+00:00,2022-01-05 19:00:00+00:00,1,1825.715,1818.2865435780866,1818.4615435780865,1840.4185611602663,0.39,-289.70980045461965,-0.9755953098570112,"{'trail_atr_mult': 3.0, 'trail_atr_len': 14, 'tp_converts_to_trail': True, 'rsi': np.float64(73.48893630801355), 'atr': 3.7196402900666037, 'exit_reason': 'sl', 'signal_time': Timestamp('2022-01-05 12:00:00+0000', tz='UTC')}"
2022-01-05 18:00:00+00:00,2022-01-05 19:00:00+00:00,1,1824.0349999999999,1816.2593623853913,1816.4343623853913,1838.7112752292173,0.39,-303.249866969732,-1.023024384120564,"{'trail_atr_mult': 3.0, 'trail_atr_len': 14, 'tp_converts_to_trail': True, 'rsi': np.float64(65.32075873388462), 'atr': 3.7128188073043327, 'exit_reason': 'sl', 'signal_time': Timestamp('2022-01-05 17:00:00+0000', tz='UTC')}"
2022-01-12 05:00:00+00:00,2022-01-13 09:00:00+00:00,1,1820.635,1820.1977503776716,1820.3727503776715,1832.4814794577221,0.48,36.61201812823637,0.12330786795196336,"{'trail_atr_mult': 3.0, 'trail_atr_len': 14, 'tp_converts_to_trail': True, 'rsi': np.float64(68.54612430509195), 'atr': 3.005369864430516, 'exit_reason': 'sl', 'signal_time': Timestamp('2022-01-12 04:00:00+0000', tz='UTC')}"
2022-01-12 13:00:00+00:00,2022-01-13 09:00:00+00:00,1,1821.465,1820.1977503776716,1820.3727503776715,1834.4027071116145,0.44,-2.958983382446789,-0.009968292022058059,"{'trail_atr_mult': 3.0, 'trail_atr_len': 14, 'tp_converts_to_trail': True, 'rsi': np.float64(66.09598847840388), 'atr': 3.2806767779036416, 'exit_reason': 'sl', 'signal_time': Timestamp('2022-01-12 12:00:00+0000', tz='UTC')}"
2022-01-20 13:00:00+00:00,2022-01-20 16:00:00+00:00,1,1846.615,1838.9877985132005,1839.1627985132004,1861.024402973599,0.4,-305.088059471982,-1.0234829936240908,"{'trail_atr_mult': 3.0, 'trail_atr_len': 14, 'tp_converts_to_trail': True, 'rsi': np.float64(72.70413897634461), 'atr': 3.643600743399771, 'exit_reason': 'sl', 'signal_time': Timestamp('2022-01-20 12:00:00+0000', tz='UTC')}"
2022-01-25 14:00:00+00:00,2022-01-25 15:00:00+00:00,1,1850.555,1842.0941995909213,1842.2691995909213,1866.601600818158,0.35,-296.1280143177555,-1.021120470124794,"{'trail_atr_mult': 3.0, 'trail_atr_len': 14, 'tp_converts_to_trail': True, 'rsi': np.float64(71.90259590314065), 'atr': 4.055400204539457, 'exit_reason': 'sl', 'signal_time': Timestamp('2022-01-25 13:00:00+0000', tz='UTC')}"
2022-01-25 16:00:00+00:00,2022-01-26 07:00:00+00:00,1,1849.575,1844.7161179398697,1844.8911179398697,1867.4320945830032,0.32,-142.68422592417045,-0.48513318653612364,"{'trail_atr_mult': 3.0, 'trail_atr_len': 14, 'tp_converts_to_trail': True, 'rsi': np.float64(65.96871106987496), 'atr': 4.5080236457507885, 'exit_reason': 'sl', 'signal_time': Timestamp('2022-01-25 15:00:00+0000', tz='UTC')}"
2022-02-08 01:00:00+00:00,2022-02-08 07:00:00+00:00,1,1822.245,1816.1269169832647,1816.3019169832646,1833.8461660334713,0.49,-299.7860678200261,-1.0294459962122635,"{'trail_atr_mult': 3.0, 'trail_atr_len': 14, 'tp_converts_to_trail': True, 'rsi': np.float64(67.00262419266478), 'atr': 2.9240415083677886, 'exit_reason': 'sl', 'signal_time': Timestamp('2022-02-08 00:00:00+0000', tz='UTC')}"
2022-02-08 16:00:00+00:00,2022-02-09 14:00:00+00:00,1,1826.5249999999999,1825.2381664738857,1825.4131664738857,1839.1005114081413,0.45,-39.907508675136796,-0.13538914603944838,"{'trail_atr_mult': 3.0, 'trail_atr_len': 14, 'tp_converts_to_trail': True, 'rsi': np.float64(66.50378482393123), 'atr': 3.187627852035352, 'exit_reason': 'sl', 'signal_time': Timestamp('2022-02-08 15:00:00+0000', tz='UTC')}"
2022-02-09 03:00:00+00:00,2022-02-09 14:00:00+00:00,1,1828.2549999999999,1825.2381664738857,1825.4131664738857,1837.1908465076663,0.62,-187.0436786190785,-0.6397800077992739,"{'trail_atr_mult': 3.0, 'trail_atr_len': 14, 'tp_converts_to_trail': True, 'rsi': np.float64(66.06423389591183), 'atr': 2.275211626916579, 'exit_reason': 'sl', 'signal_time': Timestamp('2022-02-09 02:00:00+0000', tz='UTC')}"
2022-02-10 01:00:00+00:00,2022-02-10 13:00:00+00:00,1,1834.0449999999998,1829.805374225602,1829.980374225602,1843.4619112792343,0.59,-250.13792068947237,-0.8503135769421887,"{'trail_atr_mult': 3.0, 'trail_atr_len': 14, 'tp_converts_to_trail': True, 'rsi': np.float64(67.57449347721894), 'atr': 2.400477819808573, 'exit_reason': 'sl', 'signal_time': Timestamp('2022-02-10 00:00:00+0000', tz='UTC')}"
2022-02-09 16:00:00+00:00,2022-02-10 13:00:00+00:00,1,1832.705,1829.805374225602,1829.980374225602,1844.2456624183053,0.48,-81.5820371711001,-0.2803353277973703,"{'trail_atr_mult': 3.0, 'trail_atr_len': 14, 'tp_converts_to_trail': True, 'rsi': np.float64(69.56057321527275), 'atr': 2.933915604576344, 'exit_reason': 'sl', 'signal_time': Timestamp('2022-02-09 15:00:00+0000', tz='UTC')}"
2022-02-10 16:00:00+00:00,2022-02-10 17:00:00+00:00,1,1841.7649999999999,1833.1446579735184,1833.3196579735184,1858.0406840529633,0.34,-293.0916289003699,-1.0207214816701586,"{'trail_atr_mult': 3.0, 'trail_atr_len': 14, 'tp_converts_to_trail': True, 'rsi': np.float64(74.62582104827987), 'atr': 4.120171013240844, 'exit_reason': 'sl', 'signal_time': Timestamp('2022-02-10 15:00:00+0000', tz='UTC')}"
2022-02-11 16:00:00+00:00,2022-02-11 19:00:00+00:00,1,1836.905,1853.223902516794,1853.398902516794,,0.34,554.8426855709951,1.9211249815180522,"{'trail_atr_mult': 3.0, 'trail_atr_len': 14, 'tp_converts_to_trail': True, 'rsi': np.float64(65.08672871511246), 'atr': 4.164725629198481, 'exit_reason': 'sl', 'signal_time': Timestamp('2022-02-11 15:00:00+0000', tz='UTC')}"
2022-02-14 08:00:00+00:00,2022-02-15 03:00:00+00:00,1,1856.975,1876.105,1876.455965849753,,0.29,566.3700000000031,1.95241760849464,"{'trail_atr_mult': 3.0, 'trail_atr_len': 14, 'tp_converts_to_trail': True, 'rsi': np.float64(66.1152794629427), 'atr': 4.913991462438259, 'exit_reason': 'sl_gap', 'signal_time': Timestamp('2022-02-14 07:00:00+0000', tz='UTC')}"
2022-02-14 13:00:00+00:00,2022-02-15 08:00:00+00:00,1,1861.735,1866.5424950768163,1866.7174950768162,1881.966514637227,0.28,145.80986215085906,0.4988854861367032,"{'trail_atr_mult': 3.0, 'trail_atr_len': 14, 'tp_converts_to_trail': True, 'rsi': np.float64(69.03275893305009), 'atr': 5.111628659306735, 'exit_reason': 'sl', 'signal_time': Timestamp('2022-02-14 12:00:00+0000', tz='UTC')}"
2022-02-14 17:00:00+00:00,2022-02-15 08:00:00+00:00,1,1864.7749999999999,1866.5424950768163,1866.7174950768162,1886.496552076058,0.26,56.3548719972272,0.19591801464285136,"{'trail_atr_mult': 3.0, 'trail_atr_len': 14, 'tp_converts_to_trail': True, 'rsi': np.float64(65.11059793864428), 'atr': 5.46413801901448, 'exit_reason': 'sl', 'signal_time': Timestamp('2022-02-14 16:00:00+0000', tz='UTC')}"
2022-02-17 00:00:00+00:00,2022-02-17 09:00:00+00:00,1,1871.205,1886.035,1887.5356920729923,,0.35,519.0500000000053,1.7596429663973199,"{'trail_atr_mult': 3.0, 'trail_atr_len': 14, 'tp_converts_to_trail': True, 'rsi': np.float64(65.02492283037009), 'atr': 4.12642301824809, 'exit_reason': 'sl_gap', 'signal_time': Timestamp('2022-02-16 23:00:00+0000', tz='UTC')}"
2022-02-16 19:00:00+00:00,2022-02-17 09:00:00+00:00,1,1870.665,1886.035,1888.5174313461036,,0.31,513.6700000000037,1.780052220089777,"{'trail_atr_mult': 3.0, 'trail_atr_len': 14, 'tp_converts_to_trail': True, 'rsi': np.float64(67.5770743997033), 'atr': 4.526857836525882, 'exit_reason': 'sl_gap', 'signal_time': Timestamp('2022-02-16 18:00:00+0000', tz='UTC')}"
2022-02-16 17:00:00+00:00,2022-02-17 09:00:00+00:00,1,1869.175,1885.9873464132324,1886.1623464132324,,0.34,612.4197780499046,2.0784660061352835,"{'trail_atr_mult': 3.0, 'trail_atr_len': 14, 'tp_converts_to_trail': True, 'rsi': np.float64(69.3189445637139), 'atr': 4.275586603308123, 'exit_reason': 'sl', 'signal_time': Timestamp('2022-02-16 16:00:00+0000', tz='UTC')}"
2022-02-17 03:00:00+00:00,2022-02-17 10:00:00+00:00,1,1875.075,1888.195,1891.6941419403663,,0.34,446.07999999999635,1.5252141077976424,"{'trail_atr_mult': 3.0, 'trail_atr_len': 14, 'tp_converts_to_trail': True, 'rsi': np.float64(67.58814905248633), 'atr': 4.203535485091576, 'exit_reason': 'sl_gap', 'signal_time': Timestamp('2022-02-17 02:00:00+0000', tz='UTC')}"
2022-02-20 23:00:00+00:00,2022-02-21 01:00:00+00:00,1,1905.065,1895.4186046783168,1895.5936046783168,1923.3327906433663,0.31,-286.638254972181,-0.9762442604961339,"{'trail_atr_mult': 3.0, 'trail_atr_len': 14, 'tp_converts_to_trail': True, 'rsi': np.float64(69.0689656387197), 'atr': 4.623197660841591, 'exit_reason': 'sl', 'signal_time': Timestamp('2022-02-20 22:00:00+0000', tz='UTC')}"
2022-02-22 05:00:00+00:00,2022-02-22 08:00:00+00:00,1,1910.325,1900.8851065578347,1901.0601065578346,1928.329786884331,0.32,-302.0765901492923,-1.0188885064995472,"{'trail_atr_mult': 3.0, 'trail_atr_len': 14, 'tp_converts_to_trail': True, 'rsi': np.float64(66.41963396094098), 'atr': 4.5449467210827486, 'exit_reason': 'sl', 'signal_time': Timestamp('2022-02-22 04:00:00+0000', tz='UTC')}"
2022-02-21 23:00:00+00:00,2022-02-22 08:00:00+00:00,1,1909.715,1900.5490769912699,1900.7240769912698,1929.9377039588458,0.29,-254.21176725317096,-0.8486831863011863,"{'trail_atr_mult': 3.0, 'trail_atr_len': 14, 'tp_converts_to_trail': True, 'rsi': np.float64(68.78186114628501), 'atr': 5.091925989711456, 'exit_reason': 'sl', 'signal_time': Timestamp('2022-02-21 22:00:00+0000', tz='UTC')}"
2022-02-23 15:00:00+00:00,2022-02-24 14:00:00+00:00,1,1907.575,1949.944859231752,1950.119859231752,,0.32,1394.2354954160605,4.654725409124733,"{'trail_atr_mult': 3.0, 'trail_atr_len': 14, 'tp_converts_to_trail': True, 'rsi': np.float64(65.15646885968138), 'atr': 4.612675026688089, 'exit_reason': 'sl', 'signal_time': Timestamp('2022-02-23 14:00:00+0000', tz='UTC')}"
2022-02-23 20:00:00+00:00,2022-02-24 14:00:00+00:00,1,1909.415,1949.944859231752,1950.119859231752,,0.33,1377.0853546478152,4.696529151363227,"{'trail_atr_mult': 3.0, 'trail_atr_len': 14, 'tp_converts_to_trail': True, 'rsi': np.float64(65.28036515671364), 'atr': 4.330127511386809, 'exit_reason': 'sl', 'signal_time': Timestamp('2022-02-23 19:00:00+0000', tz='UTC')}"
2022-02-23 23:00:00+00:00,2022-02-24 14:00:00+00:00,1,1910.895,1949.944859231752,1950.119859231752,,0.35,1408.7450731113183,4.725454797331947,"{'trail_atr_mult': 3.0, 'trail_atr_len': 14, 'tp_converts_to_trail': True, 'rsi': np.float64(66.2541430471718), 'atr': 4.171334435838623, 'exit_reason': 'sl', 'signal_time': Timestamp('2022-02-23 22:00:00+0000', tz='UTC')}"
2022-03-01 10:00:00+00:00,2022-03-01 12:00:00+00:00,1,1925.375,1912.6622501885302,1912.83725018853,1949.92549962294,0.24,-305.10599547527636,-1.013957847511031,"{'trail_atr_mult': 3.0, 'trail_atr_len': 14, 'tp_converts_to_trail': True, 'rsi': np.float64(68.11802730823811), 'atr': 6.181374905734977, 'exit_reason': 'sl', 'signal_time': Timestamp('2022-03-01 09:00:00+0000', tz='UTC')}"
2022-03-01 15:00:00+00:00,2022-03-02 10:00:00+00:00,1,1926.855,1930.086089885593,1930.261089885593,1956.5634390646371,0.2,72.62179771186129,0.23807741008472597,"{'trail_atr_mult': 3.0, 'trail_atr_len': 14, 'tp_converts_to_trail': True, 'rsi': np.float64(65.10372531882936), 'atr': 7.493359766159328, 'exit_reason': 'sl', 'signal_time': Timestamp('2022-03-01 14:00:00+0000', tz='UTC')}"
2022-03-02 07:00:00+00:00,2022-03-02 10:00:00+00:00,1,1944.965,1930.3012727573641,1930.476272757364,1973.3574544852715,0.21,-307.9382720953515,-1.0120783556118707,"{'trail_atr_mult': 3.0, 'trail_atr_len': 14, 'tp_converts_to_trail': True, 'rsi': np.float64(66.70225255474045), 'atr': 7.146863621317902, 'exit_reason': 'sl', 'signal_time': Timestamp('2022-03-02 06:00:00+0000', tz='UTC')}"
2022-03-04 00:00:00+00:00,2022-03-04 01:00:00+00:00,1,1947.465,1934.0395200176179,1934.2145200176178,1973.4109599647645,0.23,-308.7860395947873,-1.0132070687426142,"{'trail_atr_mult': 3.0, 'trail_atr_len': 14, 'tp_converts_to_trail': True, 'rsi': np.float64(70.0940618916857), 'atr': 6.532739991191108, 'exit_reason': 'sl', 'signal_time': Timestamp('2022-03-03 23:00:00+0000', tz='UTC')}"
2022-03-04 14:00:00+00:00,2022-03-07 06:00:00+00:00,1,1952.245,1979.2001458591965,1979.3751458591964,,0.21,591.2580630431285,1.992921643335463,"{'trail_atr_mult': 3.0, 'trail_atr_len': 14, 'tp_converts_to_trail': True, 'rsi': np.float64(67.55783928057173), 'atr': 6.87628646479911, 'exit_reason': 'sl', 'signal_time': Timestamp('2022-03-04 13:00:00+0000', tz='UTC')}"
2022-03-08 06:00:00+00:00,2022-03-08 16:00:00+00:00,1,2017.105,2047.065,2055.76586831244,,0.15,449.4000000000005,1.5302942466216065,"{'trail_atr_mult': 3.0, 'trail_atr_len': 14, 'tp_converts_to_trail': True, 'rsi': np.float64(69.98733703392169), 'atr': 9.706467078109947, 'exit_reason': 'sl_gap', 'signal_time': Timestamp('2022-03-08 05:00:00+0000', tz='UTC')}"
2022-03-08 14:00:00+00:00,2022-03-08 17:00:00+00:00,1,2039.825,2031.5880863307907,2031.7630863307907,2085.127619627582,0.13,-107.07987769972146,-0.358534946357253,"{'trail_atr_mult': 3.0, 'trail_atr_len': 14, 'tp_converts_to_trail': True, 'rsi': np.float64(74.7996223188713), 'atr': 11.379404906895555, 'exit_reason': 'sl', 'signal_time': Timestamp('2022-03-08 13:00:00+0000', tz='UTC')}"
2022-04-11 09:00:00+00:00,2022-04-11 14:00:00+00:00,1,1957.245,1953.4365194351635,1953.6115194351635,1976.8163244460989,0.31,-118.06289750992755,-0.37902259938639127,"{'trail_atr_mult': 3.0, 'trail_atr_len': 14, 'tp_converts_to_trail': True, 'rsi': np.float64(75.57672841200855), 'atr': 4.936581111524744, 'exit_reason': 'sl', 'signal_time': Timestamp('2022-04-11 08:00:00+0000', tz='UTC')}"
2022-04-08 15:00:00+00:00,2022-04-11 14:00:00+00:00,1,1943.2649999999999,1962.7073106367288,1962.8823106367288,,0.31,639.9116297385979,2.055770474835295,"{'trail_atr_mult': 3.0, 'trail_atr_len': 14, 'tp_converts_to_trail': True, 'rsi': np.float64(68.94879697368523), 'atr': 4.943077659182221, 'exit_reason': 'sl', 'signal_time': Timestamp('2022-04-08 14:00:00+0000', tz='UTC')}"
2022-04-12 13:00:00+00:00,2022-04-14 10:00:00+00:00,1,1970.655,1968.4391666311822,1968.6141666311821,1992.798401945819,0.27,-16.627500958080923,-0.0544060813384008,"{'trail_atr_mult': 3.0, 'trail_atr_len': 14, 'tp_converts_to_trail': True, 'rsi': np.float64(69.90838493748005), 'atr': 5.577100486454731, 'exit_reason': 'sl', 'signal_time': Timestamp('2022-04-12 12:00:00+0000', tz='UTC')}"
2022-04-12 15:00:00+00:00,2022-04-14 10:00:00+00:00,1,1975.825,1968.4391666311822,1968.6141666311821,2003.3908159634868,0.22,-127.28833411399346,-0.41504046197178046,"{'trail_atr_mult': 3.0, 'trail_atr_len': 14, 'tp_converts_to_trail': True, 'rsi': np.float64(67.33841766855332), 'atr': 6.917703990871696, 'exit_reason': 'sl', 'signal_time': Timestamp('2022-04-12 14:00:00+0000', tz='UTC')}"
2022-04-13 16:00:00+00:00,2022-04-14 10:00:00+00:00,1,1981.155,1969.386271290097,1969.561271290097,2003.787457419806,0.27,-285.3556751673788,-0.9115901341451501,"{'trail_atr_mult': 3.0, 'trail_atr_len': 14, 'tp_converts_to_trail': True, 'rsi': np.float64(65.69733654715651), 'atr': 5.7043643549515055, 'exit_reason': 'sl', 'signal_time': Timestamp('2022-04-13 15:00:00+0000', tz='UTC')}"
2022-04-18 08:00:00+00:00,2022-04-18 15:00:00+00:00,1,1991.7749999999999,1983.002677296867,1983.177677296867,2013.0601745629099,0.28,-245.62503568772084,-0.8044248043801449,"{'trail_atr_mult': 3.0, 'trail_atr_len': 14, 'tp_converts_to_trail': True, 'rsi': np.float64(65.981192847702), 'atr': 5.365043640727504, 'exit_reason': 'sl', 'signal_time': Timestamp('2022-04-18 07:00:00+0000', tz='UTC')}"
2022-04-18 13:00:00+00:00,2022-04-18 15:00:00+00:00,1,1995.2849999999999,1984.7567848645783,1984.9317848645783,2015.4364302708434,0.3,-315.846454062646,-1.0169029618056737,"{'trail_atr_mult': 3.0, 'trail_atr_len': 14, 'tp_converts_to_trail': True, 'rsi': np.float64(65.98886208965146), 'atr': 5.084107567710869, 'exit_reason': 'sl', 'signal_time': Timestamp('2022-04-18 12:00:00+0000', tz='UTC')}"
2022-05-23 01:00:00+00:00,2022-05-23 16:00:00+00:00,1,1852.725,1851.7434066486524,1851.9184066486523,1871.4438185571828,0.32,-31.41098724312178,-0.10201648372756833,"{'trail_atr_mult': 3.0, 'trail_atr_len': 14, 'tp_converts_to_trail': True, 'rsi': np.float64(67.44678076607768), 'atr': 4.723454639295719, 'exit_reason': 'sl', 'signal_time': Timestamp('2022-05-23 00:00:00+0000', tz='UTC')}"
2022-05-23 04:00:00+00:00,2022-05-23 16:00:00+00:00,1,1854.565,1851.7434066486524,1851.9184066486523,1872.6005828608352,0.33,-93.11258059447415,-0.3035508216680992,"{'trail_atr_mult': 3.0, 'trail_atr_len': 14, 'tp_converts_to_trail': True, 'rsi': np.float64(66.24571229039017), 'atr': 4.555145715208782, 'exit_reason': 'sl', 'signal_time': Timestamp('2022-05-23 03:00:00+0000', tz='UTC')}"
2022-05-23 08:00:00+00:00,2022-05-23 16:00:00+00:00,1,1856.675,1851.7434066486524,1851.9184066486523,1874.0081941661888,0.34,-167.67417394581844,-0.5523059392740497,"{'trail_atr_mult': 3.0, 'trail_atr_len': 14, 'tp_converts_to_trail': True, 'rsi': np.float64(65.63018628547476), 'atr': 4.37704854154719, 'exit_reason': 'sl', 'signal_time': Timestamp('2022-05-23 07:00:00+0000', tz='UTC')}"
2022-05-24 16:00:00+00:00,2022-05-25 04:00:00+00:00,1,1869.425,1859.5589111237375,1859.7339111237375,1888.252177752525,0.32,-302.914844040398,-0.9767827947021346,"{'trail_atr_mult': 3.0, 'trail_atr_len': 14, 'tp_converts_to_trail': True, 'rsi': np.float64(67.2897875878256), 'atr': 4.75304443813126, 'exit_reason': 'sl', 'signal_time': Timestamp('2022-05-24 15:00:00+0000', tz='UTC')}"
2022-05-24 14:00:00+00:00,2022-05-25 07:00:00+00:00,1,1867.745,1858.6214185086435,1858.7964185086435,1885.3997446123958,0.34,-296.60177070611724,-0.959703414690231,"{'trail_atr_mult': 3.0, 'trail_atr_len': 14, 'tp_converts_to_trail': True, 'rsi': np.float64(67.52010552468481), 'atr': 4.45743615309897, 'exit_reason': 'sl', 'signal_time': Timestamp('2022-05-24 13:00:00+0000', tz='UTC')}"
2022-05-30 05:00:00+00:00,2022-05-30 19:00:00+00:00,1,1861.165,1853.440152703013,1853.6151527030129,1875.7396945939745,0.4,-308.99389187948145,-1.023179276760974,"{'trail_atr_mult': 3.0, 'trail_atr_len': 14, 'tp_converts_to_trail': True, 'rsi': np.float64(65.3206602379625), 'atr': 3.6874236484935934, 'exit_reason': 'sl', 'signal_time': Timestamp('2022-05-30 04:00:00+0000', tz='UTC')}"
2022-06-08 16:00:00+00:00,2022-06-08 21:00:00+00:00,1,1858.595,1850.3397742197271,1850.514774219727,1874.230451560546,0.38,-313.69857965037,-1.0216578106551428,"{'trail_atr_mult': 3.0, 'trail_atr_len': 14, 'tp_converts_to_trail': True, 'rsi': np.float64(66.88277494061964), 'atr': 3.9526128901365096, 'exit_reason': 'sl', 'signal_time': Timestamp('2022-06-08 15:00:00+0000', tz='UTC')}"
2022-07-28 13:00:00+00:00,2022-07-28 17:00:00+00:00,1,1744.885,1752.935,1756.1251403598244,,0.38,305.8999999999983,1.0384738112232283,"{'trail_atr_mult': 3.0, 'trail_atr_len': 14, 'tp_converts_to_trail': True, 'rsi': np.float64(68.62489187077574), 'atr': 5.064506826588592, 'exit_reason': 'sl_gap', 'signal_time': Timestamp('2022-07-28 12:00:00+0000', tz='UTC')}"
2022-08-01 10:00:00+00:00,2022-08-01 13:00:00+00:00,1,1773.7949999999998,1766.3641233325823,1766.5391233325822,1783.9413150011267,0.41,-304.6659433641207,-1.0241183812820012,"{'trail_atr_mult': 3.0, 'trail_atr_len': 14, 'tp_converts_to_trail': True, 'rsi': np.float64(66.98738403709488), 'atr': 4.640584444945208, 'exit_reason': 'sl', 'signal_time': Timestamp('2022-08-01 09:00:00+0000', tz='UTC')}"
2022-08-02 01:00:00+00:00,2022-08-02 04:00:00+00:00,1,1780.595,1773.4609890144363,1773.6359890144363,1790.5210164783457,0.43,-306.7624723792387,-1.0251472515797124,"{'trail_atr_mult': 3.0, 'trail_atr_len': 14, 'tp_converts_to_trail': True, 'rsi': np.float64(67.25421006794278), 'atr': 4.502673990375799, 'exit_reason': 'sl', 'signal_time': Timestamp('2022-08-02 00:00:00+0000', tz='UTC')}"
2022-08-02 13:00:00+00:00,2022-08-02 14:00:00+00:00,1,1785.225,1777.9300166061932,1778.1050166061932,1795.46747509071,0.42,-306.3893025398797,-1.0245787090110599,"{'trail_atr_mult': 3.0, 'trail_atr_len': 14, 'tp_converts_to_trail': True, 'rsi': np.float64(68.5016253231543), 'atr': 4.629988929204431, 'exit_reason': 'sl', 'signal_time': Timestamp('2022-08-02 12:00:00+0000', tz='UTC')}"
2022-08-04 14:00:00+00:00,2022-08-04 20:00:00+00:00,1,1783.675,1794.086128565678,1794.261128565678,,0.4,416.44514262712624,1.4070831144679516,"{'trail_atr_mult': 3.0, 'trail_atr_len': 14, 'tp_converts_to_trail': True, 'rsi': np.float64(67.1557843603646), 'atr': 4.7960571403013725, 'exit_reason': 'sl', 'signal_time': Timestamp('2022-08-04 13:00:00+0000', tz='UTC')}"
2022-08-09 13:00:00+00:00,2022-08-10 05:00:00+00:00,1,1794.165,1790.7349324283962,1790.9099324283961,1802.4859710353755,0.5,-151.5033785801893,-0.5101999365948644,"{'trail_atr_mult': 3.0, 'trail_atr_len': 14, 'tp_converts_to_trail': True, 'rsi': np.float64(65.64825032731326), 'atr': 3.80265379350024, 'exit_reason': 'sl', 'signal_time': Timestamp('2022-08-09 12:00:00+0000', tz='UTC')}"
2022-08-10 15:00:00+00:00,2022-08-10 19:00:00+00:00,1,1802.165,1794.4948636159293,1794.6698636159292,1813.0202045761062,0.39,-299.13531897875737,-1.023348474401597,"{'trail_atr_mult': 3.0, 'trail_atr_len': 14, 'tp_converts_to_trail': True, 'rsi': np.float64(66.34314387721776), 'atr': 4.893424256047185, 'exit_reason': 'sl', 'signal_time': Timestamp('2022-08-10 14:00:00+0000', tz='UTC')}"
2022-09-12 16:00:00+00:00,2022-09-12 19:00:00+00:00,1,1734.375,1727.055693462967,1727.2306934629669,1744.8289598055496,0.41,-300.09156801835593,-1.0244950295865425,"{'trail_atr_mult': 3.0, 'trail_atr_len': 14, 'tp_converts_to_trail': True, 'rsi': np.float64(69.20877930661439), 'atr': 4.692871024688691, 'exit_reason': 'sl', 'signal_time': Timestamp('2022-09-12 15:00:00+0000', tz='UTC')}"
2022-09-30 15:00:00+00:00,2022-09-30 17:00:00+00:00,1,1673.2549999999999,1665.031818957256,1665.206818957256,1684.8897715641158,0.36,-296.03451753877744,-1.0217440436628513,"{'trail_atr_mult': 3.0, 'trail_atr_len': 14, 'tp_converts_to_trail': True, 'rsi': np.float64(65.49639984634011), 'atr': 5.248787361829299, 'exit_reason': 'sl', 'signal_time': Timestamp('2022-09-30 14:00:00+0000', tz='UTC')}"
2022-10-03 15:00:00+00:00,2022-10-03 21:00:00+00:00,1,1687.215,1700.655,1700.9301716553691,,0.31,416.6400000000017,1.4269867315566065,"{'trail_atr_mult': 3.0, 'trail_atr_len': 14, 'tp_converts_to_trail': True, 'rsi': np.float64(74.297731149514), 'atr': 6.1689651801640935, 'exit_reason': 'sl_gap', 'signal_time': Timestamp('2022-10-03 14:00:00+0000', tz='UTC')}"
2022-10-05 07:00:00+00:00,2022-10-05 08:00:00+00:00,1,1724.645,1716.870944598326,1717.045944598326,1735.581083102511,0.39,-303.1881606652812,-1.023029178068817,"{'trail_atr_mult': 3.0, 'trail_atr_len': 14, 'tp_converts_to_trail': True, 'rsi': np.float64(67.35629209086066), 'atr': 4.942703601115997, 'exit_reason': 'sl', 'signal_time': Timestamp('2022-10-05 06:00:00+0000', tz='UTC')}"
2022-11-07 08:00:00+00:00,2022-11-08 04:00:00+00:00,1,1675.165,1671.3501314391758,1671.5251314391758,1686.290929837392,0.38,-129.7650053113178,-0.442974352183347,"{'trail_atr_mult': 3.0, 'trail_atr_len': 14, 'tp_converts_to_trail': True, 'rsi': np.float64(65.03354893425814), 'atr': 5.022635483285305, 'exit_reason': 'sl', 'signal_time': Timestamp('2022-11-07 07:00:00+0000', tz='UTC')}"
2022-11-08 15:00:00+00:00,2022-11-09 10:00:00+00:00,1,1713.2849999999999,1704.2324018567117,1704.4074018567117,1726.964373628209,0.31,-268.2305424419327,-0.9193889211416552,"{'trail_atr_mult': 3.0, 'trail_atr_len': 14, 'tp_converts_to_trail': True, 'rsi': np.float64(83.18007910526777), 'atr': 6.157499390315112, 'exit_reason': 'sl', 'signal_time': Timestamp('2022-11-08 14:00:00+0000', tz='UTC')}"
2022-11-09 14:00:00+00:00,2022-11-09 16:00:00+00:00,1,1711.985,1711.425,1722.0180317005083,,0.42,-23.519999999997708,-0.0802251522679729,"{'trail_atr_mult': 3.0, 'trail_atr_len': 14, 'tp_converts_to_trail': True, 'rsi': np.float64(65.90263848515747), 'atr': 4.5369029780037575, 'exit_reason': 'sl_gap', 'signal_time': Timestamp('2022-11-09 13:00:00+0000', tz='UTC')}"
2022-11-10 13:00:00+00:00,2022-11-10 16:00:00+00:00,1,1733.2949999999998,1745.6812256872422,1745.8562256872422,,0.34,421.1316733662402,1.426576309808443,"{'trail_atr_mult': 3.0, 'trail_atr_len': 14, 'tp_converts_to_trail': True, 'rsi': np.float64(79.0404926430836), 'atr': 5.6649891943299036, 'exit_reason': 'sl', 'signal_time': Timestamp('2022-11-10 12:00:00+0000', tz='UTC')}"
2022-11-11 11:00:00+00:00,2022-11-14 09:00:00+00:00,1,1759.585,1757.5588667321156,1757.7338667321155,1773.3853528118161,0.3,-24.783998036533823,-0.08582993039051513,"{'trail_atr_mult': 3.0, 'trail_atr_len': 14, 'tp_converts_to_trail': True, 'rsi': np.float64(65.43438803962354), 'atr': 6.246823471918322, 'exit_reason': 'sl', 'signal_time': Timestamp('2022-11-11 10:00:00+0000', tz='UTC')}"
2022-11-11 15:00:00+00:00,2022-11-14 09:00:00+00:00,1,1763.905,1757.5588667321156,1757.7338667321155,1778.2738089378977,0.29,-149.2378647686475,-0.5187178045990615,"{'trail_atr_mult': 3.0, 'trail_atr_len': 14, 'tp_converts_to_trail': True, 'rsi': np.float64(65.3085559185342), 'atr': 6.477248416843442, 'exit_reason': 'sl', 'signal_time': Timestamp('2022-11-11 14:00:00+0000', tz='UTC')}"
2022-11-14 15:00:00+00:00,2022-11-15 08:00:00+00:00,1,1771.715,1782.7350000000001,1783.4951006001857,,0.35,399.7000000000073,1.3878760688199452,"{'trail_atr_mult': 3.0, 'trail_atr_len': 14, 'tp_converts_to_trail': True, 'rsi': np.float64(65.93403708598206), 'atr': 5.335600266749152, 'exit_reason': 'sl_gap', 'signal_time': Timestamp('2022-11-14 14:00:00+0000', tz='UTC')}"
2022-11-15 07:00:00+00:00,2022-11-15 08:00:00+00:00,1,1783.085,1775.886572348799,1776.061572348799,1793.2076414768017,0.42,-302.33396135044086,-1.0249166089110393,"{'trail_atr_mult': 3.0, 'trail_atr_len': 14, 'tp_converts_to_trail': True, 'rsi': np.float64(73.80263453534968), 'atr': 4.572285100800708, 'exit_reason': 'sl', 'signal_time': Timestamp('2022-11-15 06:00:00+0000', tz='UTC')}"
2022-11-14 18:00:00+00:00,2022-11-15 14:00:00+00:00,1,1773.5049999999999,1777.055,1784.7150113041575,,0.38,150.1000000000069,0.5086923588462507,"{'trail_atr_mult': 3.0, 'trail_atr_len': 14, 'tp_converts_to_trail': True, 'rsi': np.float64(66.51234387113566), 'atr': 5.060005024070013, 'exit_reason': 'sl_gap', 'signal_time': Timestamp('2022-11-14 17:00:00+0000', tz='UTC')}"
2022-11-24 11:00:00+00:00,2022-11-25 00:00:00+00:00,1,1758.5449999999998,1752.646908233236,1752.821908233236,1766.6171376501459,0.51,-280.40268010495663,-0.960685585838986,"{'trail_atr_mult': 3.0, 'trail_atr_len': 14, 'tp_converts_to_trail': True, 'rsi': np.float64(67.1793845487177), 'atr': 3.678727844509278, 'exit_reason': 'sl', 'signal_time': Timestamp('2022-11-24 10:00:00+0000', tz='UTC')}"
2022-11-23 23:00:00+00:00,2022-11-25 07:00:00+00:00,1,1752.5049999999999,1752.2388480847799,1752.4138480847798,1762.6840747116141,0.41,54.687771475979716,0.18845740566222347,"{'trail_atr_mult': 3.0, 'trail_atr_len': 14, 'tp_converts_to_trail': True, 'rsi': np.float64(65.05159245337191), 'atr': 4.601810982939685, 'exit_reason': 'sl', 'signal_time': Timestamp('2022-11-23 22:00:00+0000', tz='UTC')}"
2022-11-30 08:00:00+00:00,2022-11-30 13:00:00+00:00,1,1759.735,1754.312408109489,1754.487408109489,1767.1688878357666,0.56,-303.6651458686065,-1.0333486299337424,"{'trail_atr_mult': 3.0, 'trail_atr_len': 14, 'tp_converts_to_trail': True, 'rsi': np.float64(65.43249735516022), 'atr': 3.381727927007332, 'exit_reason': 'sl', 'signal_time': Timestamp('2022-11-30 07:00:00+0000', tz='UTC')}"
2022-11-30 11:00:00+00:00,2022-11-30 13:00:00+00:00,1,1762.435,1756.8041073675465,1756.9791073675465,1770.1313389486804,0.54,-304.06820215248496,-1.032075411264327,"{'trail_atr_mult': 3.0, 'trail_atr_len': 14, 'tp_converts_to_trail': True, 'rsi': np.float64(65.17633030799266), 'atr': 3.5072617549690763, 'exit_reason': 'sl', 'signal_time': Timestamp('2022-11-30 10:00:00+0000', tz='UTC')}"
2022-11-30 19:00:00+00:00,2022-12-01 06:00:00+00:00,1,1767.895,1779.905,1780.4309348159964,,0.33,435.9299999999997,1.4956483747102516,"{'trail_atr_mult': 3.0, 'trail_atr_len': 14, 'tp_converts_to_trail': True, 'rsi': np.float64(65.98175135498053), 'atr': 5.6981932515539295, 'exit_reason': 'sl_gap', 'signal_time': Timestamp('2022-11-30 18:00:00+0000', tz='UTC')}"
2022-12-01 12:00:00+00:00,2022-12-01 15:00:00+00:00,1,1785.055,1795.3840039929462,1795.5590039929461,,0.39,402.83115572489896,1.3874983610990783,"{'trail_atr_mult': 3.0, 'trail_atr_len': 14, 'tp_converts_to_trail': True, 'rsi': np.float64(67.73790015121605), 'atr': 4.786223996864984, 'exit_reason': 'sl', 'signal_time': Timestamp('2022-12-01 11:00:00+0000', tz='UTC')}"
2022-12-02 07:00:00+00:00,2022-12-02 13:00:00+00:00,1,1801.945,1795.563195402773,1795.738195402773,1810.8427068958404,0.47,-299.9448160696617,-1.0281948621482526,"{'trail_atr_mult': 3.0, 'trail_atr_len': 14, 'tp_converts_to_trail': True, 'rsi': np.float64(67.44414151305321), 'atr': 4.027869731484596, 'exit_reason': 'sl', 'signal_time': Timestamp('2022-12-02 06:00:00+0000', tz='UTC')}"
2022-12-01 03:00:00+00:00,2022-12-02 13:00:00+00:00,1,1776.745,1793.405859391481,1793.580859391481,,0.37,631.2517974848026,2.1863509770931167,"{'trail_atr_mult': 3.0, 'trail_atr_len': 14, 'tp_converts_to_trail': True, 'rsi': np.float64(67.47805995062583), 'atr': 5.072232569314979, 'exit_reason': 'sl', 'signal_time': Timestamp('2022-12-01 02:00:00+0000', tz='UTC')}"
2022-12-05 01:00:00+00:00,2022-12-05 07:00:00+00:00,1,1806.715,1798.9575586531364,1799.1325586531364,1817.6261620202952,0.39,-302.5402125276771,-1.0230796378098383,"{'trail_atr_mult': 3.0, 'trail_atr_len': 14, 'tp_converts_to_trail': True, 'rsi': np.float64(66.98164367875383), 'atr': 4.931627564575688, 'exit_reason': 'sl', 'signal_time': Timestamp('2022-12-05 00:00:00+0000', tz='UTC')}"
2022-12-07 18:00:00+00:00,2022-12-09 12:00:00+00:00,1,1788.345,1799.1846464916707,1799.3596464916707,,0.38,472.7065666834863,1.6293425648263764,"{'trail_atr_mult': 3.0, 'trail_atr_len': 14, 'tp_converts_to_trail': True, 'rsi': np.float64(69.0109159205939), 'atr': 4.973176218520298, 'exit_reason': 'sl', 'signal_time': Timestamp('2022-12-07 17:00:00+0000', tz='UTC')}"
2022-12-08 14:00:00+00:00,2022-12-09 13:00:00+00:00,1,1792.555,1800.415,1801.6691783846452,,0.47,388.2199999999953,1.314354801812439,"{'trail_atr_mult': 3.0, 'trail_atr_len': 14, 'tp_converts_to_trail': True, 'rsi': np.float64(69.05082481038696), 'atr': 4.106301504286758, 'exit_reason': 'sl_gap', 'signal_time': Timestamp('2022-12-08 13:00:00+0000', tz='UTC')}"
2022-12-09 11:00:00+00:00,2022-12-09 13:00:00+00:00,1,1800.605,1794.7610949231396,1794.9360949231395,1808.595857615291,0.52,-303.88306399674275,-1.0308701588097278,"{'trail_atr_mult': 3.0, 'trail_atr_len': 14, 'tp_converts_to_trail': True, 'rsi': np.float64(68.36859687621026), 'atr': 3.6426033845737362, 'exit_reason': 'sl', 'signal_time': Timestamp('2022-12-09 10:00:00+0000', tz='UTC')}"
2022-12-09 16:00:00+00:00,2022-12-09 19:00:00+00:00,1,1804.815,1796.6982858747422,1796.8732858747421,1816.265071187887,0.37,-300.3184226345418,-1.022035545127894,"{'trail_atr_mult': 3.0, 'trail_atr_len': 14, 'tp_converts_to_trail': True, 'rsi': np.float64(69.20212437346967), 'atr': 5.171142750172001, 'exit_reason': 'sl', 'signal_time': Timestamp('2022-12-09 15:00:00+0000', tz='UTC')}"
2022-12-13 13:00:00+00:00,2022-12-13 15:00:00+00:00,1,1811.2749999999999,1821.895,1822.1495520446597,,0.39,414.1800000000046,1.4113516919182787,"{'trail_atr_mult': 3.0, 'trail_atr_len': 14, 'tp_converts_to_trail': True, 'rsi': np.float64(78.67576778147321), 'atr': 4.906467575404324, 'exit_reason': 'sl_gap', 'signal_time': Timestamp('2022-12-13 12:00:00+0000', tz='UTC')}"
2022-12-13 18:00:00+00:00,2022-12-14 19:00:00+00:00,1,1810.565,1801.3788159783073,1801.5538159783073,1825.0038512456076,0.29,-254.79933662908903,-0.8785392606814478,"{'trail_atr_mult': 3.0, 'trail_atr_len': 14, 'tp_converts_to_trail': True, 'rsi': np.float64(65.84360957330729), 'atr': 6.517267220270052, 'exit_reason': 'sl', 'signal_time': Timestamp('2022-12-13 17:00:00+0000', tz='UTC')}"
2022-12-14 00:00:00+00:00,2022-12-14 19:00:00+00:00,1,1811.385,1803.1738946811158,1803.3488946811158,1823.0516579783266,0.37,-303.8108967987141,-1.0217767180811728,"{'trail_atr_mult': 3.0, 'trail_atr_len': 14, 'tp_converts_to_trail': True, 'rsi': np.float64(65.26346648814332), 'atr': 5.254070212589567, 'exit_reason': 'sl', 'signal_time': Timestamp('2022-12-13 23:00:00+0000', tz='UTC')}"
2022-12-20 08:00:00+00:00,2022-12-20 15:00:00+00:00,1,1803.405,1812.255,1813.098540384337,,0.44,389.400000000006,1.3135708442818965,"{'trail_atr_mult': 3.0, 'trail_atr_len': 14, 'tp_converts_to_trail': True, 'rsi': np.float64(70.37067052920129), 'atr': 4.381573504149718, 'exit_reason': 'sl_gap', 'signal_time': Timestamp('2022-12-20 07:00:00+0000', tz='UTC')}"
2022-12-20 14:00:00+00:00,2022-12-21 20:00:00+00:00,1,1812.605,1812.6886873048916,1812.8636873048915,1824.6561711547006,0.36,17.412742976095977,0.05868248582958237,"{'trail_atr_mult': 3.0, 'trail_atr_len': 14, 'tp_converts_to_trail': True, 'rsi': np.float64(70.0396838088718), 'atr': 5.411631624311415, 'exit_reason': 'sl', 'signal_time': Timestamp('2022-12-20 13:00:00+0000', tz='UTC')}"
2022-12-27 15:00:00+00:00,2022-12-27 17:00:00+00:00,1,1824.815,1816.9019239395186,1817.0769239395186,1835.9846140907225,0.38,-300.6968902982949,-1.0226154406640797,"{'trail_atr_mult': 3.0, 'trail_atr_len': 14, 'tp_converts_to_trail': True, 'rsi': np.float64(78.50653284020237), 'atr': 5.042050706987695, 'exit_reason': 'sl', 'signal_time': Timestamp('2022-12-27 14:00:00+0000', tz='UTC')}"
2022-12-29 17:00:00+00:00,2022-12-30 21:00:00+00:00,1,1819.175,1823.375,1814.05680731858,1828.362932919587,0.46,211.6000000000021,0.7168508738925626,"{'trail_atr_mult': 3.0, 'trail_atr_len': 14, 'tp_converts_to_trail': True, 'rsi': np.float64(68.44270980774446), 'atr': 4.16130351981637, 'exit_reason': 'end_of_data', 'signal_time': Timestamp('2022-12-29 16:00:00+0000', tz='UTC')}"
2023-01-03 12:00:00+00:00,2023-01-03 15:00:00+00:00,1,1835.0349999999999,1831.5505063737091,1831.725506373709,1850.815211542917,0.35,-121.95727692017498,-0.41005592869399093,"{'trail_atr_mult': 3.0, 'trail_atr_len': 14, 'tp_converts_to_trail': True, 'rsi': np.float64(55.38132550134565), 'atr': 5.395070514305676, 'exit_reason': 'sl', 'signal_time': Timestamp('2023-01-03 11:00:00+0000', tz='UTC')}"
2023-01-03 17:00:00+00:00,2023-01-04 09:00:00+00:00,1,1839.5049999999999,1859.3413055746942,1859.5163055746941,,0.29,586.8528616661341,1.9736666364385953,"{'trail_atr_mult': 3.0, 'trail_atr_len': 14, 'tp_converts_to_trail': True, 'rsi': np.float64(56.629571792216446), 'atr': 6.725435191564714, 'exit_reason': 'sl', 'signal_time': Timestamp('2023-01-03 16:00:00+0000', tz='UTC')}"
2023-01-04 00:00:00+00:00,2023-01-04 12:00:00+00:00,1,1838.845,1854.409993888692,1854.584993888692,,0.36,560.3397799929124,1.9139255747908137,"{'trail_atr_mult': 3.0, 'trail_atr_len': 14, 'tp_converts_to_trail': True, 'rsi': np.float64(55.03596889703226), 'atr': 5.304997962897325, 'exit_reason': 'sl', 'signal_time': Timestamp('2023-01-03 23:00:00+0000', tz='UTC')}"
2023-01-04 20:00:00+00:00,2023-01-05 08:00:00+00:00,1,1855.5149999999999,1846.6123966572789,1846.7873966572788,1872.4152066854424,0.34,-261.88851365251475,-0.8825565324465725,"{'trail_atr_mult': 3.0, 'trail_atr_len': 14, 'tp_converts_to_trail': True, 'rsi': np.float64(57.21797494934369), 'atr': 5.695068895147481, 'exit_reason': 'sl', 'signal_time': Timestamp('2023-01-04 19:00:00+0000', tz='UTC')}"
2023-01-06 15:00:00+00:00,2023-01-10 00:00:00+00:00,1,1862.495,1867.6076524906898,1867.7826524906898,1881.9555635214788,0.3,201.37957472069775,0.6667459277739642,"{'trail_atr_mult': 3.0, 'trail_atr_len': 14, 'tp_converts_to_trail': True, 'rsi': np.float64(69.56294030953896), 'atr': 6.561854507159636, 'exit_reason': 'sl', 'signal_time': Timestamp('2023-01-06 14:00:00+0000', tz='UTC')}"
2023-01-09 19:00:00+00:00,2023-01-11 14:00:00+00:00,1,1875.415,1875.0571444039538,1875.2321444039537,1890.3898639212568,0.38,16.801487350244685,0.05683139726559996,"{'trail_atr_mult': 3.0, 'trail_atr_len': 14, 'tp_converts_to_trail': True, 'rsi': np.float64(59.12770813617425), 'atr': 5.0566213070855905, 'exit_reason': 'sl', 'signal_time': Timestamp('2023-01-09 18:00:00+0000', tz='UTC')}"
2023-01-12 15:00:00+00:00,2023-01-13 09:00:00+00:00,1,1889.0149999999999,1906.305,1908.3361025107558,,0.3,530.7000000000057,1.7827177895924793,"{'trail_atr_mult': 3.0, 'trail_atr_len': 14, 'tp_converts_to_trail': True, 'rsi': np.float64(56.60960695474299), 'atr': 6.498700836918622, 'exit_reason': 'sl_gap', 'signal_time': Timestamp('2023-01-12 14:00:00+0000', tz='UTC')}"
2023-01-13 06:00:00+00:00,2023-01-13 12:00:00+00:00,1,1896.245,1894.4356339208066,1894.6106339208065,1910.1030278105914,0.42,-75.99337532611844,-0.25159738311302565,"{'trail_atr_mult': 3.0, 'trail_atr_len': 14, 'tp_converts_to_trail': True, 'rsi': np.float64(57.08484406065961), 'atr': 4.677675936863803, 'exit_reason': 'sl', 'signal_time': Timestamp('2023-01-13 05:00:00+0000', tz='UTC')}"
2023-01-13 13:00:00+00:00,2023-01-16 06:00:00+00:00,1,1900.215,1916.3429071705493,1916.5179071705493,,0.36,623.8046581397787,2.0521082921118317,"{'trail_atr_mult': 3.0, 'trail_atr_len': 14, 'tp_converts_to_trail': True, 'rsi': np.float64(55.55618156148744), 'atr': 5.499302390183093, 'exit_reason': 'sl', 'signal_time': Timestamp('2023-01-13 12:00:00+0000', tz='UTC')}"
2023-01-16 07:00:00+00:00,2023-01-17 04:00:00+00:00,1,1917.315,1908.9813005224314,1909.1563005224314,1933.2273989551377,0.37,-293.5468806700398,-0.9724220752806676,"{'trail_atr_mult': 3.0, 'trail_atr_len': 14, 'tp_converts_to_trail': True, 'rsi': np.float64(55.50900434346689), 'atr': 5.349132985045871, 'exit_reason': 'sl', 'signal_time': Timestamp('2023-01-16 06:00:00+0000', tz='UTC')}"
2023-01-16 09:00:00+00:00,2023-01-17 04:00:00+00:00,1,1917.7649999999999,1909.1886213688308,1909.3636213688308,1934.042757262338,0.36,-294.3496307220863,-0.973218681138201,"{'trail_atr_mult': 3.0, 'trail_atr_len': 14, 'tp_converts_to_trail': True, 'rsi': np.float64(55.07309614583643), 'atr': 5.48425242077938, 'exit_reason': 'sl', 'signal_time': Timestamp('2023-01-16 08:00:00+0000', tz='UTC')}"
2023-01-19 13:00:00+00:00,2023-01-20 04:00:00+00:00,1,1913.425,1926.7846197896301,1926.95961978963,,0.42,577.9040311644677,1.9325824696036558,"{'trail_atr_mult': 3.0, 'trail_atr_len': 14, 'tp_converts_to_trail': True, 'rsi': np.float64(57.16048287007056), 'atr': 4.589873263210049, 'exit_reason': 'sl', 'signal_time': Timestamp('2023-01-19 12:00:00+0000', tz='UTC')}"
2023-01-20 12:00:00+00:00,2023-01-20 14:00:00+00:00,1,1928.875,1921.6034051039169,1921.7784051039168,1942.5431897921667,0.43,-312.67858053157397,-1.0246597139279492,"{'trail_atr_mult': 3.0, 'trail_atr_len': 14, 'tp_converts_to_trail': True, 'rsi': np.float64(56.58911332882303), 'atr': 4.614396597388878, 'exit_reason': 'sl', 'signal_time': Timestamp('2023-01-20 11:00:00+0000', tz='UTC')}"
2023-01-20 05:00:00+00:00,2023-01-20 14:00:00+00:00,1,1928.0149999999999,1923.5218102078334,1923.6968102078333,1941.1670898645991,0.45,-202.1935406474927,-0.6672844448714789,"{'trail_atr_mult': 3.0, 'trail_atr_len': 14, 'tp_converts_to_trail': True, 'rsi': np.float64(60.323397978232606), 'atr': 4.419029954866313, 'exit_reason': 'sl', 'signal_time': Timestamp('2023-01-20 04:00:00+0000', tz='UTC')}"
2023-01-20 18:00:00+00:00,2023-01-23 06:00:00+00:00,1,1929.625,1923.4135462291406,1923.5885462291405,1943.9743472423183,0.4,-200.4581508343763,-0.673838480333646,"{'trail_atr_mult': 3.0, 'trail_atr_len': 14, 'tp_converts_to_trail': True, 'rsi': np.float64(57.27344251775009), 'atr': 4.841449080772788, 'exit_reason': 'sl', 'signal_time': Timestamp('2023-01-20 17:00:00+0000', tz='UTC')}"
2023-01-23 00:00:00+00:00,2023-01-23 06:00:00+00:00,1,1932.455,1925.5952010503045,1925.7702010503044,1945.389597899391,0.45,-308.6909527362957,-1.0261787977943488,"{'trail_atr_mult': 3.0, 'trail_atr_len': 14, 'tp_converts_to_trail': True, 'rsi': np.float64(60.35602538027058), 'atr': 4.359865966463702, 'exit_reason': 'sl', 'signal_time': Timestamp('2023-01-22 23:00:00+0000', tz='UTC')}"
2023-01-23 20:00:00+00:00,2023-01-24 14:00:00+00:00,1,1931.415,1929.863837987513,1930.038837987513,1947.6409403672574,0.36,-41.44183244952783,-0.13769106129235084,"{'trail_atr_mult': 3.0, 'trail_atr_len': 14, 'tp_converts_to_trail': True, 'rsi': np.float64(58.235259344577194), 'atr': 5.463646789085784, 'exit_reason': 'sl', 'signal_time': Timestamp('2023-01-23 19:00:00+0000', tz='UTC')}"
2023-01-24 19:00:00+00:00,2023-01-25 03:00:00+00:00,1,1938.2949999999998,1929.8810021410052,1930.0560021410051,1954.1879957179895,0.36,-288.50392292380786,-0.9726908534447054,"{'trail_atr_mult': 3.0, 'trail_atr_len': 14, 'tp_converts_to_trail': True, 'rsi': np.float64(56.3625622210645), 'atr': 5.362665239329818, 'exit_reason': 'sl', 'signal_time': Timestamp('2023-01-24 18:00:00+0000', tz='UTC')}"
2023-01-25 01:00:00+00:00,2023-01-25 03:00:00+00:00,1,1937.715,1930.7672007439985,1930.9422007439985,1950.375598512003,0.44,-305.70316726406236,-1.0258386515508908,"{'trail_atr_mult': 3.0, 'trail_atr_len': 14, 'tp_converts_to_trail': True, 'rsi': np.float64(55.349093135362594), 'atr': 4.318532837334359, 'exit_reason': 'sl', 'signal_time': Timestamp('2023-01-25 00:00:00+0000', tz='UTC')}"
2023-01-25 16:00:00+00:00,2023-01-26 09:00:00+00:00,1,1937.085,1935.7724608703581,1935.947460870358,1954.4777992379175,0.32,-3.6012521485405173,-0.012294118826561019,"{'trail_atr_mult': 3.0, 'trail_atr_len': 14, 'tp_converts_to_trail': True, 'rsi': np.float64(57.77482750970307), 'atr': 5.899266412639165, 'exit_reason': 'sl', 'signal_time': Timestamp('2023-01-25 15:00:00+0000', tz='UTC')}"
2023-02-01 19:00:00+00:00,2023-02-02 13:00:00+00:00,1,1943.2649999999999,1944.5792325188784,1944.7542325188783,1960.9152478567717,0.32,80.45544060411194,0.2735054254873679,"{'trail_atr_mult': 3.0, 'trail_atr_len': 14, 'tp_converts_to_trail': True, 'rsi': np.float64(71.00961366850302), 'atr': 5.96508261892387, 'exit_reason': 'sl', 'signal_time': Timestamp('2023-02-01 18:00:00+0000', tz='UTC')}"
2023-03-02 11:00:00+00:00,2023-03-02 12:00:00+00:00,1,1836.875,1831.0235853298796,1831.1985853298795,1847.792829340241,0.53,-310.12497751638375,-1.030829319239329,"{'trail_atr_mult': 3.0, 'trail_atr_len': 14, 'tp_converts_to_trail': True, 'rsi': np.float64(56.92812051736542), 'atr': 3.687609780080309, 'exit_reason': 'sl', 'signal_time': Timestamp('2023-03-02 10:00:00+0000', tz='UTC')}"
2023-03-02 14:00:00+00:00,2023-03-03 12:00:00+00:00,1,1836.865,1848.335,1849.0224912756955,,0.47,557.8900000000012,1.8718719756185134,"{'trail_atr_mult': 3.0, 'trail_atr_len': 14, 'tp_converts_to_trail': True, 'rsi': np.float64(55.89469080130131), 'atr': 4.110830425231825, 'exit_reason': 'sl_gap', 'signal_time': Timestamp('2023-03-02 13:00:00+0000', tz='UTC')}"
2023-03-02 23:00:00+00:00,2023-03-03 12:00:00+00:00,1,1837.925,1848.335,1848.6232899783133,,0.54,583.7400000000046,1.968444795929862,"{'trail_atr_mult': 3.0, 'trail_atr_len': 14, 'tp_converts_to_trail': True, 'rsi': np.float64(57.48094198417252), 'atr': 3.597763326104494, 'exit_reason': 'sl_gap', 'signal_time': Timestamp('2023-03-02 22:00:00+0000', tz='UTC')}"
2023-03-06 12:00:00+00:00,2023-03-06 18:00:00+00:00,1,1852.465,1846.7984701876724,1846.9734701876723,1862.9530596246552,0.55,-311.65913967801544,-1.031867258483621,"{'trail_atr_mult': 3.0, 'trail_atr_len': 14, 'tp_converts_to_trail': True, 'rsi': np.float64(55.41843112261063), 'atr': 3.5510198748850788, 'exit_reason': 'sl', 'signal_time': Timestamp('2023-03-06 11:00:00+0000', tz='UTC')}"
2023-03-14 14:00:00+00:00,2023-03-15 07:00:00+00:00,1,1907.7949999999998,1896.579544491044,1896.754544491044,1929.3509110179116,0.27,-292.01729874180546,-0.9796204060767667,"{'trail_atr_mult': 3.0, 'trail_atr_len': 14, 'tp_converts_to_trail': True, 'rsi': np.float64(56.417433834679805), 'atr': 7.24363700597058, 'exit_reason': 'sl', 'signal_time': Timestamp('2023-03-14 13:00:00+0000', tz='UTC')}"
2023-03-14 11:00:00+00:00,2023-03-15 07:00:00+00:00,1,1904.385,1898.1871121874467,1898.3621121874467,1922.500996737893,0.32,-185.53241000170527,-0.6180788679359287,"{'trail_atr_mult': 3.0, 'trail_atr_len': 14, 'tp_converts_to_trail': True, 'rsi': np.float64(55.13233253116309), 'atr': 6.110332245964355, 'exit_reason': 'sl', 'signal_time': Timestamp('2023-03-14 10:00:00+0000', tz='UTC')}"
2023-03-14 16:00:00+00:00,2023-03-15 07:00:00+00:00,1,1908.895,1897.9360868315637,1898.1110868315636,1929.9078263368729,0.28,-295.6495687162168,-0.979135588678644,"{'trail_atr_mult': 3.0, 'trail_atr_len': 14, 'tp_converts_to_trail': True, 'rsi': np.float64(56.727870478587135), 'atr': 7.065942112290973, 'exit_reason': 'sl', 'signal_time': Timestamp('2023-03-14 15:00:00+0000', tz='UTC')}"
2023-03-15 10:00:00+00:00,2023-03-15 13:00:00+00:00,1,1908.7949999999998,1926.9904577211146,1927.1654577211145,,0.32,582.2546470756715,1.9382172186037303,"{'trail_atr_mult': 3.0, 'trail_atr_len': 14, 'tp_converts_to_trail': True, 'rsi': np.float64(57.223594517214195), 'atr': 6.168485907038186, 'exit_reason': 'sl', 'signal_time': Timestamp('2023-03-15 09:00:00+0000', tz='UTC')}"
2023-03-15 22:00:00+00:00,2023-03-16 01:00:00+00:00,1,1920.555,1908.0016312362818,1908.1766312362818,1944.5167375274366,0.24,-272.4808503292381,-0.9171942588263827,"{'trail_atr_mult': 3.0, 'trail_atr_len': 14, 'tp_converts_to_trail': True, 'rsi': np.float64(56.47735408426428), 'atr': 8.075579175812194, 'exit_reason': 'sl', 'signal_time': Timestamp('2023-03-15 21:00:00+0000', tz='UTC')}"
2023-03-16 08:00:00+00:00,2023-03-20 10:00:00+00:00,1,1919.235,1982.8136243130157,1982.9886243130156,,0.28,1825.0014807644418,6.085912864367686,"{'trail_atr_mult': 3.0, 'trail_atr_len': 14, 'tp_converts_to_trail': True, 'rsi': np.float64(55.1785769977959), 'atr': 7.0231687494936, 'exit_reason': 'sl', 'signal_time': Timestamp('2023-03-16 07:00:00+0000', tz='UTC')}"
2023-03-16 05:00:00+00:00,2023-03-20 10:00:00+00:00,1,1920.175,1982.8136243130157,1982.9886243130156,,0.28,1798.6814807644403,5.987514459888237,"{'trail_atr_mult': 3.0, 'trail_atr_len': 14, 'tp_converts_to_trail': True, 'rsi': np.float64(56.40858532586179), 'atr': 7.035842079476748, 'exit_reason': 'sl', 'signal_time': Timestamp('2023-03-16 04:00:00+0000', tz='UTC')}"
2023-03-21 02:00:00+00:00,2023-03-21 06:00:00+00:00,1,1983.355,1971.9563031379525,1972.1313031379525,2005.1573937240953,0.27,-307.76481527528176,-1.015592010560416,"{'trail_atr_mult': 3.0, 'trail_atr_len': 14, 'tp_converts_to_trail': True, 'rsi': np.float64(57.14364505934543), 'atr': 7.33913124136506, 'exit_reason': 'sl', 'signal_time': Timestamp('2023-03-21 01:00:00+0000', tz='UTC')}"
2023-03-20 18:00:00+00:00,2023-03-21 08:00:00+00:00,1,1983.905,1969.58258327002,1969.75758327002,2011.8248334599598,0.22,-306.2931680595595,-0.9840960364500153,"{'trail_atr_mult': 3.0, 'trail_atr_len': 14, 'tp_converts_to_trail': True, 'rsi': np.float64(57.94751681690448), 'atr': 9.348277819986638, 'exit_reason': 'sl', 'signal_time': Timestamp('2023-03-20 17:00:00+0000', tz='UTC')}"
2023-03-21 00:00:00+00:00,2023-03-21 08:00:00+00:00,1,1980.565,1968.5373397339567,1968.7123397339567,2003.7753205320869,0.26,-312.71916691712613,-1.0147646179061853,"{'trail_atr_mult': 3.0, 'trail_atr_len': 14, 'tp_converts_to_trail': True, 'rsi': np.float64(55.0252552473545), 'atr': 7.791773510695584, 'exit_reason': 'sl', 'signal_time': Timestamp('2023-03-20 23:00:00+0000', tz='UTC')}"
2023-03-24 09:00:00+00:00,2023-03-24 16:00:00+00:00,1,1994.655,1984.4258412908396,1984.6008412908395,2014.0883174183214,0.3,-306.87476127481204,-1.0174057327979624,"{'trail_atr_mult': 3.0, 'trail_atr_len': 14, 'tp_converts_to_trail': True, 'rsi': np.float64(59.020881972552374), 'atr': 6.552772472773748, 'exit_reason': 'sl', 'signal_time': Timestamp('2023-03-24 08:00:00+0000', tz='UTC')}"
2023-03-24 14:00:00+00:00,2023-03-24 17:00:00+00:00,1,1994.645,1982.8885347723412,1983.0635347723412,2017.3429304553174,0.26,-305.66809591912715,-1.015110350595538,"{'trail_atr_mult': 3.0, 'trail_atr_len': 14, 'tp_converts_to_trail': True, 'rsi': np.float64(56.04010074405994), 'atr': 7.617643485105817, 'exit_reason': 'sl', 'signal_time': Timestamp('2023-03-24 13:00:00+0000', tz='UTC')}"
2023-03-29 15:00:00+00:00,2023-03-29 16:00:00+00:00,1,1969.345,1961.6874718469574,1961.8624718469573,1983.7850563060858,0.41,-313.95865427474973,-1.0233878171148334,"{'trail_atr_mult': 3.0, 'trail_atr_len': 14, 'tp_converts_to_trail': True, 'rsi': np.float64(56.337426397078744), 'atr': 4.871685435361918, 'exit_reason': 'sl', 'signal_time': Timestamp('2023-03-29 14:00:00+0000', tz='UTC')}"
2023-03-30 15:00:00+00:00,2023-03-31 09:00:00+00:00,1,1972.2649999999999,1973.7824000229748,1973.9574000229748,1986.106810961184,0.42,80.53080096494686,0.26692075620056854,"{'trail_atr_mult': 3.0, 'trail_atr_len': 14, 'tp_converts_to_trail': True, 'rsi': np.float64(60.22618496057284), 'atr': 4.672270320394667, 'exit_reason': 'sl', 'signal_time': Timestamp('2023-03-30 14:00:00+0000', tz='UTC')}"
2023-03-31 11:00:00+00:00,2023-03-31 18:00:00+00:00,1,1979.595,1973.4523725588795,1973.6273725588794,1992.1701478015361,0.46,-282.5608622915461,-0.9313963017768765,"{'trail_atr_mult': 3.0, 'trail_atr_len': 14, 'tp_converts_to_trail': True, 'rsi': np.float64(55.12567494232176), 'atr': 4.26004926717871, 'exit_reason': 'sl', 'signal_time': Timestamp('2023-03-31 10:00:00+0000', tz='UTC')}"
2023-04-04 07:00:00+00:00,2023-04-05 15:00:00+00:00,1,1981.715,2018.5112226045906,2018.6862226045905,,0.44,1636.633794601988,5.393148679989851,"{'trail_atr_mult': 3.0, 'trail_atr_len': 14, 'tp_converts_to_trail': True, 'rsi': np.float64(55.48901942689708), 'atr': 4.481293302135963, 'exit_reason': 'sl', 'signal_time': Timestamp('2023-04-04 06:00:00+0000', tz='UTC')}"
2023-04-04 10:00:00+00:00,2023-04-05 15:00:00+00:00,1,1983.085,2018.5112226045906,2018.6862226045905,,0.45,1612.1800172065734,5.284695298693263,"{'trail_atr_mult': 3.0, 'trail_atr_len': 14, 'tp_converts_to_trail': True, 'rsi': np.float64(56.94193951708687), 'atr': 4.429493944895219, 'exit_reason': 'sl', 'signal_time': Timestamp('2023-04-04 09:00:00+0000', tz='UTC')}"
2023-04-05 16:00:00+00:00,2023-04-06 03:00:00+00:00,1,2021.945,2012.1524400623694,2012.3274400623693,2040.4751198752613,0.32,-274.96191800417876,-0.8934241110378187,"{'trail_atr_mult': 3.0, 'trail_atr_len': 14, 'tp_converts_to_trail': True, 'rsi': np.float64(57.30677419848523), 'atr': 6.255039958420412, 'exit_reason': 'sl', 'signal_time': Timestamp('2023-04-05 15:00:00+0000', tz='UTC')}"
2023-04-06 10:00:00+00:00,2023-04-06 13:00:00+00:00,1,2019.7649999999999,2012.7753171150648,2012.9503171150648,2032.92936576987,0.46,-321.525412707013,-1.0256798449692823,"{'trail_atr_mult': 3.0, 'trail_atr_len': 14, 'tp_converts_to_trail': True, 'rsi': np.float64(55.55950939819568), 'atr': 4.439788589956706, 'exit_reason': 'sl', 'signal_time': Timestamp('2023-04-06 09:00:00+0000', tz='UTC')}"
2023-04-12 13:00:00+00:00,2023-04-12 14:00:00+00:00,1,2022.405,2013.978766127391,2014.153766127391,2038.3524677452178,0.38,-320.1968871591389,-1.021208949194967,"{'trail_atr_mult': 3.0, 'trail_atr_len': 14, 'tp_converts_to_trail': True, 'rsi': np.float64(67.17148931307318), 'atr': 5.377489248405959, 'exit_reason': 'sl', 'signal_time': Timestamp('2023-04-12 12:00:00+0000', tz='UTC')}"
2023-04-12 10:00:00+00:00,2023-04-12 14:00:00+00:00,1,2010.955,2022.055,2023.3771422361763,,0.49,543.9000000000067,1.7470489892525394,"{'trail_atr_mult': 3.0, 'trail_atr_len': 14, 'tp_converts_to_trail': True, 'rsi': np.float64(55.16458647201321), 'atr': 4.172380745392115, 'exit_reason': 'sl_gap', 'signal_time': Timestamp('2023-04-12 09:00:00+0000', tz='UTC')}"
2023-04-12 19:00:00+00:00,2023-04-13 15:00:00+00:00,1,2015.985,2034.775628795032,2034.950628795032,,0.32,639.7001214410251,2.048154186520859,"{'trail_atr_mult': 3.0, 'trail_atr_len': 14, 'tp_converts_to_trail': True, 'rsi': np.float64(57.43365463365272), 'atr': 6.383542931677298, 'exit_reason': 'sl', 'signal_time': Timestamp('2023-04-12 18:00:00+0000', tz='UTC')}"
2023-04-13 07:00:00+00:00,2023-04-13 15:00:00+00:00,1,2020.625,2034.7652727412353,2034.9402727412353,,0.42,593.8914551318835,1.9211971122824403,"{'trail_atr_mult': 3.0, 'trail_atr_len': 14, 'tp_converts_to_trail': True, 'rsi': np.float64(60.65284069491393), 'atr': 4.816757580411731, 'exit_reason': 'sl', 'signal_time': Timestamp('2023-04-13 06:00:00+0000', tz='UTC')}"
2023-04-12 22:00:00+00:00,2023-04-14 09:00:00+00:00,1,2014.615,2034.681745971299,2034.856745971299,,0.35,758.3361089954665,2.461148314331005,"{'trail_atr_mult': 3.0, 'trail_atr_len': 14, 'tp_converts_to_trail': True, 'rsi': np.float64(55.91771156122163), 'atr': 5.972340589048296, 'exit_reason': 'sl', 'signal_time': Timestamp('2023-04-12 20:00:00+0000', tz='UTC')}"
2023-05-04 10:00:00+00:00,2023-05-04 16:00:00+00:00,1,2038.0349999999999,2055.115,2059.2984519705105,,0.29,495.31999999999783,1.559215596153488,"{'trail_atr_mult': 3.0, 'trail_atr_len': 14, 'tp_converts_to_trail': True, 'rsi': np.float64(56.52823665239244), 'atr': 7.159483990170267, 'exit_reason': 'sl_gap', 'signal_time': Timestamp('2023-05-04 09:00:00+0000', tz='UTC')}"
2023-05-04 14:00:00+00:00,2023-05-05 08:00:00+00:00,1,2044.5149999999999,2042.9219740048204,2043.0969740048204,2066.7371206458183,0.28,-33.40472786502487,-0.1050332050245167,"{'trail_atr_mult': 3.0, 'trail_atr_len': 14, 'tp_converts_to_trail': True, 'rsi': np.float64(60.538475997904456), 'atr': 7.462373548606072, 'exit_reason': 'sl', 'signal_time': Timestamp('2023-05-04 13:00:00+0000', tz='UTC')}"
2023-05-05 04:00:00+00:00,2023-05-05 08:00:00+00:00,1,2049.9550000000004,2040.5435654686448,2040.7185654686448,2067.72286906271,0.34,-319.9887740660888,-1.0189467049656302,"{'trail_atr_mult': 3.0, 'trail_atr_len': 14, 'tp_converts_to_trail': True, 'rsi': np.float64(57.37753511810862), 'atr': 6.0009563542366235, 'exit_reason': 'sl', 'signal_time': Timestamp('2023-05-05 03:00:00+0000', tz='UTC')}"
2023-05-09 17:00:00+00:00,2023-05-10 06:00:00+00:00,1,2031.155,2028.2486791214112,2028.4236791214112,2043.3175286466392,0.51,-127.82236480802666,-0.39790675598223957,"{'trail_atr_mult': 3.0, 'trail_atr_len': 14, 'tp_converts_to_trail': True, 'rsi': np.float64(59.032830124152675), 'atr': 4.102509548879705, 'exit_reason': 'sl', 'signal_time': Timestamp('2023-05-09 16:00:00+0000', tz='UTC')}"
2023-05-10 13:00:00+00:00,2023-05-10 14:00:00+00:00,1,2045.7949999999998,2037.9919762679594,2038.1669762679594,2060.286047464081,0.42,-327.72699674569685,-1.0229417220170531,"{'trail_atr_mult': 3.0, 'trail_atr_len': 14, 'tp_converts_to_trail': True, 'rsi': np.float64(69.80234292836012), 'atr': 4.915349154693729, 'exit_reason': 'sl', 'signal_time': Timestamp('2023-05-10 12:00:00+0000', tz='UTC')}"
2023-05-11 01:00:00+00:00,2023-05-11 07:00:00+00:00,1,2035.5449999999998,2027.919268538911,2028.094268538911,2049.8314629221777,0.42,-320.28072136573337,-1.0234876268073656,"{'trail_atr_mult': 3.0, 'trail_atr_len': 14, 'tp_converts_to_trail': True, 'rsi': np.float64(55.637765192390056), 'atr': 4.830487640725949, 'exit_reason': 'sl', 'signal_time': Timestamp('2023-05-11 00:00:00+0000', tz='UTC')}"
2023-05-11 12:00:00+00:00,2023-05-11 13:00:00+00:00,1,2036.935,2029.2675040458034,2029.4425040458034,2051.364991908393,0.42,-322.03483007625346,-1.0233567026355133,"{'trail_atr_mult': 3.0, 'trail_atr_len': 14, 'tp_converts_to_trail': True, 'rsi': np.float64(58.27843686636209), 'atr': 4.8716639694644055, 'exit_reason': 'sl', 'signal_time': Timestamp('2023-05-11 11:00:00+0000', tz='UTC')}"
2023-06-02 09:00:00+00:00,2023-06-02 13:00:00+00:00,1,1979.315,1973.2090691507985,1973.3840691507985,1990.6518616984033,0.53,-323.61433500768027,-1.0295063295205196,"{'trail_atr_mult': 3.0, 'trail_atr_len': 14, 'tp_converts_to_trail': True, 'rsi': np.float64(58.45075342372214), 'atr': 3.837287232801047, 'exit_reason': 'sl', 'signal_time': Timestamp('2023-06-02 08:00:00+0000', tz='UTC')}"
2023-06-12 09:00:00+00:00,2023-06-12 14:00:00+00:00,1,1965.055,1959.5758263358684,1959.7508263358684,1975.1383473282635,0.59,-323.2712461837657,-1.0329928865608897,"{'trail_atr_mult': 3.0, 'trail_atr_len': 14, 'tp_converts_to_trail': True, 'rsi': np.float64(61.099588958561114), 'atr': 3.419449109421141, 'exit_reason': 'sl', 'signal_time': Timestamp('2023-06-12 08:00:00+0000', tz='UTC')}"
2023-07-10 12:00:00+00:00,2023-07-10 13:00:00+00:00,1,1924.885,1917.841686763421,1918.016686763421,1934.7749698548687,0.43,-302.86246917289805,-1.0254793271611353,"{'trail_atr_mult': 3.0, 'trail_atr_len': 14, 'tp_converts_to_trail': True, 'rsi': np.float64(55.58920814428211), 'atr': 3.351656618289569, 'exit_reason': 'sl', 'signal_time': Timestamp('2023-07-10 11:00:00+0000', tz='UTC')}"
2023-07-10 08:00:00+00:00,2023-07-10 13:00:00+00:00,1,1925.0449999999998,1917.5684490635335,1917.7434490635335,1935.5598264046994,0.41,-306.5385883951187,-1.0239675106731019,"{'trail_atr_mult': 3.0, 'trail_atr_len': 14, 'tp_converts_to_trail': True, 'rsi': np.float64(56.58405803314175), 'atr': 3.563275468233163, 'exit_reason': 'sl', 'signal_time': Timestamp('2023-07-10 07:00:00+0000', tz='UTC')}"
2023-07-10 17:00:00+00:00,2023-07-11 08:00:00+00:00,1,1925.7849999999999,1936.045,1938.3612594497897,,0.34,362.4400000000075,1.223996818179145,"{'trail_atr_mult': 3.0, 'trail_atr_len': 14, 'tp_converts_to_trail': True, 'rsi': np.float64(55.13533631560117), 'atr': 4.257086483263256, 'exit_reason': 'sl_gap', 'signal_time': Timestamp('2023-07-10 16:00:00+0000', tz='UTC')}"
2023-07-11 01:00:00+00:00,2023-07-11 08:00:00+00:00,1,1926.565,1935.6355710417947,1935.8105710417947,,0.45,408.1756968807599,1.387210237845301,"{'trail_atr_mult': 3.0, 'trail_atr_len': 14, 'tp_converts_to_trail': True, 'rsi': np.float64(56.3690031403231), 'atr': 3.156857013931617, 'exit_reason': 'sl', 'signal_time': Timestamp('2023-07-11 00:00:00+0000', tz='UTC')}"
2023-07-11 03:00:00+00:00,2023-07-11 08:00:00+00:00,1,1927.885,1936.045,1937.1389617656293,,0.46,375.36000000000377,1.2794699126876812,"{'trail_atr_mult': 3.0, 'trail_atr_len': 14, 'tp_converts_to_trail': True, 'rsi': np.float64(58.81810811758939), 'atr': 3.1263205885431384, 'exit_reason': 'sl_gap', 'signal_time': Timestamp('2023-07-11 02:00:00+0000', tz='UTC')}"
2023-07-11 14:00:00+00:00,2023-07-12 14:00:00+00:00,1,1933.705,1943.005,1945.531534142033,,0.36,349.20000000000647,1.181578663188444,"{'trail_atr_mult': 3.0, 'trail_atr_len': 14, 'tp_converts_to_trail': True, 'rsi': np.float64(56.90920647599553), 'atr': 4.007178047344337, 'exit_reason': 'sl_gap', 'signal_time': Timestamp('2023-07-11 13:00:00+0000', tz='UTC')}"
2023-07-12 13:00:00+00:00,2023-07-12 15:00:00+00:00,1,1943.355,1954.5673230219757,1954.7423230219756,,0.38,426.06827483507413,1.4283428720393396,"{'trail_atr_mult': 3.0, 'trail_atr_len': 14, 'tp_converts_to_trail': True, 'rsi': np.float64(68.3107399128955), 'atr': 3.84744100732522, 'exit_reason': 'sl', 'signal_time': Timestamp('2023-07-12 12:00:00+0000', tz='UTC')}"
2023-07-13 17:00:00+00:00,2023-07-14 14:00:00+00:00,1,1959.0349999999999,1954.4811830785954,1954.6561830785954,1971.8300440514975,0.34,-141.2297753277498,-0.46733206791144116,"{'trail_atr_mult': 3.0, 'trail_atr_len': 14, 'tp_converts_to_trail': True, 'rsi': np.float64(55.716159558341914), 'atr': 4.336681350499161, 'exit_reason': 'sl', 'signal_time': Timestamp('2023-07-13 16:00:00+0000', tz='UTC')}"
2023-07-14 15:00:00+00:00,2023-07-17 00:00:00+00:00,1,1960.405,1952.1215312180304,1952.2965312180304,1972.1552031729545,0.37,-262.0883449328727,-0.8735889564896285,"{'trail_atr_mult': 3.0, 'trail_atr_len': 14, 'tp_converts_to_trail': True, 'rsi': np.float64(55.38275133093559), 'atr': 3.971734390984808, 'exit_reason': 'sl', 'signal_time': Timestamp('2023-07-14 14:00:00+0000', tz='UTC')}"
2023-07-14 18:00:00+00:00,2023-07-17 00:00:00+00:00,1,1960.495,1952.5975506873224,1952.7725506873223,1971.5911739690164,0.39,-261.20052319442283,-0.8672700902915146,"{'trail_atr_mult': 3.0, 'trail_atr_len': 14, 'tp_converts_to_trail': True, 'rsi': np.float64(55.05517015165046), 'atr': 3.7637246563387845, 'exit_reason': 'sl', 'signal_time': Timestamp('2023-07-14 17:00:00+0000', tz='UTC')}"
2023-07-17 10:00:00+00:00,2023-07-17 13:00:00+00:00,1,1958.895,1951.3910699375797,1951.5660699375796,1969.4008950936307,0.41,-307.6611325592321,-1.0238779737982877,"{'trail_atr_mult': 3.0, 'trail_atr_len': 14, 'tp_converts_to_trail': True, 'rsi': np.float64(57.01146125904822), 'atr': 3.5669650312101813, 'exit_reason': 'sl', 'signal_time': Timestamp('2023-07-17 09:00:00+0000', tz='UTC')}"
2023-07-19 13:00:00+00:00,2023-07-19 15:00:00+00:00,1,1977.735,1969.885531122551,1970.0605311225509,1988.8092033161738,0.39,-306.12928622051095,-1.0228028809282401,"{'trail_atr_mult': 3.0, 'trail_atr_len': 14, 'tp_converts_to_trail': True, 'rsi': np.float64(59.49527729104167), 'atr': 3.749734438724588, 'exit_reason': 'sl', 'signal_time': Timestamp('2023-07-19 12:00:00+0000', tz='UTC')}"
2023-07-19 17:00:00+00:00,2023-07-20 13:00:00+00:00,1,1977.675,1977.6687979404705,1977.8437979404705,1990.2096042251467,0.34,40.58912997599992,0.13830868119744344,"{'trail_atr_mult': 3.0, 'trail_atr_len': 14, 'tp_converts_to_trail': True, 'rsi': np.float64(57.68470785763515), 'atr': 4.233201408382243, 'exit_reason': 'sl', 'signal_time': Timestamp('2023-07-19 16:00:00+0000', tz='UTC')}"
2023-07-20 09:00:00+00:00,2023-07-20 13:00:00+00:00,1,1981.7749999999999,1974.2671168779984,1974.4421168779984,1992.3618246830024,0.4,-300.31532488005723,-1.0238651015007845,"{'trail_atr_mult': 3.0, 'trail_atr_len': 14, 'tp_converts_to_trail': True, 'rsi': np.float64(56.80742024828682), 'atr': 3.583941561000808, 'exit_reason': 'sl', 'signal_time': Timestamp('2023-07-20 08:00:00+0000', tz='UTC')}"
2023-07-20 12:00:00+00:00,2023-07-20 13:00:00+00:00,1,1981.635,1974.4875294391265,1974.6625294391265,1991.6812058413104,0.43,-307.3412341175581,-1.0250987076205067,"{'trail_atr_mult': 3.0, 'trail_atr_len': 14, 'tp_converts_to_trail': True, 'rsi': np.float64(56.14504200828924), 'atr': 3.403735280436816, 'exit_reason': 'sl', 'signal_time': Timestamp('2023-07-20 11:00:00+0000', tz='UTC')}"
2023-07-26 15:00:00+00:00,2023-07-27 04:00:00+00:00,1,1969.195,1979.125,1979.3821235255148,,0.41,456.33000000000254,1.563989583341783,"{'trail_atr_mult': 3.0, 'trail_atr_len': 14, 'tp_converts_to_trail': True, 'rsi': np.float64(56.07362346926309), 'atr': 3.4607078418382886, 'exit_reason': 'sl_gap', 'signal_time': Timestamp('2023-07-26 14:00:00+0000', tz='UTC')}"
2023-07-27 11:00:00+00:00,2023-07-27 13:00:00+00:00,1,1976.365,1968.0540691956635,1968.2290691956634,1988.1313962065049,0.36,-299.1935089561148,-1.0215095241354166,"{'trail_atr_mult': 3.0, 'trail_atr_len': 14, 'tp_converts_to_trail': True, 'rsi': np.float64(55.44549708067477), 'atr': 3.980465402168295, 'exit_reason': 'sl', 'signal_time': Timestamp('2023-07-27 10:00:00+0000', tz='UTC')}"
2023-08-24 15:00:00+00:00,2023-08-25 02:00:00+00:00,1,1921.5449999999998,1914.7088702329725,1914.8838702329724,1931.0741946505411,0.44,-283.189709749205,-0.9662219461458632,"{'trail_atr_mult': 3.0, 'trail_atr_len': 14, 'tp_converts_to_trail': True, 'rsi': np.float64(63.67604468014541), 'atr': 3.238064883513765, 'exit_reason': 'sl', 'signal_time': Timestamp('2023-08-24 14:00:00+0000', tz='UTC')}"
2023-08-29 15:00:00+00:00,2023-08-30 14:00:00+00:00,1,1934.335,1944.801465422247,1944.976465422247,,0.4,434.6586168898794,1.4646193527376092,"{'trail_atr_mult': 3.0, 'trail_atr_len': 14, 'tp_converts_to_trail': True, 'rsi': np.float64(71.06435958902233), 'atr': 3.612155140748952, 'exit_reason': 'sl', 'signal_time': Timestamp('2023-08-29 14:00:00+0000', tz='UTC')}"
2023-09-01 08:00:00+00:00,2023-09-01 14:00:00+00:00,1,1943.315,1949.765,1950.1627103102976,,0.61,393.4500000000028,1.3280330406281602,"{'trail_atr_mult': 3.0, 'trail_atr_len': 14, 'tp_converts_to_trail': True, 'rsi': np.float64(55.803258259196085), 'atr': 2.3409034367658506, 'exit_reason': 'sl_gap', 'signal_time': Timestamp('2023-09-01 07:00:00+0000', tz='UTC')}"
2023-09-04 03:00:00+00:00,2023-09-04 12:00:00+00:00,1,1945.885,1939.830689993642,1940.005689993642,1954.2664650095373,0.51,-308.7698103242599,-1.0297653976080023,"{'trail_atr_mult': 3.0, 'trail_atr_len': 14, 'tp_converts_to_trail': True, 'rsi': np.float64(60.25156675283123), 'atr': 2.852155003179086, 'exit_reason': 'sl', 'signal_time': Timestamp('2023-09-04 02:00:00+0000', tz='UTC')}"
2023-09-18 15:00:00+00:00,2023-09-19 11:00:00+00:00,1,1927.0349999999999,1935.035,1935.3106593145785,,0.51,428.40000000001163,1.4502496494116552,"{'trail_atr_mult': 3.0, 'trail_atr_len': 14, 'tp_converts_to_trail': True, 'rsi': np.float64(57.84061802789254), 'atr': 2.8135531048595315, 'exit_reason': 'sl_gap', 'signal_time': Timestamp('2023-09-18 14:00:00+0000', tz='UTC')}"
2023-09-20 14:00:00+00:00,2023-09-20 20:00:00+00:00,1,1940.7849999999999,1938.3323497736073,1938.5073497736073,1948.7120882005916,0.55,-134.89576245158787,-0.4492259255872279,"{'trail_atr_mult': 3.0, 'trail_atr_len': 14, 'tp_converts_to_trail': True, 'rsi': np.float64(73.92762738332108), 'atr': 2.6773627335305097, 'exit_reason': 'sl', 'signal_time': Timestamp('2023-09-20 13:00:00+0000', tz='UTC')}"
2023-10-10 19:00:00+00:00,2023-10-11 11:00:00+00:00,1,1859.585,1870.295,1870.7642069407902,,0.38,422.18000000000137,1.425369288196864,"{'trail_atr_mult': 3.0, 'trail_atr_len': 14, 'tp_converts_to_trail': True, 'rsi': np.float64(55.32359063766891), 'atr': 3.7947356469300266, 'exit_reason': 'sl_gap', 'signal_time': Timestamp('2023-10-10 18:00:00+0000', tz='UTC')}"
2023-10-10 16:00:00+00:00,2023-10-11 12:00:00+00:00,1,1861.5049999999999,1872.6977008855383,1872.8727008855383,,0.37,428.92993276492246,1.463700108764593,"{'trail_atr_mult': 3.0, 'trail_atr_len': 14, 'tp_converts_to_trail': True, 'rsi': np.float64(60.48534646810432), 'atr': 3.857566961846109, 'exit_reason': 'sl', 'signal_time': Timestamp('2023-10-10 15:00:00+0000', tz='UTC')}"
2023-10-16 10:00:00+00:00,2023-10-17 03:00:00+00:00,1,1916.365,1912.6522168153467,1912.8272168153467,1930.6185669965382,0.3,-99.3834955395987,-0.33824464745486943,"{'trail_atr_mult': 3.0, 'trail_atr_len': 14, 'tp_converts_to_trail': True, 'rsi': np.float64(58.08685869191111), 'atr': 4.809522332179376, 'exit_reason': 'sl', 'signal_time': Timestamp('2023-10-16 09:00:00+0000', tz='UTC')}"
2023-10-17 08:00:00+00:00,2023-10-17 15:00:00+00:00,1,1920.175,1927.7350000000001,1931.0281826163605,,0.4,302.4000000000069,1.0201802616520848,"{'trail_atr_mult': 3.0, 'trail_atr_len': 14, 'tp_converts_to_trail': True, 'rsi': np.float64(58.298811089331316), 'atr': 3.6527275387868383, 'exit_reason': 'sl_gap', 'signal_time': Timestamp('2023-10-17 07:00:00+0000', tz='UTC')}"
2023-10-17 23:00:00+00:00,2023-10-18 03:00:00+00:00,1,1925.085,1937.1264734585047,1937.3014734585047,,0.35,435.45157104766434,1.463246748040884,"{'trail_atr_mult': 3.0, 'trail_atr_len': 14, 'tp_converts_to_trail': True, 'rsi': np.float64(57.769026325779635), 'atr': 4.143824486168283, 'exit_reason': 'sl', 'signal_time': Timestamp('2023-10-17 22:00:00+0000', tz='UTC')}"
2023-10-19 16:00:00+00:00,2023-10-19 19:00:00+00:00,1,1956.345,1971.4756464001528,1971.6506464001527,,0.29,438.78874560442904,1.4462344912559009,"{'trail_atr_mult': 3.0, 'trail_atr_len': 14, 'tp_converts_to_trail': True, 'rsi': np.float64(63.2749953096157), 'atr': 5.153548800050849, 'exit_reason': 'sl', 'signal_time': Timestamp('2023-10-19 15:00:00+0000', tz='UTC')}"
2023-10-19 07:00:00+00:00,2023-10-20 18:00:00+00:00,1,1948.175,1979.1214271107388,1979.2964271107387,,0.31,971.7392404329026,3.2551538141673824,"{'trail_atr_mult': 3.0, 'trail_atr_len': 14, 'tp_converts_to_trail': True, 'rsi': np.float64(55.67147137536075), 'atr': 4.737391845403789, 'exit_reason': 'sl', 'signal_time': Timestamp('2023-10-19 06:00:00+0000', tz='UTC')}"
2023-10-19 05:00:00+00:00,2023-10-20 18:00:00+00:00,1,1948.345,1979.1214271107388,1979.2964271107387,,0.29,904.1163862114229,3.0671123019606057,"{'trail_atr_mult': 3.0, 'trail_atr_len': 14, 'tp_converts_to_trail': True, 'rsi': np.float64(56.14109213292415), 'atr': 4.979874566267118, 'exit_reason': 'sl', 'signal_time': Timestamp('2023-10-19 04:00:00+0000', tz='UTC')}"
2023-10-22 22:00:00+00:00,2023-10-22 23:00:00+00:00,1,1968.245,1967.895,1968.4468078172135,1999.57978827418,15.45,-540.7499999998595,-1.7343233023990032,"{'trail_atr_mult': 3.0, 'trail_atr_len': 14, 'tp_converts_to_trail': True, 'rsi': np.float64(55.89994668691337), 'atr': 6.226596091393298, 'exit_reason': 'sl_gap', 'signal_time': Timestamp('2023-10-20 20:00:00+0000', tz='UTC')}"
2023-10-23 08:00:00+00:00,2023-10-24 09:00:00+00:00,1,1979.635,1970.2255009016317,1970.4005009016316,1996.7320323807833,0.26,-234.24697655757618,-0.7718223624512398,"{'trail_atr_mult': 3.0, 'trail_atr_len': 14, 'tp_converts_to_trail': True, 'rsi': np.float64(56.328889574650084), 'atr': 5.754010793594384, 'exit_reason': 'sl', 'signal_time': Timestamp('2023-10-23 07:00:00+0000', tz='UTC')}"
2023-10-23 12:00:00+00:00,2023-10-24 10:00:00+00:00,1,1979.5349999999999,1969.4055009016317,1969.5805009016317,1995.2717062377014,0.28,-272.4259747543073,-0.9065197645195326,"{'trail_atr_mult': 3.0, 'trail_atr_len': 14, 'tp_converts_to_trail': True, 'rsi': np.float64(55.130315275751926), 'atr': 5.29390207923379, 'exit_reason': 'sl', 'signal_time': Timestamp('2023-10-23 11:00:00+0000', tz='UTC')}"
2023-10-25 23:00:00+00:00,2023-10-26 13:00:00+00:00,1,1982.205,1979.331730104951,1979.506730104951,1999.4176861822766,0.26,-43.50501727127157,-0.1418010419057946,"{'trail_atr_mult': 3.0, 'trail_atr_len': 14, 'tp_converts_to_trail': True, 'rsi': np.float64(58.04538853331161), 'atr': 5.802562060758887, 'exit_reason': 'sl', 'signal_time': Timestamp('2023-10-25 22:00:00+0000', tz='UTC')}"
2023-10-26 18:00:00+00:00,2023-10-27 13:00:00+00:00,1,1987.145,1978.676300261219,1978.851300261219,2003.7650959433568,0.27,-217.85489294708617,-0.7085017785530546,"{'trail_atr_mult': 3.0, 'trail_atr_len': 14, 'tp_converts_to_trail': True, 'rsi': np.float64(57.24951323284961), 'atr': 5.601698647785609, 'exit_reason': 'sl', 'signal_time': Timestamp('2023-10-26 17:00:00+0000', tz='UTC')}"
2023-10-27 18:00:00+00:00,2023-10-30 06:00:00+00:00,1,1996.935,1995.4328203082866,1995.6078203082866,2012.2908114403501,0.29,-8.763211059685958,-0.02860952012945823,"{'trail_atr_mult': 3.0, 'trail_atr_len': 14, 'tp_converts_to_trail': True, 'rsi': np.float64(67.58167247298945), 'atr': 5.183603813450019, 'exit_reason': 'sl', 'signal_time': Timestamp('2023-10-27 17:00:00+0000', tz='UTC')}"
2023-10-30 13:00:00+00:00,2023-10-31 04:00:00+00:00,1,1998.725,1991.0047244938382,1991.1797244938382,2012.78532420265,0.31,-226.92854069101176,-0.753485604886799,"{'trail_atr_mult': 3.0, 'trail_atr_len': 14, 'tp_converts_to_trail': True, 'rsi': np.float64(55.79920087439043), 'atr': 4.755108067549942, 'exit_reason': 'sl', 'signal_time': Timestamp('2023-10-30 12:00:00+0000', tz='UTC')}"
2023-10-30 15:00:00+00:00,2023-10-31 15:00:00+00:00,1,1999.335,1994.471767847296,1994.646767847296,2014.4415295420806,0.29,-129.4337324284185,-0.4307022327081905,"{'trail_atr_mult': 3.0, 'trail_atr_len': 14, 'tp_converts_to_trail': True, 'rsi': np.float64(56.41722150585652), 'atr': 5.093843180693543, 'exit_reason': 'sl', 'signal_time': Timestamp('2023-10-30 14:00:00+0000', tz='UTC')}"
2023-10-31 13:00:00+00:00,2023-10-31 15:00:00+00:00,1,2002.695,1994.471767847296,1994.646767847296,2014.7119423182965,0.36,-296.0363574973435,-0.9864372928497396,"{'trail_atr_mult': 3.0, 'trail_atr_len': 14, 'tp_converts_to_trail': True, 'rsi': np.float64(62.14632287516824), 'atr': 4.070647439432119, 'exit_reason': 'sl', 'signal_time': Timestamp('2023-10-31 12:00:00+0000', tz='UTC')}"
2023-11-03 12:00:00+00:00,2023-11-03 13:00:00+00:00,1,2000.385,1991.8859327025084,1992.0609327025084,2012.3586009462374,0.36,-305.96642270969727,-1.021023376403106,"{'trail_atr_mult': 3.0, 'trail_atr_len': 14, 'tp_converts_to_trail': True, 'rsi': np.float64(74.16431457606964), 'atr': 4.059533648745805, 'exit_reason': 'sl', 'signal_time': Timestamp('2023-11-03 11:00:00+0000', tz='UTC')}"
2023-11-03 17:00:00+00:00,2023-11-06 03:00:00+00:00,1,1993.2749999999999,1982.8378259912395,1983.0128259912394,2008.2807610131404,0.29,-267.87804625405136,-0.9001186299194456,"{'trail_atr_mult': 3.0, 'trail_atr_len': 14, 'tp_converts_to_trail': True, 'rsi': np.float64(57.220899342118365), 'atr': 5.053587004380187, 'exit_reason': 'sl', 'signal_time': Timestamp('2023-11-03 16:00:00+0000', tz='UTC')}"
2023-11-20 23:00:00+00:00,2023-11-21 04:00:00+00:00,1,1981.385,1992.645878193151,1992.820878193151,,0.38,443.11337133973905,1.4731542283236936,"{'trail_atr_mult': 3.0, 'trail_atr_len': 14, 'tp_converts_to_trail': True, 'rsi': np.float64(57.55352303226696), 'atr': 3.870292731050331, 'exit_reason': 'sl', 'signal_time': Timestamp('2023-11-20 22:00:00+0000', tz='UTC')}"
2023-11-21 12:00:00+00:00,2023-11-21 16:00:00+00:00,1,1989.2749999999999,2000.8807249384524,2001.0557249384524,,0.37,429.411822722745,1.4277262574546055,"{'trail_atr_mult': 3.0, 'trail_atr_len': 14, 'tp_converts_to_trail': True, 'rsi': np.float64(57.816410169927), 'atr': 3.9819083128175286, 'exit_reason': 'sl', 'signal_time': Timestamp('2023-11-21 11:00:00+0000', tz='UTC')}"
2023-11-21 10:00:00+00:00,2023-11-21 16:00:00+00:00,1,1988.7749999999999,2000.9615212303952,2001.1365212303951,,0.36,438.71476429423177,1.436635597709231,"{'trail_atr_mult': 3.0, 'trail_atr_len': 14, 'tp_converts_to_trail': True, 'rsi': np.float64(57.64996977874732), 'atr': 4.16884041013166, 'exit_reason': 'sl', 'signal_time': Timestamp('2023-11-21 09:00:00+0000', tz='UTC')}"
2023-11-22 02:00:00+00:00,2023-11-22 15:00:00+00:00,1,1996.845,1994.9574053268864,1995.1324053268863,2008.0574950543487,0.39,-73.6161922514325,-0.24303804391861863,"{'trail_atr_mult': 3.0, 'trail_atr_len': 14, 'tp_converts_to_trail': True, 'rsi': np.float64(55.68493970303903), 'atr': 3.795831684782889, 'exit_reason': 'sl', 'signal_time': Timestamp('2023-11-22 01:00:00+0000', tz='UTC')}"
2023-11-22 14:00:00+00:00,2023-11-22 15:00:00+00:00,1,2001.935,1993.6937636062714,1993.8687636062714,2013.621854590593,0.38,-313.1669829616835,-1.0216953720989401,"{'trail_atr_mult': 3.0, 'trail_atr_len': 14, 'tp_converts_to_trail': True, 'rsi': np.float64(57.720591813328596), 'atr': 3.950618196864339, 'exit_reason': 'sl', 'signal_time': Timestamp('2023-11-22 13:00:00+0000', tz='UTC')}"
2023-11-23 03:00:00+00:00,2023-11-23 16:00:00+00:00,1,1997.955,1990.140225135436,1990.3152251354359,2008.9271622968463,0.4,-312.59099458256065,-1.0229064341688479,"{'trail_atr_mult': 3.0, 'trail_atr_len': 14, 'tp_converts_to_trail': True, 'rsi': np.float64(56.2473507145601), 'atr': 3.7223874322820816, 'exit_reason': 'sl', 'signal_time': Timestamp('2023-11-23 02:00:00+0000', tz='UTC')}"
2023-11-28 08:00:00+00:00,2023-11-28 15:00:00+00:00,1,2015.5349999999999,2024.865760341528,2025.0407603415279,,0.45,419.88421536876217,1.4005579794744183,"{'trail_atr_mult': 3.0, 'trail_atr_len': 14, 'tp_converts_to_trail': True, 'rsi': np.float64(59.64592332402144), 'atr': 3.233586780509334, 'exit_reason': 'sl', 'signal_time': Timestamp('2023-11-28 07:00:00+0000', tz='UTC')}"
2023-11-28 13:00:00+00:00,2023-11-29 09:00:00+00:00,1,2021.635,2039.980709316046,2040.1557093160459,,0.43,806.0655005899755,2.638698532904309,"{'trail_atr_mult': 3.0, 'trail_atr_len': 14, 'tp_converts_to_trail': True, 'rsi': np.float64(69.4257873637116), 'atr': 3.4345748358118406, 'exit_reason': 'sl', 'signal_time': Timestamp('2023-11-28 12:00:00+0000', tz='UTC')}"
2023-11-29 11:00:00+00:00,2023-11-30 10:00:00+00:00,1,2040.225,2038.1132354965891,2038.288235496589,2052.059659851548,0.37,-33.73528662619842,-0.11144303624301573,"{'trail_atr_mult': 3.0, 'trail_atr_len': 14, 'tp_converts_to_trail': True, 'rsi': np.float64(57.5033469883536), 'atr': 4.003219950516081, 'exit_reason': 'sl', 'signal_time': Timestamp('2023-11-29 10:00:00+0000', tz='UTC')}"
2023-11-29 14:00:00+00:00,2023-11-30 10:00:00+00:00,1,2044.455,2038.1132354965891,2038.288235496589,2057.5011015648142,0.34,-174.81999311596675,-0.5762758789377538,"{'trail_atr_mult': 3.0, 'trail_atr_len': 14, 'tp_converts_to_trail': True, 'rsi': np.float64(62.26870822457562), 'atr': 4.39370052160483, 'exit_reason': 'sl', 'signal_time': Timestamp('2023-11-29 13:00:00+0000', tz='UTC')}"
2023-11-30 02:00:00+00:00,2023-11-30 10:00:00+00:00,1,2046.085,2037.9875332127572,2038.1625332127571,2057.456200180865,0.39,-315.80120470247175,-1.022089079664145,"{'trail_atr_mult': 3.0, 'trail_atr_len': 14, 'tp_converts_to_trail': True, 'rsi': np.float64(58.27528051314648), 'atr': 3.858733393621546, 'exit_reason': 'sl', 'signal_time': Timestamp('2023-11-30 01:00:00+0000', tz='UTC')}"
2023-11-30 06:00:00+00:00,2023-11-30 10:00:00+00:00,1,2045.935,2037.9986695931266,2038.1736695931265,2057.03949561031,0.39,-309.5168858680613,-1.0225476807230078,"{'trail_atr_mult': 3.0, 'trail_atr_len': 14, 'tp_converts_to_trail': True, 'rsi': np.float64(56.392609409414284), 'atr': 3.773165203436697, 'exit_reason': 'sl', 'signal_time': Timestamp('2023-11-30 05:00:00+0000', tz='UTC')}"
2023-12-01 00:00:00+00:00,2023-12-01 11:00:00+00:00,1,2042.0249999999999,2038.3260247127657,2038.5010247127657,2053.9586983384397,0.38,-140.5610609148971,-0.4577487122915575,"{'trail_atr_mult': 3.0, 'trail_atr_len': 14, 'tp_converts_to_trail': True, 'rsi': np.float64(55.865889751977306), 'atr': 4.0028994461465786, 'exit_reason': 'sl', 'signal_time': Timestamp('2023-11-30 23:00:00+0000', tz='UTC')}"
2023-12-01 08:00:00+00:00,2023-12-01 11:00:00+00:00,1,2045.5249999999999,2038.3260247127657,2038.5010247127657,2056.4142810785606,0.4,-287.9590114893654,-0.9533567265011206,"{'trail_atr_mult': 3.0, 'trail_atr_len': 14, 'tp_converts_to_trail': True, 'rsi': np.float64(62.00615195704609), 'atr': 3.688093692853525, 'exit_reason': 'sl', 'signal_time': Timestamp('2023-12-01 07:00:00+0000', tz='UTC')}"
2023-12-01 15:00:00+00:00,2023-12-04 00:00:00+00:00,1,2049.5950000000003,2112.6212796947966,2112.796279694797,,0.3,1926.7883908438907,6.389825513854558,"{'trail_atr_mult': 3.0, 'trail_atr_len': 14, 'tp_converts_to_trail': True, 'rsi': np.float64(63.10174878481655), 'atr': 4.888167724066892, 'exit_reason': 'sl', 'signal_time': Timestamp('2023-12-01 14:00:00+0000', tz='UTC')}"
2023-12-18 17:00:00+00:00,2023-12-19 02:00:00+00:00,1,2033.585,2023.26419449448,2023.43919449448,2048.3662082582805,0.3,-297.6241651655987,-0.9778233477984937,"{'trail_atr_mult': 3.0, 'trail_atr_len': 14, 'tp_converts_to_trail': True, 'rsi': np.float64(62.893003817718785), 'atr': 4.985402752760065, 'exit_reason': 'sl', 'signal_time': Timestamp('2023-12-18 16:00:00+0000', tz='UTC')}"
2023-12-21 19:00:00+00:00,2023-12-22 13:00:00+00:00,1,2044.055,2057.7359807423118,2057.910980742312,,0.32,450.5913837539746,1.4751195670537631,"{'trail_atr_mult': 3.0, 'trail_atr_len': 14, 'tp_converts_to_trail': True, 'rsi': np.float64(63.76828912591771), 'atr': 4.680326914104059, 'exit_reason': 'sl', 'signal_time': Timestamp('2023-12-21 18:00:00+0000', tz='UTC')}"
2023-12-26 01:00:00+00:00,2023-12-27 16:00:00+00:00,1,2063.5350000000003,2078.615,2079.020793095138,,0.29,448.9199999999847,1.4628344516054543,"{'trail_atr_mult': 3.0, 'trail_atr_len': 14, 'tp_converts_to_trail': True, 'rsi': np.float64(63.660865871445424), 'atr': 5.213597698379228, 'exit_reason': 'sl_gap', 'signal_time': Timestamp('2023-12-26 00:00:00+0000', tz='UTC')}"
2023-12-27 11:00:00+00:00,2023-12-27 16:00:00+00:00,1,2068.3250000000003,2078.479722150641,2078.654722150641,,0.43,436.6530524775516,1.414671585006115,"{'trail_atr_mult': 3.0, 'trail_atr_len': 14, 'tp_converts_to_trail': True, 'rsi': np.float64(59.382592415109904), 'atr': 3.5015740502136907, 'exit_reason': 'sl', 'signal_time': Timestamp('2023-12-27 10:00:00+0000', tz='UTC')}"
2023-12-22 18:00:00+00:00,2023-12-28 08:00:00+00:00,1,2057.395,2076.8833129126624,2077.0583129126626,,0.27,612.5844486418854,1.9830778870941352,"{'trail_atr_mult': 3.0, 'trail_atr_len': 14, 'tp_converts_to_trail': True, 'rsi': np.float64(56.84413910080859), 'atr': 5.617979528393186, 'exit_reason': 'sl', 'signal_time': Timestamp('2023-12-22 17:00:00+0000', tz='UTC')}"
2023-12-26 19:00:00+00:00,2023-12-28 08:00:00+00:00,1,2061.875,2076.8833129126624,2077.0583129126626,,0.39,647.7242035938339,2.1160715661802345,"{'trail_atr_mult': 3.0, 'trail_atr_len': 14, 'tp_converts_to_trail': True, 'rsi': np.float64(55.80502287918852), 'atr': 3.8268268465257544, 'exit_reason': 'sl', 'signal_time': Timestamp('2023-12-26 18:00:00+0000', tz='UTC')}"
2024-02-01 02:00:00+00:00,2024-02-01 08:00:00+00:00,1,2047.125,2038.7495499265285,2038.9245499265285,2063.090900146943,0.36,-301.5162026449734,-1.0213402921098294,"{'trail_atr_mult': 3.0, 'trail_atr_len': 14, 'tp_converts_to_trail': True, 'rsi': np.float64(59.23034452792767), 'atr': 5.3703000489810275, 'exit_reason': 'sl', 'signal_time': Timestamp('2024-02-01 01:00:00+0000', tz='UTC')}"
2024-02-01 14:00:00+00:00,2024-02-01 17:00:00+00:00,1,2046.495,2059.2149999999997,2063.0115709042334,,0.33,419.7599999999934,1.4420484512461802,"{'trail_atr_mult': 3.0, 'trail_atr_len': 14, 'tp_converts_to_trail': True, 'rsi': np.float64(57.83166665766157), 'atr': 5.630523634744501, 'exit_reason': 'sl_gap', 'signal_time': Timestamp('2024-02-01 13:00:00+0000', tz='UTC')}"
2024-02-22 04:00:00+00:00,2024-02-22 13:00:00+00:00,1,2029.0049999999999,2025.9325532455896,2026.1075532455895,2037.5733687376996,0.65,-199.7090390366691,-0.6669540407817117,"{'trail_atr_mult': 3.0, 'trail_atr_len': 14, 'tp_converts_to_trail': True, 'rsi': np.float64(56.96266566463628), 'atr': 2.9277895792332234, 'exit_reason': 'sl', 'signal_time': Timestamp('2024-02-22 03:00:00+0000', tz='UTC')}"
2024-02-26 05:00:00+00:00,2024-02-26 14:00:00+00:00,1,2033.175,2027.9585671782902,2028.1335671782901,2042.7928656434194,0.59,-307.7695364808758,-1.034712353846382,"{'trail_atr_mult': 3.0, 'trail_atr_len': 14, 'tp_converts_to_trail': True, 'rsi': np.float64(55.331862528879164), 'atr': 3.257621881139825, 'exit_reason': 'sl', 'signal_time': Timestamp('2024-02-26 04:00:00+0000', tz='UTC')}"
2024-02-26 07:00:00+00:00,2024-02-26 14:00:00+00:00,1,2035.165,2030.0853206792399,2030.2603206792398,2044.56935864152,0.61,-309.8604385663648,-1.0356802124165854,"{'trail_atr_mult': 3.0, 'trail_atr_len': 14, 'tp_converts_to_trail': True, 'rsi': np.float64(58.853660747944645), 'atr': 3.179786213840018, 'exit_reason': 'sl', 'signal_time': Timestamp('2024-02-26 06:00:00+0000', tz='UTC')}"
2024-02-27 01:00:00+00:00,2024-02-27 17:00:00+00:00,1,2033.7849999999999,2031.1996856122528,2031.3746856122527,2042.3790428824473,0.64,-165.46012081581284,-0.5633080531066748,"{'trail_atr_mult': 3.0, 'trail_atr_len': 14, 'tp_converts_to_trail': True, 'rsi': np.float64(57.044469621167295), 'atr': 2.929680960815814, 'exit_reason': 'sl', 'signal_time': Timestamp('2024-02-27 00:00:00+0000', tz='UTC')}"
2024-02-28 20:00:00+00:00,2024-02-29 10:00:00+00:00,1,2033.885,2030.4772576520736,2030.6522576520736,2043.0163991331483,0.62,-136.880025571436,-0.46447499563281747,"{'trail_atr_mult': 3.0, 'trail_atr_len': 14, 'tp_converts_to_trail': True, 'rsi': np.float64(55.52829931023047), 'atr': 3.0854663777160836, 'exit_reason': 'sl', 'signal_time': Timestamp('2024-02-28 19:00:00+0000', tz='UTC')}"
2024-02-29 13:00:00+00:00,2024-03-01 08:00:00+00:00,1,2047.685,2042.3404283608465,2042.5154283608465,2059.008460926973,0.5,-247.22858195767003,-0.8367539004793038,"{'trail_atr_mult': 3.0, 'trail_atr_len': 14, 'tp_converts_to_trail': True, 'rsi': np.float64(71.44056930706243), 'atr': 3.829486975657707, 'exit_reason': 'sl', 'signal_time': Timestamp('2024-02-29 12:00:00+0000', tz='UTC')}"
2024-03-01 09:00:00+00:00,2024-03-01 12:00:00+00:00,1,2046.485,2055.1949999999997,2056.831635011086,,0.54,470.33999999998974,1.5979254471723754,"{'trail_atr_mult': 3.0, 'trail_atr_len': 14, 'tp_converts_to_trail': True, 'rsi': np.float64(57.6189515684568), 'atr': 3.510545003695315, 'exit_reason': 'sl_gap', 'signal_time': Timestamp('2024-03-01 08:00:00+0000', tz='UTC')}"
2024-03-01 15:00:00+00:00,2024-03-01 19:00:00+00:00,1,2069.2250000000004,2085.595,2086.983548032206,,0.32,523.839999999982,1.7906808865723993,"{'trail_atr_mult': 3.0, 'trail_atr_len': 14, 'tp_converts_to_trail': True, 'rsi': np.float64(71.83534274314324), 'atr': 5.977849344068528, 'exit_reason': 'sl_gap', 'signal_time': Timestamp('2024-03-01 14:00:00+0000', tz='UTC')}"
2024-03-06 11:00:00+00:00,2024-03-06 15:00:00+00:00,1,2132.7850000000003,2144.5449999999996,2146.3110034967617,,0.41,482.1599999999716,1.621956715288765,"{'trail_atr_mult': 3.0, 'trail_atr_len': 14, 'tp_converts_to_trail': True, 'rsi': np.float64(63.986667973012004), 'atr': 4.617001165587225, 'exit_reason': 'sl_gap', 'signal_time': Timestamp('2024-03-06 10:00:00+0000', tz='UTC')}"
2024-03-06 09:00:00+00:00,2024-03-06 15:00:00+00:00,1,2128.885,2141.876933049499,2142.051933049499,,0.43,558.6531211284391,1.9019172473509487,"{'trail_atr_mult': 3.0, 'trail_atr_len': 14, 'tp_converts_to_trail': True, 'rsi': np.float64(61.13440712859657), 'atr': 4.443977683166367, 'exit_reason': 'sl', 'signal_time': Timestamp('2024-03-06 08:00:00+0000', tz='UTC')}"
2024-03-08 03:00:00+00:00,2024-03-08 13:00:00+00:00,1,2157.835,2157.0919833045878,2157.266983304588,2172.3863359776938,0.4,-29.720667816491186,-0.09876380489094937,"{'trail_atr_mult': 3.0, 'trail_atr_len': 14, 'tp_converts_to_trail': True, 'rsi': np.float64(55.73005903159739), 'atr': 4.905445325897877, 'exit_reason': 'sl', 'signal_time': Timestamp('2024-03-08 02:00:00+0000', tz='UTC')}"
2024-03-11 23:00:00+00:00,2024-03-12 05:00:00+00:00,1,2183.7250000000004,2175.7538458644367,2175.928845864437,2199.2123082711264,0.38,-287.7038571514193,-0.9711396162662508,"{'trail_atr_mult': 3.0, 'trail_atr_len': 14, 'tp_converts_to_trail': True, 'rsi': np.float64(58.09633929338876), 'atr': 5.174102757042098, 'exit_reason': 'sl', 'signal_time': Timestamp('2024-03-11 22:00:00+0000', tz='UTC')}"
2024-03-11 09:00:00+00:00,2024-03-12 11:00:00+00:00,1,2180.7450000000003,2173.5289912930775,2173.7039912930777,2198.5583515168737,0.33,-224.9282873284531,-0.7458012502528484,"{'trail_atr_mult': 3.0, 'trail_atr_len': 14, 'tp_converts_to_trail': True, 'rsi': np.float64(57.034647580760925), 'atr': 5.989450505624499, 'exit_reason': 'sl', 'signal_time': Timestamp('2024-03-11 08:00:00+0000', tz='UTC')}"
2024-03-11 13:00:00+00:00,2024-03-12 11:00:00+00:00,1,2182.025,2173.5289912930775,2173.7039912930777,2199.5727519177794,0.33,-267.1682873284447,-0.8914958199696109,"{'trail_atr_mult': 3.0, 'trail_atr_len': 14, 'tp_converts_to_trail': True, 'rsi': np.float64(57.47740159846522), 'atr': 5.9175839725931105, 'exit_reason': 'sl', 'signal_time': Timestamp('2024-03-11 12:00:00+0000', tz='UTC')}"
2024-03-11 19:00:00+00:00,2024-03-12 11:00:00+00:00,1,2181.585,2172.591366887581,2172.766366887581,2198.5472662248385,0.34,-292.1835258222476,-0.97448584183835,"{'trail_atr_mult': 3.0, 'trail_atr_len': 14, 'tp_converts_to_trail': True, 'rsi': np.float64(55.39518047274236), 'atr': 5.729088741612775, 'exit_reason': 'sl', 'signal_time': Timestamp('2024-03-11 18:00:00+0000', tz='UTC')}"
2024-03-20 18:00:00+00:00,2024-03-20 23:00:00+00:00,1,2182.2450000000003,2198.7208418884425,2198.8958418884426,,0.34,560.178624207032,1.9049807351197552,"{'trail_atr_mult': 3.0, 'trail_atr_len': 14, 'tp_converts_to_trail': True, 'rsi': np.float64(79.77869690793962), 'atr': 5.489215575498832, 'exit_reason': 'sl', 'signal_time': Timestamp('2024-03-20 17:00:00+0000', tz='UTC')}"
2024-03-26 08:00:00+00:00,2024-03-26 12:00:00+00:00,1,2178.395,2190.155380230998,2190.3303802309983,,0.48,564.4982510879126,1.8876438781123486,"{'trail_atr_mult': 3.0, 'trail_atr_len': 14, 'tp_converts_to_trail': True, 'rsi': np.float64(61.51136417768643), 'atr': 4.036793410332845, 'exit_reason': 'sl', 'signal_time': Timestamp('2024-03-26 07:00:00+0000', tz='UTC')}"
2024-03-28 02:00:00+00:00,2024-03-28 11:00:00+00:00,1,2194.9550000000004,2209.26951265594,2209.4445126559403,,0.4,572.5805062375912,1.9067568803542434,"{'trail_atr_mult': 3.0, 'trail_atr_len': 14, 'tp_converts_to_trail': True, 'rsi': np.float64(60.52267580565808), 'atr': 4.888170885313332, 'exit_reason': 'sl', 'signal_time': Timestamp('2024-03-28 01:00:00+0000', tz='UTC')}"
2024-03-27 09:00:00+00:00,2024-03-28 12:00:00+00:00,1,2189.145,2205.6952892923664,2205.8702892923666,,0.36,639.010414525191,2.1321298363872163,"{'trail_atr_mult': 3.0, 'trail_atr_len': 14, 'tp_converts_to_trail': True, 'rsi': np.float64(64.42521707640375), 'atr': 5.566763097455473, 'exit_reason': 'sl', 'signal_time': Timestamp('2024-03-27 08:00:00+0000', tz='UTC')}"
2024-04-01 20:00:00+00:00,2024-04-02 16:00:00+00:00,1,2244.735,2260.515,2267.818145137467,,0.26,420.67999999999336,1.3865712038978057,"{'trail_atr_mult': 3.0, 'trail_atr_len': 14, 'tp_converts_to_trail': True, 'rsi': np.float64(55.59886137128683), 'atr': 7.7227150458223, 'exit_reason': 'sl_gap', 'signal_time': Timestamp('2024-04-01 19:00:00+0000', tz='UTC')}"
2024-04-03 15:00:00+00:00,2024-04-04 03:00:00+00:00,1,2282.915,2300.805,2304.1982952447556,,0.28,534.5199999999966,1.7531216089649215,"{'trail_atr_mult': 3.0, 'trail_atr_len': 14, 'tp_converts_to_trail': True, 'rsi': np.float64(63.395375451054974), 'atr': 7.1494317482519385, 'exit_reason': 'sl_gap', 'signal_time': Timestamp('2024-04-03 14:00:00+0000', tz='UTC')}"
2024-04-05 11:00:00+00:00,2024-04-05 13:00:00+00:00,1,2294.1150000000002,2283.1348795955387,2283.309879595539,2315.2002408089224,0.28,-307.44337132492365,-1.0161960249816302,"{'trail_atr_mult': 3.0, 'trail_atr_len': 14, 'tp_converts_to_trail': True, 'rsi': np.float64(56.9966355498179), 'atr': 7.086746936307394, 'exit_reason': 'sl', 'signal_time': Timestamp('2024-04-05 10:00:00+0000', tz='UTC')}"
2024-04-05 14:00:00+00:00,2024-04-05 16:00:00+00:00,1,2299.885,2317.5249999999996,2324.315743096648,,0.24,423.35999999998603,1.4291649986744848,"{'trail_atr_mult': 3.0, 'trail_atr_len': 14, 'tp_converts_to_trail': True, 'rsi': np.float64(61.145144835206814), 'atr': 8.171914365549231, 'exit_reason': 'sl_gap', 'signal_time': Timestamp('2024-04-05 13:00:00+0000', tz='UTC')}"
2024-04-08 02:00:00+00:00,2024-04-08 13:00:00+00:00,1,2324.335,2324.673519014909,2324.848519014909,2355.301812330187,0.19,6.431861283267154,0.02156047627756621,"{'trail_atr_mult': 3.0, 'trail_atr_len': 14, 'tp_converts_to_trail': True, 'rsi': np.float64(61.24699203024332), 'atr': 10.370604110062423, 'exit_reason': 'sl', 'signal_time': Timestamp('2024-04-08 01:00:00+0000', tz='UTC')}"
2024-04-08 18:00:00+00:00,2024-04-09 16:00:00+00:00,1,2338.1850000000004,2344.0702581877645,2344.2452581877646,2366.56509869694,0.21,131.99042194304536,0.4313080736572497,"{'trail_atr_mult': 3.0, 'trail_atr_len': 14, 'tp_converts_to_trail': True, 'rsi': np.float64(60.12982642421113), 'atr': 9.54503289897995, 'exit_reason': 'sl', 'signal_time': Timestamp('2024-04-08 17:00:00+0000', tz='UTC')}"
2024-04-10 05:00:00+00:00,2024-04-10 10:00:00+00:00,1,2356.385,2345.927700699552,2346.1027006995523,2376.4245986008955,0.3,-313.71897901344255,-1.017019539588053,"{'trail_atr_mult': 3.0, 'trail_atr_len': 14, 'tp_converts_to_trail': True, 'rsi': np.float64(59.42847884323681), 'atr': 6.738199533631887, 'exit_reason': 'sl', 'signal_time': Timestamp('2024-04-10 04:00:00+0000', tz='UTC')}"
2024-04-09 20:00:00+00:00,2024-04-10 13:00:00+00:00,1,2351.295,2341.2335552727986,2341.408555272799,2376.2944098123576,0.24,-231.8746734528344,-0.7597144811677422,"{'trail_atr_mult': 3.0, 'trail_atr_len': 14, 'tp_converts_to_trail': True, 'rsi': np.float64(56.074836773719035), 'atr': 8.381469937452547, 'exit_reason': 'sl', 'signal_time': Timestamp('2024-04-09 19:00:00+0000', tz='UTC')}"
2024-04-10 03:00:00+00:00,2024-04-10 13:00:00+00:00,1,2352.235,2341.2335552727986,2341.408555272799,2373.3656291466004,0.28,-308.0404523616417,-1.0160355677247161,"{'trail_atr_mult': 3.0, 'trail_atr_len': 14, 'tp_converts_to_trail': True, 'rsi': np.float64(55.396123845690475), 'atr': 7.101876382200215, 'exit_reason': 'sl', 'signal_time': Timestamp('2024-04-10 02:00:00+0000', tz='UTC')}"
2024-04-16 15:00:00+00:00,2024-04-17 07:00:00+00:00,1,2383.155,2373.5449731654317,2373.719973165432,2414.2589092963235,0.19,-174.99050985680233,-0.573138730356483,"{'trail_atr_mult': 3.0, 'trail_atr_len': 14, 'tp_converts_to_trail': True, 'rsi': np.float64(56.863459462720925), 'atr': 10.482969765441132, 'exit_reason': 'sl', 'signal_time': Timestamp('2024-04-16 14:00:00+0000', tz='UTC')}"
2024-04-17 09:00:00+00:00,2024-04-17 13:00:00+00:00,1,2393.155,2380.480749097021,2380.6557490970213,2417.628501805957,0.24,-304.18202167149866,-1.0140008390389599,"{'trail_atr_mult': 3.0, 'trail_atr_len': 14, 'tp_converts_to_trail': True, 'rsi': np.float64(60.14726930721546), 'atr': 8.21616726865242, 'exit_reason': 'sl', 'signal_time': Timestamp('2024-04-17 08:00:00+0000', tz='UTC')}"
2024-04-17 14:00:00+00:00,2024-04-17 17:00:00+00:00,1,2393.465,2380.8517167595355,2381.0267167595357,2417.9365664809284,0.24,-302.718797771151,-1.0140694657467575,"{'trail_atr_mult': 3.0, 'trail_atr_len': 14, 'tp_converts_to_trail': True, 'rsi': np.float64(58.466754768602456), 'atr': 8.202188826976093, 'exit_reason': 'sl', 'signal_time': Timestamp('2024-04-17 13:00:00+0000', tz='UTC')}"
2024-04-19 02:00:00+00:00,2024-04-19 03:00:00+00:00,1,2409.645,2395.7172213473686,2395.892221347369,2435.965557305262,0.22,-306.4111303578893,-1.0127247012709466,"{'trail_atr_mult': 3.0, 'trail_atr_len': 14, 'tp_converts_to_trail': True, 'rsi': np.float64(73.25999055201208), 'atr': 8.90518576842063, 'exit_reason': 'sl', 'signal_time': Timestamp('2024-04-19 01:00:00+0000', tz='UTC')}"
2024-04-19 15:00:00+00:00,2024-04-22 02:00:00+00:00,1,2391.3050000000003,2376.087569010562,2376.2625690105624,2420.864861978875,0.2,-280.3486197887614,-0.9318594181539189,"{'trail_atr_mult': 3.0, 'trail_atr_len': 14, 'tp_converts_to_trail': True, 'rsi': np.float64(55.96520430563502), 'atr': 9.911620659625008, 'exit_reason': 'sl', 'signal_time': Timestamp('2024-04-19 14:00:00+0000', tz='UTC')}"
2024-05-13 01:00:00+00:00,2024-05-13 05:00:00+00:00,1,2364.2050000000004,2354.5276743257677,2354.702674325768,2382.5646513484635,0.31,-299.99709590121165,-1.0184165441176922,"{'trail_atr_mult': 3.0, 'trail_atr_len': 14, 'tp_converts_to_trail': True, 'rsi': np.float64(58.085991494876104), 'atr': 6.191550449487899, 'exit_reason': 'sl', 'signal_time': Timestamp('2024-05-13 00:00:00+0000', tz='UTC')}"
2024-05-12 23:00:00+00:00,2024-05-13 06:00:00+00:00,1,2361.585,2351.311563123376,2351.486563123376,2381.136873753247,0.3,-296.2031062987244,-0.9777193240153185,"{'trail_atr_mult': 3.0, 'trail_atr_len': 14, 'tp_converts_to_trail': True, 'rsi': np.float64(55.50948975358179), 'atr': 6.5889579177490925, 'exit_reason': 'sl', 'signal_time': Timestamp('2024-05-12 22:00:00+0000', tz='UTC')}"
2024-05-14 17:00:00+00:00,2024-05-15 10:00:00+00:00,1,2354.355,2372.539167031888,2372.7141670318883,,0.32,594.6933450204203,1.9745008637466228,"{'trail_atr_mult': 3.0, 'trail_atr_len': 14, 'tp_converts_to_trail': True, 'rsi': np.float64(60.612716502565426), 'atr': 6.171389010629557, 'exit_reason': 'sl', 'signal_time': Timestamp('2024-05-14 16:00:00+0000', tz='UTC')}"
2024-05-15 15:00:00+00:00,2024-05-16 13:00:00+00:00,1,2373.915,2379.371033170376,2379.546033170376,2398.526011064203,0.23,153.0887629186487,0.5252134668067471,"{'trail_atr_mult': 3.0, 'trail_atr_len': 14, 'tp_converts_to_trail': True, 'rsi': np.float64(60.937251167897166), 'atr': 8.28533702140101, 'exit_reason': 'sl', 'signal_time': Timestamp('2024-05-15 14:00:00+0000', tz='UTC')}"
2024-05-17 11:00:00+00:00,2024-05-17 15:00:00+00:00,1,2387.6850000000004,2401.6349999999998,2401.832336651721,,0.41,571.9499999999739,1.889944705789142,"{'trail_atr_mult': 3.0, 'trail_atr_len': 14, 'tp_converts_to_trail': True, 'rsi': np.float64(60.511253608155855), 'atr': 4.784112217240392, 'exit_reason': 'sl_gap', 'signal_time': Timestamp('2024-05-17 10:00:00+0000', tz='UTC')}"
2024-05-20 18:00:00+00:00,2024-05-21 02:00:00+00:00,1,2435.525,2421.107943902717,2421.2829439027173,2463.6041121945646,0.21,-294.3581780429423,-0.9842017192979078,"{'trail_atr_mult': 3.0, 'trail_atr_len': 14, 'tp_converts_to_trail': True, 'rsi': np.float64(59.817753439046655), 'atr': 9.404704064854956, 'exit_reason': 'sl', 'signal_time': Timestamp('2024-05-20 17:00:00+0000', tz='UTC')}"
2024-05-21 13:00:00+00:00,2024-05-22 04:00:00+00:00,1,2426.4350000000004,2415.802750812321,2415.977750812321,2450.1988400329906,0.25,-255.80622969198657,-0.84150799740435,"{'trail_atr_mult': 3.0, 'trail_atr_len': 14, 'tp_converts_to_trail': True, 'rsi': np.float64(55.186221430349775), 'atr': 7.982946677663461, 'exit_reason': 'sl', 'signal_time': Timestamp('2024-05-21 12:00:00+0000', tz='UTC')}"
2024-06-06 14:00:00+00:00,2024-06-07 02:00:00+00:00,1,2360.7650000000003,2378.3149999999996,2378.928538863149,,0.32,574.3999999999767,1.9117568337783013,"{'trail_atr_mult': 3.0, 'trail_atr_len': 14, 'tp_converts_to_trail': True, 'rsi': np.float64(56.2653276529498), 'atr': 6.122846287716292, 'exit_reason': 'sl_gap', 'signal_time': Timestamp('2024-06-06 13:00:00+0000', tz='UTC')}"
2024-06-20 11:00:00+00:00,2024-06-20 16:00:00+00:00,1,2339.675,2353.29026146657,2353.46526146657,,0.42,571.8409815959312,1.8824770638310815,"{'trail_atr_mult': 3.0, 'trail_atr_len': 14, 'tp_converts_to_trail': True, 'rsi': np.float64(59.01082795998083), 'atr': 4.671753822190157, 'exit_reason': 'sl', 'signal_time': Timestamp('2024-06-20 10:00:00+0000', tz='UTC')}"
2024-07-01 20:00:00+00:00,2024-07-02 07:00:00+00:00,1,2331.3050000000003,2330.6549999999997,2322.7255790383083,2347.6088419233834,0.35,-8.750000000019098,-0.029139495674221094,"{'trail_atr_mult': 3.0, 'trail_atr_len': 14, 'tp_converts_to_trail': True, 'rsi': np.float64(55.568409666962424), 'atr': 5.529613974461179, 'exit_reason': 'end_of_data', 'signal_time': Timestamp('2024-07-01 19:00:00+0000', tz='UTC')}"
2024-07-02 14:00:00+00:00,2024-07-02 15:00:00+00:00,1,2334.375,2325.903699395864,2326.078699395864,2350.892601208271,0.36,-304.96682174889975,-1.021093739047129,"{'trail_atr_mult': 3.0, 'trail_atr_len': 14, 'tp_converts_to_trail': True, 'rsi': np.float64(57.97926981292027), 'atr': 5.514200402757078, 'exit_reason': 'sl', 'signal_time': Timestamp('2024-07-02 13:00:00+0000', tz='UTC')}"
2024-07-03 04:00:00+00:00,2024-07-03 09:00:00+00:00,1,2331.9350000000004,2344.856159141691,2345.031159141691,,0.43,555.6098430926968,1.8972187326028396,"{'trail_atr_mult': 3.0, 'trail_atr_len': 14, 'tp_converts_to_trail': True, 'rsi': np.float64(55.4599610592982), 'atr': 4.423719713897038, 'exit_reason': 'sl', 'signal_time': Timestamp('2024-07-03 03:00:00+0000', tz='UTC')}"
2024-07-11 02:00:00+00:00,2024-07-12 06:00:00+00:00,1,2376.065,2407.7556618933304,2407.9306618933306,,0.45,1444.0797851998655,4.87179468502226,"{'trail_atr_mult': 3.0, 'trail_atr_len': 14, 'tp_converts_to_trail': True, 'rsi': np.float64(56.75388290131046), 'atr': 4.254687234458499, 'exit_reason': 'sl', 'signal_time': Timestamp('2024-07-11 01:00:00+0000', tz='UTC')}"
2024-07-12 09:00:00+00:00,2024-07-12 12:00:00+00:00,1,2407.585,2399.2432483123616,2399.418248312362,2423.783503375276,0.37,-308.64481244262106,-1.021428348343819,"{'trail_atr_mult': 3.0, 'trail_atr_len': 14, 'tp_converts_to_trail': True, 'rsi': np.float64(57.68114294027841), 'atr': 5.414501125091999, 'exit_reason': 'sl', 'signal_time': Timestamp('2024-07-12 08:00:00+0000', tz='UTC')}"
2024-07-15 04:00:00+00:00,2024-07-15 07:00:00+00:00,1,2411.815,2404.167837536333,2404.3428375363333,2426.2643249273337,0.4,-305.8864985466789,-1.023420261651311,"{'trail_atr_mult': 3.0, 'trail_atr_len': 14, 'tp_converts_to_trail': True, 'rsi': np.float64(56.32664655627365), 'atr': 4.871441642444481, 'exit_reason': 'sl', 'signal_time': Timestamp('2024-07-15 03:00:00+0000', tz='UTC')}"
2024-07-12 15:00:00+00:00,2024-07-15 07:00:00+00:00,1,2409.125,2403.8395554246185,2404.0145554246187,2427.574719563504,0.32,-130.73422641220677,-0.4326719877034308,"{'trail_atr_mult': 3.0, 'trail_atr_len': 14, 'tp_converts_to_trail': True, 'rsi': np.float64(57.86995402953846), 'atr': 6.198239854501326, 'exit_reason': 'sl', 'signal_time': Timestamp('2024-07-12 14:00:00+0000', tz='UTC')}"
2024-07-15 11:00:00+00:00,2024-07-15 17:00:00+00:00,1,2414.855,2429.6497601824935,2429.8247601824937,,0.39,576.9956471172472,1.9283142918547977,"{'trail_atr_mult': 3.0, 'trail_atr_len': 14, 'tp_converts_to_trail': True, 'rsi': np.float64(58.48898816703485), 'atr': 5.031586727497852, 'exit_reason': 'sl', 'signal_time': Timestamp('2024-07-15 10:00:00+0000', tz='UTC')}"
2024-07-15 09:00:00+00:00,2024-07-15 18:00:00+00:00,1,2412.165,2426.9965561879803,2427.1715561879805,,0.39,578.4306913312344,1.9284857795559691,"{'trail_atr_mult': 3.0, 'trail_atr_len': 14, 'tp_converts_to_trail': True, 'rsi': np.float64(55.669444643392325), 'atr': 5.043852062660177, 'exit_reason': 'sl', 'signal_time': Timestamp('2024-07-15 08:00:00+0000', tz='UTC')}"
2024-07-16 02:00:00+00:00,2024-07-16 11:00:00+00:00,1,2427.425,2442.3149999999996,2443.051177883142,,0.37,550.9299999999785,1.8438283706280478,"{'trail_atr_mult': 3.0, 'trail_atr_len': 14, 'tp_converts_to_trail': True, 'rsi': np.float64(61.003801573251955), 'atr': 5.2670592943806716, 'exit_reason': 'sl_gap', 'signal_time': Timestamp('2024-07-16 01:00:00+0000', tz='UTC')}"
2024-07-18 07:00:00+00:00,2024-07-18 11:00:00+00:00,1,2471.545,2461.7942653891664,2461.9692653891666,2490.2014692216676,0.32,-312.02350754667714,-1.0182753602843375,"{'trail_atr_mult': 3.0, 'trail_atr_len': 14, 'tp_converts_to_trail': True, 'rsi': np.float64(59.20224112154641), 'atr': 6.273823073889107, 'exit_reason': 'sl', 'signal_time': Timestamp('2024-07-18 06:00:00+0000', tz='UTC')}"
2024-07-18 04:00:00+00:00,2024-07-18 14:00:00+00:00,1,2468.0950000000003,2457.972122998576,2458.1471229985764,2487.4357540028473,0.3,-303.68631004272174,-1.0175916931798747,"{'trail_atr_mult': 3.0, 'trail_atr_len': 14, 'tp_converts_to_trail': True, 'rsi': np.float64(56.48679297892796), 'atr': 6.508584667615741, 'exit_reason': 'sl', 'signal_time': Timestamp('2024-07-18 03:00:00+0000', tz='UTC')}"
2024-07-18 15:00:00+00:00,2024-07-18 17:00:00+00:00,1,2468.505,2458.690090513041,2458.865090513041,2487.2298189739186,0.31,-304.26219409573196,-1.0181536974218406,"{'trail_atr_mult': 3.0, 'trail_atr_len': 14, 'tp_converts_to_trail': True, 'rsi': np.float64(55.688076254467845), 'atr': 6.303272991306076, 'exit_reason': 'sl', 'signal_time': Timestamp('2024-07-18 14:00:00+0000', tz='UTC')}"
2024-08-01 12:00:00+00:00,2024-08-01 16:00:00+00:00,1,2440.875,2448.2949999999996,2460.7514168234657,,0.29,215.17999999998892,0.725267469405165,"{'trail_atr_mult': 3.0, 'trail_atr_len': 14, 'tp_converts_to_trail': True, 'rsi': np.float64(57.486652300547874), 'atr': 6.6904722744885765, 'exit_reason': 'sl_gap', 'signal_time': Timestamp('2024-08-01 11:00:00+0000', tz='UTC')}"
2024-08-01 22:00:00+00:00,2024-08-02 14:00:00+00:00,1,2446.415,2469.207593835602,2469.382593835602,,0.26,603.0074397256525,1.9897051352718829,"{'trail_atr_mult': 3.0, 'trail_atr_len': 14, 'tp_converts_to_trail': True, 'rsi': np.float64(57.63863651124782), 'atr': 7.694197945200699, 'exit_reason': 'sl', 'signal_time': Timestamp('2024-08-01 20:00:00+0000', tz='UTC')}"
2024-08-05 05:00:00+00:00,2024-08-05 06:00:00+00:00,1,2452.7250000000004,2434.0127995273106,2434.1877995273107,2489.454400945379,0.16,-299.3952075630368,-1.0094404762066422,"{'trail_atr_mult': 3.0, 'trail_atr_len': 14, 'tp_converts_to_trail': True, 'rsi': np.float64(55.21544121216859), 'atr': 12.281466981792946, 'exit_reason': 'sl', 'signal_time': Timestamp('2024-08-05 04:00:00+0000', tz='UTC')}"
2024-08-16 08:00:00+00:00,2024-08-16 15:00:00+00:00,1,2462.0750000000003,2478.996559747683,2479.171559747683,,0.34,575.3330314212135,1.9075616787178902,"{'trail_atr_mult': 3.0, 'trail_atr_len': 14, 'tp_converts_to_trail': True, 'rsi': np.float64(58.67873363988897), 'atr': 5.770519915894363, 'exit_reason': 'sl', 'signal_time': Timestamp('2024-08-16 07:00:00+0000', tz='UTC')}"
2024-08-19 15:00:00+00:00,2024-08-20 11:00:00+00:00,1,2501.315,2521.515,2523.144778234592,,0.27,556.199999999995,1.840536438119893,"{'trail_atr_mult': 3.0, 'trail_atr_len': 14, 'tp_converts_to_trail': True, 'rsi': np.float64(58.709021418728916), 'atr': 7.338259411530733, 'exit_reason': 'sl_gap', 'signal_time': Timestamp('2024-08-19 14:00:00+0000', tz='UTC')}"
2024-08-20 08:00:00+00:00,2024-08-20 16:00:00+00:00,1,2515.0350000000003,2512.408548974653,2512.5835489746532,2532.497548874958,0.34,-89.29933486180653,-0.2915436548639121,"{'trail_atr_mult': 3.0, 'trail_atr_len': 14, 'tp_converts_to_trail': True, 'rsi': np.float64(68.04965847646942), 'atr': 5.88251629165257, 'exit_reason': 'sl', 'signal_time': Timestamp('2024-08-20 07:00:00+0000', tz='UTC')}"
2024-08-21 02:00:00+00:00,2024-08-21 09:00:00+00:00,1,2516.885,2507.3397838583446,2507.514783858345,2535.13043228331,0.33,-314.9921326746349,-1.0186761967231703,"{'trail_atr_mult': 3.0, 'trail_atr_len': 14, 'tp_converts_to_trail': True, 'rsi': np.float64(56.822637372061266), 'atr': 6.136810761103268, 'exit_reason': 'sl', 'signal_time': Timestamp('2024-08-21 01:00:00+0000', tz='UTC')}"
2024-08-21 19:00:00+00:00,2024-08-22 03:00:00+00:00,1,2516.065,2505.0599587165602,2505.2349587165604,2537.23008256688,0.28,-274.541155936315,-0.9053558547771041,"{'trail_atr_mult': 3.0, 'trail_atr_len': 14, 'tp_converts_to_trail': True, 'rsi': np.float64(56.75112207678003), 'atr': 7.110027522293211, 'exit_reason': 'sl', 'signal_time': Timestamp('2024-08-21 18:00:00+0000', tz='UTC')}"
2024-08-26 15:00:00+00:00,2024-08-27 02:00:00+00:00,1,2517.005,2509.0697024169626,2509.244702416963,2533.2546352414033,0.36,-271.27071298934936,-0.8968117992197904,"{'trail_atr_mult': 3.0, 'trail_atr_len': 14, 'tp_converts_to_trail': True, 'rsi': np.float64(55.314408784234665), 'atr': 5.478211747134356, 'exit_reason': 'sl', 'signal_time': Timestamp('2024-08-26 14:00:00+0000', tz='UTC')}"
2024-08-26 17:00:00+00:00,2024-08-27 02:00:00+00:00,1,2520.235,2511.4836649086806,2511.6586649086807,2536.922670182638,0.35,-292.29672819618463,-0.9737650176206905,"{'trail_atr_mult': 3.0, 'trail_atr_len': 14, 'tp_converts_to_trail': True, 'rsi': np.float64(59.41175928268955), 'atr': 5.614223394212691, 'exit_reason': 'sl', 'signal_time': Timestamp('2024-08-26 16:00:00+0000', tz='UTC')}"
2024-08-26 20:00:00+00:00,2024-08-27 02:00:00+00:00,1,2518.2250000000004,2509.667489724625,2509.842489724625,2534.4350205507494,0.36,-293.67036991351927,-0.973158398545507,"{'trail_atr_mult': 3.0, 'trail_atr_len': 14, 'tp_converts_to_trail': True, 'rsi': np.float64(55.48420496541573), 'atr': 5.465006850249877, 'exit_reason': 'sl', 'signal_time': Timestamp('2024-08-26 19:00:00+0000', tz='UTC')}"
2024-08-27 18:00:00+00:00,2024-08-28 03:00:00+00:00,1,2520.135,2513.2356940959303,2513.4106940959305,2538.8711978824317,0.31,-201.4784830261679,-0.6717213005165036,"{'trail_atr_mult': 3.0, 'trail_atr_len': 14, 'tp_converts_to_trail': True, 'rsi': np.float64(59.87274929808336), 'atr': 6.313732627477256, 'exit_reason': 'sl', 'signal_time': Timestamp('2024-08-27 17:00:00+0000', tz='UTC')}"
2024-08-29 15:00:00+00:00,2024-08-30 04:00:00+00:00,1,2522.2050000000004,2513.2427900342173,2513.4177900342174,2540.9041889234595,0.31,-265.4285089392771,-0.885248794835616,"{'trail_atr_mult': 3.0, 'trail_atr_len': 14, 'tp_converts_to_trail': True, 'rsi': np.float64(58.05291633143668), 'atr': 6.3047296411533, 'exit_reason': 'sl', 'signal_time': Timestamp('2024-08-29 14:00:00+0000', tz='UTC')}"
2024-08-30 09:00:00+00:00,2024-08-30 14:00:00+00:00,1,2522.9950000000003,2514.704285631098,2514.8792856310984,2538.701428737804,0.37,-306.7564316493804,-1.021563104866129,"{'trail_atr_mult': 3.0, 'trail_atr_len': 14, 'tp_converts_to_trail': True, 'rsi': np.float64(59.383685807728284), 'atr': 5.2938095792678315, 'exit_reason': 'sl', 'signal_time': Timestamp('2024-08-30 08:00:00+0000', tz='UTC')}"
2024-09-06 13:00:00+00:00,2024-09-06 14:00:00+00:00,1,2522.3250000000003,2514.1815600311365,2514.3565600311367,2537.796879937727,0.38,-309.4507188168218,-1.021961638750369,"{'trail_atr_mult': 3.0, 'trail_atr_len': 14, 'tp_converts_to_trail': True, 'rsi': np.float64(63.75228965460038), 'atr': 5.208959979242361, 'exit_reason': 'sl', 'signal_time': Timestamp('2024-09-06 12:00:00+0000', tz='UTC')}"
2024-09-10 13:00:00+00:00,2024-09-10 14:00:00+00:00,1,2513.875,2506.4554955995022,2506.6304955995024,2527.8690088009953,0.41,-304.19968042040864,-1.0241562417973218,"{'trail_atr_mult': 3.0, 'trail_atr_len': 14, 'tp_converts_to_trail': True, 'rsi': np.float64(66.05113308192912), 'atr': 4.719669600331822, 'exit_reason': 'sl', 'signal_time': Timestamp('2024-09-10 12:00:00+0000', tz='UTC')}"
2024-09-10 15:00:00+00:00,2024-09-11 08:00:00+00:00,1,2509.145,2524.6104718743272,2524.7854718743274,,0.37,587.0224593501082,1.9665333617630223,"{'trail_atr_mult': 3.0, 'trail_atr_len': 14, 'tp_converts_to_trail': True, 'rsi': np.float64(56.668767049991956), 'atr': 5.268490624775825, 'exit_reason': 'sl', 'signal_time': Timestamp('2024-09-10 14:00:00+0000', tz='UTC')}"
2024-09-12 12:00:00+00:00,2024-09-12 14:00:00+00:00,1,2519.585,2528.2549999999997,2533.2923546679635,,0.42,364.1399999999839,1.2157880240454984,"{'trail_atr_mult': 3.0, 'trail_atr_len': 14, 'tp_converts_to_trail': True, 'rsi': np.float64(56.344174192989286), 'atr': 4.630784889321141, 'exit_reason': 'sl_gap', 'signal_time': Timestamp('2024-09-12 11:00:00+0000', tz='UTC')}"
2024-09-17 00:00:00+00:00,2024-09-17 04:00:00+00:00,1,2583.7850000000003,2576.5721328128016,2576.7471328128017,2597.3057343743967,0.43,-310.1532890495464,-1.02486548770322,"{'trail_atr_mult': 3.0, 'trail_atr_len': 14, 'tp_converts_to_trail': True, 'rsi': np.float64(55.49205773556801), 'atr': 4.5685781247988615, 'exit_reason': 'sl', 'signal_time': Timestamp('2024-09-16 23:00:00+0000', tz='UTC')}"
2024-09-16 17:00:00+00:00,2024-09-17 05:00:00+00:00,1,2583.715,2574.7819561486217,2574.956956148622,2600.8560877027567,0.34,-290.12349094686704,-0.974309331647796,"{'trail_atr_mult': 3.0, 'trail_atr_len': 14, 'tp_converts_to_trail': True, 'rsi': np.float64(55.57493215303985), 'atr': 5.755362567585463, 'exit_reason': 'sl', 'signal_time': Timestamp('2024-09-16 16:00:00+0000', tz='UTC')}"
2024-09-16 12:00:00+00:00,2024-09-17 05:00:00+00:00,1,2583.0750000000003,2575.466943320035,2575.6419433200354,2598.826349251528,0.37,-266.6980971587088,-0.8857092666881073,"{'trail_atr_mult': 3.0, 'trail_atr_len': 14, 'tp_converts_to_trail': True, 'rsi': np.float64(57.457548262677996), 'atr': 5.308783083842624, 'exit_reason': 'sl', 'signal_time': Timestamp('2024-09-16 11:00:00+0000', tz='UTC')}"
2024-09-17 07:00:00+00:00,2024-09-17 10:00:00+00:00,1,2584.405,2576.8449365509214,2577.0199365509216,2598.650126898157,0.4,-302.402537963153,-1.0236964788734502,"{'trail_atr_mult': 3.0, 'trail_atr_len': 14, 'tp_converts_to_trail': True, 'rsi': np.float64(56.13795428182843), 'atr': 4.8067089660522715, 'exit_reason': 'sl', 'signal_time': Timestamp('2024-09-17 06:00:00+0000', tz='UTC')}"
2024-09-19 15:00:00+00:00,2024-09-20 09:00:00+00:00,1,2581.315,2606.865,2608.449017561908,,0.21,544.9499999999942,1.876422395836473,"{'trail_atr_mult': 3.0, 'trail_atr_len': 14, 'tp_converts_to_trail': True, 'rsi': np.float64(55.35629337179238), 'atr': 9.103005853969332, 'exit_reason': 'sl_gap', 'signal_time': Timestamp('2024-09-19 14:00:00+0000', tz='UTC')}"
2024-09-23 10:00:00+00:00,2024-09-24 07:00:00+00:00,1,2621.675,2625.1549999999997,2639.4366435439324,,0.33,128.03999999998558,0.42435343486387234,"{'trail_atr_mult': 3.0, 'trail_atr_len': 14, 'tp_converts_to_trail': True, 'rsi': np.float64(56.50553869043414), 'atr': 5.978881181310839, 'exit_reason': 'sl_gap', 'signal_time': Timestamp('2024-09-23 09:00:00+0000', tz='UTC')}"
2024-09-24 13:00:00+00:00,2024-09-24 18:00:00+00:00,1,2633.235,2650.786330654259,2650.961330654259,,0.32,561.6425809362845,1.9045104212486546,"{'trail_atr_mult': 3.0, 'trail_atr_len': 14, 'tp_converts_to_trail': True, 'rsi': np.float64(56.58855860181155), 'atr': 5.987110218086441, 'exit_reason': 'sl', 'signal_time': Timestamp('2024-09-24 12:00:00+0000', tz='UTC')}"
2024-09-25 18:00:00+00:00,2024-09-26 13:00:00+00:00,1,2660.665,2680.6590763777613,2680.8340763777614,,0.29,614.6282149550777,2.0542791438539156,"{'trail_atr_mult': 3.0, 'trail_atr_len': 14, 'tp_converts_to_trail': True, 'rsi': np.float64(57.244100381304186), 'atr': 6.774692125920346, 'exit_reason': 'sl', 'signal_time': Timestamp('2024-09-25 17:00:00+0000', tz='UTC')}"
2024-09-27 04:00:00+00:00,2024-09-27 06:00:00+00:00,1,2673.735,2664.143744697618,2664.318744697618,2692.0125106047644,0.32,-306.92016967623204,-1.0185848826715553,"{'trail_atr_mult': 3.0, 'trail_atr_len': 14, 'tp_converts_to_trail': True, 'rsi': np.float64(56.943270676831794), 'atr': 6.1541702015880855, 'exit_reason': 'sl', 'signal_time': Timestamp('2024-09-27 03:00:00+0000', tz='UTC')}"
2024-09-26 16:00:00+00:00,2024-09-27 10:00:00+00:00,1,2671.485,2659.4812401527197,2659.65624015272,2695.913508083345,0.24,-278.4902363347304,-0.9300303435111282,"{'trail_atr_mult': 3.0, 'trail_atr_len': 14, 'tp_converts_to_trail': True, 'rsi': np.float64(56.73397002756001), 'atr': 8.20116936111494, 'exit_reason': 'sl', 'signal_time': Timestamp('2024-09-26 15:00:00+0000', tz='UTC')}"
2024-09-26 18:00:00+00:00,2024-09-27 10:00:00+00:00,1,2671.0750000000003,2659.4812401527197,2659.65624015272,2694.938330949415,0.24,-268.6502363347339,-0.9134657003273292,"{'trail_atr_mult': 3.0, 'trail_atr_len': 14, 'tp_converts_to_trail': True, 'rsi': np.float64(55.87738334983737), 'atr': 8.026110316471613, 'exit_reason': 'sl', 'signal_time': Timestamp('2024-09-26 17:00:00+0000', tz='UTC')}"
2024-10-02 02:00:00+00:00,2024-10-02 06:00:00+00:00,1,2660.665,2650.50533805925,2650.68033805925,2680.1393238815,0.3,-304.7898582225025,-1.01752688283676,"{'trail_atr_mult': 3.0, 'trail_atr_len': 14, 'tp_converts_to_trail': True, 'rsi': np.float64(57.247520006721324), 'atr': 6.546441293833269, 'exit_reason': 'sl', 'signal_time': Timestamp('2024-10-02 01:00:00+0000', tz='UTC')}"
2024-10-02 14:00:00+00:00,2024-10-02 15:00:00+00:00,1,2659.635,2649.351486098448,2649.526486098448,2679.267027803104,0.29,-298.22190314501944,-1.017312139222889,"{'trail_atr_mult': 3.0, 'trail_atr_len': 14, 'tp_converts_to_trail': True, 'rsi': np.float64(57.13128284756631), 'atr': 6.6090092677014, 'exit_reason': 'sl', 'signal_time': Timestamp('2024-10-02 13:00:00+0000', tz='UTC')}"
2024-10-02 20:00:00+00:00,2024-10-03 08:00:00+00:00,1,2658.645,2648.082829492197,2648.2578294921973,2678.894341015605,0.29,-271.5029447262834,-0.9013205762599301,"{'trail_atr_mult': 3.0, 'trail_atr_len': 14, 'tp_converts_to_trail': True, 'rsi': np.float64(56.2068620770171), 'atr': 6.808113671868403, 'exit_reason': 'sl', 'signal_time': Timestamp('2024-10-02 19:00:00+0000', tz='UTC')}"
2024-10-14 03:00:00+00:00,2024-10-14 13:00:00+00:00,1,2655.3450000000003,2649.297973194933,2649.4729731949333,2673.525637813739,0.32,-193.5048577621492,-0.648626436432375,"{'trail_atr_mult': 3.0, 'trail_atr_len': 14, 'tp_converts_to_trail': True, 'rsi': np.float64(61.35483970630213), 'atr': 6.111879271246328, 'exit_reason': 'sl', 'signal_time': Timestamp('2024-10-14 02:00:00+0000', tz='UTC')}"
2024-10-15 15:00:00+00:00,2024-10-16 10:00:00+00:00,1,2659.9550000000004,2679.560172922116,2679.7351729221164,,0.29,580.1500147413582,1.9445934182756726,"{'trail_atr_mult': 3.0, 'trail_atr_len': 14, 'tp_converts_to_trail': True, 'rsi': np.float64(62.05391188938747), 'atr': 6.681724307372038, 'exit_reason': 'sl', 'signal_time': Timestamp('2024-10-15 14:00:00+0000', tz='UTC')}"
2024-10-16 17:00:00+00:00,2024-10-17 16:00:00+00:00,1,2674.465,2694.2671960022076,2694.4421960022078,,0.29,609.0636840640157,2.016320890988244,"{'trail_atr_mult': 3.0, 'trail_atr_len': 14, 'tp_converts_to_trail': True, 'rsi': np.float64(56.66569443407551), 'atr': 6.754065334069314, 'exit_reason': 'sl', 'signal_time': Timestamp('2024-10-16 16:00:00+0000', tz='UTC')}"
2024-10-17 14:00:00+00:00,2024-10-18 04:00:00+00:00,1,2689.145,2707.5334105069364,2707.7084105069366,,0.3,563.6523152080936,1.9114882660841201,"{'trail_atr_mult': 3.0, 'trail_atr_len': 14, 'tp_converts_to_trail': True, 'rsi': np.float64(62.562935509103504), 'atr': 6.309470168978765, 'exit_reason': 'sl', 'signal_time': Timestamp('2024-10-17 13:00:00+0000', tz='UTC')}"
2024-10-22 02:00:00+00:00,2024-10-22 18:00:00+00:00,1,2728.175,2745.2268972547076,2745.401897254708,,0.35,596.8164039147609,1.957524717935027,"{'trail_atr_mult': 3.0, 'trail_atr_len': 14, 'tp_converts_to_trail': True, 'rsi': np.float64(56.39313776598625), 'atr': 5.763965751569191, 'exit_reason': 'sl', 'signal_time': Timestamp('2024-10-22 01:00:00+0000', tz='UTC')}"
2024-10-22 13:00:00+00:00,2024-10-23 09:00:00+00:00,1,2736.395,2754.6322674898315,2754.8072674898317,,0.32,596.3925596746092,1.971439553584855,"{'trail_atr_mult': 3.0, 'trail_atr_len': 14, 'tp_converts_to_trail': True, 'rsi': np.float64(57.78422648070839), 'atr': 6.192422496610577, 'exit_reason': 'sl', 'signal_time': Timestamp('2024-10-22 12:00:00+0000', tz='UTC')}"
2024-10-23 04:00:00+00:00,2024-10-23 13:00:00+00:00,1,2746.3650000000002,2742.589616484997,2742.764616484997,2762.802713373173,0.35,-132.13842302511694,-0.43892884024807327,"{'trail_atr_mult': 3.0, 'trail_atr_len': 14, 'tp_converts_to_trail': True, 'rsi': np.float64(58.724099493906316), 'atr': 5.564237791057561, 'exit_reason': 'sl', 'signal_time': Timestamp('2024-10-23 03:00:00+0000', tz='UTC')}"
2024-10-24 20:00:00+00:00,2024-10-25 03:00:00+00:00,1,2737.2650000000003,2727.3914242229107,2727.566424222911,2755.1771515541777,0.31,-293.68084908977846,-0.9768007174278799,"{'trail_atr_mult': 3.0, 'trail_atr_len': 14, 'tp_converts_to_trail': True, 'rsi': np.float64(56.58630382176331), 'atr': 6.135717184725916, 'exit_reason': 'sl', 'signal_time': Timestamp('2024-10-24 19:00:00+0000', tz='UTC')}"
2024-10-28 06:00:00+00:00,2024-10-28 09:00:00+00:00,1,2740.895,2730.8759828258244,2731.0509828258246,2759.6380343483506,0.31,-310.5895323994432,-1.0177772952752737,"{'trail_atr_mult': 3.0, 'trail_atr_len': 14, 'tp_converts_to_trail': True, 'rsi': np.float64(56.80706359154829), 'atr': 6.352678116116873, 'exit_reason': 'sl', 'signal_time': Timestamp('2024-10-28 05:00:00+0000', tz='UTC')}"
2024-10-28 13:00:00+00:00,2024-10-29 14:00:00+00:00,1,2741.0150000000003,2759.595,2760.3474784350587,,0.31,588.3799999999836,1.9379727781629015,"{'trail_atr_mult': 3.0, 'trail_atr_len': 14, 'tp_converts_to_trail': True, 'rsi': np.float64(57.33539602895594), 'atr': 6.472492811686283, 'exit_reason': 'sl_gap', 'signal_time': Timestamp('2024-10-28 12:00:00+0000', tz='UTC')}"
2024-10-29 13:00:00+00:00,2024-10-30 01:00:00+00:00,1,2759.945,2777.955,2779.118790092086,,0.31,570.7099999999926,1.9098708904514203,"{'trail_atr_mult': 3.0, 'trail_atr_len': 14, 'tp_converts_to_trail': True, 'rsi': np.float64(64.36169894822542), 'atr': 6.402930030695304, 'exit_reason': 'sl_gap', 'signal_time': Timestamp('2024-10-29 12:00:00+0000', tz='UTC')}"
2024-10-30 14:00:00+00:00,2024-10-31 10:00:00+00:00,1,2780.295,2774.4758995916454,2774.6508995916456,2800.1314548096684,0.3,-138.5730122506393,-0.45707747926637693,"{'trail_atr_mult': 3.0, 'trail_atr_len': 14, 'tp_converts_to_trail': True, 'rsi': np.float64(57.99323348343508), 'atr': 6.653818269889386, 'exit_reason': 'sl', 'signal_time': Timestamp('2024-10-30 13:00:00+0000', tz='UTC')}"
2024-11-29 15:00:00+00:00,2024-11-29 19:00:00+00:00,1,2659.0950000000003,2648.6163913264736,2648.791391326474,2679.0272173470526,0.3,-314.3582602057995,-1.0169843406853967,"{'trail_atr_mult': 3.0, 'trail_atr_len': 14, 'tp_converts_to_trail': True, 'rsi': np.float64(56.968765885250654), 'atr': 6.719072449017528, 'exit_reason': 'sl', 'signal_time': Timestamp('2024-11-29 14:00:00+0000', tz='UTC')}"
2024-12-05 05:00:00+00:00,2024-12-05 08:00:00+00:00,1,2653.215,2644.3192959459107,2644.494295945911,2670.431408108178,0.35,-311.34964189313223,-1.0200671871118159,"{'trail_atr_mult': 3.0, 'trail_atr_len': 14, 'tp_converts_to_trail': True, 'rsi': np.float64(57.35847764027673), 'atr': 5.763802702726094, 'exit_reason': 'sl', 'signal_time': Timestamp('2024-12-05 04:00:00+0000', tz='UTC')}"
2024-12-04 14:00:00+00:00,2024-12-05 14:00:00+00:00,1,2651.175,2640.489637421962,2640.664637421962,2668.8439110547156,0.24,-227.64870187291598,-0.7660633699644744,"{'trail_atr_mult': 3.0, 'trail_atr_len': 14, 'tp_converts_to_trail': True, 'rsi': np.float64(55.16370324753764), 'atr': 6.677970351571931, 'exit_reason': 'sl', 'signal_time': Timestamp('2024-12-04 13:00:00+0000', tz='UTC')}"
2024-12-04 17:00:00+00:00,2024-12-05 14:00:00+00:00,1,2651.565,2641.0059397618056,2641.180939761806,2671.7781204763887,0.29,-271.41274690763856,-0.9012910194579089,"{'trail_atr_mult': 3.0, 'trail_atr_len': 14, 'tp_converts_to_trail': True, 'rsi': np.float64(56.00650924800153), 'atr': 6.799373492129531, 'exit_reason': 'sl', 'signal_time': Timestamp('2024-12-04 16:00:00+0000', tz='UTC')}"
2024-12-04 19:00:00+00:00,2024-12-05 14:00:00+00:00,1,2651.755,2641.3447898966588,2641.519789896659,2671.8804202066817,0.3,-276.30630310024026,-0.8998554998235728,"{'trail_atr_mult': 3.0, 'trail_atr_len': 14, 'tp_converts_to_trail': True, 'rsi': np.float64(55.85406941946906), 'atr': 6.746806735560666, 'exit_reason': 'sl', 'signal_time': Timestamp('2024-12-04 18:00:00+0000', tz='UTC')}"
2024-12-09 22:00:00+00:00,2024-12-10 14:00:00+00:00,1,2661.025,2679.870477719134,2680.0454777191344,,0.28,538.8733761357555,1.7856693291514725,"{'trail_atr_mult': 3.0, 'trail_atr_len': 14, 'tp_converts_to_trail': True, 'rsi': np.float64(56.69665737271529), 'atr': 6.6218259063782074, 'exit_reason': 'sl', 'signal_time': Timestamp('2024-12-09 20:00:00+0000', tz='UTC')}"
2024-12-10 09:00:00+00:00,2024-12-11 04:00:00+00:00,1,2665.215,2685.6737160421844,2685.8487160421846,,0.33,688.3376293920812,2.3028156036081935,"{'trail_atr_mult': 3.0, 'trail_atr_len': 14, 'tp_converts_to_trail': True, 'rsi': np.float64(55.664729352723846), 'atr': 5.888612328751126, 'exit_reason': 'sl', 'signal_time': Timestamp('2024-12-10 08:00:00+0000', tz='UTC')}"
2024-12-11 08:00:00+00:00,2024-12-11 16:00:00+00:00,1,2690.885,2712.915,2714.622299702019,,0.25,550.7499999999936,1.8364225416996052,"{'trail_atr_mult': 3.0, 'trail_atr_len': 14, 'tp_converts_to_trail': True, 'rsi': np.float64(55.59145636197099), 'atr': 7.9407665673395575, 'exit_reason': 'sl_gap', 'signal_time': Timestamp('2024-12-11 07:00:00+0000', tz='UTC')}"
2024-12-11 06:00:00+00:00,2024-12-11 18:00:00+00:00,1,2695.065,2717.7549999999997,2718.8202410745307,,0.26,589.9399999999896,1.9636316148174393,"{'trail_atr_mult': 3.0, 'trail_atr_len': 14, 'tp_converts_to_trail': True, 'rsi': np.float64(61.15859901047471), 'atr': 7.846747024843475, 'exit_reason': 'sl_gap', 'signal_time': Timestamp('2024-12-11 05:00:00+0000', tz='UTC')}"
2024-12-12 03:00:00+00:00,2024-12-12 13:00:00+00:00,1,2710.4350000000004,2699.0611272221768,2699.236127222177,2734.4068313355015,0.25,-284.3468194455909,-0.9274636924958435,"{'trail_atr_mult': 3.0, 'trail_atr_len': 14, 'tp_converts_to_trail': True, 'rsi': np.float64(55.186332790223496), 'atr': 8.052277111833806, 'exit_reason': 'sl', 'signal_time': Timestamp('2024-12-12 02:00:00+0000', tz='UTC')}"
2025-01-03 10:00:00+00:00,2025-01-03 13:00:00+00:00,1,2657.795,2646.64334519177,2646.8183451917703,2673.872482212344,0.27,-301.09467982220946,-1.0159429264249957,"{'trail_atr_mult': 3.0, 'trail_atr_len': 14, 'tp_converts_to_trail': True, 'rsi': np.float64(60.50991494630806), 'atr': 5.41082740411478, 'exit_reason': 'sl', 'signal_time': Timestamp('2025-01-03 09:00:00+0000', tz='UTC')}"
2025-01-07 11:00:00+00:00,2025-01-07 15:00:00+00:00,1,2648.675,2645.512217267836,2645.6872172678363,2665.306245062154,0.26,-82.23235103626484,-0.2763262009582629,"{'trail_atr_mult': 3.0, 'trail_atr_len': 14, 'tp_converts_to_trail': True, 'rsi': np.float64(61.15540185407841), 'atr': 5.6154150207180695, 'exit_reason': 'sl', 'signal_time': Timestamp('2025-01-07 10:00:00+0000', tz='UTC')}"
2025-01-09 18:00:00+00:00,2025-01-10 13:00:00+00:00,1,2671.605,2669.704226853815,2669.879226853815,2689.3224466526895,0.24,-36.01855550844484,-0.12247912150215161,"{'trail_atr_mult': 3.0, 'trail_atr_len': 14, 'tp_converts_to_trail': True, 'rsi': np.float64(60.42314481784076), 'atr': 5.994148884229833, 'exit_reason': 'sl', 'signal_time': Timestamp('2025-01-09 17:00:00+0000', tz='UTC')}"
2025-01-10 20:00:00+00:00,2025-01-13 11:00:00+00:00,1,2690.0550000000003,2676.554226762775,2676.7292267627754,2711.5061598558364,0.22,-270.6170112189517,-0.9230813865917716,"{'trail_atr_mult': 3.0, 'trail_atr_len': 14, 'tp_converts_to_trail': True, 'rsi': np.float64(62.95685775871738), 'atr': 6.955386618612156, 'exit_reason': 'sl', 'signal_time': Timestamp('2025-01-10 19:00:00+0000', tz='UTC')}"
2025-01-15 17:00:00+00:00,2025-01-17 01:00:00+00:00,1,2692.8450000000003,2711.7580982453715,2711.9330982453716,,0.22,451.28816139816644,1.5698320522089908,"{'trail_atr_mult': 3.0, 'trail_atr_len': 14, 'tp_converts_to_trail': True, 'rsi': np.float64(61.91135558713385), 'atr': 6.43103274845719, 'exit_reason': 'sl', 'signal_time': Timestamp('2025-01-15 16:00:00+0000', tz='UTC')}"
2025-01-21 01:00:00+00:00,2025-01-21 16:00:00+00:00,1,2718.255,2738.623224080194,2738.7982240801944,,0.21,427.7327056840754,1.4544766942406095,"{'trail_atr_mult': 3.0, 'trail_atr_len': 14, 'tp_converts_to_trail': True, 'rsi': np.float64(60.72691455585197), 'atr': 6.909408026731446, 'exit_reason': 'sl', 'signal_time': Timestamp('2025-01-21 00:00:00+0000', tz='UTC')}"
2025-01-21 12:00:00+00:00,2025-01-22 01:00:00+00:00,1,2726.7250000000004,2746.8203953187817,2746.995395318782,,0.22,450.89869701318986,1.5232251117887075,"{'trail_atr_mult': 3.0, 'trail_atr_len': 14, 'tp_converts_to_trail': True, 'rsi': np.float64(60.739337837289156), 'atr': 6.74513177292727, 'exit_reason': 'sl', 'signal_time': Timestamp('2025-01-21 11:00:00+0000', tz='UTC')}"
2025-01-22 07:00:00+00:00,2025-01-23 09:00:00+00:00,1,2748.505,2749.9078822164747,2750.082882216475,2767.3113940967537,0.23,59.866290978916005,0.20609930063855486,"{'trail_atr_mult': 3.0, 'trail_atr_len': 14, 'tp_converts_to_trail': True, 'rsi': np.float64(61.13941000710018), 'atr': 6.28713136558464, 'exit_reason': 'sl', 'signal_time': Timestamp('2025-01-22 06:00:00+0000', tz='UTC')}"
2025-01-22 15:00:00+00:00,2025-01-23 09:00:00+00:00,1,2759.625,2746.6578822164747,2746.832882216475,2780.357169762553,0.21,-247.10947345403093,-0.8288776896802001,"{'trail_atr_mult': 3.0, 'trail_atr_len': 14, 'tp_converts_to_trail': True, 'rsi': np.float64(64.31450799415089), 'atr': 6.985723254184338, 'exit_reason': 'sl', 'signal_time': Timestamp('2025-01-22 14:00:00+0000', tz='UTC')}"
2025-01-31 10:00:00+00:00,2025-01-31 15:00:00+00:00,1,2794.4550000000004,2809.2536957581174,2809.4286957581176,,0.29,429.16217698539276,1.4380514464194416,"{'trail_atr_mult': 3.0, 'trail_atr_len': 14, 'tp_converts_to_trail': True, 'rsi': np.float64(60.657910075966214), 'atr': 5.052898586039208, 'exit_reason': 'sl', 'signal_time': Timestamp('2025-01-31 09:00:00+0000', tz='UTC')}"
2025-02-04 01:00:00+00:00,2025-02-04 07:00:00+00:00,1,2823.415,2807.664886844623,2807.8398868446234,2846.615169733065,0.19,-299.25214995215856,-1.0112358734254057,"{'trail_atr_mult': 3.0, 'trail_atr_len': 14, 'tp_converts_to_trail': True, 'rsi': np.float64(64.15735504558975), 'atr': 7.755056577688358, 'exit_reason': 'sl', 'signal_time': Timestamp('2025-02-04 00:00:00+0000', tz='UTC')}"
2025-02-03 12:00:00+00:00,2025-02-04 07:00:00+00:00,1,2810.8450000000003,2808.7073122885945,2808.8823122885947,2834.0760492829377,0.18,-31.278378805303692,-0.10795975092819819,"{'trail_atr_mult': 3.0, 'trail_atr_len': 14, 'tp_converts_to_trail': True, 'rsi': np.float64(66.26775347013833), 'atr': 7.8653497609791545, 'exit_reason': 'sl', 'signal_time': Timestamp('2025-02-03 11:00:00+0000', tz='UTC')}"
2025-02-04 13:00:00+00:00,2025-02-05 05:00:00+00:00,1,2832.0350000000003,2854.816222778628,2854.991222778628,,0.18,417.2620100152964,1.4598530110582209,"{'trail_atr_mult': 3.0, 'trail_atr_len': 14, 'tp_converts_to_trail': True, 'rsi': np.float64(66.58371620384864), 'atr': 7.7670742595426, 'exit_reason': 'sl', 'signal_time': Timestamp('2025-02-04 12:00:00+0000', tz='UTC')}"
2025-02-05 23:00:00+00:00,2025-02-06 08:00:00+00:00,1,2869.425,2852.875728509871,2853.050728509871,2893.4989072351937,0.18,-276.2868868223271,-0.9374017952116087,"{'trail_atr_mult': 3.0, 'trail_atr_len': 14, 'tp_converts_to_trail': True, 'rsi': np.float64(60.19643979642086), 'atr': 8.08963574506453, 'exit_reason': 'sl', 'signal_time': Timestamp('2025-02-05 22:00:00+0000', tz='UTC')}"
2025-02-07 14:00:00+00:00,2025-02-07 16:00:00+00:00,1,2874.275,2862.2751534108597,2862.45015341086,2899.057527095996,0.22,-263.99662496108795,-0.8836399578107712,"{'trail_atr_mult': 3.0, 'trail_atr_len': 14, 'tp_converts_to_trail': True, 'rsi': np.float64(64.08828238044971), 'atr': 7.672509031998778, 'exit_reason': 'sl', 'signal_time': Timestamp('2025-02-07 13:00:00+0000', tz='UTC')}"
2025-02-10 03:00:00+00:00,2025-02-10 09:00:00+00:00,1,2875.7850000000003,2896.615,2898.406360652239,,0.19,395.76999999999,1.3404773603551574,"{'trail_atr_mult': 3.0, 'trail_atr_len': 14, 'tp_converts_to_trail': True, 'rsi': np.float64(61.379081436704396), 'atr': 7.632120217412939, 'exit_reason': 'sl_gap', 'signal_time': Timestamp('2025-02-10 02:00:00+0000', tz='UTC')}"
2025-02-12 23:00:00+00:00,2025-02-14 00:00:00+00:00,1,2905.965,2930.179758295212,2930.3547582952124,,0.18,464.6656493138169,1.5580933121992413,"{'trail_atr_mult': 3.0, 'trail_atr_len': 14, 'tp_converts_to_trail': True, 'rsi': np.float64(60.75885603904206), 'atr': 8.19158609840407, 'exit_reason': 'sl', 'signal_time': Timestamp('2025-02-12 22:00:00+0000', tz='UTC')}"
2025-02-20 05:00:00+00:00,2025-02-20 13:00:00+00:00,1,2946.985,2935.6394574964256,2935.814457496426,2966.81211255929,0.22,-249.60193507863914,-0.8398045462537065,"{'trail_atr_mult': 3.0, 'trail_atr_len': 14, 'tp_converts_to_trail': True, 'rsi': np.float64(62.447667455501275), 'atr': 6.667370853096696, 'exit_reason': 'sl', 'signal_time': Timestamp('2025-02-20 04:00:00+0000', tz='UTC')}"
2025-02-24 13:00:00+00:00,2025-02-24 14:00:00+00:00,1,2954.565,2938.184247772707,2938.359247772707,2978.46112834094,0.18,-294.85354009127786,-1.010798634802367,"{'trail_atr_mult': 3.0, 'trail_atr_len': 14, 'tp_converts_to_trail': True, 'rsi': np.float64(63.35533928127384), 'atr': 8.020376113646561, 'exit_reason': 'sl', 'signal_time': Timestamp('2025-02-24 12:00:00+0000', tz='UTC')}"
2025-02-24 08:00:00+00:00,2025-02-25 04:00:00+00:00,1,2946.405,2935.3299723294435,2935.5049723294437,2970.5435298237176,0.18,-192.15049807001998,-0.6609643273103711,"{'trail_atr_mult': 3.0, 'trail_atr_len': 14, 'tp_converts_to_trail': True, 'rsi': np.float64(60.06379616419755), 'atr': 8.057843274572598, 'exit_reason': 'sl', 'signal_time': Timestamp('2025-02-24 07:00:00+0000', tz='UTC')}"
2025-03-07 14:00:00+00:00,2025-03-07 15:00:00+00:00,1,2926.695,2909.1690281706337,2909.344028170634,2952.6839577440483,0.17,-297.9415210992293,-1.0100858903882257,"{'trail_atr_mult': 3.0, 'trail_atr_len': 14, 'tp_converts_to_trail': True, 'rsi': np.float64(62.35457062748088), 'atr': 8.667985914682852, 'exit_reason': 'sl', 'signal_time': Timestamp('2025-03-07 13:00:00+0000', tz='UTC')}"
2025-03-14 16:00:00+00:00,2025-03-18 04:00:00+00:00,1,2989.8450000000003,3011.1549999999997,3013.9159626029486,,0.18,412.37999999999084,1.413705200584364,"{'trail_atr_mult': 3.0, 'trail_atr_len': 14, 'tp_converts_to_trail': True, 'rsi': np.float64(60.38617307982071), 'atr': 8.05532086764949, 'exit_reason': 'sl_gap', 'signal_time': Timestamp('2025-03-14 15:00:00+0000', tz='UTC')}"
2025-03-17 14:00:00+00:00,2025-03-18 09:00:00+00:00,1,2998.795,3019.3655151302682,3019.5405151302684,,0.21,440.3808177356317,1.4991064201267157,"{'trail_atr_mult': 3.0, 'trail_atr_len': 14, 'tp_converts_to_trail': True, 'rsi': np.float64(60.14265729575725), 'atr': 6.946838376756263, 'exit_reason': 'sl', 'signal_time': Timestamp('2025-03-17 13:00:00+0000', tz='UTC')}"
2025-03-19 18:00:00+00:00,2025-03-20 10:00:00+00:00,1,3047.335,3036.812805627766,3036.987805627766,3069.7357678208623,0.19,-177.12169307244648,-0.5859755530265786,"{'trail_atr_mult': 3.0, 'trail_atr_len': 14, 'tp_converts_to_trail': True, 'rsi': np.float64(62.74840621341326), 'atr': 7.6619226069540565, 'exit_reason': 'sl', 'signal_time': Timestamp('2025-03-19 17:00:00+0000', tz='UTC')}"
2025-03-20 03:00:00+00:00,2025-03-20 10:00:00+00:00,1,3050.235,3036.812805627766,3036.987805627766,3070.228518011534,0.22,-295.28827618915057,-0.9842233980728566,"{'trail_atr_mult': 3.0, 'trail_atr_len': 14, 'tp_converts_to_trail': True, 'rsi': np.float64(60.803621841135), 'atr': 6.726172670511272, 'exit_reason': 'sl', 'signal_time': Timestamp('2025-03-20 02:00:00+0000', tz='UTC')}"
2025-03-27 17:00:00+00:00,2025-03-28 03:00:00+00:00,1,3052.965,3071.5649999999996,3076.9001778674115,,0.18,341.99999999999017,1.1790170768966002,"{'trail_atr_mult': 3.0, 'trail_atr_len': 14, 'tp_converts_to_trail': True, 'rsi': np.float64(62.10555742463442), 'atr': 8.010059289137157, 'exit_reason': 'sl_gap', 'signal_time': Timestamp('2025-03-27 16:00:00+0000', tz='UTC')}"
2025-03-27 14:00:00+00:00,2025-03-28 07:00:00+00:00,1,3058.3450000000003,3082.62540421856,3082.8004042185603,,0.17,419.56687171551755,1.4120353030213229,"{'trail_atr_mult': 3.0, 'trail_atr_len': 14, 'tp_converts_to_trail': True, 'rsi': np.float64(68.3604862356218), 'atr': 8.386801406186747, 'exit_reason': 'sl', 'signal_time': Timestamp('2025-03-27 13:00:00+0000', tz='UTC')}"
2025-03-30 22:00:00+00:00,2025-03-31 05:00:00+00:00,1,3086.7650000000003,3106.725,3109.2680922421637,,0.15,305.3999999999937,1.0561775717485145,"{'trail_atr_mult': 3.0, 'trail_atr_len': 14, 'tp_converts_to_trail': True, 'rsi': np.float64(61.596808736090566), 'atr': 8.356030747387928, 'exit_reason': 'sl_gap', 'signal_time': Timestamp('2025-03-28 19:00:00+0000', tz='UTC')}"
2025-03-28 15:00:00+00:00,2025-03-31 06:00:00+00:00,1,3083.7250000000004,3111.9372998064855,3112.1122998064857,,0.16,470.59679690376214,1.5603452548444652,"{'trail_atr_mult': 3.0, 'trail_atr_len': 14, 'tp_converts_to_trail': True, 'rsi': np.float64(63.021182298516365), 'atr': 9.447433268828515, 'exit_reason': 'sl', 'signal_time': Timestamp('2025-03-28 14:00:00+0000', tz='UTC')}"
2025-03-31 02:00:00+00:00,2025-03-31 08:00:00+00:00,1,3094.605,3119.1549999999997,3122.6939143202953,,0.16,392.79999999999563,1.3293545078317528,"{'trail_atr_mult': 3.0, 'trail_atr_len': 14, 'tp_converts_to_trail': True, 'rsi': np.float64(63.67925504328893), 'atr': 9.311304773431745, 'exit_reason': 'sl_gap', 'signal_time': Timestamp('2025-03-31 01:00:00+0000', tz='UTC')}"
2025-03-31 15:00:00+00:00,2025-04-01 16:00:00+00:00,1,3123.5950000000003,3122.5916950997416,3122.766695099742,3155.1747150357787,0.14,-8.446268603620776,-0.02768112681864886,"{'trail_atr_mult': 3.0, 'trail_atr_len': 14, 'tp_converts_to_trail': True, 'rsi': np.float64(64.80601888098022), 'atr': 10.674905011926242, 'exit_reason': 'sl', 'signal_time': Timestamp('2025-03-31 14:00:00+0000', tz='UTC')}"
2025-03-31 19:00:00+00:00,2025-04-01 16:00:00+00:00,1,3121.6150000000002,3122.5916950997416,3122.766695099742,3151.544019058124,0.15,20.650426496120872,0.06811608699708878,"{'trail_atr_mult': 3.0, 'trail_atr_len': 14, 'tp_converts_to_trail': True, 'rsi': np.float64(61.56490059966745), 'atr': 10.028006352708038, 'exit_reason': 'sl', 'signal_time': Timestamp('2025-03-31 18:00:00+0000', tz='UTC')}"
2025-04-01 01:00:00+00:00,2025-04-01 16:00:00+00:00,1,3127.3250000000003,3122.5916950997416,3122.766695099742,3152.5613798903514,0.18,-85.19948820465561,-0.2792633296337438,"{'trail_atr_mult': 3.0, 'trail_atr_len': 14, 'tp_converts_to_trail': True, 'rsi': np.float64(63.65739449061037), 'atr': 8.437126630117127, 'exit_reason': 'sl', 'signal_time': Timestamp('2025-04-01 00:00:00+0000', tz='UTC')}"
2025-04-02 23:00:00+00:00,2025-04-03 06:00:00+00:00,1,3145.945,3127.7791065805736,3127.954106580574,3183.4040390670743,0.12,-203.59072103311846,-0.6702082863743158,"{'trail_atr_mult': 3.0, 'trail_atr_len': 14, 'tp_converts_to_trail': True, 'rsi': np.float64(64.61597970954087), 'atr': 12.554679689024898, 'exit_reason': 'sl', 'signal_time': Timestamp('2025-04-02 22:00:00+0000', tz='UTC')}"
2025-04-20 23:00:00+00:00,2025-04-21 08:00:00+00:00,1,3346.425,3389.525838744872,3389.7008387448723,,0.1,435.0083874487191,1.4741603314970817,"{'trail_atr_mult': 3.0, 'trail_atr_len': 14, 'tp_converts_to_trail': True, 'rsi': np.float64(63.52816242631279), 'atr': 14.556946248290622, 'exit_reason': 'sl', 'signal_time': Timestamp('2025-04-20 22:00:00+0000', tz='UTC')}"
2025-05-08 02:00:00+00:00,2025-05-08 06:00:00+00:00,1,3408.4750000000004,3377.7063842636912,3377.8813842636914,3455.7779236044626,0.1,-307.6861573630913,-1.0057201476774937,"{'trail_atr_mult': 3.0, 'trail_atr_len': 14, 'tp_converts_to_trail': True, 'rsi': np.float64(61.92950325516861), 'atr': 15.57930786815425, 'exit_reason': 'sl', 'signal_time': Timestamp('2025-05-08 01:00:00+0000', tz='UTC')}"
2025-05-23 06:00:00+00:00,2025-05-23 15:00:00+00:00,1,3323.815,3340.125,3361.2734686517897,,0.12,195.71999999999935,0.6520354052435346,"{'trail_atr_mult': 3.0, 'trail_atr_len': 14, 'tp_converts_to_trail': True, 'rsi': np.float64(60.67772585789838), 'atr': 12.494489550596615, 'exit_reason': 'sl_gap', 'signal_time': Timestamp('2025-05-23 05:00:00+0000', tz='UTC')}"
2025-06-02 06:00:00+00:00,2025-06-02 09:00:00+00:00,1,3324.045,3352.355,3356.880208727704,,0.13,368.02999999999935,1.2611103057789452,"{'trail_atr_mult': 3.0, 'trail_atr_len': 14, 'tp_converts_to_trail': True, 'rsi': np.float64(63.57347370954165), 'atr': 11.056736242567949, 'exit_reason': 'sl_gap', 'signal_time': Timestamp('2025-06-02 05:00:00+0000', tz='UTC')}"
2025-06-04 15:00:00+00:00,2025-06-05 14:00:00+00:00,1,3377.4750000000004,3373.7641085436153,3373.9391085436155,3414.097940106291,0.12,-30.130697476620846,-0.10280583974561643,"{'trail_atr_mult': 3.0, 'trail_atr_len': 14, 'tp_converts_to_trail': True, 'rsi': np.float64(60.95069951111515), 'atr': 12.20931336876368, 'exit_reason': 'sl', 'signal_time': Timestamp('2025-06-04 14:00:00+0000', tz='UTC')}"
2025-06-04 18:00:00+00:00,2025-06-05 14:00:00+00:00,1,3379.395,3373.7641085436153,3373.9391085436155,3412.9907669145496,0.13,-57.60158893300095,-0.19471728859753257,"{'trail_atr_mult': 3.0, 'trail_atr_len': 14, 'tp_converts_to_trail': True, 'rsi': np.float64(60.730260619020775), 'atr': 11.270255638183237, 'exit_reason': 'sl', 'signal_time': Timestamp('2025-06-04 17:00:00+0000', tz='UTC')}"
2025-06-11 22:00:00+00:00,2025-06-12 08:00:00+00:00,1,3356.7450000000003,3345.984333556959,3346.159333556959,3389.1503686718165,0.12,-114.72799731649647,-0.3853256560986772,"{'trail_atr_mult': 3.0, 'trail_atr_len': 14, 'tp_converts_to_trail': True, 'rsi': np.float64(62.807294708189325), 'atr': 11.443456223938808, 'exit_reason': 'sl', 'signal_time': Timestamp('2025-06-11 20:00:00+0000', tz='UTC')}"
2025-06-13 00:00:00+00:00,2025-06-13 03:00:00+00:00,1,3395.9750000000004,3427.0649999999996,3429.1248401028197,,0.13,404.1699999999901,1.4030906160280066,"{'trail_atr_mult': 3.0, 'trail_atr_len': 14, 'tp_converts_to_trail': True, 'rsi': np.float64(64.64165896128367), 'atr': 11.061613367606617, 'exit_reason': 'sl_gap', 'signal_time': Timestamp('2025-06-12 23:00:00+0000', tz='UTC')}"
2025-06-12 11:00:00+00:00,2025-06-13 06:00:00+00:00,1,3382.735,3422.425159159716,3422.600159159716,,0.11,440.9917507568724,1.493944499442032,"{'trail_atr_mult': 3.0, 'trail_atr_len': 14, 'tp_converts_to_trail': True, 'rsi': np.float64(63.51580500461246), 'atr': 13.340053053238737, 'exit_reason': 'sl', 'signal_time': Timestamp('2025-06-12 10:00:00+0000', tz='UTC')}"
2025-06-12 19:00:00+00:00,2025-06-13 06:00:00+00:00,1,3385.8450000000003,3422.4408242845107,3422.615824284511,,0.12,443.94989141412475,1.5076409346381694,"{'trail_atr_mult': 3.0, 'trail_atr_len': 14, 'tp_converts_to_trail': True, 'rsi': np.float64(60.92410578662198), 'atr': 12.261941428170298, 'exit_reason': 'sl', 'signal_time': Timestamp('2025-06-12 18:00:00+0000', tz='UTC')}"
2025-06-13 12:00:00+00:00,2025-06-16 07:00:00+00:00,1,3422.415,3417.3383295099693,3417.5133295099695,3460.9864660863914,0.11,-42.64337539033731,-0.1485922924911061,"{'trail_atr_mult': 3.0, 'trail_atr_len': 14, 'tp_converts_to_trail': True, 'rsi': np.float64(61.22157673964115), 'atr': 12.932155362130382, 'exit_reason': 'sl', 'signal_time': Timestamp('2025-06-13 11:00:00+0000', tz='UTC')}"
2025-06-13 17:00:00+00:00,2025-06-16 07:00:00+00:00,1,3430.155,3417.3383295099693,3417.5133295099695,3468.8307005314277,0.11,-127.78337539033991,-0.4449331387270791,"{'trail_atr_mult': 3.0, 'trail_atr_len': 14, 'tp_converts_to_trail': True, 'rsi': np.float64(61.190084404056805), 'atr': 12.95690017714256, 'exit_reason': 'sl', 'signal_time': Timestamp('2025-06-13 16:00:00+0000', tz='UTC')}"
2025-06-16 02:00:00+00:00,2025-06-16 07:00:00+00:00,1,3441.655,3417.30773590513,3417.48273590513,3477.325896142305,0.12,-292.1671691384435,-1.0072397024669821,"{'trail_atr_mult': 3.0, 'trail_atr_len': 14, 'tp_converts_to_trail': True, 'rsi': np.float64(61.36988421436359), 'atr': 11.968632047434912, 'exit_reason': 'sl', 'signal_time': Timestamp('2025-06-16 01:00:00+0000', tz='UTC')}"
2025-07-14 07:00:00+00:00,2025-07-14 13:00:00+00:00,1,3368.9950000000003,3352.091155564324,3352.266155564324,3402.287688871352,0.17,-287.3653554065013,-1.0104609736000036,"{'trail_atr_mult': 3.0, 'trail_atr_len': 14, 'tp_converts_to_trail': True, 'rsi': np.float64(65.7766263617257), 'atr': 8.336922217838028, 'exit_reason': 'sl', 'signal_time': Timestamp('2025-07-14 06:00:00+0000', tz='UTC')}"
2025-07-23 07:00:00+00:00,2025-07-23 14:00:00+00:00,1,3424.9950000000003,3412.6972729560434,3412.8722729560436,3452.3526736511094,0.22,-270.54999496705204,-0.9054872286811166,"{'trail_atr_mult': 3.0, 'trail_atr_len': 14, 'tp_converts_to_trail': True, 'rsi': np.float64(63.09100034156837), 'atr': 6.823168412777415, 'exit_reason': 'sl', 'signal_time': Timestamp('2025-07-23 06:00:00+0000', tz='UTC')}"
2025-07-23 09:00:00+00:00,2025-07-23 14:00:00+00:00,1,3428.625,3414.015862635108,3414.1908626351083,3456.8182747297838,0.2,-292.18274729783843,-1.0121240359278991,"{'trail_atr_mult': 3.0, 'trail_atr_len': 14, 'tp_converts_to_trail': True, 'rsi': np.float64(63.64690402905042), 'atr': 7.104568682445942, 'exit_reason': 'sl', 'signal_time': Timestamp('2025-07-23 08:00:00+0000', tz='UTC')}"
2025-08-05 15:00:00+00:00,2025-08-06 06:00:00+00:00,1,3385.4550000000004,3370.6972035815165,3370.8722035815167,3419.2296236959446,0.17,-244.08253911422543,-0.8321039107807383,"{'trail_atr_mult': 3.0, 'trail_atr_len': 14, 'tp_converts_to_trail': True, 'rsi': np.float64(62.626911818148265), 'atr': 8.50490592398613, 'exit_reason': 'sl', 'signal_time': Timestamp('2025-08-05 14:00:00+0000', tz='UTC')}"
2025-08-07 07:00:00+00:00,2025-08-07 09:00:00+00:00,1,3387.7850000000003,3374.730309233882,3374.9053092338822,3416.5128893051947,0.2,-261.0938153223652,-0.8898026796431778,"{'trail_atr_mult': 3.0, 'trail_atr_len': 14, 'tp_converts_to_trail': True, 'rsi': np.float64(62.88533104009442), 'atr': 7.233222326298697, 'exit_reason': 'sl', 'signal_time': Timestamp('2025-08-07 06:00:00+0000', tz='UTC')}"
2025-08-07 20:00:00+00:00,2025-08-08 02:00:00+00:00,1,3399.985,3381.0279540609417,3381.202954060942,3437.054091878116,0.15,-278.35568908587584,-0.9880204744078536,"{'trail_atr_mult': 3.0, 'trail_atr_len': 14, 'tp_converts_to_trail': True, 'rsi': np.float64(64.54714354516491), 'atr': 9.308522969529053, 'exit_reason': 'sl', 'signal_time': Timestamp('2025-08-07 19:00:00+0000', tz='UTC')}"
2025-08-07 18:00:00+00:00,2025-08-08 19:00:00+00:00,1,3392.405,3379.936699275072,3380.111699275072,3429.101609515448,0.15,-181.0245108739232,-0.647413074799114,"{'trail_atr_mult': 3.0, 'trail_atr_len': 14, 'tp_converts_to_trail': True, 'rsi': np.float64(61.01121267842546), 'atr': 9.22290237886203, 'exit_reason': 'sl', 'signal_time': Timestamp('2025-08-07 17:00:00+0000', tz='UTC')}"
2025-08-25 03:00:00+00:00,2025-08-26 00:00:00+00:00,1,3364.355,3361.056458905329,3361.231458905329,3391.9810759429474,0.21,-60.869362988095965,-0.21156403498215653,"{'trail_atr_mult': 3.0, 'trail_atr_len': 14, 'tp_converts_to_trail': True, 'rsi': np.float64(60.19117983033613), 'atr': 6.887768985736897, 'exit_reason': 'sl', 'signal_time': Timestamp('2025-08-25 02:00:00+0000', tz='UTC')}"
2025-08-25 07:00:00+00:00,2025-08-26 00:00:00+00:00,1,3368.905,3361.056458905329,3361.231458905329,3393.448022699046,0.24,-178.76498627211402,-0.6073494945812143,"{'trail_atr_mult': 3.0, 'trail_atr_len': 14, 'tp_converts_to_trail': True, 'rsi': np.float64(62.58827170664499), 'atr': 6.134505674761537, 'exit_reason': 'sl', 'signal_time': Timestamp('2025-08-25 06:00:00+0000', tz='UTC')}"
2025-08-25 12:00:00+00:00,2025-08-26 00:00:00+00:00,1,3370.7850000000003,3361.056458905329,3361.231458905329,3393.0205686283925,0.25,-233.21352736678818,-0.8175555347963779,"{'trail_atr_mult': 3.0, 'trail_atr_len': 14, 'tp_converts_to_trail': True, 'rsi': np.float64(61.79446296382082), 'atr': 5.607642157098051, 'exit_reason': 'sl', 'signal_time': Timestamp('2025-08-25 11:00:00+0000', tz='UTC')}"
2025-08-25 15:00:00+00:00,2025-08-26 00:00:00+00:00,1,3374.5150000000003,3362.238199840274,3362.413199840274,3398.133600319452,0.24,-285.0432038334351,-0.981407724716146,"{'trail_atr_mult': 3.0, 'trail_atr_len': 14, 'tp_converts_to_trail': True, 'rsi': np.float64(62.43782036634841), 'atr': 5.953400079862962, 'exit_reason': 'sl', 'signal_time': Timestamp('2025-08-25 14:00:00+0000', tz='UTC')}"
2025-08-26 01:00:00+00:00,2025-08-26 08:00:00+00:00,1,3383.505,3367.7749542687093,3367.9499542687095,3413.8800914625817,0.18,-283.1408231632349,-1.011250368724288,"{'trail_atr_mult': 3.0, 'trail_atr_len': 14, 'tp_converts_to_trail': True, 'rsi': np.float64(63.29507584556792), 'atr': 7.655022865645343, 'exit_reason': 'sl', 'signal_time': Timestamp('2025-08-26 00:00:00+0000', tz='UTC')}"
2025-08-26 16:00:00+00:00,2025-08-27 05:00:00+00:00,1,3386.835,3374.7592634599473,3374.9342634599475,3419.048721762555,0.17,-198.48752118089644,-0.713921908952075,"{'trail_atr_mult': 3.0, 'trail_atr_len': 14, 'tp_converts_to_trail': True, 'rsi': np.float64(63.06895070950598), 'atr': 8.094680440638758, 'exit_reason': 'sl', 'signal_time': Timestamp('2025-08-26 15:00:00+0000', tz='UTC')}"
2025-08-26 19:00:00+00:00,2025-08-27 05:00:00+00:00,1,3385.7650000000003,3374.7592634599473,3374.9342634599475,3415.423736046769,0.19,-201.50899426100742,-0.7006559430701383,"{'trail_atr_mult': 3.0, 'trail_atr_len': 14, 'tp_converts_to_trail': True, 'rsi': np.float64(60.56765876243021), 'atr': 7.465934011692266, 'exit_reason': 'sl', 'signal_time': Timestamp('2025-08-26 18:00:00+0000', tz='UTC')}"
2025-08-27 17:00:00+00:00,2025-08-28 21:00:00+00:00,1,3395.655,3422.145,3422.9857953406276,,0.2,553.7999999999956,1.9795683849450347,"{'trail_atr_mult': 3.0, 'trail_atr_len': 14, 'tp_converts_to_trail': True, 'rsi': np.float64(64.00669713385544), 'atr': 6.88644883515687, 'exit_reason': 'sl_gap', 'signal_time': Timestamp('2025-08-27 16:00:00+0000', tz='UTC')}"
2025-08-28 14:00:00+00:00,2025-08-29 08:00:00+00:00,1,3407.415,3407.286258284836,3407.4612582848363,3434.9109556744993,0.21,5.6964239815587465,0.01969853828182858,"{'trail_atr_mult': 3.0, 'trail_atr_len': 14, 'tp_converts_to_trail': True, 'rsi': np.float64(64.00422272240714), 'atr': 6.877738918624781, 'exit_reason': 'sl', 'signal_time': Timestamp('2025-08-28 13:00:00+0000', tz='UTC')}"
2025-09-02 12:00:00+00:00,2025-09-02 18:00:00+00:00,1,3489.875,3526.610676642813,3526.785676642813,,0.15,551.0351496421936,1.959461993059091,"{'trail_atr_mult': 3.0, 'trail_atr_len': 14, 'tp_converts_to_trail': True, 'rsi': np.float64(61.20708397192112), 'atr': 9.276419160703295, 'exit_reason': 'sl', 'signal_time': Timestamp('2025-09-02 11:00:00+0000', tz='UTC')}"
2025-09-02 15:00:00+00:00,2025-09-03 15:00:00+00:00,1,3511.545,3553.705,3556.8446397901826,,0.12,510.7199999999982,1.8252526530272264,"{'trail_atr_mult': 3.0, 'trail_atr_len': 14, 'tp_converts_to_trail': True, 'rsi': np.float64(69.88887907917399), 'atr': 11.43615994754561, 'exit_reason': 'sl_gap', 'signal_time': Timestamp('2025-09-02 14:00:00+0000', tz='UTC')}"
2025-09-05 13:00:00+00:00,2025-09-08 12:00:00+00:00,1,3580.8650000000002,3616.825,3621.157226835246,,0.13,483.07999999999464,1.7625062300249474,"{'trail_atr_mult': 3.0, 'trail_atr_len': 14, 'tp_converts_to_trail': True, 'rsi': np.float64(70.97276082307101), 'atr': 10.22930670881163, 'exit_reason': 'sl_gap', 'signal_time': Timestamp('2025-09-05 12:00:00+0000', tz='UTC')}"
2025-09-16 14:00:00+00:00,2025-09-17 02:00:00+00:00,1,3695.6850000000004,3682.082385721355,3682.257385721355,3729.571179225359,0.17,-224.44444273697238,-0.7802691620599082,"{'trail_atr_mult': 3.0, 'trail_atr_len': 14, 'tp_converts_to_trail': True, 'rsi': np.float64(62.1534312439157), 'atr': 8.46779480633979, 'exit_reason': 'sl', 'signal_time': Timestamp('2025-09-16 13:00:00+0000', tz='UTC')}"
2025-09-19 18:00:00+00:00,2025-09-22 08:00:00+00:00,1,3678.855,3714.2149999999997,3718.1722168408205,,0.14,511.8399999999955,1.833858405513602,"{'trail_atr_mult': 3.0, 'trail_atr_len': 14, 'tp_converts_to_trail': True, 'rsi': np.float64(65.23717267751039), 'atr': 9.875554210205163, 'exit_reason': 'sl_gap', 'signal_time': Timestamp('2025-09-19 17:00:00+0000', tz='UTC')}"
2025-09-24 06:00:00+00:00,2025-09-24 15:00:00+00:00,1,3775.1850000000004,3753.30973795592,3753.48473795592,3817.820524088159,0.13,-284.3784065730465,-1.0080644187450225,"{'trail_atr_mult': 3.0, 'trail_atr_len': 14, 'tp_converts_to_trail': True, 'rsi': np.float64(60.77830144836934), 'atr': 10.72263102203979, 'exit_reason': 'sl', 'signal_time': Timestamp('2025-09-24 05:00:00+0000', tz='UTC')}"
2025-09-24 08:00:00+00:00,2025-09-24 15:00:00+00:00,1,3777.605,3756.537605686482,3756.712605686482,3818.594788627036,0.14,-294.9435203892517,-1.0083762539311711,"{'trail_atr_mult': 3.0, 'trail_atr_len': 14, 'tp_converts_to_trail': True, 'rsi': np.float64(61.23425824299787), 'atr': 10.313697156758911, 'exit_reason': 'sl', 'signal_time': Timestamp('2025-09-24 07:00:00+0000', tz='UTC')}"
2025-09-26 14:00:00+00:00,2025-09-29 06:00:00+00:00,1,3761.9550000000004,3804.483354344856,3804.658354344856,,0.13,568.4686064831204,2.0661495123855937,"{'trail_atr_mult': 3.0, 'trail_atr_len': 14, 'tp_converts_to_trail': True, 'rsi': np.float64(61.12963233928553), 'atr': 10.644588586213969, 'exit_reason': 'sl', 'signal_time': Timestamp('2025-09-26 13:00:00+0000', tz='UTC')}"
2025-09-29 01:00:00+00:00,2025-09-29 23:00:00+00:00,1,3787.2450000000003,3832.895,3833.49481368232,,0.12,547.7999999999956,1.9569256159005328,"{'trail_atr_mult': 3.0, 'trail_atr_len': 14, 'tp_converts_to_trail': True, 'rsi': np.float64(63.605775215821524), 'atr': 11.596203420579933, 'exit_reason': 'sl_gap', 'signal_time': Timestamp('2025-09-29 00:00:00+0000', tz='UTC')}"
2025-09-29 03:00:00+00:00,2025-09-30 03:00:00+00:00,1,3793.085,3844.259048532204,3844.434048532204,,0.11,567.3145338542425,1.9815576304423814,"{'trail_atr_mult': 3.0, 'trail_atr_len': 14, 'tp_converts_to_trail': True, 'rsi': np.float64(63.77561253579087), 'atr': 12.89601213305109, 'exit_reason': 'sl', 'signal_time': Timestamp('2025-09-29 02:00:00+0000', tz='UTC')}"
2025-09-29 14:00:00+00:00,2025-09-30 09:00:00+00:00,1,3821.585,3837.9785055190046,3838.1535055190047,3875.794194510663,0.1,167.9350551900452,0.6143119498808249,"{'trail_atr_mult': 3.0, 'trail_atr_len': 14, 'tp_converts_to_trail': True, 'rsi': np.float64(62.39015153299899), 'atr': 13.591048627665804, 'exit_reason': 'sl', 'signal_time': Timestamp('2025-09-29 13:00:00+0000', tz='UTC')}"
2025-10-01 08:00:00+00:00,2025-10-01 15:00:00+00:00,1,3879.405,3858.908851643382,3859.0838516433823,3929.8773649507075,0.11,-225.45763192279856,-0.8023959887691889,"{'trail_atr_mult': 3.0, 'trail_atr_len': 14, 'tp_converts_to_trail': True, 'rsi': np.float64(65.5073176340392), 'atr': 12.669341237676921, 'exit_reason': 'sl', 'signal_time': Timestamp('2025-10-01 07:00:00+0000', tz='UTC')}"
2025-10-01 05:00:00+00:00,2025-10-01 15:00:00+00:00,1,3865.105,3858.908851643382,3859.0838516433823,3914.517141294829,0.12,-74.35378027941442,-0.24726663159684606,"{'trail_atr_mult': 3.0, 'trail_atr_len': 14, 'tp_converts_to_trail': True, 'rsi': np.float64(60.7124332353738), 'atr': 12.41178532370726, 'exit_reason': 'sl', 'signal_time': Timestamp('2025-10-01 04:00:00+0000', tz='UTC')}"
2025-09-30 20:00:00+00:00,2025-10-01 15:00:00+00:00,1,3859.2850000000003,3858.908851643382,3859.0838516433823,3919.0569323910286,0.09,0.21466479043656328,0.0007864441026486077,"{'trail_atr_mult': 3.0, 'trail_atr_len': 14, 'tp_converts_to_trail': True, 'rsi': np.float64(60.62657129118291), 'atr': 15.016733097757207, 'exit_reason': 'sl', 'signal_time': Timestamp('2025-09-30 19:00:00+0000', tz='UTC')}"
2025-09-30 15:00:00+00:00,2025-10-01 15:00:00+00:00,1,3854.3050000000003,3858.908851643382,3859.0838516433823,3919.1855173037807,0.09,45.03466479043673,0.15286984200132084,"{'trail_atr_mult': 3.0, 'trail_atr_len': 14, 'tp_converts_to_trail': True, 'rsi': np.float64(60.47086891040089), 'atr': 16.268879325945182, 'exit_reason': 'sl', 'signal_time': Timestamp('2025-09-30 14:00:00+0000', tz='UTC')}"
2025-10-07 18:00:00+00:00,2025-10-08 07:00:00+00:00,1,3981.135,4029.455,4036.8066228603425,,0.1,487.19999999999715,1.7274567250950355,"{'trail_atr_mult': 3.0, 'trail_atr_len': 14, 'tp_converts_to_trail': True, 'rsi': np.float64(61.21279486765174), 'atr': 13.979155715085618, 'exit_reason': 'sl_gap', 'signal_time': Timestamp('2025-10-07 17:00:00+0000', tz='UTC')}"
2025-10-09 13:00:00+00:00,2025-10-09 14:00:00+00:00,1,4053.7450000000003,4025.3485678253187,4025.523567825319,4109.362864349362,0.1,-283.9643217468165,-1.006200960990108,"{'trail_atr_mult': 3.0, 'trail_atr_len': 14, 'tp_converts_to_trail': True, 'rsi': np.float64(63.75605681659312), 'atr': 13.9732160873405, 'exit_reason': 'sl', 'signal_time': Timestamp('2025-10-09 12:00:00+0000', tz='UTC')}"
2025-10-12 23:00:00+00:00,2025-10-14 01:00:00+00:00,1,4042.375,4127.605,4127.872974095635,,0.07,602.209999999997,2.0135051099267267,"{'trail_atr_mult': 3.0, 'trail_atr_len': 14, 'tp_converts_to_trail': True, 'rsi': np.float64(67.66714551767117), 'atr': 21.370743523908825, 'exit_reason': 'sl_gap', 'signal_time': Timestamp('2025-10-12 22:00:00+0000', tz='UTC')}"
2025-10-14 09:00:00+00:00,2025-10-14 14:00:00+00:00,1,4144.155,4101.005044541389,4101.180044541389,4229.549910917223,0.07,-302.0496882102753,-1.0040721391827556,"{'trail_atr_mult': 3.0, 'trail_atr_len': 14, 'tp_converts_to_trail': True, 'rsi': np.float64(63.304994825331015), 'atr': 21.394977729305754, 'exit_reason': 'sl', 'signal_time': Timestamp('2025-10-14 08:00:00+0000', tz='UTC')}"
2025-10-14 18:00:00+00:00,2025-10-15 10:00:00+00:00,1,4148.265,4166.014043935687,4166.189043935688,4233.356843602797,0.07,127.0433075498093,0.4263499365882156,"{'trail_atr_mult': 3.0, 'trail_atr_len': 14, 'tp_converts_to_trail': True, 'rsi': np.float64(61.167923944917156), 'atr': 21.27671090069939, 'exit_reason': 'sl', 'signal_time': Timestamp('2025-10-14 17:00:00+0000', tz='UTC')}"
2025-10-14 23:00:00+00:00,2025-10-15 10:00:00+00:00,1,4159.025000000001,4166.014043935687,4166.189043935688,4236.339943777059,0.07,51.723307549807764,0.18753931999219958,"{'trail_atr_mult': 3.0, 'trail_atr_len': 14, 'tp_converts_to_trail': True, 'rsi': np.float64(63.52017509568952), 'atr': 19.452485944264748, 'exit_reason': 'sl', 'signal_time': Timestamp('2025-10-14 22:00:00+0000', tz='UTC')}"
2025-10-15 14:00:00+00:00,2025-10-16 17:00:00+00:00,1,4192.825,4267.300324988562,4267.4753249885625,,0.07,529.7272749199378,1.9654569343042891,"{'trail_atr_mult': 3.0, 'trail_atr_len': 14, 'tp_converts_to_trail': True, 'rsi': np.float64(60.58102926616623), 'atr': 18.8588312471407, 'exit_reason': 'sl', 'signal_time': Timestamp('2025-10-15 13:00:00+0000', tz='UTC')}"
2025-10-15 17:00:00+00:00,2025-10-16 17:00:00+00:00,1,4199.085,4273.554999999999,4274.426286078671,,0.07,529.6899999999955,1.9940369656971508,"{'trail_atr_mult': 3.0, 'trail_atr_len': 14, 'tp_converts_to_trail': True, 'rsi': np.float64(61.11940678054048), 'atr': 18.88157151966786, 'exit_reason': 'sl_gap', 'signal_time': Timestamp('2025-10-15 16:00:00+0000', tz='UTC')}"
2025-10-20 13:00:00+00:00,2025-10-21 08:00:00+00:00,1,4324.215,4312.496390582039,4312.671390582039,4434.963897998105,0.05,-56.59304708980745,-0.20132011820067178,"{'trail_atr_mult': 3.0, 'trail_atr_len': 14, 'tp_converts_to_trail': True, 'rsi': np.float64(63.66293864087908), 'atr': 27.828474499526266, 'exit_reason': 'sl', 'signal_time': Timestamp('2025-10-20 12:00:00+0000', tz='UTC')}"
2025-10-20 15:00:00+00:00,2025-10-21 08:00:00+00:00,1,4332.885,4312.496390582039,4312.671390582039,4447.061473273877,0.05,-99.94304708980782,-0.34438931302674836,"{'trail_atr_mult': 3.0, 'trail_atr_len': 14, 'tp_converts_to_trail': True, 'rsi': np.float64(62.80127263372481), 'atr': 28.702868318469186, 'exit_reason': 'sl', 'signal_time': Timestamp('2025-10-20 14:00:00+0000', tz='UTC')}"
2025-11-12 15:00:00+00:00,2025-11-13 13:00:00+00:00,1,4181.615,4242.1849999999995,4243.317274792813,,0.09,555.9299999999972,1.9881785999133137,"{'trail_atr_mult': 3.0, 'trail_atr_len': 14, 'tp_converts_to_trail': True, 'rsi': np.float64(72.90491100469468), 'atr': 15.46181869820316, 'exit_reason': 'sl_gap', 'signal_time': Timestamp('2025-11-12 14:00:00+0000', tz='UTC')}"
2025-12-03 13:00:00+00:00,2025-12-03 14:00:00+00:00,1,4237.225,4209.2969847639915,4209.471984763992,4291.426030472016,0.11,-307.20816759609716,-1.0063056211554673,"{'trail_atr_mult': 3.0, 'trail_atr_len': 14, 'tp_converts_to_trail': True, 'rsi': np.float64(63.14016313911551), 'atr': 13.659007618003951, 'exit_reason': 'sl', 'signal_time': Timestamp('2025-12-03 12:00:00+0000', tz='UTC')}"
2025-12-10 20:00:00+00:00,2025-12-11 04:00:00+00:00,1,4229.835,4208.883514048406,4209.058514048406,4281.556708766798,0.11,-217.2663454675329,-0.7613312318715626,"{'trail_atr_mult': 3.0, 'trail_atr_len': 14, 'tp_converts_to_trail': True, 'rsi': np.float64(65.5906629101105), 'atr': 12.944177191699557, 'exit_reason': 'sl', 'signal_time': Timestamp('2025-12-10 19:00:00+0000', tz='UTC')}"
2025-12-11 14:00:00+00:00,2025-12-11 19:00:00+00:00,1,4230.345,4268.045,4283.7859119298,,0.11,414.699999999998,1.3971782798385737,"{'trail_atr_mult': 3.0, 'trail_atr_len': 14, 'tp_converts_to_trail': True, 'rsi': np.float64(60.69272088824985), 'atr': 13.40397798244999, 'exit_reason': 'sl_gap', 'signal_time': Timestamp('2025-12-11 13:00:00+0000', tz='UTC')}"
2025-12-15 01:00:00+00:00,2025-12-15 15:00:00+00:00,1,4322.695000000001,4311.903580573634,4312.078580573634,4389.906171295669,0.09,-97.12277483730031,-0.31976389828378216,"{'trail_atr_mult': 3.0, 'trail_atr_len': 14, 'tp_converts_to_trail': True, 'rsi': np.float64(62.75665289334773), 'atr': 16.82654282391719, 'exit_reason': 'sl', 'signal_time': Timestamp('2025-12-15 00:00:00+0000', tz='UTC')}"
2025-12-16 14:00:00+00:00,2025-12-16 16:00:00+00:00,1,4324.745,4296.179544843308,4296.354544843308,4381.000910313383,0.1,-285.65455156692224,-1.0061640434799064,"{'trail_atr_mult': 3.0, 'trail_atr_len': 14, 'tp_converts_to_trail': True, 'rsi': np.float64(62.95237721287305), 'atr': 14.107727578345868, 'exit_reason': 'sl', 'signal_time': Timestamp('2025-12-16 13:00:00+0000', tz='UTC')}"
2025-12-17 01:00:00+00:00,2025-12-18 12:00:00+00:00,1,4326.895,4319.513840358592,4319.688840358592,4381.61913942767,0.11,-67.99275605549774,-0.22375587042404813,"{'trail_atr_mult': 3.0, 'trail_atr_len': 14, 'tp_converts_to_trail': True, 'rsi': np.float64(61.517319009125416), 'atr': 13.724784856917418, 'exit_reason': 'sl', 'signal_time': Timestamp('2025-12-17 00:00:00+0000', tz='UTC')}"
2025-12-17 04:00:00+00:00,2025-12-18 12:00:00+00:00,1,4329.835,4319.513840358592,4319.688840358592,4384.2201637473,0.11,-100.33275605549333,-0.33313120404459096,"{'trail_atr_mult': 3.0, 'trail_atr_len': 14, 'tp_converts_to_trail': True, 'rsi': np.float64(60.62764988522779), 'atr': 13.627540936824968, 'exit_reason': 'sl', 'signal_time': Timestamp('2025-12-17 03:00:00+0000', tz='UTC')}"
2025-12-17 17:00:00+00:00,2025-12-18 13:00:00+00:00,1,4342.635,4317.05535176155,4317.23035176155,4402.6692368965705,0.1,-243.79648238450318,-0.8047517838875515,"{'trail_atr_mult': 3.0, 'trail_atr_len': 14, 'tp_converts_to_trail': True, 'rsi': np.float64(62.2099140590073), 'atr': 15.054809224142602, 'exit_reason': 'sl', 'signal_time': Timestamp('2025-12-17 16:00:00+0000', tz='UTC')}"
2025-12-17 20:00:00+00:00,2025-12-18 13:00:00+00:00,1,4341.595,4316.83535176155,4317.01035176155,4399.908900678485,0.1,-235.5964823845061,-0.8008187769240634,"{'trail_atr_mult': 3.0, 'trail_atr_len': 14, 'tp_converts_to_trail': True, 'rsi': np.float64(60.52235390656377), 'atr': 14.622225169621325, 'exit_reason': 'sl', 'signal_time': Timestamp('2025-12-17 19:00:00+0000', tz='UTC')}"
2025-12-18 16:00:00+00:00,2025-12-18 17:00:00+00:00,1,4360.495,4330.8863820050965,4331.061382005097,4418.807235989809,0.1,-296.08617994903403,-1.0059455823619947,"{'trail_atr_mult': 3.0, 'trail_atr_len': 14, 'tp_converts_to_trail': True, 'rsi': np.float64(67.42167477728852), 'atr': 14.62430899745206, 'exit_reason': 'sl', 'signal_time': Timestamp('2025-12-18 15:00:00+0000', tz='UTC')}"
2025-12-23 19:00:00+00:00,2025-12-24 02:00:00+00:00,1,4490.955,4479.62209425803,4479.7970942580305,4550.572657129793,0.1,-109.32905741969626,-0.36465714714092134,"{'trail_atr_mult': 3.0, 'trail_atr_len': 14, 'tp_converts_to_trail': True, 'rsi': np.float64(61.99676753152872), 'atr': 14.933164282448095, 'exit_reason': 'sl', 'signal_time': Timestamp('2025-12-23 18:00:00+0000', tz='UTC')}"
2025-12-24 00:00:00+00:00,2025-12-24 02:00:00+00:00,1,4512.185,4481.635221518585,4481.810221518585,4572.379556962828,0.09,-274.94800633273644,-1.0057613588888312,"{'trail_atr_mult': 3.0, 'trail_atr_len': 14, 'tp_converts_to_trail': True, 'rsi': np.float64(65.912442757879), 'atr': 15.094889240707143, 'exit_reason': 'sl', 'signal_time': Timestamp('2025-12-23 23:00:00+0000', tz='UTC')}"
2025-12-26 15:00:00+00:00,2025-12-26 17:00:00+00:00,1,4546.8150000000005,4513.730252199907,4513.905252199907,4612.109495600186,0.09,-297.76273020083954,-1.0053175734151232,"{'trail_atr_mult': 3.0, 'trail_atr_len': 14, 'tp_converts_to_trail': True, 'rsi': np.float64(68.29108174848405), 'atr': 16.367373900046488, 'exit_reason': 'sl', 'signal_time': Timestamp('2025-12-26 14:00:00+0000', tz='UTC')}"
2025-12-26 00:00:00+00:00,2025-12-29 00:00:00+00:00,1,4517.965,4503.474031556836,4503.649031556836,4587.908726592163,0.08,-106.32774754531275,-0.3764148430464329,"{'trail_atr_mult': 3.0, 'trail_atr_len': 14, 'tp_converts_to_trail': True, 'rsi': np.float64(62.47476623204102), 'atr': 17.542181648040593, 'exit_reason': 'sl', 'signal_time': Timestamp('2025-12-25 23:00:00+0000', tz='UTC')}"
2025-12-26 08:00:00+00:00,2025-12-29 00:00:00+00:00,1,4518.935,4503.474031556836,4503.649031556836,4581.739681728387,0.09,-128.34871598847909,-0.45079943674714457,"{'trail_atr_mult': 3.0, 'trail_atr_len': 14, 'tp_converts_to_trail': True, 'rsi': np.float64(61.07583154560007), 'atr': 15.739920432096776, 'exit_reason': 'sl', 'signal_time': Timestamp('2025-12-26 07:00:00+0000', tz='UTC')}"
2025-12-26 13:00:00+00:00,2025-12-29 00:00:00+00:00,1,4525.325,4503.474031556836,4503.649031556836,4585.505273003767,0.09,-185.85871598847388,-0.6796963930988619,"{'trail_atr_mult': 3.0, 'trail_atr_len': 14, 'tp_converts_to_trail': True, 'rsi': np.float64(62.15572549018241), 'atr': 15.093818250941705, 'exit_reason': 'sl', 'signal_time': Timestamp('2025-12-26 12:00:00+0000', tz='UTC')}"
2026-01-06 10:00:00+00:00,2026-01-06 15:00:00+00:00,1,4451.925,4487.355,4488.711342772172,,0.12,425.1599999999925,1.4277139607877478,"{'trail_atr_mult': 3.0, 'trail_atr_len': 14, 'tp_converts_to_trail': True, 'rsi': np.float64(55.07620775505575), 'atr': 16.427263454298824, 'exit_reason': 'sl_gap', 'signal_time': Timestamp('2026-01-06 09:00:00+0000', tz='UTC')}"
2026-01-09 04:00:00+00:00,2026-01-09 15:00:00+00:00,1,4464.885,4493.855,4496.431723067707,,0.14,405.5799999999909,1.358638598411726,"{'trail_atr_mult': 3.0, 'trail_atr_len': 14, 'tp_converts_to_trail': True, 'rsi': np.float64(55.13133679545718), 'atr': 14.09854358564771, 'exit_reason': 'sl_gap', 'signal_time': Timestamp('2026-01-09 03:00:00+0000', tz='UTC')}"
2026-01-09 13:00:00+00:00,2026-01-09 16:00:00+00:00,1,4482.965,4512.155,4514.744261589257,,0.14,408.65999999999445,1.3590751472239357,"{'trail_atr_mult': 3.0, 'trail_atr_len': 14, 'tp_converts_to_trail': True, 'rsi': np.float64(61.643487965163494), 'atr': 14.201894039669892, 'exit_reason': 'sl_gap', 'signal_time': Timestamp('2026-01-09 12:00:00+0000', tz='UTC')}"
2026-01-08 20:00:00+00:00,2026-01-09 16:00:00+00:00,1,4476.245,4512.155,4512.4689898722545,,0.12,435.71999999999827,1.4825858482776544,"{'trail_atr_mult': 3.0, 'trail_atr_len': 14, 'tp_converts_to_trail': True, 'rsi': np.float64(63.550330936678634), 'atr': 16.190662165446522, 'exit_reason': 'sl_gap', 'signal_time': Timestamp('2026-01-08 19:00:00+0000', tz='UTC')}"
2026-01-13 13:00:00+00:00,2026-01-13 17:00:00+00:00,1,4611.665,4586.984136011213,4587.159136011213,4647.98629598318,0.12,-296.1703678654412,-1.0071411479342358,"{'trail_atr_mult': 3.0, 'trail_atr_len': 14, 'tp_converts_to_trail': True, 'rsi': np.float64(62.40781889933936), 'atr': 16.220575992524537, 'exit_reason': 'sl', 'signal_time': Timestamp('2026-01-13 12:00:00+0000', tz='UTC')}"
2026-01-13 02:00:00+00:00,2026-01-13 18:00:00+00:00,1,4594.305,4583.779109735111,4583.954109735111,4635.357421023751,0.11,-115.78479291378243,-0.3807757257825295,"{'trail_atr_mult': 3.0, 'trail_atr_len': 14, 'tp_converts_to_trail': True, 'rsi': np.float64(55.68185236113357), 'atr': 18.318853788333715, 'exit_reason': 'sl', 'signal_time': Timestamp('2026-01-13 01:00:00+0000', tz='UTC')}"
2026-01-14 18:00:00+00:00,2026-01-14 23:00:00+00:00,1,4635.215,4608.429673494946,4608.604673494946,4674.692989757581,0.11,-294.6385915555984,-1.006576394316956,"{'trail_atr_mult': 3.0, 'trail_atr_len': 14, 'tp_converts_to_trail': True, 'rsi': np.float64(58.82318830949885), 'atr': 17.623551003369307, 'exit_reason': 'sl', 'signal_time': Timestamp('2026-01-14 17:00:00+0000', tz='UTC')}"
2026-01-14 00:00:00+00:00,2026-01-15 01:00:00+00:00,1,4609.305,4596.935820305273,4597.110820305274,4649.689047113303,0.11,-122.86097664199569,-0.41016366684844396,"{'trail_atr_mult': 3.0, 'trail_atr_len': 14, 'tp_converts_to_trail': True, 'rsi': np.float64(56.700332460804205), 'atr': 18.03068760591232, 'exit_reason': 'sl', 'signal_time': Timestamp('2026-01-13 23:00:00+0000', tz='UTC')}"
2026-01-20 01:00:00+00:00,2026-01-21 15:00:00+00:00,1,4669.925,4827.276152808987,4827.451152808987,,0.14,2208.5161393258127,7.796131402934333,"{'trail_atr_mult': 3.0, 'trail_atr_len': 14, 'tp_converts_to_trail': True, 'rsi': np.float64(57.2378214793944), 'atr': 13.373028384702666, 'exit_reason': 'sl', 'signal_time': Timestamp('2026-01-20 00:00:00+0000', tz='UTC')}"
2026-01-21 18:00:00+00:00,2026-01-21 19:00:00+00:00,1,4850.395,4810.980329108513,4811.155329108513,4908.817006337231,0.07,-275.9026962404141,-1.0044597723687367,"{'trail_atr_mult': 3.0, 'trail_atr_len': 14, 'tp_converts_to_trail': True, 'rsi': np.float64(60.656913226441084), 'atr': 26.043113927658045, 'exit_reason': 'sl', 'signal_time': Timestamp('2026-01-21 17:00:00+0000', tz='UTC')}"
2026-01-22 14:00:00+00:00,2026-01-23 08:00:00+00:00,1,4835.415,4903.5142716044475,4903.689271604448,,0.08,547.99417283558,1.9136012990016442,"{'trail_atr_mult': 3.0, 'trail_atr_len': 14, 'tp_converts_to_trail': True, 'rsi': np.float64(55.528542641932), 'atr': 23.747333161017455, 'exit_reason': 'sl', 'signal_time': Timestamp('2026-01-22 13:00:00+0000', tz='UTC')}"
2026-01-22 07:00:00+00:00,2026-01-23 08:00:00+00:00,1,4832.845,4903.5142716044475,4903.689271604448,,0.07,497.48490123113055,1.7336005164064034,"{'trail_atr_mult': 3.0, 'trail_atr_len': 14, 'tp_converts_to_trail': True, 'rsi': np.float64(55.15043735493672), 'atr': 27.21345578921374, 'exit_reason': 'sl', 'signal_time': Timestamp('2026-01-22 06:00:00+0000', tz='UTC')}"
2026-01-23 10:00:00+00:00,2026-01-23 17:00:00+00:00,1,4929.955,4980.245,4980.424609225137,,0.09,452.6099999999997,1.4854640965299093,"{'trail_atr_mult': 3.0, 'trail_atr_len': 14, 'tp_converts_to_trail': True, 'rsi': np.float64(57.839409313146064), 'atr': 22.48649298894964, 'exit_reason': 'sl_gap', 'signal_time': Timestamp('2026-01-23 09:00:00+0000', tz='UTC')}"
2026-01-27 05:00:00+00:00,2026-01-28 00:00:00+00:00,1,5083.165,5157.173728537568,5157.348728537569,,0.06,446.4523712254107,1.4957284273356635,"{'trail_atr_mult': 3.0, 'trail_atr_len': 14, 'tp_converts_to_trail': True, 'rsi': np.float64(57.099107600211234), 'atr': 33.04832379447493, 'exit_reason': 'sl', 'signal_time': Timestamp('2026-01-27 04:00:00+0000', tz='UTC')}"
2026-01-27 02:00:00+00:00,2026-01-29 00:00:00+00:00,1,5072.5650000000005,5453.676432789871,5453.851432789871,,0.05,1913.557163949352,7.080165442584654,"{'trail_atr_mult': 3.0, 'trail_atr_len': 14, 'tp_converts_to_trail': True, 'rsi': np.float64(55.39099177789284), 'atr': 35.919349336386496, 'exit_reason': 'sl', 'signal_time': Timestamp('2026-01-27 01:00:00+0000', tz='UTC')}"
2026-01-27 12:00:00+00:00,2026-01-29 00:00:00+00:00,1,5085.155,5453.676432789871,5453.851432789871,,0.07,2590.8500295290983,8.99967282181437,"{'trail_atr_mult': 3.0, 'trail_atr_len': 14, 'tp_converts_to_trail': True, 'rsi': np.float64(55.48273247363287), 'atr': 27.307399137202268, 'exit_reason': 'sl', 'signal_time': Timestamp('2026-01-27 11:00:00+0000', tz='UTC')}"
2026-01-27 15:00:00+00:00,2026-01-29 00:00:00+00:00,1,5091.135,5453.676432789871,5453.851432789871,,0.07,2548.990029529095,8.40427651759923,"{'trail_atr_mult': 3.0, 'trail_atr_len': 14, 'tp_converts_to_trail': True, 'rsi': np.float64(55.8583591272922), 'atr': 28.768741218816807, 'exit_reason': 'sl', 'signal_time': Timestamp('2026-01-27 14:00:00+0000', tz='UTC')}"
2026-02-10 13:00:00+00:00,2026-02-10 15:00:00+00:00,1,5051.345,5007.439583151822,5007.614583151822,5116.478125272266,0.07,-307.33791793724595,-1.0040017912613945,"{'trail_atr_mult': 3.0, 'trail_atr_len': 14, 'tp_converts_to_trail': True, 'rsi': np.float64(55.71691252469716), 'atr': 29.030277898784867, 'exit_reason': 'sl', 'signal_time': Timestamp('2026-02-10 12:00:00+0000', tz='UTC')}"
2026-02-10 09:00:00+00:00,2026-02-10 15:00:00+00:00,1,5047.035,5001.774986567711,5001.949986567711,5114.225020148433,0.07,-316.82009402602495,-1.003881555902451,"{'trail_atr_mult': 3.0, 'trail_atr_len': 14, 'tp_converts_to_trail': True, 'rsi': np.float64(56.0368554165487), 'atr': 29.94000895485924, 'exit_reason': 'sl', 'signal_time': Timestamp('2026-02-10 08:00:00+0000', tz='UTC')}"
2026-02-11 01:00:00+00:00,2026-02-11 12:00:00+00:00,1,5052.755,5111.585,5113.902915300651,,0.08,470.6399999999994,1.432887958442764,"{'trail_atr_mult': 3.0, 'trail_atr_len': 14, 'tp_converts_to_trail': True, 'rsi': np.float64(56.997507724425034), 'atr': 27.254629022511633, 'exit_reason': 'sl_gap', 'signal_time': Timestamp('2026-02-11 00:00:00+0000', tz='UTC')}"
2026-02-11 05:00:00+00:00,2026-02-11 12:00:00+00:00,1,5052.925,5108.9574088635445,5109.132408863545,,0.08,448.25927090835467,1.4837805370609,"{'trail_atr_mult': 3.0, 'trail_atr_len': 14, 'tp_converts_to_trail': True, 'rsi': np.float64(56.206526786489185), 'atr': 25.058848383797567, 'exit_reason': 'sl', 'signal_time': Timestamp('2026-02-11 04:00:00+0000', tz='UTC')}"
2026-02-11 16:00:00+00:00,2026-02-12 16:00:00+00:00,1,5075.405,5031.2434564882005,5031.418456488201,5150.1430431989165,0.06,-257.76926107079527,-0.857509640311249,"{'trail_atr_mult': 3.0, 'trail_atr_len': 14, 'tp_converts_to_trail': True, 'rsi': np.float64(56.13224469306748), 'atr': 33.29024142174089, 'exit_reason': 'sl', 'signal_time': Timestamp('2026-02-11 15:00:00+0000', tz='UTC')}"
2026-02-20 08:00:00+00:00,2026-02-20 15:00:00+00:00,1,5029.165,5000.047631772419,5000.222631772419,5072.363766421277,0.11,-320.2910505033933,-1.0009117627000745,"{'trail_atr_mult': 3.0, 'trail_atr_len': 14, 'tp_converts_to_trail': True, 'rsi': np.float64(61.55215855157837), 'atr': 19.277229520567875, 'exit_reason': 'sl', 'signal_time': Timestamp('2026-02-20 07:00:00+0000', tz='UTC')}"
2026-02-25 01:00:00+00:00,2026-02-25 20:00:00+00:00,1,5177.165,5155.094606611882,5155.269606611882,5236.474815649792,0.08,-176.5631471049419,-0.5540933466571899,"{'trail_atr_mult': 3.0, 'trail_atr_len': 14, 'tp_converts_to_trail': True, 'rsi': np.float64(55.11258905091898), 'atr': 26.437695844351996, 'exit_reason': 'sl', 'signal_time': Timestamp('2026-02-25 00:00:00+0000', tz='UTC')}"
2026-02-25 14:00:00+00:00,2026-02-25 20:00:00+00:00,1,5191.475,5157.603820549303,5157.778820549303,5241.306769176044,0.09,-304.84061505627415,-1.005193467118616,"{'trail_atr_mult': 3.0, 'trail_atr_len': 14, 'tp_converts_to_trail': True, 'rsi': np.float64(56.49754558118176), 'atr': 22.27411963379758, 'exit_reason': 'sl', 'signal_time': Timestamp('2026-02-25 13:00:00+0000', tz='UTC')}"
2026-02-26 05:00:00+00:00,2026-02-26 10:00:00+00:00,1,5198.515,5165.839950236285,5166.014950236286,5246.827574645572,0.1,-326.7504976371493,-1.0053846071397579,"{'trail_atr_mult': 3.0, 'trail_atr_len': 14, 'tp_converts_to_trail': True, 'rsi': np.float64(55.70659759637956), 'atr': 21.55003317580959, 'exit_reason': 'sl', 'signal_time': Timestamp('2026-02-26 04:00:00+0000', tz='UTC')}"
2026-02-27 05:00:00+00:00,2026-02-27 16:00:00+00:00,1,5198.005,5239.445,5245.874964885948,,0.1,414.399999999996,1.2867576501220777,"{'trail_atr_mult': 3.0, 'trail_atr_len': 14, 'tp_converts_to_trail': True, 'rsi': np.float64(56.159150434777175), 'atr': 21.353317727088378, 'exit_reason': 'sl_gap', 'signal_time': Timestamp('2026-02-27 04:00:00+0000', tz='UTC')}"
2026-02-27 13:00:00+00:00,2026-03-02 01:00:00+00:00,1,5223.305,5310.243757994294,5310.4187579942945,,0.11,969.5263379372349,2.941192990288998,"{'trail_atr_mult': 3.0, 'trail_atr_len': 14, 'tp_converts_to_trail': True, 'rsi': np.float64(65.11995832977289), 'atr': 19.861339601606822, 'exit_reason': 'sl', 'signal_time': Timestamp('2026-02-27 12:00:00+0000', tz='UTC')}"
2026-03-03 02:00:00+00:00,2026-03-03 05:00:00+00:00,1,5367.085,5319.990885181723,5320.165885181723,5437.026172227415,0.07,-329.6588037279417,-1.0037298231366465,"{'trail_atr_mult': 3.0, 'trail_atr_len': 14, 'tp_converts_to_trail': True, 'rsi': np.float64(58.87320817984065), 'atr': 31.162743212184676, 'exit_reason': 'sl', 'signal_time': Timestamp('2026-03-03 01:00:00+0000', tz='UTC')}"
2026-03-02 23:00:00+00:00,2026-03-03 06:00:00+00:00,1,5346.195000000001,5300.270461510538,5300.445461510538,5414.381807734194,0.07,-318.67176942624087,-0.9950819176011657,"{'trail_atr_mult': 3.0, 'trail_atr_len': 14, 'tp_converts_to_trail': True, 'rsi': np.float64(55.10779628532864), 'atr': 30.383025659641582, 'exit_reason': 'sl', 'signal_time': Timestamp('2026-03-02 22:00:00+0000', tz='UTC')}"
2026-04-07 22:00:00+00:00,2026-04-08 13:00:00+00:00,1,4705.885,4770.908228001813,4771.083228001813,,0.06,392.5393680108758,1.2559535120789063,"{'trail_atr_mult': 3.0, 'trail_atr_len': 14, 'tp_converts_to_trail': True, 'rsi': np.float64(60.737434987857974), 'atr': 31.27699022302788, 'exit_reason': 'sl', 'signal_time': Timestamp('2026-04-07 19:00:00+0000', tz='UTC')}"
2026-04-09 14:00:00+00:00,2026-04-10 09:00:00+00:00,1,4764.675,4739.265610015461,4739.440610015461,4821.122499622665,0.08,-200.07511987631446,-0.6591826607896962,"{'trail_atr_mult': 3.0, 'trail_atr_len': 14, 'tp_converts_to_trail': True, 'rsi': np.float64(58.40057705797048), 'atr': 25.169999832295524, 'exit_reason': 'sl', 'signal_time': Timestamp('2026-04-09 13:00:00+0000', tz='UTC')}"
2026-04-09 12:00:00+00:00,2026-04-10 09:00:00+00:00,1,4756.795,4739.265610015461,4739.440610015461,4810.821833881906,0.09,-154.16450986085275,-0.4717598315352723,"{'trail_atr_mult': 3.0, 'trail_atr_len': 14, 'tp_converts_to_trail': True, 'rsi': np.float64(57.072052039259354), 'atr': 24.089703947513872, 'exit_reason': 'sl', 'signal_time': Timestamp('2026-04-09 11:00:00+0000', tz='UTC')}"
2026-04-10 13:00:00+00:00,2026-04-12 23:00:00+00:00,1,4772.005,4723.4349999999995,4741.3230578911225,4817.590413163316,0.1,-477.70000000000624,-1.556941859497829,"{'trail_atr_mult': 3.0, 'trail_atr_len': 14, 'tp_converts_to_trail': True, 'rsi': np.float64(56.22316784809336), 'atr': 20.337961405918072, 'exit_reason': 'sl_gap', 'signal_time': Timestamp('2026-04-10 12:00:00+0000', tz='UTC')}"
2026-04-14 12:00:00+00:00,2026-04-15 03:00:00+00:00,1,4775.145,4821.285117081867,4821.460117081867,,0.1,465.40117081866265,1.4931821998447246,"{'trail_atr_mult': 3.0, 'trail_atr_len': 14, 'tp_converts_to_trail': True, 'rsi': np.float64(56.83574838403313), 'atr': 20.66227425860742, 'exit_reason': 'sl', 'signal_time': Timestamp('2026-04-14 11:00:00+0000', tz='UTC')}"
2026-04-15 09:00:00+00:00,2026-04-15 10:00:00+00:00,1,4818.615,4789.97853537822,4790.15353537822,4860.869696932668,0.11,-315.00111083957836,-1.0061486646005655,"{'trail_atr_mult': 3.0, 'trail_atr_len': 14, 'tp_converts_to_trail': True, 'rsi': np.float64(55.99589064681898), 'atr': 18.85764308118619, 'exit_reason': 'sl', 'signal_time': Timestamp('2026-04-15 08:00:00+0000', tz='UTC')}"
2026-04-15 14:00:00+00:00,2026-04-15 16:00:00+00:00,1,4829.115,4800.28038150247,4800.45538150247,4871.666927746294,0.11,-317.1808034728283,-1.006106152460308,"{'trail_atr_mult': 3.0, 'trail_atr_len': 14, 'tp_converts_to_trail': True, 'rsi': np.float64(59.399111232031174), 'atr': 18.98974566501983, 'exit_reason': 'sl', 'signal_time': Timestamp('2026-04-15 13:00:00+0000', tz='UTC')}"
2026-04-16 00:00:00+00:00,2026-04-16 14:00:00+00:00,1,4823.595,4795.834269363465,4796.009269363465,4864.486095954801,0.12,-333.1287676384236,-1.0063438595230974,"{'trail_atr_mult': 3.0, 'trail_atr_len': 14, 'tp_converts_to_trail': True, 'rsi': np.float64(56.89724460156569), 'atr': 18.260487091022867, 'exit_reason': 'sl', 'signal_time': Timestamp('2026-04-15 23:00:00+0000', tz='UTC')}"
2026-04-16 04:00:00+00:00,2026-04-16 14:00:00+00:00,1,4824.175,4797.59032557502,4797.76532557502,4863.352011637469,0.12,-319.01609309976266,-1.0066263596129248,"{'trail_atr_mult': 3.0, 'trail_atr_len': 14, 'tp_converts_to_trail': True, 'rsi': np.float64(55.653930131944044), 'atr': 17.489782949986484, 'exit_reason': 'sl', 'signal_time': Timestamp('2026-04-16 03:00:00+0000', tz='UTC')}"
2026-04-16 07:00:00+00:00,2026-04-16 14:00:00+00:00,1,4826.255,4800.500224230436,4800.6752242304365,4864.187163654345,0.12,-309.05730923476585,-1.0068413422219442,"{'trail_atr_mult': 3.0, 'trail_atr_len': 14, 'tp_converts_to_trail': True, 'rsi': np.float64(55.247968746272775), 'atr': 16.936517179708673, 'exit_reason': 'sl', 'signal_time': Timestamp('2026-04-16 06:00:00+0000', tz='UTC')}"
2026-04-20 23:00:00+00:00,2026-04-21 04:00:00+00:00,1,4827.795,4799.113559108853,4799.288559108853,4870.11716133672,0.11,-311.09584980261536,-0.9921070469351474,"{'trail_atr_mult': 3.0, 'trail_atr_len': 14, 'tp_converts_to_trail': True, 'rsi': np.float64(58.22200896255883), 'atr': 18.887627260764134, 'exit_reason': 'sl', 'signal_time': Timestamp('2026-04-20 22:00:00+0000', tz='UTC')}"
2026-05-08 14:00:00+00:00,2026-05-08 15:00:00+00:00,1,4748.165,4715.291556945721,4715.466556945721,4796.775164581418,0.1,-328.7344305427905,-1.0053519367790595,"{'trail_atr_mult': 3.0, 'trail_atr_len': 14, 'tp_converts_to_trail': True, 'rsi': np.float64(61.853494837746034), 'atr': 21.682295369519228, 'exit_reason': 'sl', 'signal_time': Timestamp('2026-05-08 13:00:00+0000', tz='UTC')}"
2026-05-08 06:00:00+00:00,2026-05-10 23:00:00+00:00,1,4727.775000000001,4692.9349999999995,4695.635503730631,4775.546744404054,0.1,-340.40000000001055,-1.059132965703727,"{'trail_atr_mult': 3.0, 'trail_atr_len': 14, 'tp_converts_to_trail': True, 'rsi': np.float64(55.76344716518161), 'atr': 21.30966417957956, 'exit_reason': 'sl_gap', 'signal_time': Timestamp('2026-05-08 05:00:00+0000', tz='UTC')}"
2026-06-17 02:00:00+00:00,2026-06-17 05:00:00+00:00,1,4341.1050000000005,4318.751804894877,4318.926804894877,4373.934792657685,0.14,-312.9447314717309,-1.0078906330822095,"{'trail_atr_mult': 3.0, 'trail_atr_len': 14, 'tp_converts_to_trail': True, 'rsi': np.float64(55.95262229204145), 'atr': 14.668796736748606, 'exit_reason': 'sl', 'signal_time': Timestamp('2026-06-17 01:00:00+0000', tz='UTC')}"
2026-06-17 14:00:00+00:00,2026-06-17 19:00:00+00:00,1,4340.115,4370.508697065769,4370.68369706577,,0.15,455.90545598654444,1.4703688266557777,"{'trail_atr_mult': 3.0, 'trail_atr_len': 14, 'tp_converts_to_trail': True, 'rsi': np.float64(56.372093130049805), 'atr': 13.663865362564241, 'exit_reason': 'sl', 'signal_time': Timestamp('2026-06-17 13:00:00+0000', tz='UTC')}"
2026-07-22 14:00:00+00:00,2026-07-22 23:00:00+00:00,1,4154.785,4122.107331390358,4122.282331390358,4218.725337219285,0.09,-294.0990174867766,-1.0053841732844135,"{'trail_atr_mult': 3.0, 'trail_atr_len': 14, 'tp_converts_to_trail': True, 'rsi': np.float64(72.6551232773339), 'atr': 16.073834304821172, 'exit_reason': 'sl', 'signal_time': Timestamp('2026-07-22 13:00:00+0000', tz='UTC')}"
2026-08-04 17:00:00+00:00,2026-08-04 23:00:00+00:00,1,4093.4550000000004,4060.4769744863775,4060.6519744863776,4158.626051027244,0.09,-296.8022296226063,-1.0053348737581387,"{'trail_atr_mult': 3.0, 'trail_atr_len': 14, 'tp_converts_to_trail': True, 'rsi': np.float64(67.15568412749172), 'atr': 16.32901275681107, 'exit_reason': 'sl', 'signal_time': Timestamp('2026-08-04 16:00:00+0000', tz='UTC')}"
2026-08-05 02:00:00+00:00,2026-08-05 07:00:00+00:00,1,4101.495,4161.1849999999995,4169.157640906956,,0.08,477.5199999999968,1.749987223434301,"{'trail_atr_mult': 3.0, 'trail_atr_len': 14, 'tp_converts_to_trail': True, 'rsi': np.float64(66.29434079530215), 'atr': 16.96191022673885, 'exit_reason': 'sl_gap', 'signal_time': Timestamp('2026-08-05 01:00:00+0000', tz='UTC')}"
2026-08-06 09:00:00+00:00,2026-08-06 14:00:00+00:00,1,4278.445000000001,4235.000324274698,4235.175324274698,4364.459351450606,0.06,-260.66805435181595,-1.0040444028541182,"{'trail_atr_mult': 3.0, 'trail_atr_len': 14, 'tp_converts_to_trail': True, 'rsi': np.float64(67.95874849153219), 'atr': 21.547337862651343, 'exit_reason': 'sl', 'signal_time': Timestamp('2026-08-06 08:00:00+0000', tz='UTC')}"
2026-08-07 09:00:00+00:00,2026-08-09 23:00:00+00:00,1,4306.175,4309.029020339947,4309.204020339947,4385.848325448964,0.07,25.57814237962939,0.09115870437566433,"{'trail_atr_mult': 3.0, 'trail_atr_len': 14, 'tp_converts_to_trail': True, 'rsi': np.float64(65.46850870325218), 'atr': 19.95958136224079, 'exit_reason': 'sl', 'signal_time': Timestamp('2026-08-07 08:00:00+0000', tz='UTC')}"
2026-08-10 07:00:00+00:00,2026-08-10 14:00:00+00:00,1,4358.045,4317.1972878794895,4317.37228787949,4439.105424241019,0.07,-285.9339848435739,-1.0043026390637946,"{'trail_atr_mult': 3.0, 'trail_atr_len': 14, 'tp_converts_to_trail': True, 'rsi': np.float64(66.44507538523601), 'atr': 20.28885606025493, 'exit_reason': 'sl', 'signal_time': Timestamp('2026-08-10 06:00:00+0000', tz='UTC')}"
2026-08-10 19:00:00+00:00,2026-08-11 06:00:00+00:00,1,4378.485000000001,4372.997529071493,4373.172529071493,4451.563727612319,0.08,-40.69976742806175,-0.13863503310203165,"{'trail_atr_mult': 3.0, 'trail_atr_len': 14, 'tp_converts_to_trail': True, 'rsi': np.float64(67.36060016662168), 'atr': 18.295931903079726, 'exit_reason': 'sl', 'signal_time': Timestamp('2026-08-10 18:00:00+0000', tz='UTC')}"
2026-08-12 13:00:00+00:00,2026-08-12 17:00:00+00:00,1,4437.265,4398.717729659514,4398.892729659514,4513.544540680971,0.07,-269.83089238340654,-1.0045605849861727,"{'trail_atr_mult': 3.0, 'trail_atr_len': 14, 'tp_converts_to_trail': True, 'rsi': np.float64(68.89237527375593), 'atr': 19.108635170242813, 'exit_reason': 'sl', 'signal_time': Timestamp('2026-08-12 12:00:00+0000', tz='UTC')}"
2026-08-17 16:00:00+00:00,2026-08-18 05:00:00+00:00,1,4427.8150000000005,4390.020225473155,4390.195225473155,4502.10954905369,0.07,-261.76342168791984,-0.9940191029098471,"{'trail_atr_mult': 3.0, 'trail_atr_len': 14, 'tp_converts_to_trail': True, 'rsi': np.float64(66.05828283458087), 'atr': 18.652387263422607, 'exit_reason': 'sl', 'signal_time': Timestamp('2026-08-17 15:00:00+0000', tz='UTC')}"
2026-08-20 15:00:00+00:00,2026-08-21 11:00:00+00:00,1,4516.075,4582.405,4595.474649360393,,0.07,467.1099999999995,1.66919623896335,"{'trail_atr_mult': 3.0, 'trail_atr_len': 14, 'tp_converts_to_trail': True, 'rsi': np.float64(65.77627448067929), 'atr': 19.89616234009821, 'exit_reason': 'sl_gap', 'signal_time': Timestamp('2026-08-20 14:00:00+0000', tz='UTC')}"
2026-08-21 05:00:00+00:00,2026-08-21 18:00:00+00:00,1,4540.685,4617.633752965305,4617.808752965305,,0.07,538.64127075713,1.9858062232240976,"{'trail_atr_mult': 3.0, 'trail_atr_len': 14, 'tp_converts_to_trail': True, 'rsi': np.float64(66.04492014332493), 'atr': 19.312188241326048, 'exit_reason': 'sl', 'signal_time': Timestamp('2026-08-21 04:00:00+0000', tz='UTC')}"
2026-08-20 22:00:00+00:00,2026-08-23 23:00:00+00:00,1,4508.475,4606.615081169617,4606.790081169617,,0.15,1490.1012175442502,5.187460607703279,"{'trail_atr_mult': 3.0, 'trail_atr_len': 14, 'tp_converts_to_trail': True, 'rsi': np.float64(66.57804423500401), 'atr': 19.57752029240438, 'exit_reason': 'sl', 'signal_time': Timestamp('2026-08-20 19:00:00+0000', tz='UTC')}"
2026-08-24 00:00:00+00:00,2026-08-24 23:00:00+00:00,1,4624.3550000000005,4618.196300200155,4618.371300200155,4701.2716456201,0.07,-43.11089859891945,-0.1577098600406581,"{'trail_atr_mult': 3.0, 'trail_atr_len': 14, 'tp_converts_to_trail': True, 'rsi': np.float64(68.60282668081534), 'atr': 19.327911405024928, 'exit_reason': 'sl', 'signal_time': Timestamp('2026-08-23 23:00:00+0000', tz='UTC')}"
2026-08-24 23:00:00+00:00,2026-08-25 03:00:00+00:00,1,4667.895,4623.663011929066,4623.838011929066,4768.179504235922,0.05,-219.15994035467338,-0.8641995719733259,"{'trail_atr_mult': 3.0, 'trail_atr_len': 14, 'tp_converts_to_trail': True, 'rsi': np.float64(65.27324782353736), 'atr': 25.167376058980278, 'exit_reason': 'sl', 'signal_time': Timestamp('2026-08-24 22:00:00+0000', tz='UTC')}"
