entry_time,exit_time,direction,entry,exit,sl,tp,lots,pnl,r_multiple,meta
2017-01-04 09:00:00+00:00,2017-01-05 07:00:00+00:00,1,1165.5449999999998,1177.968640308832,1178.143640308832,,0.75,1021.7730231624068,2.066749393899267,"{'trail_atr_mult': 4.0, 'trail_atr_len': 14, 'tp_converts_to_trail': True, 'don_upper': 1164.35, 'don_lower': 1126.39, 'atr': 3.1984100772080004, 'exit_reason': 'sl', 'signal_time': Timestamp('2017-01-04 08:00:00+0000', tz='UTC')}"
2017-01-05 15:00:00+00:00,2017-01-06 06:00:00+00:00,1,1181.565,1173.7307091940977,1173.9057091940977,1196.0885816118048,0.65,-483.2289023836531,-0.9706239120955356,"{'trail_atr_mult': 4.0, 'trail_atr_len': 14, 'tp_converts_to_trail': True, 'don_upper': 1179.26, 'don_lower': 1126.77, 'atr': 3.697145402951205, 'exit_reason': 'sl', 'signal_time': Timestamp('2017-01-05 14:00:00+0000', tz='UTC')}"
2017-01-10 14:00:00+00:00,2017-01-10 17:00:00+00:00,1,1188.985,1182.2465975850603,1182.4215975850602,1201.5868048298796,0.76,-512.1185835354117,-1.0266630002148913,"{'trail_atr_mult': 4.0, 'trail_atr_len': 14, 'tp_converts_to_trail': True, 'don_upper': 1187.54, 'don_lower': 1136.45, 'atr': 3.194201207469911, 'exit_reason': 'sl', 'signal_time': Timestamp('2017-01-10 13:00:00+0000', tz='UTC')}"
2017-01-11 18:00:00+00:00,2017-01-13 01:00:00+00:00,1,1195.0149999999999,1193.2374973480498,1193.4124973480498,1212.7213551785962,0.54,-9.585143205302401,-0.019472238921485804,"{'trail_atr_mult': 4.0, 'trail_atr_len': 14, 'tp_converts_to_trail': True, 'don_upper': 1191.27, 'don_lower': 1144.33, 'atr': 4.470338794649065, 'exit_reason': 'sl', 'signal_time': Timestamp('2017-01-11 17:00:00+0000', tz='UTC')}"
2017-01-17 05:00:00+00:00,2017-01-18 20:00:00+00:00,1,1211.965,1208.1751469545313,1208.3501469545313,1221.4418011161574,0.99,-335.59545150139036,-0.673806410270849,"{'trail_atr_mult': 4.0, 'trail_atr_len': 14, 'tp_converts_to_trail': True, 'don_upper': 1208.48, 'don_lower': 1160.63, 'atr': 2.417950279039365, 'exit_reason': 'sl', 'signal_time': Timestamp('2017-01-17 04:00:00+0000', tz='UTC')}"
2017-01-26 12:00:00+00:00,2017-01-27 19:00:00+00:00,-1,1187.4850000000001,1191.0699982176238,1190.8949982176239,1175.943726249749,0.83,-314.15485206276765,-0.6368687609174336,"{'trail_atr_mult': 4.0, 'trail_atr_len': 14, 'tp_converts_to_trail': True, 'don_upper': 1219.4, 'don_lower': 1188.7, 'atr': 2.9140684375626993, 'exit_reason': 'sl', 'signal_time': Timestamp('2017-01-26 11:00:00+0000', tz='UTC')}"
2017-02-02 10:00:00+00:00,2017-02-02 16:00:00+00:00,1,1222.375,1215.3816611053387,1215.5566611053387,1235.5166777893228,0.72,-503.520400415613,-1.0256660753746014,"{'trail_atr_mult': 4.0, 'trail_atr_len': 14, 'tp_converts_to_trail': True, 'don_upper': 1219.4, 'don_lower': 1180.48, 'atr': 3.3266694473307, 'exit_reason': 'sl', 'signal_time': Timestamp('2017-02-02 09:00:00+0000', tz='UTC')}"
2017-02-06 11:00:00+00:00,2017-02-08 09:00:00+00:00,1,1226.135,1235.8653606798857,1236.0403606798857,,0.95,1000.3842645891448,2.030857171691375,"{'trail_atr_mult': 4.0, 'trail_atr_len': 14, 'tp_converts_to_trail': True, 'don_upper': 1225.21, 'don_lower': 1180.48, 'atr': 2.5150901699714026, 'exit_reason': 'sl', 'signal_time': Timestamp('2017-02-06 10:00:00+0000', tz='UTC')}"
2017-02-08 12:00:00+00:00,2017-02-09 15:00:00+00:00,1,1239.905,1235.5098700755123,1235.6848700755122,1250.1124905046624,0.92,-293.9519530528702,-0.5921024295749675,"{'trail_atr_mult': 4.0, 'trail_atr_len': 14, 'tp_converts_to_trail': True, 'don_upper': 1238.31, 'don_lower': 1180.48, 'atr': 2.600622626165625, 'exit_reason': 'sl', 'signal_time': Timestamp('2017-02-08 11:00:00+0000', tz='UTC')}"
2017-02-23 13:00:00+00:00,2017-02-24 13:00:00+00:00,1,1248.575,1257.535,1258.297191707221,,0.97,907.9200000000035,1.8376016215274655,"{'trail_atr_mult': 4.0, 'trail_atr_len': 14, 'tp_converts_to_trail': True, 'don_upper': 1243.71, 'don_lower': 1216.64, 'atr': 2.469297926805233, 'exit_reason': 'sl_gap', 'signal_time': Timestamp('2017-02-23 12:00:00+0000', tz='UTC')}"
2017-02-24 13:00:00+00:00,2017-02-24 14:00:00+00:00,1,1260.0149999999999,1255.4921566962694,1255.6671566962693,1268.185686607461,1.15,-520.126979929007,-1.040249840616335,"{'trail_atr_mult': 4.0, 'trail_atr_len': 14, 'tp_converts_to_trail': True, 'don_upper': 1258.35, 'don_lower': 1216.64, 'atr': 2.086421651865278, 'exit_reason': 'sl', 'signal_time': Timestamp('2017-02-24 12:00:00+0000', tz='UTC')}"
2017-02-27 16:00:00+00:00,2017-02-27 18:00:00+00:00,1,1263.075,1257.8497172212708,1258.0247172212707,1272.6805655574587,0.98,-512.0777123154667,-1.0346515250070782,"{'trail_atr_mult': 4.0, 'trail_atr_len': 14, 'tp_converts_to_trail': True, 'don_upper': 1260.05, 'don_lower': 1216.64, 'atr': 2.44264138936468, 'exit_reason': 'sl', 'signal_time': Timestamp('2017-02-27 15:00:00+0000', tz='UTC')}"
2017-03-03 15:00:00+00:00,2017-03-03 19:00:00+00:00,-1,1225.255,1231.227170090081,1231.052170090081,1213.9156598198374,0.85,-507.6344576568772,-1.0301871425679543,"{'trail_atr_mult': 4.0, 'trail_atr_len': 14, 'tp_converts_to_trail': True, 'don_upper': 1263.79, 'don_lower': 1225.45, 'atr': 2.8560850450406283, 'exit_reason': 'sl', 'signal_time': Timestamp('2017-03-03 14:00:00+0000', tz='UTC')}"
2017-03-07 13:00:00+00:00,2017-03-08 09:00:00+00:00,-1,1220.935,1213.205,1212.7233187912468,,1.14,858.4200000000021,1.7477726789638681,"{'trail_atr_mult': 4.0, 'trail_atr_len': 14, 'tp_converts_to_trail': True, 'don_upper': 1263.79, 'don_lower': 1222.16, 'atr': 2.086670302188261, 'exit_reason': 'sl_gap', 'signal_time': Timestamp('2017-03-07 12:00:00+0000', tz='UTC')}"
2017-03-08 13:00:00+00:00,2017-03-09 23:00:00+00:00,-1,1209.395,1200.975,1200.7717507987973,,1.11,868.020000000008,1.7439301305211536,"{'trail_atr_mult': 4.0, 'trail_atr_len': 14, 'tp_converts_to_trail': True, 'don_upper': 1263.79, 'don_lower': 1211.36, 'atr': 2.1845623003006955, 'exit_reason': 'sl_gap', 'signal_time': Timestamp('2017-03-08 12:00:00+0000', tz='UTC')}"
2017-03-10 04:00:00+00:00,2017-03-10 13:00:00+00:00,-1,1196.9550000000002,1201.7052756105684,1201.5302756105684,1188.3294487788635,1.1,-522.5303171625047,-1.038249061891644,"{'trail_atr_mult': 4.0, 'trail_atr_len': 14, 'tp_converts_to_trail': True, 'don_upper': 1263.79, 'don_lower': 1197.55, 'atr': 2.200137805284156, 'exit_reason': 'sl', 'signal_time': Timestamp('2017-03-10 03:00:00+0000', tz='UTC')}"
2017-03-20 02:00:00+00:00,2017-03-21 01:00:00+00:00,1,1234.185,1229.6258033406857,1229.8008033406857,1242.4583933186289,1.14,-474.1484191618232,-0.9486793094643623,"{'trail_atr_mult': 4.0, 'trail_atr_len': 14, 'tp_converts_to_trail': True, 'don_upper': 1233.67, 'don_lower': 1194.91, 'atr': 2.109598329657199, 'exit_reason': 'sl', 'signal_time': Timestamp('2017-03-20 01:00:00+0000', tz='UTC')}"
2017-03-21 13:00:00+00:00,2017-03-22 07:00:00+00:00,1,1239.335,1247.275,1248.06088150772,,1.08,900.7200000000059,1.8148422418447692,"{'trail_atr_mult': 4.0, 'trail_atr_len': 14, 'tp_converts_to_trail': True, 'don_upper': 1235.45, 'don_lower': 1194.91, 'atr': 2.2202203769300177, 'exit_reason': 'sl_gap', 'signal_time': Timestamp('2017-03-21 12:00:00+0000', tz='UTC')}"
2017-03-22 17:00:00+00:00,2017-03-22 23:00:00+00:00,1,1251.185,1246.1357913388665,1246.3107913388665,1260.4984173222667,1.03,-520.0684920967437,-1.0359032639278227,"{'trail_atr_mult': 4.0, 'trail_atr_len': 14, 'tp_converts_to_trail': True, 'don_upper': 1250.37, 'don_lower': 1194.91, 'atr': 2.3646043305667015, 'exit_reason': 'sl', 'signal_time': Timestamp('2017-03-22 16:00:00+0000', tz='UTC')}"
2017-03-23 12:00:00+00:00,2017-03-23 14:00:00+00:00,1,1252.185,1247.2931502375009,1247.4681502375008,1260.9736995249984,1.06,-518.5360748249022,-1.0371010332767594,"{'trail_atr_mult': 4.0, 'trail_atr_len': 14, 'tp_converts_to_trail': True, 'don_upper': 1251.23, 'don_lower': 1196.15, 'atr': 2.2509248812495803, 'exit_reason': 'sl', 'signal_time': Timestamp('2017-03-23 11:00:00+0000', tz='UTC')}"
2017-03-27 01:00:00+00:00,2017-03-28 06:00:00+00:00,1,1254.955,1253.4250359758346,1253.6000359758345,1266.2508174424615,0.84,-94.91697802988838,-0.19118204467085734,"{'trail_atr_mult': 4.0, 'trail_atr_len': 14, 'tp_converts_to_trail': True, 'don_upper': 1254.02, 'don_lower': 1197.23, 'atr': 2.867704360615383, 'exit_reason': 'sl', 'signal_time': Timestamp('2017-03-27 00:00:00+0000', tz='UTC')}"
2017-04-07 02:00:00+00:00,2017-04-07 18:00:00+00:00,1,1264.565,1259.5359786054366,1259.7109786054366,1275.0199872427845,0.89,-447.58290411614394,-0.9012593446851623,"{'trail_atr_mult': 4.0, 'trail_atr_len': 14, 'tp_converts_to_trail': True, 'don_upper': 1261.22, 'don_lower': 1239.61, 'atr': 2.672496810696133, 'exit_reason': 'sl', 'signal_time': Timestamp('2017-04-07 01:00:00+0000', tz='UTC')}"
2017-04-11 15:00:00+00:00,2017-04-13 14:00:00+00:00,1,1272.825,1283.5871729848207,1283.7621729848206,,0.86,1063.1468766945723,2.1570382860548465,"{'trail_atr_mult': 4.0, 'trail_atr_len': 14, 'tp_converts_to_trail': True, 'don_upper': 1270.83, 'don_lower': 1239.61, 'atr': 2.778043246205147, 'exit_reason': 'sl', 'signal_time': Timestamp('2017-04-11 14:00:00+0000', tz='UTC')}"
2017-04-16 23:00:00+00:00,2017-04-17 06:00:00+00:00,1,1293.595,1287.6370182589453,1287.8120182589453,1304.6359634821097,0.86,-477.986429730705,-0.9610927355342112,"{'trail_atr_mult': 4.0, 'trail_atr_len': 14, 'tp_converts_to_trail': True, 'don_upper': 1288.54, 'don_lower': 1243.65, 'atr': 2.8039908705274104, 'exit_reason': 'sl', 'signal_time': Timestamp('2017-04-16 22:00:00+0000', tz='UTC')}"
2017-04-25 17:00:00+00:00,2017-04-26 20:00:00+00:00,-1,1264.395,1269.3191736093895,1269.1441736093896,1254.0786562214932,0.91,-466.29979845444694,-0.9453023009100417,"{'trail_atr_mult': 4.0, 'trail_atr_len': 14, 'tp_converts_to_trail': True, 'don_upper': 1295.45, 'don_lower': 1265.35, 'atr': 2.622835944626684, 'exit_reason': 'sl', 'signal_time': Timestamp('2017-04-25 16:00:00+0000', tz='UTC')}"
2017-05-01 16:00:00+00:00,2017-05-03 19:00:00+00:00,-1,1259.7250000000001,1250.7408779842776,1250.5658779842777,,1.02,875.5804456036955,1.7673490206997837,"{'trail_atr_mult': 4.0, 'trail_atr_len': 14, 'tp_converts_to_trail': True, 'don_upper': 1289.81, 'don_lower': 1260.0, 'atr': 2.3360305039306133, 'exit_reason': 'sl', 'signal_time': Timestamp('2017-05-01 15:00:00+0000', tz='UTC')}"
2017-05-03 20:00:00+00:00,2017-05-04 14:00:00+00:00,-1,1239.335,1228.585,1228.2813238898286,,0.87,883.0499999999998,1.7715833665968221,"{'trail_atr_mult': 4.0, 'trail_atr_len': 14, 'tp_converts_to_trail': True, 'don_upper': 1288.18, 'don_lower': 1245.26, 'atr': 2.797169027542831, 'exit_reason': 'sl_gap', 'signal_time': Timestamp('2017-05-03 19:00:00+0000', tz='UTC')}"
2017-05-09 12:00:00+00:00,2017-05-09 19:00:00+00:00,-1,1223.505,1216.325,1214.945150520925,,1.11,796.9800000000072,1.5806535961960484,"{'trail_atr_mult': 4.0, 'trail_atr_len': 14, 'tp_converts_to_trail': True, 'don_upper': 1271.15, 'don_lower': 1223.77, 'atr': 2.1837123697688128, 'exit_reason': 'sl_gap', 'signal_time': Timestamp('2017-05-09 11:00:00+0000', tz='UTC')}"
2017-05-17 00:00:00+00:00,2017-05-18 15:00:00+00:00,1,1243.5449999999998,1252.0910513850956,1252.2660513850956,,1.08,1052.5735495903443,2.0744993797193882,"{'trail_atr_mult': 4.0, 'trail_atr_len': 14, 'tp_converts_to_trail': True, 'don_upper': 1239.05, 'don_lower': 1214.23, 'atr': 2.2365128462738855, 'exit_reason': 'sl', 'signal_time': Timestamp('2017-05-16 23:00:00+0000', tz='UTC')}"
2017-05-26 10:00:00+00:00,2017-05-30 08:00:00+00:00,1,1265.875,1263.962281885352,1264.137281885352,1274.7662320129232,1.09,-34.08627449663058,-0.06642107250942961,"{'trail_atr_mult': 4.0, 'trail_atr_len': 14, 'tp_converts_to_trail': True, 'don_upper': 1265.0, 'don_lower': 1229.07, 'atr': 2.266558003230797, 'exit_reason': 'sl', 'signal_time': Timestamp('2017-05-26 09:00:00+0000', tz='UTC')}"
2017-05-31 18:00:00+00:00,2017-06-01 01:00:00+00:00,1,1271.835,1266.9249137401714,1267.0999137401714,1280.7201725196576,1.08,-400.68931606149226,-0.7835308706631395,"{'trail_atr_mult': 4.0, 'trail_atr_len': 14, 'tp_converts_to_trail': True, 'don_upper': 1270.41, 'don_lower': 1246.15, 'atr': 2.27004312991436, 'exit_reason': 'sl', 'signal_time': Timestamp('2017-05-31 17:00:00+0000', tz='UTC')}"
2017-06-02 15:00:00+00:00,2017-06-06 09:00:00+00:00,1,1276.695,1288.1374536449944,1288.3124536449943,,0.84,1095.5661061795322,2.1482402200268584,"{'trail_atr_mult': 4.0, 'trail_atr_len': 14, 'tp_converts_to_trail': True, 'don_upper': 1276.37, 'don_lower': 1247.85, 'atr': 2.948113411248605, 'exit_reason': 'sl', 'signal_time': Timestamp('2017-06-02 14:00:00+0000', tz='UTC')}"
2017-06-06 11:00:00+00:00,2017-06-07 11:00:00+00:00,1,1292.2949999999998,1288.7157582789253,1288.8907582789252,1299.6805770503272,1.31,-416.480665460772,-0.8068550566212511,"{'trail_atr_mult': 4.0, 'trail_atr_len': 14, 'tp_converts_to_trail': True, 'don_upper': 1289.82, 'don_lower': 1249.78, 'atr': 1.887644262581754, 'exit_reason': 'sl', 'signal_time': Timestamp('2017-06-06 10:00:00+0000', tz='UTC')}"
2017-06-15 12:00:00+00:00,2017-06-19 23:00:00+00:00,-1,1255.7250000000001,1244.0349999999999,1243.1461138489585,,0.77,838.5300000000217,1.6432916166470133,"{'trail_atr_mult': 4.0, 'trail_atr_len': 14, 'tp_converts_to_trail': True, 'don_upper': 1296.01, 'don_lower': 1256.8, 'atr': 3.2009715377603882, 'exit_reason': 'sl_gap', 'signal_time': Timestamp('2017-06-15 11:00:00+0000', tz='UTC')}"
2017-06-20 14:00:00+00:00,2017-06-21 02:00:00+00:00,-1,1242.185,1246.1338713781395,1245.9588713781395,1235.042257243721,1.37,-568.3953788051155,-1.09936745649896,"{'trail_atr_mult': 4.0, 'trail_atr_len': 14, 'tp_converts_to_trail': True, 'don_upper': 1288.85, 'don_lower': 1242.8, 'atr': 1.8194356890697392, 'exit_reason': 'sl', 'signal_time': Timestamp('2017-06-20 13:00:00+0000', tz='UTC')}"
2017-07-03 08:00:00+00:00,2017-07-03 15:00:00+00:00,-1,1235.175,1228.325,1225.983692777257,,1.02,698.6999999999907,1.4100007014941476,"{'trail_atr_mult': 4.0, 'trail_atr_len': 14, 'tp_converts_to_trail': True, 'don_upper': 1258.8, 'don_lower': 1235.56, 'atr': 1.8732614445485973, 'exit_reason': 'sl_gap', 'signal_time': Timestamp('2017-07-03 07:00:00+0000', tz='UTC')}"
2017-07-03 15:00:00+00:00,2017-07-05 00:00:00+00:00,-1,1222.445,1226.0021823798206,1225.8271823798207,1210.095172481579,0.78,-308.66022562601364,-0.6147161776200779,"{'trail_atr_mult': 4.0, 'trail_atr_len': 14, 'tp_converts_to_trail': True, 'don_upper': 1258.8, 'don_lower': 1224.61, 'atr': 2.504965503684183, 'exit_reason': 'sl', 'signal_time': Timestamp('2017-07-03 14:00:00+0000', tz='UTC')}"
2017-07-14 13:00:00+00:00,2017-07-18 18:00:00+00:00,1,1231.885,1241.905,1243.75701233505,,0.8,929.5999999999985,1.8656158776218104,"{'trail_atr_mult': 4.0, 'trail_atr_len': 14, 'tp_converts_to_trail': True, 'don_upper': 1229.09, 'don_lower': 1204.81, 'atr': 2.4134024670099743, 'exit_reason': 'sl_gap', 'signal_time': Timestamp('2017-07-14 12:00:00+0000', tz='UTC')}"
2017-07-21 12:00:00+00:00,2017-07-24 14:00:00+00:00,1,1249.0449999999998,1257.7192757822004,1257.8942757822003,,1.07,1056.5475086954577,2.099954533636665,"{'trail_atr_mult': 4.0, 'trail_atr_len': 14, 'tp_converts_to_trail': True, 'don_upper': 1248.61, 'don_lower': 1208.13, 'atr': 1.806855156440101, 'exit_reason': 'sl', 'signal_time': Timestamp('2017-07-21 11:00:00+0000', tz='UTC')}"
2017-07-26 20:00:00+00:00,2017-07-27 17:00:00+00:00,1,1261.195,1255.590516295268,1255.7655162952678,1274.7521203039626,0.72,-317.1228267407073,-0.6255426895469378,"{'trail_atr_mult': 4.0, 'trail_atr_len': 14, 'tp_converts_to_trail': True, 'don_upper': 1258.74, 'don_lower': 1216.28, 'atr': 2.7464240607925032, 'exit_reason': 'sl', 'signal_time': Timestamp('2017-07-26 19:00:00+0000', tz='UTC')}"
2017-07-28 19:00:00+00:00,2017-08-01 13:00:00+00:00,1,1270.685,1264.2375083497768,1264.4125083497768,1282.943019815735,0.8,-387.79933201785025,-0.7638043145909228,"{'trail_atr_mult': 4.0, 'trail_atr_len': 14, 'tp_converts_to_trail': True, 'don_upper': 1270.32, 'don_lower': 1235.16, 'atr': 2.480603963146974, 'exit_reason': 'sl', 'signal_time': Timestamp('2017-07-28 18:00:00+0000', tz='UTC')}"
2017-08-08 15:00:00+00:00,2017-08-08 20:00:00+00:00,-1,1253.295,1259.406559799192,1259.2315597991922,1241.946880401616,0.85,-519.4825829313231,-1.0294783520960693,"{'trail_atr_mult': 4.0, 'trail_atr_len': 14, 'tp_converts_to_trail': True, 'don_upper': 1274.04, 'don_lower': 1254.12, 'atr': 2.3046239196768146, 'exit_reason': 'sl', 'signal_time': Timestamp('2017-08-08 14:00:00+0000', tz='UTC')}"
2017-08-09 13:00:00+00:00,2017-08-11 02:00:00+00:00,1,1274.995,1287.6538325810225,1287.8288325810224,,0.75,1069.4124435766935,2.1347423129291587,"{'trail_atr_mult': 4.0, 'trail_atr_len': 14, 'tp_converts_to_trail': True, 'don_upper': 1274.04, 'don_lower': 1251.44, 'atr': 2.601766516204519, 'exit_reason': 'sl', 'signal_time': Timestamp('2017-08-09 12:00:00+0000', tz='UTC')}"
2017-08-18 08:00:00+00:00,2017-08-18 16:00:00+00:00,1,1293.085,1290.025745492456,1290.200745492456,1305.3837533573494,0.79,-241.68110609597466,-0.47712310464716456,"{'trail_atr_mult': 4.0, 'trail_atr_len': 14, 'tp_converts_to_trail': True, 'don_upper': 1291.93, 'don_lower': 1251.44, 'atr': 2.494750671469861, 'exit_reason': 'sl', 'signal_time': Timestamp('2017-08-18 07:00:00+0000', tz='UTC')}"
2017-08-28 16:00:00+00:00,2017-08-29 00:00:00+00:00,1,1306.315,1318.4650000000001,1319.3904207998846,,0.74,928.7000000000068,1.8293899557519502,"{'trail_atr_mult': 4.0, 'trail_atr_len': 14, 'tp_converts_to_trail': True, 'don_upper': 1304.23, 'don_lower': 1267.7, 'atr': 2.6580841599769442, 'exit_reason': 'sl_gap', 'signal_time': Timestamp('2017-08-28 15:00:00+0000', tz='UTC')}"
2017-08-29 09:00:00+00:00,2017-08-29 16:00:00+00:00,1,1324.675,1316.4250983461054,1316.6000983461054,1340.0598033077895,0.63,-519.743804195356,-1.0216720905715986,"{'trail_atr_mult': 4.0, 'trail_atr_len': 14, 'tp_converts_to_trail': True, 'don_upper': 1324.36, 'don_lower': 1271.56, 'atr': 3.127960661557865, 'exit_reason': 'sl', 'signal_time': Timestamp('2017-08-29 08:00:00+0000', tz='UTC')}"
2017-09-03 23:00:00+00:00,2017-09-05 09:00:00+00:00,1,1335.125,1330.2067557853882,1330.3817557853881,1353.7015748725332,0.53,-218.2669433744271,-0.429172096814818,"{'trail_atr_mult': 4.0, 'trail_atr_len': 14, 'tp_converts_to_trail': True, 'don_upper': 1328.76, 'don_lower': 1276.37, 'atr': 3.756314974506634, 'exit_reason': 'sl', 'signal_time': Timestamp('2017-09-03 22:00:00+0000', tz='UTC')}"
2017-09-08 03:00:00+00:00,2017-09-08 15:00:00+00:00,1,1352.235,1345.3301447457598,1345.5051447457597,1367.4417157353312,0.64,-441.9107362713694,-0.8761552828620527,"{'trail_atr_mult': 4.0, 'trail_atr_len': 14, 'tp_converts_to_trail': True, 'don_upper': 1350.53, 'don_lower': 1293.85, 'atr': 3.078343147066227, 'exit_reason': 'sl', 'signal_time': Timestamp('2017-09-08 02:00:00+0000', tz='UTC')}"
2017-09-18 08:00:00+00:00,2017-09-20 03:00:00+00:00,-1,1313.785,1312.9645621365692,1312.7895621365692,1302.0376103229103,0.83,34.89634266476678,0.06868558745809711,"{'trail_atr_mult': 4.0, 'trail_atr_len': 14, 'tp_converts_to_trail': True, 'don_upper': 1357.42, 'don_lower': 1314.33, 'atr': 2.382477935417977, 'exit_reason': 'sl', 'signal_time': Timestamp('2017-09-18 07:00:00+0000', tz='UTC')}"
2017-09-21 07:00:00+00:00,2017-09-22 05:00:00+00:00,-1,1294.125,1298.6539741026154,1298.4789741026154,1279.5630758718512,0.67,-316.84126487523133,-0.6268970483906874,"{'trail_atr_mult': 4.0, 'trail_atr_len': 14, 'tp_converts_to_trail': True, 'don_upper': 1349.84, 'don_lower': 1295.75, 'atr': 2.947384825629772, 'exit_reason': 'sl', 'signal_time': Timestamp('2017-09-21 06:00:00+0000', tz='UTC')}"
2017-09-27 13:00:00+00:00,2017-09-28 19:00:00+00:00,-1,1284.105,1288.7850775531606,1288.6100775531606,1268.2398024118254,0.62,-327.36480829595547,-0.6454784576657004,"{'trail_atr_mult': 4.0, 'trail_atr_len': 14, 'tp_converts_to_trail': True, 'don_upper': 1334.24, 'don_lower': 1286.23, 'atr': 3.206039517634924, 'exit_reason': 'sl', 'signal_time': Timestamp('2017-09-27 12:00:00+0000', tz='UTC')}"
2017-10-02 01:00:00+00:00,2017-10-04 01:00:00+00:00,-1,1275.125,1275.2542753211012,1275.0792753211012,1261.0934588376022,0.69,-36.51999715598308,-0.07302091101207929,"{'trail_atr_mult': 4.0, 'trail_atr_len': 14, 'tp_converts_to_trail': True, 'don_upper': 1315.94, 'don_lower': 1275.92, 'atr': 2.837308232479585, 'exit_reason': 'sl', 'signal_time': Timestamp('2017-10-02 00:00:00+0000', tz='UTC')}"
2017-10-06 13:00:00+00:00,2017-10-06 15:00:00+00:00,-1,1264.405,1270.0802259285026,1269.9052259285027,1253.9895481429944,0.91,-516.4455594937403,-1.0318168748474654,"{'trail_atr_mult': 4.0, 'trail_atr_len': 14, 'tp_converts_to_trail': True, 'don_upper': 1313.56, 'don_lower': 1266.09, 'atr': 2.1220903714010895, 'exit_reason': 'sl', 'signal_time': Timestamp('2017-10-06 12:00:00+0000', tz='UTC')}"
2017-10-10 11:00:00+00:00,2017-10-11 16:00:00+00:00,1,1290.625,1286.6581146344704,1286.8331146344703,1300.9796654396685,0.92,-328.15345362872375,-0.6556976196206173,"{'trail_atr_mult': 4.0, 'trail_atr_len': 14, 'tp_converts_to_trail': True, 'don_upper': 1290.25, 'don_lower': 1260.54, 'atr': 2.105933087933691, 'exit_reason': 'sl', 'signal_time': Timestamp('2017-10-10 10:00:00+0000', tz='UTC')}"
2017-10-12 06:00:00+00:00,2017-10-12 13:00:00+00:00,1,1296.2949999999998,1290.8413198768271,1291.016319876827,1306.3573602463464,0.94,-512.6459315782354,-1.0331522266772193,"{'trail_atr_mult': 4.0, 'trail_atr_len': 14, 'tp_converts_to_trail': True, 'don_upper': 1295.32, 'don_lower': 1260.54, 'atr': 2.0454720492692418, 'exit_reason': 'sl', 'signal_time': Timestamp('2017-10-12 05:00:00+0000', tz='UTC')}"
2017-10-13 20:00:00+00:00,2017-10-16 19:00:00+00:00,1,1303.735,1298.1985791857721,1298.373579185772,1315.4069715183298,0.81,-351.25008595244924,-0.7110651701876758,"{'trail_atr_mult': 4.0, 'trail_atr_len': 14, 'tp_converts_to_trail': True, 'don_upper': 1302.64, 'don_lower': 1260.54, 'atr': 2.3693943036659872, 'exit_reason': 'sl', 'signal_time': Timestamp('2017-10-13 19:00:00+0000', tz='UTC')}"
2017-10-23 00:00:00+00:00,2017-10-23 16:00:00+00:00,-1,1274.665,1280.9196215448053,1280.7446215448053,1261.1425848823162,0.7,-437.82350813637316,-0.8848324099901335,"{'trail_atr_mult': 4.0, 'trail_atr_len': 14, 'tp_converts_to_trail': True, 'don_upper': 1305.91, 'don_lower': 1276.45, 'atr': 2.7454830235367216, 'exit_reason': 'sl', 'signal_time': Timestamp('2017-10-22 23:00:00+0000', tz='UTC')}"
2017-11-17 18:00:00+00:00,2017-11-20 14:00:00+00:00,1,1293.915,1287.8815868602999,1288.0565868602998,1305.659512468693,0.8,-386.67305117600705,-0.7840396207024565,"{'trail_atr_mult': 4.0, 'trail_atr_len': 14, 'tp_converts_to_trail': True, 'don_upper': 1293.52, 'don_lower': 1269.8, 'atr': 2.3879024937385953, 'exit_reason': 'sl', 'signal_time': Timestamp('2017-11-17 17:00:00+0000', tz='UTC')}"
2017-11-30 17:00:00+00:00,2017-12-01 09:00:00+00:00,-1,1271.345,1278.1934675173436,1278.0184675173437,1258.2776878541424,0.72,-507.48966124873766,-1.0371256106697961,"{'trail_atr_mult': 4.0, 'trail_atr_len': 14, 'tp_converts_to_trail': True, 'don_upper': 1299.08, 'don_lower': 1274.44, 'atr': 2.64846242917152, 'exit_reason': 'sl', 'signal_time': Timestamp('2017-11-30 16:00:00+0000', tz='UTC')}"
2017-12-07 05:00:00+00:00,2017-12-08 14:00:00+00:00,-1,1260.285,1251.1023762278446,1250.9273762278447,,1.04,934.1928723041685,1.9073855844850416,"{'trail_atr_mult': 4.0, 'trail_atr_len': 14, 'tp_converts_to_trail': True, 'don_upper': 1299.08, 'don_lower': 1260.86, 'atr': 1.8137562462926415, 'exit_reason': 'sl', 'signal_time': Timestamp('2017-12-07 04:00:00+0000', tz='UTC')}"
2017-12-11 19:00:00+00:00,2017-12-12 20:00:00+00:00,-1,1241.2050000000002,1244.2489300347972,1244.0739300347973,1231.3437296548184,0.95,-308.17335330572314,-0.6246573460899894,"{'trail_atr_mult': 4.0, 'trail_atr_len': 14, 'tp_converts_to_trail': True, 'don_upper': 1296.54, 'don_lower': 1243.6, 'atr': 2.007254069036334, 'exit_reason': 'sl', 'signal_time': Timestamp('2017-12-11 18:00:00+0000', tz='UTC')}"
2017-12-22 15:00:00+00:00,2018-01-02 07:00:00+00:00,1,1272.665,1309.105,1301.2570542423048,,1.32,5496.480000000009,11.163754225860206,"{'trail_atr_mult': 4.0, 'trail_atr_len': 14, 'tp_converts_to_trail': True, 'don_upper': 1271.96, 'don_lower': 1236.37, 'atr': 1.425971218912814, 'exit_reason': 'end_of_data', 'signal_time': Timestamp('2017-12-22 14:00:00+0000', tz='UTC')}"
2018-01-02 07:00:00+00:00,2018-01-03 00:00:00+00:00,1,1309.455,1320.005,1320.4211811314049,,0.87,952.6500000000158,1.9058093114683603,"{'trail_atr_mult': 4.0, 'trail_atr_len': 14, 'tp_converts_to_trail': True, 'don_upper': 1307.41, 'don_lower': 1252.62, 'atr': 2.228236226280959, 'exit_reason': 'sl_gap', 'signal_time': Timestamp('2018-01-02 06:00:00+0000', tz='UTC')}"
2018-01-04 19:00:00+00:00,2018-01-05 08:00:00+00:00,1,1324.415,1316.3994556524017,1316.5744556524016,1339.5110886951968,0.64,-487.39483824628985,-0.9713030128999951,"{'trail_atr_mult': 4.0, 'trail_atr_len': 14, 'tp_converts_to_trail': True, 'don_upper': 1321.24, 'don_lower': 1261.95, 'atr': 3.058217739039375, 'exit_reason': 'sl', 'signal_time': Timestamp('2018-01-04 18:00:00+0000', tz='UTC')}"
2018-01-12 04:00:00+00:00,2018-01-12 13:00:00+00:00,1,1329.625,1323.7474020523111,1323.922402052311,1340.3519845233209,0.86,-505.47342350124154,-1.0097244049612062,"{'trail_atr_mult': 4.0, 'trail_atr_len': 14, 'tp_converts_to_trail': True, 'don_upper': 1327.6, 'don_lower': 1294.56, 'atr': 2.2063969046641843, 'exit_reason': 'sl', 'signal_time': Timestamp('2018-01-12 03:00:00+0000', tz='UTC')}"
2018-01-12 18:00:00+00:00,2018-01-16 08:00:00+00:00,1,1337.735,1336.0829612799455,1336.2579612799454,1353.2679634823733,0.62,-3.2264006433731964,-0.006469273766244273,"{'trail_atr_mult': 4.0, 'trail_atr_len': 14, 'tp_converts_to_trail': True, 'don_upper': 1332.99, 'don_lower': 1302.01, 'atr': 3.1435926964746455, 'exit_reason': 'sl', 'signal_time': Timestamp('2018-01-12 17:00:00+0000', tz='UTC')}"
2018-01-24 08:00:00+00:00,2018-01-24 19:00:00+00:00,1,1347.0349999999999,1357.3684819620084,1357.5434819620084,,0.9,930.0133765807733,1.87822036655071,"{'trail_atr_mult': 4.0, 'trail_atr_len': 14, 'tp_converts_to_trail': True, 'don_upper': 1344.6, 'don_lower': 1317.66, 'atr': 2.1346963924016875, 'exit_reason': 'sl', 'signal_time': Timestamp('2018-01-24 07:00:00+0000', tz='UTC')}"
2018-01-25 03:00:00+00:00,2018-01-25 08:00:00+00:00,1,1363.2849999999999,1356.2065291587285,1356.3815291587284,1376.6569416825434,0.73,-516.7283714128109,-1.0253495674891162,"{'trail_atr_mult': 4.0, 'trail_atr_len': 14, 'tp_converts_to_trail': True, 'don_upper': 1362.02, 'don_lower': 1322.08, 'atr': 2.703388336508675, 'exit_reason': 'sl', 'signal_time': Timestamp('2018-01-25 02:00:00+0000', tz='UTC')}"
2018-02-02 15:00:00+00:00,2018-02-05 11:00:00+00:00,-1,1330.185,1338.7072926572685,1338.5322926572685,1313.8654146854628,0.6,-547.3375594361105,-1.0928444744686303,"{'trail_atr_mult': 4.0, 'trail_atr_len': 14, 'tp_converts_to_trail': True, 'don_upper': 1365.92, 'don_lower': 1331.24, 'atr': 3.2889170629074407, 'exit_reason': 'sl', 'signal_time': Timestamp('2018-02-02 14:00:00+0000', tz='UTC')}"
2018-02-06 20:00:00+00:00,2018-02-07 07:00:00+00:00,-1,1321.615,1331.7085800229866,1331.5335800229866,1302.272839954027,0.5,-514.6790011493272,-1.0378078312753318,"{'trail_atr_mult': 4.0, 'trail_atr_len': 14, 'tp_converts_to_trail': True, 'don_upper': 1365.92, 'don_lower': 1325.88, 'atr': 3.9014320091946093, 'exit_reason': 'sl', 'signal_time': Timestamp('2018-02-06 19:00:00+0000', tz='UTC')}"
2018-02-07 16:00:00+00:00,2018-02-08 17:00:00+00:00,-1,1318.345,1320.2971258517807,1320.1221258517808,1301.228968269343,0.56,-142.91904769971882,-0.29232245736084844,"{'trail_atr_mult': 4.0, 'trail_atr_len': 14, 'tp_converts_to_trail': True, 'don_upper': 1356.96, 'don_lower': 1319.69, 'atr': 3.4462063461314014, 'exit_reason': 'sl', 'signal_time': Timestamp('2018-02-07 15:00:00+0000', tz='UTC')}"
2018-02-14 18:00:00+00:00,2018-02-16 14:00:00+00:00,1,1352.815,1351.7323554237953,1351.9073554237953,1374.9380124086906,0.43,22.246283223195462,0.04568660723593742,"{'trail_atr_mult': 4.0, 'trail_atr_len': 14, 'tp_converts_to_trail': True, 'don_upper': 1349.62, 'don_lower': 1307.04, 'atr': 4.459602481738113, 'exit_reason': 'sl', 'signal_time': Timestamp('2018-02-14 17:00:00+0000', tz='UTC')}"
2018-02-27 15:00:00+00:00,2018-02-28 14:00:00+00:00,-1,1317.855,1322.270332657458,1322.0953326574581,1302.4566304774746,0.62,-286.15062476240007,-0.5796929664829039,"{'trail_atr_mult': 4.0, 'trail_atr_len': 14, 'tp_converts_to_trail': True, 'don_upper': 1361.69, 'don_lower': 1320.93, 'atr': 3.114673904505065, 'exit_reason': 'sl', 'signal_time': Timestamp('2018-02-27 14:00:00+0000', tz='UTC')}"
2018-03-01 08:00:00+00:00,2018-03-01 19:00:00+00:00,-1,1311.425,1314.5659957170838,1314.3909957170838,1301.0901608370634,0.9,-282.68961453754173,-0.5768672374472149,"{'trail_atr_mult': 4.0, 'trail_atr_len': 14, 'tp_converts_to_trail': True, 'don_upper': 1359.16, 'don_lower': 1312.49, 'atr': 2.1039678325873017, 'exit_reason': 'sl', 'signal_time': Timestamp('2018-03-01 07:00:00+0000', tz='UTC')}"
2018-03-16 14:00:00+00:00,2018-03-19 15:00:00+00:00,-1,1309.795,1315.4126225868865,1315.2376225868866,1298.5837554845937,0.84,-522.2802972984622,-1.070504770907698,"{'trail_atr_mult': 4.0, 'trail_atr_len': 14, 'tp_converts_to_trail': True, 'don_upper': 1340.37, 'don_lower': 1312.07, 'atr': 2.2692489030812784, 'exit_reason': 'sl', 'signal_time': Timestamp('2018-03-16 13:00:00+0000', tz='UTC')}"
2018-03-21 18:00:00+00:00,2018-03-22 17:00:00+00:00,1,1330.685,1324.9034851757247,1325.0784851757246,1347.5498375830045,0.56,-256.5648301594164,-0.5260111987203921,"{'trail_atr_mult': 4.0, 'trail_atr_len': 14, 'tp_converts_to_trail': True, 'don_upper': 1330.01, 'don_lower': 1307.17, 'atr': 3.409967516600905, 'exit_reason': 'sl', 'signal_time': Timestamp('2018-03-21 17:00:00+0000', tz='UTC')}"
2018-03-23 06:00:00+00:00,2018-03-27 12:00:00+00:00,1,1343.0349999999999,1347.3441397255935,1347.5191397255935,1358.1087858292055,0.63,372.2758027124028,0.7620376979435821,"{'trail_atr_mult': 4.0, 'trail_atr_len': 14, 'tp_converts_to_trail': True, 'don_upper': 1339.1, 'don_lower': 1307.17, 'atr': 3.043757165841079, 'exit_reason': 'sl', 'signal_time': Timestamp('2018-03-23 05:00:00+0000', tz='UTC')}"
2018-04-11 12:00:00+00:00,2018-04-11 17:00:00+00:00,1,1348.875,1360.7518697840164,1360.9268697840164,,0.79,938.2727129372985,1.9254267884717389,"{'trail_atr_mult': 4.0, 'trail_atr_len': 14, 'tp_converts_to_trail': True, 'don_upper': 1348.22, 'don_lower': 1319.5, 'atr': 2.429373956803261, 'exit_reason': 'sl', 'signal_time': Timestamp('2018-04-11 11:00:00+0000', tz='UTC')}"
2018-04-23 09:00:00+00:00,2018-04-24 15:00:00+00:00,-1,1328.865,1330.4019701787863,1330.2269701787864,1317.7654208753331,0.85,-147.64246519683593,-0.2996176333974907,"{'trail_atr_mult': 4.0, 'trail_atr_len': 14, 'tp_converts_to_trail': True, 'don_upper': 1365.2, 'don_lower': 1331.28, 'atr': 2.252915824933378, 'exit_reason': 'sl', 'signal_time': Timestamp('2018-04-23 08:00:00+0000', tz='UTC')}"
2018-04-25 12:00:00+00:00,2018-04-26 08:00:00+00:00,-1,1320.4650000000001,1325.9494313003459,1325.774431300346,1310.0693184912675,0.89,-541.5143857307677,-1.0991972437372355,"{'trail_atr_mult': 4.0, 'trail_atr_len': 14, 'tp_converts_to_trail': True, 'don_upper': 1355.67, 'don_lower': 1322.11, 'atr': 2.1241363017465065, 'exit_reason': 'sl', 'signal_time': Timestamp('2018-04-25 11:00:00+0000', tz='UTC')}"
2018-04-30 12:00:00+00:00,2018-04-30 18:00:00+00:00,-1,1313.435,1319.1423142362155,1318.9673142362155,1303.2253715275692,0.88,-502.24365278696854,-1.0316323318828078,"{'trail_atr_mult': 4.0, 'trail_atr_len': 14, 'tp_converts_to_trail': True, 'don_upper': 1355.67, 'don_lower': 1315.26, 'atr': 2.0989256944861614, 'exit_reason': 'sl', 'signal_time': Timestamp('2018-04-30 11:00:00+0000', tz='UTC')}"
2018-05-01 09:00:00+00:00,2018-05-02 04:00:00+00:00,-1,1308.625,1310.7371082977395,1310.5621082977395,1298.8002470650722,0.94,-217.33817998751266,-0.4467948775737045,"{'trail_atr_mult': 4.0, 'trail_atr_len': 14, 'tp_converts_to_trail': True, 'don_upper': 1354.65, 'don_lower': 1310.18, 'atr': 1.9999505869855299, 'exit_reason': 'sl', 'signal_time': Timestamp('2018-05-01 08:00:00+0000', tz='UTC')}"
2018-05-11 09:00:00+00:00,2018-05-11 21:00:00+00:00,1,1323.2749999999999,1317.8660965111903,1318.0410965111903,1333.2178069776194,0.93,-503.0280244592862,-1.0334358477136838,"{'trail_atr_mult': 4.0, 'trail_atr_len': 14, 'tp_converts_to_trail': True, 'don_upper': 1322.82, 'don_lower': 1301.74, 'atr': 2.0235613955238736, 'exit_reason': 'sl', 'signal_time': Timestamp('2018-05-11 08:00:00+0000', tz='UTC')}"
2018-05-15 13:00:00+00:00,2018-05-17 12:00:00+00:00,-1,1297.385,1287.7949999999998,1285.8447639047235,,0.8,703.2000000000116,1.4643610388401613,"{'trail_atr_mult': 4.0, 'trail_atr_len': 14, 'tp_converts_to_trail': True, 'don_upper': 1325.9, 'don_lower': 1303.88, 'atr': 2.3390472190552853, 'exit_reason': 'sl_gap', 'signal_time': Timestamp('2018-05-15 12:00:00+0000', tz='UTC')}"
2018-06-14 13:00:00+00:00,2018-06-14 15:00:00+00:00,1,1307.5249999999999,1301.6642995136895,1301.8392995136894,1318.1014009726211,0.86,-504.02024182269497,-1.0307789691738607,"{'trail_atr_mult': 4.0, 'trail_atr_len': 14, 'tp_converts_to_trail': True, 'don_upper': 1305.82, 'don_lower': 1289.69, 'atr': 2.1682801945242263, 'exit_reason': 'sl', 'signal_time': Timestamp('2018-06-14 12:00:00+0000', tz='UTC')}"
2018-06-15 14:00:00+00:00,2018-06-19 02:00:00+00:00,-1,1283.545,1283.2183547738089,1283.043354773809,1269.1794823669898,0.65,-30.768060297571765,-0.06345018121375982,"{'trail_atr_mult': 4.0, 'trail_atr_len': 14, 'tp_converts_to_trail': True, 'don_upper': 1309.28, 'don_lower': 1289.69, 'atr': 2.9101035266020507, 'exit_reason': 'sl', 'signal_time': Timestamp('2018-06-15 13:00:00+0000', tz='UTC')}"
2018-06-19 12:00:00+00:00,2018-06-21 18:00:00+00:00,-1,1272.305,1269.9460029966374,1269.7710029966374,1260.4310982944999,0.78,121.60176626228858,0.2502623489957307,"{'trail_atr_mult': 4.0, 'trail_atr_len': 14, 'tp_converts_to_trail': True, 'don_upper': 1309.28, 'don_lower': 1275.33, 'atr': 2.413780341100015, 'exit_reason': 'sl', 'signal_time': Timestamp('2018-06-19 11:00:00+0000', tz='UTC')}"
2018-06-27 03:00:00+00:00,2018-06-27 09:00:00+00:00,-1,1254.075,1259.5367995162717,1259.3617995162717,1243.9364009674566,0.92,-502.48555549699086,-1.0331013119490042,"{'trail_atr_mult': 4.0, 'trail_atr_len': 14, 'tp_converts_to_trail': True, 'don_upper': 1309.28, 'don_lower': 1254.68, 'atr': 2.05671980650867, 'exit_reason': 'sl', 'signal_time': Timestamp('2018-06-27 02:00:00+0000', tz='UTC')}"
2018-06-27 20:00:00+00:00,2018-06-29 17:00:00+00:00,-1,1251.605,1253.300821997118,1253.125821997118,1239.871433071356,0.79,-197.16993777231775,-0.40719637322143337,"{'trail_atr_mult': 4.0, 'trail_atr_len': 14, 'tp_converts_to_trail': True, 'don_upper': 1302.49, 'don_lower': 1252.34, 'atr': 2.3817133857287893, 'exit_reason': 'sl', 'signal_time': Timestamp('2018-06-27 19:00:00+0000', tz='UTC')}"
2018-07-03 02:00:00+00:00,2018-07-03 08:00:00+00:00,-1,1238.7050000000002,1244.22204223812,1244.04704223812,1228.5459155237606,0.93,-513.0849281451374,-1.0327590071735462,"{'trail_atr_mult': 4.0, 'trail_atr_len': 14, 'tp_converts_to_trail': True, 'don_upper': 1276.38, 'don_lower': 1239.63, 'atr': 2.0668168952478982, 'exit_reason': 'sl', 'signal_time': Timestamp('2018-07-03 01:00:00+0000', tz='UTC')}"
2018-07-09 10:00:00+00:00,2018-07-09 17:00:00+00:00,1,1263.395,1258.6127773635667,1258.7877773635666,1272.0191992482203,1.06,-506.91559946192865,-1.0219298701954034,"{'trail_atr_mult': 4.0, 'trail_atr_len': 14, 'tp_converts_to_trail': True, 'don_upper': 1262.13, 'don_lower': 1237.82, 'atr': 1.7738398496440542, 'exit_reason': 'sl', 'signal_time': Timestamp('2018-07-09 09:00:00+0000', tz='UTC')}"
2018-07-17 15:00:00+00:00,2018-07-19 01:00:00+00:00,-1,1226.535,1228.1066471654462,1227.9316471654463,1213.0320139513317,0.7,-166.01530158123157,-0.33885548352461686,"{'trail_atr_mult': 4.0, 'trail_atr_len': 14, 'tp_converts_to_trail': True, 'don_upper': 1265.84, 'don_lower': 1230.33, 'atr': 2.733597209733687, 'exit_reason': 'sl', 'signal_time': Timestamp('2018-07-17 14:00:00+0000', tz='UTC')}"
2018-07-19 08:00:00+00:00,2018-07-19 18:00:00+00:00,-1,1218.4950000000001,1221.2950273424192,1221.1200273424192,1208.1708035227384,0.91,-254.80248816013545,-0.5161722987112545,"{'trail_atr_mult': 4.0, 'trail_atr_len': 14, 'tp_converts_to_trail': True, 'don_upper': 1265.84, 'don_lower': 1220.98, 'atr': 2.099839295452327, 'exit_reason': 'sl', 'signal_time': Timestamp('2018-07-19 07:00:00+0000', tz='UTC')}"
2018-08-03 07:00:00+00:00,2018-08-03 12:00:00+00:00,-1,1205.7250000000001,1210.9908441588675,1210.8158441588675,1196.128311682265,0.96,-505.5210392512672,-1.0343754384418022,"{'trail_atr_mult': 4.0, 'trail_atr_len': 14, 'tp_converts_to_trail': True, 'don_upper': 1235.18, 'don_lower': 1206.34, 'atr': 1.9583376635470326, 'exit_reason': 'sl', 'signal_time': Timestamp('2018-08-03 06:00:00+0000', tz='UTC')}"
2018-08-13 12:00:00+00:00,2018-08-15 11:00:00+00:00,-1,1198.595,1185.935,1185.6142352797892,,0.71,870.4600000000058,1.79557868068062,"{'trail_atr_mult': 4.0, 'trail_atr_len': 14, 'tp_converts_to_trail': True, 'don_upper': 1225.63, 'don_lower': 1200.98, 'atr': 2.641152944042121, 'exit_reason': 'sl_gap', 'signal_time': Timestamp('2018-08-13 11:00:00+0000', tz='UTC')}"
2018-08-15 11:00:00+00:00,2018-08-15 21:00:00+00:00,-1,1184.7450000000001,1174.8068549721002,1174.6318549721002,,0.93,924.2474875946966,1.8736819682917754,"{'trail_atr_mult': 4.0, 'trail_atr_len': 14, 'tp_converts_to_trail': True, 'don_upper': 1219.98, 'don_lower': 1184.93, 'atr': 2.0556290055799717, 'exit_reason': 'sl', 'signal_time': Timestamp('2018-08-15 10:00:00+0000', tz='UTC')}"
2018-08-16 01:00:00+00:00,2018-08-16 06:00:00+00:00,-1,1165.515,1174.6610558651348,1174.4860558651349,1148.0978882697304,0.55,-503.03307258240926,-1.019507179827079,"{'trail_atr_mult': 4.0, 'trail_atr_len': 14, 'tp_converts_to_trail': True, 'don_upper': 1219.98, 'don_lower': 1173.07, 'atr': 3.5184223460539146, 'exit_reason': 'sl', 'signal_time': Timestamp('2018-08-16 00:00:00+0000', tz='UTC')}"
2018-08-24 15:00:00+00:00,2018-08-28 18:00:00+00:00,1,1206.145,1206.3953334084952,1206.5703334084951,1220.2207706469783,0.68,125.82267177767227,0.2545027981552967,"{'trail_atr_mult': 4.0, 'trail_atr_len': 14, 'tp_converts_to_trail': True, 'don_upper': 1201.52, 'don_lower': 1160.07, 'atr': 2.8461541293956483, 'exit_reason': 'sl', 'signal_time': Timestamp('2018-08-24 14:00:00+0000', tz='UTC')}"
2018-09-13 13:00:00+00:00,2018-09-13 15:00:00+00:00,1,1209.875,1204.0268746908637,1204.2018746908636,1220.666250618273,0.87,-508.78690189485997,-1.0308471945292876,"{'trail_atr_mult': 4.0, 'trail_atr_len': 14, 'tp_converts_to_trail': True, 'don_upper': 1208.43, 'don_lower': 1187.66, 'atr': 2.195250123654579, 'exit_reason': 'sl', 'signal_time': Timestamp('2018-09-13 12:00:00+0000', tz='UTC')}"
2018-09-27 13:00:00+00:00,2018-09-28 15:00:00+00:00,-1,1186.795,1188.7420221091006,1188.5670221091007,1174.7731810585117,0.8,-171.76176872804353,-0.34806737770628965,"{'trail_atr_mult': 4.0, 'trail_atr_len': 14, 'tp_converts_to_trail': True, 'don_upper': 1211.03, 'don_lower': 1190.47, 'atr': 2.425363788297679, 'exit_reason': 'sl', 'signal_time': Timestamp('2018-09-27 12:00:00+0000', tz='UTC')}"
2018-10-11 13:00:00+00:00,2018-10-11 19:00:00+00:00,1,1208.635,1222.4041830093465,1222.5791830093465,,0.68,936.3044446355644,1.9032426364989043,"{'trail_atr_mult': 4.0, 'trail_atr_len': 14, 'tp_converts_to_trail': True, 'don_upper': 1208.25, 'don_lower': 1183.16, 'atr': 2.823836601869271, 'exit_reason': 'sl', 'signal_time': Timestamp('2018-10-11 12:00:00+0000', tz='UTC')}"
2018-10-15 08:00:00+00:00,2018-10-16 20:00:00+00:00,1,1227.325,1224.6105992808696,1224.7855992808695,1239.7733215223109,0.76,-175.89445465391654,-0.3567938580956743,"{'trail_atr_mult': 4.0, 'trail_atr_len': 14, 'tp_converts_to_trail': True, 'don_upper': 1226.3, 'don_lower': 1183.16, 'atr': 2.5246643044621733, 'exit_reason': 'sl', 'signal_time': Timestamp('2018-10-15 07:00:00+0000', tz='UTC')}"
2018-10-23 09:00:00+00:00,2018-10-23 17:00:00+00:00,1,1235.7649999999999,1230.4006125240187,1230.5756125240187,1246.0597562698836,0.92,-493.52364779026817,-0.9915911860071495,"{'trail_atr_mult': 4.0, 'trail_atr_len': 14, 'tp_converts_to_trail': True, 'don_upper': 1233.22, 'don_lower': 1187.24, 'atr': 2.0939512539767504, 'exit_reason': 'sl', 'signal_time': Timestamp('2018-10-23 08:00:00+0000', tz='UTC')}"
2018-10-31 03:00:00+00:00,2018-11-01 06:00:00+00:00,-1,1217.415,1220.2436770688412,1220.0686770688412,1206.6860689699238,0.87,-298.2949049891858,-0.6029009776434558,"{'trail_atr_mult': 4.0, 'trail_atr_len': 14, 'tp_converts_to_trail': True, 'don_upper': 1243.36, 'don_lower': 1219.65, 'atr': 2.188786206015249, 'exit_reason': 'sl', 'signal_time': Timestamp('2018-10-31 02:00:00+0000', tz='UTC')}"
2018-11-09 14:00:00+00:00,2018-11-13 11:00:00+00:00,-1,1210.295,1198.105,1197.6584949808719,,0.73,831.4700000000039,1.6884698903275104,"{'trail_atr_mult': 4.0, 'trail_atr_len': 14, 'tp_converts_to_trail': True, 'don_upper': 1237.33, 'don_lower': 1210.71, 'atr': 2.5843010038256224, 'exit_reason': 'sl_gap', 'signal_time': Timestamp('2018-11-09 13:00:00+0000', tz='UTC')}"
2018-12-03 14:00:00+00:00,2018-12-05 06:00:00+00:00,1,1233.555,1234.058120881574,1234.233120881574,1244.5468325240465,0.86,112.06839581536207,0.22571053643675443,"{'trail_atr_mult': 4.0, 'trail_atr_len': 14, 'tp_converts_to_trail': True, 'don_upper': 1232.86, 'don_lower': 1211.15, 'atr': 2.235366504809324, 'exit_reason': 'sl', 'signal_time': Timestamp('2018-12-03 13:00:00+0000', tz='UTC')}"
2018-12-07 19:00:00+00:00,2018-12-10 13:00:00+00:00,1,1249.925,1243.850550909905,1244.025550909905,1261.1988981801903,0.84,-409.4537235679765,-0.8262549630742658,"{'trail_atr_mult': 4.0, 'trail_atr_len': 14, 'tp_converts_to_trail': True, 'don_upper': 1248.49, 'don_lower': 1211.15, 'atr': 2.289779636038057, 'exit_reason': 'sl', 'signal_time': Timestamp('2018-12-07 18:00:00+0000', tz='UTC')}"
2018-12-20 14:00:00+00:00,2018-12-21 10:00:00+00:00,1,1259.455,1256.4774424786867,1256.6524424786867,1273.6701310639498,0.68,-175.2739114492977,-0.356259042840977,"{'trail_atr_mult': 4.0, 'trail_atr_len': 14, 'tp_converts_to_trail': True, 'don_upper': 1257.99, 'don_lower': 1232.89, 'atr': 2.8600262127899914, 'exit_reason': 'sl', 'signal_time': Timestamp('2018-12-20 13:00:00+0000', tz='UTC')}"
2018-12-24 16:00:00+00:00,2018-12-26 18:00:00+00:00,1,1268.145,1268.1757837984587,1268.3507837984587,1280.1062861071553,0.78,64.8011362797819,0.13118033043473515,"{'trail_atr_mult': 4.0, 'trail_atr_len': 14, 'tp_converts_to_trail': True, 'don_upper': 1267.19, 'don_lower': 1232.89, 'atr': 2.439257221431018, 'exit_reason': 'sl', 'signal_time': Timestamp('2018-12-24 15:00:00+0000', tz='UTC')}"
2019-01-21 08:00:00+00:00,2019-01-22 07:00:00+00:00,-1,1278.825,1281.246407299089,1281.071407299089,1270.3729501811447,1.1,-288.3548028997866,-0.5801466964627446,"{'trail_atr_mult': 3.0, 'trail_atr_len': 14, 'tp_converts_to_trail': True, 'don_upper': 1297.03, 'don_lower': 1280.01, 'atr': 1.7294099637710367, 'exit_reason': 'sl', 'signal_time': Timestamp('2019-01-21 07:00:00+0000', tz='UTC')}"
2019-01-25 15:00:00+00:00,2019-01-28 14:00:00+00:00,1,1297.625,1298.3596866912037,1298.5346866912037,1309.7330536602685,0.78,150.90556191388904,0.3062896340396877,"{'trail_atr_mult': 3.0, 'trail_atr_len': 14, 'tp_converts_to_trail': True, 'don_upper': 1295.33, 'don_lower': 1276.7, 'atr': 2.456610732053701, 'exit_reason': 'sl', 'signal_time': Timestamp('2019-01-25 14:00:00+0000', tz='UTC')}"
2019-01-29 06:00:00+00:00,2019-01-30 02:00:00+00:00,1,1305.165,1313.2039424699133,1313.3789424699132,,1.13,953.6004991002038,1.9247343676545199,"{'trail_atr_mult': 3.0, 'trail_atr_len': 14, 'tp_converts_to_trail': True, 'don_upper': 1304.47, 'don_lower': 1276.7, 'atr': 1.6797884939826297, 'exit_reason': 'sl', 'signal_time': Timestamp('2019-01-29 05:00:00+0000', tz='UTC')}"
2019-01-30 05:00:00+00:00,2019-01-30 13:00:00+00:00,1,1315.245,1310.495721351343,1310.670721351343,1324.0875553787066,1.07,-508.17281540628346,-1.0139846430910786,"{'trail_atr_mult': 3.0, 'trail_atr_len': 14, 'tp_converts_to_trail': True, 'don_upper': 1314.65, 'don_lower': 1276.7, 'atr': 1.8035110757413373, 'exit_reason': 'sl', 'signal_time': Timestamp('2019-01-30 04:00:00+0000', tz='UTC')}"
2019-01-30 19:00:00+00:00,2019-01-31 17:00:00+00:00,1,1319.985,1319.631824262822,1319.806824262822,1332.9253575737478,0.74,62.66499544883281,0.12549860323365997,"{'trail_atr_mult': 3.0, 'trail_atr_len': 14, 'tp_converts_to_trail': True, 'don_upper': 1315.87, 'don_lower': 1276.7, 'atr': 2.625071514749577, 'exit_reason': 'sl', 'signal_time': Timestamp('2019-01-30 18:00:00+0000', tz='UTC')}"
2019-02-19 13:00:00+00:00,2019-02-19 19:00:00+00:00,1,1332.0049999999999,1339.885,1340.987869890831,,1.04,819.5200000000114,1.6471795895869483,"{'trail_atr_mult': 3.0, 'trail_atr_len': 14, 'tp_converts_to_trail': True, 'don_upper': 1331.43, 'don_lower': 1302.34, 'atr': 1.8355739781661904, 'exit_reason': 'sl_gap', 'signal_time': Timestamp('2019-02-19 12:00:00+0000', tz='UTC')}"
2019-02-20 01:00:00+00:00,2019-02-20 19:00:00+00:00,1,1344.7749999999999,1340.21070109874,1340.38570109874,1355.7133331801167,0.88,-401.6583033108727,-0.7963301475310586,"{'trail_atr_mult': 3.0, 'trail_atr_len': 14, 'tp_converts_to_trail': True, 'don_upper': 1341.81, 'don_lower': 1302.34, 'atr': 2.222666636023357, 'exit_reason': 'sl', 'signal_time': Timestamp('2019-02-20 00:00:00+0000', tz='UTC')}"
2019-02-28 15:00:00+00:00,2019-03-01 15:00:00+00:00,-1,1315.155,1311.010096676038,1310.8350966760381,1301.3157930397183,0.7,276.1432326773329,0.5492685165105111,"{'trail_atr_mult': 3.0, 'trail_atr_len': 14, 'tp_converts_to_trail': True, 'don_upper': 1346.66, 'don_lower': 1315.81, 'atr': 2.8028413920563287, 'exit_reason': 'sl', 'signal_time': Timestamp('2019-02-28 14:00:00+0000', tz='UTC')}"
2019-03-01 16:00:00+00:00,2019-03-04 09:00:00+00:00,-1,1301.135,1287.495,1287.0364467494878,,0.68,886.720000000007,1.776136848830569,"{'trail_atr_mult': 3.0, 'trail_atr_len': 14, 'tp_converts_to_trail': True, 'don_upper': 1346.66, 'don_lower': 1304.17, 'atr': 2.8587106501023993, 'exit_reason': 'sl_gap', 'signal_time': Timestamp('2019-03-01 15:00:00+0000', tz='UTC')}"
2019-03-04 11:00:00+00:00,2019-03-05 20:00:00+00:00,-1,1285.9950000000001,1288.2109340251125,1288.0359340251125,1272.9533752119232,0.75,-181.195051883426,-0.3561584495556521,"{'trail_atr_mult': 3.0, 'trail_atr_len': 14, 'tp_converts_to_trail': True, 'don_upper': 1346.66, 'don_lower': 1286.25, 'atr': 2.643324957615373, 'exit_reason': 'sl', 'signal_time': Timestamp('2019-03-04 10:00:00+0000', tz='UTC')}"
2019-03-21 06:00:00+00:00,2019-03-21 13:00:00+00:00,1,1319.245,1313.24829651816,1313.42329651816,1331.3679397563342,0.8,-479.7362785471887,-0.9482498489663617,"{'trail_atr_mult': 3.0, 'trail_atr_len': 14, 'tp_converts_to_trail': True, 'don_upper': 1319.0, 'don_lower': 1287.93, 'atr': 2.459587951266866, 'exit_reason': 'sl', 'signal_time': Timestamp('2019-03-21 05:00:00+0000', tz='UTC')}"
2019-03-28 13:00:00+00:00,2019-03-29 12:00:00+00:00,-1,1291.635,1294.1665251782883,1293.9915251782884,1276.0177180818162,0.62,-169.35456105387757,-0.3378033096513233,"{'trail_atr_mult': 3.0, 'trail_atr_len': 14, 'tp_converts_to_trail': True, 'don_upper': 1324.49, 'don_lower': 1298.13, 'atr': 3.1604563836367596, 'exit_reason': 'sl', 'signal_time': Timestamp('2019-03-28 12:00:00+0000', tz='UTC')}"
2019-04-18 02:00:00+00:00,2019-04-18 08:00:00+00:00,-1,1271.9650000000001,1275.4554926130472,1275.2804926130473,1264.1364183752014,1.21,-422.34960617869683,-0.8356876774113599,"{'trail_atr_mult': 3.0, 'trail_atr_len': 14, 'tp_converts_to_trail': True, 'don_upper': 1310.53, 'don_lower': 1272.89, 'atr': 1.6007163249597385, 'exit_reason': 'sl', 'signal_time': Timestamp('2019-04-18 01:00:00+0000', tz='UTC')}"
2019-04-23 13:00:00+00:00,2019-04-23 16:00:00+00:00,-1,1267.395,1272.1693569845586,1271.9943569845586,1258.8712860308826,1.09,-520.4049113168884,-1.0380487969486778,"{'trail_atr_mult': 3.0, 'trail_atr_len': 14, 'tp_converts_to_trail': True, 'don_upper': 1310.53, 'don_lower': 1271.09, 'atr': 1.7497427938234726, 'exit_reason': 'sl', 'signal_time': Timestamp('2019-04-23 12:00:00+0000', tz='UTC')}"
2019-05-13 17:00:00+00:00,2019-05-14 08:00:00+00:00,1,1300.465,1297.1302697827389,1297.3052697827388,1313.2944906418727,0.75,-220.10476629457798,-0.4395121155814393,"{'trail_atr_mult': 3.0, 'trail_atr_len': 14, 'tp_converts_to_trail': True, 'don_upper': 1299.63, 'don_lower': 1266.2, 'atr': 2.600898128374559, 'exit_reason': 'sl', 'signal_time': Timestamp('2019-05-13 16:00:00+0000', tz='UTC')}"
2019-05-17 15:00:00+00:00,2019-05-21 15:00:00+00:00,-1,1275.765,1274.705370963357,1274.530370963357,1264.0087499889628,0.81,21.029951968097023,0.04228055554765911,"{'trail_atr_mult': 3.0, 'trail_atr_len': 14, 'tp_converts_to_trail': True, 'don_upper': 1303.23, 'don_lower': 1278.13, 'atr': 2.386250002207464, 'exit_reason': 'sl', 'signal_time': Timestamp('2019-05-17 14:00:00+0000', tz='UTC')}"
2019-05-31 00:00:00+00:00,2019-05-31 16:00:00+00:00,1,1290.655,1300.0452444294979,1300.2202444294978,,0.99,929.6341985202919,1.8612521223067238,"{'trail_atr_mult': 3.0, 'trail_atr_len': 14, 'tp_converts_to_trail': True, 'don_upper': 1289.17, 'don_lower': 1269.41, 'atr': 1.9480488858995413, 'exit_reason': 'sl', 'signal_time': Timestamp('2019-05-30 23:00:00+0000', tz='UTC')}"
2019-05-31 17:00:00+00:00,2019-06-03 16:00:00+00:00,1,1304.705,1318.1659507028144,1318.3409507028143,,0.71,1040.9274998998255,2.070616727717415,"{'trail_atr_mult': 3.0, 'trail_atr_len': 14, 'tp_converts_to_trail': True, 'don_upper': 1304.46, 'don_lower': 1269.41, 'atr': 2.7621901405628866, 'exit_reason': 'sl', 'signal_time': Timestamp('2019-05-31 16:00:00+0000', tz='UTC')}"
2019-06-03 17:00:00+00:00,2019-06-04 13:00:00+00:00,1,1320.705,1321.340387422181,1321.515387422181,1333.9342132291827,0.74,76.61866924140222,0.15055567409473125,"{'trail_atr_mult': 3.0, 'trail_atr_len': 14, 'tp_converts_to_trail': True, 'don_upper': 1320.23, 'don_lower': 1272.43, 'atr': 2.680842645836516, 'exit_reason': 'sl', 'signal_time': Timestamp('2019-06-03 16:00:00+0000', tz='UTC')}"
2019-06-05 07:00:00+00:00,2019-06-05 15:00:00+00:00,1,1333.665,1333.202113232994,1333.377113232994,1346.5175944515076,0.76,-35.17939429245689,-0.06920328892969844,"{'trail_atr_mult': 3.0, 'trail_atr_len': 14, 'tp_converts_to_trail': True, 'don_upper': 1329.0, 'don_lower': 1274.95, 'atr': 2.6055188903015383, 'exit_reason': 'sl', 'signal_time': Timestamp('2019-06-05 06:00:00+0000', tz='UTC')}"
2019-06-14 07:00:00+00:00,2019-06-14 13:00:00+00:00,1,1355.335,1350.1722162467386,1350.3472162467385,1368.7051437344942,0.73,-376.88321398808694,-0.7431062034205673,"{'trail_atr_mult': 3.0, 'trail_atr_len': 14, 'tp_converts_to_trail': True, 'don_upper': 1348.23, 'don_lower': 1312.69, 'atr': 2.709028746898828, 'exit_reason': 'sl', 'signal_time': Timestamp('2019-06-14 06:00:00+0000', tz='UTC')}"
2019-06-20 01:00:00+00:00,2019-06-20 03:00:00+00:00,1,1371.5049999999999,1377.175,1393.0057137010626,,0.46,260.82000000000335,0.5155549919461087,"{'trail_atr_mult': 3.0, 'trail_atr_len': 14, 'tp_converts_to_trail': True, 'don_upper': 1362.54, 'don_lower': 1319.83, 'atr': 4.33314274021253, 'exit_reason': 'sl_gap', 'signal_time': Timestamp('2019-06-20 00:00:00+0000', tz='UTC')}"
2019-06-21 02:00:00+00:00,2019-06-21 06:00:00+00:00,1,1404.655,1396.7245872171236,1396.8995872171236,1429.262871382723,0.4,-317.216511315055,-0.6310789294316751,"{'trail_atr_mult': 3.0, 'trail_atr_len': 14, 'tp_converts_to_trail': True, 'don_upper': 1395.22, 'don_lower': 1319.83, 'atr': 4.9565742765445755, 'exit_reason': 'sl', 'signal_time': Timestamp('2019-06-21 01:00:00+0000', tz='UTC')}"
2019-06-24 16:00:00+00:00,2019-06-25 06:00:00+00:00,1,1413.905,1435.755,1437.538071880778,,0.42,934.5000000000056,1.8420344230951466,"{'trail_atr_mult': 3.0, 'trail_atr_len': 14, 'tp_converts_to_trail': True, 'don_upper': 1411.76, 'don_lower': 1325.98, 'atr': 4.761614376155615, 'exit_reason': 'sl_gap', 'signal_time': Timestamp('2019-06-24 15:00:00+0000', tz='UTC')}"
2019-07-18 18:00:00+00:00,2019-07-19 00:00:00+00:00,1,1429.955,1441.9650000000001,1450.135247851311,,0.48,595.6800000000105,1.1987299151518676,"{'trail_atr_mult': 3.0, 'trail_atr_len': 14, 'tp_converts_to_trail': True, 'don_upper': 1429.43, 'don_lower': 1385.69, 'atr': 4.071049570262225, 'exit_reason': 'sl_gap', 'signal_time': Timestamp('2019-07-18 17:00:00+0000', tz='UTC')}"
2019-08-01 01:00:00+00:00,2019-08-01 15:00:00+00:00,-1,1407.115,1412.3822985299846,1412.2072985299847,1384.9212296095336,0.44,-231.76113531932242,-0.4636957405225619,"{'trail_atr_mult': 3.0, 'trail_atr_len': 14, 'tp_converts_to_trail': True, 'don_upper': 1441.76, 'don_lower': 1410.17, 'atr': 4.4737540780932505, 'exit_reason': 'sl', 'signal_time': Timestamp('2019-08-01 00:00:00+0000', tz='UTC')}"
2019-08-01 18:00:00+00:00,2019-08-02 14:00:00+00:00,1,1438.585,1431.671636664037,1431.8466366640369,1467.170520261037,0.34,-221.4543534227468,-0.44749205974728407,"{'trail_atr_mult': 3.0, 'trail_atr_len': 14, 'tp_converts_to_trail': True, 'don_upper': 1434.47, 'don_lower': 1400.44, 'atr': 5.752104052207349, 'exit_reason': 'sl', 'signal_time': Timestamp('2019-08-01 17:00:00+0000', tz='UTC')}"
2019-08-02 15:00:00+00:00,2019-08-05 16:00:00+00:00,1,1446.935,1454.9185507235024,1455.0935507235024,1475.4836744462161,0.34,312.2407245990851,0.631743382866265,"{'trail_atr_mult': 3.0, 'trail_atr_len': 14, 'tp_converts_to_trail': True, 'don_upper': 1445.95, 'don_lower': 1400.44, 'atr': 5.744734889243216, 'exit_reason': 'sl', 'signal_time': Timestamp('2019-08-02 14:00:00+0000', tz='UTC')}"
2019-08-05 23:00:00+00:00,2019-08-06 05:00:00+00:00,1,1474.175,1459.2996987261108,1459.4746987261108,1503.0506025477782,0.34,-492.1602433122306,-0.9846941912408492,"{'trail_atr_mult': 3.0, 'trail_atr_len': 14, 'tp_converts_to_trail': True, 'don_upper': 1469.72, 'don_lower': 1400.44, 'atr': 5.810120509555647, 'exit_reason': 'sl', 'signal_time': Timestamp('2019-08-05 22:00:00+0000', tz='UTC')}"
2019-08-07 12:00:00+00:00,2019-08-08 02:00:00+00:00,1,1495.085,1492.0276353401273,1492.2026353401272,1518.859678932649,0.41,-76.15195105478261,-0.15306050525243092,"{'trail_atr_mult': 3.0, 'trail_atr_len': 14, 'tp_converts_to_trail': True, 'don_upper': 1491.21, 'don_lower': 1400.44, 'atr': 4.787935786529788, 'exit_reason': 'sl', 'signal_time': Timestamp('2019-08-07 11:00:00+0000', tz='UTC')}"
2019-08-13 07:00:00+00:00,2019-08-13 13:00:00+00:00,1,1522.5249999999999,1520.085026063094,1520.2600260630938,1544.0718549811118,0.45,-109.79882716076872,-0.2210936904935274,"{'trail_atr_mult': 3.0, 'trail_atr_len': 14, 'tp_converts_to_trail': True, 'don_upper': 1520.02, 'don_lower': 1400.44, 'atr': 4.344370996222364, 'exit_reason': 'sl', 'signal_time': Timestamp('2019-08-13 06:00:00+0000', tz='UTC')}"
2019-08-25 23:00:00+00:00,2019-08-26 08:00:00+00:00,1,1547.625,1532.5208022623972,1532.6958022623971,1577.5435372527693,0.32,-470.53432760329014,-0.9688622195926392,"{'trail_atr_mult': 3.0, 'trail_atr_len': 14, 'tp_converts_to_trail': True, 'don_upper': 1534.95, 'don_lower': 1479.77, 'atr': 6.012707450553831, 'exit_reason': 'sl', 'signal_time': Timestamp('2019-08-25 22:00:00+0000', tz='UTC')}"
2019-09-06 07:00:00+00:00,2019-09-06 13:00:00+00:00,-1,1506.275,1517.5035894048501,1517.3285894048502,1481.0662504424618,0.4,-449.14357619400107,-0.9153586066015716,"{'trail_atr_mult': 3.0, 'trail_atr_len': 14, 'tp_converts_to_trail': True, 'don_upper': 1556.98, 'don_lower': 1506.19, 'atr': 4.99674991150766, 'exit_reason': 'sl', 'signal_time': Timestamp('2019-09-06 06:00:00+0000', tz='UTC')}"
2019-09-10 02:00:00+00:00,2019-09-10 14:00:00+00:00,-1,1487.505,1499.1140630045468,1498.9390630045468,1464.6362086864128,0.42,-487.5806461909601,-0.9924909433388186,"{'trail_atr_mult': 3.0, 'trail_atr_len': 14, 'tp_converts_to_trail': True, 'don_upper': 1556.98, 'don_lower': 1492.99, 'atr': 4.608758262717445, 'exit_reason': 'sl', 'signal_time': Timestamp('2019-09-10 01:00:00+0000', tz='UTC')}"
2019-09-10 22:00:00+00:00,2019-09-11 16:00:00+00:00,-1,1486.105,1496.608323742592,1496.433323742592,1462.9205535803396,0.44,-470.9462446740425,-0.9651569782286483,"{'trail_atr_mult': 3.0, 'trail_atr_len': 14, 'tp_converts_to_trail': True, 'don_upper': 1556.98, 'don_lower': 1486.38, 'atr': 4.5698892839320795, 'exit_reason': 'sl', 'signal_time': Timestamp('2019-09-10 20:00:00+0000', tz='UTC')}"
2019-09-23 15:00:00+00:00,2019-09-24 14:00:00+00:00,1,1526.055,1518.7530216224313,1518.9280216224313,1543.5170578717925,0.54,-372.70683238871146,-0.7687204025121189,"{'trail_atr_mult': 3.0, 'trail_atr_len': 14, 'tp_converts_to_trail': True, 'don_upper': 1524.13, 'don_lower': 1482.97, 'atr': 3.5254115743584684, 'exit_reason': 'sl', 'signal_time': Timestamp('2019-09-23 14:00:00+0000', tz='UTC')}"
2019-09-30 16:00:00+00:00,2019-10-01 15:00:00+00:00,-1,1468.075,1471.9701552166177,1471.7951552166178,1442.7440230787126,0.37,-151.52074301485473,-0.3142145969808897,"{'trail_atr_mult': 3.0, 'trail_atr_len': 14, 'tp_converts_to_trail': True, 'don_upper': 1535.63, 'don_lower': 1479.55, 'atr': 5.115195384257463, 'exit_reason': 'sl', 'signal_time': Timestamp('2019-09-30 15:00:00+0000', tz='UTC')}"
2019-10-24 19:00:00+00:00,2019-10-25 15:00:00+00:00,1,1503.335,1514.125,1517.4723808964723,,0.66,738.5399999999976,1.5263551095842234,"{'trail_atr_mult': 3.0, 'trail_atr_len': 14, 'tp_converts_to_trail': True, 'don_upper': 1503.08, 'don_lower': 1476.96, 'atr': 2.862476179294432, 'exit_reason': 'sl_gap', 'signal_time': Timestamp('2019-10-24 18:00:00+0000', tz='UTC')}"
2019-11-07 15:00:00+00:00,2019-11-08 06:00:00+00:00,-1,1469.4750000000001,1470.6570030246191,1470.4820030246192,1449.6473112307854,0.48,-66.33614518171234,-0.13600592326272157,"{'trail_atr_mult': 3.0, 'trail_atr_len': 14, 'tp_converts_to_trail': True, 'don_upper': 1516.09, 'don_lower': 1479.31, 'atr': 3.9985377538429576, 'exit_reason': 'sl', 'signal_time': Timestamp('2019-11-07 14:00:00+0000', tz='UTC')}"
2019-11-08 12:00:00+00:00,2019-11-08 15:00:00+00:00,-1,1458.025,1467.306157080766,1467.1311570807661,1440.367685838468,0.53,-491.90132528059695,-1.0192177664461324,"{'trail_atr_mult': 3.0, 'trail_atr_len': 14, 'tp_converts_to_trail': True, 'don_upper': 1516.09, 'don_lower': 1460.46, 'atr': 3.5684628323063965, 'exit_reason': 'sl', 'signal_time': Timestamp('2019-11-08 11:00:00+0000', tz='UTC')}"
2019-11-25 23:00:00+00:00,2019-11-26 08:00:00+00:00,-1,1453.625,1457.5627181503269,1457.387718150327,1443.0187868573819,0.87,-359.9814790784379,-0.7454533296801447,"{'trail_atr_mult': 3.0, 'trail_atr_len': 14, 'tp_converts_to_trail': True, 'don_upper': 1478.75, 'don_lower': 1454.0, 'atr': 2.1542426285236242, 'exit_reason': 'sl', 'signal_time': Timestamp('2019-11-25 22:00:00+0000', tz='UTC')}"
2019-12-03 14:00:00+00:00,2019-12-04 09:00:00+00:00,1,1478.345,1476.9532165905032,1477.1282165905031,1493.8003175764723,0.6,-59.507004569810306,-0.12366131839578712,"{'trail_atr_mult': 3.0, 'trail_atr_len': 14, 'tp_converts_to_trail': True, 'don_upper': 1475.59, 'don_lower': 1450.02, 'atr': 3.1300635152944434, 'exit_reason': 'sl', 'signal_time': Timestamp('2019-12-03 13:00:00+0000', tz='UTC')}"
2019-12-24 05:00:00+00:00,2019-12-24 16:00:00+00:00,1,1490.375,1497.996493696513,1498.171493696513,,1.16,884.0932687955046,1.8317609733230562,"{'trail_atr_mult': 3.0, 'trail_atr_len': 14, 'tp_converts_to_trail': True, 'don_upper': 1489.52, 'don_lower': 1461.73, 'atr': 1.5942987393025634, 'exit_reason': 'sl', 'signal_time': Timestamp('2019-12-24 04:00:00+0000', tz='UTC')}"
2019-12-26 04:00:00+00:00,2019-12-27 17:00:00+00:00,1,1503.0349999999999,1513.655,1514.166048559142,,0.84,925.68000000001,1.8908637767054008,"{'trail_atr_mult': 3.0, 'trail_atr_len': 14, 'tp_converts_to_trail': True, 'don_upper': 1500.44, 'don_lower': 1461.73, 'atr': 2.261209711828405, 'exit_reason': 'sl_gap', 'signal_time': Timestamp('2019-12-26 03:00:00+0000', tz='UTC')}"
2019-12-31 01:00:00+00:00,2019-12-31 13:00:00+00:00,1,1521.405,1520.0120764511,1520.1870764511,1531.1400917676217,0.96,-133.7206606943946,-0.2715226297089682,"{'trail_atr_mult': 3.0, 'trail_atr_len': 14, 'tp_converts_to_trail': True, 'don_upper': 1516.07, 'don_lower': 1470.38, 'atr': 1.9820183535243265, 'exit_reason': 'sl', 'signal_time': Timestamp('2019-12-31 00:00:00+0000', tz='UTC')}"
2020-01-02 13:00:00+00:00,2020-01-03 03:00:00+00:00,1,1528.215,1538.075,1540.4540601346457,,0.78,800.28000000001,1.6076389317770874,"{'trail_atr_mult': 3.0, 'trail_atr_len': 14, 'tp_converts_to_trail': True, 'don_upper': 1525.23, 'don_lower': 1475.78, 'atr': 2.4828120269291505, 'exit_reason': 'sl_gap', 'signal_time': Timestamp('2020-01-02 12:00:00+0000', tz='UTC')}"
2020-01-03 05:00:00+00:00,2020-01-03 13:00:00+00:00,1,1541.595,1541.1056263962873,1541.2806263962873,1557.4039842057675,0.61,-29.851789826474256,-0.05992091060549612,"{'trail_atr_mult': 3.0, 'trail_atr_len': 14, 'tp_converts_to_trail': True, 'don_upper': 1541.0, 'don_lower': 1475.78, 'atr': 3.1967968411535015, 'exit_reason': 'sl', 'signal_time': Timestamp('2020-01-03 04:00:00+0000', tz='UTC')}"
2020-01-05 23:00:00+00:00,2020-01-06 15:00:00+00:00,1,1569.245,1566.0636161634743,1566.2386161634743,1596.6532138301816,0.36,-100.129818114921,-0.19935938945621165,"{'trail_atr_mult': 3.0, 'trail_atr_len': 14, 'tp_converts_to_trail': True, 'don_upper': 1553.43, 'don_lower': 1480.46, 'atr': 5.514642766036337, 'exit_reason': 'sl', 'signal_time': Timestamp('2020-01-05 22:00:00+0000', tz='UTC')}"
2020-01-07 23:00:00+00:00,2020-01-08 01:00:00+00:00,1,1595.105,1591.4450819739266,1591.6200819739265,1623.185771479813,0.35,-114.09713091257095,-0.22960587835347132,"{'trail_atr_mult': 3.0, 'trail_atr_len': 14, 'tp_converts_to_trail': True, 'don_upper': 1582.09, 'don_lower': 1506.55, 'atr': 5.637154295962587, 'exit_reason': 'sl', 'signal_time': Timestamp('2020-01-07 22:00:00+0000', tz='UTC')}"
2020-01-21 01:00:00+00:00,2020-01-21 07:00:00+00:00,1,1566.7549999999999,1561.9535661698353,1562.1285661698353,1577.528046471517,0.89,-427.3276108846467,-0.8499582369871233,"{'trail_atr_mult': 3.0, 'trail_atr_len': 14, 'tp_converts_to_trail': True, 'don_upper': 1563.13, 'don_lower': 1535.96, 'atr': 2.1896092943034153, 'exit_reason': 'sl', 'signal_time': Timestamp('2020-01-21 00:00:00+0000', tz='UTC')}"
2020-01-24 15:00:00+00:00,2020-01-27 08:00:00+00:00,1,1570.145,1576.2245271894144,1576.3995271894144,1588.7410473760708,0.53,385.8149410389643,0.776025671008024,"{'trail_atr_mult': 3.0, 'trail_atr_len': 14, 'tp_converts_to_trail': True, 'don_upper': 1568.59, 'don_lower': 1546.3, 'atr': 3.730209475214178, 'exit_reason': 'sl', 'signal_time': Timestamp('2020-01-24 14:00:00+0000', tz='UTC')}"
2020-02-04 14:00:00+00:00,2020-02-05 05:00:00+00:00,-1,1557.295,1559.1457645153139,1558.970764515314,1538.0148274606006,0.5,-102.53822576569064,-0.20646833157340674,"{'trail_atr_mult': 3.0, 'trail_atr_len': 14, 'tp_converts_to_trail': True, 'don_upper': 1592.0, 'don_lower': 1559.76, 'atr': 3.8950345078799016, 'exit_reason': 'sl', 'signal_time': Timestamp('2020-02-04 13:00:00+0000', tz='UTC')}"
2020-02-05 09:00:00+00:00,2020-02-05 15:00:00+00:00,-1,1548.4750000000001,1558.8636064751495,1558.6886064751495,1528.5727870497012,0.49,-509.0417172823179,-1.0171340065260734,"{'trail_atr_mult': 3.0, 'trail_atr_len': 14, 'tp_converts_to_trail': True, 'don_upper': 1592.0, 'don_lower': 1548.97, 'atr': 4.015442590059767, 'exit_reason': 'sl', 'signal_time': Timestamp('2020-02-05 08:00:00+0000', tz='UTC')}"
2020-02-14 13:00:00+00:00,2020-02-17 08:00:00+00:00,1,1580.2649999999999,1579.1397145672458,1579.3147145672458,1591.129111617537,0.87,6.500167350399721,0.0131203503407458,"{'trail_atr_mult': 3.0, 'trail_atr_len': 14, 'tp_converts_to_trail': True, 'don_upper': 1578.33, 'don_lower': 1552.46, 'atr': 2.2078223235074375, 'exit_reason': 'sl', 'signal_time': Timestamp('2020-02-14 12:00:00+0000', tz='UTC')}"
2020-02-18 00:00:00+00:00,2020-02-19 13:00:00+00:00,1,1586.555,1603.3656731530289,1603.5406731530288,,1.03,1772.6993347619666,3.5643787724155405,"{'trail_atr_mult': 3.0, 'trail_atr_len': 14, 'tp_converts_to_trail': True, 'don_upper': 1585.33, 'don_lower': 1560.08, 'atr': 1.8734078836089099, 'exit_reason': 'sl', 'signal_time': Timestamp('2020-02-17 23:00:00+0000', tz='UTC')}"
2020-02-19 20:00:00+00:00,2020-02-20 07:00:00+00:00,1,1612.975,1604.480020293302,1604.655020293302,1629.3299594133962,0.61,-444.9937621085722,-0.8768025841247095,"{'trail_atr_mult': 3.0, 'trail_atr_len': 14, 'tp_converts_to_trail': True, 'don_upper': 1611.29, 'don_lower': 1561.92, 'atr': 3.289991882679236, 'exit_reason': 'sl', 'signal_time': Timestamp('2020-02-19 19:00:00+0000', tz='UTC')}"
2020-02-20 11:00:00+00:00,2020-02-21 08:00:00+00:00,1,1617.655,1633.155,1634.0675208114073,,0.59,938.1,1.8774884680042792,"{'trail_atr_mult': 3.0, 'trail_atr_len': 14, 'tp_converts_to_trail': True, 'don_upper': 1612.91, 'don_lower': 1561.92, 'atr': 3.317504162281483, 'exit_reason': 'sl_gap', 'signal_time': Timestamp('2020-02-20 10:00:00+0000', tz='UTC')}"
2020-02-21 12:00:00+00:00,2020-02-24 00:00:00+00:00,1,1637.835,1660.4754378512523,1660.6504378512523,,0.58,1382.7453953726317,2.750437098145216,"{'trail_atr_mult': 3.0, 'trail_atr_len': 14, 'tp_converts_to_trail': True, 'don_upper': 1636.55, 'don_lower': 1561.98, 'atr': 3.393148965861403, 'exit_reason': 'sl', 'signal_time': Timestamp('2020-02-21 11:00:00+0000', tz='UTC')}"
2020-02-28 15:00:00+00:00,2020-03-02 01:00:00+00:00,-1,1583.4650000000001,1600.735625167793,1600.560625167793,1523.639717461435,0.17,-303.80062785247736,-0.592524584292767,"{'trail_atr_mult': 3.0, 'trail_atr_len': 14, 'tp_converts_to_trail': True, 'don_upper': 1689.25, 'don_lower': 1603.59, 'atr': 11.998056507713013, 'exit_reason': 'sl', 'signal_time': Timestamp('2020-02-28 14:00:00+0000', tz='UTC')}"
2020-03-05 17:00:00+00:00,2020-03-06 13:00:00+00:00,1,1667.2649999999999,1670.4730523405647,1670.6480523405646,1694.7826349450809,0.36,129.88988426033245,0.25650297937667704,"{'trail_atr_mult': 3.0, 'trail_atr_len': 14, 'tp_converts_to_trail': True, 'don_upper': 1663.77, 'don_lower': 1562.93, 'atr': 5.544526989016184, 'exit_reason': 'sl', 'signal_time': Timestamp('2020-03-05 16:00:00+0000', tz='UTC')}"
2020-03-08 23:00:00+00:00,2020-03-09 04:00:00+00:00,1,1700.2949999999998,1667.6800712461575,1667.8550712461574,1764.619857507685,0.15,-483.22393130763567,-0.9930641031394561,"{'trail_atr_mult': 3.0, 'trail_atr_len': 14, 'tp_converts_to_trail': True, 'don_upper': 1692.09, 'don_lower': 1562.93, 'atr': 12.901971501537023, 'exit_reason': 'sl', 'signal_time': Timestamp('2020-03-08 22:00:00+0000', tz='UTC')}"
2020-03-12 13:00:00+00:00,2020-03-12 17:00:00+00:00,-1,1596.7250000000001,1598.373385532681,1598.198385532681,1543.938599609538,0.19,-31.319325120934767,-0.06177036842283646,"{'trail_atr_mult': 3.0, 'trail_atr_len': 14, 'tp_converts_to_trail': True, 'don_upper': 1703.44, 'don_lower': 1599.01, 'atr': 10.5962800780924, 'exit_reason': 'sl', 'signal_time': Timestamp('2020-03-12 12:00:00+0000', tz='UTC')}"
2020-03-13 01:00:00+00:00,2020-03-13 07:00:00+00:00,-1,1554.795,1592.1562430391375,1591.9812430391376,1480.8575139217253,0.13,-485.6961595087867,-1.0047060414200966,"{'trail_atr_mult': 3.0, 'trail_atr_len': 14, 'tp_converts_to_trail': True, 'don_upper': 1703.44, 'don_lower': 1560.59, 'atr': 14.816497215654955, 'exit_reason': 'sl', 'signal_time': Timestamp('2020-03-13 00:00:00+0000', tz='UTC')}"
2020-03-13 15:00:00+00:00,2020-03-15 23:00:00+00:00,-1,1534.4550000000002,1558.851308779536,1558.6763087795362,1447.486635773811,0.11,-272.7593965748955,-0.564107834975774,"{'trail_atr_mult': 3.0, 'trail_atr_len': 14, 'tp_converts_to_trail': True, 'don_upper': 1703.44, 'don_lower': 1551.31, 'atr': 17.456672845237808, 'exit_reason': 'sl', 'signal_time': Timestamp('2020-03-13 14:00:00+0000', tz='UTC')}"
2020-03-16 10:00:00+00:00,2020-03-16 15:00:00+00:00,-1,1477.375,1513.9539674011742,1513.7789674011742,1377.8704565882429,0.1,-365.78967401174174,-0.7326817159359598,"{'trail_atr_mult': 3.0, 'trail_atr_len': 14, 'tp_converts_to_trail': True, 'don_upper': 1703.44, 'don_lower': 1504.62, 'atr': 19.923908682351435, 'exit_reason': 'sl', 'signal_time': Timestamp('2020-03-16 09:00:00+0000', tz='UTC')}"
2020-03-24 16:00:00+00:00,2020-03-26 01:00:00+00:00,1,1621.105,1600.2853060720715,1600.4603060720715,1716.1851777242478,0.1,-192.19693927928483,-0.3875908139306399,"{'trail_atr_mult': 3.0, 'trail_atr_len': 14, 'tp_converts_to_trail': True, 'don_upper': 1618.12, 'don_lower': 1451.13, 'atr': 19.289035544849536, 'exit_reason': 'sl', 'signal_time': Timestamp('2020-03-24 15:00:00+0000', tz='UTC')}"
2020-04-06 14:00:00+00:00,2020-04-07 08:00:00+00:00,1,1648.7549999999999,1650.2349769335362,1650.4099769335362,1683.791080040382,0.28,52.63935413901818,0.1049355437468051,"{'trail_atr_mult': 3.0, 'trail_atr_len': 14, 'tp_converts_to_trail': True, 'don_upper': 1644.52, 'don_lower': 1569.33, 'atr': 7.060216008076389, 'exit_reason': 'sl', 'signal_time': Timestamp('2020-04-06 13:00:00+0000', tz='UTC')}"
2020-04-09 14:00:00+00:00,2020-04-13 21:00:00+00:00,1,1683.225,1715.7920647356425,1715.9670647356425,,0.3,1025.0119420692777,2.041222252037273,"{'trail_atr_mult': 3.0, 'trail_atr_len': 14, 'tp_converts_to_trail': True, 'don_upper': 1674.02, 'don_lower': 1569.33, 'atr': 6.597412947128471, 'exit_reason': 'sl', 'signal_time': Timestamp('2020-04-09 13:00:00+0000', tz='UTC')}"
2020-04-14 13:00:00+00:00,2020-04-14 20:00:00+00:00,1,1730.325,1721.7412567293072,1721.9162567293072,1767.728198777877,0.26,-223.17732503801335,-0.45013889201668167,"{'trail_atr_mult': 3.0, 'trail_atr_len': 14, 'tp_converts_to_trail': True, 'don_upper': 1727.53, 'don_lower': 1599.97, 'atr': 7.529639755575417, 'exit_reason': 'sl', 'signal_time': Timestamp('2020-04-14 12:00:00+0000', tz='UTC')}"
2020-05-01 06:00:00+00:00,2020-05-01 15:00:00+00:00,-1,1672.105,1689.5234723951648,1689.348472395165,1638.17305520967,0.29,-505.1356994597799,-1.0101487679505332,"{'trail_atr_mult': 3.0, 'trail_atr_len': 14, 'tp_converts_to_trail': True, 'don_upper': 1738.78, 'don_lower': 1680.67, 'atr': 6.8233889580659755, 'exit_reason': 'sl', 'signal_time': Timestamp('2020-05-01 05:00:00+0000', tz='UTC')}"
2020-05-14 14:00:00+00:00,2020-05-18 01:00:00+00:00,1,1732.175,1757.885,1759.6597816777796,,0.36,983.1600000000013,1.9396457197358241,"{'trail_atr_mult': 3.0, 'trail_atr_len': 14, 'tp_converts_to_trail': True, 'don_upper': 1723.6, 'don_lower': 1681.14, 'atr': 5.541956335555928, 'exit_reason': 'sl_gap', 'signal_time': Timestamp('2020-05-14 13:00:00+0000', tz='UTC')}"
2020-05-18 03:00:00+00:00,2020-05-18 13:00:00+00:00,1,1761.345,1749.1526015670238,1749.3276015670237,1793.032470539844,0.31,-377.96435142226323,-0.7577043171922592,"{'trail_atr_mult': 3.0, 'trail_atr_len': 14, 'tp_converts_to_trail': True, 'don_upper': 1759.89, 'don_lower': 1684.32, 'atr': 6.370494107968805, 'exit_reason': 'sl', 'signal_time': Timestamp('2020-05-18 02:00:00+0000', tz='UTC')}"
2020-05-26 15:00:00+00:00,2020-05-27 17:00:00+00:00,-1,1711.795,1708.3647797857245,1708.1897797857246,1685.9701922239947,0.38,122.74836814247092,0.24490096680793258,"{'trail_atr_mult': 3.0, 'trail_atr_len': 14, 'tp_converts_to_trail': True, 'don_upper': 1765.08, 'don_lower': 1717.1, 'atr': 5.201961555201092, 'exit_reason': 'sl', 'signal_time': Timestamp('2020-05-26 14:00:00+0000', tz='UTC')}"
2020-06-02 14:00:00+00:00,2020-06-02 16:00:00+00:00,1,1744.695,1734.2220533226007,1734.3970533226006,1764.9758933547982,0.49,-513.1743871925632,-1.0169936789810754,"{'trail_atr_mult': 3.0, 'trail_atr_len': 14, 'tp_converts_to_trail': True, 'don_upper': 1744.51, 'don_lower': 1693.62, 'atr': 4.077178670959675, 'exit_reason': 'sl', 'signal_time': Timestamp('2020-06-02 13:00:00+0000', tz='UTC')}"
2020-06-05 13:00:00+00:00,2020-06-08 03:00:00+00:00,-1,1687.055,1688.9646428688502,1688.7896428688503,1655.5422292738972,0.31,-77.7989289343544,-0.1566677588341322,"{'trail_atr_mult': 3.0, 'trail_atr_len': 14, 'tp_converts_to_trail': True, 'don_upper': 1745.09, 'don_lower': 1689.21, 'atr': 6.337554145220548, 'exit_reason': 'sl', 'signal_time': Timestamp('2020-06-05 12:00:00+0000', tz='UTC')}"
2020-06-11 15:00:00+00:00,2020-06-11 17:00:00+00:00,1,1743.695,1728.296750284235,1728.471750284235,1773.4664994315303,0.33,-508.1422406202419,-1.0114955744185639,"{'trail_atr_mult': 3.0, 'trail_atr_len': 14, 'tp_converts_to_trail': True, 'don_upper': 1740.79, 'don_lower': 1670.55, 'atr': 5.99929988630606, 'exit_reason': 'sl', 'signal_time': Timestamp('2020-06-11 14:00:00+0000', tz='UTC')}"
2020-06-21 23:00:00+00:00,2020-06-22 08:00:00+00:00,1,1745.835,1744.6544882331034,1744.8294882331033,1767.15639023954,0.46,-35.903541277245594,-0.07145452940632564,"{'trail_atr_mult': 3.0, 'trail_atr_len': 14, 'tp_converts_to_trail': True, 'don_upper': 1745.28, 'don_lower': 1704.11, 'atr': 4.2992780479080235, 'exit_reason': 'sl', 'signal_time': Timestamp('2020-06-21 22:00:00+0000', tz='UTC')}"
2020-06-22 14:00:00+00:00,2020-06-23 03:00:00+00:00,1,1759.745,1747.7304078260067,1747.9054078260067,1786.7161965442367,0.36,-418.12531826375346,-0.8384111587058782,"{'trail_atr_mult': 3.0, 'trail_atr_len': 14, 'tp_converts_to_trail': True, 'don_upper': 1758.53, 'don_lower': 1704.11, 'atr': 5.443239308847362, 'exit_reason': 'sl', 'signal_time': Timestamp('2020-06-22 13:00:00+0000', tz='UTC')}"
2020-06-23 14:00:00+00:00,2020-06-24 13:00:00+00:00,1,1765.475,1766.751879638817,1766.926879638817,1791.0506617650644,0.38,63.721426275047364,0.1283457459970613,"{'trail_atr_mult': 3.0, 'trail_atr_len': 14, 'tp_converts_to_trail': True, 'don_upper': 1763.2, 'don_lower': 1704.11, 'atr': 5.1521323530128935, 'exit_reason': 'sl', 'signal_time': Timestamp('2020-06-23 13:00:00+0000', tz='UTC')}"
2020-06-30 15:00:00+00:00,2020-07-01 12:00:00+00:00,1,1781.245,1778.5073336763203,1778.6823336763202,1802.70528125944,0.46,-107.53265088926182,-0.21441285676309385,"{'trail_atr_mult': 3.0, 'trail_atr_len': 14, 'tp_converts_to_trail': True, 'don_upper': 1779.43, 'don_lower': 1737.54, 'atr': 4.315056251887988, 'exit_reason': 'sl', 'signal_time': Timestamp('2020-06-30 14:00:00+0000', tz='UTC')}"
2020-07-07 15:00:00+00:00,2020-07-08 15:00:00+00:00,1,1794.145,1810.2050000000002,1815.244004578768,,0.46,757.1600000000079,1.5223822155644287,"{'trail_atr_mult': 4.0, 'trail_atr_len': 14, 'tp_converts_to_trail': True, 'don_upper': 1789.08, 'don_lower': 1747.43, 'atr': 4.2548009157536155, 'exit_reason': 'sl_gap', 'signal_time': Timestamp('2020-07-07 14:00:00+0000', tz='UTC')}"
2020-07-21 07:00:00+00:00,2020-07-21 14:00:00+00:00,1,1823.0049999999999,1836.660978868075,1836.835978868075,,0.7,955.9185207652625,1.9024796558378212,"{'trail_atr_mult': 4.0, 'trail_atr_len': 14, 'tp_converts_to_trail': True, 'don_upper': 1820.53, 'don_lower': 1790.63, 'atr': 2.8011957736150084, 'exit_reason': 'sl', 'signal_time': Timestamp('2020-07-21 06:00:00+0000', tz='UTC')}"
2020-07-21 17:00:00+00:00,2020-07-22 03:00:00+00:00,1,1841.965,1860.4850000000001,1861.6741074692773,,0.5,946.0000000000105,1.8897221790313519,"{'trail_atr_mult': 4.0, 'trail_atr_len': 14, 'tp_converts_to_trail': True, 'don_upper': 1841.42, 'don_lower': 1790.63, 'atr': 3.96282149385547, 'exit_reason': 'sl_gap', 'signal_time': Timestamp('2020-07-21 16:00:00+0000', tz='UTC')}"
2020-07-22 22:00:00+00:00,2020-07-24 15:00:00+00:00,1,1874.145,1901.5620534393877,1901.7370534393876,,0.28,812.4774963028557,1.5957879836347046,"{'trail_atr_mult': 4.0, 'trail_atr_len': 14, 'tp_converts_to_trail': True, 'don_upper': 1870.42, 'don_lower': 1790.63, 'atr': 6.103410687877509, 'exit_reason': 'sl', 'signal_time': Timestamp('2020-07-22 20:00:00+0000', tz='UTC')}"
2020-07-26 23:00:00+00:00,2020-07-27 05:00:00+00:00,1,1906.7749999999999,1931.645,1932.8818265863918,,0.38,960.2600000000047,1.889216791862315,"{'trail_atr_mult': 4.0, 'trail_atr_len': 14, 'tp_converts_to_trail': True, 'don_upper': 1906.5, 'don_lower': 1790.63, 'atr': 5.264365317278372, 'exit_reason': 'sl_gap', 'signal_time': Timestamp('2020-07-26 22:00:00+0000', tz='UTC')}"
2020-07-27 11:00:00+00:00,2020-07-28 03:00:00+00:00,1,1944.805,1971.415,1977.2404802731535,,0.31,837.3099999999968,1.652468839509927,"{'trail_atr_mult': 4.0, 'trail_atr_len': 14, 'tp_converts_to_trail': True, 'don_upper': 1944.54, 'don_lower': 1794.9, 'atr': 6.504096054630687, 'exit_reason': 'sl_gap', 'signal_time': Timestamp('2020-07-27 10:00:00+0000', tz='UTC')}"
2020-08-04 15:00:00+00:00,2020-08-05 00:00:00+00:00,1,1991.915,2020.855,2022.308367641471,,0.34,997.5600000000019,1.9034416834014276,"{'trail_atr_mult': 4.0, 'trail_atr_len': 14, 'tp_converts_to_trail': True, 'don_upper': 1984.9, 'don_lower': 1863.64, 'atr': 6.1076735282942245, 'exit_reason': 'sl_gap', 'signal_time': Timestamp('2020-08-04 14:00:00+0000', tz='UTC')}"
2020-08-05 00:00:00+00:00,2020-08-05 03:00:00+00:00,1,2031.075,2012.609180453281,2012.784180453281,2067.2816390934386,0.29,-535.5087668548539,-1.0095676412723311,"{'trail_atr_mult': 4.0, 'trail_atr_len': 14, 'tp_converts_to_trail': True, 'don_upper': 2026.12, 'don_lower': 1869.38, 'atr': 7.266327818687693, 'exit_reason': 'sl', 'signal_time': Timestamp('2020-08-04 23:00:00+0000', tz='UTC')}"
2020-08-05 07:00:00+00:00,2020-08-07 00:00:00+00:00,1,2033.595,2070.1349999999998,2074.587322479467,,0.25,953.4999999999934,1.8493321606019981,"{'trail_atr_mult': 4.0, 'trail_atr_len': 14, 'tp_converts_to_trail': True, 'don_upper': 2030.95, 'don_lower': 1869.72, 'atr': 8.21546449589336, 'exit_reason': 'sl_gap', 'signal_time': Timestamp('2020-08-05 06:00:00+0000', tz='UTC')}"
2020-08-11 18:00:00+00:00,2020-08-12 08:00:00+00:00,-1,1925.255,1928.2195480123507,1928.0445480123508,1860.4049615920526,0.16,-50.63276819761013,-0.09716883845314618,"{'trail_atr_mult': 4.0, 'trail_atr_len': 14, 'tp_converts_to_trail': True, 'don_upper': 2074.87, 'don_lower': 1937.7, 'atr': 12.989007681589456, 'exit_reason': 'sl', 'signal_time': Timestamp('2020-08-11 17:00:00+0000', tz='UTC')}"
2020-09-01 08:00:00+00:00,2020-09-01 15:00:00+00:00,1,1992.125,1976.4620693856273,1976.6370693856272,2022.6358612287459,0.34,-532.5396408886728,-1.0112991208675457,"{'trail_atr_mult': 4.0, 'trail_atr_len': 14, 'tp_converts_to_trail': True, 'don_upper': 1990.1, 'don_lower': 1902.64, 'atr': 6.133172245749155, 'exit_reason': 'sl', 'signal_time': Timestamp('2020-09-01 07:00:00+0000', tz='UTC')}"
2020-09-15 11:00:00+00:00,2020-09-15 14:00:00+00:00,1,1970.825,1959.7773108110812,1959.9523108110811,1992.2553783778378,0.48,-530.2890810681055,-1.0160953741028766,"{'trail_atr_mult': 4.0, 'trail_atr_len': 14, 'tp_converts_to_trail': True, 'don_upper': 1969.27, 'don_lower': 1906.54, 'atr': 4.307075675567577, 'exit_reason': 'sl', 'signal_time': Timestamp('2020-09-15 10:00:00+0000', tz='UTC')}"
2020-09-21 14:00:00+00:00,2020-09-22 00:00:00+00:00,-1,1912.185,1913.445,1912.9841206666486,1879.7154865752884,0.32,-46.71999999999971,-0.08922974536253758,"{'trail_atr_mult': 4.0, 'trail_atr_len': 14, 'tp_converts_to_trail': True, 'don_upper': 1973.64, 'don_lower': 1919.36, 'atr': 6.510902684942332, 'exit_reason': 'sl_gap', 'signal_time': Timestamp('2020-09-21 13:00:00+0000', tz='UTC')}"
2020-09-23 07:00:00+00:00,2020-09-28 13:00:00+00:00,-1,1881.195,1869.9039991867246,1869.7289991867246,1844.7126564325808,0.28,276.94802277170936,0.5345425993765903,"{'trail_atr_mult': 4.0, 'trail_atr_len': 14, 'tp_converts_to_trail': True, 'don_upper': 1973.64, 'don_lower': 1882.27, 'atr': 7.331468713483817, 'exit_reason': 'sl', 'signal_time': Timestamp('2020-09-23 06:00:00+0000', tz='UTC')}"
2020-10-09 14:00:00+00:00,2020-10-13 02:00:00+00:00,1,1923.455,1916.6891907362017,1916.8641907362016,1948.3607039639826,0.41,-211.79817981572808,-0.40626553406579513,"{'trail_atr_mult': 4.0, 'trail_atr_len': 14, 'tp_converts_to_trail': True, 'don_upper': 1921.83, 'don_lower': 1872.94, 'atr': 5.016140792796532, 'exit_reason': 'sl', 'signal_time': Timestamp('2020-10-09 13:00:00+0000', tz='UTC')}"
2020-10-28 12:00:00+00:00,2020-10-30 11:00:00+00:00,-1,1881.9950000000001,1879.0809038684745,1878.9059038684745,1859.5757678227842,0.45,95.13432591865376,0.18073652646609414,"{'trail_atr_mult': 4.0, 'trail_atr_len': 14, 'tp_converts_to_trail': True, 'don_upper': 1931.36, 'don_lower': 1890.68, 'atr': 4.5488464354431555, 'exit_reason': 'sl', 'signal_time': Timestamp('2020-10-28 11:00:00+0000', tz='UTC')}"
2020-11-05 08:00:00+00:00,2020-11-05 17:00:00+00:00,1,1918.215,1946.255,1949.7995459942626,,0.32,897.2800000000061,1.7465211127563403,"{'trail_atr_mult': 4.0, 'trail_atr_len': 14, 'tp_converts_to_trail': True, 'don_upper': 1916.31, 'don_lower': 1859.92, 'atr': 6.351909198852525, 'exit_reason': 'sl_gap', 'signal_time': Timestamp('2020-11-05 07:00:00+0000', tz='UTC')}"
2020-11-06 11:00:00+00:00,2020-11-09 11:00:00+00:00,1,1955.745,1943.472384122591,1943.647384122591,1986.0857822546018,0.34,-376.46893983190444,-0.7174686703919988,"{'trail_atr_mult': 4.0, 'trail_atr_len': 14, 'tp_converts_to_trail': True, 'don_upper': 1952.76, 'don_lower': 1859.92, 'atr': 6.103156450920359, 'exit_reason': 'sl', 'signal_time': Timestamp('2020-11-06 10:00:00+0000', tz='UTC')}"
2020-11-23 14:00:00+00:00,2020-11-24 11:00:00+00:00,-1,1841.445,1813.93053840455,1813.75553840455,,0.37,1010.6350790316512,1.9362029293413874,"{'trail_atr_mult': 4.0, 'trail_atr_len': 14, 'tp_converts_to_trail': True, 'don_upper': 1899.01, 'don_lower': 1852.69, 'atr': 5.572892319089998, 'exit_reason': 'sl', 'signal_time': Timestamp('2020-11-23 13:00:00+0000', tz='UTC')}"
2020-11-24 11:00:00+00:00,2020-11-26 07:00:00+00:00,-1,1810.065,1816.391068838457,1816.216068838457,1779.4008079764392,0.34,-242.28634050753385,-0.45651846678664043,"{'trail_atr_mult': 4.0, 'trail_atr_len': 14, 'tp_converts_to_trail': True, 'don_upper': 1899.01, 'don_lower': 1811.78, 'atr': 6.169838404712171, 'exit_reason': 'sl', 'signal_time': Timestamp('2020-11-24 10:00:00+0000', tz='UTC')}"
2020-11-27 13:00:00+00:00,2020-12-01 04:00:00+00:00,-1,1778.4850000000001,1786.4335959140492,1786.2585959140492,1749.7740284982033,0.37,-323.6980488198154,-0.6110214150408826,"{'trail_atr_mult': 4.0, 'trail_atr_len': 14, 'tp_converts_to_trail': True, 'don_upper': 1896.05, 'don_lower': 1800.25, 'atr': 5.737194300359368, 'exit_reason': 'sl', 'signal_time': Timestamp('2020-11-27 12:00:00+0000', tz='UTC')}"
2020-12-07 14:00:00+00:00,2020-12-09 04:00:00+00:00,1,1856.845,1857.6670995400796,1857.8420995400795,1888.930083436523,0.32,51.907185282545115,0.09948453785695019,"{'trail_atr_mult': 4.0, 'trail_atr_len': 14, 'tp_converts_to_trail': True, 'don_upper': 1848.17, 'don_lower': 1764.38, 'atr': 6.452016687304602, 'exit_reason': 'sl', 'signal_time': Timestamp('2020-12-07 13:00:00+0000', tz='UTC')}"
2020-12-17 08:00:00+00:00,2020-12-18 08:00:00+00:00,1,1878.915,1877.6750633946342,1877.8500633946342,1904.000366582133,0.41,-34.437400819995986,-0.06551673921472416,"{'trail_atr_mult': 4.0, 'trail_atr_len': 14, 'tp_converts_to_trail': True, 'don_upper': 1875.28, 'don_lower': 1818.34, 'atr': 5.054073316426576, 'exit_reason': 'sl', 'signal_time': Timestamp('2020-12-17 07:00:00+0000', tz='UTC')}"
2020-12-21 01:00:00+00:00,2020-12-21 09:00:00+00:00,1,1896.7549999999999,1885.509455107363,1885.684455107363,1922.1574609381892,0.41,-461.06734059811174,-0.8714956438039969,"{'trail_atr_mult': 4.0, 'trail_atr_len': 14, 'tp_converts_to_trail': True, 'don_upper': 1896.19, 'don_lower': 1818.34, 'atr': 5.107492187637876, 'exit_reason': 'sl', 'signal_time': Timestamp('2020-12-21 00:00:00+0000', tz='UTC')}"
2021-01-03 23:00:00+00:00,2021-01-04 15:00:00+00:00,1,1913.215,1941.185,1942.977563480339,,0.33,936.210000000001,1.8845762805433373,"{'trail_atr_mult': 4.0, 'trail_atr_len': 14, 'tp_converts_to_trail': True, 'don_upper': 1906.7, 'don_lower': 1854.99, 'atr': 5.975512696067826, 'exit_reason': 'sl_gap', 'signal_time': Timestamp('2021-01-03 22:00:00+0000', tz='UTC')}"
2021-01-05 09:00:00+00:00,2021-01-06 12:00:00+00:00,1,1945.7849999999999,1936.1542494559108,1936.3292494559107,1972.442129006786,0.37,-341.53777013129655,-0.6791778923412986,"{'trail_atr_mult': 4.0, 'trail_atr_len': 14, 'tp_converts_to_trail': True, 'don_upper': 1945.58, 'don_lower': 1854.99, 'atr': 5.366425801357197, 'exit_reason': 'sl', 'signal_time': Timestamp('2021-01-05 08:00:00+0000', tz='UTC')}"
2021-01-08 14:00:00+00:00,2021-01-11 02:00:00+00:00,-1,1864.795,1828.975,1818.8397730315207,,0.21,739.6200000000034,1.5106081308078652,"{'trail_atr_mult': 4.0, 'trail_atr_len': 14, 'tp_converts_to_trail': True, 'don_upper': 1959.29, 'don_lower': 1869.12, 'atr': 9.236045393695848, 'exit_reason': 'sl_gap', 'signal_time': Timestamp('2021-01-08 13:00:00+0000', tz='UTC')}"
2021-01-17 23:00:00+00:00,2021-01-18 02:00:00+00:00,-1,1810.545,1827.9871336661251,1827.8121336661252,1775.4557326677495,0.29,-511.6218763176271,-1.021717559338504,"{'trail_atr_mult': 4.0, 'trail_atr_len': 14, 'tp_converts_to_trail': True, 'don_upper': 1959.29, 'don_lower': 1817.0, 'atr': 6.980853466450076, 'exit_reason': 'sl', 'signal_time': Timestamp('2021-01-17 22:00:00+0000', tz='UTC')}"
2021-02-04 01:00:00+00:00,2021-02-05 08:00:00+00:00,-1,1826.795,1804.1171834124966,1803.9421834124967,,0.44,989.0239298501522,1.9951116827086022,"{'trail_atr_mult': 4.0, 'trail_atr_len': 14, 'tp_converts_to_trail': True, 'don_upper': 1875.69, 'don_lower': 1829.53, 'atr': 4.448578109349178, 'exit_reason': 'sl', 'signal_time': Timestamp('2021-02-04 00:00:00+0000', tz='UTC')}"
2021-02-17 13:00:00+00:00,2021-02-18 08:00:00+00:00,-1,1778.7250000000001,1788.9122089339673,1788.7372089339674,1747.380804984619,0.31,-334.4034769529836,-0.6769677695819394,"{'trail_atr_mult': 4.0, 'trail_atr_len': 14, 'tp_converts_to_trail': True, 'don_upper': 1855.31, 'don_lower': 1783.68, 'atr': 6.303839003076217, 'exit_reason': 'sl', 'signal_time': Timestamp('2021-02-17 12:00:00+0000', tz='UTC')}"
2021-02-26 05:00:00+00:00,2021-02-26 16:00:00+00:00,-1,1760.415,1730.125,1725.4018486137013,,0.28,848.1199999999991,1.7003408159789302,"{'trail_atr_mult': 4.0, 'trail_atr_len': 14, 'tp_converts_to_trail': True, 'don_upper': 1826.42, 'don_lower': 1760.64, 'atr': 7.043630277259729, 'exit_reason': 'sl_gap', 'signal_time': Timestamp('2021-02-26 04:00:00+0000', tz='UTC')}"
2021-02-26 16:00:00+00:00,2021-03-01 00:00:00+00:00,-1,1717.785,1741.6457098547087,1741.4707098547087,1671.2085802905824,0.21,-513.6749069488807,-1.0327201508738355,"{'trail_atr_mult': 4.0, 'trail_atr_len': 14, 'tp_converts_to_trail': True, 'don_upper': 1826.42, 'don_lower': 1724.61, 'atr': 9.36828394188352, 'exit_reason': 'sl', 'signal_time': Timestamp('2021-02-26 15:00:00+0000', tz='UTC')}"
2021-03-02 01:00:00+00:00,2021-03-02 10:00:00+00:00,-1,1711.535,1730.42502106488,1730.25002106488,1674.71995787024,0.27,-510.0305687517566,-1.0093507776129813,"{'trail_atr_mult': 4.0, 'trail_atr_len': 14, 'tp_converts_to_trail': True, 'don_upper': 1816.01, 'don_lower': 1717.18, 'atr': 7.404008425951999, 'exit_reason': 'sl', 'signal_time': Timestamp('2021-03-02 00:00:00+0000', tz='UTC')}"
2021-03-04 17:00:00+00:00,2021-03-07 23:00:00+00:00,-1,1700.195,1710.982066068436,1710.8070660684361,1661.4199688266422,0.25,-284.676651710904,-0.5772905992594599,"{'trail_atr_mult': 4.0, 'trail_atr_len': 14, 'tp_converts_to_trail': True, 'don_upper': 1816.01, 'don_lower': 1701.86, 'atr': 7.80000623467159, 'exit_reason': 'sl', 'signal_time': Timestamp('2021-03-04 16:00:00+0000', tz='UTC')}"
2021-03-08 11:00:00+00:00,2021-03-09 08:00:00+00:00,-1,1685.615,1698.876396255732,1698.701396255732,1653.7272978573935,0.31,-417.30328392769354,-0.8267984761693763,"{'trail_atr_mult': 4.0, 'trail_atr_len': 14, 'tp_converts_to_trail': True, 'don_upper': 1813.94, 'don_lower': 1687.28, 'atr': 6.422540428521293, 'exit_reason': 'sl', 'signal_time': Timestamp('2021-03-08 10:00:00+0000', tz='UTC')}"
2021-03-17 18:00:00+00:00,2021-03-18 07:00:00+00:00,1,1749.7949999999998,1736.5026617631363,1736.6776617631363,1775.7804875223856,0.38,-459.5088530008147,-0.91537585948164,"{'trail_atr_mult': 4.0, 'trail_atr_len': 14, 'tp_converts_to_trail': True, 'don_upper': 1741.21, 'don_lower': 1676.82, 'atr': 5.226097504477112, 'exit_reason': 'sl', 'signal_time': Timestamp('2021-03-17 17:00:00+0000', tz='UTC')}"
2021-03-29 14:00:00+00:00,2021-03-30 13:00:00+00:00,-1,1710.945,1688.495,1688.2710030242868,,0.42,934.5000000000018,1.88647275023248,"{'trail_atr_mult': 4.0, 'trail_atr_len': 14, 'tp_converts_to_trail': True, 'don_upper': 1755.46, 'don_lower': 1719.25, 'atr': 4.595799395142661, 'exit_reason': 'sl_gap', 'signal_time': Timestamp('2021-03-29 13:00:00+0000', tz='UTC')}"
2021-03-30 13:00:00+00:00,2021-03-31 14:00:00+00:00,-1,1683.625,1694.741115271096,1694.5661152710961,1658.4838406823596,0.39,-441.32849557274704,-0.8828245394238485,"{'trail_atr_mult': 4.0, 'trail_atr_len': 14, 'tp_converts_to_trail': True, 'don_upper': 1755.46, 'don_lower': 1686.24, 'atr': 5.061231863528063, 'exit_reason': 'sl', 'signal_time': Timestamp('2021-03-30 12:00:00+0000', tz='UTC')}"
2021-04-08 12:00:00+00:00,2021-04-09 08:00:00+00:00,1,1749.915,1746.277245964883,1746.4522459648829,1767.605507513819,0.55,-178.07647193143728,-0.3554942438645498,"{'trail_atr_mult': 4.0, 'trail_atr_len': 14, 'tp_converts_to_trail': True, 'don_upper': 1747.61, 'don_lower': 1677.86, 'atr': 3.573101502763784, 'exit_reason': 'sl', 'signal_time': Timestamp('2021-04-08 11:00:00+0000', tz='UTC')}"
2021-04-15 15:00:00+00:00,2021-04-19 10:00:00+00:00,1,1764.955,1786.905,1787.9388823946417,,0.42,989.100000000002,2.0034980484965765,"{'trail_atr_mult': 4.0, 'trail_atr_len': 14, 'tp_converts_to_trail': True, 'don_upper': 1758.66, 'don_lower': 1721.25, 'atr': 4.631776478928339, 'exit_reason': 'sl_gap', 'signal_time': Timestamp('2021-04-15 14:00:00+0000', tz='UTC')}"
2021-04-21 14:00:00+00:00,2021-04-22 13:00:00+00:00,1,1795.995,1783.2201950292465,1783.3951950292465,1820.6396099415072,0.4,-462.9921988301358,-0.9186495344666631,"{'trail_atr_mult': 4.0, 'trail_atr_len': 14, 'tp_converts_to_trail': True, 'don_upper': 1790.03, 'don_lower': 1723.7, 'atr': 4.965921988301432, 'exit_reason': 'sl', 'signal_time': Timestamp('2021-04-21 13:00:00+0000', tz='UTC')}"
2021-04-29 14:00:00+00:00,2021-04-29 19:00:00+00:00,-1,1757.605,1771.195801243611,1771.020801243611,1730.7283975127777,0.37,-502.8596460136048,-1.0130443196662067,"{'trail_atr_mult': 4.0, 'trail_atr_len': 14, 'tp_converts_to_trail': True, 'don_upper': 1797.88, 'don_lower': 1762.62, 'atr': 5.372320497444425, 'exit_reason': 'sl', 'signal_time': Timestamp('2021-04-29 13:00:00+0000', tz='UTC')}"
2021-05-06 14:00:00+00:00,2021-05-07 14:00:00+00:00,1,1812.925,1838.1590698768089,1838.3340698768088,,0.38,974.094655318739,1.9564953075854972,"{'trail_atr_mult': 4.0, 'trail_atr_len': 14, 'tp_converts_to_trail': True, 'don_upper': 1799.09, 'don_lower': 1756.19, 'atr': 5.13481397536173, 'exit_reason': 'sl', 'signal_time': Timestamp('2021-05-06 13:00:00+0000', tz='UTC')}"
2021-05-17 02:00:00+00:00,2021-05-18 03:00:00+00:00,1,1851.345,1871.685,1873.2039985057622,,0.45,933.2999999999963,1.8605904180570954,"{'trail_atr_mult': 4.0, 'trail_atr_len': 14, 'tp_converts_to_trail': True, 'don_upper': 1848.07, 'don_lower': 1770.49, 'atr': 4.400799701152432, 'exit_reason': 'sl_gap', 'signal_time': Timestamp('2021-05-17 01:00:00+0000', tz='UTC')}"
2021-05-19 14:00:00+00:00,2021-05-19 19:00:00+00:00,1,1889.235,1871.71865162543,1871.89365162543,1923.39269674914,0.29,-507.97410286252466,-1.0100914874795195,"{'trail_atr_mult': 4.0, 'trail_atr_len': 14, 'tp_converts_to_trail': True, 'don_upper': 1875.03, 'don_lower': 1808.77, 'atr': 6.8665393498279945, 'exit_reason': 'sl', 'signal_time': Timestamp('2021-05-19 13:00:00+0000', tz='UTC')}"
2021-05-25 15:00:00+00:00,2021-05-26 18:00:00+00:00,1,1890.7949999999998,1895.364987145029,1895.539987145029,1914.6893058689866,0.42,208.7394600912283,0.41007668882039494,"{'trail_atr_mult': 4.0, 'trail_atr_len': 14, 'tp_converts_to_trail': True, 'don_upper': 1890.09, 'don_lower': 1808.77, 'atr': 4.801861173797297, 'exit_reason': 'sl', 'signal_time': Timestamp('2021-05-25 14:00:00+0000', tz='UTC')}"
2021-06-01 07:00:00+00:00,2021-06-01 09:00:00+00:00,1,1915.495,1907.4487503675416,1907.6237503675416,1930.6824992649167,0.64,-514.9599764773302,-1.022232810312395,"{'trail_atr_mult': 4.0, 'trail_atr_len': 14, 'tp_converts_to_trail': True, 'don_upper': 1914.44, 'don_lower': 1852.23, 'atr': 3.0744998529833536, 'exit_reason': 'sl', 'signal_time': Timestamp('2021-06-01 06:00:00+0000', tz='UTC')}"
2021-06-03 14:00:00+00:00,2021-06-04 08:00:00+00:00,-1,1867.585,1874.8308798746068,1874.6558798746069,1841.464957667728,0.37,-275.4975553604505,-0.5570127611594504,"{'trail_atr_mult': 4.0, 'trail_atr_len': 14, 'tp_converts_to_trail': True, 'don_upper': 1916.58, 'don_lower': 1870.1, 'atr': 5.265008466454408, 'exit_reason': 'sl', 'signal_time': Timestamp('2021-06-03 13:00:00+0000', tz='UTC')}"
2021-06-14 11:00:00+00:00,2021-06-14 14:00:00+00:00,-1,1854.615,1864.0535686202663,1863.8785686202664,1832.5346764300625,0.44,-415.29701929171824,-0.8350748522634379,"{'trail_atr_mult': 4.0, 'trail_atr_len': 14, 'tp_converts_to_trail': True, 'don_upper': 1909.64, 'don_lower': 1854.8, 'atr': 4.451064713987485, 'exit_reason': 'sl', 'signal_time': Timestamp('2021-06-14 10:00:00+0000', tz='UTC')}"
2021-06-16 19:00:00+00:00,2021-06-16 23:00:00+00:00,-1,1834.935,1813.715,1806.6537212182386,,0.35,742.700000000001,1.4732899143804408,"{'trail_atr_mult': 4.0, 'trail_atr_len': 14, 'tp_converts_to_trail': True, 'don_upper': 1903.67, 'don_lower': 1844.77, 'atr': 5.691255756352275, 'exit_reason': 'sl_gap', 'signal_time': Timestamp('2021-06-16 18:00:00+0000', tz='UTC')}"
2021-06-17 11:00:00+00:00,2021-06-18 08:00:00+00:00,-1,1798.395,1791.6406030694657,1791.4656030694657,1763.916908111863,0.29,190.07751098549502,0.3745038839129381,"{'trail_atr_mult': 4.0, 'trail_atr_len': 14, 'tp_converts_to_trail': True, 'don_upper': 1903.67, 'don_lower': 1802.73, 'atr': 6.930618377627375, 'exit_reason': 'sl', 'signal_time': Timestamp('2021-06-17 10:00:00+0000', tz='UTC')}"
2021-06-18 20:00:00+00:00,2021-06-21 07:00:00+00:00,-1,1761.7450000000001,1778.912438490737,1778.737438490737,1728.7351230185254,0.29,-515.2557162313705,-1.0456085217211426,"{'trail_atr_mult': 4.0, 'trail_atr_len': 14, 'tp_converts_to_trail': True, 'don_upper': 1903.67, 'don_lower': 1767.3, 'atr': 6.666975396294896, 'exit_reason': 'sl', 'signal_time': Timestamp('2021-06-18 19:00:00+0000', tz='UTC')}"
2021-06-29 13:00:00+00:00,2021-06-30 17:00:00+00:00,-1,1754.585,1767.9453760112206,1767.7703760112206,1727.06891369326,0.36,-488.17353640393884,-0.9671790787906195,"{'trail_atr_mult': 4.0, 'trail_atr_len': 14, 'tp_converts_to_trail': True, 'don_upper': 1861.94, 'don_lower': 1760.91, 'atr': 5.538217261348036, 'exit_reason': 'sl', 'signal_time': Timestamp('2021-06-29 12:00:00+0000', tz='UTC')}"
2021-07-06 02:00:00+00:00,2021-07-06 14:00:00+00:00,1,1795.825,1809.115,1811.558243579187,,0.61,810.6899999999978,1.6348629463287458,"{'trail_atr_mult': 4.0, 'trail_atr_len': 14, 'tp_converts_to_trail': True, 'don_upper': 1795.04, 'don_lower': 1750.69, 'atr': 3.1816487158373987, 'exit_reason': 'sl_gap', 'signal_time': Timestamp('2021-07-06 01:00:00+0000', tz='UTC')}"
2021-07-08 11:00:00+00:00,2021-07-08 15:00:00+00:00,1,1817.575,1804.098576788446,1804.273576788446,1843.6528464231085,0.37,-498.6276588274977,-1.013156486882392,"{'trail_atr_mult': 4.0, 'trail_atr_len': 14, 'tp_converts_to_trail': True, 'don_upper': 1815.12, 'don_lower': 1750.69, 'atr': 5.250569284621668, 'exit_reason': 'sl', 'signal_time': Timestamp('2021-07-08 10:00:00+0000', tz='UTC')}"
2021-07-14 13:00:00+00:00,2021-07-15 15:00:00+00:00,1,1828.7849999999999,1820.3330158846193,1820.5080158846192,1850.1849106833395,0.45,-326.3392851921262,-0.6615291820450876,"{'trail_atr_mult': 4.0, 'trail_atr_len': 14, 'tp_converts_to_trail': True, 'don_upper': 1818.33, 'don_lower': 1768.27, 'atr': 4.314982136667902, 'exit_reason': 'sl', 'signal_time': Timestamp('2021-07-14 12:00:00+0000', tz='UTC')}"
2021-07-29 12:00:00+00:00,2021-07-30 15:00:00+00:00,1,1825.305,1821.3736495143576,1821.5486495143575,1844.7637726531427,0.49,-173.03617379648236,-0.34819464268599176,"{'trail_atr_mult': 4.0, 'trail_atr_len': 14, 'tp_converts_to_trail': True, 'don_upper': 1824.92, 'don_lower': 1789.63, 'atr': 3.9467545306285294, 'exit_reason': 'sl', 'signal_time': Timestamp('2021-07-29 11:00:00+0000', tz='UTC')}"
2021-08-06 13:00:00+00:00,2021-08-09 01:00:00+00:00,-1,1776.185,1727.4057383255595,1727.2307383255595,,0.41,1975.3497286520594,4.033246630564596,"{'trail_atr_mult': 4.0, 'trail_atr_len': 14, 'tp_converts_to_trail': True, 'don_upper': 1832.62, 'don_lower': 1792.36, 'atr': 4.660211310890862, 'exit_reason': 'sl', 'signal_time': Timestamp('2021-08-06 12:00:00+0000', tz='UTC')}"
2021-08-23 13:00:00+00:00,2021-08-25 01:00:00+00:00,1,1800.085,1798.0424914536422,1798.2174914536422,1818.2593990120654,0.54,-67.0954615033209,-0.1328928855474006,"{'trail_atr_mult': 4.0, 'trail_atr_len': 14, 'tp_converts_to_trail': True, 'don_upper': 1795.46, 'don_lower': 1724.08, 'atr': 3.669879802413064, 'exit_reason': 'sl', 'signal_time': Timestamp('2021-08-23 12:00:00+0000', tz='UTC')}"
2021-08-27 16:00:00+00:00,2021-08-30 16:00:00+00:00,1,1813.155,1809.253434321712,1809.4284343217118,1841.8961942778217,0.34,-91.85323306179473,-0.18349166977566908,"{'trail_atr_mult': 4.0, 'trail_atr_len': 14, 'tp_converts_to_trail': True, 'don_upper': 1809.51, 'don_lower': 1774.41, 'atr': 5.795238855564308, 'exit_reason': 'sl', 'signal_time': Timestamp('2021-08-27 15:00:00+0000', tz='UTC')}"
2021-09-03 13:00:00+00:00,2021-09-06 11:00:00+00:00,1,1823.655,1822.9104554497862,1823.0854554497862,1840.0087776780765,0.59,26.871871537389822,0.053304625803702946,"{'trail_atr_mult': 4.0, 'trail_atr_len': 14, 'tp_converts_to_trail': True, 'don_upper': 1823.24, 'don_lower': 1780.07, 'atr': 3.319755535615293, 'exit_reason': 'sl', 'signal_time': Timestamp('2021-09-03 12:00:00+0000', tz='UTC')}"
2021-09-16 10:00:00+00:00,2021-09-17 05:00:00+00:00,-1,1777.7150000000001,1759.9386468568343,1759.7636468568344,,0.55,966.6994228741195,1.9025781773030777,"{'trail_atr_mult': 4.0, 'trail_atr_len': 14, 'tp_converts_to_trail': True, 'don_upper': 1833.95, 'don_lower': 1779.6, 'atr': 3.625270628633133, 'exit_reason': 'sl', 'signal_time': Timestamp('2021-09-16 09:00:00+0000', tz='UTC')}"
2021-09-28 11:00:00+00:00,2021-09-29 11:00:00+00:00,-1,1733.425,1743.7784095907803,1743.6034095907803,1710.739436997076,0.44,-464.3500219943333,-0.915277705010251,"{'trail_atr_mult': 4.0, 'trail_atr_len': 14, 'tp_converts_to_trail': True, 'don_upper': 1796.2, 'don_lower': 1735.94, 'atr': 4.562112600584818, 'exit_reason': 'sl', 'signal_time': Timestamp('2021-09-28 10:00:00+0000', tz='UTC')}"
2021-09-29 17:00:00+00:00,2021-09-30 13:00:00+00:00,-1,1724.4550000000002,1735.7841198381807,1735.6091198381807,1700.1406239782139,0.41,-489.09391336540176,-0.9605007652138773,"{'trail_atr_mult': 4.0, 'trail_atr_len': 14, 'tp_converts_to_trail': True, 'don_upper': 1787.21, 'don_lower': 1725.51, 'atr': 4.897875204357259, 'exit_reason': 'sl', 'signal_time': Timestamp('2021-09-29 16:00:00+0000', tz='UTC')}"
2021-10-08 13:00:00+00:00,2021-10-08 15:00:00+00:00,1,1775.975,1765.1582235901813,1765.3332235901812,1796.7335528196372,0.47,-508.3884912614769,-1.0164446228957122,"{'trail_atr_mult': 4.0, 'trail_atr_len': 14, 'tp_converts_to_trail': True, 'don_upper': 1770.5, 'don_lower': 1721.65, 'atr': 4.186710563927466, 'exit_reason': 'sl', 'signal_time': Timestamp('2021-10-08 12:00:00+0000', tz='UTC')}"
2021-10-13 14:00:00+00:00,2021-10-15 08:00:00+00:00,1,1781.855,1789.1824207246282,1789.3574207246281,1810.9826059787,0.34,303.5323046373573,0.6021339730505278,"{'trail_atr_mult': 4.0, 'trail_atr_len': 14, 'tp_converts_to_trail': True, 'don_upper': 1781.27, 'don_lower': 1745.95, 'atr': 5.86052119573996, 'exit_reason': 'sl', 'signal_time': Timestamp('2021-10-13 13:00:00+0000', tz='UTC')}"
2021-10-22 13:00:00+00:00,2021-10-22 16:00:00+00:00,1,1805.965,1795.0798648595965,1795.2548648595964,1826.8602702808073,0.47,-511.60135159896276,-1.0163396631046955,"{'trail_atr_mult': 4.0, 'trail_atr_len': 14, 'tp_converts_to_trail': True, 'don_upper': 1800.57, 'don_lower': 1750.8, 'atr': 4.2140540561614515, 'exit_reason': 'sl', 'signal_time': Timestamp('2021-10-22 12:00:00+0000', tz='UTC')}"
2021-11-03 13:00:00+00:00,2021-11-03 22:00:00+00:00,-1,1766.945,1775.5314570798728,1775.3564570798728,1746.2290767048855,0.47,-403.56348275402365,-0.8084824713667649,"{'trail_atr_mult': 4.0, 'trail_atr_len': 14, 'tp_converts_to_trail': True, 'don_upper': 1813.79, 'don_lower': 1771.98, 'atr': 4.178184659022859, 'exit_reason': 'sl', 'signal_time': Timestamp('2021-11-03 12:00:00+0000', tz='UTC')}"
2021-11-05 16:00:00+00:00,2021-11-10 18:00:00+00:00,1,1814.155,1844.3467489477973,1844.5217489477973,,0.36,1158.9029621207046,2.3501052129059006,"{'trail_atr_mult': 4.0, 'trail_atr_len': 14, 'tp_converts_to_trail': True, 'don_upper': 1811.77, 'don_lower': 1758.07, 'atr': 5.429201317628168, 'exit_reason': 'sl', 'signal_time': Timestamp('2021-11-05 15:00:00+0000', tz='UTC')}"
2021-11-16 08:00:00+00:00,2021-11-16 14:00:00+00:00,1,1872.2549999999999,1862.059536549952,1862.234536549952,1891.7709269000957,0.5,-509.7731725023891,-1.0174642620944963,"{'trail_atr_mult': 4.0, 'trail_atr_len': 14, 'tp_converts_to_trail': True, 'don_upper': 1870.3, 'don_lower': 1758.07, 'atr': 3.9381853800191666, 'exit_reason': 'sl', 'signal_time': Timestamp('2021-11-16 07:00:00+0000', tz='UTC')}"
2021-11-22 14:00:00+00:00,2021-11-23 14:00:00+00:00,-1,1819.035,1787.4256268546114,1787.2506268546115,,0.31,973.6905675070478,1.9515368008891187,"{'trail_atr_mult': 4.0, 'trail_atr_len': 14, 'tp_converts_to_trail': True, 'don_upper': 1877.23, 'don_lower': 1822.32, 'atr': 6.38387462907771, 'exit_reason': 'sl', 'signal_time': Timestamp('2021-11-22 13:00:00+0000', tz='UTC')}"
2021-11-23 16:00:00+00:00,2021-11-25 06:00:00+00:00,-1,1782.555,1793.095,1792.6487458532579,1754.2365334494489,0.35,-396.8999999999987,-0.7798245082160046,"{'trail_atr_mult': 4.0, 'trail_atr_len': 14, 'tp_converts_to_trail': True, 'don_upper': 1877.23, 'don_lower': 1784.2, 'atr': 5.714693310110199, 'exit_reason': 'sl_gap', 'signal_time': Timestamp('2021-11-23 15:00:00+0000', tz='UTC')}"
2021-11-30 16:00:00+00:00,2021-12-01 05:00:00+00:00,-1,1774.265,1791.259450889311,1791.084450889311,1739.092460763004,0.29,-498.63907579001557,-0.9823284506178511,"{'trail_atr_mult': 4.0, 'trail_atr_len': 14, 'tp_converts_to_trail': True, 'don_upper': 1870.94, 'don_lower': 1777.64, 'atr': 7.023507847399179, 'exit_reason': 'sl', 'signal_time': Timestamp('2021-11-30 15:00:00+0000', tz='UTC')}"
2021-12-02 14:00:00+00:00,2021-12-03 13:00:00+00:00,-1,1764.565,1777.941702016728,1777.766702016728,1738.220447590137,0.37,-502.3379746189324,-1.0105640622241485,"{'trail_atr_mult': 4.0, 'trail_atr_len': 14, 'tp_converts_to_trail': True, 'don_upper': 1865.72, 'don_lower': 1767.45, 'atr': 5.3039104819726015, 'exit_reason': 'sl', 'signal_time': Timestamp('2021-12-02 13:00:00+0000', tz='UTC')}"
2021-12-15 18:00:00+00:00,2021-12-15 20:00:00+00:00,-1,1762.4850000000001,1770.645107482307,1770.470107482307,1745.3387036876547,0.56,-456.96601900918,-0.9081267528488178,"{'trail_atr_mult': 4.0, 'trail_atr_len': 14, 'tp_converts_to_trail': True, 'don_upper': 1793.15, 'don_lower': 1764.34, 'atr': 3.484259262469038, 'exit_reason': 'sl', 'signal_time': Timestamp('2021-12-15 17:00:00+0000', tz='UTC')}"
2021-12-16 14:00:00+00:00,2021-12-17 20:00:00+00:00,1,1793.875,1799.174932331421,1799.3499323314209,1814.424993020096,0.47,267.8968195767825,0.5378564952596657,"{'trail_atr_mult': 4.0, 'trail_atr_len': 14, 'tp_converts_to_trail': True, 'don_upper': 1793.15, 'don_lower': 1752.34, 'atr': 4.152998604019206, 'exit_reason': 'sl', 'signal_time': Timestamp('2021-12-16 13:00:00+0000', tz='UTC')}"
2021-12-28 06:00:00+00:00,2021-12-28 16:00:00+00:00,1,1815.115,1809.91825940089,1810.09325940089,1827.2395764340158,0.8,-415.7392479287956,-0.8275343721043407,"{'trail_atr_mult': 4.0, 'trail_atr_len': 14, 'tp_converts_to_trail': True, 'don_upper': 1814.28, 'don_lower': 1752.34, 'atr': 2.4539152868031677, 'exit_reason': 'sl', 'signal_time': Timestamp('2021-12-28 05:00:00+0000', tz='UTC')}"
2021-12-31 13:00:00+00:00,2021-12-31 18:00:00+00:00,1,1824.485,1828.095,1816.8531323851953,1839.2237352296092,0.65,234.65000000000828,0.4730165907224731,"{'trail_atr_mult': 4.0, 'trail_atr_len': 14, 'tp_converts_to_trail': True, 'don_upper': 1820.32, 'don_lower': 1785.0, 'atr': 2.982747045921882, 'exit_reason': 'end_of_data', 'signal_time': Timestamp('2021-12-31 12:00:00+0000', tz='UTC')}"
2022-01-06 13:00:00+00:00,2022-01-10 08:00:00+00:00,-1,1788.305,1796.2928089393513,1796.1178089393513,1763.395077205614,0.39,-342.7245486346978,-0.6942789445362199,"{'trail_atr_mult': 4.0, 'trail_atr_len': 14, 'tp_converts_to_trail': True, 'don_upper': 1831.82, 'don_lower': 1789.47, 'atr': 5.00898455887723, 'exit_reason': 'sl', 'signal_time': Timestamp('2022-01-06 12:00:00+0000', tz='UTC')}"
2022-01-19 15:00:00+00:00,2022-01-21 08:00:00+00:00,1,1838.475,1836.3279244982953,1836.5029244982952,1859.6389821761088,0.45,-24.61839757670917,-0.050308147505459956,"{'trail_atr_mult': 4.0, 'trail_atr_len': 14, 'tp_converts_to_trail': True, 'don_upper': 1829.18, 'don_lower': 1782.64, 'atr': 4.271796435221766, 'exit_reason': 'sl', 'signal_time': Timestamp('2022-01-19 14:00:00+0000', tz='UTC')}"
2022-01-27 13:00:00+00:00,2022-01-31 13:00:00+00:00,-1,1799.775,1794.9173700440706,1794.7423700440706,1774.3496842831419,0.38,154.18993832532087,0.31128353028005157,"{'trail_atr_mult': 4.0, 'trail_atr_len': 14, 'tp_converts_to_trail': True, 'don_upper': 1853.9, 'don_lower': 1805.79, 'atr': 5.128063143371609, 'exit_reason': 'sl', 'signal_time': Timestamp('2022-01-27 12:00:00+0000', tz='UTC')}"
2022-02-09 17:00:00+00:00,2022-02-10 13:00:00+00:00,1,1834.335,1827.792165634136,1827.9671656341359,1848.9467466302044,0.65,-347.28423378116713,-0.7045458721152473,"{'trail_atr_mult': 4.0, 'trail_atr_len': 14, 'tp_converts_to_trail': True, 'don_upper': 1833.36, 'don_lower': 1780.3, 'atr': 2.9593493260408743, 'exit_reason': 'sl', 'signal_time': Timestamp('2022-02-09 16:00:00+0000', tz='UTC')}"
2022-02-11 18:00:00+00:00,2022-02-15 08:00:00+00:00,1,1857.355,1862.2783267690886,1862.4533267690886,1884.0169531388253,0.36,234.83976368718922,0.47988656439568067,"{'trail_atr_mult': 4.0, 'trail_atr_len': 14, 'tp_converts_to_trail': True, 'don_upper': 1841.92, 'don_lower': 1788.66, 'atr': 5.367390627765061, 'exit_reason': 'sl', 'signal_time': Timestamp('2022-02-11 17:00:00+0000', tz='UTC')}"
2022-02-17 08:00:00+00:00,2022-02-21 06:00:00+00:00,1,1886.385,1887.7622093566338,1887.9372093566337,1911.0989620522357,0.39,116.1111649087176,0.234251056397638,"{'trail_atr_mult': 4.0, 'trail_atr_len': 14, 'tp_converts_to_trail': True, 'don_upper': 1879.51, 'don_lower': 1803.14, 'atr': 4.9897924104471105, 'exit_reason': 'sl', 'signal_time': Timestamp('2022-02-17 07:00:00+0000', tz='UTC')}"
2022-02-24 04:00:00+00:00,2022-02-24 11:00:00+00:00,1,1935.845,1965.2001005737043,1965.3751005737042,,0.33,968.7183189322402,1.953418888199493,"{'trail_atr_mult': 4.0, 'trail_atr_len': 14, 'tp_converts_to_trail': True, 'don_upper': 1931.27, 'don_lower': 1824.96, 'atr': 5.941020114740811, 'exit_reason': 'sl', 'signal_time': Timestamp('2022-02-24 03:00:00+0000', tz='UTC')}"
2022-03-06 23:00:00+00:00,2022-03-07 13:00:00+00:00,1,1988.905,1969.9359980006827,1970.1109980006827,2028.4889269196256,0.25,-464.22504998293107,-0.9259286361127433,"{'trail_atr_mult': 4.0, 'trail_atr_len': 14, 'tp_converts_to_trail': True, 'don_upper': 1974.52, 'don_lower': 1878.0, 'atr': 7.951785383925131, 'exit_reason': 'sl', 'signal_time': Timestamp('2022-03-06 22:00:00+0000', tz='UTC')}"
2022-03-29 13:00:00+00:00,2022-03-29 16:00:00+00:00,-1,1896.855,1915.1418756913474,1914.9668756913475,1861.1562486173052,0.27,-493.7456436663799,-1.009662168788159,"{'trail_atr_mult': 4.0, 'trail_atr_len': 14, 'tp_converts_to_trail': True, 'don_upper': 1966.2, 'don_lower': 1901.03, 'atr': 7.174750276538967, 'exit_reason': 'sl', 'signal_time': Timestamp('2022-03-29 12:00:00+0000', tz='UTC')}"
2022-04-11 09:00:00+00:00,2022-04-11 15:00:00+00:00,1,1957.245,1948.0470259135514,1948.2220259135513,1981.7529101285097,0.39,-358.72098937149303,-0.734870539560087,"{'trail_atr_mult': 4.0, 'trail_atr_len': 14, 'tp_converts_to_trail': True, 'don_upper': 1950.02, 'don_lower': 1908.12, 'atr': 4.936582025701954, 'exit_reason': 'sl', 'signal_time': Timestamp('2022-04-11 08:00:00+0000', tz='UTC')}"
2022-04-18 09:00:00+00:00,2022-04-18 18:00:00+00:00,1,1993.105,1979.7225767607365,1979.8975767607365,2018.9648464785273,0.37,-495.1496598527501,-1.0132501243300591,"{'trail_atr_mult': 4.0, 'trail_atr_len': 14, 'tp_converts_to_trail': True, 'don_upper': 1992.79, 'don_lower': 1915.15, 'atr': 5.208969295705424, 'exit_reason': 'sl', 'signal_time': Timestamp('2022-04-18 08:00:00+0000', tz='UTC')}"
2022-04-25 02:00:00+00:00,2022-04-25 14:00:00+00:00,-1,1925.355,1897.0696060107553,1896.8946060107553,,0.34,961.7033956343221,1.9537219213629808,"{'trail_atr_mult': 4.0, 'trail_atr_len': 14, 'tp_converts_to_trail': True, 'don_upper': 1998.43, 'don_lower': 1926.21, 'atr': 5.725078797848941, 'exit_reason': 'sl', 'signal_time': Timestamp('2022-04-25 01:00:00+0000', tz='UTC')}"
2022-04-28 04:00:00+00:00,2022-04-28 10:00:00+00:00,-1,1878.775,1891.0175259042085,1890.8425259042085,1855.1649481915833,0.41,-501.9435620725435,-1.0145017297985601,"{'trail_atr_mult': 4.0, 'trail_atr_len': 14, 'tp_converts_to_trail': True, 'don_upper': 1998.43, 'don_lower': 1880.85, 'atr': 4.757010361683361, 'exit_reason': 'sl', 'signal_time': Timestamp('2022-04-28 03:00:00+0000', tz='UTC')}"
2022-05-02 13:00:00+00:00,2022-05-03 14:00:00+00:00,-1,1861.4650000000001,1872.380761073597,1872.205761073597,1831.1149552409966,0.32,-355.7043543550957,-0.7200482564712848,"{'trail_atr_mult': 4.0, 'trail_atr_len': 14, 'tp_converts_to_trail': True, 'don_upper': 1958.33, 'don_lower': 1872.04, 'atr': 6.105008951800718, 'exit_reason': 'sl', 'signal_time': Timestamp('2022-05-02 12:00:00+0000', tz='UTC')}"
2022-05-11 00:00:00+00:00,2022-05-11 08:00:00+00:00,-1,1833.315,1848.682956925536,1848.507956925536,1803.6340861489275,0.32,-491.77462161715084,-1.0115184951064935,"{'trail_atr_mult': 4.0, 'trail_atr_len': 14, 'tp_converts_to_trail': True, 'don_upper': 1919.83, 'don_lower': 1835.49, 'atr': 5.983182770214473, 'exit_reason': 'sl', 'signal_time': Timestamp('2022-05-10 23:00:00+0000', tz='UTC')}"
2022-05-12 18:00:00+00:00,2022-05-16 09:00:00+00:00,-1,1822.845,1793.145,1788.7011717338826,,0.28,809.2000000000013,1.6686476677543478,"{'trail_atr_mult': 4.0, 'trail_atr_len': 14, 'tp_converts_to_trail': True, 'don_upper': 1909.77, 'don_lower': 1824.11, 'atr': 6.861765653223463, 'exit_reason': 'sl_gap', 'signal_time': Timestamp('2022-05-12 17:00:00+0000', tz='UTC')}"
2022-05-23 09:00:00+00:00,2022-05-23 17:00:00+00:00,1,1861.7849999999999,1849.9932783922904,1850.1682783922904,1884.433443215419,0.42,-495.252307523795,-1.0150644911627922,"{'trail_atr_mult': 4.0, 'trail_atr_len': 14, 'tp_converts_to_trail': True, 'don_upper': 1858.77, 'don_lower': 1786.84, 'atr': 4.568688643083794, 'exit_reason': 'sl', 'signal_time': Timestamp('2022-05-23 08:00:00+0000', tz='UTC')}"
2022-06-03 01:00:00+00:00,2022-06-03 10:00:00+00:00,1,1873.5249999999999,1864.1243499151904,1864.2993499151903,1891.211300169619,0.53,-498.2344544949042,-1.018968852968757,"{'trail_atr_mult': 4.0, 'trail_atr_len': 14, 'tp_converts_to_trail': True, 'don_upper': 1870.63, 'don_lower': 1828.5, 'atr': 3.588260033923836, 'exit_reason': 'sl', 'signal_time': Timestamp('2022-06-03 00:00:00+0000', tz='UTC')}"
2022-06-12 23:00:00+00:00,2022-06-13 08:00:00+00:00,1,1876.5449999999998,1859.152652961639,1859.327652961639,1910.4546940767218,0.28,-475.78571707410435,-0.9869317845833777,"{'trail_atr_mult': 4.0, 'trail_atr_len': 14, 'tp_converts_to_trail': True, 'don_upper': 1876.0, 'don_lower': 1825.13, 'atr': 6.81693881534438, 'exit_reason': 'sl', 'signal_time': Timestamp('2022-06-12 22:00:00+0000', tz='UTC')}"
2022-06-13 20:00:00+00:00,2022-06-15 08:00:00+00:00,-1,1822.565,1823.7670746610438,1823.5920746610439,1789.8411616758285,0.29,-46.46016517026883,-0.09550701252683957,"{'trail_atr_mult': 4.0, 'trail_atr_len': 14, 'tp_converts_to_trail': True, 'don_upper': 1878.78, 'don_lower': 1823.46, 'atr': 6.59976766483428, 'exit_reason': 'sl', 'signal_time': Timestamp('2022-06-13 19:00:00+0000', tz='UTC')}"
2022-07-01 04:00:00+00:00,2022-07-01 15:00:00+00:00,-1,1801.285,1804.1617969291874,1803.9867969291874,1778.6035372439978,0.42,-120.82547102586749,-0.24793066995471055,"{'trail_atr_mult': 4.0, 'trail_atr_len': 14, 'tp_converts_to_trail': True, 'don_upper': 1847.93, 'don_lower': 1802.75, 'atr': 4.571292551200418, 'exit_reason': 'sl', 'signal_time': Timestamp('2022-07-01 03:00:00+0000', tz='UTC')}"
2022-07-06 06:00:00+00:00,2022-07-07 04:00:00+00:00,-1,1763.2250000000001,1745.584010767632,1745.409010767632,,0.54,920.2134185478805,1.8552064907145371,"{'trail_atr_mult': 4.0, 'trail_atr_len': 14, 'tp_converts_to_trail': True, 'don_upper': 1846.04, 'don_lower': 1763.95, 'atr': 4.500247308092037, 'exit_reason': 'sl', 'signal_time': Timestamp('2022-07-06 05:00:00+0000', tz='UTC')}"
2022-07-13 13:00:00+00:00,2022-07-13 14:00:00+00:00,-1,1712.7250000000001,1723.0403593924902,1722.8653593924903,1692.4592812150197,0.49,-505.45261023201533,-1.0172577709750168,"{'trail_atr_mult': 4.0, 'trail_atr_len': 14, 'tp_converts_to_trail': True, 'don_upper': 1814.26, 'don_lower': 1722.53, 'atr': 5.067679696245106, 'exit_reason': 'sl', 'signal_time': Timestamp('2022-07-13 12:00:00+0000', tz='UTC')}"
2022-07-14 14:00:00+00:00,2022-07-15 03:00:00+00:00,-1,1702.445,1715.194510288839,1715.019510288839,1678.360979422322,0.39,-505.03090126472176,-1.0298222349329023,"{'trail_atr_mult': 4.0, 'trail_atr_len': 14, 'tp_converts_to_trail': True, 'don_upper': 1814.26, 'don_lower': 1707.03, 'atr': 6.109755144419494, 'exit_reason': 'sl', 'signal_time': Timestamp('2022-07-14 13:00:00+0000', tz='UTC')}"
2022-07-21 07:00:00+00:00,2022-07-21 13:00:00+00:00,-1,1689.295,1696.7659404577885,1696.5909404577885,1675.2281190844233,0.68,-508.02395112961136,-1.0239859413618353,"{'trail_atr_mult': 4.0, 'trail_atr_len': 14, 'tp_converts_to_trail': True, 'don_upper': 1752.45, 'don_lower': 1690.07, 'atr': 3.560470228894209, 'exit_reason': 'sl', 'signal_time': Timestamp('2022-07-21 06:00:00+0000', tz='UTC')}"
2022-07-28 08:00:00+00:00,2022-07-29 05:00:00+00:00,1,1744.415,1761.1520885031491,1761.327088503149,,0.57,976.8140446795015,1.9757884442727085,"{'trail_atr_mult': 4.0, 'trail_atr_len': 14, 'tp_converts_to_trail': True, 'don_upper': 1741.85, 'don_lower': 1680.84, 'atr': 4.264272125787293, 'exit_reason': 'sl', 'signal_time': Timestamp('2022-07-28 07:00:00+0000', tz='UTC')}"
2022-07-29 07:00:00+00:00,2022-07-29 10:00:00+00:00,1,1766.875,1757.8692666853965,1758.0442666853965,1784.281466629207,0.56,-504.3210656177963,-1.0198171537702938,"{'trail_atr_mult': 4.0, 'trail_atr_len': 14, 'tp_converts_to_trail': True, 'don_upper': 1765.12, 'don_lower': 1680.84, 'atr': 4.372866657301779, 'exit_reason': 'sl', 'signal_time': Timestamp('2022-07-29 06:00:00+0000', tz='UTC')}"
2022-08-04 17:00:00+00:00,2022-08-05 13:00:00+00:00,1,1790.665,1780.6986981486293,1780.8736981486293,1809.8126037027412,0.51,-487.8813944199029,-0.9770204204287147,"{'trail_atr_mult': 4.0, 'trail_atr_len': 14, 'tp_converts_to_trail': True, 'don_upper': 1790.31, 'don_lower': 1711.52, 'atr': 4.823150925685302, 'exit_reason': 'sl', 'signal_time': Timestamp('2022-08-04 16:00:00+0000', tz='UTC')}"
2022-08-09 14:00:00+00:00,2022-08-10 06:00:00+00:00,1,1797.855,1789.3100707708754,1789.4850707708754,1814.0398584582495,0.59,-480.55082451835085,-0.9731180522749083,"{'trail_atr_mult': 4.0, 'trail_atr_len': 14, 'tp_converts_to_trail': True, 'don_upper': 1794.95, 'don_lower': 1733.15, 'atr': 4.092464614562351, 'exit_reason': 'sl', 'signal_time': Timestamp('2022-08-09 13:00:00+0000', tz='UTC')}"
2022-08-17 16:00:00+00:00,2022-08-18 11:00:00+00:00,-1,1761.9750000000001,1770.7280901726233,1770.5530901726233,1745.3138196547534,0.57,-533.1261398395202,-1.0903464505972849,"{'trail_atr_mult': 4.0, 'trail_atr_len': 14, 'tp_converts_to_trail': True, 'don_upper': 1807.87, 'don_lower': 1764.75, 'atr': 4.206545086311659, 'exit_reason': 'sl', 'signal_time': Timestamp('2022-08-17 15:00:00+0000', tz='UTC')}"
2022-08-19 05:00:00+00:00,2022-08-22 15:00:00+00:00,-1,1752.935,1740.011581709192,1739.836581709192,,0.72,887.2861169381802,1.8051769935306228,"{'trail_atr_mult': 4.0, 'trail_atr_len': 14, 'tp_converts_to_trail': True, 'don_upper': 1807.87, 'don_lower': 1753.53, 'atr': 3.3208545727019874, 'exit_reason': 'sl', 'signal_time': Timestamp('2022-08-19 04:00:00+0000', tz='UTC')}"
2022-08-29 02:00:00+00:00,2022-08-29 13:00:00+00:00,-1,1723.625,1733.239479660078,1733.064479660078,1705.271040679844,0.52,-499.9529423240511,-1.0185391574855631,"{'trail_atr_mult': 4.0, 'trail_atr_len': 14, 'tp_converts_to_trail': True, 'don_upper': 1782.34, 'don_lower': 1727.77, 'atr': 4.632239830039024, 'exit_reason': 'sl', 'signal_time': Timestamp('2022-08-29 01:00:00+0000', tz='UTC')}"
2022-08-31 09:00:00+00:00,2022-08-31 15:00:00+00:00,-1,1713.935,1721.3545690551382,1721.1795690551382,1699.9708618897232,0.68,-504.5306957494013,-1.024156026213296,"{'trail_atr_mult': 4.0, 'trail_atr_len': 14, 'tp_converts_to_trail': True, 'don_upper': 1765.5, 'don_lower': 1719.48, 'atr': 3.5347845275691836, 'exit_reason': 'sl', 'signal_time': Timestamp('2022-08-31 08:00:00+0000', tz='UTC')}"
2022-09-01 02:00:00+00:00,2022-09-02 08:00:00+00:00,-1,1703.305,1703.3682178995778,1703.1932178995778,1687.2760606717306,0.59,-15.529856075083943,-0.031801240098566136,"{'trail_atr_mult': 4.0, 'trail_atr_len': 14, 'tp_converts_to_trail': True, 'don_upper': 1765.5, 'don_lower': 1705.26, 'atr': 4.0509848320673445, 'exit_reason': 'sl', 'signal_time': Timestamp('2022-09-01 01:00:00+0000', tz='UTC')}"
2022-09-15 05:00:00+00:00,2022-09-16 15:00:00+00:00,-1,1687.275,1673.0176227010518,1672.8426227010518,,0.66,927.7869017305886,1.905095387597145,"{'trail_atr_mult': 4.0, 'trail_atr_len': 14, 'tp_converts_to_trail': True, 'don_upper': 1735.13, 'don_lower': 1690.18, 'atr': 3.606915603666644, 'exit_reason': 'sl', 'signal_time': Timestamp('2022-09-15 04:00:00+0000', tz='UTC')}"
2022-09-23 11:00:00+00:00,2022-09-23 14:00:00+00:00,-1,1643.355,1655.6562692478262,1655.4812692478263,1619.5074615043477,0.4,-492.05076991304855,-1.0144314790001323,"{'trail_atr_mult': 4.0, 'trail_atr_len': 14, 'tp_converts_to_trail': True, 'don_upper': 1731.9, 'don_lower': 1652.77, 'atr': 5.9956346239130855, 'exit_reason': 'sl', 'signal_time': Timestamp('2022-09-23 10:00:00+0000', tz='UTC')}"
2022-09-26 01:00:00+00:00,2022-09-26 02:00:00+00:00,-1,1627.825,1641.2112601207016,1641.0362601207016,1602.1074797585968,0.37,-495.29162446595683,-1.0132462761614796,"{'trail_atr_mult': 4.0, 'trail_atr_len': 14, 'tp_converts_to_trail': True, 'don_upper': 1731.82, 'don_lower': 1639.75, 'atr': 6.488130060350799, 'exit_reason': 'sl', 'signal_time': Timestamp('2022-09-26 00:00:00+0000', tz='UTC')}"
2022-09-26 18:00:00+00:00,2022-09-27 08:00:00+00:00,-1,1624.2450000000001,1638.4197625519525,1638.2447625519526,1596.770474896095,0.35,-503.1166893183349,-1.0267861685945279,"{'trail_atr_mult': 4.0, 'trail_atr_len': 14, 'tp_converts_to_trail': True, 'don_upper': 1707.11, 'don_lower': 1626.81, 'atr': 6.912381275976249, 'exit_reason': 'sl', 'signal_time': Timestamp('2022-09-26 17:00:00+0000', tz='UTC')}"
2022-10-03 18:00:00+00:00,2022-10-04 16:00:00+00:00,1,1695.245,1720.0609995787356,1720.2359995787356,,0.38,958.2079839919577,1.976485342141951,"{'trail_atr_mult': 4.0, 'trail_atr_len': 14, 'tp_converts_to_trail': True, 'don_upper': 1694.12, 'don_lower': 1614.81, 'atr': 6.291499894683919, 'exit_reason': 'sl', 'signal_time': Timestamp('2022-10-03 17:00:00+0000', tz='UTC')}"
2022-10-04 16:00:00+00:00,2022-10-05 09:00:00+00:00,1,1725.975,1712.9320034108782,1713.1070034108782,1751.0959931782436,0.38,-480.43387038662405,-0.9825147606745362,"{'trail_atr_mult': 4.0, 'trail_atr_len': 14, 'tp_converts_to_trail': True, 'don_upper': 1722.6, 'don_lower': 1614.81, 'atr': 6.331498294560877, 'exit_reason': 'sl', 'signal_time': Timestamp('2022-10-04 15:00:00+0000', tz='UTC')}"
2022-10-19 11:00:00+00:00,2022-10-20 11:00:00+00:00,-1,1632.9850000000001,1637.2743044239112,1637.0993044239112,1614.8545485768593,0.52,-254.24383004337523,-0.5233274073171104,"{'trail_atr_mult': 4.0, 'trail_atr_len': 14, 'tp_converts_to_trail': True, 'don_upper': 1715.21, 'don_lower': 1637.76, 'atr': 4.578862855785208, 'exit_reason': 'sl', 'signal_time': Timestamp('2022-10-19 10:00:00+0000', tz='UTC')}"
2022-10-26 09:00:00+00:00,2022-10-26 13:00:00+00:00,1,1673.205,1663.754195407924,1663.929195407924,1691.2316091841517,0.52,-491.441838787946,-1.0188662879066526,"{'trail_atr_mult': 4.0, 'trail_atr_len': 14, 'tp_converts_to_trail': True, 'don_upper': 1672.51, 'don_lower': 1617.29, 'atr': 4.550402296037945, 'exit_reason': 'sl', 'signal_time': Timestamp('2022-10-26 08:00:00+0000', tz='UTC')}"
2022-11-04 18:00:00+00:00,2022-11-07 07:00:00+00:00,1,1680.825,1668.407835466446,1668.5828354664459,1704.7543290671085,0.39,-437.46941680861045,-0.916272976303279,"{'trail_atr_mult': 4.0, 'trail_atr_len': 14, 'tp_converts_to_trail': True, 'don_upper': 1675.49, 'don_lower': 1616.72, 'atr': 6.028582266777106, 'exit_reason': 'sl', 'signal_time': Timestamp('2022-11-04 17:00:00+0000', tz='UTC')}"
2022-11-08 16:00:00+00:00,2022-11-09 19:00:00+00:00,1,1715.325,1702.891073498236,1703.066073498236,1739.2578530035287,0.39,-469.3231335687984,-0.9816460274912597,"{'trail_atr_mult': 4.0, 'trail_atr_len': 14, 'tp_converts_to_trail': True, 'don_upper': 1714.19, 'don_lower': 1616.72, 'atr': 6.031963250882124, 'exit_reason': 'sl', 'signal_time': Timestamp('2022-11-08 15:00:00+0000', tz='UTC')}"
2022-11-10 19:00:00+00:00,2022-11-15 08:00:00+00:00,1,1754.305,1778.1000174290461,1778.275017429046,,0.39,1006.0056797327973,2.119120884117343,"{'trail_atr_mult': 4.0, 'trail_atr_len': 14, 'tp_converts_to_trail': True, 'don_upper': 1753.29, 'don_lower': 1616.72, 'atr': 6.02375435726152, 'exit_reason': 'sl', 'signal_time': Timestamp('2022-11-10 18:00:00+0000', tz='UTC')}"
2022-11-30 23:00:00+00:00,2022-12-01 15:00:00+00:00,1,1773.585,1794.4374625283756,1794.6124625283755,,0.45,992.3608137769,2.0463984103294117,"{'trail_atr_mult': 4.0, 'trail_atr_len': 14, 'tp_converts_to_trail': True, 'don_upper': 1769.99, 'don_lower': 1727.31, 'atr': 5.300615632093866, 'exit_reason': 'sl', 'signal_time': Timestamp('2022-11-30 22:00:00+0000', tz='UTC')}"
2022-12-27 15:00:00+00:00,2022-12-27 17:00:00+00:00,1,1824.815,1814.380900361182,1814.555900361182,1844.8081992776363,0.48,-500.8367826632639,-1.0170580271330825,"{'trail_atr_mult': 4.0, 'trail_atr_len': 14, 'tp_converts_to_trail': True, 'don_upper': 1823.84, 'don_lower': 1773.75, 'atr': 5.042049819409061, 'exit_reason': 'sl', 'signal_time': Timestamp('2022-12-27 14:00:00+0000', tz='UTC')}"
2023-01-03 02:00:00+00:00,2023-01-03 15:00:00+00:00,1,1838.595,1830.5530444631495,1830.7280444631494,1862.658723287836,0.4,-321.67822147402154,-0.653320275208924,"{'trail_atr_mult': 4.0, 'trail_atr_len': 14, 'tp_converts_to_trail': True, 'don_upper': 1833.63, 'don_lower': 1788.52, 'atr': 4.849744657567159, 'exit_reason': 'sl', 'signal_time': Timestamp('2023-01-03 01:00:00+0000', tz='UTC')}"
2023-01-04 07:00:00+00:00,2023-01-05 08:00:00+00:00,1,1858.455,1845.9975471442622,1846.1725471442621,1882.8946899906362,0.39,-439.0406613737725,-0.9029551087232476,"{'trail_atr_mult': 4.0, 'trail_atr_len': 14, 'tp_converts_to_trail': True, 'don_upper': 1849.99, 'don_lower': 1797.04, 'atr': 4.920937998127254, 'exit_reason': 'sl', 'signal_time': Timestamp('2023-01-04 06:00:00+0000', tz='UTC')}"
2023-01-06 18:00:00+00:00,2023-01-11 14:00:00+00:00,1,1868.885,1871.2578592052716,1871.4328592052716,1900.450186116752,0.3,131.18577615814957,0.2722810627171948,"{'trail_atr_mult': 4.0, 'trail_atr_len': 14, 'tp_converts_to_trail': True, 'don_upper': 1865.12, 'don_lower': 1806.63, 'atr': 6.350037223350408, 'exit_reason': 'sl', 'signal_time': Timestamp('2023-01-06 17:00:00+0000', tz='UTC')}"
2023-01-13 08:00:00+00:00,2023-01-17 01:00:00+00:00,1,1906.655,1914.003729132542,1914.178729132542,1932.5195107427548,0.37,331.1029779040568,0.6782034892404328,"{'trail_atr_mult': 4.0, 'trail_atr_len': 14, 'tp_converts_to_trail': True, 'don_upper': 1901.61, 'don_lower': 1833.28, 'atr': 5.207902148550945, 'exit_reason': 'sl', 'signal_time': Timestamp('2023-01-13 07:00:00+0000', tz='UTC')}"
2023-01-19 20:00:00+00:00,2023-01-23 06:00:00+00:00,1,1933.555,1921.3630616388543,1921.5380616388543,1959.206371216703,0.38,-402.49365772353775,-0.813938929323204,"{'trail_atr_mult': 4.0, 'trail_atr_len': 14, 'tp_converts_to_trail': True, 'don_upper': 1931.39, 'don_lower': 1875.3, 'atr': 5.155274243340592, 'exit_reason': 'sl', 'signal_time': Timestamp('2023-01-19 19:00:00+0000', tz='UTC')}"
2023-02-03 13:00:00+00:00,2023-02-07 09:00:00+00:00,-1,1886.615,1878.1172300726164,1877.9422300726164,1852.0320489464843,0.28,215.53755796674122,0.43852003300618697,"{'trail_atr_mult': 4.0, 'trail_atr_len': 14, 'tp_converts_to_trail': True, 'don_upper': 1959.68, 'don_lower': 1900.82, 'atr': 6.951590210703106, 'exit_reason': 'sl', 'signal_time': Timestamp('2023-02-03 12:00:00+0000', tz='UTC')}"
2023-02-10 03:00:00+00:00,2023-02-10 08:00:00+00:00,-1,1855.145,1869.0548760725706,1868.8798760725706,1828.2002478548588,0.36,-500.7555386125405,-1.0127412871492478,"{'trail_atr_mult': 4.0, 'trail_atr_len': 14, 'tp_converts_to_trail': True, 'don_upper': 1918.6, 'don_lower': 1858.91, 'atr': 5.42395042902824, 'exit_reason': 'sl', 'signal_time': Timestamp('2023-02-10 02:00:00+0000', tz='UTC')}"
2023-02-27 03:00:00+00:00,2023-02-27 14:00:00+00:00,-1,1807.765,1816.9718446982467,1816.7968446982468,1790.1963106035066,0.54,-497.1696137053186,-1.019375886748133,"{'trail_atr_mult': 4.0, 'trail_atr_len': 14, 'tp_converts_to_trail': True, 'don_upper': 1847.48, 'don_lower': 1808.93, 'atr': 3.5467378792986937, 'exit_reason': 'sl', 'signal_time': Timestamp('2023-02-27 02:00:00+0000', tz='UTC')}"
2023-03-03 09:00:00+00:00,2023-03-07 00:00:00+00:00,1,1846.115,1845.7664244022633,1845.9414244022632,1862.0465616679166,0.58,72.58261533126988,0.14856733699512456,"{'trail_atr_mult': 4.0, 'trail_atr_len': 14, 'tp_converts_to_trail': True, 'don_upper': 1845.75, 'don_lower': 1804.69, 'atr': 3.247312333583323, 'exit_reason': 'sl', 'signal_time': Timestamp('2023-03-03 08:00:00+0000', tz='UTC')}"
2023-03-08 02:00:00+00:00,2023-03-08 14:00:00+00:00,-1,1810.855,1820.1899010129998,1820.0149010129999,1793.0601979740004,0.53,-494.7497536889898,-1.019105009950609,"{'trail_atr_mult': 4.0, 'trail_atr_len': 14, 'tp_converts_to_trail': True, 'don_upper': 1858.27, 'don_lower': 1811.37, 'atr': 3.593960405199928, 'exit_reason': 'sl', 'signal_time': Timestamp('2023-03-08 01:00:00+0000', tz='UTC')}"
2023-03-10 14:00:00+00:00,2023-03-12 23:00:00+00:00,1,1858.645,1883.765,1886.8011800139577,,0.34,881.2800000000042,1.8112460763224818,"{'trail_atr_mult': 4.0, 'trail_atr_len': 14, 'tp_converts_to_trail': True, 'don_upper': 1858.27, 'don_lower': 1809.41, 'atr': 5.66223600279152, 'exit_reason': 'sl_gap', 'signal_time': Timestamp('2023-03-10 13:00:00+0000', tz='UTC')}"
2023-03-13 12:00:00+00:00,2023-03-15 07:00:00+00:00,1,1899.485,1896.2744829165956,1896.4494829165956,1942.5307805351872,0.22,-53.03137583489424,-0.11019310073636748,"{'trail_atr_mult': 4.0, 'trail_atr_len': 14, 'tp_converts_to_trail': True, 'don_upper': 1894.36, 'don_lower': 1809.41, 'atr': 8.656156107037448, 'exit_reason': 'sl', 'signal_time': Timestamp('2023-03-13 11:00:00+0000', tz='UTC')}"
2023-03-15 16:00:00+00:00,2023-03-15 18:00:00+00:00,1,1933.7749999999999,1913.6308859044707,1913.8058859044706,1973.2182281910586,0.24,-483.4587382927002,-1.0087635334828966,"{'trail_atr_mult': 4.0, 'trail_atr_len': 14, 'tp_converts_to_trail': True, 'don_upper': 1930.39, 'don_lower': 1811.94, 'atr': 7.921645638211725, 'exit_reason': 'sl', 'signal_time': Timestamp('2023-03-15 15:00:00+0000', tz='UTC')}"
2023-03-17 12:00:00+00:00,2023-03-17 18:00:00+00:00,1,1945.165,1972.635,1973.5857438532125,,0.33,906.510000000001,1.8921505947202315,"{'trail_atr_mult': 4.0, 'trail_atr_len': 14, 'tp_converts_to_trail': True, 'don_upper': 1937.36, 'don_lower': 1830.94, 'atr': 5.72514877064249, 'exit_reason': 'sl_gap', 'signal_time': Timestamp('2023-03-17 11:00:00+0000', tz='UTC')}"
2023-03-17 18:00:00+00:00,2023-03-20 10:00:00+00:00,1,1983.835,1973.8764990840207,1974.0514990840206,2023.4459618970552,0.24,-210.20402198350456,-0.4354650828931769,"{'trail_atr_mult': 4.0, 'trail_atr_len': 14, 'tp_converts_to_trail': True, 'don_upper': 1975.21, 'don_lower': 1839.95, 'atr': 7.963192379411004, 'exit_reason': 'sl', 'signal_time': Timestamp('2023-03-17 17:00:00+0000', tz='UTC')}"
2023-04-05 08:00:00+00:00,2023-04-05 15:00:00+00:00,1,2025.625,2014.6370994004717,2014.8120994004717,2046.6658011990571,0.45,-494.45552697877366,-1.0161843714726824,"{'trail_atr_mult': 4.0, 'trail_atr_len': 14, 'tp_converts_to_trail': True, 'don_upper': 2025.34, 'don_lower': 1949.76, 'atr': 4.24716023981141, 'exit_reason': 'sl', 'signal_time': Timestamp('2023-04-05 07:00:00+0000', tz='UTC')}"
2023-04-13 13:00:00+00:00,2023-04-14 13:00:00+00:00,1,2045.215,2030.9827277380593,2031.1577277380593,2072.8045445238813,0.35,-484.1295291679203,-0.9839940497838103,"{'trail_atr_mult': 4.0, 'trail_atr_len': 14, 'tp_converts_to_trail': True, 'don_upper': 2032.26, 'don_lower': 1981.72, 'atr': 5.552908904776269, 'exit_reason': 'sl', 'signal_time': Timestamp('2023-04-13 12:00:00+0000', tz='UTC')}"
2023-04-19 09:00:00+00:00,2023-04-19 14:00:00+00:00,-1,1979.7450000000001,1991.2046889477467,1991.0296889477468,1952.8969977264346,0.35,-401.0891131711309,-0.8211004201865842,"{'trail_atr_mult': 4.0, 'trail_atr_len': 14, 'tp_converts_to_trail': True, 'don_upper': 2048.67, 'don_lower': 1981.18, 'atr': 5.440600454713044, 'exit_reason': 'sl', 'signal_time': Timestamp('2023-04-19 08:00:00+0000', tz='UTC')}"
2023-05-03 15:00:00+00:00,2023-05-03 23:00:00+00:00,1,2021.435,2044.6471978391087,2044.8221978391086,,0.4,928.4879135643497,1.9438912612219923,"{'trail_atr_mult': 4.0, 'trail_atr_len': 14, 'tp_converts_to_trail': True, 'don_upper': 2020.15, 'don_lower': 1974.22, 'atr': 4.71043956782171, 'exit_reason': 'sl', 'signal_time': Timestamp('2023-05-03 14:00:00+0000', tz='UTC')}"
2023-05-03 23:00:00+00:00,2023-05-04 08:00:00+00:00,1,2056.7650000000003,2035.2349016013127,2035.4099016013126,2098.8601967973746,0.23,-467.59226316981574,-0.9520020942604022,"{'trail_atr_mult': 4.0, 'trail_atr_len': 14, 'tp_converts_to_trail': True, 'don_upper': 2040.37, 'don_lower': 1974.22, 'atr': 8.460039359474928, 'exit_reason': 'sl', 'signal_time': Timestamp('2023-05-03 22:00:00+0000', tz='UTC')}"
2023-05-16 16:00:00+00:00,2023-05-19 07:00:00+00:00,-1,1995.815,1966.8556558119571,1966.6806558119572,,0.39,1090.4144233336733,2.2733567512997506,"{'trail_atr_mult': 4.0, 'trail_atr_len': 14, 'tp_converts_to_trail': True, 'don_upper': 2048.18, 'don_lower': 2000.89, 'atr': 4.845482025345582, 'exit_reason': 'sl', 'signal_time': Timestamp('2023-05-16 15:00:00+0000', tz='UTC')}"
2023-06-15 01:00:00+00:00,2023-06-15 14:00:00+00:00,-1,1939.015,1946.0274175593408,1945.852417559341,1913.705230519126,0.38,-266.4718672549484,-0.5409820569100328,"{'trail_atr_mult': 4.0, 'trail_atr_len': 14, 'tp_converts_to_trail': True, 'don_upper': 1973.1, 'don_lower': 1939.61, 'atr': 5.102953896174812, 'exit_reason': 'sl', 'signal_time': Timestamp('2023-06-15 00:00:00+0000', tz='UTC')}"
2023-06-22 15:00:00+00:00,2023-06-23 13:00:00+00:00,-1,1915.2150000000001,1924.216170080431,1924.0411700804311,1892.9253016776443,0.43,-395.6503134585304,-0.8055409575206965,"{'trail_atr_mult': 4.0, 'trail_atr_len': 14, 'tp_converts_to_trail': True, 'don_upper': 1967.93, 'don_lower': 1918.93, 'atr': 4.494939664471171, 'exit_reason': 'sl', 'signal_time': Timestamp('2023-06-22 14:00:00+0000', tz='UTC')}"
2023-06-28 11:00:00+00:00,2023-06-29 15:00:00+00:00,-1,1906.835,1910.91100811379,1910.7360081137901,1889.8928693306457,0.56,-261.8564543722438,-0.5354065532920187,"{'trail_atr_mult': 4.0, 'trail_atr_len': 14, 'tp_converts_to_trail': True, 'don_upper': 1937.6, 'don_lower': 1907.2, 'atr': 3.4234261338708527, 'exit_reason': 'sl', 'signal_time': Timestamp('2023-06-28 10:00:00+0000', tz='UTC')}"
2023-07-12 03:00:00+00:00,2023-07-12 15:00:00+00:00,1,1940.2849999999999,1955.4924701696073,1955.6674701696072,,0.62,942.8631505156592,1.9083919853990774,"{'trail_atr_mult': 4.0, 'trail_atr_len': 14, 'tp_converts_to_trail': True, 'don_upper': 1939.11, 'don_lower': 1902.59, 'atr': 3.1134940339214427, 'exit_reason': 'sl', 'signal_time': Timestamp('2023-07-12 02:00:00+0000', tz='UTC')}"
2023-07-12 15:00:00+00:00,2023-07-14 15:00:00+00:00,1,1957.825,1951.4399107714605,1951.6149107714605,1981.563943597937,0.41,-196.18865837012055,-0.3949080106753207,"{'trail_atr_mult': 4.0, 'trail_atr_len': 14, 'tp_converts_to_trail': True, 'don_upper': 1957.37, 'don_lower': 1902.59, 'atr': 4.780788719587363, 'exit_reason': 'sl', 'signal_time': Timestamp('2023-07-12 14:00:00+0000', tz='UTC')}"
2023-07-18 15:00:00+00:00,2023-07-19 15:00:00+00:00,1,1982.975,1970.7767598080204,1970.9517598080204,2007.2899822618856,0.4,-471.9296076791798,-0.94993950217773,"{'trail_atr_mult': 4.0, 'trail_atr_len': 14, 'tp_converts_to_trail': True, 'don_upper': 1972.21, 'don_lower': 1929.32, 'atr': 4.897996452377111, 'exit_reason': 'sl', 'signal_time': Timestamp('2023-07-18 14:00:00+0000', tz='UTC')}"
2023-07-27 14:00:00+00:00,2023-07-28 13:00:00+00:00,-1,1945.175,1960.5656696291796,1960.3906696291797,1915.0886607416405,0.32,-498.9014281337499,-1.0246456455180126,"{'trail_atr_mult': 4.0, 'trail_atr_len': 14, 'tp_converts_to_trail': True, 'don_upper': 1983.9, 'don_lower': 1951.74, 'atr': 6.040267851671892, 'exit_reason': 'sl', 'signal_time': Timestamp('2023-07-27 13:00:00+0000', tz='UTC')}"
2023-08-09 15:00:00+00:00,2023-08-10 13:00:00+00:00,-1,1917.195,1924.8263646727717,1924.6513646727717,1899.1734176502678,0.53,-436.26232765690145,-0.8847798610248155,"{'trail_atr_mult': 4.0, 'trail_atr_len': 14, 'tp_converts_to_trail': True, 'don_upper': 1954.84, 'don_lower': 1921.54, 'atr': 3.643316469946488, 'exit_reason': 'sl', 'signal_time': Timestamp('2023-08-09 14:00:00+0000', tz='UTC')}"
2023-08-16 19:00:00+00:00,2023-08-17 13:00:00+00:00,-1,1894.835,1900.6469612138824,1900.4719612138824,1878.7856863108188,0.6,-384.7176728329405,-0.7751256817713075,"{'trail_atr_mult': 4.0, 'trail_atr_len': 14, 'tp_converts_to_trail': True, 'don_upper': 1930.14, 'don_lower': 1896.35, 'atr': 3.242862737836229, 'exit_reason': 'sl', 'signal_time': Timestamp('2023-08-16 18:00:00+0000', tz='UTC')}"
2023-08-17 16:00:00+00:00,2023-08-18 14:00:00+00:00,-1,1889.315,1895.6085697529822,1895.4335697529823,1871.0822281302512,0.52,-337.6656271550741,-0.6912549075005414,"{'trail_atr_mult': 4.0, 'trail_atr_len': 14, 'tp_converts_to_trail': True, 'don_upper': 1930.14, 'don_lower': 1889.62, 'atr': 3.6835543739497565, 'exit_reason': 'sl', 'signal_time': Timestamp('2023-08-17 15:00:00+0000', tz='UTC')}"
2023-08-23 17:00:00+00:00,2023-08-24 13:00:00+00:00,1,1919.965,1912.6413277805302,1912.8163277805302,1937.7470520623228,0.53,-324.55462763189405,-0.6689959911211103,"{'trail_atr_mult': 4.0, 'trail_atr_len': 14, 'tp_converts_to_trail': True, 'don_upper': 1918.96, 'don_lower': 1884.81, 'atr': 3.591410412464554, 'exit_reason': 'sl', 'signal_time': Timestamp('2023-08-23 16:00:00+0000', tz='UTC')}"
2023-08-29 15:00:00+00:00,2023-08-31 14:00:00+00:00,1,1934.335,1940.726989469906,1940.9019894699059,1952.2013641478752,0.53,423.5754419050109,0.8662762715922219,"{'trail_atr_mult': 4.0, 'trail_atr_len': 14, 'tp_converts_to_trail': True, 'don_upper': 1926.07, 'don_lower': 1889.11, 'atr': 3.6122728295750366, 'exit_reason': 'sl', 'signal_time': Timestamp('2023-08-29 14:00:00+0000', tz='UTC')}"
2023-09-06 01:00:00+00:00,2023-09-08 01:00:00+00:00,-1,1924.605,1924.6657791420187,1924.4907791420187,1913.6400389744038,0.85,-73.1662270715849,-0.14983151641699957,"{'trail_atr_mult': 4.0, 'trail_atr_len': 14, 'tp_converts_to_trail': True, 'don_upper': 1953.02, 'don_lower': 1925.36, 'atr': 2.227992205119231, 'exit_reason': 'sl', 'signal_time': Timestamp('2023-09-06 00:00:00+0000', tz='UTC')}"
2023-09-14 13:00:00+00:00,2023-09-14 17:00:00+00:00,-1,1904.315,1911.8426797821517,1911.6676797821517,1890.1046404356966,0.67,-504.35454540415776,-1.0238008461112043,"{'trail_atr_mult': 4.0, 'trail_atr_len': 14, 'tp_converts_to_trail': True, 'don_upper': 1930.77, 'don_lower': 1905.21, 'atr': 2.875071912860662, 'exit_reason': 'sl', 'signal_time': Timestamp('2023-09-14 12:00:00+0000', tz='UTC')}"
2023-09-18 17:00:00+00:00,2023-09-20 02:00:00+00:00,1,1931.235,1929.2042041250177,1929.3792041250176,1945.4944961224105,0.66,-81.2325277488273,-0.16717663745504652,"{'trail_atr_mult': 4.0, 'trail_atr_len': 14, 'tp_converts_to_trail': True, 'don_upper': 1930.67, 'don_lower': 1901.02, 'atr': 2.88289922448213, 'exit_reason': 'sl', 'signal_time': Timestamp('2023-09-18 16:00:00+0000', tz='UTC')}"
2023-09-26 07:00:00+00:00,2023-09-26 20:00:00+00:00,-1,1910.315,1900.125,1899.822801927282,,0.88,896.7200000000048,1.8398154358361183,"{'trail_atr_mult': 4.0, 'trail_atr_len': 14, 'tp_converts_to_trail': True, 'don_upper': 1947.42, 'don_lower': 1912.93, 'atr': 2.1374396145436014, 'exit_reason': 'sl_gap', 'signal_time': Timestamp('2023-09-26 06:00:00+0000', tz='UTC')}"
2023-09-27 05:00:00+00:00,2023-09-27 15:00:00+00:00,-1,1897.515,1887.945,1884.7078212831848,,0.74,708.1800000000121,1.442114396466862,"{'trail_atr_mult': 4.0, 'trail_atr_len': 14, 'tp_converts_to_trail': True, 'don_upper': 1947.42, 'don_lower': 1899.12, 'atr': 2.592435743363041, 'exit_reason': 'sl_gap', 'signal_time': Timestamp('2023-09-27 04:00:00+0000', tz='UTC')}"
2023-09-27 15:00:00+00:00,2023-09-29 06:00:00+00:00,-1,1883.4550000000002,1867.9863757121188,1867.811375712119,,0.61,894.78608156076,1.8178283385525882,"{'trail_atr_mult': 4.0, 'trail_atr_len': 14, 'tp_converts_to_trail': True, 'don_upper': 1947.42, 'don_lower': 1884.44, 'atr': 3.1617248575762025, 'exit_reason': 'sl', 'signal_time': Timestamp('2023-09-27 14:00:00+0000', tz='UTC')}"
2023-09-29 16:00:00+00:00,2023-10-02 16:00:00+00:00,-1,1854.605,1830.473258400999,1830.298258400999,,0.4,941.2696639600435,1.8930082999452091,"{'trail_atr_mult': 4.0, 'trail_atr_len': 14, 'tp_converts_to_trail': True, 'don_upper': 1929.12, 'don_lower': 1857.66, 'atr': 4.898348319800213, 'exit_reason': 'sl', 'signal_time': Timestamp('2023-09-29 15:00:00+0000', tz='UTC')}"
2023-10-03 00:00:00+00:00,2023-10-03 15:00:00+00:00,-1,1824.825,1831.8107409780855,1831.6357409780856,1802.922731301373,0.45,-314.3583440138457,-0.6238029352671605,"{'trail_atr_mult': 4.0, 'trail_atr_len': 14, 'tp_converts_to_trail': True, 'don_upper': 1917.65, 'don_lower': 1827.14, 'atr': 4.413453739725423, 'exit_reason': 'sl', 'signal_time': Timestamp('2023-10-02 23:00:00+0000', tz='UTC')}"
2023-10-09 19:00:00+00:00,2023-10-12 06:00:00+00:00,1,1857.2549999999999,1878.7250000000001,1878.9768362583366,,0.45,1056.1500000000115,2.115668924286738,"{'trail_atr_mult': 4.0, 'trail_atr_len': 14, 'tp_converts_to_trail': True, 'don_upper': 1855.6, 'don_lower': 1810.47, 'atr': 4.375367251667313, 'exit_reason': 'sl_gap', 'signal_time': Timestamp('2023-10-09 18:00:00+0000', tz='UTC')}"
2023-10-12 06:00:00+00:00,2023-10-12 14:00:00+00:00,1,1880.335,1873.0151929368585,1873.1901929368585,1893.9496141262828,0.71,-519.7063014830483,-1.024493313598731,"{'trail_atr_mult': 4.0, 'trail_atr_len': 14, 'tp_converts_to_trail': True, 'don_upper': 1879.12, 'don_lower': 1810.47, 'atr': 2.7679228252565755, 'exit_reason': 'sl', 'signal_time': Timestamp('2023-10-12 05:00:00+0000', tz='UTC')}"
2023-10-13 10:00:00+00:00,2023-10-16 07:00:00+00:00,1,1887.7849999999999,1913.4321442630808,1913.6071442630807,,0.62,1664.522944311017,3.2923607090075717,"{'trail_atr_mult': 4.0, 'trail_atr_len': 14, 'tp_converts_to_trail': True, 'don_upper': 1885.12, 'don_lower': 1810.47, 'atr': 3.187750049395251, 'exit_reason': 'sl', 'signal_time': Timestamp('2023-10-13 09:00:00+0000', tz='UTC')}"
2023-10-18 02:00:00+00:00,2023-10-18 15:00:00+00:00,1,1939.2749999999999,1956.9650000000001,1962.3924841532128,,0.43,760.6700000000121,1.4889015715647549,"{'trail_atr_mult': 4.0, 'trail_atr_len': 14, 'tp_converts_to_trail': True, 'don_upper': 1932.41, 'don_lower': 1858.37, 'atr': 4.666496830642546, 'exit_reason': 'sl_gap', 'signal_time': Timestamp('2023-10-18 01:00:00+0000', tz='UTC')}"
2023-10-19 18:00:00+00:00,2023-10-22 23:00:00+00:00,1,1972.915,1967.895,1973.3252361476516,2002.5460868506452,0.34,-129.87999999999937,-0.2530967341941736,"{'trail_atr_mult': 4.0, 'trail_atr_len': 14, 'tp_converts_to_trail': True, 'don_upper': 1962.67, 'don_lower': 1867.91, 'atr': 5.963217370129049, 'exit_reason': 'sl_gap', 'signal_time': Timestamp('2023-10-19 17:00:00+0000', tz='UTC')}"
2023-11-07 07:00:00+00:00,2023-11-08 02:00:00+00:00,-1,1969.175,1970.6915522482366,1970.5165522482366,1953.951839404449,0.65,-111.57589613538039,-0.2171729263327123,"{'trail_atr_mult': 4.0, 'trail_atr_len': 14, 'tp_converts_to_trail': True, 'don_upper': 2007.93, 'don_lower': 1969.88, 'atr': 3.083632119110182, 'exit_reason': 'sl', 'signal_time': Timestamp('2023-11-07 06:00:00+0000', tz='UTC')}"
2023-11-08 15:00:00+00:00,2023-11-09 14:00:00+00:00,-1,1955.2350000000001,1957.7851995868673,1957.6101995868673,1935.710921156978,0.51,-160.66017893022544,-0.31424881028522433,"{'trail_atr_mult': 4.0, 'trail_atr_len': 14, 'tp_converts_to_trail': True, 'don_upper': 2004.11, 'don_lower': 1956.71, 'atr': 3.939815768604433, 'exit_reason': 'sl', 'signal_time': Timestamp('2023-11-08 14:00:00+0000', tz='UTC')}"
2023-11-10 14:00:00+00:00,2023-11-13 17:00:00+00:00,-1,1942.4650000000001,1946.8650075345042,1946.6900075345043,1922.538783860721,0.5,-250.0003767252042,-0.48968753872468007,"{'trail_atr_mult': 4.0, 'trail_atr_len': 14, 'tp_converts_to_trail': True, 'don_upper': 2004.11, 'don_lower': 1943.11, 'atr': 4.01824322785582, 'exit_reason': 'sl', 'signal_time': Timestamp('2023-11-10 13:00:00+0000', tz='UTC')}"
2023-11-15 08:00:00+00:00,2023-11-15 13:00:00+00:00,1,1971.735,1963.6081605839436,1963.7831605839435,1986.963678832113,0.65,-528.2445620436613,-1.0220074866761764,"{'trail_atr_mult': 4.0, 'trail_atr_len': 14, 'tp_converts_to_trail': True, 'don_upper': 1971.0, 'don_lower': 1931.6, 'atr': 3.0907357664225685, 'exit_reason': 'sl', 'signal_time': Timestamp('2023-11-15 07:00:00+0000', tz='UTC')}"
2023-11-16 14:00:00+00:00,2023-11-17 14:00:00+00:00,1,1979.885,1979.8369134397087,1980.0119134397087,1999.5639911697435,0.5,17.59567198543664,0.03483603182679496,"{'trail_atr_mult': 4.0, 'trail_atr_len': 14, 'tp_converts_to_trail': True, 'don_upper': 1975.34, 'don_lower': 1931.6, 'atr': 3.9707982339487007, 'exit_reason': 'sl', 'signal_time': Timestamp('2023-11-16 13:00:00+0000', tz='UTC')}"
2023-11-21 13:00:00+00:00,2023-11-22 15:00:00+00:00,1,1997.7649999999999,1992.890511375564,1993.065511375564,2020.0454435330848,0.44,-196.87749947517517,-0.3898411823746217,"{'trail_atr_mult': 4.0, 'trail_atr_len': 14, 'tp_converts_to_trail': True, 'don_upper': 1994.3, 'don_lower': 1944.24, 'atr': 4.501088706616995, 'exit_reason': 'sl', 'signal_time': Timestamp('2023-11-21 12:00:00+0000', tz='UTC')}"
2023-11-27 01:00:00+00:00,2023-11-28 16:00:00+00:00,1,2012.155,2030.625,2031.291891295237,,0.52,981.2400000000014,1.9165249002328484,"{'trail_atr_mult': 4.0, 'trail_atr_len': 14, 'tp_converts_to_trail': True, 'don_upper': 2007.53, 'don_lower': 1965.4, 'atr': 3.8643782590473927, 'exit_reason': 'sl_gap', 'signal_time': Timestamp('2023-11-27 00:00:00+0000', tz='UTC')}"
2023-11-28 16:00:00+00:00,2023-11-29 09:00:00+00:00,1,2039.835,2036.0359457547281,2036.210945754728,2062.0331632213774,0.45,-152.95744103723632,-0.3007591647223281,"{'trail_atr_mult': 4.0, 'trail_atr_len': 14, 'tp_converts_to_trail': True, 'don_upper': 2031.45, 'don_lower': 1984.28, 'atr': 4.466632644275466, 'exit_reason': 'sl', 'signal_time': Timestamp('2023-11-28 15:00:00+0000', tz='UTC')}"
2023-12-01 18:00:00+00:00,2023-12-04 00:00:00+00:00,1,2071.965,2102.917618014971,2103.0926180149713,,0.32,1028.883776479072,2.031592963322169,"{'trail_atr_mult': 4.0, 'trail_atr_len': 14, 'tp_converts_to_trail': True, 'don_upper': 2067.68, 'don_lower': 1994.35, 'atr': 6.260523602994313, 'exit_reason': 'sl', 'signal_time': Timestamp('2023-12-01 17:00:00+0000', tz='UTC')}"
2023-12-08 17:00:00+00:00,2023-12-12 13:00:00+00:00,-1,1996.9850000000001,1990.4085096873243,1990.2335096873244,1967.3516384156183,0.34,196.40067063097678,0.38307719711585686,"{'trail_atr_mult': 4.0, 'trail_atr_len': 14, 'tp_converts_to_trail': True, 'don_upper': 2144.77, 'don_lower': 2001.18, 'atr': 5.961672316876374, 'exit_reason': 'sl', 'signal_time': Timestamp('2023-12-08 16:00:00+0000', tz='UTC')}"
2023-12-14 14:00:00+00:00,2023-12-15 13:00:00+00:00,1,2043.2949999999998,2029.7990343750255,2029.9740343750254,2075.843896592058,0.31,-405.9749343742052,-0.7919215438388355,"{'trail_atr_mult': 4.0, 'trail_atr_len': 14, 'tp_converts_to_trail': True, 'don_upper': 2040.35, 'don_lower': 1973.0, 'atr': 6.544779318411686, 'exit_reason': 'sl', 'signal_time': Timestamp('2023-12-14 13:00:00+0000', tz='UTC')}"
2023-12-22 10:00:00+00:00,2023-12-26 14:00:00+00:00,1,2055.905,2055.949893544269,2056.124893544269,2075.774285250305,0.51,83.88957075770314,0.16130926130338857,"{'trail_atr_mult': 4.0, 'trail_atr_len': 14, 'tp_converts_to_trail': True, 'don_upper': 2055.09, 'don_lower': 2015.48, 'atr': 4.008857050061004, 'exit_reason': 'sl', 'signal_time': Timestamp('2023-12-22 09:00:00+0000', tz='UTC')}"
2023-12-28 01:00:00+00:00,2023-12-28 09:00:00+00:00,1,2087.1850000000004,2075.9503877883762,2076.1253877883764,2108.7192244232465,0.47,-528.0267739463351,-1.0158233396118765,"{'trail_atr_mult': 4.0, 'trail_atr_len': 14, 'tp_converts_to_trail': True, 'don_upper': 2084.51, 'don_lower': 2027.27, 'atr': 4.345844884649355, 'exit_reason': 'sl', 'signal_time': Timestamp('2023-12-28 00:00:00+0000', tz='UTC')}"
2024-01-03 12:00:00+00:00,2024-01-04 06:00:00+00:00,-1,2045.535,2048.8147666751966,2048.6397666751964,2026.8649871765908,0.52,-201.74786711021642,-0.40424736475976497,"{'trail_atr_mult': 4.0, 'trail_atr_len': 14, 'tp_converts_to_trail': True, 'don_upper': 2088.51, 'don_lower': 2046.6, 'atr': 4.711253205852328, 'exit_reason': 'sl', 'signal_time': Timestamp('2024-01-03 11:00:00+0000', tz='UTC')}"
2024-01-17 14:00:00+00:00,2024-01-18 18:00:00+00:00,-1,2012.115,2018.1291627915223,2017.9541627915223,1989.5599442822659,0.43,-284.4090000354575,-0.5724056118520464,"{'trail_atr_mult': 4.0, 'trail_atr_len': 14, 'tp_converts_to_trail': True, 'don_upper': 2062.33, 'don_lower': 2013.16, 'atr': 5.685013929433552, 'exit_reason': 'sl', 'signal_time': Timestamp('2024-01-17 13:00:00+0000', tz='UTC')}"
2024-01-30 14:00:00+00:00,2024-01-30 15:00:00+00:00,1,2046.655,2037.3064127540076,2037.4814127540076,2064.4471744919847,0.54,-504.8237112835868,-1.0190765068568357,"{'trail_atr_mult': 4.0, 'trail_atr_len': 14, 'tp_converts_to_trail': True, 'don_upper': 2040.48, 'don_lower': 2009.47, 'atr': 4.494293622996204, 'exit_reason': 'sl', 'signal_time': Timestamp('2024-01-30 13:00:00+0000', tz='UTC')}"
2024-01-31 14:00:00+00:00,2024-01-31 19:00:00+00:00,1,2051.855,2042.7266553853904,2042.9016553853903,2069.236689229219,0.55,-502.0589538035313,-1.0195457683729048,"{'trail_atr_mult': 4.0, 'trail_atr_len': 14, 'tp_converts_to_trail': True, 'don_upper': 2048.64, 'don_lower': 2009.47, 'atr': 4.389172307304738, 'exit_reason': 'sl', 'signal_time': Timestamp('2024-01-31 13:00:00+0000', tz='UTC')}"
2024-02-05 13:00:00+00:00,2024-02-05 17:00:00+00:00,-1,2015.905,2026.042470895513,2025.867470895513,1996.4750582089741,0.49,-496.73607388013374,-1.0175659233372287,"{'trail_atr_mult': 4.0, 'trail_atr_len': 14, 'tp_converts_to_trail': True, 'don_upper': 2065.54, 'don_lower': 2020.43, 'atr': 4.898735447756471, 'exit_reason': 'sl', 'signal_time': Timestamp('2024-02-05 12:00:00+0000', tz='UTC')}"
2024-02-13 15:00:00+00:00,2024-02-15 08:00:00+00:00,-1,1991.9750000000001,1996.084592705004,1995.9095927050041,1971.2449061472191,0.46,-225.84126443018096,-0.46262153082170526,"{'trail_atr_mult': 4.0, 'trail_atr_len': 14, 'tp_converts_to_trail': True, 'don_upper': 2044.64, 'don_lower': 1992.42, 'atr': 5.223773463195226, 'exit_reason': 'sl', 'signal_time': Timestamp('2024-02-13 14:00:00+0000', tz='UTC')}"
2024-02-23 18:00:00+00:00,2024-02-26 00:00:00+00:00,1,2040.7549999999999,2032.0469493337457,2032.2219493337457,2057.2361013325085,0.57,-427.9588879764875,-0.8798788334805479,"{'trail_atr_mult': 4.0, 'trail_atr_len': 14, 'tp_converts_to_trail': True, 'don_upper': 2039.87, 'don_lower': 1995.19, 'atr': 4.16902533312716, 'exit_reason': 'sl', 'signal_time': Timestamp('2024-02-23 17:00:00+0000', tz='UTC')}"
2024-02-29 13:00:00+00:00,2024-03-01 08:00:00+00:00,1,2047.685,2039.685940220414,2039.860940220414,2062.838119559172,0.62,-471.14170633432434,-0.9712425510107806,"{'trail_atr_mult': 4.0, 'trail_atr_len': 14, 'tp_converts_to_trail': True, 'don_upper': 2041.39, 'don_lower': 2015.92, 'atr': 3.8295298897930317, 'exit_reason': 'sl', 'signal_time': Timestamp('2024-02-29 12:00:00+0000', tz='UTC')}"
2024-03-01 10:00:00+00:00,2024-03-01 14:00:00+00:00,1,2055.025,2046.8210726766779,2046.9960726766778,2070.557854646644,0.6,-492.2356393993323,-1.021796186832034,"{'trail_atr_mult': 4.0, 'trail_atr_len': 14, 'tp_converts_to_trail': True, 'don_upper': 2050.78, 'don_lower': 2015.92, 'atr': 3.9269636616610484, 'exit_reason': 'sl', 'signal_time': Timestamp('2024-03-01 09:00:00+0000', tz='UTC')}"
2024-03-01 16:00:00+00:00,2024-03-06 08:00:00+00:00,1,2081.2250000000004,2124.3606171823244,2124.5356171823246,,0.36,1624.8822185636654,3.4357599947194633,"{'trail_atr_mult': 4.0, 'trail_atr_len': 14, 'tp_converts_to_trail': True, 'don_upper': 2071.04, 'don_lower': 2021.95, 'atr': 6.481005549237142, 'exit_reason': 'sl', 'signal_time': Timestamp('2024-03-01 15:00:00+0000', tz='UTC')}"
2024-03-06 14:00:00+00:00,2024-03-06 15:00:00+00:00,1,2144.895,2133.7505006950632,2133.9255006950634,2166.758998609873,0.44,-490.35796941721674,-1.0159533261396376,"{'trail_atr_mult': 4.0, 'trail_atr_len': 14, 'tp_converts_to_trail': True, 'don_upper': 2141.81, 'don_lower': 2024.38, 'atr': 5.47224965246825, 'exit_reason': 'sl', 'signal_time': Timestamp('2024-03-06 13:00:00+0000', tz='UTC')}"
2024-03-07 04:00:00+00:00,2024-03-08 14:00:00+00:00,1,2158.375,2171.015,2182.618940652364,,0.4,521.599999999995,1.0724151340640016,"{'trail_atr_mult': 4.0, 'trail_atr_len': 14, 'tp_converts_to_trail': True, 'don_upper': 2152.55, 'don_lower': 2027.97, 'atr': 6.067235163090981, 'exit_reason': 'sl_gap', 'signal_time': Timestamp('2024-03-07 03:00:00+0000', tz='UTC')}"
2024-03-18 02:00:00+00:00,2024-03-18 10:00:00+00:00,-1,2147.6749999999997,2157.016648731171,2156.8416487311706,2129.866702537659,0.53,-495.10738275206637,-1.019090946444266,"{'trail_atr_mult': 4.0, 'trail_atr_len': 14, 'tp_converts_to_trail': True, 'don_upper': 2189.03, 'don_lower': 2150.13, 'atr': 4.49582436558524, 'exit_reason': 'sl', 'signal_time': Timestamp('2024-03-18 01:00:00+0000', tz='UTC')}"
2024-03-20 22:00:00+00:00,2024-03-21 14:00:00+00:00,1,2201.0150000000003,2185.5168182134694,2185.6918182134696,2232.532510268371,0.3,-428.9454535959284,-0.8941250493818039,"{'trail_atr_mult': 4.0, 'trail_atr_len': 14, 'tp_converts_to_trail': True, 'don_upper': 2188.77, 'don_lower': 2146.08, 'atr': 7.918127567092766, 'exit_reason': 'sl', 'signal_time': Timestamp('2024-03-20 21:00:00+0000', tz='UTC')}"
2024-03-28 10:00:00+00:00,2024-03-31 23:00:00+00:00,1,2212.5150000000003,2234.9182250639224,2235.0932250639225,,0.41,967.7322276208034,2.0068017884266203,"{'trail_atr_mult': 4.0, 'trail_atr_len': 14, 'tp_converts_to_trail': True, 'don_upper': 2211.72, 'don_lower': 2157.09, 'atr': 5.723306265980724, 'exit_reason': 'sl', 'signal_time': Timestamp('2024-03-28 09:00:00+0000', tz='UTC')}"
2024-03-31 23:00:00+00:00,2024-04-01 15:00:00+00:00,1,2237.1150000000002,2236.4726821389754,2236.6476821389756,2268.197901740464,0.3,-7.269535830744644,-0.015188580120109926,"{'trail_atr_mult': 4.0, 'trail_atr_len': 14, 'tp_converts_to_trail': True, 'don_upper': 2236.18, 'don_lower': 2157.09, 'atr': 7.839475435116033, 'exit_reason': 'sl', 'signal_time': Timestamp('2024-03-31 22:00:00+0000', tz='UTC')}"
2024-04-02 20:00:00+00:00,2024-04-04 13:00:00+00:00,1,2277.5950000000003,2284.0167021695675,2284.1917021695676,2309.8468974110115,0.3,240.6510650870159,0.490820653223851,"{'trail_atr_mult': 4.0, 'trail_atr_len': 14, 'tp_converts_to_trail': True, 'don_upper': 2277.0, 'don_lower': 2167.57, 'atr': 8.099224352752943, 'exit_reason': 'sl', 'signal_time': Timestamp('2024-04-02 19:00:00+0000', tz='UTC')}"
2024-04-09 08:00:00+00:00,2024-04-09 16:00:00+00:00,1,2354.1150000000002,2340.0511814518945,2340.2261814518947,2381.3676370962107,0.35,-492.23364918369947,-1.0126000638134949,"{'trail_atr_mult': 4.0, 'trail_atr_len': 14, 'tp_converts_to_trail': True, 'don_upper': 2353.84, 'don_lower': 2247.77, 'atr': 6.85690927405264, 'exit_reason': 'sl', 'signal_time': Timestamp('2024-04-09 07:00:00+0000', tz='UTC')}"
2024-04-12 02:00:00+00:00,2024-04-12 16:00:00+00:00,1,2390.835,2423.925433128258,2424.1004331282584,,0.28,926.5321275912286,1.9499122479204511,"{'trail_atr_mult': 4.0, 'trail_atr_len': 14, 'tp_converts_to_trail': True, 'don_upper': 2379.37, 'don_lower': 2267.75, 'atr': 8.372608282064576, 'exit_reason': 'sl', 'signal_time': Timestamp('2024-04-12 01:00:00+0000', tz='UTC')}"
2024-04-23 02:00:00+00:00,2024-04-23 14:00:00+00:00,-1,2298.6349999999998,2318.269740866669,2318.094740866669,2259.310518266662,0.25,-490.86852166673225,-1.0089929255070362,"{'trail_atr_mult': 4.0, 'trail_atr_len': 14, 'tp_converts_to_trail': True, 'don_upper': 2417.83, 'don_lower': 2324.47, 'atr': 9.797370433334532, 'exit_reason': 'sl', 'signal_time': Timestamp('2024-04-23 01:00:00+0000', tz='UTC')}"
2024-04-30 19:00:00+00:00,2024-05-01 14:00:00+00:00,-1,2289.915,2303.146252492726,2302.971252492726,2263.013009930685,0.35,-470.0938372454125,-0.9794186280580772,"{'trail_atr_mult': 4.0, 'trail_atr_len': 14, 'tp_converts_to_trail': True, 'don_upper': 2352.5, 'don_lower': 2291.55, 'atr': 6.769247517328867, 'exit_reason': 'sl', 'signal_time': Timestamp('2024-04-30 18:00:00+0000', tz='UTC')}"
2024-05-09 20:00:00+00:00,2024-05-10 09:00:00+00:00,1,2343.8450000000003,2366.475,2370.1577497901467,,0.36,829.0799999999874,1.7395738068775775,"{'trail_atr_mult': 4.0, 'trail_atr_len': 14, 'tp_converts_to_trail': True, 'don_upper': 2338.71, 'don_lower': 2277.38, 'atr': 6.5919374475367345, 'exit_reason': 'sl_gap', 'signal_time': Timestamp('2024-05-09 19:00:00+0000', tz='UTC')}"
2024-05-10 10:00:00+00:00,2024-05-10 14:00:00+00:00,1,2372.625,2360.323566425007,2360.498566425007,2396.3528671499853,0.4,-492.05734299972397,-1.0144312834369593,"{'trail_atr_mult': 4.0, 'trail_atr_len': 14, 'tp_converts_to_trail': True, 'don_upper': 2372.06, 'don_lower': 2277.38, 'atr': 5.975716787496375, 'exit_reason': 'sl', 'signal_time': Timestamp('2024-05-10 09:00:00+0000', tz='UTC')}"
2024-05-15 18:00:00+00:00,2024-05-16 14:00:00+00:00,1,2389.405,2373.4697108938344,2373.6447108938346,2423.3459955140775,0.28,-412.58809497264195,-0.8550624397398927,"{'trail_atr_mult': 4.0, 'trail_atr_len': 14, 'tp_converts_to_trail': True, 'don_upper': 2386.62, 'don_lower': 2306.73, 'atr': 8.528998878519324, 'exit_reason': 'sl', 'signal_time': Timestamp('2024-05-15 17:00:00+0000', tz='UTC')}"
2024-05-17 14:00:00+00:00,2024-05-20 00:00:00+00:00,1,2401.985,2417.5049999999997,2423.368464556171,,0.43,718.9599999999797,1.5016751566165734,"{'trail_atr_mult': 4.0, 'trail_atr_len': 14, 'tp_converts_to_trail': True, 'don_upper': 2397.25, 'don_lower': 2332.11, 'atr': 5.419616139042785, 'exit_reason': 'sl_gap', 'signal_time': Timestamp('2024-05-17 13:00:00+0000', tz='UTC')}"
2024-05-20 01:00:00+00:00,2024-05-20 13:00:00+00:00,1,2425.625,2417.8237757748293,2417.9987757748295,2454.620437600083,0.33,-257.4403994306331,-0.5290680545987353,"{'trail_atr_mult': 4.0, 'trail_atr_len': 14, 'tp_converts_to_trail': True, 'don_upper': 2425.35, 'don_lower': 2332.11, 'atr': 7.290109400020722, 'exit_reason': 'sl', 'signal_time': Timestamp('2024-05-20 00:00:00+0000', tz='UTC')}"
2024-05-23 06:00:00+00:00,2024-05-23 23:00:00+00:00,-1,2359.975,2330.3583765527565,2330.1833765527563,,0.33,977.348573759034,1.995284071283852,"{'trail_atr_mult': 4.0, 'trail_atr_len': 14, 'tp_converts_to_trail': True, 'don_upper': 2450.07, 'don_lower': 2366.84, 'atr': 7.439155861810945, 'exit_reason': 'sl', 'signal_time': Timestamp('2024-05-23 05:00:00+0000', tz='UTC')}"
2024-05-30 06:00:00+00:00,2024-05-30 08:00:00+00:00,-1,2324.8849999999998,2336.767769919126,2336.5927699191257,2301.964460161749,0.42,-499.0763366032952,-1.0149473384947805,"{'trail_atr_mult': 4.0, 'trail_atr_len': 14, 'tp_converts_to_trail': True, 'don_upper': 2383.66, 'don_lower': 2325.46, 'atr': 5.77138495956281, 'exit_reason': 'sl', 'signal_time': Timestamp('2024-05-30 05:00:00+0000', tz='UTC')}"
2024-06-06 02:00:00+00:00,2024-06-06 13:00:00+00:00,1,2367.6850000000004,2355.7169997547708,2355.891999754771,2390.7460004904588,0.41,-490.6880100544149,-1.0148393111473881,"{'trail_atr_mult': 4.0, 'trail_atr_len': 14, 'tp_converts_to_trail': True, 'don_upper': 2359.8, 'don_lower': 2314.77, 'atr': 5.8090001226146, 'exit_reason': 'sl', 'signal_time': Timestamp('2024-06-06 01:00:00+0000', tz='UTC')}"
2024-06-07 04:00:00+00:00,2024-06-07 09:00:00+00:00,1,2380.2850000000003,2368.1360543788096,2368.31105437881,2403.9178912423804,0.4,-485.9578248476282,-1.0146150655378356,"{'trail_atr_mult': 4.0, 'trail_atr_len': 14, 'tp_converts_to_trail': True, 'don_upper': 2380.04, 'don_lower': 2314.77, 'atr': 5.934472810595098, 'exit_reason': 'sl', 'signal_time': Timestamp('2024-06-07 03:00:00+0000', tz='UTC')}"
2024-06-07 14:00:00+00:00,2024-06-10 23:00:00+00:00,-1,2309.375,2312.2050000000004,2310.5810724297176,2267.420102272191,0.23,-78.89000000000878,-0.1624056962496994,"{'trail_atr_mult': 4.0, 'trail_atr_len': 14, 'tp_converts_to_trail': True, 'don_upper': 2387.69, 'don_lower': 2313.31, 'atr': 10.512474431952176, 'exit_reason': 'sl_gap', 'signal_time': Timestamp('2024-06-07 13:00:00+0000', tz='UTC')}"
2024-06-26 11:00:00+00:00,2024-06-27 10:00:00+00:00,-1,2308.1549999999997,2310.498618438218,2310.3236184382176,2286.4566786504797,0.43,-126.57559284337711,-0.26527065434318753,"{'trail_atr_mult': 4.0, 'trail_atr_len': 14, 'tp_converts_to_trail': True, 'don_upper': 2368.73, 'don_lower': 2309.74, 'atr': 5.465830337380157, 'exit_reason': 'sl', 'signal_time': Timestamp('2024-06-26 10:00:00+0000', tz='UTC')}"
2024-07-03 15:00:00+00:00,2024-07-04 07:00:00+00:00,1,2362.655,2350.6666371085676,2350.8416371085677,2392.1581890431394,0.33,-356.0159754172772,-0.7164018311977458,"{'trail_atr_mult': 3.0, 'trail_atr_len': 14, 'tp_converts_to_trail': True, 'don_upper': 2358.7, 'don_lower': 2318.5, 'atr': 5.9416378086279105, 'exit_reason': 'sl', 'signal_time': Timestamp('2024-07-03 14:00:00+0000', tz='UTC')}"
2024-07-05 19:00:00+00:00,2024-07-08 07:00:00+00:00,1,2391.215,2377.1207294770616,2377.2957294770617,2421.591463163395,0.32,-412.6166567340348,-0.8353520825814124,"{'trail_atr_mult': 3.0, 'trail_atr_len': 14, 'tp_converts_to_trail': True, 'don_upper': 2389.93, 'don_lower': 2319.12, 'atr': 6.108292632678993, 'exit_reason': 'sl', 'signal_time': Timestamp('2024-07-05 18:00:00+0000', tz='UTC')}"
2024-07-11 13:00:00+00:00,2024-07-12 06:00:00+00:00,1,2407.2450000000003,2407.7556618933304,2407.9306618933306,2435.216365561254,0.32,29.141180586561678,0.05958587987865985,"{'trail_atr_mult': 3.0, 'trail_atr_len': 14, 'tp_converts_to_trail': True, 'don_upper': 2391.13, 'don_lower': 2349.29, 'atr': 5.767273112250759, 'exit_reason': 'sl', 'signal_time': Timestamp('2024-07-11 12:00:00+0000', tz='UTC')}"
2024-07-16 10:00:00+00:00,2024-07-16 23:00:00+00:00,1,2442.665,2468.4849999999997,2469.6282743294805,,0.36,929.5199999999895,1.8786192025381405,"{'trail_atr_mult': 3.0, 'trail_atr_len': 14, 'tp_converts_to_trail': True, 'don_upper': 2439.67, 'don_lower': 2370.44, 'atr': 5.427654865896136, 'exit_reason': 'sl_gap', 'signal_time': Timestamp('2024-07-16 09:00:00+0000', tz='UTC')}"
2024-07-17 02:00:00+00:00,2024-07-17 07:00:00+00:00,1,2479.6850000000004,2462.295051135133,2462.470051135133,2513.4698977297335,0.29,-504.30851708116097,-1.0101655834922245,"{'trail_atr_mult': 3.0, 'trail_atr_len': 14, 'tp_converts_to_trail': True, 'don_upper': 2473.28, 'don_lower': 2391.44, 'atr': 6.7999795459467265, 'exit_reason': 'sl', 'signal_time': Timestamp('2024-07-17 01:00:00+0000', tz='UTC')}"
2024-07-17 14:00:00+00:00,2024-07-17 15:00:00+00:00,1,2483.0150000000003,2463.8197998455103,2463.9947998455104,2520.620400308979,0.26,-499.07520401674174,-1.0092007443969444,"{'trail_atr_mult': 3.0, 'trail_atr_len': 14, 'tp_converts_to_trail': True, 'don_upper': 2482.36, 'don_lower': 2391.44, 'atr': 7.55008006179578, 'exit_reason': 'sl', 'signal_time': Timestamp('2024-07-17 13:00:00+0000', tz='UTC')}"
2024-07-19 11:00:00+00:00,2024-07-23 02:00:00+00:00,-1,2412.225,2400.4689120686403,2400.29391206864,2378.4161777532954,0.28,306.77046207806933,0.6382096262184267,"{'trail_atr_mult': 3.0, 'trail_atr_len': 14, 'tp_converts_to_trail': True, 'don_upper': 2483.54, 'don_lower': 2412.82, 'atr': 6.796764449340896, 'exit_reason': 'sl', 'signal_time': Timestamp('2024-07-19 10:00:00+0000', tz='UTC')}"
2024-07-25 02:00:00+00:00,2024-07-26 03:00:00+00:00,-1,2376.145,2375.6986006374805,2375.5236006374803,2337.281128988141,0.25,6.15998406298786,0.012463651905772088,"{'trail_atr_mult': 3.0, 'trail_atr_len': 14, 'tp_converts_to_trail': True, 'don_upper': 2431.9, 'don_lower': 2383.71, 'atr': 7.817774202371799, 'exit_reason': 'sl', 'signal_time': Timestamp('2024-07-25 01:00:00+0000', tz='UTC')}"
2024-07-31 04:00:00+00:00,2024-07-31 21:00:00+00:00,1,2416.585,2446.47334544029,2446.64834544029,,0.32,956.4270540892759,1.9277613826795745,"{'trail_atr_mult': 3.0, 'trail_atr_len': 14, 'tp_converts_to_trail': True, 'don_upper': 2412.64, 'don_lower': 2352.97, 'atr': 6.075669088058052, 'exit_reason': 'sl', 'signal_time': Timestamp('2024-07-31 03:00:00+0000', tz='UTC')}"
2024-08-01 02:00:00+00:00,2024-08-01 09:00:00+00:00,1,2451.4950000000003,2433.607398196101,2433.782398196101,2486.095203607797,0.28,-500.85285050918725,-1.0098799714427982,"{'trail_atr_mult': 3.0, 'trail_atr_len': 14, 'tp_converts_to_trail': True, 'don_upper': 2450.8, 'don_lower': 2369.54, 'atr': 6.975040721559445, 'exit_reason': 'sl', 'signal_time': Timestamp('2024-08-01 01:00:00+0000', tz='UTC')}"
2024-08-02 06:00:00+00:00,2024-08-02 15:00:00+00:00,1,2466.8250000000003,2453.441553362852,2453.6165533628523,2505.6722116260935,0.25,-334.58616592870385,-0.6772620299574514,"{'trail_atr_mult': 3.0, 'trail_atr_len': 14, 'tp_converts_to_trail': True, 'don_upper': 2462.17, 'don_lower': 2376.36, 'atr': 7.814442325218686, 'exit_reason': 'sl', 'signal_time': Timestamp('2024-08-02 05:00:00+0000', tz='UTC')}"
2024-08-05 12:00:00+00:00,2024-08-05 16:00:00+00:00,-1,2386.435,2410.237639580536,2410.0626395805357,2314.908852797621,0.13,-309.434314546967,-0.6593424205246349,"{'trail_atr_mult': 3.0, 'trail_atr_len': 14, 'tp_converts_to_trail': True, 'don_upper': 2477.61, 'don_lower': 2403.76, 'atr': 14.35022944047577, 'exit_reason': 'sl', 'signal_time': Timestamp('2024-08-05 11:00:00+0000', tz='UTC')}"
2024-08-09 11:00:00+00:00,2024-08-12 17:00:00+00:00,1,2430.5550000000003,2459.5049999999997,2459.911213247219,,0.33,994.949999999979,2.015966370257581,"{'trail_atr_mult': 3.0, 'trail_atr_len': 14, 'tp_converts_to_trail': True, 'don_upper': 2428.83, 'don_lower': 2378.94, 'atr': 5.908242649443812, 'exit_reason': 'sl_gap', 'signal_time': Timestamp('2024-08-09 10:00:00+0000', tz='UTC')}"
2024-08-12 17:00:00+00:00,2024-08-13 06:00:00+00:00,1,2463.2050000000004,2459.8157397157493,2459.9907397157494,2494.2838318867416,0.31,-92.6670688117848,-0.1891707496080689,"{'trail_atr_mult': 3.0, 'trail_atr_len': 14, 'tp_converts_to_trail': True, 'don_upper': 2460.48, 'don_lower': 2380.95, 'atr': 6.250766377348269, 'exit_reason': 'sl', 'signal_time': Timestamp('2024-08-12 16:00:00+0000', tz='UTC')}"
2024-08-16 19:00:00+00:00,2024-08-19 11:00:00+00:00,1,2503.3650000000002,2490.6921809076894,2490.8671809076895,2542.23273797181,0.25,-286.82047730777185,-0.5829279000117813,"{'trail_atr_mult': 3.0, 'trail_atr_len': 14, 'tp_converts_to_trail': True, 'don_upper': 2499.97, 'don_lower': 2432.09, 'atr': 7.806547594362019, 'exit_reason': 'sl', 'signal_time': Timestamp('2024-08-16 18:00:00+0000', tz='UTC')}"
2024-08-20 14:00:00+00:00,2024-08-20 16:00:00+00:00,1,2530.0150000000003,2513.7915629632093,2513.9665629632095,2561.2868740735803,0.31,-502.92654814052054,-1.0109044886800502,"{'trail_atr_mult': 3.0, 'trail_atr_len': 14, 'tp_converts_to_trail': True, 'don_upper': 2529.11, 'don_lower': 2432.09, 'atr': 6.309374814716124, 'exit_reason': 'sl', 'signal_time': Timestamp('2024-08-20 13:00:00+0000', tz='UTC')}"
2024-09-12 19:00:00+00:00,2024-09-16 11:00:00+00:00,1,2555.9350000000004,2575.1721765159755,2575.3471765159757,2592.41705904453,0.26,541.7665894153521,1.1252068632621093,"{'trail_atr_mult': 3.0, 'trail_atr_len': 14, 'tp_converts_to_trail': True, 'don_upper': 2555.06, 'don_lower': 2488.77, 'atr': 7.333411808906052, 'exit_reason': 'sl', 'signal_time': Timestamp('2024-09-12 18:00:00+0000', tz='UTC')}"
2024-09-20 08:00:00+00:00,2024-09-23 08:00:00+00:00,1,2607.215,2614.2398741856477,2614.414874185648,2636.7483277825377,0.33,271.42084812637097,0.5478076731552579,"{'trail_atr_mult': 3.0, 'trail_atr_len': 14, 'tp_converts_to_trail': True, 'don_upper': 2606.86, 'don_lower': 2546.71, 'atr': 5.939665556507491, 'exit_reason': 'sl', 'signal_time': Timestamp('2024-09-20 07:00:00+0000', tz='UTC')}"
2024-09-24 20:00:00+00:00,2024-09-25 17:00:00+00:00,1,2662.7650000000003,2652.991782207601,2653.166782207601,2696.6081555820483,0.29,-271.82331597958444,-0.5454594599947262,"{'trail_atr_mult': 3.0, 'trail_atr_len': 14, 'tp_converts_to_trail': True, 'don_upper': 2657.59, 'don_lower': 2569.65, 'atr': 6.80363111640963, 'exit_reason': 'sl', 'signal_time': Timestamp('2024-09-24 19:00:00+0000', tz='UTC')}"
2024-10-08 16:00:00+00:00,2024-10-10 13:00:00+00:00,-1,2612.785,2620.808837681777,2620.6338376817766,2565.7958608155127,0.21,-185.30059131731633,-0.3709510180545371,"{'trail_atr_mult': 3.0, 'trail_atr_len': 14, 'tp_converts_to_trail': True, 'don_upper': 2670.15, 'don_lower': 2619.09, 'atr': 9.436827836897509, 'exit_reason': 'sl', 'signal_time': Timestamp('2024-10-08 15:00:00+0000', tz='UTC')}"
2024-10-11 16:00:00+00:00,2024-10-14 02:00:00+00:00,1,2659.005,2644.148461470457,2644.323461470457,2692.399012359269,0.29,-396.03961735675523,-0.803821981942795,"{'trail_atr_mult': 3.0, 'trail_atr_len': 14, 'tp_converts_to_trail': True, 'don_upper': 2655.34, 'don_lower': 2604.77, 'atr': 6.717802471853832, 'exit_reason': 'sl', 'signal_time': Timestamp('2024-10-11 15:00:00+0000', tz='UTC')}"
2024-10-14 07:00:00+00:00,2024-10-14 13:00:00+00:00,1,2664.385,2649.019701734724,2649.1947017347243,2693.940596530552,0.32,-491.689544488836,-1.0115205111146648,"{'trail_atr_mult': 3.0, 'trail_atr_len': 14, 'tp_converts_to_trail': True, 'don_upper': 2661.4, 'don_lower': 2605.21, 'atr': 5.966119306110343, 'exit_reason': 'sl', 'signal_time': Timestamp('2024-10-14 06:00:00+0000', tz='UTC')}"
2024-10-16 09:00:00+00:00,2024-10-16 17:00:00+00:00,1,2680.005,2666.564387423732,2666.7393874237323,2706.484279517257,0.35,-470.42144016937976,-0.9530902973815768,"{'trail_atr_mult': 3.0, 'trail_atr_len': 14, 'tp_converts_to_trail': True, 'don_upper': 2677.67, 'don_lower': 2628.02, 'atr': 5.410855903451421, 'exit_reason': 'sl', 'signal_time': Timestamp('2024-10-16 08:00:00+0000', tz='UTC')}"
2024-10-18 03:00:00+00:00,2024-10-21 14:00:00+00:00,1,2708.295,2738.2060067870552,2738.3810067870554,,0.32,995.5522171857649,2.0446912588043507,"{'trail_atr_mult': 3.0, 'trail_atr_len': 14, 'tp_converts_to_trail': True, 'don_upper': 2706.74, 'don_lower': 2638.33, 'atr': 6.040201357411129, 'exit_reason': 'sl', 'signal_time': Timestamp('2024-10-18 02:00:00+0000', tz='UTC')}"
2024-10-22 20:00:00+00:00,2024-10-23 13:00:00+00:00,1,2748.665,2742.589616484997,2742.764616484997,2779.298052883912,0.31,-175.9368889650951,-0.36047853043988837,"{'trail_atr_mult': 3.0, 'trail_atr_len': 14, 'tp_converts_to_trail': True, 'don_upper': 2748.33, 'don_lower': 2673.15, 'atr': 6.1836105767824305, 'exit_reason': 'sl', 'signal_time': Timestamp('2024-10-22 19:00:00+0000', tz='UTC')}"
2024-10-29 18:00:00+00:00,2024-10-30 13:00:00+00:00,1,2773.175,2772.9770564416335,2773.1520564416337,2806.843181979532,0.28,5.65758036573352,0.0117669027729437,"{'trail_atr_mult': 3.0, 'trail_atr_len': 14, 'tp_converts_to_trail': True, 'don_upper': 2772.54, 'don_lower': 2717.02, 'atr': 6.778636395906424, 'exit_reason': 'sl', 'signal_time': Timestamp('2024-10-29 17:00:00+0000', tz='UTC')}"
2024-11-06 11:00:00+00:00,2024-11-07 12:00:00+00:00,-1,2698.285,2671.7182196920153,2671.543219692015,2638.471254152176,0.15,389.5017046197686,0.8226610543025629,"{'trail_atr_mult': 3.0, 'trail_atr_len': 14, 'tp_converts_to_trail': True, 'don_upper': 2762.26, 'don_lower': 2701.5, 'atr': 12.183749169564786, 'exit_reason': 'sl', 'signal_time': Timestamp('2024-11-06 10:00:00+0000', tz='UTC')}"
2024-11-11 13:00:00+00:00,2024-11-12 10:00:00+00:00,-1,2635.365,2594.2405658239472,2594.065565823947,,0.23,941.2619860492085,1.9640067098772223,"{'trail_atr_mult': 3.0, 'trail_atr_len': 14, 'tp_converts_to_trail': True, 'don_upper': 2748.39, 'don_lower': 2643.33, 'atr': 8.284886835210566, 'exit_reason': 'sl', 'signal_time': Timestamp('2024-11-11 12:00:00+0000', tz='UTC')}"
2024-11-13 20:00:00+00:00,2024-11-14 14:00:00+00:00,-1,2573.4649999999997,2562.9410699897253,2562.766069989725,2533.523592168577,0.24,238.17432024658555,0.487226564077115,"{'trail_atr_mult': 3.0, 'trail_atr_len': 14, 'tp_converts_to_trail': True, 'don_upper': 2704.1, 'don_lower': 2577.56, 'atr': 8.041281566284589, 'exit_reason': 'sl', 'signal_time': Timestamp('2024-11-13 19:00:00+0000', tz='UTC')}"
2024-11-19 02:00:00+00:00,2024-11-20 07:00:00+00:00,1,2622.6150000000002,2625.744966987843,2625.919966987843,2653.4559767020696,0.32,112.95894361096433,0.22659966796085815,"{'trail_atr_mult': 3.0, 'trail_atr_len': 14, 'tp_converts_to_trail': True, 'don_upper': 2617.78, 'don_lower': 2536.77, 'atr': 6.1891953404138995, 'exit_reason': 'sl', 'signal_time': Timestamp('2024-11-19 01:00:00+0000', tz='UTC')}"
2024-11-20 14:00:00+00:00,2024-11-22 14:00:00+00:00,1,2643.3250000000003,2687.57866540714,2687.75366540714,,0.31,1421.4636276213269,2.8606881645953646,"{'trail_atr_mult': 3.0, 'trail_atr_len': 14, 'tp_converts_to_trail': True, 'don_upper': 2641.75, 'don_lower': 2554.58, 'atr': 6.353557327308204, 'exit_reason': 'sl', 'signal_time': Timestamp('2024-11-20 13:00:00+0000', tz='UTC')}"
2024-11-22 18:00:00+00:00,2024-11-24 23:00:00+00:00,1,2711.175,2692.075,2693.44825590467,2749.2444163077835,0.26,-475.80000000000945,-0.9402838493606628,"{'trail_atr_mult': 3.0, 'trail_atr_len': 14, 'tp_converts_to_trail': True, 'don_upper': 2709.99, 'don_lower': 2617.73, 'atr': 7.67088326155672, 'exit_reason': 'sl_gap', 'signal_time': Timestamp('2024-11-22 17:00:00+0000', tz='UTC')}"
2024-11-24 23:00:00+00:00,2024-11-25 01:00:00+00:00,1,2720.0150000000003,2697.331139721149,2697.5061397211493,2764.597720557701,0.22,-490.24492613472574,-0.990003936351623,"{'trail_atr_mult': 3.0, 'trail_atr_len': 14, 'tp_converts_to_trail': True, 'don_upper': 2715.5, 'don_lower': 2618.91, 'atr': 8.945544111540245, 'exit_reason': 'sl', 'signal_time': Timestamp('2024-11-24 22:00:00+0000', tz='UTC')}"
2024-11-25 18:00:00+00:00,2024-11-26 13:00:00+00:00,-1,2618.5449999999996,2634.604755786684,2634.429755786684,2554.9246527507025,0.15,-243.89633680026736,-0.5064922621958873,"{'trail_atr_mult': 3.0, 'trail_atr_len': 14, 'tp_converts_to_trail': True, 'don_upper': 2721.31, 'don_lower': 2618.91, 'atr': 12.763069449859437, 'exit_reason': 'sl', 'signal_time': Timestamp('2024-11-25 17:00:00+0000', tz='UTC')}"
2024-11-29 06:00:00+00:00,2024-11-29 19:00:00+00:00,1,2665.485,2649.5794064374754,2649.7544064374756,2696.0011871250495,0.32,-508.9789940007904,-1.01112481860933,"{'trail_atr_mult': 3.0, 'trail_atr_len': 14, 'tp_converts_to_trail': True, 'don_upper': 2664.28, 'don_lower': 2604.86, 'atr': 6.166237425009854, 'exit_reason': 'sl', 'signal_time': Timestamp('2024-11-29 05:00:00+0000', tz='UTC')}"
2024-12-10 12:00:00+00:00,2024-12-11 04:00:00+00:00,1,2677.9550000000004,2685.6737160421844,2685.8487160421846,2709.1681151315524,0.31,251.68019730770533,0.5092001210288359,"{'trail_atr_mult': 3.0, 'trail_atr_len': 14, 'tp_converts_to_trail': True, 'don_upper': 2676.73, 'don_lower': 2612.32, 'atr': 6.287623026310466, 'exit_reason': 'sl', 'signal_time': Timestamp('2024-12-10 11:00:00+0000', tz='UTC')}"
2024-12-11 14:00:00+00:00,2024-12-12 01:00:00+00:00,1,2706.6150000000002,2703.396185623752,2703.571185623752,2746.5777176375627,0.24,-48.45154502995793,-0.09935668111351563,"{'trail_atr_mult': 3.0, 'trail_atr_len': 14, 'tp_converts_to_trail': True, 'don_upper': 2704.06, 'don_lower': 2624.03, 'atr': 8.037543527512527, 'exit_reason': 'sl', 'signal_time': Timestamp('2024-12-11 13:00:00+0000', tz='UTC')}"
2024-12-13 18:00:00+00:00,2024-12-16 08:00:00+00:00,-1,2654.1749999999997,2660.5158091108674,2660.340809110867,2618.6261561249066,0.28,-194.34265510429472,-0.3903295231665687,"{'trail_atr_mult': 3.0, 'trail_atr_len': 14, 'tp_converts_to_trail': True, 'don_upper': 2726.15, 'don_lower': 2654.49, 'atr': 7.110768775018632, 'exit_reason': 'sl', 'signal_time': Timestamp('2024-12-13 17:00:00+0000', tz='UTC')}"
2024-12-18 20:00:00+00:00,2024-12-19 01:00:00+00:00,-1,2592.145,2608.3552876039525,2608.1802876039524,2551.9917557782856,0.24,-403.44690249486155,-0.8168612593577967,"{'trail_atr_mult': 3.0, 'trail_atr_len': 14, 'tp_converts_to_trail': True, 'don_upper': 2676.94, 'don_lower': 2604.14, 'atr': 8.097648844342853, 'exit_reason': 'sl', 'signal_time': Timestamp('2024-12-18 19:00:00+0000', tz='UTC')}"
2024-12-26 15:00:00+00:00,2024-12-27 09:00:00+00:00,1,2636.775,2625.2405225848006,2625.415522584801,2660.8270424404527,0.4,-445.37909660797965,-0.8951608650306088,"{'trail_atr_mult': 3.0, 'trail_atr_len': 14, 'tp_converts_to_trail': True, 'don_upper': 2633.22, 'don_lower': 2589.69, 'atr': 4.8654084880905035, 'exit_reason': 'sl', 'signal_time': Timestamp('2024-12-26 14:00:00+0000', tz='UTC')}"
2025-01-02 10:00:00+00:00,2025-01-03 13:00:00+00:00,1,2642.915,2644.540921810298,2644.7159218102984,2670.035924711048,0.36,72.93318517073604,0.14656205798669172,"{'trail_atr_mult': 4.0, 'trail_atr_len': 14, 'tp_converts_to_trail': True, 'don_upper': 2639.97, 'don_lower': 2596.09, 'atr': 5.45918494220971, 'exit_reason': 'sl', 'signal_time': Timestamp('2025-01-02 09:00:00+0000', tz='UTC')}"
2025-01-16 09:00:00+00:00,2025-01-17 09:00:00+00:00,1,2705.445,2706.4169595512867,2706.591959551287,2732.1705815276973,0.36,49.39054384631563,0.10014090758619149,"{'trail_atr_mult': 4.0, 'trail_atr_len': 14, 'tp_converts_to_trail': True, 'don_upper': 2703.27, 'don_lower': 2655.51, 'atr': 5.3901163055394665, 'exit_reason': 'sl', 'signal_time': Timestamp('2025-01-16 08:00:00+0000', tz='UTC')}"
2025-01-21 15:00:00+00:00,2025-01-23 09:00:00+00:00,1,2739.0150000000003,2745.452176288633,2745.627176288633,2774.029995054845,0.28,225.04093608171283,0.4530539689314237,"{'trail_atr_mult': 4.0, 'trail_atr_len': 14, 'tp_converts_to_trail': True, 'don_upper': 2738.48, 'don_lower': 2659.86, 'atr': 7.033999010969002, 'exit_reason': 'sl', 'signal_time': Timestamp('2025-01-21 14:00:00+0000', tz='UTC')}"
2025-01-24 02:00:00+00:00,2025-01-27 01:00:00+00:00,1,2774.4550000000004,2764.0931278685553,2764.2681278685554,2804.3623408961416,0.32,-293.179908206244,-0.6003387592465554,"{'trail_atr_mult': 4.0, 'trail_atr_len': 14, 'tp_converts_to_trail': True, 'don_upper': 2763.45, 'don_lower': 2689.26, 'atr': 6.022468179228282, 'exit_reason': 'sl', 'signal_time': Timestamp('2025-01-24 01:00:00+0000', tz='UTC')}"
2025-01-30 14:00:00+00:00,2025-01-31 16:00:00+00:00,1,2788.165,2809.245,2813.8666506550794,,0.36,773.2799999999974,1.571516589286931,"{'trail_atr_mult': 4.0, 'trail_atr_len': 14, 'tp_converts_to_trail': True, 'don_upper': 2786.01, 'don_lower': 2730.48, 'atr': 5.249330131015924, 'exit_reason': 'sl_gap', 'signal_time': Timestamp('2025-01-30 13:00:00+0000', tz='UTC')}"
2025-02-03 14:00:00+00:00,2025-02-04 07:00:00+00:00,1,2829.5550000000003,2808.0063669243564,2808.1813669243566,2872.167266151287,0.23,-486.41856073981023,-0.9894730110129843,"{'trail_atr_mult': 4.0, 'trail_atr_len': 14, 'tp_converts_to_trail': True, 'don_upper': 2817.23, 'don_lower': 2730.48, 'atr': 8.531453230257412, 'exit_reason': 'sl', 'signal_time': Timestamp('2025-02-03 13:00:00+0000', tz='UTC')}"
2025-02-04 13:00:00+00:00,2025-02-05 10:00:00+00:00,1,2832.0350000000003,2870.345,2870.5245998475966,,0.25,967.7499999999873,1.9587801090592616,"{'trail_atr_mult': 4.0, 'trail_atr_len': 14, 'tp_converts_to_trail': True, 'don_upper': 2830.4, 'don_lower': 2734.81, 'atr': 7.7669199695192965, 'exit_reason': 'sl_gap', 'signal_time': Timestamp('2025-02-04 12:00:00+0000', tz='UTC')}"
2025-02-05 15:00:00+00:00,2025-02-05 20:00:00+00:00,1,2880.425,2860.4213928933623,2860.5963928933625,2919.467214213274,0.25,-500.0901776659475,-1.0088256325348037,"{'trail_atr_mult': 4.0, 'trail_atr_len': 14, 'tp_converts_to_trail': True, 'don_upper': 2877.17, 'don_lower': 2744.76, 'atr': 7.8494428426548595, 'exit_reason': 'sl', 'signal_time': Timestamp('2025-02-05 14:00:00+0000', tz='UTC')}"
2025-02-10 08:00:00+00:00,2025-02-11 02:00:00+00:00,1,2896.965,2933.785,2935.321921942127,,0.25,930.4999999999927,1.898402228533023,"{'trail_atr_mult': 4.0, 'trail_atr_len': 14, 'tp_converts_to_trail': True, 'don_upper': 2896.51, 'don_lower': 2772.17, 'atr': 7.728384388425503, 'exit_reason': 'sl_gap', 'signal_time': Timestamp('2025-02-10 07:00:00+0000', tz='UTC')}"
2025-02-19 09:00:00+00:00,2025-02-19 15:00:00+00:00,1,2945.7250000000004,2929.251854919278,2929.426854919278,2977.7962901614446,0.31,-510.6674975024002,-1.0107374182235727,"{'trail_atr_mult': 4.0, 'trail_atr_len': 14, 'tp_converts_to_trail': True, 'don_upper': 2940.08, 'don_lower': 2863.54, 'atr': 6.4492580322888875, 'exit_reason': 'sl', 'signal_time': Timestamp('2025-02-19 08:00:00+0000', tz='UTC')}"
2025-02-20 06:00:00+00:00,2025-02-20 14:00:00+00:00,1,2947.895,2931.2159231983205,2931.3909231983207,2980.468153603358,0.3,-500.37230405038366,-1.0106034407197122,"{'trail_atr_mult': 4.0, 'trail_atr_len': 14, 'tp_converts_to_trail': True, 'don_upper': 2947.05, 'don_lower': 2877.03, 'atr': 6.543630720671629, 'exit_reason': 'sl', 'signal_time': Timestamp('2025-02-20 05:00:00+0000', tz='UTC')}"
2025-02-25 15:00:00+00:00,2025-02-26 00:00:00+00:00,-1,2905.705,2925.365891801966,2925.190891801966,2855.627034949289,0.2,-397.2178360393209,-0.7934364966936399,"{'trail_atr_mult': 4.0, 'trail_atr_len': 14, 'tp_converts_to_trail': True, 'don_upper': 2956.18, 'don_lower': 2906.95, 'atr': 10.014593010142164, 'exit_reason': 'sl', 'signal_time': Timestamp('2025-02-25 14:00:00+0000', tz='UTC')}"
2025-02-27 08:00:00+00:00,2025-02-28 15:00:00+00:00,-1,2881.2749999999996,2842.430291417179,2842.255291417179,,0.25,966.1177145705165,1.9769789817438368,"{'trail_atr_mult': 4.0, 'trail_atr_len': 14, 'tp_converts_to_trail': True, 'don_upper': 2956.18, 'don_lower': 2887.91, 'atr': 7.8089417165643065, 'exit_reason': 'sl', 'signal_time': Timestamp('2025-02-27 07:00:00+0000', tz='UTC')}"
2025-03-12 16:00:00+00:00,2025-03-20 10:00:00+00:00,1,2936.385,3030.055407503688,3030.230407503688,,0.27,2658.70100259957,5.381545946450485,"{'trail_atr_mult': 4.0, 'trail_atr_len': 14, 'tp_converts_to_trail': True, 'don_upper': 2930.33, 'don_lower': 2880.26, 'atr': 7.381116735861768, 'exit_reason': 'sl', 'signal_time': Timestamp('2025-03-12 15:00:00+0000', tz='UTC')}"
2025-03-27 14:00:00+00:00,2025-04-01 16:00:00+00:00,1,3058.3450000000003,3114.207260132989,3114.3822601329894,,0.23,1330.8319830587452,2.669875809790819,"{'trail_atr_mult': 4.0, 'trail_atr_len': 14, 'tp_converts_to_trail': True, 'don_upper': 3055.91, 'don_lower': 2999.55, 'atr': 8.386906609183626, 'exit_reason': 'sl', 'signal_time': Timestamp('2025-03-27 13:00:00+0000', tz='UTC')}"
2025-04-04 15:00:00+00:00,2025-04-08 12:00:00+00:00,-1,3037.915,3015.3840914954235,3015.2090914954233,2938.1927315909757,0.1,217.30908504576473,0.42905221129616294,"{'trail_atr_mult': 4.0, 'trail_atr_len': 14, 'tp_converts_to_trail': True, 'don_upper': 3167.73, 'don_lower': 3054.08, 'atr': 20.04945368180491, 'exit_reason': 'sl', 'signal_time': Timestamp('2025-04-04 14:00:00+0000', tz='UTC')}"
2025-04-10 15:00:00+00:00,2025-04-17 15:00:00+00:00,1,3154.7650000000003,3309.975923478342,3310.150923478342,,0.11,1746.920158261757,3.4171533047040734,"{'trail_atr_mult': 4.0, 'trail_atr_len': 14, 'tp_converts_to_trail': True, 'don_upper': 3136.58, 'don_lower': 2956.26, 'atr': 18.491850594027454, 'exit_reason': 'sl', 'signal_time': Timestamp('2025-04-10 14:00:00+0000', tz='UTC')}"
2025-04-21 01:00:00+00:00,2025-04-22 01:00:00+00:00,1,3368.5550000000003,3434.1749999999997,3442.402121240516,,0.14,924.2799999999922,1.8008207859517726,"{'trail_atr_mult': 4.0, 'trail_atr_len': 14, 'tp_converts_to_trail': True, 'don_upper': 3357.65, 'don_lower': 3158.15, 'atr': 14.734424248103199, 'exit_reason': 'sl_gap', 'signal_time': Timestamp('2025-04-21 00:00:00+0000', tz='UTC')}"
2025-04-22 02:00:00+00:00,2025-04-22 13:00:00+00:00,1,3453.235,3429.429431464398,3429.604431464398,3530.9355755047714,0.13,-309.4723909628274,-0.606082213328221,"{'trail_atr_mult': 4.0, 'trail_atr_len': 14, 'tp_converts_to_trail': True, 'don_upper': 3444.21, 'don_lower': 3193.57, 'atr': 15.59711510095429, 'exit_reason': 'sl', 'signal_time': Timestamp('2025-04-22 01:00:00+0000', tz='UTC')}"
2025-05-01 02:00:00+00:00,2025-05-02 04:00:00+00:00,-1,3238.7549999999997,3255.078557378325,3254.903557378325,3160.656882801926,0.13,-214.80624591823025,-0.4209656372404709,"{'trail_atr_mult': 4.0, 'trail_atr_len': 14, 'tp_converts_to_trail': True, 'don_upper': 3370.76, 'don_lower': 3241.51, 'atr': 15.646623439614848, 'exit_reason': 'sl', 'signal_time': Timestamp('2025-05-01 01:00:00+0000', tz='UTC')}"
2025-05-06 02:00:00+00:00,2025-05-07 00:00:00+00:00,1,3379.775,3380.096493769838,3380.2714937698383,3449.9650994302397,0.15,10.822406547571063,0.02028516936412286,"{'trail_atr_mult': 4.0, 'trail_atr_len': 14, 'tp_converts_to_trail': True, 'don_upper': 3353.0, 'don_lower': 3201.91, 'atr': 14.101019886047943, 'exit_reason': 'sl', 'signal_time': Timestamp('2025-05-06 01:00:00+0000', tz='UTC')}"
2025-05-12 08:00:00+00:00,2025-05-13 07:00:00+00:00,-1,3223.375,3261.731472816471,3261.556472816471,3131.2058844563862,0.11,-424.12120098118174,-0.8548717003456243,"{'trail_atr_mult': 4.0, 'trail_atr_len': 14, 'tp_converts_to_trail': True, 'don_upper': 3437.85, 'don_lower': 3253.12, 'atr': 18.302823108722738, 'exit_reason': 'sl', 'signal_time': Timestamp('2025-05-12 07:00:00+0000', tz='UTC')}"
2025-05-14 13:00:00+00:00,2025-05-15 11:00:00+00:00,-1,3184.185,3178.376684713825,3178.2016847138248,3118.610882487262,0.15,78.12472929262503,0.15498835511976133,"{'trail_atr_mult': 4.0, 'trail_atr_len': 14, 'tp_converts_to_trail': True, 'don_upper': 3414.78, 'don_lower': 3207.74, 'atr': 13.223823502547525, 'exit_reason': 'sl', 'signal_time': Timestamp('2025-05-14 12:00:00+0000', tz='UTC')}"
2025-05-20 18:00:00+00:00,2025-05-22 11:00:00+00:00,1,3286.645,3302.519999701868,3302.6949997018683,3349.7860380886623,0.16,279.5999952298895,0.5486997378877364,"{'trail_atr_mult': 4.0, 'trail_atr_len': 14, 'tp_converts_to_trail': True, 'don_upper': 3285.71, 'don_lower': 3120.78, 'atr': 12.665207617732417, 'exit_reason': 'sl', 'signal_time': Timestamp('2025-05-20 17:00:00+0000', tz='UTC')}"
2025-05-23 12:00:00+00:00,2025-05-26 10:00:00+00:00,1,3347.605,3324.238211718401,3324.4132117184013,3408.8006958785118,0.17,-376.8354007871818,-0.7398708561910486,"{'trail_atr_mult': 4.0, 'trail_atr_len': 14, 'tp_converts_to_trail': True, 'don_upper': 3345.31, 'don_lower': 3154.35, 'atr': 12.154139175702355, 'exit_reason': 'sl', 'signal_time': Timestamp('2025-05-23 11:00:00+0000', tz='UTC')}"
2025-05-29 00:00:00+00:00,2025-05-29 11:00:00+00:00,-1,3259.765,3291.786842423606,3291.6118424236056,3196.386315152789,0.16,-512.3494787776945,-1.0054950502681694,"{'trail_atr_mult': 4.0, 'trail_atr_len': 14, 'tp_converts_to_trail': True, 'don_upper': 3365.87, 'don_lower': 3276.94, 'atr': 12.696736969442227, 'exit_reason': 'sl', 'signal_time': Timestamp('2025-05-28 23:00:00+0000', tz='UTC')}"
2025-06-02 14:00:00+00:00,2025-06-03 07:00:00+00:00,1,3374.1850000000004,3351.724362577184,3351.899362577184,3431.9193751541457,0.15,-330.90956134224734,-0.6513386748140392,"{'trail_atr_mult': 4.0, 'trail_atr_len': 14, 'tp_converts_to_trail': True, 'don_upper': 3363.64, 'don_lower': 3245.52, 'atr': 12.213875030829177, 'exit_reason': 'sl', 'signal_time': Timestamp('2025-06-02 13:00:00+0000', tz='UTC')}"
2025-06-05 11:00:00+00:00,2025-06-05 14:00:00+00:00,1,3399.775,3375.603713283232,3375.7787132832323,3448.2325734335345,0.22,-531.7683077688962,-1.0072927950089001,"{'trail_atr_mult': 4.0, 'trail_atr_len': 14, 'tp_converts_to_trail': True, 'don_upper': 3392.24, 'don_lower': 3266.04, 'atr': 9.660514686706984, 'exit_reason': 'sl', 'signal_time': Timestamp('2025-06-05 10:00:00+0000', tz='UTC')}"
2025-06-13 01:00:00+00:00,2025-06-16 14:00:00+00:00,1,3415.9350000000004,3409.268426637488,3409.4434266374883,3477.7483177157765,0.17,-92.93174716270879,-0.180419971001573,"{'trail_atr_mult': 4.0, 'trail_atr_len': 14, 'tp_converts_to_trail': True, 'don_upper': 3398.77, 'don_lower': 3293.61, 'atr': 12.281663543155227, 'exit_reason': 'sl', 'signal_time': Timestamp('2025-06-13 00:00:00+0000', tz='UTC')}"
2025-06-20 06:00:00+00:00,2025-06-20 14:00:00+00:00,-1,3344.2549999999997,3367.8055163702197,3367.6305163702195,3298.898967259561,0.22,-518.1113601448415,-1.0074864656347498,"{'trail_atr_mult': 4.0, 'trail_atr_len': 14, 'tp_converts_to_trail': True, 'don_upper': 3451.23, 'don_lower': 3344.88, 'atr': 9.164206548087822, 'exit_reason': 'sl', 'signal_time': Timestamp('2025-06-20 05:00:00+0000', tz='UTC')}"
2025-06-24 06:00:00+00:00,2025-06-25 02:00:00+00:00,-1,3332.035,3334.121633421315,3333.946633421315,3270.4547410991368,0.17,-38.87276816235717,-0.07410269233378058,"{'trail_atr_mult': 4.0, 'trail_atr_len': 14, 'tp_converts_to_trail': True, 'don_upper': 3403.24, 'don_lower': 3333.3, 'atr': 12.325051780172625, 'exit_reason': 'sl', 'signal_time': Timestamp('2025-06-24 05:00:00+0000', tz='UTC')}"
2025-06-27 04:00:00+00:00,2025-06-30 00:00:00+00:00,-1,3294.1549999999997,3263.945,3249.0010493385903,,0.23,681.0299999999904,1.2955887007486189,"{'trail_atr_mult': 4.0, 'trail_atr_len': 14, 'tp_converts_to_trail': True, 'don_upper': 3396.7, 'don_lower': 3295.5, 'atr': 9.067790132281948, 'exit_reason': 'sl_gap', 'signal_time': Timestamp('2025-06-27 03:00:00+0000', tz='UTC')}"
2025-07-01 13:00:00+00:00,2025-07-02 01:00:00+00:00,1,3354.775,3334.7758776655696,3334.95087766557,3393.628244668861,0.26,-509.57718069519217,-0.9886501911053566,"{'trail_atr_mult': 4.0, 'trail_atr_len': 14, 'tp_converts_to_trail': True, 'don_upper': 3352.92, 'don_lower': 3248.48, 'atr': 7.823648933772207, 'exit_reason': 'sl', 'signal_time': Timestamp('2025-07-01 12:00:00+0000', tz='UTC')}"
2025-07-02 23:00:00+00:00,2025-07-03 12:00:00+00:00,1,3362.125,3343.661393820648,3343.836393820648,3398.117212358703,0.27,-466.1173668425082,-0.9439541761713337,"{'trail_atr_mult': 4.0, 'trail_atr_len': 14, 'tp_converts_to_trail': True, 'don_upper': 3360.1, 'don_lower': 3248.48, 'atr': 7.237442471740649, 'exit_reason': 'sl', 'signal_time': Timestamp('2025-07-02 22:00:00+0000', tz='UTC')}"
2025-07-13 23:00:00+00:00,2025-07-14 14:00:00+00:00,1,3369.7850000000003,3348.155279458906,3348.3302794589063,3410.8794410821865,0.23,-488.28357244516735,-0.9895127974485216,"{'trail_atr_mult': 4.0, 'trail_atr_len': 14, 'tp_converts_to_trail': True, 'don_upper': 3368.75, 'don_lower': 3282.77, 'atr': 8.339888216437362, 'exit_reason': 'sl', 'signal_time': Timestamp('2025-07-13 22:00:00+0000', tz='UTC')}"
2025-07-21 13:00:00+00:00,2025-07-23 02:00:00+00:00,1,3387.585,3421.257824873884,3421.4328248738843,,0.28,965.2390964687551,1.9697167298976084,"{'trail_atr_mult': 4.0, 'trail_atr_len': 14, 'tp_converts_to_trail': True, 'don_upper': 3377.48, 'don_lower': 3309.9, 'atr': 6.846564974776906, 'exit_reason': 'sl', 'signal_time': Timestamp('2025-07-21 12:00:00+0000', tz='UTC')}"
2025-07-28 14:00:00+00:00,2025-07-29 09:00:00+00:00,-1,3302.115,3324.1583292698865,3323.9833292698863,3258.7833414602273,0.22,-489.3532439375079,-1.0171480864117302,"{'trail_atr_mult': 4.0, 'trail_atr_len': 14, 'tp_converts_to_trail': True, 'don_upper': 3438.77, 'don_lower': 3318.31, 'atr': 8.693331707954554, 'exit_reason': 'sl', 'signal_time': Timestamp('2025-07-28 13:00:00+0000', tz='UTC')}"
2025-07-30 16:00:00+00:00,2025-07-31 06:00:00+00:00,-1,3290.2349999999997,3301.4431133075295,3301.2681133075293,3246.939063636082,0.22,-259.7784927656569,-0.5396645633600202,"{'trail_atr_mult': 4.0, 'trail_atr_len': 14, 'tp_converts_to_trail': True, 'don_upper': 3438.77, 'don_lower': 3298.49, 'atr': 8.690187272783563, 'exit_reason': 'sl', 'signal_time': Timestamp('2025-07-30 15:00:00+0000', tz='UTC')}"
2025-08-04 14:00:00+00:00,2025-08-05 10:00:00+00:00,1,3383.6850000000004,3360.031784779714,3360.2067847797143,3429.2764304405714,0.21,-488.3175196260114,-0.9904166480335606,"{'trail_atr_mult': 4.0, 'trail_atr_len': 14, 'tp_converts_to_trail': True, 'don_upper': 3377.39, 'don_lower': 3268.17, 'atr': 9.209286088114238, 'exit_reason': 'sl', 'signal_time': Timestamp('2025-08-04 13:00:00+0000', tz='UTC')}"
2025-08-05 16:00:00+00:00,2025-08-06 09:00:00+00:00,1,3389.695,3368.156810808113,3368.331810808113,3431.746378383774,0.23,-486.1783514134089,-0.9894678646535948,"{'trail_atr_mult': 4.0, 'trail_atr_len': 14, 'tp_converts_to_trail': True, 'don_upper': 3386.57, 'don_lower': 3268.17, 'atr': 8.455275676754807, 'exit_reason': 'sl', 'signal_time': Timestamp('2025-08-05 15:00:00+0000', tz='UTC')}"
2025-08-20 00:00:00+00:00,2025-08-20 12:00:00+00:00,-1,3314.055,3328.1492480127763,3327.974248012776,3286.8015039744478,0.35,-493.2986804471761,-1.0125725182739433,"{'trail_atr_mult': 4.0, 'trail_atr_len': 14, 'tp_converts_to_trail': True, 'don_upper': 3391.66, 'don_lower': 3314.89, 'atr': 5.4896992051104725, 'exit_reason': 'sl', 'signal_time': Timestamp('2025-08-19 23:00:00+0000', tz='UTC')}"
2025-08-26 01:00:00+00:00,2025-08-28 21:00:00+00:00,1,3383.505,3421.360039442564,3421.535039442564,,0.25,986.3759860640948,2.0355990866988534,"{'trail_atr_mult': 4.0, 'trail_atr_len': 14, 'tp_converts_to_trail': True, 'don_upper': 3378.79, 'don_lower': 3311.55, 'atr': 7.655007888512744, 'exit_reason': 'sl', 'signal_time': Timestamp('2025-08-26 00:00:00+0000', tz='UTC')}"
2025-08-29 16:00:00+00:00,2025-09-01 04:00:00+00:00,1,3445.6150000000002,3479.5481952838227,3479.723195283823,,0.28,983.7294679470284,2.028874032320851,"{'trail_atr_mult': 4.0, 'trail_atr_len': 14, 'tp_converts_to_trail': True, 'don_upper': 3440.94, 'don_lower': 3321.44, 'atr': 6.856639056764532, 'exit_reason': 'sl', 'signal_time': Timestamp('2025-08-29 15:00:00+0000', tz='UTC')}"
2025-09-02 02:00:00+00:00,2025-09-02 08:00:00+00:00,1,3497.965,3474.6167817480246,3474.7917817480247,3543.5764365039504,0.21,-490.3125832914875,-1.0075518211625727,"{'trail_atr_mult': 4.0, 'trail_atr_len': 14, 'tp_converts_to_trail': True, 'don_upper': 3489.81, 'don_lower': 3321.44, 'atr': 9.171287300790112, 'exit_reason': 'sl', 'signal_time': Timestamp('2025-09-02 01:00:00+0000', tz='UTC')}"
2025-09-02 15:00:00+00:00,2025-09-03 19:00:00+00:00,1,3511.545,3568.10590047541,3568.2809004754104,,0.17,968.3353080819719,1.9617708700601022,"{'trail_atr_mult': 4.0, 'trail_atr_len': 14, 'tp_converts_to_trail': True, 'don_upper': 3508.69, 'don_lower': 3323.29, 'atr': 11.436180095082069, 'exit_reason': 'sl', 'signal_time': Timestamp('2025-09-02 14:00:00+0000', tz='UTC')}"
2025-09-08 08:00:00+00:00,2025-09-09 15:00:00+00:00,1,3609.6850000000004,3659.41337921582,3659.58837921582,,0.19,952.4392051005723,1.9833822565028925,"{'trail_atr_mult': 4.0, 'trail_atr_len': 14, 'tp_converts_to_trail': True, 'don_upper': 3600.0, 'don_lower': 3388.84, 'atr': 10.023675843164062, 'exit_reason': 'sl', 'signal_time': Timestamp('2025-09-08 07:00:00+0000', tz='UTC')}"
2025-09-15 16:00:00+00:00,2025-09-17 03:00:00+00:00,1,3680.7250000000004,3675.1481809618067,3675.323180961807,3726.299409906489,0.21,-100.31319980206689,-0.20683611450608516,"{'trail_atr_mult': 4.0, 'trail_atr_len': 14, 'tp_converts_to_trail': True, 'don_upper': 3674.12, 'don_lower': 3539.79, 'atr': 9.155881981297828, 'exit_reason': 'sl', 'signal_time': Timestamp('2025-09-15 15:00:00+0000', tz='UTC')}"
2025-09-22 07:00:00+00:00,2025-09-23 19:00:00+00:00,1,3714.565,3761.796623882645,3761.971623882645,,0.2,952.6324776528945,1.976349344520526,"{'trail_atr_mult': 4.0, 'trail_atr_len': 14, 'tp_converts_to_trail': True, 'don_upper': 3707.42, 'don_lower': 3613.51, 'atr': 9.534324776528962, 'exit_reason': 'sl', 'signal_time': Timestamp('2025-09-22 06:00:00+0000', tz='UTC')}"
2025-09-29 03:00:00+00:00,2025-09-30 07:00:00+00:00,1,3793.085,3857.155061579502,3857.3300615795024,,0.15,967.0509236925326,1.9852194135516694,"{'trail_atr_mult': 4.0, 'trail_atr_len': 14, 'tp_converts_to_trail': True, 'don_upper': 3791.18, 'don_lower': 3627.78, 'atr': 12.896012315900474, 'exit_reason': 'sl', 'signal_time': Timestamp('2025-09-29 02:00:00+0000', tz='UTC')}"
2025-10-01 08:00:00+00:00,2025-10-02 15:00:00+00:00,1,3879.405,3853.572801832268,3853.747801832268,3942.546739789407,0.16,-394.11517068371614,-0.772693153667948,"{'trail_atr_mult': 4.0, 'trail_atr_len': 14, 'tp_converts_to_trail': True, 'don_upper': 3875.58, 'don_lower': 3712.03, 'atr': 12.669347957881463, 'exit_reason': 'sl', 'signal_time': Timestamp('2025-10-01 07:00:00+0000', tz='UTC')}"
2025-10-06 00:00:00+00:00,2025-10-07 00:00:00+00:00,1,3909.7450000000003,3963.1949999999997,3970.9908043799687,,0.16,861.5999999999898,1.7401615810127848,"{'trail_atr_mult': 4.0, 'trail_atr_len': 14, 'tp_converts_to_trail': True, 'don_upper': 3903.98, 'don_lower': 3721.97, 'atr': 12.292160875993687, 'exit_reason': 'sl_gap', 'signal_time': Timestamp('2025-10-05 23:00:00+0000', tz='UTC')}"
2025-10-07 13:00:00+00:00,2025-10-08 11:00:00+00:00,1,3979.425,4040.9708781720456,4041.1458781720457,,0.16,991.134050752726,2.010711524684528,"{'trail_atr_mult': 4.0, 'trail_atr_len': 14, 'tp_converts_to_trail': True, 'don_upper': 3977.48, 'don_lower': 3751.38, 'atr': 12.337175634409121, 'exit_reason': 'sl', 'signal_time': Timestamp('2025-10-07 12:00:00+0000', tz='UTC')}"
2025-10-08 17:00:00+00:00,2025-10-08 23:00:00+00:00,1,4056.8250000000003,4023.8193578663145,4023.9943578663147,4121.7512842673705,0.15,-495.0846320052869,-1.005330386146198,"{'trail_atr_mult': 4.0, 'trail_atr_len': 14, 'tp_converts_to_trail': True, 'don_upper': 4050.69, 'don_lower': 3793.21, 'atr': 13.034256853474178, 'exit_reason': 'sl', 'signal_time': Timestamp('2025-10-08 16:00:00+0000', tz='UTC')}"
2025-10-13 06:00:00+00:00,2025-10-14 05:00:00+00:00,1,4064.085,4163.1849999999995,4165.614239102595,,0.1,994.9999999999947,1.9362828831196317,"{'trail_atr_mult': 4.0, 'trail_atr_len': 14, 'tp_converts_to_trail': True, 'don_upper': 4060.29, 'don_lower': 3819.28, 'atr': 20.38884782051909, 'exit_reason': 'sl_gap', 'signal_time': Timestamp('2025-10-13 05:00:00+0000', tz='UTC')}"
2025-10-14 05:00:00+00:00,2025-10-14 06:00:00+00:00,1,4167.965,4128.551933500862,4128.726933500862,4246.906132998276,0.13,-512.3698644887946,-1.0044599547228974,"{'trail_atr_mult': 4.0, 'trail_atr_len': 14, 'tp_converts_to_trail': True, 'don_upper': 4166.51, 'don_lower': 3843.93, 'atr': 15.757226599655208, 'exit_reason': 'sl', 'signal_time': Timestamp('2025-10-14 04:00:00+0000', tz='UTC')}"
2025-10-15 04:00:00+00:00,2025-10-16 19:00:00+00:00,1,4187.295,4279.789714852119,4279.964714852119,,0.11,1030.6418633733058,2.004278316700925,"{'trail_atr_mult': 4.0, 'trail_atr_len': 14, 'tp_converts_to_trail': True, 'don_upper': 4186.78, 'don_lower': 3922.62, 'atr': 18.58894297042372, 'exit_reason': 'sl', 'signal_time': Timestamp('2025-10-15 03:00:00+0000', tz='UTC')}"
2025-10-16 23:00:00+00:00,2025-10-17 02:00:00+00:00,1,4346.965,4292.685334923512,4292.860334923512,4454.469330152976,0.09,-484.9169856883967,-0.995841393719345,"{'trail_atr_mult': 4.0, 'trail_atr_len': 14, 'tp_converts_to_trail': True, 'don_upper': 4330.39, 'don_lower': 3944.81, 'atr': 21.54786603059525, 'exit_reason': 'sl', 'signal_time': Timestamp('2025-10-16 22:00:00+0000', tz='UTC')}"
2025-10-27 14:00:00+00:00,2025-10-29 00:00:00+00:00,-1,3987.6749999999997,3971.342150422586,3971.167150422586,3864.1062519597854,0.08,127.46279661930821,0.2564153705617326,"{'trail_atr_mult': 4.0, 'trail_atr_len': 14, 'tp_converts_to_trail': True, 'don_upper': 4381.53, 'don_lower': 4004.22, 'atr': 24.76074960804286, 'exit_reason': 'sl', 'signal_time': Timestamp('2025-10-27 13:00:00+0000', tz='UTC')}"
2025-11-10 04:00:00+00:00,2025-11-11 00:00:00+00:00,1,4054.3450000000003,4120.195,4122.051584562213,,0.15,993.7499999999918,1.9368064758024004,"{'trail_atr_mult': 4.0, 'trail_atr_len': 14, 'tp_converts_to_trail': True, 'don_upper': 4053.31, 'don_lower': 3928.9, 'atr': 13.588316912442604, 'exit_reason': 'sl_gap', 'signal_time': Timestamp('2025-11-10 03:00:00+0000', tz='UTC')}"
2025-11-11 00:00:00+00:00,2025-11-11 15:00:00+00:00,1,4131.165,4104.721328076733,4104.896328076733,4192.043634874919,0.17,-449.542422695542,-0.8550401921161798,"{'trail_atr_mult': 4.0, 'trail_atr_len': 14, 'tp_converts_to_trail': True, 'don_upper': 4122.49, 'don_lower': 3928.9, 'atr': 12.240726974983762, 'exit_reason': 'sl', 'signal_time': Timestamp('2025-11-10 23:00:00+0000', tz='UTC')}"
2025-11-12 15:00:00+00:00,2025-11-13 18:00:00+00:00,1,4181.615,4181.56351210526,4181.73851210526,4258.779019200213,0.13,14.930657368383981,0.029601201589856456,"{'trail_atr_mult': 4.0, 'trail_atr_len': 14, 'tp_converts_to_trail': True, 'don_upper': 4148.7, 'don_lower': 3928.9, 'atr': 15.461803840042482, 'exit_reason': 'sl', 'signal_time': Timestamp('2025-11-12 14:00:00+0000', tz='UTC')}"
2025-11-26 11:00:00+00:00,2025-11-26 15:00:00+00:00,1,4171.8550000000005,4137.597106420184,4137.772106420184,4239.345787159633,0.15,-513.8684036972472,-1.0051345405750354,"{'trail_atr_mult': 4.0, 'trail_atr_len': 14, 'tp_converts_to_trail': True, 'don_upper': 4169.35, 'don_lower': 3998.36, 'atr': 13.543157431926472, 'exit_reason': 'sl', 'signal_time': Timestamp('2025-11-26 10:00:00+0000', tz='UTC')}"
2025-11-28 17:00:00+00:00,2025-12-02 01:00:00+00:00,1,4216.665,4206.430157096432,4206.605157096432,4281.995690754513,0.16,-138.15748645709246,-0.26697845544660237,"{'trail_atr_mult': 4.0, 'trail_atr_len': 14, 'tp_converts_to_trail': True, 'don_upper': 4211.29, 'don_lower': 4022.61, 'atr': 13.023138150902572, 'exit_reason': 'sl', 'signal_time': Timestamp('2025-11-28 16:00:00+0000', tz='UTC')}"
2025-12-11 16:00:00+00:00,2025-12-12 15:00:00+00:00,1,4273.765,4346.835,4353.353318149742,,0.13,955.1099999999964,1.8327793259791492,"{'trail_atr_mult': 4.0, 'trail_atr_len': 14, 'tp_converts_to_trail': True, 'don_upper': 4261.48, 'don_lower': 4170.27, 'atr': 15.956663629948551, 'exit_reason': 'sl_gap', 'signal_time': Timestamp('2025-12-11 15:00:00+0000', tz='UTC')}"
2025-12-22 04:00:00+00:00,2025-12-23 14:00:00+00:00,1,4398.6050000000005,4456.970225229885,4457.145225229885,,0.17,999.0088289080338,1.9858072686766242,"{'trail_atr_mult': 4.0, 'trail_atr_len': 14, 'tp_converts_to_trail': True, 'don_upper': 4394.95, 'don_lower': 4204.34, 'atr': 11.75104504597698, 'exit_reason': 'sl', 'signal_time': Timestamp('2025-12-22 03:00:00+0000', tz='UTC')}"
2025-12-24 00:00:00+00:00,2025-12-24 03:00:00+00:00,1,4512.185,4474.087879735394,4474.262879735395,4587.474240529211,0.14,-533.3596837044843,-1.0046147208747587,"{'trail_atr_mult': 4.0, 'trail_atr_len': 14, 'tp_converts_to_trail': True, 'don_upper': 4499.94, 'don_lower': 4271.54, 'atr': 15.09484810584209, 'exit_reason': 'sl', 'signal_time': Timestamp('2025-12-23 23:00:00+0000', tz='UTC')}"
2025-12-26 15:00:00+00:00,2025-12-29 00:00:00+00:00,1,4546.8150000000005,4505.546539706718,4505.721539706718,4628.476920586563,0.12,-480.82152351938714,-0.9750568583739495,"{'trail_atr_mult': 4.0, 'trail_atr_len': 14, 'tp_converts_to_trail': True, 'don_upper': 4533.48, 'don_lower': 4290.88, 'atr': 16.367384117312618, 'exit_reason': 'sl', 'signal_time': Timestamp('2025-12-26 14:00:00+0000', tz='UTC')}"
2025-12-31 05:00:00+00:00,2025-12-31 13:00:00+00:00,-1,4285.775,4348.253443361634,4348.078443361634,4161.693113276733,0.08,-499.8275468930733,-1.0028088335179872,"{'trail_atr_mult': 4.0, 'trail_atr_len': 14, 'tp_converts_to_trail': True, 'don_upper': 4549.92, 'don_lower': 4302.53, 'atr': 24.851377344653386, 'exit_reason': 'sl', 'signal_time': Timestamp('2025-12-31 04:00:00+0000', tz='UTC')}"
2026-01-12 13:00:00+00:00,2026-01-13 20:00:00+00:00,1,4616.055,4571.479852777062,4571.654852777062,4704.330294445876,0.11,-485.92661945232396,-0.9949324492355833,"{'trail_atr_mult': 4.0, 'trail_atr_len': 14, 'tp_converts_to_trail': True, 'don_upper': 4601.17, 'don_lower': 4274.49, 'atr': 17.690058889175138, 'exit_reason': 'sl', 'signal_time': Timestamp('2026-01-12 12:00:00+0000', tz='UTC')}"
2026-01-18 23:00:00+00:00,2026-01-21 17:00:00+00:00,1,4672.695000000001,4806.949870411982,4807.124870411983,,0.08,1083.638963295854,2.213099546022213,"{'trail_atr_mult': 4.0, 'trail_atr_len': 14, 'tp_converts_to_trail': True, 'don_upper': 4642.91, 'don_lower': 4407.73, 'atr': 24.412381853169617, 'exit_reason': 'sl', 'signal_time': Timestamp('2026-01-18 22:00:00+0000', tz='UTC')}"
2026-01-22 18:00:00+00:00,2026-01-26 01:00:00+00:00,1,4916.255,5041.351654660794,5041.5266546607945,,0.07,886.8765826255598,2.0128687191216845,"{'trail_atr_mult': 4.0, 'trail_atr_len': 14, 'tp_converts_to_trail': True, 'don_upper': 4906.33, 'don_lower': 4536.28, 'atr': 25.09533093215888, 'exit_reason': 'sl', 'signal_time': Timestamp('2026-01-22 17:00:00+0000', tz='UTC')}"
2026-01-26 01:00:00+00:00,2026-01-26 19:00:00+00:00,1,5071.145,5015.44987733692,5015.62487733692,5203.177171076935,0.07,-389.86585864156586,-0.8389893708107412,"{'trail_atr_mult': 4.0, 'trail_atr_len': 14, 'tp_converts_to_trail': True, 'don_upper': 5051.99, 'don_lower': 4536.85, 'atr': 26.455434215387186, 'exit_reason': 'sl', 'signal_time': Timestamp('2026-01-26 00:00:00+0000', tz='UTC')}"
2026-01-28 01:00:00+00:00,2026-01-29 15:00:00+00:00,1,5204.925,5406.877531967744,5407.0525319677445,,0.06,1218.9151918064647,2.620379128949259,"{'trail_atr_mult': 4.0, 'trail_atr_len': 14, 'tp_converts_to_trail': True, 'don_upper': 5190.46, 'don_lower': 4536.85, 'atr': 30.933166242833643, 'exit_reason': 'sl', 'signal_time': Timestamp('2026-01-28 00:00:00+0000', tz='UTC')}"
2026-02-02 05:00:00+00:00,2026-02-03 00:00:00+00:00,-1,4549.405,4793.040261628479,4792.865261628479,3942.5675641816756,0.01,-243.83526162847937,-0.8029713127372629,"{'trail_atr_mult': 4.0, 'trail_atr_len': 14, 'tp_converts_to_trail': True, 'don_upper': 5598.03, 'don_lower': 4584.54, 'atr': 121.40048716366485, 'exit_reason': 'sl', 'signal_time': Timestamp('2026-02-02 04:00:00+0000', tz='UTC')}"
2026-02-23 02:00:00+00:00,2026-02-24 01:00:00+00:00,1,5174.025000000001,5157.471961969067,5157.646961969067,5305.045898219352,0.07,-113.07126621653626,-0.2454199538186278,"{'trail_atr_mult': 4.0, 'trail_atr_len': 14, 'tp_converts_to_trail': True, 'don_upper': 5171.88, 'don_lower': 4841.48, 'atr': 26.245179643870493, 'exit_reason': 'sl', 'signal_time': Timestamp('2026-02-23 01:00:00+0000', tz='UTC')}"
2026-02-27 20:00:00+00:00,2026-03-02 00:00:00+00:00,1,5263.585,5367.116200993825,5367.291200993825,,0.09,942.580808944427,2.009594056198773,"{'trail_atr_mult': 4.0, 'trail_atr_len': 14, 'tp_converts_to_trail': True, 'don_upper': 5257.98, 'don_lower': 4841.48, 'atr': 20.77624019876505, 'exit_reason': 'sl', 'signal_time': Timestamp('2026-02-27 19:00:00+0000', tz='UTC')}"
2026-03-02 07:00:00+00:00,2026-03-02 14:00:00+00:00,1,5408.295,5334.625641813359,5334.800641813359,5554.758716373281,0.07,-515.685507306488,-1.0023811351553782,"{'trail_atr_mult': 4.0, 'trail_atr_len': 14, 'tp_converts_to_trail': True, 'don_upper': 5393.5, 'don_lower': 4841.48, 'atr': 29.32774327465614, 'exit_reason': 'sl', 'signal_time': Timestamp('2026-03-02 06:00:00+0000', tz='UTC')}"
2026-03-18 11:00:00+00:00,2026-03-18 22:00:00+00:00,-1,4930.035,4829.545,4828.071537051283,,0.09,904.409999999998,1.9610012114296782,"{'trail_atr_mult': 4.0, 'trail_atr_len': 14, 'tp_converts_to_trail': True, 'don_upper': 5238.55, 'don_lower': 4958.88, 'atr': 20.42769258974347, 'exit_reason': 'sl_gap', 'signal_time': Timestamp('2026-03-18 10:00:00+0000', tz='UTC')}"
2026-03-19 06:00:00+00:00,2026-03-19 13:00:00+00:00,-1,4763.375,4616.131049985576,4615.956049985576,,0.06,883.4637000865422,1.9897300038286105,"{'trail_atr_mult': 4.0, 'trail_atr_len': 14, 'tp_converts_to_trail': True, 'don_upper': 5238.55, 'don_lower': 4805.23, 'atr': 29.52279000288464, 'exit_reason': 'sl', 'signal_time': Timestamp('2026-03-19 05:00:00+0000', tz='UTC')}"
2026-03-20 18:00:00+00:00,2026-03-23 08:00:00+00:00,-1,4499.505,4254.708636236786,4254.533636236786,,0.04,976.7854550528551,1.9896523500773877,"{'trail_atr_mult': 4.0, 'trail_atr_len': 14, 'tp_converts_to_trail': True, 'don_upper': 5238.55, 'don_lower': 4502.57, 'atr': 49.02727275264276, 'exit_reason': 'sl', 'signal_time': Timestamp('2026-03-20 17:00:00+0000', tz='UTC')}"
2026-04-01 12:00:00+00:00,2026-04-02 02:00:00+00:00,1,4752.615,4683.831572337375,4684.0065723373755,4902.4292780343585,0.06,-405.50056597574695,-0.8990787842838923,"{'trail_atr_mult': 4.0, 'trail_atr_len': 14, 'tp_converts_to_trail': True, 'don_upper': 4747.67, 'don_lower': 4098.53, 'atr': 29.997855606871745, 'exit_reason': 'sl', 'signal_time': Timestamp('2026-04-01 11:00:00+0000', tz='UTC')}"
2026-04-17 14:00:00+00:00,2026-04-19 23:00:00+00:00,1,4880.515,4770.485,4827.846310459997,4985.207379080007,0.09,-983.0700000000057,-2.0739076850780034,"{'trail_atr_mult': 4.0, 'trail_atr_len': 14, 'tp_converts_to_trail': True, 'don_upper': 4871.42, 'don_lower': 4585.32, 'atr': 20.9814758160013, 'exit_reason': 'sl_gap', 'signal_time': Timestamp('2026-04-17 13:00:00+0000', tz='UTC')}"
2026-04-28 10:00:00+00:00,2026-04-29 15:00:00+00:00,-1,4604.695,4521.995,4521.331864553591,,0.12,989.9999999999978,1.9669050828457832,"{'trail_atr_mult': 4.0, 'trail_atr_len': 14, 'tp_converts_to_trail': True, 'don_upper': 4889.64, 'don_lower': 4614.73, 'atr': 16.70762708928185, 'exit_reason': 'sl_gap', 'signal_time': Timestamp('2026-04-28 09:00:00+0000', tz='UTC')}"
2026-05-07 15:00:00+00:00,2026-05-07 17:00:00+00:00,1,4762.885,4712.461607809548,4712.636607809548,4862.856784380905,0.1,-504.2339219045243,-1.0034826984978322,"{'trail_atr_mult': 4.0, 'trail_atr_len': 14, 'tp_converts_to_trail': True, 'don_upper': 4758.39, 'don_lower': 4500.98, 'atr': 20.029356876180984, 'exit_reason': 'sl', 'signal_time': Timestamp('2026-05-07 14:00:00+0000', tz='UTC')}"
2026-05-12 00:00:00+00:00,2026-05-12 05:00:00+00:00,1,4767.485000000001,4716.060657888347,4716.235657888347,4869.4586842233075,0.1,-514.2434211165346,-1.0034146779800395,"{'trail_atr_mult': 4.0, 'trail_atr_len': 14, 'tp_converts_to_trail': True, 'don_upper': 4764.81, 'don_lower': 4500.98, 'atr': 20.429736844661367, 'exit_reason': 'sl', 'signal_time': Timestamp('2026-05-11 23:00:00+0000', tz='UTC')}"
2026-05-27 11:00:00+00:00,2026-05-28 15:00:00+00:00,-1,4445.585,4443.425059838907,4443.250059838907,4349.865386657748,0.1,15.599401610928908,0.0324161551887716,"{'trail_atr_mult': 4.0, 'trail_atr_len': 14, 'tp_converts_to_trail': True, 'don_upper': 4718.76, 'don_lower': 4453.52, 'atr': 19.178922668450454, 'exit_reason': 'sl', 'signal_time': Timestamp('2026-05-27 10:00:00+0000', tz='UTC')}"
2026-06-05 14:00:00+00:00,2026-06-09 04:00:00+00:00,-1,4365.755,4341.953466288133,4341.778466288133,4257.3795349022585,0.09,207.01380340680117,0.422432240141896,"{'trail_atr_mult': 4.0, 'trail_atr_len': 14, 'tp_converts_to_trail': True, 'don_upper': 4595.18, 'don_lower': 4366.52, 'atr': 21.710093019548378, 'exit_reason': 'sl', 'signal_time': Timestamp('2026-06-05 13:00:00+0000', tz='UTC')}"
2026-06-10 00:00:00+00:00,2026-06-10 19:00:00+00:00,-1,4221.755,4111.905,4104.527254127525,,0.08,878.8000000000029,1.8643489539674563,"{'trail_atr_mult': 4.0, 'trail_atr_len': 14, 'tp_converts_to_trail': True, 'don_upper': 4595.18, 'don_lower': 4232.3, 'atr': 23.486549174495007, 'exit_reason': 'sl_gap', 'signal_time': Timestamp('2026-06-09 23:00:00+0000', tz='UTC')}"
2026-06-10 22:00:00+00:00,2026-06-11 18:00:00+00:00,-1,4067.585,4132.147253774922,4131.972253774922,3940.5928902496717,0.06,-390.97352264953366,-0.7559552926298243,"{'trail_atr_mult': 4.0, 'trail_atr_len': 14, 'tp_converts_to_trail': True, 'don_upper': 4595.18, 'don_lower': 4096.9, 'atr': 28.42542195006563, 'exit_reason': 'sl', 'signal_time': Timestamp('2026-06-10 19:00:00+0000', tz='UTC')}"
2026-06-24 12:00:00+00:00,2026-06-26 10:00:00+00:00,-1,4046.5649999999996,4046.337080410253,4046.1620804102527,3948.3296746342367,0.1,-5.7208041025323855,-0.011585227329588312,"{'trail_atr_mult': 4.0, 'trail_atr_len': 14, 'tp_converts_to_trail': True, 'don_upper': 4382.48, 'don_lower': 4050.33, 'atr': 19.682065073152653, 'exit_reason': 'sl', 'signal_time': Timestamp('2026-06-24 11:00:00+0000', tz='UTC')}"
2026-07-22 14:00:00+00:00,2026-07-22 23:00:00+00:00,1,4154.785,4114.070417619627,4114.245417619627,4234.799164760746,0.12,-488.57498856447637,-1.004316768691848,"{'trail_atr_mult': 4.0, 'trail_atr_len': 14, 'tp_converts_to_trail': True, 'don_upper': 4141.62, 'don_lower': 3959.56, 'atr': 16.073832952149175, 'exit_reason': 'sl', 'signal_time': Timestamp('2026-07-22 13:00:00+0000', tz='UTC')}"
2026-08-05 06:00:00+00:00,2026-08-05 17:00:00+00:00,1,4161.535,4232.485,4256.869836883669,,0.1,709.4999999999982,1.4802862660010692,"{'trail_atr_mult': 4.0, 'trail_atr_len': 14, 'tp_converts_to_trail': True, 'don_upper': 4141.27, 'don_lower': 3995.92, 'atr': 19.101967376733903, 'exit_reason': 'sl_gap', 'signal_time': Timestamp('2026-08-05 05:00:00+0000', tz='UTC')}"
2026-08-06 00:00:00+00:00,2026-08-06 17:00:00+00:00,1,4278.055,4223.637826116261,4223.812826116261,4386.554318488054,0.09,-489.75456495365506,-0.9971599921565276,"{'trail_atr_mult': 4.0, 'trail_atr_len': 14, 'tp_converts_to_trail': True, 'don_upper': 4267.72, 'don_lower': 3995.92, 'atr': 21.742863697610872, 'exit_reason': 'sl', 'signal_time': Timestamp('2026-08-05 23:00:00+0000', tz='UTC')}"
2026-08-07 09:00:00+00:00,2026-08-11 02:00:00+00:00,1,4306.175,4405.632898722687,4405.807898722687,,0.09,909.5210885041819,2.018576241224749,"{'trail_atr_mult': 4.0, 'trail_atr_len': 14, 'tp_converts_to_trail': True, 'don_upper': 4304.08, 'don_lower': 3995.92, 'atr': 19.95957974453748, 'exit_reason': 'sl', 'signal_time': Timestamp('2026-08-07 08:00:00+0000', tz='UTC')}"
2026-08-19 14:00:00+00:00,2026-08-20 13:00:00+00:00,1,4459.665,4457.165754181265,4457.340754181265,4565.118198656711,0.09,-11.693212368617605,-0.024630673040456557,"{'trail_atr_mult': 4.0, 'trail_atr_len': 14, 'tp_converts_to_trail': True, 'don_upper': 4449.63, 'don_lower': 4220.77, 'atr': 21.0936397313422, 'exit_reason': 'sl', 'signal_time': Timestamp('2026-08-19 13:00:00+0000', tz='UTC')}"
2026-08-21 06:00:00+00:00,2026-08-24 04:00:00+00:00,1,4553.745,4643.405,4652.902295061009,,0.1,908.5999999999985,1.822443259267264,"{'trail_atr_mult': 4.0, 'trail_atr_len': 14, 'tp_converts_to_trail': True, 'don_upper': 4547.93, 'don_lower': 4276.43, 'atr': 19.868459012201594, 'exit_reason': 'sl_gap', 'signal_time': Timestamp('2026-08-21 05:00:00+0000', tz='UTC')}"
2026-08-25 01:00:00+00:00,2026-08-25 03:00:00+00:00,1,4684.265,4623.381679529115,4623.556679529115,4805.786640941769,0.08,-487.0665637670827,-1.0028826361632606,"{'trail_atr_mult': 4.0, 'trail_atr_len': 14, 'tp_converts_to_trail': True, 'don_upper': 4682.8, 'don_lower': 4276.43, 'atr': 24.29732818835389, 'exit_reason': 'sl', 'signal_time': Timestamp('2026-08-25 00:00:00+0000', tz='UTC')}"
2026-09-01 13:00:00+00:00,2026-09-02 14:00:00+00:00,-1,4356.005,4360.455419129735,4360.280419129735,4248.230822361728,0.09,-41.85377216761189,-0.0859047649788513,"{'trail_atr_mult': 4.0, 'trail_atr_len': 14, 'tp_converts_to_trail': True, 'don_upper': 4696.73, 'don_lower': 4359.53, 'atr': 21.587835527654413, 'exit_reason': 'sl', 'signal_time': Timestamp('2026-09-01 12:00:00+0000', tz='UTC')}"
