entry_time,exit_time,direction,entry,exit,sl,tp,lots,pnl,r_multiple,meta
2017-01-04 15:00:00+00:00,2017-01-04 19:00:00+00:00,1,1165.5349999999999,1160.5160785585063,1160.6910785585062,1174.937842882988,0.61,-306.1542079311098,-1.0361277535388749,"{'trail_atr_mult': 3.0, 'trail_atr_len': 14, 'tp_converts_to_trail': True, 'rsi': np.float64(65.61984088853461), 'atr': 3.165947627662605, 'exit_reason': 'sl', 'signal_time': Timestamp('2017-01-04 14:00:00+0000', tz='UTC')}"
2017-01-03 17:00:00+00:00,2017-01-05 06:00:00+00:00,1,1162.115,1174.3106959699733,1174.4856959699732,,0.46,634.6020146187699,2.1445704922874618,"{'trail_atr_mult': 3.0, 'trail_atr_len': 14, 'tp_converts_to_trail': True, 'rsi': np.float64(65.48206749072625), 'atr': 4.178565323324392, 'exit_reason': 'sl', 'signal_time': Timestamp('2017-01-03 16:00:00+0000', tz='UTC')}"
2017-01-04 09:00:00+00:00,2017-01-05 06:00:00+00:00,1,1165.5449999999998,1174.7702295853849,1174.9452295853848,,0.6,625.5137751231014,2.0881301719179812,"{'trail_atr_mult': 3.0, 'trail_atr_len': 14, 'tp_converts_to_trail': True, 'rsi': np.float64(67.9526607734332), 'atr': 3.1984098617949734, 'exit_reason': 'sl', 'signal_time': Timestamp('2017-01-04 08:00:00+0000', tz='UTC')}"
2017-01-05 00:00:00+00:00,2017-01-05 16:00:00+00:00,1,1171.865,1181.2150000000001,1181.5805196298968,,0.58,542.3000000000079,1.8207452664387236,"{'trail_atr_mult': 3.0, 'trail_atr_len': 14, 'tp_converts_to_trail': True, 'rsi': np.float64(72.86912177305884), 'atr': 3.3001732099655485, 'exit_reason': 'sl_gap', 'signal_time': Timestamp('2017-01-04 23:00:00+0000', tz='UTC')}"
2017-01-05 13:00:00+00:00,2017-01-06 04:00:00+00:00,1,1175.745,1175.62167634851,1175.79667634851,1186.0123171901691,0.56,15.49387551656255,0.05127283485738911,"{'trail_atr_mult': 3.0, 'trail_atr_len': 14, 'tp_converts_to_trail': True, 'rsi': np.float64(65.02355850653421), 'atr': 3.4807723967230597, 'exit_reason': 'sl', 'signal_time': Timestamp('2017-01-05 12:00:00+0000', tz='UTC')}"
2017-01-10 03:00:00+00:00,2017-01-10 12:00:00+00:00,1,1186.155,1181.4792194352485,1181.6542194352485,1194.6015611295034,0.67,-313.27729783834707,-1.0388821444374543,"{'trail_atr_mult': 3.0, 'trail_atr_len': 14, 'tp_converts_to_trail': True, 'rsi': np.float64(65.37428425551946), 'atr': 2.8771870431677478, 'exit_reason': 'sl', 'signal_time': Timestamp('2017-01-10 02:00:00+0000', tz='UTC')}"
2017-01-09 16:00:00+00:00,2017-01-11 14:00:00+00:00,1,1183.2649999999999,1183.2893414082664,1183.4643414082664,1191.914667347222,0.66,54.40653294559143,0.17969946529257638,"{'trail_atr_mult': 3.0, 'trail_atr_len': 14, 'tp_converts_to_trail': True, 'rsi': np.float64(65.36813697432302), 'atr': 2.9415557824073546, 'exit_reason': 'sl', 'signal_time': Timestamp('2017-01-09 15:00:00+0000', tz='UTC')}"
2017-01-09 18:00:00+00:00,2017-01-11 14:00:00+00:00,1,1183.445,1183.2893414082664,1183.4643414082664,1192.2216264371455,0.66,42.52653294558723,0.1408146219017727,"{'trail_atr_mult': 3.0, 'trail_atr_len': 14, 'tp_converts_to_trail': True, 'rsi': np.float64(65.20683476148108), 'atr': 2.9672088123818536, 'exit_reason': 'sl', 'signal_time': Timestamp('2017-01-09 17:00:00+0000', tz='UTC')}"
2017-01-12 14:00:00+00:00,2017-01-12 18:00:00+00:00,1,1204.225,1198.5188764119437,1198.6938764119436,1214.7922471761128,0.54,-308.13067375503715,-1.0316391411643453,"{'trail_atr_mult': 3.0, 'trail_atr_len': 14, 'tp_converts_to_trail': True, 'rsi': np.float64(65.46961086406476), 'atr': 3.577415725370953, 'exit_reason': 'sl', 'signal_time': Timestamp('2017-01-12 13:00:00+0000', tz='UTC')}"
2017-01-12 02:00:00+00:00,2017-01-12 19:00:00+00:00,1,1197.385,1196.588192624153,1196.763192624153,1208.8355405978543,0.5,-39.84036879235191,-0.13273994108844317,"{'trail_atr_mult': 3.0, 'trail_atr_len': 14, 'tp_converts_to_trail': True, 'rsi': np.float64(65.63807836854843), 'atr': 3.8785135326181126, 'exit_reason': 'sl', 'signal_time': Timestamp('2017-01-12 01:00:00+0000', tz='UTC')}"
2017-01-12 05:00:00+00:00,2017-01-12 19:00:00+00:00,1,1198.655,1196.588192624153,1196.763192624153,1208.9151321769266,0.56,-115.74121304743312,-0.38220658648193884,"{'trail_atr_mult': 3.0, 'trail_atr_len': 14, 'tp_converts_to_trail': True, 'rsi': np.float64(66.82359167047048), 'atr': 3.4817107256421846, 'exit_reason': 'sl', 'signal_time': Timestamp('2017-01-12 04:00:00+0000', tz='UTC')}"
2017-01-16 06:00:00+00:00,2017-01-16 09:00:00+00:00,1,1206.185,1201.0891116648108,1201.2641116648108,1215.5017766703784,0.61,-310.8491884465352,-1.0355626846373518,"{'trail_atr_mult': 3.0, 'trail_atr_len': 14, 'tp_converts_to_trail': True, 'rsi': np.float64(66.76575867615051), 'atr': 3.1639255567928197, 'exit_reason': 'sl', 'signal_time': Timestamp('2017-01-16 05:00:00+0000', tz='UTC')}"
2017-01-17 04:00:00+00:00,2017-01-17 09:00:00+00:00,1,1206.725,1212.315,1212.97491684879,,0.86,480.74000000001246,1.6074958540943347,"{'trail_atr_mult': 3.0, 'trail_atr_len': 14, 'tp_converts_to_trail': True, 'rsi': np.float64(65.02878280521875), 'atr': 2.161638949596669, 'exit_reason': 'sl_gap', 'signal_time': Timestamp('2017-01-17 03:00:00+0000', tz='UTC')}"
2017-01-17 13:00:00+00:00,2017-01-18 05:00:00+00:00,1,1216.465,1211.1302669857018,1211.3052669857018,1226.259466028596,0.58,-286.21451482928865,-0.9563930925541013,"{'trail_atr_mult': 3.0, 'trail_atr_len': 14, 'tp_converts_to_trail': True, 'rsi': np.float64(67.14311623355397), 'atr': 3.32315534286538, 'exit_reason': 'sl', 'signal_time': Timestamp('2017-01-17 12:00:00+0000', tz='UTC')}"
2017-01-23 01:00:00+00:00,2017-01-23 08:00:00+00:00,1,1217.925,1211.9769067824038,1212.1519067824038,1228.9761864351926,0.52,-309.30084731499846,-1.030313039025,"{'trail_atr_mult': 3.0, 'trail_atr_len': 14, 'tp_converts_to_trail': True, 'rsi': np.float64(67.2369545823683), 'atr': 3.738728811730869, 'exit_reason': 'sl', 'signal_time': Timestamp('2017-01-23 00:00:00+0000', tz='UTC')}"
2017-01-31 23:00:00+00:00,2017-02-01 13:00:00+00:00,1,1211.665,1206.3575385554607,1206.5325385554606,1221.5549228890786,0.58,-284.63276378327856,-0.9561613852473393,"{'trail_atr_mult': 3.0, 'trail_atr_len': 14, 'tp_converts_to_trail': True, 'rsi': np.float64(65.11901909700589), 'atr': 3.3383076296928498, 'exit_reason': 'sl', 'signal_time': Timestamp('2017-01-31 22:00:00+0000', tz='UTC')}"
2017-02-02 02:00:00+00:00,2017-02-02 11:00:00+00:00,1,1213.975,1222.025,1223.5250574536321,,0.59,474.9500000000107,1.5980057755597825,"{'trail_atr_mult': 3.0, 'trail_atr_len': 14, 'tp_converts_to_trail': True, 'rsi': np.float64(65.03708486475155), 'atr': 3.2416858178773795, 'exit_reason': 'sl_gap', 'signal_time': Timestamp('2017-02-02 01:00:00+0000', tz='UTC')}"
2017-02-02 08:00:00+00:00,2017-02-02 17:00:00+00:00,1,1217.585,1214.974021276233,1215.149021276233,1226.939949072919,0.6,-156.65872342601688,-0.5269408963769501,"{'trail_atr_mult': 3.0, 'trail_atr_len': 14, 'tp_converts_to_trail': True, 'rsi': np.float64(65.73457735705041), 'atr': 3.1799830243063396, 'exit_reason': 'sl', 'signal_time': Timestamp('2017-02-02 07:00:00+0000', tz='UTC')}"
2017-02-02 05:00:00+00:00,2017-02-02 17:00:00+00:00,1,1216.415,1214.974021276233,1215.149021276233,1225.4540419918478,0.63,-90.78165959731314,-0.30613390614036656,"{'trail_atr_mult': 3.0, 'trail_atr_len': 14, 'tp_converts_to_trail': True, 'rsi': np.float64(67.31533657587994), 'atr': 3.0546806639492665, 'exit_reason': 'sl', 'signal_time': Timestamp('2017-02-02 04:00:00+0000', tz='UTC')}"
2017-02-03 16:00:00+00:00,2017-02-03 19:00:00+00:00,1,1220.645,1215.3387576220773,1215.5137576220773,1230.142484755846,0.58,-307.762057919515,-1.0341048009645573,"{'trail_atr_mult': 3.0, 'trail_atr_len': 14, 'tp_converts_to_trail': True, 'rsi': np.float64(65.5408319399424), 'atr': 3.250828251948602, 'exit_reason': 'sl', 'signal_time': Timestamp('2017-02-03 15:00:00+0000', tz='UTC')}"
2017-02-06 03:00:00+00:00,2017-02-06 19:00:00+00:00,1,1223.5349999999999,1231.4950000000001,1231.9013362622468,,0.66,525.3600000000174,1.760801671150831,"{'trail_atr_mult': 3.0, 'trail_atr_len': 14, 'tp_converts_to_trail': True, 'rsi': np.float64(65.50064978412908), 'atr': 2.8637787540822695, 'exit_reason': 'sl_gap', 'signal_time': Timestamp('2017-02-06 02:00:00+0000', tz='UTC')}"
2017-02-06 05:00:00+00:00,2017-02-06 19:00:00+00:00,1,1223.605,1231.1142134097947,1231.2892134097947,,0.73,548.1725789150139,1.8497391387042428,"{'trail_atr_mult': 3.0, 'trail_atr_len': 14, 'tp_converts_to_trail': True, 'rsi': np.float64(65.28494333671273), 'atr': 2.6097378032648817, 'exit_reason': 'sl', 'signal_time': Timestamp('2017-02-06 04:00:00+0000', tz='UTC')}"
2017-02-06 00:00:00+00:00,2017-02-06 20:00:00+00:00,1,1223.835,1233.095,1233.3196298150228,,0.59,546.3399999999995,1.850218274026913,"{'trail_atr_mult': 3.0, 'trail_atr_len': 14, 'tp_converts_to_trail': True, 'rsi': np.float64(67.88935726746578), 'atr': 3.2198766050076033, 'exit_reason': 'sl_gap', 'signal_time': Timestamp('2017-02-05 23:00:00+0000', tz='UTC')}"
2017-02-06 11:00:00+00:00,2017-02-06 20:00:00+00:00,1,1226.135,1233.095,1233.5252702463101,,0.76,528.9600000000028,1.77205870244101,"{'trail_atr_mult': 3.0, 'trail_atr_len': 14, 'tp_converts_to_trail': True, 'rsi': np.float64(67.49176823821283), 'atr': 2.5150900821033866, 'exit_reason': 'sl_gap', 'signal_time': Timestamp('2017-02-06 10:00:00+0000', tz='UTC')}"
2017-02-07 05:00:00+00:00,2017-02-07 07:00:00+00:00,1,1234.2749999999999,1230.5451365837187,1230.7201365837186,1240.8597268325627,0.86,-320.76825380018363,-1.049228332992614,"{'trail_atr_mult': 3.0, 'trail_atr_len': 14, 'tp_converts_to_trail': True, 'rsi': np.float64(66.79526986495941), 'atr': 2.2532422775209224, 'exit_reason': 'sl', 'signal_time': Timestamp('2017-02-07 04:00:00+0000', tz='UTC')}"
2017-02-06 15:00:00+00:00,2017-02-07 08:00:00+00:00,1,1228.935,1228.6716822269061,1228.846682226906,1236.706570790943,0.7,9.5677558834318,0.03191060466124533,"{'trail_atr_mult': 3.0, 'trail_atr_len': 14, 'tp_converts_to_trail': True, 'rsi': np.float64(67.30215514938169), 'atr': 2.6788569303143186, 'exit_reason': 'sl', 'signal_time': Timestamp('2017-02-06 14:00:00+0000', tz='UTC')}"
2017-02-08 14:00:00+00:00,2017-02-08 18:00:00+00:00,1,1242.385,1237.7666435490123,1237.9416435490123,1250.8067129019757,0.68,-314.048238667162,-1.039384641302197,"{'trail_atr_mult': 3.0, 'trail_atr_len': 14, 'tp_converts_to_trail': True, 'rsi': np.float64(69.08248410542197), 'atr': 2.858904300658546, 'exit_reason': 'sl', 'signal_time': Timestamp('2017-02-08 13:00:00+0000', tz='UTC')}"
2017-02-08 12:00:00+00:00,2017-02-09 11:00:00+00:00,1,1239.905,1237.7486525566344,1237.9236525566344,1247.5118682176762,0.74,-70.7697108090526,-0.23348701857825513,"{'trail_atr_mult': 3.0, 'trail_atr_len': 14, 'tp_converts_to_trail': True, 'rsi': np.float64(66.43111955024571), 'atr': 2.6006227392254044, 'exit_reason': 'sl', 'signal_time': Timestamp('2017-02-08 11:00:00+0000', tz='UTC')}"
2017-02-16 00:00:00+00:00,2017-02-17 08:00:00+00:00,1,1234.315,1236.3972710341484,1236.5722710341483,1242.4845689247818,0.7,173.7589723903834,0.5769658087110537,"{'trail_atr_mult': 3.0, 'trail_atr_len': 14, 'tp_converts_to_trail': True, 'rsi': np.float64(66.39067465963853), 'atr': 2.7715229749272625, 'exit_reason': 'sl', 'signal_time': Timestamp('2017-02-15 23:00:00+0000', tz='UTC')}"
2017-02-16 08:00:00+00:00,2017-02-17 08:00:00+00:00,1,1237.7549999999999,1236.3972710341484,1236.5722710341483,1245.0571047390777,0.75,-71.82967243886196,-0.23744056804226432,"{'trail_atr_mult': 3.0, 'trail_atr_len': 14, 'tp_converts_to_trail': True, 'rsi': np.float64(67.37845191302536), 'atr': 2.519034913025921, 'exit_reason': 'sl', 'signal_time': Timestamp('2017-02-16 07:00:00+0000', tz='UTC')}"
2017-02-16 11:00:00+00:00,2017-02-17 08:00:00+00:00,1,1237.805,1236.3972710341484,1236.5722710341483,1245.1267307258577,0.77,-77.59513037057894,-0.25685320448958127,"{'trail_atr_mult': 3.0, 'trail_atr_len': 14, 'tp_converts_to_trail': True, 'rsi': np.float64(66.47847754202584), 'atr': 2.498910241952517, 'exit_reason': 'sl', 'signal_time': Timestamp('2017-02-16 10:00:00+0000', tz='UTC')}"
2017-02-16 14:00:00+00:00,2017-02-17 08:00:00+00:00,1,1239.905,1236.3972710341484,1236.5722710341483,1247.87594657606,0.71,-220.64875657546244,-0.7315792155776124,"{'trail_atr_mult': 3.0, 'trail_atr_len': 14, 'tp_converts_to_trail': True, 'rsi': np.float64(68.72487943461832), 'atr': 2.715315525353342, 'exit_reason': 'sl', 'signal_time': Timestamp('2017-02-16 13:00:00+0000', tz='UTC')}"
2017-02-17 10:00:00+00:00,2017-02-17 16:00:00+00:00,1,1241.375,1237.8316361993484,1238.0066361993483,1247.6767276013031,0.9,-318.90274205864444,-1.0519540080457161,"{'trail_atr_mult': 3.0, 'trail_atr_len': 14, 'tp_converts_to_trail': True, 'rsi': np.float64(66.00848234943122), 'atr': 2.148909200434376, 'exit_reason': 'sl', 'signal_time': Timestamp('2017-02-17 09:00:00+0000', tz='UTC')}"
2017-02-16 18:00:00+00:00,2017-02-17 19:00:00+00:00,1,1239.915,1236.8891481396927,1237.0641481396926,1248.0804388837682,0.71,-186.43548208181718,-0.6192726334796655,"{'trail_atr_mult': 3.0, 'trail_atr_len': 14, 'tp_converts_to_trail': True, 'rsi': np.float64(65.40330439259958), 'atr': 2.756812961256135, 'exit_reason': 'sl', 'signal_time': Timestamp('2017-02-16 17:00:00+0000', tz='UTC')}"
2017-02-23 12:00:00+00:00,2017-02-23 17:00:00+00:00,1,1243.375,1249.395,1249.6446540126842,,0.87,523.7399999999984,1.7412295651979497,"{'trail_atr_mult': 3.0, 'trail_atr_len': 14, 'tp_converts_to_trail': True, 'rsi': np.float64(72.9572006903436), 'atr': 2.1615513375614044, 'exit_reason': 'sl_gap', 'signal_time': Timestamp('2017-02-23 11:00:00+0000', tz='UTC')}"
2017-02-27 15:00:00+00:00,2017-02-27 19:00:00+00:00,1,1259.875,1256.2870766801318,1256.4620766801318,1266.439302036781,0.85,-304.97348218879665,-1.0079424363039136,"{'trail_atr_mult': 3.0, 'trail_atr_len': 14, 'tp_converts_to_trail': True, 'rsi': np.float64(65.49296915265779), 'atr': 2.2497673455937024, 'exit_reason': 'sl', 'signal_time': Timestamp('2017-02-27 14:00:00+0000', tz='UTC')}"
2017-02-24 18:00:00+00:00,2017-02-27 19:00:00+00:00,1,1257.235,1256.2870766801318,1256.4620766801318,1264.5988415899171,0.77,19.40990437015661,0.06390714714162754,"{'trail_atr_mult': 3.0, 'trail_atr_len': 14, 'tp_converts_to_trail': True, 'rsi': np.float64(66.40647537975815), 'atr': 2.512947196639048, 'exit_reason': 'sl', 'signal_time': Timestamp('2017-02-24 17:00:00+0000', tz='UTC')}"
2017-03-16 18:00:00+00:00,2017-03-20 12:00:00+00:00,1,1228.2549999999999,1230.1052029118252,1230.2802029118252,1237.5643098946728,0.61,210.46237762134714,0.7016665020276455,"{'trail_atr_mult': 3.0, 'trail_atr_len': 14, 'tp_converts_to_trail': True, 'rsi': np.float64(65.3137431753525), 'atr': 3.1614366315575992, 'exit_reason': 'sl', 'signal_time': Timestamp('2017-03-16 17:00:00+0000', tz='UTC')}"
2017-03-17 11:00:00+00:00,2017-03-20 12:00:00+00:00,1,1230.925,1230.1052029118252,1230.2802029118252,1237.9995473918557,0.82,31.1766387696738,0.10332236252626856,"{'trail_atr_mult': 3.0, 'trail_atr_len': 14, 'tp_converts_to_trail': True, 'rsi': np.float64(65.56855557348153), 'atr': 2.3898491306186043, 'exit_reason': 'sl', 'signal_time': Timestamp('2017-03-17 10:00:00+0000', tz='UTC')}"
2017-03-20 01:00:00+00:00,2017-03-20 12:00:00+00:00,1,1233.425,1230.1052029118252,1230.2802029118252,1239.673318233373,0.91,-302.1015350238986,-1.007018612076436,"{'trail_atr_mult': 3.0, 'trail_atr_len': 14, 'tp_converts_to_trail': True, 'rsi': np.float64(67.8554679035723), 'atr': 2.1211060777910253, 'exit_reason': 'sl', 'signal_time': Timestamp('2017-03-20 00:00:00+0000', tz='UTC')}"
2017-03-21 13:00:00+00:00,2017-03-21 18:00:00+00:00,1,1239.335,1245.665660487332,1245.840660487332,,0.86,544.4368019105432,1.8163732113583826,"{'trail_atr_mult': 3.0, 'trail_atr_len': 14, 'tp_converts_to_trail': True, 'rsi': np.float64(69.88340557504941), 'atr': 2.2202201624439715, 'exit_reason': 'sl', 'signal_time': Timestamp('2017-03-21 12:00:00+0000', tz='UTC')}"
2017-03-22 12:00:00+00:00,2017-03-23 02:00:00+00:00,1,1248.055,1244.41630320164,1244.59130320164,1254.21739359672,0.87,-212.16662145733002,-0.7040734048992633,"{'trail_atr_mult': 3.0, 'trail_atr_len': 14, 'tp_converts_to_trail': True, 'rsi': np.float64(68.06986543808756), 'atr': 2.1391311989067043, 'exit_reason': 'sl', 'signal_time': Timestamp('2017-03-22 11:00:00+0000', tz='UTC')}"
2017-03-23 12:00:00+00:00,2017-03-23 13:00:00+00:00,1,1252.185,1248.4186129905754,1248.5936129905754,1258.7227740188491,0.84,-316.37650879166085,-1.0487276919866104,"{'trail_atr_mult': 3.0, 'trail_atr_len': 14, 'tp_converts_to_trail': True, 'rsi': np.float64(65.32548987193692), 'atr': 2.250924672949736, 'exit_reason': 'sl', 'signal_time': Timestamp('2017-03-23 11:00:00+0000', tz='UTC')}"
2017-03-24 18:00:00+00:00,2017-03-24 20:00:00+00:00,1,1249.935,1246.2322882787605,1246.4072882787605,1256.495423442479,0.85,-314.7304963053523,-1.049607228092455,"{'trail_atr_mult': 3.0, 'trail_atr_len': 14, 'tp_converts_to_trail': True, 'rsi': np.float64(66.11748973806205), 'atr': 2.241807814159698, 'exit_reason': 'sl', 'signal_time': Timestamp('2017-03-24 17:00:00+0000', tz='UTC')}"
2017-03-27 12:00:00+00:00,2017-03-27 15:00:00+00:00,1,1258.555,1254.9461361407805,1255.1211361407804,1264.8677277184388,0.87,-313.97115575210364,-1.050962998876643,"{'trail_atr_mult': 3.0, 'trail_atr_len': 14, 'tp_converts_to_trail': True, 'rsi': np.float64(68.6984854762104), 'atr': 2.1659092394796327, 'exit_reason': 'sl', 'signal_time': Timestamp('2017-03-27 11:00:00+0000', tz='UTC')}"
2017-03-26 23:00:00+00:00,2017-03-27 15:00:00+00:00,1,1252.7649999999999,1254.1849184468565,1254.3599184468565,1261.246510678982,0.65,118.29469904568077,0.39237133655872075,"{'trail_atr_mult': 3.0, 'trail_atr_len': 14, 'tp_converts_to_trail': True, 'rsi': np.float64(65.41406741598074), 'atr': 2.915503559660683, 'exit_reason': 'sl', 'signal_time': Timestamp('2017-03-26 22:00:00+0000', tz='UTC')}"
2017-04-03 15:00:00+00:00,2017-04-04 10:00:00+00:00,1,1252.325,1257.655,1258.8174665955894,,0.85,487.04999999999376,1.633067980288352,"{'trail_atr_mult': 3.0, 'trail_atr_len': 14, 'tp_converts_to_trail': True, 'rsi': np.float64(68.4676219348063), 'atr': 2.222488865196399, 'exit_reason': 'sl_gap', 'signal_time': Timestamp('2017-04-03 14:00:00+0000', tz='UTC')}"
2017-04-07 02:00:00+00:00,2017-04-07 14:00:00+00:00,1,1264.565,1262.1930029573577,1262.3680029573577,1272.3474909722433,0.71,-168.4117900276037,-0.5589395147280679,"{'trail_atr_mult': 3.0, 'trail_atr_len': 14, 'tp_converts_to_trail': True, 'rsi': np.float64(74.31983975554432), 'atr': 2.6724969907477827, 'exit_reason': 'sl', 'signal_time': Timestamp('2017-04-07 01:00:00+0000', tz='UTC')}"
2017-04-07 13:00:00+00:00,2017-04-07 14:00:00+00:00,1,1266.2849999999999,1261.724001478679,1261.8990014786789,1274.5919970426426,0.69,-314.7088979711438,-1.0398996942541714,"{'trail_atr_mult': 3.0, 'trail_atr_len': 14, 'tp_converts_to_trail': True, 'rsi': np.float64(67.6604211752863), 'atr': 2.820665680880798, 'exit_reason': 'sl', 'signal_time': Timestamp('2017-04-07 12:00:00+0000', tz='UTC')}"
2017-04-11 13:00:00+00:00,2017-04-11 15:00:00+00:00,1,1260.585,1265.005,1266.3163876541093,,0.96,424.320000000007,1.412955924205621,"{'trail_atr_mult': 3.0, 'trail_atr_len': 14, 'tp_converts_to_trail': True, 'rsi': np.float64(69.3671055159994), 'atr': 1.9687958847030713, 'exit_reason': 'sl_gap', 'signal_time': Timestamp('2017-04-11 12:00:00+0000', tz='UTC')}"
2017-04-12 13:00:00+00:00,2017-04-12 21:00:00+00:00,1,1275.465,1281.2050000000002,1282.4969423716989,,0.78,447.72000000001844,1.4895660881229382,"{'trail_atr_mult': 3.0, 'trail_atr_len': 14, 'tp_converts_to_trail': True, 'rsi': np.float64(66.3962201218127), 'atr': 2.418980790566317, 'exit_reason': 'sl_gap', 'signal_time': Timestamp('2017-04-12 12:00:00+0000', tz='UTC')}"
2017-04-12 20:00:00+00:00,2017-04-16 23:00:00+00:00,1,1281.555,1290.7792748042848,1290.9542748042848,,0.61,709.0807630613687,2.3496971802826825,"{'trail_atr_mult': 3.0, 'trail_atr_len': 14, 'tp_converts_to_trail': True, 'rsi': np.float64(69.34987716354568), 'atr': 3.1880916014282312, 'exit_reason': 'sl', 'signal_time': Timestamp('2017-04-12 19:00:00+0000', tz='UTC')}"
2017-04-13 08:00:00+00:00,2017-04-17 02:00:00+00:00,1,1285.745,1292.9098691034262,1293.0848691034262,,0.75,657.3651827569745,2.1871521519121817,"{'trail_atr_mult': 3.0, 'trail_atr_len': 14, 'tp_converts_to_trail': True, 'rsi': np.float64(65.1474812904533), 'atr': 2.521623034475393, 'exit_reason': 'sl', 'signal_time': Timestamp('2017-04-13 07:00:00+0000', tz='UTC')}"
2017-04-16 23:00:00+00:00,2017-04-17 06:00:00+00:00,1,1293.595,1289.0390133656251,1289.214013365625,1301.83197326875,0.69,-286.76307777186827,-0.9486417059037325,"{'trail_atr_mult': 3.0, 'trail_atr_len': 14, 'tp_converts_to_trail': True, 'rsi': np.float64(73.67356523186038), 'atr': 2.803991089583307, 'exit_reason': 'sl', 'signal_time': Timestamp('2017-04-16 22:00:00+0000', tz='UTC')}"
2017-04-21 17:00:00+00:00,2017-04-23 23:00:00+00:00,1,1286.685,1268.2150000000001,1282.74307145711,1294.1038570857797,0.77,-1360.5899999999847,-4.482577451047807,"{'trail_atr_mult': 3.0, 'trail_atr_len': 14, 'tp_converts_to_trail': True, 'rsi': np.float64(68.7330273037916), 'atr': 2.524619028593287, 'exit_reason': 'sl_gap', 'signal_time': Timestamp('2017-04-21 16:00:00+0000', tz='UTC')}"
2017-05-18 11:00:00+00:00,2017-05-18 13:00:00+00:00,1,1264.065,1258.7946461270592,1258.9696461270591,1273.6107077458812,0.59,-310.95087850351064,-1.0343450139801473,"{'trail_atr_mult': 3.0, 'trail_atr_len': 14, 'tp_converts_to_trail': True, 'rsi': np.float64(66.28936531060583), 'atr': 3.253569248627108, 'exit_reason': 'sl', 'signal_time': Timestamp('2017-05-18 10:00:00+0000', tz='UTC')}"
2017-05-21 23:00:00+00:00,2017-05-22 03:00:00+00:00,1,1257.2749999999999,1252.6977233517075,1252.8727233517075,1265.3445532965852,0.68,-284.0548120838801,-0.9488900816609696,"{'trail_atr_mult': 3.0, 'trail_atr_len': 14, 'tp_converts_to_trail': True, 'rsi': np.float64(65.50982585691719), 'atr': 2.7715177655283956, 'exit_reason': 'sl', 'signal_time': Timestamp('2017-05-21 22:00:00+0000', tz='UTC')}"
2017-05-23 06:00:00+00:00,2017-05-23 08:00:00+00:00,1,1262.7549999999999,1259.7076878551638,1259.8826878551638,1267.9446242896724,1.04,-316.92046306294833,-1.0609265258006773,"{'trail_atr_mult': 3.0, 'trail_atr_len': 14, 'tp_converts_to_trail': True, 'rsi': np.float64(65.75383843392154), 'atr': 1.7915414298908365, 'exit_reason': 'sl', 'signal_time': Timestamp('2017-05-23 05:00:00+0000', tz='UTC')}"
2017-05-22 13:00:00+00:00,2017-05-23 09:00:00+00:00,1,1258.665,1258.1703757103278,1258.3453757103277,1265.1104164138865,0.86,-8.137688911806976,-0.027150254462175838,"{'trail_atr_mult': 3.0, 'trail_atr_len': 14, 'tp_converts_to_trail': True, 'rsi': np.float64(68.0211261290024), 'atr': 2.2068054712955147, 'exit_reason': 'sl', 'signal_time': Timestamp('2017-05-22 12:00:00+0000', tz='UTC')}"
2017-05-25 06:00:00+00:00,2017-05-25 11:00:00+00:00,1,1259.445,1256.0534113400192,1256.2284113400192,1265.3531773199613,0.93,-315.4177453782049,-1.0544054644528287,"{'trail_atr_mult': 3.0, 'trail_atr_len': 14, 'tp_converts_to_trail': True, 'rsi': np.float64(65.3134511343346), 'atr': 2.027725773320455, 'exit_reason': 'sl', 'signal_time': Timestamp('2017-05-25 05:00:00+0000', tz='UTC')}"
2017-05-26 07:00:00+00:00,2017-05-26 13:00:00+00:00,1,1261.2849999999999,1265.415,1267.203174560747,,0.92,379.96000000001004,1.2819767526277301,"{'trail_atr_mult': 3.0, 'trail_atr_len': 14, 'tp_converts_to_trail': True, 'rsi': np.float64(66.23945146285868), 'atr': 2.031058186915682, 'exit_reason': 'sl_gap', 'signal_time': Timestamp('2017-05-26 06:00:00+0000', tz='UTC')}"
2017-05-29 00:00:00+00:00,2017-05-29 14:00:00+00:00,1,1268.415,1264.817410665019,1264.992410665019,1274.7651786699623,0.87,-312.9902721433441,-1.0511308786629305,"{'trail_atr_mult': 3.0, 'trail_atr_len': 14, 'tp_converts_to_trail': True, 'rsi': np.float64(66.62436794408225), 'atr': 2.1717262233207637, 'exit_reason': 'sl', 'signal_time': Timestamp('2017-05-28 23:00:00+0000', tz='UTC')}"
2017-05-30 02:00:00+00:00,2017-05-30 05:00:00+00:00,1,1269.835,1267.1031330690846,1267.2781330690846,1274.453733861831,1.17,-319.62843091710533,-1.0684431394860652,"{'trail_atr_mult': 3.0, 'trail_atr_len': 14, 'tp_converts_to_trail': True, 'rsi': np.float64(65.75736157430563), 'atr': 1.594577953943649, 'exit_reason': 'sl', 'signal_time': Timestamp('2017-05-30 01:00:00+0000', tz='UTC')}"
2017-05-31 16:00:00+00:00,2017-05-31 19:00:00+00:00,1,1267.695,1271.4850000000001,1273.397842967915,,0.95,360.05000000001814,1.2171148243543635,"{'trail_atr_mult': 3.0, 'trail_atr_len': 14, 'tp_converts_to_trail': True, 'rsi': np.float64(65.36922597936686), 'atr': 1.9592809893050203, 'exit_reason': 'sl_gap', 'signal_time': Timestamp('2017-05-31 15:00:00+0000', tz='UTC')}"
2017-06-06 02:00:00+00:00,2017-06-06 10:00:00+00:00,1,1282.875,1287.7973133572932,1287.9723133572932,,1.06,521.7652158730798,1.7509921786583424,"{'trail_atr_mult': 3.0, 'trail_atr_len': 14, 'tp_converts_to_trail': True, 'rsi': np.float64(69.435599792481), 'atr': 1.7574377857643817, 'exit_reason': 'sl', 'signal_time': Timestamp('2017-06-06 01:00:00+0000', tz='UTC')}"
2017-06-06 20:00:00+00:00,2017-06-07 11:00:00+00:00,1,1293.955,1289.8274750623443,1290.0024750623443,1301.2750498753112,0.76,-283.2918952618262,-0.9430743629580998,"{'trail_atr_mult': 3.0, 'trail_atr_len': 14, 'tp_converts_to_trail': True, 'rsi': np.float64(67.2324952237961), 'atr': 2.5050166251037402, 'exit_reason': 'sl', 'signal_time': Timestamp('2017-06-06 19:00:00+0000', tz='UTC')}"
2017-07-17 11:00:00+00:00,2017-07-18 03:00:00+00:00,1,1231.0049999999999,1237.345,1237.7899621624347,,0.82,552.6800000000119,1.8440587927079826,"{'trail_atr_mult': 3.0, 'trail_atr_len': 14, 'tp_converts_to_trail': True, 'rsi': np.float64(65.50788265574442), 'atr': 1.7399905406086946, 'exit_reason': 'sl_gap', 'signal_time': Timestamp('2017-07-17 10:00:00+0000', tz='UTC')}"
2017-07-18 02:00:00+00:00,2017-07-19 06:00:00+00:00,1,1237.695,1239.4648793943793,1239.6398793943792,1245.120101653831,0.76,164.91083397283128,0.5500257131226866,"{'trail_atr_mult': 3.0, 'trail_atr_len': 14, 'tp_converts_to_trail': True, 'rsi': np.float64(69.90117097984677), 'atr': 1.8950254134577218, 'exit_reason': 'sl', 'signal_time': Timestamp('2017-07-18 01:00:00+0000', tz='UTC')}"
2017-07-18 13:00:00+00:00,2017-07-19 06:00:00+00:00,1,1241.555,1239.4648793943793,1239.6398793943792,1248.9745143499765,0.73,-123.37880421031609,-0.4114961721688403,"{'trail_atr_mult': 3.0, 'trail_atr_len': 14, 'tp_converts_to_trail': True, 'rsi': np.float64(74.31131891934153), 'atr': 1.9211285874941608, 'exit_reason': 'sl', 'signal_time': Timestamp('2017-07-18 12:00:00+0000', tz='UTC')}"
2017-07-18 22:00:00+00:00,2017-07-19 08:00:00+00:00,1,1242.965,1238.3348793943794,1238.5098793943794,1250.1372120806952,0.6,-253.80723633723028,-0.8479564374110758,"{'trail_atr_mult': 3.0, 'trail_atr_len': 14, 'tp_converts_to_trail': True, 'rsi': np.float64(65.01179902954775), 'atr': 2.02680302017384, 'exit_reason': 'sl', 'signal_time': Timestamp('2017-07-18 20:00:00+0000', tz='UTC')}"
2017-07-21 07:00:00+00:00,2017-07-21 19:00:00+00:00,1,1247.445,1254.519187347967,1254.694187347967,,0.77,544.7124257934709,1.8269669960462065,"{'trail_atr_mult': 3.0, 'trail_atr_len': 14, 'tp_converts_to_trail': True, 'rsi': np.float64(66.95569806297922), 'atr': 1.8535468369917494, 'exit_reason': 'sl', 'signal_time': Timestamp('2017-07-21 06:00:00+0000', tz='UTC')}"
2017-07-21 10:00:00+00:00,2017-07-21 20:00:00+00:00,1,1248.145,1254.8134291557885,1254.9884291557885,,0.81,540.1427616188721,1.795380696494207,"{'trail_atr_mult': 3.0, 'trail_atr_len': 14, 'tp_converts_to_trail': True, 'rsi': np.float64(66.41296665373355), 'atr': 1.7596072889471246, 'exit_reason': 'sl', 'signal_time': Timestamp('2017-07-21 09:00:00+0000', tz='UTC')}"
2017-07-20 17:00:00+00:00,2017-07-24 02:00:00+00:00,1,1246.335,1255.505,1256.3947875169338,,0.57,613.8900000000042,2.046597137029447,"{'trail_atr_mult': 3.0, 'trail_atr_len': 14, 'tp_converts_to_trail': True, 'rsi': np.float64(65.33608716610627), 'atr': 2.5536968792334354, 'exit_reason': 'sl_gap', 'signal_time': Timestamp('2017-07-20 16:00:00+0000', tz='UTC')}"
2017-07-24 13:00:00+00:00,2017-07-24 17:00:00+00:00,1,1258.225,1253.7516366916468,1253.9266366916468,1266.2967266167066,0.71,-317.6087948930701,-1.0407131709085342,"{'trail_atr_mult': 3.0, 'trail_atr_len': 14, 'tp_converts_to_trail': True, 'rsi': np.float64(68.73566934510441), 'atr': 2.0616816541766325, 'exit_reason': 'sl', 'signal_time': Timestamp('2017-07-24 12:00:00+0000', tz='UTC')}"
2017-07-24 11:00:00+00:00,2017-07-25 01:00:00+00:00,1,1256.605,1252.8492517861903,1253.0242517861902,1264.4202864903818,0.72,-241.61387139430116,-0.7932942265312051,"{'trail_atr_mult': 3.0, 'trail_atr_len': 14, 'tp_converts_to_trail': True, 'rsi': np.float64(65.4985493249151), 'atr': 2.007571622595433, 'exit_reason': 'sl', 'signal_time': Timestamp('2017-07-24 10:00:00+0000', tz='UTC')}"
2017-07-27 13:00:00+00:00,2017-07-27 15:00:00+00:00,1,1263.5449999999998,1258.4236792191334,1258.5986792191334,1272.9426415617336,0.61,-312.400567632852,-1.0353798323547667,"{'trail_atr_mult': 3.0, 'trail_atr_len': 14, 'tp_converts_to_trail': True, 'rsi': np.float64(68.78716369706193), 'atr': 2.3906603904333936, 'exit_reason': 'sl', 'signal_time': Timestamp('2017-07-27 12:00:00+0000', tz='UTC')}"
2017-07-28 13:00:00+00:00,2017-08-01 11:00:00+00:00,1,1263.685,1265.8943812623327,1266.0693812623326,1273.1755632416478,0.6,228.5628757399636,0.758420642167564,"{'trail_atr_mult': 3.0, 'trail_atr_len': 14, 'tp_converts_to_trail': True, 'rsi': np.float64(65.32565207914485), 'atr': 2.4188908104119466, 'exit_reason': 'sl', 'signal_time': Timestamp('2017-07-28 12:00:00+0000', tz='UTC')}"
2017-08-09 08:00:00+00:00,2017-08-09 20:00:00+00:00,1,1268.145,1276.405,1277.3722328867107,,0.62,512.1199999999994,1.6939710312406044,"{'trail_atr_mult': 3.0, 'trail_atr_len': 14, 'tp_converts_to_trail': True, 'rsi': np.float64(68.4516780003802), 'atr': 2.350558221677662, 'exit_reason': 'sl_gap', 'signal_time': Timestamp('2017-08-09 07:00:00+0000', tz='UTC')}"
2017-08-09 12:00:00+00:00,2017-08-09 20:00:00+00:00,1,1269.355,1276.405,1278.1245328372895,,0.63,444.14999999999714,1.469586924044809,"{'trail_atr_mult': 3.0, 'trail_atr_len': 14, 'tp_converts_to_trail': True, 'rsi': np.float64(68.0137330397531), 'atr': 2.2611332093224212, 'exit_reason': 'sl_gap', 'signal_time': Timestamp('2017-08-09 11:00:00+0000', tz='UTC')}"
2017-08-11 08:00:00+00:00,2017-08-11 14:00:00+00:00,1,1286.855,1284.4341400422495,1284.6091400422495,1294.7618146977088,0.72,-174.30191695803657,-0.572184583150007,"{'trail_atr_mult': 3.0, 'trail_atr_len': 14, 'tp_converts_to_trail': True, 'rsi': np.float64(66.68498259159603), 'atr': 2.022953674427199, 'exit_reason': 'sl', 'signal_time': Timestamp('2017-08-11 07:00:00+0000', tz='UTC')}"
2017-08-11 19:00:00+00:00,2017-08-14 08:00:00+00:00,1,1289.895,1284.6474892449694,1284.8224892449693,1299.9303593513705,0.58,-234.75562379177418,-0.7665479214029673,"{'trail_atr_mult': 3.0, 'trail_atr_len': 14, 'tp_converts_to_trail': True, 'rsi': np.float64(67.24139592949379), 'atr': 2.552589837842617, 'exit_reason': 'sl', 'signal_time': Timestamp('2017-08-11 18:00:00+0000', tz='UTC')}"
2017-08-18 08:00:00+00:00,2017-08-18 15:00:00+00:00,1,1293.085,1292.6605591193422,1292.8355591193422,1302.8890026470315,0.59,-25.042011958810917,-0.08218429119675022,"{'trail_atr_mult': 3.0, 'trail_atr_len': 14, 'tp_converts_to_trail': True, 'rsi': np.float64(70.18219509720622), 'atr': 2.494750661757847, 'exit_reason': 'sl', 'signal_time': Timestamp('2017-08-18 07:00:00+0000', tz='UTC')}"
2017-08-28 02:00:00+00:00,2017-08-28 17:00:00+00:00,1,1294.645,1305.6454983598624,1305.8204983598623,,0.52,572.0259147128436,1.8755381097025865,"{'trail_atr_mult': 3.0, 'trail_atr_len': 14, 'tp_converts_to_trail': True, 'rsi': np.float64(66.09214015717893), 'atr': 2.8401245899655483, 'exit_reason': 'sl', 'signal_time': Timestamp('2017-08-28 01:00:00+0000', tz='UTC')}"
2017-08-28 09:00:00+00:00,2017-08-28 17:00:00+00:00,1,1296.925,1305.9650000000001,1306.3305217364018,,0.62,560.4800000000118,1.8542597502759102,"{'trail_atr_mult': 3.0, 'trail_atr_len': 14, 'tp_converts_to_trail': True, 'rsi': np.float64(66.43735347521866), 'atr': 2.380130434100485, 'exit_reason': 'sl_gap', 'signal_time': Timestamp('2017-08-28 08:00:00+0000', tz='UTC')}"
2017-08-28 06:00:00+00:00,2017-08-29 02:00:00+00:00,1,1295.145,1313.8830294260292,1314.0580294260292,,0.63,1205.6958538398424,3.951221078542432,"{'trail_atr_mult': 3.0, 'trail_atr_len': 14, 'tp_converts_to_trail': True, 'rsi': np.float64(66.83261761510029), 'atr': 2.3442867142338435, 'exit_reason': 'sl', 'signal_time': Timestamp('2017-08-28 05:00:00+0000', tz='UTC')}"
2017-08-31 15:00:00+00:00,2017-09-01 14:00:00+00:00,1,1316.645,1320.687523247245,1320.862523247245,1329.1573290899867,0.48,213.24111586776343,0.6830800107402496,"{'trail_atr_mult': 3.0, 'trail_atr_len': 14, 'tp_converts_to_trail': True, 'rsi': np.float64(69.81517588480591), 'atr': 3.169332272496672, 'exit_reason': 'sl', 'signal_time': Timestamp('2017-08-31 14:00:00+0000', tz='UTC')}"
2017-09-01 13:00:00+00:00,2017-09-01 15:00:00+00:00,1,1321.735,1316.8087715867275,1316.9837715867275,1332.0899690036733,0.57,-280.7950195565258,-0.9055592734886089,"{'trail_atr_mult': 3.0, 'trail_atr_len': 14, 'tp_converts_to_trail': True, 'rsi': np.float64(66.95980718529891), 'atr': 2.632492250918342, 'exit_reason': 'sl', 'signal_time': Timestamp('2017-09-01 12:00:00+0000', tz='UTC')}"
2017-09-01 16:00:00+00:00,2017-09-04 07:00:00+00:00,1,1323.665,1334.795,1336.9930108968913,,0.45,554.8500000000049,1.7762717455996488,"{'trail_atr_mult': 3.0, 'trail_atr_len': 14, 'tp_converts_to_trail': True, 'rsi': np.float64(68.8348322114703), 'atr': 3.378252724222837, 'exit_reason': 'sl_gap', 'signal_time': Timestamp('2017-09-01 15:00:00+0000', tz='UTC')}"
2017-09-01 18:00:00+00:00,2017-09-04 08:00:00+00:00,1,1324.5149999999999,1337.2150000000001,1337.6125451100745,,0.45,625.5000000000123,2.0407346626762988,"{'trail_atr_mult': 3.0, 'trail_atr_len': 14, 'tp_converts_to_trail': True, 'rsi': np.float64(68.23017728883652), 'atr': 3.3181362775186702, 'exit_reason': 'sl_gap', 'signal_time': Timestamp('2017-09-01 17:00:00+0000', tz='UTC')}"
2017-09-05 04:00:00+00:00,2017-09-05 08:00:00+00:00,1,1336.215,1330.7710213643845,1330.9460213643845,1346.2279572712312,0.59,-321.1947395013083,-1.0332132680928043,"{'trail_atr_mult': 3.0, 'trail_atr_len': 14, 'tp_converts_to_trail': True, 'rsi': np.float64(65.82126366933188), 'atr': 2.546989317807778, 'exit_reason': 'sl', 'signal_time': Timestamp('2017-09-05 03:00:00+0000', tz='UTC')}"
2017-09-05 19:00:00+00:00,2017-09-06 08:00:00+00:00,1,1343.705,1336.7534857580904,1336.9284857580903,1356.793028483819,0.46,-301.36965512783866,-0.9667970888914356,"{'trail_atr_mult': 3.0, 'trail_atr_len': 14, 'tp_converts_to_trail': True, 'rsi': np.float64(72.57381302755199), 'atr': 3.310757120954772, 'exit_reason': 'sl', 'signal_time': Timestamp('2017-09-05 18:00:00+0000', tz='UTC')}"
2017-09-07 13:00:00+00:00,2017-09-08 07:00:00+00:00,1,1343.955,1354.1306744394253,1354.3056744394253,,0.58,613.3891174866728,1.9775610223218045,"{'trail_atr_mult': 3.0, 'trail_atr_len': 14, 'tp_converts_to_trail': True, 'rsi': np.float64(70.45085082981413), 'atr': 2.6164186098563267, 'exit_reason': 'sl', 'signal_time': Timestamp('2017-09-07 12:00:00+0000', tz='UTC')}"
2017-09-08 11:00:00+00:00,2017-09-08 13:00:00+00:00,1,1354.935,1348.5463524945776,1348.7213524945776,1366.807295010845,0.5,-319.43237527111705,-1.0281638119715093,"{'trail_atr_mult': 3.0, 'trail_atr_len': 14, 'tp_converts_to_trail': True, 'rsi': np.float64(67.28910748788519), 'atr': 3.014323752711254, 'exit_reason': 'sl', 'signal_time': Timestamp('2017-09-08 10:00:00+0000', tz='UTC')}"
2017-09-08 03:00:00+00:00,2017-09-08 13:00:00+00:00,1,1352.235,1348.3088585593198,1348.4838585593197,1364.3633740635573,0.49,-192.3809305933255,-0.6191004729508119,"{'trail_atr_mult': 3.0, 'trail_atr_len': 14, 'tp_converts_to_trail': True, 'rsi': np.float64(69.44385200277429), 'atr': 3.078343515889323, 'exit_reason': 'sl', 'signal_time': Timestamp('2017-09-08 02:00:00+0000', tz='UTC')}"
2017-09-08 00:00:00+00:00,2017-09-08 13:00:00+00:00,1,1349.0449999999998,1348.3088585593198,1348.4838585593197,1360.7877097999096,0.5,-36.807072034002886,-0.11742837446841795,"{'trail_atr_mult': 3.0, 'trail_atr_len': 14, 'tp_converts_to_trail': True, 'rsi': np.float64(65.46498048874565), 'atr': 3.001927449977393, 'exit_reason': 'sl', 'signal_time': Timestamp('2017-09-07 23:00:00+0000', tz='UTC')}"
2017-09-07 20:00:00+00:00,2017-09-08 13:00:00+00:00,1,1348.225,1348.3088585593198,1348.4838585593197,1361.1843676335693,0.47,22.741352288034296,0.07323219282785971,"{'trail_atr_mult': 3.0, 'trail_atr_len': 14, 'tp_converts_to_trail': True, 'rsi': np.float64(67.37780952971335), 'atr': 3.2610919083923195, 'exit_reason': 'sl', 'signal_time': Timestamp('2017-09-07 19:00:00+0000', tz='UTC')}"
2017-09-07 18:00:00+00:00,2017-09-08 13:00:00+00:00,1,1346.215,1348.3088585593198,1348.4838585593197,1359.1334677880448,0.46,114.717493728714,0.3726774852101691,"{'trail_atr_mult': 3.0, 'trail_atr_len': 14, 'tp_converts_to_trail': True, 'rsi': np.float64(65.22721421565788), 'atr': 3.2683669470112005, 'exit_reason': 'sl', 'signal_time': Timestamp('2017-09-07 17:00:00+0000', tz='UTC')}"
2017-10-10 14:00:00+00:00,2017-10-11 03:00:00+00:00,1,1292.335,1287.8018097370955,1287.9768097370954,1302.1176166191128,0.61,-252.1246060371778,-0.8019681786070091,"{'trail_atr_mult': 3.0, 'trail_atr_len': 14, 'tp_converts_to_trail': True, 'rsi': np.float64(68.97869336608801), 'atr': 2.489404154778158, 'exit_reason': 'sl', 'signal_time': Timestamp('2017-10-10 13:00:00+0000', tz='UTC')}"
2017-10-12 08:00:00+00:00,2017-10-12 13:00:00+00:00,1,1296.935,1292.3824006012082,1292.5574006012082,1305.1351987975836,0.71,-323.23455731421063,-1.0399762481802828,"{'trail_atr_mult': 3.0, 'trail_atr_len': 14, 'tp_converts_to_trail': True, 'rsi': np.float64(65.86179373207696), 'atr': 2.096299699395913, 'exit_reason': 'sl', 'signal_time': Timestamp('2017-10-12 07:00:00+0000', tz='UTC')}"
2017-10-12 06:00:00+00:00,2017-10-12 13:00:00+00:00,1,1296.2949999999998,1291.864056318561,1292.039056318561,1304.3118873628782,0.73,-323.4588887450286,-1.041118965169387,"{'trail_atr_mult': 3.0, 'trail_atr_len': 14, 'tp_converts_to_trail': True, 'rsi': np.float64(67.33504404261518), 'atr': 2.045471840719521, 'exit_reason': 'sl', 'signal_time': Timestamp('2017-10-12 05:00:00+0000', tz='UTC')}"
2017-10-13 13:00:00+00:00,2017-10-16 18:00:00+00:00,1,1300.455,1300.0826843893292,1300.2576843893291,1310.4323330433665,0.59,48.83337897042638,0.157619147271672,"{'trail_atr_mult': 3.0, 'trail_atr_len': 14, 'tp_converts_to_trail': True, 'rsi': np.float64(66.5281272512318), 'atr': 2.5380832608416393, 'exit_reason': 'sl', 'signal_time': Timestamp('2017-10-13 12:00:00+0000', tz='UTC')}"
2017-10-13 18:00:00+00:00,2017-10-16 18:00:00+00:00,1,1302.435,1300.0826843893292,1300.2576843893291,1312.169143349257,0.6,-69.13893664024545,-0.22464168233973483,"{'trail_atr_mult': 3.0, 'trail_atr_len': 14, 'tp_converts_to_trail': True, 'rsi': np.float64(66.7061291680236), 'atr': 2.477285837314214, 'exit_reason': 'sl', 'signal_time': Timestamp('2017-10-13 17:00:00+0000', tz='UTC')}"
2017-10-13 20:00:00+00:00,2017-10-16 18:00:00+00:00,1,1303.735,1300.0826843893292,1300.2576843893291,1313.037577683798,0.63,-154.49588347225486,-0.49906817113511603,"{'trail_atr_mult': 3.0, 'trail_atr_len': 14, 'tp_converts_to_trail': True, 'rsi': np.float64(68.19708873598046), 'atr': 2.369394420949505, 'exit_reason': 'sl', 'signal_time': Timestamp('2017-10-13 19:00:00+0000', tz='UTC')}"
2017-10-16 00:00:00+00:00,2017-10-16 18:00:00+00:00,1,1304.185,1300.0826843893292,1300.2576843893291,1313.3480314035367,0.66,-270.75283030427,-0.871162015690516,"{'trail_atr_mult': 3.0, 'trail_atr_len': 14, 'tp_converts_to_trail': True, 'rsi': np.float64(66.227545124398), 'atr': 2.312007850884172, 'exit_reason': 'sl', 'signal_time': Timestamp('2017-10-15 23:00:00+0000', tz='UTC')}"
2017-10-16 08:00:00+00:00,2017-10-16 18:00:00+00:00,1,1305.325,1300.7989499701785,1300.9739499701784,1313.5021000596435,0.71,-321.3495521173329,-1.0402201764632728,"{'trail_atr_mult': 3.0, 'trail_atr_len': 14, 'tp_converts_to_trail': True, 'rsi': np.float64(66.10032489454791), 'atr': 2.0880250149108246, 'exit_reason': 'sl', 'signal_time': Timestamp('2017-10-16 07:00:00+0000', tz='UTC')}"
2017-11-08 10:00:00+00:00,2017-11-09 00:00:00+00:00,1,1281.335,1280.4796652346581,1280.654665234658,1288.9891030490187,0.75,25.84989259935581,0.0842794699106858,"{'trail_atr_mult': 3.0, 'trail_atr_len': 14, 'tp_converts_to_trail': True, 'rsi': np.float64(66.84872231699362), 'atr': 1.9572757622546604, 'exit_reason': 'sl', 'signal_time': Timestamp('2017-11-08 09:00:00+0000', tz='UTC')}"
2017-11-08 14:00:00+00:00,2017-11-09 00:00:00+00:00,1,1285.0449999999998,1280.4796652346581,1280.654665234658,1294.0595734116775,0.64,-215.3814249818708,-0.7011425656160619,"{'trail_atr_mult': 3.0, 'trail_atr_len': 14, 'tp_converts_to_trail': True, 'rsi': np.float64(71.48297734890423), 'atr': 2.3023933529194247, 'exit_reason': 'sl', 'signal_time': Timestamp('2017-11-08 13:00:00+0000', tz='UTC')}"
2017-11-09 11:00:00+00:00,2017-11-09 14:00:00+00:00,1,1287.0449999999998,1282.7810827004757,1282.9560827004757,1294.727834599049,0.75,-319.7937974643082,-1.0427986156678493,"{'trail_atr_mult': 3.0, 'trail_atr_len': 14, 'tp_converts_to_trail': True, 'rsi': np.float64(68.26426720731945), 'atr': 1.9619586497621926, 'exit_reason': 'sl', 'signal_time': Timestamp('2017-11-09 10:00:00+0000', tz='UTC')}"
2017-11-15 08:00:00+00:00,2017-11-15 14:00:00+00:00,1,1283.935,1282.935850907737,1283.110850907737,1291.4866942060937,0.76,-75.93533101198773,-0.2464997610276041,"{'trail_atr_mult': 3.0, 'trail_atr_len': 14, 'tp_converts_to_trail': True, 'rsi': np.float64(66.59350722206162), 'atr': 1.934173551523439, 'exit_reason': 'sl', 'signal_time': Timestamp('2017-11-15 07:00:00+0000', tz='UTC')}"
2017-11-17 14:00:00+00:00,2017-11-17 18:00:00+00:00,1,1285.445,1293.0591890778837,1293.2341890778837,,0.74,563.4499917634007,1.8316131631256545,"{'trail_atr_mult': 3.0, 'trail_atr_len': 14, 'tp_converts_to_trail': True, 'rsi': np.float64(66.00515499323573), 'atr': 1.9910472694709287, 'exit_reason': 'sl', 'signal_time': Timestamp('2017-11-17 13:00:00+0000', tz='UTC')}"
2017-11-17 01:00:00+00:00,2017-11-20 01:00:00+00:00,1,1283.2649999999999,1291.2370165113537,1291.4120165113536,,0.71,651.2131723061188,2.1153134335816386,"{'trail_atr_mult': 3.0, 'trail_atr_len': 14, 'tp_converts_to_trail': True, 'rsi': np.float64(65.86663823217094), 'atr': 2.080504127838423, 'exit_reason': 'sl', 'signal_time': Timestamp('2017-11-17 00:00:00+0000', tz='UTC')}"
2017-11-17 10:00:00+00:00,2017-11-20 02:00:00+00:00,1,1283.955,1290.8819597568706,1291.0569597568706,,0.8,650.1567805496561,2.1311138424585314,"{'trail_atr_mult': 3.0, 'trail_atr_len': 14, 'tp_converts_to_trail': True, 'rsi': np.float64(65.02112402375627), 'atr': 1.8192399392176564, 'exit_reason': 'sl', 'signal_time': Timestamp('2017-11-17 09:00:00+0000', tz='UTC')}"
2017-11-20 12:00:00+00:00,2017-11-20 13:00:00+00:00,1,1292.825,1288.790201042282,1288.965201042282,1300.0195979154362,0.81,-326.8187155751634,-1.0453391489859911,"{'trail_atr_mult': 3.0, 'trail_atr_len': 14, 'tp_converts_to_trail': True, 'rsi': np.float64(65.3159055797685), 'atr': 1.8423994788590503, 'exit_reason': 'sl', 'signal_time': Timestamp('2017-11-20 11:00:00+0000', tz='UTC')}"
2017-11-22 14:00:00+00:00,2017-11-23 05:00:00+00:00,1,1288.0449999999998,1288.8317814392506,1289.0067814392505,1296.4126727322118,0.7,139.0747007475502,0.44683561378662157,"{'trail_atr_mult': 3.0, 'trail_atr_len': 14, 'tp_converts_to_trail': True, 'rsi': np.float64(68.11973510589492), 'atr': 2.135668183052964, 'exit_reason': 'sl', 'signal_time': Timestamp('2017-11-22 13:00:00+0000', tz='UTC')}"
2017-11-27 10:00:00+00:00,2017-11-27 15:00:00+00:00,1,1294.185,1292.3463228614194,1292.5213228614193,1301.0451570737464,0.84,-154.4488796407686,-0.4979385327136462,"{'trail_atr_mult': 3.0, 'trail_atr_len': 14, 'tp_converts_to_trail': True, 'rsi': np.float64(70.36332114572595), 'atr': 1.7587892684366198, 'exit_reason': 'sl', 'signal_time': Timestamp('2017-11-27 09:00:00+0000', tz='UTC')}"
2017-12-19 05:00:00+00:00,2017-12-19 13:00:00+00:00,1,1263.565,1260.66519206739,1260.84019206739,1269.1959450134555,1.01,-292.8806011936074,-0.9421162555128919,"{'trail_atr_mult': 3.0, 'trail_atr_len': 14, 'tp_converts_to_trail': True, 'rsi': np.float64(67.85281755342262), 'atr': 1.451486253363866, 'exit_reason': 'sl', 'signal_time': Timestamp('2017-12-19 04:00:00+0000', tz='UTC')}"
2017-12-20 10:00:00+00:00,2017-12-20 14:00:00+00:00,1,1265.205,1262.0796422246751,1262.254642224675,1270.5807155506498,1.05,-328.1625664091041,-1.0593148402080443,"{'trail_atr_mult': 3.0, 'trail_atr_len': 14, 'tp_converts_to_trail': True, 'rsi': np.float64(66.51961722039981), 'atr': 1.3876788876624209, 'exit_reason': 'sl', 'signal_time': Timestamp('2017-12-20 09:00:00+0000', tz='UTC')}"
2017-12-21 04:00:00+00:00,2017-12-21 07:00:00+00:00,1,1267.625,1264.5851579250084,1264.7601579250083,1272.7696841499835,1.08,-328.3029440990941,-1.0610853915919483,"{'trail_atr_mult': 3.0, 'trail_atr_len': 14, 'tp_converts_to_trail': True, 'rsi': np.float64(65.04941618535665), 'atr': 1.334921037495849, 'exit_reason': 'sl', 'signal_time': Timestamp('2017-12-21 03:00:00+0000', tz='UTC')}"
2017-12-21 01:00:00+00:00,2017-12-21 08:00:00+00:00,1,1267.875,1264.4882104443436,1264.6632104443436,1273.7735791113128,0.96,-325.1317973430123,-1.0544867579171724,"{'trail_atr_mult': 3.0, 'trail_atr_len': 14, 'tp_converts_to_trail': True, 'rsi': np.float64(67.2892265249742), 'atr': 1.5183947778281792, 'exit_reason': 'sl', 'signal_time': Timestamp('2017-12-21 00:00:00+0000', tz='UTC')}"
2017-12-20 17:00:00+00:00,2017-12-21 12:00:00+00:00,1,1266.745,1264.0863028506778,1264.2613028506778,1273.4704004732837,0.83,-121.07186339373027,-0.39262948331436365,"{'trail_atr_mult': 3.0, 'trail_atr_len': 14, 'tp_converts_to_trail': True, 'rsi': np.float64(65.81501128607826), 'atr': 1.74010011832091, 'exit_reason': 'sl', 'signal_time': Timestamp('2017-12-20 16:00:00+0000', tz='UTC')}"
2017-12-27 14:00:00+00:00,2017-12-28 06:00:00+00:00,1,1285.355,1291.2114994181684,1291.3864994181683,,0.99,698.5934423986685,2.277576077059987,"{'trail_atr_mult': 3.0, 'trail_atr_len': 14, 'tp_converts_to_trail': True, 'rsi': np.float64(67.63910156387831), 'atr': 1.521624854542074, 'exit_reason': 'sl', 'signal_time': Timestamp('2017-12-27 13:00:00+0000', tz='UTC')}"
2017-12-22 13:00:00+00:00,2017-12-28 13:00:00+00:00,1,1268.915,1288.615442365844,1288.790442365844,,1.23,2816.754410998822,9.156368204813939,"{'trail_atr_mult': 3.0, 'trail_atr_len': 14, 'tp_converts_to_trail': True, 'rsi': np.float64(65.48704839113043), 'atr': 1.1630199580006744, 'exit_reason': 'sl', 'signal_time': Timestamp('2017-12-22 12:00:00+0000', tz='UTC')}"
2017-12-29 00:00:00+00:00,2018-01-02 07:00:00+00:00,1,1294.7649999999999,1309.105,1303.4852906817287,,1.06,1689.6400000000153,5.30089659251232,"{'trail_atr_mult': 3.0, 'trail_atr_len': 14, 'tp_converts_to_trail': True, 'rsi': np.float64(66.98068771585176), 'atr': 1.416019236964229, 'exit_reason': 'end_of_data', 'signal_time': Timestamp('2017-12-28 23:00:00+0000', tz='UTC')}"
2017-12-29 08:00:00+00:00,2018-01-02 07:00:00+00:00,1,1296.495,1309.105,1303.4852906817287,,1.23,1747.8300000000156,5.497963048225532,"{'trail_atr_mult': 3.0, 'trail_atr_len': 14, 'tp_converts_to_trail': True, 'rsi': np.float64(68.23425584566522), 'atr': 1.2097967902255145, 'exit_reason': 'end_of_data', 'signal_time': Timestamp('2017-12-29 07:00:00+0000', tz='UTC')}"
2018-01-04 15:00:00+00:00,2018-01-05 06:00:00+00:00,1,1319.835,1318.3047375297388,1318.4797375297387,1331.4298835513364,0.49,-55.382861042802595,-0.1865137508085525,"{'trail_atr_mult': 3.0, 'trail_atr_len': 14, 'tp_converts_to_trail': True, 'rsi': np.float64(70.26416881223372), 'atr': 2.942470887834055, 'exit_reason': 'sl', 'signal_time': Timestamp('2018-01-04 14:00:00+0000', tz='UTC')}"
2018-01-05 00:00:00+00:00,2018-01-05 08:00:00+00:00,1,1322.935,1316.6764548298231,1316.851454829823,1334.577090340354,0.49,-306.6687133386647,-1.0287661215795438,"{'trail_atr_mult': 3.0, 'trail_atr_len': 14, 'tp_converts_to_trail': True, 'rsi': np.float64(65.44513543487673), 'atr': 2.9542725850885074, 'exit_reason': 'sl', 'signal_time': Timestamp('2018-01-04 23:00:00+0000', tz='UTC')}"
2018-01-12 02:00:00+00:00,2018-01-12 13:00:00+00:00,1,1326.2849999999999,1326.0143015392334,1326.1893015392334,1334.8121024645384,0.66,-17.866098410584076,-0.05980896964586807,"{'trail_atr_mult': 3.0, 'trail_atr_len': 14, 'tp_converts_to_trail': True, 'rsi': np.float64(69.35593730558972), 'atr': 2.175525616134619, 'exit_reason': 'sl', 'signal_time': Timestamp('2018-01-12 01:00:00+0000', tz='UTC')}"
2018-01-12 00:00:00+00:00,2018-01-12 13:00:00+00:00,1,1324.405,1326.0143015392334,1326.1893015392334,1333.0090064085773,0.65,104.60460005017467,0.3525688267063522,"{'trail_atr_mult': 3.0, 'trail_atr_len': 14, 'tp_converts_to_trail': True, 'rsi': np.float64(65.81929499377308), 'atr': 2.194751602144339, 'exit_reason': 'sl', 'signal_time': Timestamp('2018-01-11 23:00:00+0000', tz='UTC')}"
2018-01-12 18:00:00+00:00,2018-01-16 07:00:00+00:00,1,1337.735,1338.1684709599592,1338.3434709599592,1350.1243688936859,0.46,93.53966415812884,0.31418618808851145,"{'trail_atr_mult': 3.0, 'trail_atr_len': 14, 'tp_converts_to_trail': True, 'rsi': np.float64(71.30318513712979), 'atr': 3.1435922234214653, 'exit_reason': 'sl', 'signal_time': Timestamp('2018-01-12 17:00:00+0000', tz='UTC')}"
2018-01-15 09:00:00+00:00,2018-01-16 08:00:00+00:00,1,1342.985,1337.0984709599593,1337.2734709599592,1354.0768683175606,0.51,-279.8129810420713,-0.944579707725002,"{'trail_atr_mult': 3.0, 'trail_atr_len': 14, 'tp_converts_to_trail': True, 'rsi': np.float64(66.25410985144765), 'atr': 2.816717079390162, 'exit_reason': 'sl', 'signal_time': Timestamp('2018-01-15 08:00:00+0000', tz='UTC')}"
2018-01-23 19:00:00+00:00,2018-01-24 11:00:00+00:00,1,1340.5349999999999,1349.385,1349.7466566895714,,0.62,573.5000000000084,1.9237454967133547,"{'trail_atr_mult': 3.0, 'trail_atr_len': 14, 'tp_converts_to_trail': True, 'rsi': np.float64(65.91699621160555), 'atr': 2.336664172392812, 'exit_reason': 'sl_gap', 'signal_time': Timestamp('2018-01-23 18:00:00+0000', tz='UTC')}"
2018-01-24 02:00:00+00:00,2018-01-24 11:00:00+00:00,1,1341.565,1349.3623973415006,1349.5373973415005,,0.7,545.8178139050369,1.8352436700632802,"{'trail_atr_mult': 3.0, 'trail_atr_len': 14, 'tp_converts_to_trail': True, 'rsi': np.float64(65.82079337812849), 'atr': 2.0368493353751123, 'exit_reason': 'sl', 'signal_time': Timestamp('2018-01-24 01:00:00+0000', tz='UTC')}"
2018-01-24 05:00:00+00:00,2018-01-24 11:00:00+00:00,1,1342.095,1349.385,1349.5915422592116,,0.74,539.4599999999973,1.8108331957544226,"{'trail_atr_mult': 3.0, 'trail_atr_len': 14, 'tp_converts_to_trail': True, 'rsi': np.float64(66.36322899703974), 'atr': 1.9203855648028862, 'exit_reason': 'sl_gap', 'signal_time': Timestamp('2018-01-24 04:00:00+0000', tz='UTC')}"
2018-02-01 20:00:00+00:00,2018-02-02 13:00:00+00:00,1,1349.965,1343.7196852017228,1343.8946852017227,1362.3058947849195,0.47,-274.72979551902597,-0.9129100147161493,"{'trail_atr_mult': 3.0, 'trail_atr_len': 14, 'tp_converts_to_trail': True, 'rsi': np.float64(67.91882449106325), 'atr': 3.1239736962298816, 'exit_reason': 'sl', 'signal_time': Timestamp('2018-02-01 19:00:00+0000', tz='UTC')}"
2018-02-16 04:00:00+00:00,2018-02-16 12:00:00+00:00,1,1358.845,1354.1780165678465,1354.3530165678465,1369.9334449213254,0.52,-242.6831384719835,-0.8037207673984565,"{'trail_atr_mult': 3.0, 'trail_atr_len': 14, 'tp_converts_to_trail': True, 'rsi': np.float64(66.87631240516149), 'atr': 2.815861230331322, 'exit_reason': 'sl', 'signal_time': Timestamp('2018-02-16 03:00:00+0000', tz='UTC')}"
2018-02-16 08:00:00+00:00,2018-02-16 12:00:00+00:00,1,1360.195,1354.6516325177272,1354.8266325177271,1370.4067349645454,0.56,-310.4285790072736,-1.0325983645079873,"{'trail_atr_mult': 3.0, 'trail_atr_len': 14, 'tp_converts_to_trail': True, 'rsi': np.float64(67.95864520282055), 'atr': 2.596683741136365, 'exit_reason': 'sl', 'signal_time': Timestamp('2018-02-16 07:00:00+0000', tz='UTC')}"
2018-02-15 07:00:00+00:00,2018-02-16 12:00:00+00:00,1,1354.835,1354.1780165678465,1354.3530165678465,1368.3184620596307,0.43,-11.050287582602138,-0.03684756513727638,"{'trail_atr_mult': 3.0, 'trail_atr_len': 14, 'tp_converts_to_trail': True, 'rsi': np.float64(67.4859252847965), 'atr': 3.4096155149076712, 'exit_reason': 'sl', 'signal_time': Timestamp('2018-02-15 06:00:00+0000', tz='UTC')}"
2018-02-14 15:00:00+00:00,2018-02-16 12:00:00+00:00,1,1348.5149999999999,1354.1780165678465,1354.3530165678465,1366.0317111173079,0.33,239.67954673893865,0.8011396741164234,"{'trail_atr_mult': 3.0, 'trail_atr_len': 14, 'tp_converts_to_trail': True, 'rsi': np.float64(74.23679833198825), 'atr': 4.430427779326982, 'exit_reason': 'sl', 'signal_time': Timestamp('2018-02-14 14:00:00+0000', tz='UTC')}"
2018-03-06 22:00:00+00:00,2018-03-07 04:00:00+00:00,1,1339.725,1332.2371092707513,1332.4121092707512,1344.2686877787169,0.28,-198.46094041896214,-0.6809161849763269,"{'trail_atr_mult': 3.0, 'trail_atr_len': 14, 'tp_converts_to_trail': True, 'rsi': np.float64(65.46207946553302), 'atr': 2.4921719446792503, 'exit_reason': 'sl', 'signal_time': Timestamp('2018-03-06 20:00:00+0000', tz='UTC')}"
2018-03-06 18:00:00+00:00,2018-03-07 04:00:00+00:00,1,1334.7849999999999,1332.2371092707513,1332.4121092707512,1345.5426714905777,0.53,-113.83820865017542,-0.38074151694345,"{'trail_atr_mult': 3.0, 'trail_atr_len': 14, 'tp_converts_to_trail': True, 'rsi': np.float64(67.44028311469887), 'atr': 2.733167872644455, 'exit_reason': 'sl', 'signal_time': Timestamp('2018-03-06 17:00:00+0000', tz='UTC')}"
2018-03-22 07:00:00+00:00,2018-03-22 16:00:00+00:00,1,1332.085,1325.778805302872,1325.9538053028718,1343.8223893942566,0.49,-309.0035401592793,-1.0285425612208863,"{'trail_atr_mult': 3.0, 'trail_atr_len': 14, 'tp_converts_to_trail': True, 'rsi': np.float64(66.55708036864908), 'atr': 2.978097348564118, 'exit_reason': 'sl', 'signal_time': Timestamp('2018-03-22 06:00:00+0000', tz='UTC')}"
2018-03-25 23:00:00+00:00,2018-03-26 07:00:00+00:00,1,1350.305,1343.439720225666,1343.614720225666,1363.1605595486685,0.44,-284.4723100707009,-0.9663691194405336,"{'trail_atr_mult': 3.0, 'trail_atr_len': 14, 'tp_converts_to_trail': True, 'rsi': np.float64(67.92209341036406), 'atr': 3.2576398871670773, 'exit_reason': 'sl', 'signal_time': Timestamp('2018-03-25 22:00:00+0000', tz='UTC')}"
2018-03-23 00:00:00+00:00,2018-03-26 15:00:00+00:00,1,1338.805,1351.9114917873605,1352.0864917873605,,0.43,615.1791468565008,2.0724296957838235,"{'trail_atr_mult': 3.0, 'trail_atr_len': 14, 'tp_converts_to_trail': True, 'rsi': np.float64(73.784315462955), 'atr': 3.364122946840076, 'exit_reason': 'sl', 'signal_time': Timestamp('2018-03-22 23:00:00+0000', tz='UTC')}"
2018-03-26 14:00:00+00:00,2018-03-27 10:00:00+00:00,1,1352.895,1349.674354794195,1349.849354794195,1363.5447745973565,0.53,-149.49419590765893,-0.5061825488106231,"{'trail_atr_mult': 3.0, 'trail_atr_len': 14, 'tp_converts_to_trail': True, 'rsi': np.float64(66.65529132081278), 'atr': 2.7036936493391064, 'exit_reason': 'sl', 'signal_time': Timestamp('2018-03-26 13:00:00+0000', tz='UTC')}"
2018-04-04 09:00:00+00:00,2018-04-04 15:00:00+00:00,1,1342.155,1339.2483825051418,1339.4233825051417,1352.3726174472172,0.56,-162.7705797120598,-0.5457095421402907,"{'trail_atr_mult': 3.0, 'trail_atr_len': 14, 'tp_converts_to_trail': True, 'rsi': np.float64(67.89026662892407), 'atr': 2.5906543618042805, 'exit_reason': 'sl', 'signal_time': Timestamp('2018-04-04 08:00:00+0000', tz='UTC')}"
2018-04-11 10:00:00+00:00,2018-04-11 14:00:00+00:00,1,1345.635,1352.285,1354.4609418116154,,0.65,432.2500000000059,1.4455041964519417,"{'trail_atr_mult': 3.0, 'trail_atr_len': 14, 'tp_converts_to_trail': True, 'rsi': np.float64(66.78263566167053), 'atr': 2.2377354529038547, 'exit_reason': 'sl_gap', 'signal_time': Timestamp('2018-04-11 09:00:00+0000', tz='UTC')}"
2018-04-10 19:00:00+00:00,2018-04-11 14:00:00+00:00,1,1341.885,1352.285,1352.8247411788946,,0.53,572.4000000000049,1.9140890923044163,"{'trail_atr_mult': 3.0, 'trail_atr_len': 14, 'tp_converts_to_trail': True, 'rsi': np.float64(66.85477825816292), 'atr': 2.7636852947236314, 'exit_reason': 'sl_gap', 'signal_time': Timestamp('2018-04-10 18:00:00+0000', tz='UTC')}"
2018-04-11 07:00:00+00:00,2018-04-11 14:00:00+00:00,1,1344.805,1352.285,1353.382600969992,,0.66,493.6800000000012,1.6654418970604272,"{'trail_atr_mult': 3.0, 'trail_atr_len': 14, 'tp_converts_to_trail': True, 'rsi': np.float64(68.23595767286425), 'atr': 2.1781502424979595, 'exit_reason': 'sl_gap', 'signal_time': Timestamp('2018-04-11 06:00:00+0000', tz='UTC')}"
2018-04-18 13:00:00+00:00,2018-04-18 20:00:00+00:00,1,1353.315,1347.6891801199592,1347.8641801199592,1363.811639760082,0.55,-309.42009340224445,-1.0321052619333007,"{'trail_atr_mult': 3.0, 'trail_atr_len': 14, 'tp_converts_to_trail': True, 'rsi': np.float64(69.37664235442155), 'atr': 2.657909940020469, 'exit_reason': 'sl', 'signal_time': Timestamp('2018-04-18 12:00:00+0000', tz='UTC')}"
2018-05-11 09:00:00+00:00,2018-05-11 19:00:00+00:00,1,1323.2749999999999,1319.772791272349,1319.947791272349,1331.1942441549172,0.71,-248.65681966321355,-0.8294901623874777,"{'trail_atr_mult': 3.0, 'trail_atr_len': 14, 'tp_converts_to_trail': True, 'rsi': np.float64(65.21836071018515), 'atr': 2.0235610387293415, 'exit_reason': 'sl', 'signal_time': Timestamp('2018-05-11 08:00:00+0000', tz='UTC')}"
2018-05-25 13:00:00+00:00,2018-05-25 14:00:00+00:00,1,1307.615,1303.209422563813,1303.384422563813,1315.5811548723746,0.71,-312.7959979692812,-1.0413655115973193,"{'trail_atr_mult': 3.0, 'trail_atr_len': 14, 'tp_converts_to_trail': True, 'rsi': np.float64(68.38518451618637), 'atr': 2.0327887180936135, 'exit_reason': 'sl', 'signal_time': Timestamp('2018-05-25 12:00:00+0000', tz='UTC')}"
2018-05-25 09:00:00+00:00,2018-05-25 20:00:00+00:00,1,1305.155,1301.464770582307,1301.639770582307,1312.042495906206,0.82,-302.5988122508251,-1.0038031886772378,"{'trail_atr_mult': 3.0, 'trail_atr_len': 14, 'tp_converts_to_trail': True, 'rsi': np.float64(66.05640001258696), 'atr': 1.7606239765515237, 'exit_reason': 'sl', 'signal_time': Timestamp('2018-05-25 08:00:00+0000', tz='UTC')}"
2018-05-31 07:00:00+00:00,2018-05-31 13:00:00+00:00,1,1305.095,1300.682820734098,1300.857820734098,1313.0443585318044,0.71,-313.26472787904686,-1.041301061158359,"{'trail_atr_mult': 3.0, 'trail_atr_len': 14, 'tp_converts_to_trail': True, 'rsi': np.float64(65.33941947322256), 'atr': 2.0310896329511055, 'exit_reason': 'sl', 'signal_time': Timestamp('2018-05-31 06:00:00+0000', tz='UTC')}"
2018-06-14 07:00:00+00:00,2018-06-14 15:00:00+00:00,1,1302.725,1302.6001590192077,1302.7751590192076,1309.7148436822065,0.8,-9.987278463377153,-0.033358340158523785,"{'trail_atr_mult': 3.0, 'trail_atr_len': 14, 'tp_converts_to_trail': True, 'rsi': np.float64(71.88685563290991), 'atr': 1.7887109205516467, 'exit_reason': 'sl', 'signal_time': Timestamp('2018-06-14 06:00:00+0000', tz='UTC')}"
2018-06-14 15:00:00+00:00,2018-06-14 19:00:00+00:00,1,1307.165,1301.6285778035583,1301.8035778035583,1317.3328443928835,0.55,-304.50322080429146,-1.0326405930344562,"{'trail_atr_mult': 3.0, 'trail_atr_len': 14, 'tp_converts_to_trail': True, 'rsi': np.float64(65.8967178936508), 'atr': 2.5882110982208903, 'exit_reason': 'sl', 'signal_time': Timestamp('2018-06-14 14:00:00+0000', tz='UTC')}"
2018-08-28 09:00:00+00:00,2018-08-28 15:00:00+00:00,1,1213.155,1208.9425897871747,1209.1175897871747,1220.8248204256506,0.74,-311.71835574906936,-1.0433446171617753,"{'trail_atr_mult': 3.0, 'trail_atr_len': 14, 'tp_converts_to_trail': True, 'rsi': np.float64(66.29294025228415), 'atr': 1.9512051064126772, 'exit_reason': 'sl', 'signal_time': Timestamp('2018-08-28 08:00:00+0000', tz='UTC')}"
2018-08-28 00:00:00+00:00,2018-08-28 15:00:00+00:00,1,1211.185,1208.3052500563713,1208.4802500563712,1219.0845970225716,0.71,-204.46224599763534,-0.6836528645615002,"{'trail_atr_mult': 3.0, 'trail_atr_len': 14, 'tp_converts_to_trail': True, 'rsi': np.float64(65.73350775063602), 'atr': 2.0186492556429037, 'exit_reason': 'sl', 'signal_time': Timestamp('2018-08-27 23:00:00+0000', tz='UTC')}"
2018-08-27 03:00:00+00:00,2018-08-28 15:00:00+00:00,1,1205.945,1208.3052500563713,1208.4802500563712,1215.4709224885667,0.59,162.85475332590917,0.5492530779162458,"{'trail_atr_mult': 3.0, 'trail_atr_len': 14, 'tp_converts_to_trail': True, 'rsi': np.float64(66.85058401599008), 'atr': 2.4252306221416595, 'exit_reason': 'sl', 'signal_time': Timestamp('2018-08-27 02:00:00+0000', tz='UTC')}"
2018-08-27 15:00:00+00:00,2018-08-28 15:00:00+00:00,1,1211.175,1208.3052500563713,1208.4802500563712,1220.7357636289896,0.59,-145.71524667409187,-0.4897497174194973,"{'trail_atr_mult': 3.0, 'trail_atr_len': 14, 'tp_converts_to_trail': True, 'rsi': np.float64(71.2440066435363), 'atr': 2.4339409072473845, 'exit_reason': 'sl', 'signal_time': Timestamp('2018-08-27 14:00:00+0000', tz='UTC')}"
2018-08-27 20:00:00+00:00,2018-08-28 15:00:00+00:00,1,1210.5049999999999,1208.3052500563713,1208.4802500563712,1219.4439937323332,0.64,-115.18399639223063,-0.38398787006242013,"{'trail_atr_mult': 3.0, 'trail_atr_len': 14, 'tp_converts_to_trail': True, 'rsi': np.float64(65.34265024182709), 'atr': 2.2709984330833417, 'exit_reason': 'sl', 'signal_time': Timestamp('2018-08-27 19:00:00+0000', tz='UTC')}"
2018-09-13 13:00:00+00:00,2018-09-13 15:00:00+00:00,1,1209.875,1205.6860894270949,1205.8610894270948,1218.4709997969921,0.65,-272.2791872388325,-0.9155088330964773,"{'trail_atr_mult': 3.0, 'trail_atr_len': 14, 'tp_converts_to_trail': True, 'rsi': np.float64(71.54120590753953), 'atr': 2.1952499492480255, 'exit_reason': 'sl', 'signal_time': Timestamp('2018-09-13 12:00:00+0000', tz='UTC')}"
2018-09-19 13:00:00+00:00,2018-09-19 14:00:00+00:00,1,1205.425,1201.1849573153288,1201.3599573153288,1213.0300853693425,0.73,-309.52311598099413,-1.0430499784565261,"{'trail_atr_mult': 3.0, 'trail_atr_len': 14, 'tp_converts_to_trail': True, 'rsi': np.float64(68.80345016273156), 'atr': 1.9450213423356209, 'exit_reason': 'sl', 'signal_time': Timestamp('2018-09-19 12:00:00+0000', tz='UTC')}"
2018-09-19 06:00:00+00:00,2018-09-20 07:00:00+00:00,1,1203.975,1201.5942121915102,1201.7692121915102,1210.8462911077484,0.8,-94.46302467917485,-0.3192918697460946,"{'trail_atr_mult': 3.0, 'trail_atr_len': 14, 'tp_converts_to_trail': True, 'rsi': np.float64(66.87428388822494), 'atr': 1.761572776937122, 'exit_reason': 'sl', 'signal_time': Timestamp('2018-09-19 05:00:00+0000', tz='UTC')}"
2018-09-20 03:00:00+00:00,2018-09-20 07:00:00+00:00,1,1206.375,1202.6099516775919,1202.7849516775918,1213.0300966448165,0.82,-308.73396243746583,-1.0487458619728456,"{'trail_atr_mult': 3.0, 'trail_atr_len': 14, 'tp_converts_to_trail': True, 'rsi': np.float64(66.15977786724497), 'atr': 1.7075241612040941, 'exit_reason': 'sl', 'signal_time': Timestamp('2018-09-20 02:00:00+0000', tz='UTC')}"
2018-09-21 01:00:00+00:00,2018-09-21 11:00:00+00:00,1,1209.495,1205.6481365458803,1205.8231365458803,1216.8962933809428,0.74,-284.6678956048472,-0.9706588613963243,"{'trail_atr_mult': 3.0, 'trail_atr_len': 14, 'tp_converts_to_trail': True, 'rsi': np.float64(66.56387356767809), 'atr': 1.8940733452357037, 'exit_reason': 'sl', 'signal_time': Timestamp('2018-09-21 00:00:00+0000', tz='UTC')}"
2018-10-05 13:00:00+00:00,2018-10-08 02:00:00+00:00,1,1204.465,1199.7491596474817,1199.9241596474817,1213.0216807050367,0.64,-225.01378256116294,-0.7742708572805008,"{'trail_atr_mult': 3.0, 'trail_atr_len': 14, 'tp_converts_to_trail': True, 'rsi': np.float64(69.81556783538197), 'atr': 2.182920176259167, 'exit_reason': 'sl', 'signal_time': Timestamp('2018-10-05 12:00:00+0000', tz='UTC')}"
2018-10-15 07:00:00+00:00,2018-10-15 14:00:00+00:00,1,1224.995,1225.317871970625,1225.492871970625,1234.2400903505468,0.6,19.37231823750608,0.06609395799641203,"{'trail_atr_mult': 3.0, 'trail_atr_len': 14, 'tp_converts_to_trail': True, 'rsi': np.float64(67.32519306672239), 'atr': 2.3550225876367303, 'exit_reason': 'sl', 'signal_time': Timestamp('2018-10-15 06:00:00+0000', tz='UTC')}"
2018-10-25 02:00:00+00:00,2018-10-25 08:00:00+00:00,1,1236.845,1232.0512835993522,1232.2262835993522,1246.3102194833086,0.58,-278.0355512375713,-0.9596818986123505,"{'trail_atr_mult': 3.0, 'trail_atr_len': 14, 'tp_converts_to_trail': True, 'rsi': np.float64(66.13588833452025), 'atr': 2.410054870827139, 'exit_reason': 'sl', 'signal_time': Timestamp('2018-10-25 01:00:00+0000', tz='UTC')}"
2018-10-26 09:00:00+00:00,2018-10-26 13:00:00+00:00,1,1237.5449999999998,1232.693602358667,1232.868602358667,1246.3127952826655,0.62,-300.78665376263507,-1.037421967382157,"{'trail_atr_mult': 3.0, 'trail_atr_len': 14, 'tp_converts_to_trail': True, 'rsi': np.float64(67.08472846869336), 'atr': 2.2406988206664225, 'exit_reason': 'sl', 'signal_time': Timestamp('2018-10-26 08:00:00+0000', tz='UTC')}"
2018-10-26 15:00:00+00:00,2018-10-26 17:00:00+00:00,1,1243.355,1236.924052137109,1237.0990521371089,1255.3118957257825,0.46,-295.82360169299136,-1.0279733789084164,"{'trail_atr_mult': 3.0, 'trail_atr_len': 14, 'tp_converts_to_trail': True, 'rsi': np.float64(71.48135929534699), 'atr': 3.0354739314456265, 'exit_reason': 'sl', 'signal_time': Timestamp('2018-10-26 14:00:00+0000', tz='UTC')}"
2018-11-02 09:00:00+00:00,2018-11-02 12:00:00+00:00,1,1235.915,1230.5955942153323,1230.7705942153323,1245.6788115693355,0.56,-297.88672394138854,-1.0340175342546891,"{'trail_atr_mult': 3.0, 'trail_atr_len': 14, 'tp_converts_to_trail': True, 'rsi': np.float64(68.99099397839387), 'atr': 2.484702892333862, 'exit_reason': 'sl', 'signal_time': Timestamp('2018-11-02 08:00:00+0000', tz='UTC')}"
2018-11-02 04:00:00+00:00,2018-11-05 12:00:00+00:00,1,1233.205,1230.2760135738195,1230.4510135738194,1242.3232653011667,0.6,-103.73918557082834,-0.35858941389309457,"{'trail_atr_mult': 3.0, 'trail_atr_len': 14, 'tp_converts_to_trail': True, 'rsi': np.float64(65.73522396565218), 'atr': 2.3233163252916955, 'exit_reason': 'sl', 'signal_time': Timestamp('2018-11-02 03:00:00+0000', tz='UTC')}"
2018-11-02 07:00:00+00:00,2018-11-05 12:00:00+00:00,1,1234.0349999999999,1230.2760135738195,1230.4510135738194,1243.4337696307084,0.57,-145.8622262922828,-0.5095669296030789,"{'trail_atr_mult': 3.0, 'trail_atr_len': 14, 'tp_converts_to_trail': True, 'rsi': np.float64(65.23879620935293), 'atr': 2.403442407677127, 'exit_reason': 'sl', 'signal_time': Timestamp('2018-11-02 06:00:00+0000', tz='UTC')}"
2018-11-06 10:00:00+00:00,2018-11-06 14:00:00+00:00,1,1235.485,1231.4478902483509,1231.6228902483508,1242.684219503298,0.74,-298.746121622029,-1.0453120214735563,"{'trail_atr_mult': 3.0, 'trail_atr_len': 14, 'tp_converts_to_trail': True, 'rsi': np.float64(66.89502040509561), 'atr': 1.843554875824531, 'exit_reason': 'sl', 'signal_time': Timestamp('2018-11-06 09:00:00+0000', tz='UTC')}"
2018-11-20 13:00:00+00:00,2018-11-20 15:00:00+00:00,1,1226.915,1222.4676848864501,1222.64268488645,1234.9346302271,0.67,-297.9701126078399,-1.0409613980590835,"{'trail_atr_mult': 3.0, 'trail_atr_len': 14, 'tp_converts_to_trail': True, 'rsi': np.float64(65.94660889563397), 'atr': 2.0486575567749767, 'exit_reason': 'sl', 'signal_time': Timestamp('2018-11-20 12:00:00+0000', tz='UTC')}"
2018-11-29 14:00:00+00:00,2018-11-29 19:00:00+00:00,1,1227.075,1222.3766639421185,1222.5516639421185,1235.6566721157633,0.63,-295.9951716465366,-1.03868825967397,"{'trail_atr_mult': 3.0, 'trail_atr_len': 14, 'tp_converts_to_trail': True, 'rsi': np.float64(66.65880703793533), 'atr': 2.184168028940775, 'exit_reason': 'sl', 'signal_time': Timestamp('2018-11-29 13:00:00+0000', tz='UTC')}"
2018-12-03 05:00:00+00:00,2018-12-03 15:00:00+00:00,1,1226.945,1233.2050000000002,1233.5916752449868,,0.79,494.54000000001724,1.7457566847791537,"{'trail_atr_mult': 3.0, 'trail_atr_len': 14, 'tp_converts_to_trail': True, 'rsi': np.float64(68.00669150510745), 'atr': 1.7054188112467035, 'exit_reason': 'sl_gap', 'signal_time': Timestamp('2018-12-03 04:00:00+0000', tz='UTC')}"
2018-12-03 13:00:00+00:00,2018-12-04 10:00:00+00:00,1,1232.185,1240.4650000000001,1240.7131164200346,,0.63,546.8400000000127,1.9175717172467157,"{'trail_atr_mult': 3.0, 'trail_atr_len': 14, 'tp_converts_to_trail': True, 'rsi': np.float64(71.2564737327267), 'atr': 2.1757791050086634, 'exit_reason': 'sl_gap', 'signal_time': Timestamp('2018-12-03 12:00:00+0000', tz='UTC')}"
2018-12-04 01:00:00+00:00,2018-12-05 00:00:00+00:00,1,1235.115,1235.3889654070883,1235.5639654070883,1243.470496278197,0.64,43.13378605365288,0.15178552773971035,"{'trail_atr_mult': 3.0, 'trail_atr_len': 14, 'tp_converts_to_trail': True, 'rsi': np.float64(70.4820506813658), 'atr': 2.13262406954924, 'exit_reason': 'sl', 'signal_time': Timestamp('2018-12-04 00:00:00+0000', tz='UTC')}"
2018-12-04 17:00:00+00:00,2018-12-05 00:00:00+00:00,1,1240.185,1235.225120212522,1235.4001202125219,1249.1997595749563,0.6,-273.5927872486818,-0.9529768750745076,"{'trail_atr_mult': 3.0, 'trail_atr_len': 14, 'tp_converts_to_trail': True, 'rsi': np.float64(65.91593132417705), 'atr': 2.2999398937390425, 'exit_reason': 'sl', 'signal_time': Timestamp('2018-12-04 16:00:00+0000', tz='UTC')}"
2018-12-06 14:00:00+00:00,2018-12-06 18:00:00+00:00,1,1243.625,1239.1165587514733,1239.2915587514733,1253.2368824970538,0.66,-297.557122402759,-1.040383609691132,"{'trail_atr_mult': 3.0, 'trail_atr_len': 14, 'tp_converts_to_trail': True, 'rsi': np.float64(68.36277059083227), 'atr': 2.32422062426341, 'exit_reason': 'sl', 'signal_time': Timestamp('2018-12-06 13:00:00+0000', tz='UTC')}"
2018-12-07 13:00:00+00:00,2018-12-10 13:00:00+00:00,1,1244.135,1244.932118464691,1245.107118464691,1252.2148763742994,0.67,133.8069371342996,0.4641829534369527,"{'trail_atr_mult': 3.0, 'trail_atr_len': 14, 'tp_converts_to_trail': True, 'rsi': np.float64(68.1576661221765), 'atr': 2.0637190935748073, 'exit_reason': 'sl', 'signal_time': Timestamp('2018-12-07 12:00:00+0000', tz='UTC')}"
2018-12-19 04:00:00+00:00,2018-12-19 09:00:00+00:00,1,1251.225,1247.9702361476543,1248.1452361476543,1256.7095277046915,0.93,-302.69303826814127,-1.0568225384769903,"{'trail_atr_mult': 3.0, 'trail_atr_len': 14, 'tp_converts_to_trail': True, 'rsi': np.float64(66.60857839882829), 'atr': 1.4273819261728615, 'exit_reason': 'sl', 'signal_time': Timestamp('2018-12-19 03:00:00+0000', tz='UTC')}"
2018-12-19 02:00:00+00:00,2018-12-19 09:00:00+00:00,1,1250.975,1247.5252738753861,1247.700273875386,1256.9394522492278,0.88,-303.5758989660135,-1.0534395834462618,"{'trail_atr_mult': 3.0, 'trail_atr_len': 14, 'tp_converts_to_trail': True, 'rsi': np.float64(66.88659883069153), 'atr': 1.5398630623069698, 'exit_reason': 'sl', 'signal_time': Timestamp('2018-12-19 01:00:00+0000', tz='UTC')}"
2018-12-18 08:00:00+00:00,2018-12-19 10:00:00+00:00,1,1248.625,1247.0114343019661,1247.186434301966,1254.9069282466269,0.84,-101.939518634846,-0.3565677950653524,"{'trail_atr_mult': 3.0, 'trail_atr_len': 14, 'tp_converts_to_trail': True, 'rsi': np.float64(66.39138332498608), 'atr': 1.614232061656731, 'exit_reason': 'sl', 'signal_time': Timestamp('2018-12-18 07:00:00+0000', tz='UTC')}"
2018-12-19 14:00:00+00:00,2018-12-19 18:00:00+00:00,1,1255.935,1251.4045326508092,1251.5795326508091,1263.8209346983817,0.65,-294.48037769739926,-1.0401793851198236,"{'trail_atr_mult': 3.0, 'trail_atr_len': 14, 'tp_converts_to_trail': True, 'rsi': np.float64(72.19068706136848), 'atr': 2.0402336745954166, 'exit_reason': 'sl', 'signal_time': Timestamp('2018-12-19 13:00:00+0000', tz='UTC')}"
2018-12-20 09:00:00+00:00,2018-12-21 06:00:00+00:00,1,1257.075,1258.5686038128222,1258.7436038128221,1267.5158486697323,0.52,98.46739826675075,0.3453638418426906,"{'trail_atr_mult': 3.0, 'trail_atr_len': 14, 'tp_converts_to_trail': True, 'rsi': np.float64(70.00563727798627), 'atr': 2.6539621674330807, 'exit_reason': 'sl', 'signal_time': Timestamp('2018-12-20 08:00:00+0000', tz='UTC')}"
2018-12-20 13:00:00+00:00,2018-12-21 06:00:00+00:00,1,1257.0149999999999,1258.5686038128222,1258.7436038128221,1267.6885749129585,0.5,97.68019064111513,0.34797003679739974,"{'trail_atr_mult': 3.0, 'trail_atr_len': 14, 'tp_converts_to_trail': True, 'rsi': np.float64(66.30681785759941), 'atr': 2.714643728239678, 'exit_reason': 'sl', 'signal_time': Timestamp('2018-12-20 12:00:00+0000', tz='UTC')}"
2018-12-20 16:00:00+00:00,2018-12-21 06:00:00+00:00,1,1260.225,1258.5686038128222,1258.7436038128221,1272.9253968964179,0.43,-54.02503604864255,-0.18913942834730152,"{'trail_atr_mult': 3.0, 'trail_atr_len': 14, 'tp_converts_to_trail': True, 'rsi': np.float64(66.64279318469202), 'atr': 3.2238492241044527, 'exit_reason': 'sl', 'signal_time': Timestamp('2018-12-20 15:00:00+0000', tz='UTC')}"
2018-12-24 02:00:00+00:00,2018-12-26 07:00:00+00:00,1,1264.055,1273.4409728859043,1273.6159728859043,,0.56,570.4144816106389,2.0258552805333454,"{'trail_atr_mult': 3.0, 'trail_atr_len': 14, 'tp_converts_to_trail': True, 'rsi': np.float64(65.47202104029807), 'atr': 2.4314932214760243, 'exit_reason': 'sl', 'signal_time': Timestamp('2018-12-24 01:00:00+0000', tz='UTC')}"
2018-12-24 14:00:00+00:00,2018-12-26 14:00:00+00:00,1,1266.425,1274.315,1275.795667650441,,0.58,504.0200000000058,1.7778836823709185,"{'trail_atr_mult': 3.0, 'trail_atr_len': 14, 'tp_converts_to_trail': True, 'rsi': np.float64(66.04070216118407), 'atr': 2.3764169126102277, 'exit_reason': 'sl_gap', 'signal_time': Timestamp('2018-12-24 13:00:00+0000', tz='UTC')}"
2018-12-24 16:00:00+00:00,2018-12-26 16:00:00+00:00,1,1268.145,1277.492029759819,1277.667029759819,,0.55,558.0866367900423,1.9843551838845341,"{'trail_atr_mult': 3.0, 'trail_atr_len': 14, 'tp_converts_to_trail': True, 'rsi': np.float64(68.38831172241954), 'atr': 2.439257439954729, 'exit_reason': 'sl', 'signal_time': Timestamp('2018-12-24 15:00:00+0000', tz='UTC')}"
2018-12-28 06:00:00+00:00,2018-12-28 09:00:00+00:00,1,1280.895,1276.0682441497129,1276.2432441497128,1289.6735117005746,0.62,-299.2588627178002,-1.037620203130212,"{'trail_atr_mult': 3.0, 'trail_atr_len': 14, 'tp_converts_to_trail': True, 'rsi': np.float64(68.0457697087504), 'atr': 2.238377925143626, 'exit_reason': 'sl', 'signal_time': Timestamp('2018-12-28 05:00:00+0000', tz='UTC')}"
2018-12-27 17:00:00+00:00,2018-12-31 13:00:00+00:00,1,1277.585,1278.5525345147478,1278.7275345147477,1288.7055527827342,0.5,128.376725737387,0.4432303857911852,"{'trail_atr_mult': 3.0, 'trail_atr_len': 14, 'tp_converts_to_trail': True, 'rsi': np.float64(65.65654774463873), 'atr': 2.8188881956835594, 'exit_reason': 'sl', 'signal_time': Timestamp('2018-12-27 16:00:00+0000', tz='UTC')}"
2018-12-31 10:00:00+00:00,2018-12-31 13:00:00+00:00,1,1282.605,1278.6947111041047,1278.8697111041047,1289.5505777917906,0.77,-301.09224498393746,-1.046850459195341,"{'trail_atr_mult': 3.0, 'trail_atr_len': 14, 'tp_converts_to_trail': True, 'rsi': np.float64(65.93077790722697), 'atr': 1.7801444479476367, 'exit_reason': 'sl', 'signal_time': Timestamp('2018-12-31 09:00:00+0000', tz='UTC')}"
2019-01-02 05:00:00+00:00,2019-01-02 07:00:00+00:00,1,1286.375,1285.275,1281.5151507637677,1295.5696984724646,0.59,-64.89999999999463,-0.22634447007098976,"{'trail_atr_mult': 3.0, 'trail_atr_len': 14, 'tp_converts_to_trail': True, 'rsi': np.float64(66.79035420258623), 'atr': 2.342424618116148, 'exit_reason': 'end_of_data', 'signal_time': Timestamp('2019-01-02 04:00:00+0000', tz='UTC')}"
2019-01-02 08:00:00+00:00,2019-01-02 14:00:00+00:00,1,1288.215,1283.060133465014,1283.2351334650139,1297.4997330699725,0.6,-309.2919920991608,-1.0351415040484502,"{'trail_atr_mult': 3.0, 'trail_atr_len': 14, 'tp_converts_to_trail': True, 'rsi': np.float64(69.09053711932914), 'atr': 2.377433267493126, 'exit_reason': 'sl', 'signal_time': Timestamp('2019-01-02 07:00:00+0000', tz='UTC')}"
2019-01-02 10:00:00+00:00,2019-01-02 14:00:00+00:00,1,1287.465,1282.553201814221,1282.728201814221,1296.413596371558,0.63,-309.4432857040729,-1.0369447869924766,"{'trail_atr_mult': 3.0, 'trail_atr_len': 14, 'tp_converts_to_trail': True, 'rsi': np.float64(65.65307074657206), 'atr': 2.280899092889487, 'exit_reason': 'sl', 'signal_time': Timestamp('2019-01-02 09:00:00+0000', tz='UTC')}"
2019-01-03 06:00:00+00:00,2019-01-03 11:00:00+00:00,1,1292.205,1286.5354813634276,1286.7104813634276,1302.6690372731446,0.54,-306.1540063749053,-1.0318499238195549,"{'trail_atr_mult': 3.0, 'trail_atr_len': 14, 'tp_converts_to_trail': True, 'rsi': np.float64(68.6763138691708), 'atr': 2.659759318286177, 'exit_reason': 'sl', 'signal_time': Timestamp('2019-01-03 05:00:00+0000', tz='UTC')}"
2019-01-03 19:00:00+00:00,2019-01-04 08:00:00+00:00,1,1293.5049999999999,1291.348926689107,1291.523926689107,1304.3410454221741,0.52,-91.31581216643119,-0.3091393873781182,"{'trail_atr_mult': 3.0, 'trail_atr_len': 14, 'tp_converts_to_trail': True, 'rsi': np.float64(68.04217232876425), 'atr': 2.7527613555435453, 'exit_reason': 'sl', 'signal_time': Timestamp('2019-01-03 18:00:00+0000', tz='UTC')}"
2019-01-14 11:00:00+00:00,2019-01-14 13:00:00+00:00,1,1295.665,1291.4497008898225,1291.6247008898224,1303.5205982203547,0.73,-307.71683504295834,-1.0433136248648343,"{'trail_atr_mult': 3.0, 'trail_atr_len': 14, 'tp_converts_to_trail': True, 'rsi': np.float64(65.07909885442945), 'atr': 1.9826495550886996, 'exit_reason': 'sl', 'signal_time': Timestamp('2019-01-14 10:00:00+0000', tz='UTC')}"
2019-01-28 10:00:00+00:00,2019-01-29 09:00:00+00:00,1,1301.315,1308.2250000000001,1309.136801528956,,0.7,511.7000000000057,1.751569142896463,"{'trail_atr_mult': 3.0, 'trail_atr_len': 14, 'tp_converts_to_trail': True, 'rsi': np.float64(66.11185925139537), 'atr': 1.9992003822390136, 'exit_reason': 'sl_gap', 'signal_time': Timestamp('2019-01-28 09:00:00+0000', tz='UTC')}"
2019-01-28 14:00:00+00:00,2019-01-29 14:00:00+00:00,1,1302.2649999999999,1307.945,1310.6299117156527,,0.66,401.28000000000424,1.3678426050722179,"{'trail_atr_mult': 3.0, 'trail_atr_len': 14, 'tp_converts_to_trail': True, 'rsi': np.float64(65.10108344303998), 'atr': 2.134977928913192, 'exit_reason': 'sl_gap', 'signal_time': Timestamp('2019-01-28 13:00:00+0000', tz='UTC')}"
2019-01-28 23:00:00+00:00,2019-01-29 14:00:00+00:00,1,1304.0149999999999,1307.945,1311.0470829207757,,0.76,329.0800000000048,1.1149617029111765,"{'trail_atr_mult': 3.0, 'trail_atr_len': 14, 'tp_converts_to_trail': True, 'rsi': np.float64(65.59676519502173), 'atr': 1.8192707301939395, 'exit_reason': 'sl_gap', 'signal_time': Timestamp('2019-01-28 22:00:00+0000', tz='UTC')}"
2019-01-28 20:00:00+00:00,2019-01-29 20:00:00+00:00,1,1304.075,1310.855,1311.7305813755745,,0.74,531.3199999999979,1.7948695633346055,"{'trail_atr_mult': 3.0, 'trail_atr_len': 14, 'tp_converts_to_trail': True, 'rsi': np.float64(67.9406319559123), 'atr': 1.9426453438935951, 'exit_reason': 'sl_gap', 'signal_time': Timestamp('2019-01-28 19:00:00+0000', tz='UTC')}"
2019-01-29 06:00:00+00:00,2019-01-29 20:00:00+00:00,1,1305.165,1310.855,1311.6991538306584,,0.83,472.2700000000045,1.6052691579050509,"{'trail_atr_mult': 3.0, 'trail_atr_len': 14, 'tp_converts_to_trail': True, 'rsi': np.float64(65.83534238465687), 'atr': 1.679788457664601, 'exit_reason': 'sl_gap', 'signal_time': Timestamp('2019-01-29 05:00:00+0000', tz='UTC')}"
2019-01-29 15:00:00+00:00,2019-01-30 13:00:00+00:00,1,1311.055,1310.495721351343,1310.670721351343,1319.8927557028326,0.64,-10.193833514049764,-0.03402388222280317,"{'trail_atr_mult': 3.0, 'trail_atr_len': 14, 'tp_converts_to_trail': True, 'rsi': np.float64(73.61867362354049), 'atr': 2.25318892570812, 'exit_reason': 'sl', 'signal_time': Timestamp('2019-01-29 14:00:00+0000', tz='UTC')}"
2019-01-30 19:00:00+00:00,2019-01-31 17:00:00+00:00,1,1319.985,1319.631824262822,1319.806824262822,1330.3002862711191,0.55,46.57533445521358,0.1558053287100604,"{'trail_atr_mult': 3.0, 'trail_atr_len': 14, 'tp_converts_to_trail': True, 'rsi': np.float64(72.16571774809857), 'atr': 2.6250715677797847, 'exit_reason': 'sl', 'signal_time': Timestamp('2019-01-30 18:00:00+0000', tz='UTC')}"
2019-01-31 02:00:00+00:00,2019-01-31 17:00:00+00:00,1,1318.825,1319.631824262822,1319.806824262822,1328.2330845667004,0.6,48.409455769315166,0.16245190653601044,"{'trail_atr_mult': 3.0, 'trail_atr_len': 14, 'tp_converts_to_trail': True, 'rsi': np.float64(65.07007556306928), 'atr': 2.395771141675083, 'exit_reason': 'sl', 'signal_time': Timestamp('2019-01-31 01:00:00+0000', tz='UTC')}"
2019-02-08 19:00:00+00:00,2019-02-11 03:00:00+00:00,1,1315.2649999999999,1311.515687936741,1311.690687936741,1321.918624126518,0.84,-214.14221331374864,-0.7132315304709351,"{'trail_atr_mult': 3.0, 'trail_atr_len': 14, 'tp_converts_to_trail': True, 'rsi': np.float64(66.76916963950949), 'atr': 1.704656031629481, 'exit_reason': 'sl', 'signal_time': Timestamp('2019-02-08 18:00:00+0000', tz='UTC')}"
2019-02-08 16:00:00+00:00,2019-02-11 04:00:00+00:00,1,1314.065,1310.8951850073377,1311.0701850073376,1320.7177035062202,0.84,-165.4644593836412,-0.5488705380364058,"{'trail_atr_mult': 3.0, 'trail_atr_len': 14, 'tp_converts_to_trail': True, 'rsi': np.float64(65.7307921106457), 'atr': 1.7069258765550066, 'exit_reason': 'sl', 'signal_time': Timestamp('2019-02-08 15:00:00+0000', tz='UTC')}"
2019-02-08 12:00:00+00:00,2019-02-11 04:00:00+00:00,1,1313.5349999999999,1310.8951850073377,1311.0701850073376,1319.720118269492,0.9,-129.58334933959762,-0.42914742627069186,"{'trail_atr_mult': 3.0, 'trail_atr_len': 14, 'tp_converts_to_trail': True, 'rsi': np.float64(67.69938255927137), 'atr': 1.590029567373031, 'exit_reason': 'sl', 'signal_time': Timestamp('2019-02-08 11:00:00+0000', tz='UTC')}"
2019-02-12 10:00:00+00:00,2019-02-12 15:00:00+00:00,1,1313.465,1309.5853127056073,1309.7603127056072,1320.3493745887856,0.81,-314.25467084580265,-1.0472374551732964,"{'trail_atr_mult': 3.0, 'trail_atr_len': 14, 'tp_converts_to_trail': True, 'rsi': np.float64(66.03321957511423), 'atr': 1.7648436471964055, 'exit_reason': 'sl', 'signal_time': Timestamp('2019-02-12 09:00:00+0000', tz='UTC')}"
2019-02-15 09:00:00+00:00,2019-02-17 23:00:00+00:00,1,1315.955,1316.2294813320136,1316.4044813320136,1323.2991191681149,0.76,81.66058123304066,0.2730880824291982,"{'trail_atr_mult': 3.0, 'trail_atr_len': 14, 'tp_converts_to_trail': True, 'rsi': np.float64(65.41803564594701), 'atr': 1.8797797920287334, 'exit_reason': 'sl', 'signal_time': Timestamp('2019-02-15 08:00:00+0000', tz='UTC')}"
2019-02-15 18:00:00+00:00,2019-02-17 23:00:00+00:00,1,1320.815,1316.2294813320136,1316.4044813320136,1329.7082647397692,0.63,-238.48767608314537,-0.8038675430309387,"{'trail_atr_mult': 3.0, 'trail_atr_len': 14, 'tp_converts_to_trail': True, 'rsi': np.float64(68.84935863009221), 'atr': 2.267066184942254, 'exit_reason': 'sl', 'signal_time': Timestamp('2019-02-15 17:00:00+0000', tz='UTC')}"
2019-02-18 06:00:00+00:00,2019-02-19 06:00:00+00:00,1,1323.435,1322.9953694848966,1323.1703694848966,1331.0226720343746,0.74,-2.9326581176454987,-0.009806290527383238,"{'trail_atr_mult': 3.0, 'trail_atr_len': 14, 'tp_converts_to_trail': True, 'rsi': np.float64(66.37333517780517), 'atr': 1.938168008593679, 'exit_reason': 'sl', 'signal_time': Timestamp('2019-02-18 05:00:00+0000', tz='UTC')}"
2019-02-18 09:00:00+00:00,2019-02-19 06:00:00+00:00,1,1324.745,1322.9953694848966,1323.1703694848966,1332.3887683890382,0.73,-98.52302760253819,-0.33043671966862403,"{'trail_atr_mult': 3.0, 'trail_atr_len': 14, 'tp_converts_to_trail': True, 'rsi': np.float64(66.94474510151142), 'atr': 1.9546920972595614, 'exit_reason': 'sl', 'signal_time': Timestamp('2019-02-18 08:00:00+0000', tz='UTC')}"
2019-02-20 07:00:00+00:00,2019-02-20 19:00:00+00:00,1,1342.665,1339.3982545921288,1339.5732545921287,1350.8557318683472,0.68,-222.13868773524248,-0.7496204466167747,"{'trail_atr_mult': 3.0, 'trail_atr_len': 14, 'tp_converts_to_trail': True, 'rsi': np.float64(65.9039790146228), 'atr': 2.091432967086814, 'exit_reason': 'sl', 'signal_time': Timestamp('2019-02-20 06:00:00+0000', tz='UTC')}"
2019-02-20 15:00:00+00:00,2019-02-20 19:00:00+00:00,1,1344.945,1340.08370966492,1340.25870966492,1353.79258067016,0.63,-306.2612911100373,-1.0373429701292647,"{'trail_atr_mult': 3.0, 'trail_atr_len': 14, 'tp_converts_to_trail': True, 'rsi': np.float64(65.45342948829938), 'atr': 2.2556451675400093, 'exit_reason': 'sl', 'signal_time': Timestamp('2019-02-20 14:00:00+0000', tz='UTC')}"
2019-02-20 12:00:00+00:00,2019-02-20 19:00:00+00:00,1,1344.0249999999999,1339.3982545921288,1339.5732545921287,1352.4112932903597,0.67,-309.9919423273646,-1.038400433498522,"{'trail_atr_mult': 3.0, 'trail_atr_len': 14, 'tp_converts_to_trail': True, 'rsi': np.float64(65.16686205375504), 'atr': 2.140323322589954, 'exit_reason': 'sl', 'signal_time': Timestamp('2019-02-20 11:00:00+0000', tz='UTC')}"
2019-02-19 08:00:00+00:00,2019-02-20 19:00:00+00:00,1,1328.635,1340.21070109874,1340.38570109874,,0.84,1005.9588922941563,3.35640927227955,"{'trail_atr_mult': 3.0, 'trail_atr_len': 14, 'tp_converts_to_trail': True, 'rsi': np.float64(68.07728894512617), 'atr': 1.6965048884453864, 'exit_reason': 'sl', 'signal_time': Timestamp('2019-02-19 07:00:00+0000', tz='UTC')}"
2019-02-20 09:00:00+00:00,2019-02-20 19:00:00+00:00,1,1343.845,1339.3982545921288,1339.5732545921287,1352.3786157436261,0.66,-293.48519691950423,-0.9817715054312117,"{'trail_atr_mult': 3.0, 'trail_atr_len': 14, 'tp_converts_to_trail': True, 'rsi': np.float64(67.0045938335102), 'atr': 2.177153935906526, 'exit_reason': 'sl', 'signal_time': Timestamp('2019-02-20 08:00:00+0000', tz='UTC')}"
2019-03-13 15:00:00+00:00,2019-03-14 01:00:00+00:00,1,1308.065,1305.6357408087201,1305.81074080872,1315.3343740012117,0.76,-93.42369853727433,-0.3154221727335273,"{'trail_atr_mult': 3.0, 'trail_atr_len': 14, 'tp_converts_to_trail': True, 'rsi': np.float64(66.33408487097826), 'atr': 1.8610935003028752, 'exit_reason': 'sl', 'signal_time': Timestamp('2019-03-13 14:00:00+0000', tz='UTC')}"
2019-03-19 02:00:00+00:00,2019-03-19 23:00:00+00:00,1,1307.395,1305.2753072848438,1305.4503072848438,1314.654605182896,0.76,-161.09664635186618,-0.5445857985999206,"{'trail_atr_mult': 3.0, 'trail_atr_len': 14, 'tp_converts_to_trail': True, 'rsi': np.float64(66.8432604483692), 'atr': 1.8586512957239496, 'exit_reason': 'sl', 'signal_time': Timestamp('2019-03-19 01:00:00+0000', tz='UTC')}"
2019-03-19 12:00:00+00:00,2019-03-19 23:00:00+00:00,1,1308.575,1305.2753072848438,1305.4503072848438,1315.6491813684686,0.78,-257.3760317821834,-0.8684337312563286,"{'trail_atr_mult': 3.0, 'trail_atr_len': 14, 'tp_converts_to_trail': True, 'rsi': np.float64(65.22887480853257), 'atr': 1.8122953421171062, 'exit_reason': 'sl', 'signal_time': Timestamp('2019-03-19 11:00:00+0000', tz='UTC')}"
2019-03-20 23:00:00+00:00,2019-03-21 13:00:00+00:00,1,1315.5349999999999,1313.24829651816,1313.42329651816,1327.5961003601753,0.47,-51.07506364647166,-0.17268311085113305,"{'trail_atr_mult': 3.0, 'trail_atr_len': 14, 'tp_converts_to_trail': True, 'rsi': np.float64(66.88091591960651), 'atr': 3.059025090043882, 'exit_reason': 'sl', 'signal_time': Timestamp('2019-03-20 22:00:00+0000', tz='UTC')}"
2019-03-20 18:00:00+00:00,2019-03-21 13:00:00+00:00,1,1314.5349999999999,1313.24829651816,1313.42329651816,1327.3129719564508,0.44,-3.814953200952182,-0.013094263451579973,"{'trail_atr_mult': 3.0, 'trail_atr_len': 14, 'tp_converts_to_trail': True, 'rsi': np.float64(68.06490260275794), 'atr': 3.233242989112661, 'exit_reason': 'sl', 'signal_time': Timestamp('2019-03-20 17:00:00+0000', tz='UTC')}"
2019-03-25 09:00:00+00:00,2019-03-26 05:00:00+00:00,1,1317.565,1318.6169338270197,1318.7919338270196,1325.1717754603392,0.72,104.53923554541397,0.3557887212347642,"{'trail_atr_mult': 3.0, 'trail_atr_len': 14, 'tp_converts_to_trail': True, 'rsi': np.float64(65.02453925354894), 'atr': 1.9479438650847603, 'exit_reason': 'sl', 'signal_time': Timestamp('2019-03-25 08:00:00+0000', tz='UTC')}"
2019-03-25 11:00:00+00:00,2019-03-26 05:00:00+00:00,1,1317.935,1318.6169338270197,1318.7919338270196,1325.6439288408026,0.72,77.89923554542183,0.2647279779630476,"{'trail_atr_mult': 3.0, 'trail_atr_len': 14, 'tp_converts_to_trail': True, 'rsi': np.float64(65.0910888635533), 'atr': 1.9659822102006688, 'exit_reason': 'sl', 'signal_time': Timestamp('2019-03-25 10:00:00+0000', tz='UTC')}"
2019-04-09 10:00:00+00:00,2019-04-10 03:00:00+00:00,1,1301.695,1301.11663188563,1301.29163188563,1308.1862379513047,0.85,-15.161289721434969,-0.05106270803058243,"{'trail_atr_mult': 3.0, 'trail_atr_len': 14, 'tp_converts_to_trail': True, 'rsi': np.float64(65.32780656465567), 'atr': 1.6640594878262063, 'exit_reason': 'sl', 'signal_time': Timestamp('2019-04-09 09:00:00+0000', tz='UTC')}"
2019-04-09 12:00:00+00:00,2019-04-10 03:00:00+00:00,1,1301.855,1301.11663188563,1301.29163188563,1308.7009398661762,0.8,-27.069449149592394,-0.09181138918867779,"{'trail_atr_mult': 3.0, 'trail_atr_len': 14, 'tp_converts_to_trail': True, 'rsi': np.float64(65.45325597088045), 'atr': 1.755234966544016, 'exit_reason': 'sl', 'signal_time': Timestamp('2019-04-09 11:00:00+0000', tz='UTC')}"
2019-04-10 16:00:00+00:00,2019-04-11 08:00:00+00:00,1,1308.435,1305.6757906397206,1305.8507906397206,1316.497574012585,0.69,-107.58544585927363,-0.3631315102482628,"{'trail_atr_mult': 3.0, 'trail_atr_len': 14, 'tp_converts_to_trail': True, 'rsi': np.float64(67.45555798421455), 'atr': 2.0593935031462043, 'exit_reason': 'sl', 'signal_time': Timestamp('2019-04-10 15:00:00+0000', tz='UTC')}"
2019-04-30 12:00:00+00:00,2019-04-30 13:00:00+00:00,1,1285.965,1282.7664369575239,1282.9414369575238,1291.4871260849523,0.98,-313.4591781626532,-1.057878733646857,"{'trail_atr_mult': 3.0, 'trail_atr_len': 14, 'tp_converts_to_trail': True, 'rsi': np.float64(67.85465655013365), 'atr': 1.4242815212380768, 'exit_reason': 'sl', 'signal_time': Timestamp('2019-04-30 11:00:00+0000', tz='UTC')}"
2019-05-07 19:00:00+00:00,2019-05-08 14:00:00+00:00,1,1285.245,1285.7888610476352,1285.9638610476352,1292.4246055860142,0.77,72.67730066792166,0.24501216502209944,"{'trail_atr_mult': 3.0, 'trail_atr_len': 14, 'tp_converts_to_trail': True, 'rsi': np.float64(65.39199737625756), 'atr': 1.838651396503576, 'exit_reason': 'sl', 'signal_time': Timestamp('2019-05-07 18:00:00+0000', tz='UTC')}"
2019-05-08 01:00:00+00:00,2019-05-08 14:00:00+00:00,1,1286.305,1285.7888610476352,1285.9638610476352,1292.6781513875324,0.86,-44.3879499033751,-0.1502992357744993,"{'trail_atr_mult': 3.0, 'trail_atr_len': 14, 'tp_converts_to_trail': True, 'rsi': np.float64(67.90153636461542), 'atr': 1.6345378468830718, 'exit_reason': 'sl', 'signal_time': Timestamp('2019-05-08 00:00:00+0000', tz='UTC')}"
2019-05-08 04:00:00+00:00,2019-05-08 14:00:00+00:00,1,1286.815,1285.7888610476352,1285.9638610476352,1293.019416398837,0.87,-89.27408885573914,-0.30227604026189026,"{'trail_atr_mult': 3.0, 'trail_atr_len': 14, 'tp_converts_to_trail': True, 'rsi': np.float64(67.9976293646104), 'atr': 1.5998540997092545, 'exit_reason': 'sl', 'signal_time': Timestamp('2019-05-08 03:00:00+0000', tz='UTC')}"
2019-05-08 09:00:00+00:00,2019-05-08 14:00:00+00:00,1,1287.2849999999999,1285.7888610476352,1285.9638610476352,1293.2266828422928,0.91,-136.1486446651802,-0.4627222298825931,"{'trail_atr_mult': 3.0, 'trail_atr_len': 14, 'tp_converts_to_trail': True, 'rsi': np.float64(65.61643893294149), 'atr': 1.5291707105732442, 'exit_reason': 'sl', 'signal_time': Timestamp('2019-05-08 08:00:00+0000', tz='UTC')}"
2019-05-13 13:00:00+00:00,2019-05-13 18:00:00+00:00,1,1291.645,1299.8111234577707,1299.9861234577706,,0.66,538.9641482128669,1.8420955892766133,"{'trail_atr_mult': 3.0, 'trail_atr_len': 14, 'tp_converts_to_trail': True, 'rsi': np.float64(69.21667276485657), 'atr': 2.1290308644426617, 'exit_reason': 'sl', 'signal_time': Timestamp('2019-05-13 12:00:00+0000', tz='UTC')}"
2019-05-14 04:00:00+00:00,2019-05-14 16:00:00+00:00,1,1299.415,1294.8104156900072,1294.9854156900071,1307.7491686199858,0.67,-308.5071487695168,-1.039507093161127,"{'trail_atr_mult': 3.0, 'trail_atr_len': 14, 'tp_converts_to_trail': True, 'rsi': np.float64(66.12859459759028), 'atr': 2.127292154996452, 'exit_reason': 'sl', 'signal_time': Timestamp('2019-05-14 03:00:00+0000', tz='UTC')}"
2019-05-27 02:00:00+00:00,2019-05-28 01:00:00+00:00,1,1287.395,1284.2482378581112,1284.4232378581112,1293.0646243719646,0.95,-260.94240347943196,-0.8868212104417577,"{'trail_atr_mult': 3.0, 'trail_atr_len': 14, 'tp_converts_to_trail': True, 'rsi': np.float64(72.65710154787689), 'atr': 1.46115609299112, 'exit_reason': 'sl', 'signal_time': Timestamp('2019-05-27 01:00:00+0000', tz='UTC')}"
2019-06-04 06:00:00+00:00,2019-06-04 13:00:00+00:00,1,1324.685,1321.340387422181,1321.515387422181,1333.96174804933,0.6,-200.67675466913443,-0.678300147415787,"{'trail_atr_mult': 3.0, 'trail_atr_len': 14, 'tp_converts_to_trail': True, 'rsi': np.float64(66.08572897359171), 'atr': 2.367937012332494, 'exit_reason': 'sl', 'signal_time': Timestamp('2019-06-04 05:00:00+0000', tz='UTC')}"
2019-06-05 07:00:00+00:00,2019-06-05 14:00:00+00:00,1,1333.665,1340.605,1343.9120743120618,,0.54,374.76000000000295,1.2885169186456873,"{'trail_atr_mult': 3.0, 'trail_atr_len': 14, 'tp_converts_to_trail': True, 'rsi': np.float64(70.81447633470485), 'atr': 2.6055185780154417, 'exit_reason': 'sl_gap', 'signal_time': Timestamp('2019-06-05 06:00:00+0000', tz='UTC')}"
2019-06-05 13:00:00+00:00,2019-06-05 15:00:00+00:00,1,1340.955,1333.5264088219958,1333.7014088219958,1355.0271823560083,0.4,-297.1436471201651,-1.0241259805943608,"{'trail_atr_mult': 3.0, 'trail_atr_len': 14, 'tp_converts_to_trail': True, 'rsi': np.float64(71.49387929342265), 'atr': 3.5542955890020687, 'exit_reason': 'sl', 'signal_time': Timestamp('2019-06-05 12:00:00+0000', tz='UTC')}"
2019-06-06 17:00:00+00:00,2019-06-06 19:00:00+00:00,1,1339.365,1333.1378506629708,1333.3128506629707,1350.9442986740587,0.48,-298.90316817740313,-1.0289153473013695,"{'trail_atr_mult': 3.0, 'trail_atr_len': 14, 'tp_converts_to_trail': True, 'rsi': np.float64(66.14395625675715), 'atr': 2.938574668514667, 'exit_reason': 'sl', 'signal_time': Timestamp('2019-06-06 16:00:00+0000', tz='UTC')}"
2019-06-07 13:00:00+00:00,2019-06-09 23:00:00+00:00,1,1341.215,1334.445,1338.4694494187743,1352.2264291269346,0.51,-304.46999999999906,-1.0349823041970094,"{'trail_atr_mult': 3.0, 'trail_atr_len': 14, 'tp_converts_to_trail': True, 'rsi': np.float64(66.21248589609988), 'atr': 2.7966072817336385, 'exit_reason': 'sl_gap', 'signal_time': Timestamp('2019-06-07 12:00:00+0000', tz='UTC')}"
2019-06-07 15:00:00+00:00,2019-06-09 23:00:00+00:00,1,1345.165,1334.445,1338.3515649937451,1358.14687001251,0.43,-426.5600000000012,-1.4559469622728183,"{'trail_atr_mult': 3.0, 'trail_atr_len': 14, 'tp_converts_to_trail': True, 'rsi': np.float64(71.252130532666), 'atr': 3.2992175031274487, 'exit_reason': 'sl_gap', 'signal_time': Timestamp('2019-06-07 14:00:00+0000', tz='UTC')}"
2019-06-13 18:00:00+00:00,2019-06-14 13:00:00+00:00,1,1341.405,1350.3479873550718,1350.5229873550718,,0.6,560.5792413043118,1.9377786179836036,"{'trail_atr_mult': 3.0, 'trail_atr_len': 14, 'tp_converts_to_trail': True, 'rsi': np.float64(68.73591983099975), 'atr': 2.3232468387679206, 'exit_reason': 'sl', 'signal_time': Timestamp('2019-06-13 17:00:00+0000', tz='UTC')}"
2019-06-18 06:00:00+00:00,2019-06-18 14:00:00+00:00,1,1346.0249999999999,1345.8666231851741,1346.041623185174,1355.3044705095988,0.6,-9.502608889542898,-0.03230706128814544,"{'trail_atr_mult': 3.0, 'trail_atr_len': 14, 'tp_converts_to_trail': True, 'rsi': np.float64(65.03011088023474), 'atr': 2.3636176273997234, 'exit_reason': 'sl', 'signal_time': Timestamp('2019-06-18 05:00:00+0000', tz='UTC')}"
2019-06-18 11:00:00+00:00,2019-06-18 14:00:00+00:00,1,1347.665,1345.8666231851741,1346.041623185174,1357.5020067511314,0.56,-100.70910163024564,-0.3471097554784814,"{'trail_atr_mult': 3.0, 'trail_atr_len': 14, 'tp_converts_to_trail': True, 'rsi': np.float64(66.24326654848511), 'atr': 2.5030016877828687, 'exit_reason': 'sl', 'signal_time': Timestamp('2019-06-18 10:00:00+0000', tz='UTC')}"
2019-06-19 19:00:00+00:00,2019-06-20 06:00:00+00:00,1,1352.315,1378.2983208811386,1378.4733208811385,,0.45,1223.2494396512336,4.209080664966465,"{'trail_atr_mult': 3.0, 'trail_atr_len': 14, 'tp_converts_to_trail': True, 'rsi': np.float64(69.4821610930219), 'atr': 3.101628050145647, 'exit_reason': 'sl', 'signal_time': Timestamp('2019-06-19 18:00:00+0000', tz='UTC')}"
2019-06-24 12:00:00+00:00,2019-06-25 02:00:00+00:00,1,1409.195,1424.335,1427.1781237821267,,0.32,497.2800000000032,1.676545068167349,"{'trail_atr_mult': 3.0, 'trail_atr_len': 14, 'tp_converts_to_trail': True, 'rsi': np.float64(65.81301052633412), 'atr': 4.542030945531675, 'exit_reason': 'sl_gap', 'signal_time': Timestamp('2019-06-24 11:00:00+0000', tz='UTC')}"
2019-06-24 00:00:00+00:00,2019-06-25 06:00:00+00:00,1,1407.085,1429.816478984364,1429.991478984364,,0.25,578.2869746091001,1.9593418099460505,"{'trail_atr_mult': 3.0, 'trail_atr_len': 14, 'tp_converts_to_trail': True, 'rsi': np.float64(66.40189440720211), 'atr': 5.785369746091042, 'exit_reason': 'sl', 'signal_time': Timestamp('2019-06-23 23:00:00+0000', tz='UTC')}"
2019-06-24 02:00:00+00:00,2019-06-25 06:00:00+00:00,1,1406.655,1429.5759691242733,1429.7509691242733,,0.25,583.0242281068342,1.997430513496857,"{'trail_atr_mult': 3.0, 'trail_atr_len': 14, 'tp_converts_to_trail': True, 'rsi': np.float64(65.34661674292404), 'atr': 5.795242281068334, 'exit_reason': 'sl', 'signal_time': Timestamp('2019-06-24 01:00:00+0000', tz='UTC')}"
2019-06-24 16:00:00+00:00,2019-06-25 06:00:00+00:00,1,1413.905,1432.6014583335411,1432.776458333541,,0.3,572.8937500062348,1.9690665177280278,"{'trail_atr_mult': 3.0, 'trail_atr_len': 14, 'tp_converts_to_trail': True, 'rsi': np.float64(68.85123733052014), 'atr': 4.76161458338526, 'exit_reason': 'sl', 'signal_time': Timestamp('2019-06-24 15:00:00+0000', tz='UTC')}"
2019-06-25 08:00:00+00:00,2019-06-25 18:00:00+00:00,1,1432.155,1420.2670951759674,1420.4420951759673,1455.0558096480652,0.25,-297.19762060081507,-1.0149407856231263,"{'trail_atr_mult': 3.0, 'trail_atr_len': 14, 'tp_converts_to_trail': True, 'rsi': np.float64(66.45204871924176), 'atr': 5.7689524120163025, 'exit_reason': 'sl', 'signal_time': Timestamp('2019-06-25 07:00:00+0000', tz='UTC')}"
2019-07-18 16:00:00+00:00,2019-07-18 21:00:00+00:00,1,1428.885,1444.7392791762281,1444.914279176228,,0.36,570.7540503442133,1.908512431753596,"{'trail_atr_mult': 3.0, 'trail_atr_len': 14, 'tp_converts_to_trail': True, 'rsi': np.float64(65.0569273958883), 'atr': 4.056069794057023, 'exit_reason': 'sl', 'signal_time': Timestamp('2019-07-18 15:00:00+0000', tz='UTC')}"
2019-07-18 19:00:00+00:00,2019-07-19 07:00:00+00:00,1,1437.865,1439.4974709892638,1439.6724709892637,1455.115328480384,0.33,67.07154264570427,0.22907110358768246,"{'trail_atr_mult': 3.0, 'trail_atr_len': 14, 'tp_converts_to_trail': True, 'rsi': np.float64(71.62684223015083), 'atr': 4.353832120096027, 'exit_reason': 'sl', 'signal_time': Timestamp('2019-07-18 18:00:00+0000', tz='UTC')}"
2019-07-25 12:00:00+00:00,2019-07-25 13:00:00+00:00,1,1431.655,1425.9614307712563,1426.1364307712563,1442.2571384574876,0.54,-307.45273835215585,-1.0317111179992924,"{'trail_atr_mult': 3.0, 'trail_atr_len': 14, 'tp_converts_to_trail': True, 'rsi': np.float64(72.03103939097836), 'atr': 2.686784614371875, 'exit_reason': 'sl', 'signal_time': Timestamp('2019-07-25 11:00:00+0000', tz='UTC')}"
2019-07-30 10:00:00+00:00,2019-07-31 15:00:00+00:00,1,1428.495,1427.4509877224384,1427.6259877224384,1437.7624350056062,0.61,-39.28474893125017,-0.13153261210164063,"{'trail_atr_mult': 3.0, 'trail_atr_len': 14, 'tp_converts_to_trail': True, 'rsi': np.float64(67.03099478867392), 'atr': 2.3606087514015983, 'exit_reason': 'sl', 'signal_time': Timestamp('2019-07-30 09:00:00+0000', tz='UTC')}"
2019-07-30 12:00:00+00:00,2019-07-31 15:00:00+00:00,1,1429.325,1427.4509877224384,1427.6259877224384,1438.883732224222,0.59,-86.96672437613633,-0.2923545062057371,"{'trail_atr_mult': 3.0, 'trail_atr_len': 14, 'tp_converts_to_trail': True, 'rsi': np.float64(65.73067661013786), 'atr': 2.4334330560554918, 'exit_reason': 'sl', 'signal_time': Timestamp('2019-07-30 11:00:00+0000', tz='UTC')}"
2019-07-30 18:00:00+00:00,2019-07-31 15:00:00+00:00,1,1430.705,1427.4509877224384,1427.6259877224384,1441.010232920523,0.55,-156.9706752658833,-0.5270454104737174,"{'trail_atr_mult': 3.0, 'trail_atr_len': 14, 'tp_converts_to_trail': True, 'rsi': np.float64(65.74171022028727), 'atr': 2.6200582301308013, 'exit_reason': 'sl', 'signal_time': Timestamp('2019-07-30 17:00:00+0000', tz='UTC')}"
2019-08-02 15:00:00+00:00,2019-08-05 16:00:00+00:00,1,1446.935,1454.9185507235024,1455.0935507235024,1469.738940354281,0.25,229.58876808756258,0.7873097178044218,"{'trail_atr_mult': 3.0, 'trail_atr_len': 14, 'tp_converts_to_trail': True, 'rsi': np.float64(67.14815306121382), 'atr': 5.744735088570259, 'exit_reason': 'sl', 'signal_time': Timestamp('2019-08-02 14:00:00+0000', tz='UTC')}"
2019-08-05 02:00:00+00:00,2019-08-05 16:00:00+00:00,1,1449.2649999999999,1454.9185507235024,1455.0935507235024,1470.4462549086102,0.27,152.64586953456956,0.5201954750045832,"{'trail_atr_mult': 3.0, 'trail_atr_len': 14, 'tp_converts_to_trail': True, 'rsi': np.float64(65.58288247761757), 'atr': 5.341563727152566, 'exit_reason': 'sl', 'signal_time': Timestamp('2019-08-05 01:00:00+0000', tz='UTC')}"
2019-08-05 23:00:00+00:00,2019-08-06 02:00:00+00:00,1,1474.175,1462.2047585960402,1462.3797585960401,1497.2404828079198,0.25,-289.25603509899474,-0.9809245108010668,"{'trail_atr_mult': 3.0, 'trail_atr_len': 14, 'tp_converts_to_trail': True, 'rsi': np.float64(71.44205113007656), 'atr': 5.810120701979917, 'exit_reason': 'sl', 'signal_time': Timestamp('2019-08-05 22:00:00+0000', tz='UTC')}"
2019-08-07 00:00:00+00:00,2019-08-07 13:00:00+00:00,1,1476.955,1494.7350000000001,1495.2254664495845,,0.31,551.1800000000062,1.891945597380279,"{'trail_atr_mult': 3.0, 'trail_atr_len': 14, 'tp_converts_to_trail': True, 'rsi': np.float64(67.12307298364382), 'atr': 4.611366612396147, 'exit_reason': 'sl_gap', 'signal_time': Timestamp('2019-08-06 23:00:00+0000', tz='UTC')}"
2019-08-06 22:00:00+00:00,2019-08-07 13:00:00+00:00,1,1474.7549999999999,1492.674357539163,1492.849357539163,,0.3,549.5807261748969,1.874164662696908,"{'trail_atr_mult': 3.0, 'trail_atr_len': 14, 'tp_converts_to_trail': True, 'rsi': np.float64(65.04066668167837), 'atr': 4.644839384790761, 'exit_reason': 'sl', 'signal_time': Timestamp('2019-08-06 20:00:00+0000', tz='UTC')}"
2019-08-12 19:00:00+00:00,2019-08-13 11:00:00+00:00,1,1512.0149999999999,1531.4025792273906,1531.5775792273905,,0.3,593.6273768217206,1.967192871839146,"{'trail_atr_mult': 3.0, 'trail_atr_len': 14, 'tp_converts_to_trail': True, 'rsi': np.float64(65.98034710483907), 'atr': 4.936894806847645, 'exit_reason': 'sl', 'signal_time': Timestamp('2019-08-12 18:00:00+0000', tz='UTC')}"
2019-08-13 04:00:00+00:00,2019-08-13 12:00:00+00:00,1,1516.735,1527.2150000000001,1534.1196039434544,,0.33,345.84000000000816,1.1703218042217494,"{'trail_atr_mult': 3.0, 'trail_atr_len': 14, 'tp_converts_to_trail': True, 'rsi': np.float64(66.64992653760925), 'atr': 4.389900985863611, 'exit_reason': 'sl_gap', 'signal_time': Timestamp('2019-08-13 03:00:00+0000', tz='UTC')}"
2019-08-13 02:00:00+00:00,2019-08-13 13:00:00+00:00,1,1517.845,1520.085026063094,1520.2600260630938,1536.2497773545388,0.31,69.4408079559098,0.23591914968486977,"{'trail_atr_mult': 3.0, 'trail_atr_len': 14, 'tp_converts_to_trail': True, 'rsi': np.float64(71.19509973735266), 'atr': 4.649944338634668, 'exit_reason': 'sl', 'signal_time': Timestamp('2019-08-13 01:00:00+0000', tz='UTC')}"
2019-08-14 17:00:00+00:00,2019-08-14 21:00:00+00:00,1,1523.205,1510.4275643793042,1510.602564379304,1547.8848712413915,0.24,-306.65845489669846,-1.0138862046406782,"{'trail_atr_mult': 3.0, 'trail_atr_len': 14, 'tp_converts_to_trail': True, 'rsi': np.float64(65.8795864093638), 'atr': 6.213717810347888, 'exit_reason': 'sl', 'signal_time': Timestamp('2019-08-14 16:00:00+0000', tz='UTC')}"
2019-08-28 00:00:00+00:00,2019-08-28 03:00:00+00:00,1,1543.685,1535.9778295080773,1536.1528295080773,1558.2243409838454,0.4,-308.28681967690505,-1.0232336748335187,"{'trail_atr_mult': 3.0, 'trail_atr_len': 14, 'tp_converts_to_trail': True, 'rsi': np.float64(66.80659610431539), 'atr': 3.6785852459613335, 'exit_reason': 'sl', 'signal_time': Timestamp('2019-08-27 23:00:00+0000', tz='UTC')}"
2019-08-27 15:00:00+00:00,2019-08-28 03:00:00+00:00,1,1538.315,1533.7320779607019,1533.9070779607018,1553.3851421226314,0.39,-163.13395953262912,-0.5354091510297015,"{'trail_atr_mult': 3.0, 'trail_atr_len': 14, 'tp_converts_to_trail': True, 'rsi': np.float64(65.3016265008517), 'atr': 3.813785530657832, 'exit_reason': 'sl', 'signal_time': Timestamp('2019-08-27 14:00:00+0000', tz='UTC')}"
2019-08-27 20:00:00+00:00,2019-08-28 03:00:00+00:00,1,1543.0449999999998,1534.4743282522368,1534.6493282522367,1559.3113434955262,0.36,-294.1441829194706,-0.9732004767742389,"{'trail_atr_mult': 3.0, 'trail_atr_len': 14, 'tp_converts_to_trail': True, 'rsi': np.float64(66.77756652557596), 'atr': 4.11033587388161, 'exit_reason': 'sl', 'signal_time': Timestamp('2019-08-27 19:00:00+0000', tz='UTC')}"
2019-08-29 07:00:00+00:00,2019-08-29 08:00:00+00:00,1,1549.415,1541.651425654783,1541.826425654783,1564.247148690434,0.39,-302.7793994634617,-1.0230609851124743,"{'trail_atr_mult': 3.0, 'trail_atr_len': 14, 'tp_converts_to_trail': True, 'rsi': np.float64(66.75408383481036), 'atr': 3.7367871726084867, 'exit_reason': 'sl', 'signal_time': Timestamp('2019-08-29 06:00:00+0000', tz='UTC')}"
2019-09-04 00:00:00+00:00,2019-09-04 03:00:00+00:00,1,1549.235,1540.4246503384659,1540.5996503384658,1565.9806993230682,0.35,-308.36223815369067,-1.0202655372230598,"{'trail_atr_mult': 3.0, 'trail_atr_len': 14, 'tp_converts_to_trail': True, 'rsi': np.float64(67.86364663102387), 'atr': 4.230174830767032, 'exit_reason': 'sl', 'signal_time': Timestamp('2019-09-03 23:00:00+0000', tz='UTC')}"
2019-09-03 14:00:00+00:00,2019-09-04 07:00:00+00:00,1,1539.495,1537.5104663216748,1537.6854663216748,1551.2592270247605,0.3,-47.53601034975235,-0.15822214969816323,"{'trail_atr_mult': 3.0, 'trail_atr_len': 14, 'tp_converts_to_trail': True, 'rsi': np.float64(68.19488579549892), 'atr': 3.6298067561901575, 'exit_reason': 'sl', 'signal_time': Timestamp('2019-09-03 13:00:00+0000', tz='UTC')}"
2019-09-04 18:00:00+00:00,2019-09-05 02:00:00+00:00,1,1555.725,1546.5024115567833,1546.6774115567832,1573.1751768864337,0.33,-264.745418626149,-0.8867101431024387,"{'trail_atr_mult': 3.0, 'trail_atr_len': 14, 'tp_converts_to_trail': True, 'rsi': np.float64(70.59457239051332), 'atr': 4.4162942216084335, 'exit_reason': 'sl', 'signal_time': Timestamp('2019-09-04 17:00:00+0000', tz='UTC')}"
2019-09-23 08:00:00+00:00,2019-09-24 14:00:00+00:00,1,1517.875,1518.7530216224313,1518.9280216224313,1531.5094904684663,0.42,53.676908142116005,0.18051802432828293,"{'trail_atr_mult': 3.0, 'trail_atr_len': 14, 'tp_converts_to_trail': True, 'rsi': np.float64(65.54939358832743), 'atr': 3.4523726171165725, 'exit_reason': 'sl', 'signal_time': Timestamp('2019-09-23 07:00:00+0000', tz='UTC')}"
2019-09-23 14:00:00+00:00,2019-09-24 14:00:00+00:00,1,1522.435,1518.7530216224313,1518.9280216224313,1535.981775232711,0.42,-137.8430918578817,-0.45864029083790886,"{'trail_atr_mult': 3.0, 'trail_atr_len': 14, 'tp_converts_to_trail': True, 'rsi': np.float64(68.26666363267307), 'atr': 3.450443808177722, 'exit_reason': 'sl', 'signal_time': Timestamp('2019-09-23 13:00:00+0000', tz='UTC')}"
2019-09-23 18:00:00+00:00,2019-09-24 14:00:00+00:00,1,1523.415,1517.9230216224314,1518.0980216224314,1537.2264728868558,0.41,-208.77111348031085,-0.7103530160807082,"{'trail_atr_mult': 3.0, 'trail_atr_len': 14, 'tp_converts_to_trail': True, 'rsi': np.float64(65.28778267459631), 'atr': 3.496618221713938, 'exit_reason': 'sl', 'signal_time': Timestamp('2019-09-23 17:00:00+0000', tz='UTC')}"
2019-09-24 17:00:00+00:00,2019-09-24 19:00:00+00:00,1,1534.245,1526.0752096376727,1526.2502096376727,1550.0095807246548,0.37,-302.2822434061045,-1.021889254385529,"{'trail_atr_mult': 3.0, 'trail_atr_len': 14, 'tp_converts_to_trail': True, 'rsi': np.float64(72.52703979881022), 'atr': 3.9598951811636742, 'exit_reason': 'sl', 'signal_time': Timestamp('2019-09-24 16:00:00+0000', tz='UTC')}"
2019-09-25 01:00:00+00:00,2019-09-25 13:00:00+00:00,1,1533.935,1525.978132749226,1526.153132749226,1548.9737345015478,0.38,-302.3609555294097,-1.0224881759557836,"{'trail_atr_mult': 3.0, 'trail_atr_len': 14, 'tp_converts_to_trail': True, 'rsi': np.float64(66.40538015935587), 'atr': 3.8034336253869854, 'exit_reason': 'sl', 'signal_time': Timestamp('2019-09-25 00:00:00+0000', tz='UTC')}"
2019-10-09 00:00:00+00:00,2019-10-09 10:00:00+00:00,1,1508.895,1501.2068485163186,1501.3818485163185,1523.6412149581606,0.38,-292.149756379893,-1.0029409286430084,"{'trail_atr_mult': 3.0, 'trail_atr_len': 14, 'tp_converts_to_trail': True, 'rsi': np.float64(65.24892147939315), 'atr': 3.7353037395401407, 'exit_reason': 'sl', 'signal_time': Timestamp('2019-10-08 23:00:00+0000', tz='UTC')}"
2019-10-09 23:00:00+00:00,2019-10-10 02:00:00+00:00,1,1515.345,1506.4422693670406,1506.6172693670405,1533.175461265919,0.34,-261.8928415206212,-0.8825582453095854,"{'trail_atr_mult': 3.0, 'trail_atr_len': 14, 'tp_converts_to_trail': True, 'rsi': np.float64(67.78768985573475), 'atr': 4.426365316479721, 'exit_reason': 'sl', 'signal_time': Timestamp('2019-10-09 22:00:00+0000', tz='UTC')}"
2019-10-24 14:00:00+00:00,2019-10-25 13:00:00+00:00,1,1499.085,1508.895,1509.7522295851,,0.52,530.9199999999972,1.8244800863614776,"{'trail_atr_mult': 3.0, 'trail_atr_len': 14, 'tp_converts_to_trail': True, 'rsi': np.float64(71.06319212803572), 'atr': 2.7105573962749565, 'exit_reason': 'sl_gap', 'signal_time': Timestamp('2019-10-24 13:00:00+0000', tz='UTC')}"
2019-10-25 11:00:00+00:00,2019-10-25 15:00:00+00:00,1,1505.905,1514.125,1514.629266988657,,0.64,526.0800000000017,1.7774381494405627,"{'trail_atr_mult': 3.0, 'trail_atr_len': 14, 'tp_converts_to_trail': True, 'rsi': np.float64(66.71244392326611), 'atr': 2.22481674716428, 'exit_reason': 'sl_gap', 'signal_time': Timestamp('2019-10-25 10:00:00+0000', tz='UTC')}"
2019-10-25 04:00:00+00:00,2019-10-25 15:00:00+00:00,1,1502.7749999999999,1511.1727821298305,1511.3477821298304,,0.64,537.4580563091586,1.8340209475995402,"{'trail_atr_mult': 3.0, 'trail_atr_len': 14, 'tp_converts_to_trail': True, 'rsi': np.float64(65.54622699335175), 'atr': 2.1919455324576003, 'exit_reason': 'sl', 'signal_time': Timestamp('2019-10-25 03:00:00+0000', tz='UTC')}"
2019-10-31 08:00:00+00:00,2019-10-31 14:00:00+00:00,1,1500.925,1511.595,1511.9102005366112,,0.52,554.8400000000038,1.8540076632134095,"{'trail_atr_mult': 3.0, 'trail_atr_len': 14, 'tp_converts_to_trail': True, 'rsi': np.float64(65.11169773396065), 'atr': 2.7900501341527897, 'exit_reason': 'sl_gap', 'signal_time': Timestamp('2019-10-31 07:00:00+0000', tz='UTC')}"
2019-11-01 07:00:00+00:00,2019-11-01 12:00:00+00:00,1,1512.605,1507.45533325994,1507.63033325994,1521.9693334801202,0.6,-308.9800044035974,-1.0351782358787402,"{'trail_atr_mult': 3.0, 'trail_atr_len': 14, 'tp_converts_to_trail': True, 'rsi': np.float64(68.00497201807583), 'atr': 2.3898333700300154, 'exit_reason': 'sl', 'signal_time': Timestamp('2019-11-01 06:00:00+0000', tz='UTC')}"
2019-12-12 13:00:00+00:00,2019-12-12 14:00:00+00:00,1,1483.0349999999999,1477.8143428945943,1477.9893428945943,1492.1513142108115,0.59,-308.01876921892494,-1.0346832922539408,"{'trail_atr_mult': 3.0, 'trail_atr_len': 14, 'tp_converts_to_trail': True, 'rsi': np.float64(79.44499138535923), 'atr': 2.3603285527028848, 'exit_reason': 'sl', 'signal_time': Timestamp('2019-12-12 12:00:00+0000', tz='UTC')}"
2019-12-17 10:00:00+00:00,2019-12-17 13:00:00+00:00,1,1480.245,1476.2331467677755,1476.4081467677754,1487.303706464449,0.78,-312.92455211350625,-1.0456102929687763,"{'trail_atr_mult': 3.0, 'trail_atr_len': 14, 'tp_converts_to_trail': True, 'rsi': np.float64(66.83871736904351), 'atr': 1.8159266161122782, 'exit_reason': 'sl', 'signal_time': Timestamp('2019-12-17 09:00:00+0000', tz='UTC')}"
2019-12-19 17:00:00+00:00,2019-12-20 08:00:00+00:00,1,1479.995,1477.1885514114979,1477.3635514114978,1487.4099970319994,0.75,-180.48364413765057,-0.6038769095747895,"{'trail_atr_mult': 3.0, 'trail_atr_len': 14, 'tp_converts_to_trail': True, 'rsi': np.float64(65.8677043371955), 'atr': 1.8999992579998486, 'exit_reason': 'sl', 'signal_time': Timestamp('2019-12-19 16:00:00+0000', tz='UTC')}"
2019-12-23 05:00:00+00:00,2019-12-23 13:00:00+00:00,1,1481.2749999999999,1480.4505246287383,1480.6255246287383,1486.454533907434,1.05,-86.56991398246193,-0.28905967941995264,"{'trail_atr_mult': 3.0, 'trail_atr_len': 14, 'tp_converts_to_trail': True, 'rsi': np.float64(65.78255205209416), 'atr': 1.3386334768585295, 'exit_reason': 'sl', 'signal_time': Timestamp('2019-12-23 04:00:00+0000', tz='UTC')}"
2019-12-23 19:00:00+00:00,2019-12-24 10:00:00+00:00,1,1485.7549999999999,1490.765,1492.5776150586084,,0.81,438.21000000001777,1.4725866711435547,"{'trail_atr_mult': 3.0, 'trail_atr_len': 14, 'tp_converts_to_trail': True, 'rsi': np.float64(67.86751177793624), 'atr': 1.7494037646521143, 'exit_reason': 'sl_gap', 'signal_time': Timestamp('2019-12-23 18:00:00+0000', tz='UTC')}"
2019-12-24 01:00:00+00:00,2019-12-24 15:00:00+00:00,1,1487.685,1492.675,1494.076205390529,,0.86,429.1400000000007,1.4367556729041566,"{'trail_atr_mult': 3.0, 'trail_atr_len': 14, 'tp_converts_to_trail': True, 'rsi': np.float64(71.25278581406435), 'atr': 1.644051347632255, 'exit_reason': 'sl_gap', 'signal_time': Timestamp('2019-12-24 00:00:00+0000', tz='UTC')}"
2019-12-27 17:00:00+00:00,2019-12-31 05:00:00+00:00,1,1514.2649999999999,1523.115,1523.9931790837582,,0.58,606.1000000000079,2.038392173712055,"{'trail_atr_mult': 3.0, 'trail_atr_len': 14, 'tp_converts_to_trail': True, 'rsi': np.float64(65.05417569414175), 'atr': 2.475794770939543, 'exit_reason': 'sl_gap', 'signal_time': Timestamp('2019-12-27 16:00:00+0000', tz='UTC')}"
2019-12-31 01:00:00+00:00,2019-12-31 13:00:00+00:00,1,1521.405,1520.0120764511,1520.1870764511,1529.1580746991087,0.72,-100.29049552079596,-0.33653321564007965,"{'trail_atr_mult': 3.0, 'trail_atr_len': 14, 'tp_converts_to_trail': True, 'rsi': np.float64(72.16629439639439), 'atr': 1.9820186747771877, 'exit_reason': 'sl', 'signal_time': Timestamp('2019-12-31 00:00:00+0000', tz='UTC')}"
2020-01-02 13:00:00+00:00,2020-01-02 17:00:00+00:00,1,1528.215,1522.8993714266207,1523.0743714266207,1537.9712571467585,0.58,-308.306457255992,-1.0340425295276523,"{'trail_atr_mult': 3.0, 'trail_atr_len': 14, 'tp_converts_to_trail': True, 'rsi': np.float64(71.00546842080092), 'atr': 2.4828142866896177, 'exit_reason': 'sl', 'signal_time': Timestamp('2020-01-02 12:00:00+0000', tz='UTC')}"
2020-01-02 15:00:00+00:00,2020-01-02 17:00:00+00:00,1,1529.2749999999999,1523.2038202607087,1523.3788202607086,1540.5423594785827,0.5,-303.5589869645605,-1.029680234955149,"{'trail_atr_mult': 3.0, 'trail_atr_len': 14, 'tp_converts_to_trail': True, 'rsi': np.float64(69.2652267773648), 'atr': 2.860589869645684, 'exit_reason': 'sl', 'signal_time': Timestamp('2020-01-02 14:00:00+0000', tz='UTC')}"
2020-01-03 00:00:00+00:00,2020-01-03 03:00:00+00:00,1,1530.665,1538.075,1540.2624827008106,,0.59,437.19000000000483,1.4816321550647833,"{'trail_atr_mult': 3.0, 'trail_atr_len': 14, 'tp_converts_to_trail': True, 'rsi': np.float64(67.96131017001215), 'atr': 2.433120675202668, 'exit_reason': 'sl_gap', 'signal_time': Timestamp('2020-01-02 23:00:00+0000', tz='UTC')}"
2020-01-07 23:00:00+00:00,2020-01-08 01:00:00+00:00,1,1595.105,1591.4450819739266,1591.6200819739265,1617.5486002425673,0.26,-84.75786867790984,-0.28647790209664586,"{'trail_atr_mult': 3.0, 'trail_atr_len': 14, 'tp_converts_to_trail': True, 'rsi': np.float64(81.26517404170484), 'atr': 5.637150060641838, 'exit_reason': 'sl', 'signal_time': Timestamp('2020-01-07 22:00:00+0000', tz='UTC')}"
2020-01-08 03:00:00+00:00,2020-01-08 11:00:00+00:00,1,1590.915,1575.5815767970644,1575.7565767970643,1620.7068464058714,0.19,-291.33504085577624,-1.0115447363922432,"{'trail_atr_mult': 3.0, 'trail_atr_len': 14, 'tp_converts_to_trail': True, 'rsi': np.float64(65.60497084593416), 'atr': 7.491711601467854, 'exit_reason': 'sl', 'signal_time': Timestamp('2020-01-08 02:00:00+0000', tz='UTC')}"
2020-01-20 05:00:00+00:00,2020-01-21 07:00:00+00:00,1,1562.0349999999999,1561.9535661698353,1562.1285661698353,1571.2314259332195,0.61,19.43253635996293,0.06553897998582113,"{'trail_atr_mult': 3.0, 'trail_atr_len': 14, 'tp_converts_to_trail': True, 'rsi': np.float64(65.55861620992101), 'atr': 2.3428564833049075, 'exit_reason': 'sl', 'signal_time': Timestamp('2020-01-20 04:00:00+0000', tz='UTC')}"
2020-01-21 01:00:00+00:00,2020-01-21 07:00:00+00:00,1,1566.7549999999999,1562.025754627254,1562.200754627254,1575.3384907454918,0.65,-307.40094922848584,-1.0384256854158997,"{'trail_atr_mult': 3.0, 'trail_atr_len': 14, 'tp_converts_to_trail': True, 'rsi': np.float64(72.68050715858516), 'atr': 2.189622686372961, 'exit_reason': 'sl', 'signal_time': Timestamp('2020-01-21 00:00:00+0000', tz='UTC')}"
2020-01-23 17:00:00+00:00,2020-01-24 01:00:00+00:00,1,1567.465,1560.0543558046822,1560.2293558046822,1581.4412883906352,0.41,-287.4364120080246,-0.968903943598326,"{'trail_atr_mult': 3.0, 'trail_atr_len': 14, 'tp_converts_to_trail': True, 'rsi': np.float64(68.21237112015542), 'atr': 3.535322097658828, 'exit_reason': 'sl', 'signal_time': Timestamp('2020-01-23 16:00:00+0000', tz='UTC')}"
2020-01-24 15:00:00+00:00,2020-01-27 00:00:00+00:00,1,1570.145,1582.375,1585.0108277641036,,0.39,523.7700000000007,1.7869940645681717,"{'trail_atr_mult': 3.0, 'trail_atr_len': 14, 'tp_converts_to_trail': True, 'rsi': np.float64(68.61654449526635), 'atr': 3.730206941025914, 'exit_reason': 'sl_gap', 'signal_time': Timestamp('2020-01-24 14:00:00+0000', tz='UTC')}"
2020-01-26 23:00:00+00:00,2020-01-28 07:00:00+00:00,1,1582.725,1577.1019687290736,1577.2769687290736,1601.3244276832872,0.31,-149.51396939871455,-0.5043843769652898,"{'trail_atr_mult': 3.0, 'trail_atr_len': 14, 'tp_converts_to_trail': True, 'rsi': np.float64(77.27722784715574), 'atr': 4.693606920821842, 'exit_reason': 'sl', 'signal_time': Timestamp('2020-01-26 22:00:00+0000', tz='UTC')}"
2020-01-27 05:00:00+00:00,2020-01-28 07:00:00+00:00,1,1580.685,1577.1019687290736,1577.2769687290736,1596.9992518412212,0.35,-111.40609448242093,-0.3780490132150072,"{'trail_atr_mult': 3.0, 'trail_atr_len': 14, 'tp_converts_to_trail': True, 'rsi': np.float64(66.35840966809482), 'atr': 4.12231296030527, 'exit_reason': 'sl', 'signal_time': Timestamp('2020-01-27 04:00:00+0000', tz='UTC')}"
2020-01-27 09:00:00+00:00,2020-01-28 07:00:00+00:00,1,1582.885,1577.1019687290736,1577.2769687290736,1598.6189109182924,0.36,-193.78912575334888,-0.6549133695878222,"{'trail_atr_mult': 3.0, 'trail_atr_len': 14, 'tp_converts_to_trail': True, 'rsi': np.float64(66.94921162956985), 'atr': 3.9922277295730604, 'exit_reason': 'sl', 'signal_time': Timestamp('2020-01-27 08:00:00+0000', tz='UTC')}"
2020-01-30 07:00:00+00:00,2020-01-30 14:00:00+00:00,1,1581.7549999999999,1575.6380762171614,1575.8130762171613,1593.113847565677,0.49,-299.7292653590871,-1.02945174095053,"{'trail_atr_mult': 3.0, 'trail_atr_len': 14, 'tp_converts_to_trail': True, 'rsi': np.float64(69.13692308828176), 'atr': 2.88346189141925, 'exit_reason': 'sl', 'signal_time': Timestamp('2020-01-30 06:00:00+0000', tz='UTC')}"
2020-01-30 00:00:00+00:00,2020-01-30 14:00:00+00:00,1,1578.405,1574.8072176062203,1574.9822176062203,1590.5520059460512,0.46,-165.49799011386403,-0.5678315507578947,"{'trail_atr_mult': 3.0, 'trail_atr_len': 14, 'tp_converts_to_trail': True, 'rsi': np.float64(66.80173723760964), 'atr': 3.0805014865127682, 'exit_reason': 'sl', 'signal_time': Timestamp('2020-01-29 23:00:00+0000', tz='UTC')}"
2020-01-30 15:00:00+00:00,2020-01-30 19:00:00+00:00,1,1583.805,1576.2892643539521,1576.464264353952,1597.961471292096,0.4,-300.6294258419166,-1.0238395725494038,"{'trail_atr_mult': 3.0, 'trail_atr_len': 14, 'tp_converts_to_trail': True, 'rsi': np.float64(66.70394067727919), 'atr': 3.582867823023964, 'exit_reason': 'sl', 'signal_time': Timestamp('2020-01-30 14:00:00+0000', tz='UTC')}"
2020-01-30 17:00:00+00:00,2020-01-30 19:00:00+00:00,1,1584.975,1576.9088299786627,1577.0838299786626,1600.2323400426744,0.37,-298.4482907894785,-1.0221766860334733,"{'trail_atr_mult': 3.0, 'trail_atr_len': 14, 'tp_converts_to_trail': True, 'rsi': np.float64(65.30022396792123), 'atr': 3.8580850106686273, 'exit_reason': 'sl', 'signal_time': Timestamp('2020-01-30 16:00:00+0000', tz='UTC')}"
2020-01-31 15:00:00+00:00,2020-01-31 17:00:00+00:00,1,1588.225,1580.879627529714,1581.054627529714,1602.5807449405722,0.4,-293.8148988114335,-1.0244059845879914,"{'trail_atr_mult': 3.0, 'trail_atr_len': 14, 'tp_converts_to_trail': True, 'rsi': np.float64(71.23814254004859), 'atr': 3.5876862351430407, 'exit_reason': 'sl', 'signal_time': Timestamp('2020-01-31 14:00:00+0000', tz='UTC')}"
2020-02-02 22:00:00+00:00,2020-02-03 03:00:00+00:00,1,1588.825,1580.6255493754284,1580.8005493754283,1604.8889012491431,0.36,-280.7802224845806,-0.9719606973079167,"{'trail_atr_mult': 3.0, 'trail_atr_len': 14, 'tp_converts_to_trail': True, 'rsi': np.float64(66.47673066941184), 'atr': 4.014725312285778, 'exit_reason': 'sl', 'signal_time': Timestamp('2020-01-31 20:00:00+0000', tz='UTC')}"
2020-02-13 23:00:00+00:00,2020-02-17 08:00:00+00:00,1,1577.475,1579.1397145672458,1579.3147145672458,1586.7742684733496,0.59,192.61815946751028,0.6666581738349066,"{'trail_atr_mult': 3.0, 'trail_atr_len': 14, 'tp_converts_to_trail': True, 'rsi': np.float64(65.30474041997174), 'atr': 2.3660671183373947, 'exit_reason': 'sl', 'signal_time': Timestamp('2020-02-13 22:00:00+0000', tz='UTC')}"
2020-02-14 13:00:00+00:00,2020-02-17 08:00:00+00:00,1,1580.2649999999999,1579.1397145672458,1579.3147145672458,1588.9212939304955,0.63,4.70701773649634,0.016275389462875316,"{'trail_atr_mult': 3.0, 'trail_atr_len': 14, 'tp_converts_to_trail': True, 'rsi': np.float64(68.50324224411047), 'atr': 2.2078234826238834, 'exit_reason': 'sl', 'signal_time': Timestamp('2020-02-14 12:00:00+0000', tz='UTC')}"
2020-02-17 23:00:00+00:00,2020-02-18 14:00:00+00:00,1,1584.435,1591.175,1591.4847147976402,,0.77,549.7800000000007,1.8927156801827068,"{'trail_atr_mult': 3.0, 'trail_atr_len': 14, 'tp_converts_to_trail': True, 'rsi': np.float64(65.00258573972302), 'atr': 1.803678699410035, 'exit_reason': 'sl_gap', 'signal_time': Timestamp('2020-02-17 22:00:00+0000', tz='UTC')}"
2020-02-18 13:00:00+00:00,2020-02-19 00:00:00+00:00,1,1591.5249999999999,1599.448927676371,1599.623927676371,,0.67,557.7031543168737,1.9304261326723373,"{'trail_atr_mult': 3.0, 'trail_atr_len': 14, 'tp_converts_to_trail': True, 'rsi': np.float64(68.61094264041299), 'atr': 2.0684819190927746, 'exit_reason': 'sl', 'signal_time': Timestamp('2020-02-18 12:00:00+0000', tz='UTC')}"
2020-02-18 15:00:00+00:00,2020-02-19 13:00:00+00:00,1,1600.925,1603.3656731530289,1603.5406731530288,1612.5514988638095,0.48,136.3523113453877,0.46754284140029834,"{'trail_atr_mult': 3.0, 'trail_atr_len': 14, 'tp_converts_to_trail': True, 'rsi': np.float64(77.30762812933446), 'atr': 2.9503747159523366, 'exit_reason': 'sl', 'signal_time': Timestamp('2020-02-18 14:00:00+0000', tz='UTC')}"
2020-02-18 07:00:00+00:00,2020-02-19 13:00:00+00:00,1,1588.565,1603.3656731530289,1603.5406731530288,,0.77,1170.4518327832184,4.041954721876261,"{'trail_atr_mult': 3.0, 'trail_atr_len': 14, 'tp_converts_to_trail': True, 'rsi': np.float64(69.27135363738114), 'atr': 1.7978616318063676, 'exit_reason': 'sl', 'signal_time': Timestamp('2020-02-18 06:00:00+0000', tz='UTC')}"
2020-02-19 20:00:00+00:00,2020-02-20 01:00:00+00:00,1,1612.975,1606.1250098348862,1606.3000098348862,1626.0399803302282,0.44,-248.59956726500258,-0.8464417213141198,"{'trail_atr_mult': 3.0, 'trail_atr_len': 14, 'tp_converts_to_trail': True, 'rsi': np.float64(68.6539857559127), 'atr': 3.289995082557019, 'exit_reason': 'sl', 'signal_time': Timestamp('2020-02-19 19:00:00+0000', tz='UTC')}"
2020-02-19 18:00:00+00:00,2020-02-20 07:00:00+00:00,1,1609.145,1603.9619974251987,1604.1369974251986,1620.648202039791,0.51,-203.1331313148674,-0.6792179331986117,"{'trail_atr_mult': 3.0, 'trail_atr_len': 14, 'tp_converts_to_trail': True, 'rsi': np.float64(66.63779295102421), 'atr': 2.8945505099477695, 'exit_reason': 'sl', 'signal_time': Timestamp('2020-02-19 17:00:00+0000', tz='UTC')}"
2020-02-20 19:00:00+00:00,2020-02-21 08:00:00+00:00,1,1620.0249999999999,1633.155,1634.8207293908597,,0.38,514.1400000000042,1.7662344467844813,"{'trail_atr_mult': 3.0, 'trail_atr_len': 14, 'tp_converts_to_trail': True, 'rsi': np.float64(65.24149175675245), 'atr': 3.742682347714955, 'exit_reason': 'sl_gap', 'signal_time': Timestamp('2020-02-20 18:00:00+0000', tz='UTC')}"
2020-02-20 23:00:00+00:00,2020-02-21 09:00:00+00:00,1,1622.2749999999999,1631.885,1635.8203835538336,,0.42,420.42000000000536,1.410814579045837,"{'trail_atr_mult': 3.0, 'trail_atr_len': 14, 'tp_converts_to_trail': True, 'rsi': np.float64(67.85110478732861), 'atr': 3.4400958884583877, 'exit_reason': 'sl_gap', 'signal_time': Timestamp('2020-02-20 22:00:00+0000', tz='UTC')}"
2020-02-20 11:00:00+00:00,2020-02-24 00:00:00+00:00,1,1617.655,1660.4754378512523,1660.6504378512523,,0.43,1910.0788276038504,6.522817498406549,"{'trail_atr_mult': 3.0, 'trail_atr_len': 14, 'tp_converts_to_trail': True, 'rsi': np.float64(71.43820205158411), 'atr': 3.3175038853689163, 'exit_reason': 'sl', 'signal_time': Timestamp('2020-02-20 10:00:00+0000', tz='UTC')}"
2020-02-21 02:00:00+00:00,2020-02-24 00:00:00+00:00,1,1623.655,1660.4754378512523,1660.6504378512523,,0.43,1634.8788276038504,5.483280450284023,"{'trail_atr_mult': 3.0, 'trail_atr_len': 14, 'tp_converts_to_trail': True, 'rsi': np.float64(66.63865724027698), 'atr': 3.3794426628801606, 'exit_reason': 'sl', 'signal_time': Timestamp('2020-02-21 01:00:00+0000', tz='UTC')}"
2020-03-05 12:00:00+00:00,2020-03-05 21:00:00+00:00,1,1652.695,1672.8631941018855,1673.0381941018854,,0.29,584.8776289546807,1.9356950034418765,"{'trail_atr_mult': 3.0, 'trail_atr_len': 14, 'tp_converts_to_trail': True, 'rsi': np.float64(67.31864395498363), 'atr': 5.127048525471355, 'exit_reason': 'sl', 'signal_time': Timestamp('2020-03-05 11:00:00+0000', tz='UTC')}"
2020-03-04 12:00:00+00:00,2020-03-06 00:00:00+00:00,1,1647.315,1674.405,1674.9264443477537,,0.22,631.1799999999982,2.039347946414588,"{'trail_atr_mult': 3.0, 'trail_atr_len': 14, 'tp_converts_to_trail': True, 'rsi': np.float64(66.11650668316767), 'atr': 6.946611086938418, 'exit_reason': 'sl_gap', 'signal_time': Timestamp('2020-03-04 11:00:00+0000', tz='UTC')}"
2020-03-06 08:00:00+00:00,2020-03-06 13:00:00+00:00,1,1678.2549999999999,1670.4730523405647,1670.6480523405646,1702.5364707717924,0.25,-194.54869148588045,-0.6228929031642475,"{'trail_atr_mult': 3.0, 'trail_atr_len': 14, 'tp_converts_to_trail': True, 'rsi': np.float64(67.28948051278579), 'atr': 6.129117692948123, 'exit_reason': 'sl', 'signal_time': Timestamp('2020-03-06 07:00:00+0000', tz='UTC')}"
2020-03-26 16:00:00+00:00,2020-03-26 19:00:00+00:00,1,1637.415,1615.0076830686507,1615.1826830686507,1681.3546338626984,0.14,-313.70243703888906,-1.0078714243117501,"{'trail_atr_mult': 3.0, 'trail_atr_len': 14, 'tp_converts_to_trail': True, 'rsi': np.float64(70.69146025822093), 'atr': 11.028658465674614, 'exit_reason': 'sl', 'signal_time': Timestamp('2020-03-26 15:00:00+0000', tz='UTC')}"
2020-03-26 12:00:00+00:00,2020-03-27 07:00:00+00:00,1,1627.675,1618.6682131048817,1618.8432131048817,1669.1779781684609,0.14,-120.49501653165537,-0.4095741584627102,"{'trail_atr_mult': 3.0, 'trail_atr_len': 14, 'tp_converts_to_trail': True, 'rsi': np.float64(67.19631183302405), 'atr': 10.419494542115213, 'exit_reason': 'sl', 'signal_time': Timestamp('2020-03-26 11:00:00+0000', tz='UTC')}"
2020-04-03 00:00:00+00:00,2020-04-06 13:00:00+00:00,1,1613.415,1639.815,1641.3600979528164,,0.22,607.200000000002,1.9388763639480244,"{'trail_atr_mult': 3.0, 'trail_atr_len': 14, 'tp_converts_to_trail': True, 'rsi': np.float64(66.5593876005269), 'atr': 7.0300244882040905, 'exit_reason': 'sl_gap', 'signal_time': Timestamp('2020-04-02 23:00:00+0000', tz='UTC')}"
2020-04-06 08:00:00+00:00,2020-04-06 20:00:00+00:00,1,1631.5349999999999,1658.3994995758915,1658.5744995758914,,0.22,591.0189906696155,1.9470909049832834,"{'trail_atr_mult': 3.0, 'trail_atr_len': 14, 'tp_converts_to_trail': True, 'rsi': np.float64(67.73570971767728), 'atr': 6.806124893972865, 'exit_reason': 'sl', 'signal_time': Timestamp('2020-04-06 07:00:00+0000', tz='UTC')}"
2020-04-07 06:00:00+00:00,2020-04-07 08:00:00+00:00,1,1661.975,1645.8549846223575,1646.0299846223575,1693.250030755285,0.19,-306.28029217520566,-1.0109752167592974,"{'trail_atr_mult': 3.0, 'trail_atr_len': 14, 'tp_converts_to_trail': True, 'rsi': np.float64(65.79656106636153), 'atr': 7.870007688821243, 'exit_reason': 'sl', 'signal_time': Timestamp('2020-04-07 05:00:00+0000', tz='UTC')}"
2020-04-09 08:00:00+00:00,2020-04-09 15:00:00+00:00,1,1658.975,1679.402913207825,1679.5779132078248,,0.29,592.4094830269246,1.9147058110944317,"{'trail_atr_mult': 3.0, 'trail_atr_len': 14, 'tp_converts_to_trail': True, 'rsi': np.float64(65.1480780781483), 'atr': 5.211978301956183, 'exit_reason': 'sl', 'signal_time': Timestamp('2020-04-09 07:00:00+0000', tz='UTC')}"
2020-04-09 10:00:00+00:00,2020-04-09 15:00:00+00:00,1,1661.195,1681.9046802659318,1682.0796802659318,,0.29,600.5807277120241,1.915817441441665,"{'trail_atr_mult': 3.0, 'trail_atr_len': 14, 'tp_converts_to_trail': True, 'rsi': np.float64(67.22342825642289), 'atr': 5.2824200664829535, 'exit_reason': 'sl', 'signal_time': Timestamp('2020-04-09 09:00:00+0000', tz='UTC')}"
2020-04-13 15:00:00+00:00,2020-04-14 10:00:00+00:00,1,1699.925,1718.9750000000001,1727.389452067715,,0.22,427.900000000004,1.3479119391708074,"{'trail_atr_mult': 3.0, 'trail_atr_len': 14, 'tp_converts_to_trail': True, 'rsi': np.float64(72.85690698605632), 'atr': 6.982363016928754, 'exit_reason': 'sl_gap', 'signal_time': Timestamp('2020-04-13 14:00:00+0000', tz='UTC')}"
2020-04-14 08:00:00+00:00,2020-04-14 20:00:00+00:00,1,1722.7649999999999,1721.7412567293072,1721.9162567293072,1752.974244097811,0.21,-21.498608684545616,-0.06828541465665228,"{'trail_atr_mult': 3.0, 'trail_atr_len': 14, 'tp_converts_to_trail': True, 'rsi': np.float64(66.08251608510442), 'atr': 7.533561024452747, 'exit_reason': 'sl', 'signal_time': Timestamp('2020-04-14 07:00:00+0000', tz='UTC')}"
2020-04-14 13:00:00+00:00,2020-04-14 20:00:00+00:00,1,1730.325,1721.7412567293072,1721.9162567293072,1760.1985300280548,0.2,-171.67486541385642,-0.5608726236003583,"{'trail_atr_mult': 3.0, 'trail_atr_len': 14, 'tp_converts_to_trail': True, 'rsi': np.float64(69.41231820776758), 'atr': 7.52963250701373, 'exit_reason': 'sl', 'signal_time': Timestamp('2020-04-14 12:00:00+0000', tz='UTC')}"
2020-04-16 11:00:00+00:00,2020-04-16 14:00:00+00:00,1,1731.965,1718.4277366479466,1718.6027366479466,1758.9745267041067,0.23,-311.3570570972256,-1.0130965836691928,"{'trail_atr_mult': 3.0, 'trail_atr_len': 14, 'tp_converts_to_trail': True, 'rsi': np.float64(67.75963809732272), 'atr': 6.728631676026692, 'exit_reason': 'sl', 'signal_time': Timestamp('2020-04-16 10:00:00+0000', tz='UTC')}"
2020-04-22 13:00:00+00:00,2020-04-24 06:00:00+00:00,1,1706.055,1720.690299041435,1720.865299041435,1740.5525257387649,0.18,292.23538274583035,0.9424736615561131,"{'trail_atr_mult': 3.0, 'trail_atr_len': 14, 'tp_converts_to_trail': True, 'rsi': np.float64(65.26167381491342), 'atr': 8.62063143469122, 'exit_reason': 'sl', 'signal_time': Timestamp('2020-04-22 12:00:00+0000', tz='UTC')}"
2020-04-23 06:00:00+00:00,2020-04-24 06:00:00+00:00,1,1716.5349999999999,1720.690299041435,1720.865299041435,1742.4447661390839,0.24,109.32717699444547,0.3450361209367054,"{'trail_atr_mult': 3.0, 'trail_atr_len': 14, 'tp_converts_to_trail': True, 'rsi': np.float64(66.23067941270654), 'atr': 6.518691534770997, 'exit_reason': 'sl', 'signal_time': Timestamp('2020-04-23 05:00:00+0000', tz='UTC')}"
2020-04-23 20:00:00+00:00,2020-04-24 15:00:00+00:00,1,1733.105,1718.2633210986899,1718.4383210986898,1763.4828527739976,0.2,-288.83357802620327,-0.9301354053630184,"{'trail_atr_mult': 3.0, 'trail_atr_len': 14, 'tp_converts_to_trail': True, 'rsi': np.float64(65.97346522859219), 'atr': 7.650713193499398, 'exit_reason': 'sl', 'signal_time': Timestamp('2020-04-23 19:00:00+0000', tz='UTC')}"
2020-04-24 11:00:00+00:00,2020-04-24 15:00:00+00:00,1,1736.055,1723.6655362340957,1723.8405362340957,1759.6289275318086,0.26,-322.1260579135128,-1.0143272765267397,"{'trail_atr_mult': 3.0, 'trail_atr_len': 14, 'tp_converts_to_trail': True, 'rsi': np.float64(66.40552859345705), 'atr': 5.964731882952156, 'exit_reason': 'sl', 'signal_time': Timestamp('2020-04-24 10:00:00+0000', tz='UTC')}"
2020-05-13 13:00:00+00:00,2020-05-13 14:00:00+00:00,1,1712.145,1703.303565551931,1703.4785655519308,1728.9228688961387,0.36,-318.2916401304874,-1.0201928487486505,"{'trail_atr_mult': 3.0, 'trail_atr_len': 14, 'tp_converts_to_trail': True, 'rsi': np.float64(65.83639204756588), 'atr': 4.240717224034627, 'exit_reason': 'sl', 'signal_time': Timestamp('2020-05-13 12:00:00+0000', tz='UTC')}"
2020-05-13 23:00:00+00:00,2020-05-14 18:00:00+00:00,1,1717.095,1731.145,1735.9580794655863,,0.32,487.9999999999985,1.5515249113420908,"{'trail_atr_mult': 3.0, 'trail_atr_len': 14, 'tp_converts_to_trail': True, 'rsi': np.float64(65.74773052993082), 'atr': 4.782019866396567, 'exit_reason': 'sl_gap', 'signal_time': Timestamp('2020-05-13 22:00:00+0000', tz='UTC')}"
2020-05-13 20:00:00+00:00,2020-05-15 08:00:00+00:00,1,1717.475,1735.135,1737.570435356538,,0.3,577.8000000000025,1.8465578182637694,"{'trail_atr_mult': 3.0, 'trail_atr_len': 14, 'tp_converts_to_trail': True, 'rsi': np.float64(68.34623492483885), 'atr': 5.087608839134457, 'exit_reason': 'sl_gap', 'signal_time': Timestamp('2020-05-13 19:00:00+0000', tz='UTC')}"
2020-05-14 14:00:00+00:00,2020-05-18 01:00:00+00:00,1,1732.175,1753.9428240768034,1754.1178240768033,,0.28,654.2990741504962,2.0663193769173858,"{'trail_atr_mult': 3.0, 'trail_atr_len': 14, 'tp_converts_to_trail': True, 'rsi': np.float64(73.98014004005194), 'atr': 5.541956019200799, 'exit_reason': 'sl', 'signal_time': Timestamp('2020-05-14 13:00:00+0000', tz='UTC')}"
2020-05-15 13:00:00+00:00,2020-05-18 04:00:00+00:00,1,1742.935,1760.9950000000001,1763.6805796777048,,0.3,577.8000000000052,1.8058580958426986,"{'trail_atr_mult': 3.0, 'trail_atr_len': 14, 'tp_converts_to_trail': True, 'rsi': np.float64(69.73713289414222), 'atr': 5.235144919426193, 'exit_reason': 'sl_gap', 'signal_time': Timestamp('2020-05-15 12:00:00+0000', tz='UTC')}"
2020-05-15 00:00:00+00:00,2020-05-18 13:00:00+00:00,1,1732.815,1752.8308246558831,1753.005824655883,,0.3,636.4747396764924,2.0542219939730786,"{'trail_atr_mult': 3.0, 'trail_atr_len': 14, 'tp_converts_to_trail': True, 'rsi': np.float64(66.91290474784594), 'atr': 5.086456163970756, 'exit_reason': 'sl', 'signal_time': Timestamp('2020-05-14 23:00:00+0000', tz='UTC')}"
2020-05-15 06:00:00+00:00,2020-05-18 13:00:00+00:00,1,1734.615,1752.3368415107445,1752.5118415107445,,0.34,643.3426113653138,2.0409883775330617,"{'trail_atr_mult': 3.0, 'trail_atr_len': 14, 'tp_converts_to_trail': True, 'rsi': np.float64(65.11209224375281), 'atr': 4.5279603776860755, 'exit_reason': 'sl', 'signal_time': Timestamp('2020-05-15 05:00:00+0000', tz='UTC')}"
2020-05-15 15:00:00+00:00,2020-05-18 13:00:00+00:00,1,1743.105,1749.1526015670238,1749.3276015670237,1765.7748875792456,0.27,195.68524230964198,0.6209155252876264,"{'trail_atr_mult': 3.0, 'trail_atr_len': 14, 'tp_converts_to_trail': True, 'rsi': np.float64(66.71813439103119), 'atr': 5.723721894811363, 'exit_reason': 'sl', 'signal_time': Timestamp('2020-05-15 14:00:00+0000', tz='UTC')}"
2020-06-01 03:00:00+00:00,2020-06-01 12:00:00+00:00,1,1739.0249999999999,1731.3120883060346,1731.4870883060346,1758.0007601571078,0.33,-254.52608590085242,-0.7910370295133284,"{'trail_atr_mult': 3.0, 'trail_atr_len': 14, 'tp_converts_to_trail': True, 'rsi': np.float64(65.29282601701303), 'atr': 4.787690039276991, 'exit_reason': 'sl', 'signal_time': Timestamp('2020-06-01 02:00:00+0000', tz='UTC')}"
2020-06-11 08:00:00+00:00,2020-06-11 12:00:00+00:00,1,1736.075,1725.622982540319,1725.797982540319,1756.1040349193624,0.31,-324.0125412501102,-1.0170282867268172,"{'trail_atr_mult': 3.0, 'trail_atr_len': 14, 'tp_converts_to_trail': True, 'rsi': np.float64(65.02291954052544), 'atr': 5.051008729840579, 'exit_reason': 'sl', 'signal_time': Timestamp('2020-06-11 07:00:00+0000', tz='UTC')}"
2020-06-11 15:00:00+00:00,2020-06-11 16:00:00+00:00,1,1743.695,1731.2964150042574,1731.4714150042573,1767.4671699914854,0.26,-322.36320988930675,-1.0143165855238792,"{'trail_atr_mult': 3.0, 'trail_atr_len': 14, 'tp_converts_to_trail': True, 'rsi': np.float64(67.917138868356), 'atr': 5.999292497871324, 'exit_reason': 'sl', 'signal_time': Timestamp('2020-06-11 14:00:00+0000', tz='UTC')}"
2020-06-19 08:00:00+00:00,2020-06-21 23:00:00+00:00,1,1732.085,1745.846159119109,1746.021159119109,,0.45,655.2521603599016,2.013830150014468,"{'trail_atr_mult': 3.0, 'trail_atr_len': 14, 'tp_converts_to_trail': True, 'rsi': np.float64(65.87773711060288), 'atr': 3.527789779777196, 'exit_reason': 'sl', 'signal_time': Timestamp('2020-06-19 07:00:00+0000', tz='UTC')}"
2020-06-19 12:00:00+00:00,2020-06-22 00:00:00+00:00,1,1734.0349999999999,1745.4850000000001,1748.4150347667858,,0.44,556.600000000012,1.7042735431383513,"{'trail_atr_mult': 3.0, 'trail_atr_len': 14, 'tp_converts_to_trail': True, 'rsi': np.float64(65.06770479415778), 'atr': 3.6337586916963946, 'exit_reason': 'sl_gap', 'signal_time': Timestamp('2020-06-19 11:00:00+0000', tz='UTC')}"
2020-06-22 13:00:00+00:00,2020-06-23 03:00:00+00:00,1,1756.695,1747.7304078260067,1747.9054078260067,1777.3338845352596,0.31,-265.5023573937891,-0.8093591854297251,"{'trail_atr_mult': 3.0, 'trail_atr_len': 14, 'tp_converts_to_trail': True, 'rsi': np.float64(67.38688243218273), 'atr': 5.203471133814903, 'exit_reason': 'sl', 'signal_time': Timestamp('2020-06-22 12:00:00+0000', tz='UTC')}"
2020-06-23 14:00:00+00:00,2020-06-24 13:00:00+00:00,1,1765.475,1766.751879638817,1766.926879638817,1785.8985194568443,0.31,51.98326880332811,0.15986634731460414,"{'trail_atr_mult': 3.0, 'trail_atr_len': 14, 'tp_converts_to_trail': True, 'rsi': np.float64(68.70930933631436), 'atr': 5.152129864211086, 'exit_reason': 'sl', 'signal_time': Timestamp('2020-06-23 13:00:00+0000', tz='UTC')}"
2020-06-24 00:00:00+00:00,2020-06-24 13:00:00+00:00,1,1768.7949999999998,1766.751879638817,1766.926879638817,1786.5100885419129,0.36,-73.55233300258442,-0.2240252679133797,"{'trail_atr_mult': 3.0, 'trail_atr_len': 14, 'tp_converts_to_trail': True, 'rsi': np.float64(66.94115017600669), 'atr': 4.472522135478226, 'exit_reason': 'sl', 'signal_time': Timestamp('2020-06-23 23:00:00+0000', tz='UTC')}"
2020-06-24 06:00:00+00:00,2020-06-24 13:00:00+00:00,1,1769.925,1766.751879638817,1766.926879638817,1786.1178041336018,0.39,-123.75169408613738,-0.3796097066127586,"{'trail_atr_mult': 3.0, 'trail_atr_len': 14, 'tp_converts_to_trail': True, 'rsi': np.float64(65.58521570924518), 'atr': 4.0919510334004325, 'exit_reason': 'sl', 'signal_time': Timestamp('2020-06-24 05:00:00+0000', tz='UTC')}"
2020-07-01 08:00:00+00:00,2020-07-01 11:00:00+00:00,1,1787.985,1780.6045360968783,1780.7795360968782,1801.8109278062434,0.45,-332.1208756404724,-1.024287124653298,"{'trail_atr_mult': 3.0, 'trail_atr_len': 14, 'tp_converts_to_trail': True, 'rsi': np.float64(68.52687647180517), 'atr': 3.5052319515608565, 'exit_reason': 'sl', 'signal_time': Timestamp('2020-07-01 07:00:00+0000', tz='UTC')}"
2020-06-30 15:00:00+00:00,2020-07-01 12:00:00+00:00,1,1781.245,1778.5073336763203,1778.6823336763202,1798.3901968951493,0.37,-86.49365397614538,-0.26731160749001875,"{'trail_atr_mult': 3.0, 'trail_atr_len': 14, 'tp_converts_to_trail': True, 'rsi': np.float64(66.36667112007663), 'atr': 4.315049223787304, 'exit_reason': 'sl', 'signal_time': Timestamp('2020-06-30 14:00:00+0000', tz='UTC')}"
2020-07-06 23:00:00+00:00,2020-07-07 09:00:00+00:00,1,1786.375,1779.4571643302406,1779.6321643302406,1799.335671339519,0.44,-286.78476946941225,-0.9666312496670894,"{'trail_atr_mult': 3.0, 'trail_atr_len': 14, 'tp_converts_to_trail': True, 'rsi': np.float64(66.67161377477774), 'atr': 3.2839178348797224, 'exit_reason': 'sl', 'signal_time': Timestamp('2020-07-06 22:00:00+0000', tz='UTC')}"
2020-07-06 13:00:00+00:00,2020-07-07 09:00:00+00:00,1,1783.385,1778.205486485435,1778.3804864854349,1796.8128802613423,0.43,-205.51908112629877,-0.6986121961570446,"{'trail_atr_mult': 3.0, 'trail_atr_len': 14, 'tp_converts_to_trail': True, 'rsi': np.float64(69.24083837350818), 'atr': 3.378220065335576, 'exit_reason': 'sl', 'signal_time': Timestamp('2020-07-06 12:00:00+0000', tz='UTC')}"
2020-07-06 16:00:00+00:00,2020-07-07 09:00:00+00:00,1,1783.805,1778.205486485435,1778.3804864854349,1798.6120254862133,0.39,-202.78102706804125,-0.6809199630080454,"{'trail_atr_mult': 3.0, 'trail_atr_len': 14, 'tp_converts_to_trail': True, 'rsi': np.float64(66.62388789244068), 'atr': 3.740506371553301, 'exit_reason': 'sl', 'signal_time': Timestamp('2020-07-06 15:00:00+0000', tz='UTC')}"
2020-07-07 15:00:00+00:00,2020-07-08 15:00:00+00:00,1,1794.145,1810.2050000000002,1810.9892015848714,,0.34,559.640000000006,1.895308764720285,"{'trail_atr_mult': 3.0, 'trail_atr_len': 14, 'tp_converts_to_trail': True, 'rsi': np.float64(71.42446593199335), 'atr': 4.254800396217856, 'exit_reason': 'sl_gap', 'signal_time': Timestamp('2020-07-07 14:00:00+0000', tz='UTC')}"
2020-07-08 08:00:00+00:00,2020-07-08 19:00:00+00:00,1,1796.2549999999999,1808.4349285237163,1808.6099285237162,,0.46,560.2767120909543,1.8957192643113505,"{'trail_atr_mult': 3.0, 'trail_atr_len': 14, 'tp_converts_to_trail': True, 'rsi': np.float64(65.3231062865116), 'atr': 3.1299821309290894, 'exit_reason': 'sl', 'signal_time': Timestamp('2020-07-08 07:00:00+0000', tz='UTC')}"
2020-07-09 05:00:00+00:00,2020-07-09 13:00:00+00:00,1,1811.835,1805.3092423500432,1805.4842423500431,1825.376180455258,0.42,-274.08182129818806,-0.9278649126838946,"{'trail_atr_mult': 3.0, 'trail_atr_len': 14, 'tp_converts_to_trail': True, 'rsi': np.float64(67.4432756133836), 'atr': 3.4290451138145, 'exit_reason': 'sl', 'signal_time': Timestamp('2020-07-09 04:00:00+0000', tz='UTC')}"
2020-07-17 18:00:00+00:00,2020-07-21 08:00:00+00:00,1,1811.135,1822.655,1823.2045295523158,,0.47,616.6399999999991,2.058922606149318,"{'trail_atr_mult': 3.0, 'trail_atr_len': 14, 'tp_converts_to_trail': True, 'rsi': np.float64(66.1457231598504), 'atr': 3.073632388078912, 'exit_reason': 'sl_gap', 'signal_time': Timestamp('2020-07-17 17:00:00+0000', tz='UTC')}"
2020-07-20 09:00:00+00:00,2020-07-21 08:00:00+00:00,1,1812.105,1822.1495491103328,1822.3245491103328,,0.55,574.4502010683045,1.9441577311585236,"{'trail_atr_mult': 3.0, 'trail_atr_len': 14, 'tp_converts_to_trail': True, 'rsi': np.float64(65.55182024079835), 'atr': 2.598637277583153, 'exit_reason': 'sl', 'signal_time': Timestamp('2020-07-20 08:00:00+0000', tz='UTC')}"
2020-07-20 12:00:00+00:00,2020-07-21 12:00:00+00:00,1,1815.425,1825.833944750511,1826.0089447505109,,0.54,583.6830165275917,1.9459894694343849,"{'trail_atr_mult': 3.0, 'trail_atr_len': 14, 'tp_converts_to_trail': True, 'rsi': np.float64(70.38693501085848), 'atr': 2.689736187627706, 'exit_reason': 'sl', 'signal_time': Timestamp('2020-07-20 11:00:00+0000', tz='UTC')}"
2020-07-21 07:00:00+00:00,2020-07-21 14:00:00+00:00,1,1823.0049999999999,1833.8597812960024,1834.0347812960024,,0.52,564.448627392133,1.8788380356031122,"{'trail_atr_mult': 3.0, 'trail_atr_len': 14, 'tp_converts_to_trail': True, 'rsi': np.float64(71.6127620289511), 'atr': 2.801195324000623, 'exit_reason': 'sl', 'signal_time': Timestamp('2020-07-21 06:00:00+0000', tz='UTC')}"
2020-07-21 04:00:00+00:00,2020-07-22 08:00:00+00:00,1,1819.895,1851.7254204157757,1851.9004204157757,,0.58,1869.3643841149926,6.238998771285074,"{'trail_atr_mult': 3.0, 'trail_atr_len': 14, 'tp_converts_to_trail': True, 'rsi': np.float64(70.0360037801296), 'atr': 2.5254801861891965, 'exit_reason': 'sl', 'signal_time': Timestamp('2020-07-21 03:00:00+0000', tz='UTC')}"
2020-07-22 11:00:00+00:00,2020-07-22 14:00:00+00:00,1,1859.0249999999999,1847.5545068927352,1847.7295068927351,1881.0909862145297,0.27,-309.70331389614694,-1.015492904854893,"{'trail_atr_mult': 3.0, 'trail_atr_len': 14, 'tp_converts_to_trail': True, 'rsi': np.float64(65.97468006296438), 'atr': 5.5602465536324335, 'exit_reason': 'sl', 'signal_time': Timestamp('2020-07-22 10:00:00+0000', tz='UTC')}"
2020-07-22 16:00:00+00:00,2020-07-23 13:00:00+00:00,1,1864.325,1871.7130910786273,1871.8880910786272,1889.9511757276564,0.23,197.52609480842588,0.6568034392078873,"{'trail_atr_mult': 3.0, 'trail_atr_len': 14, 'tp_converts_to_trail': True, 'rsi': np.float64(67.54556097608813), 'atr': 6.450293931914064, 'exit_reason': 'sl', 'signal_time': Timestamp('2020-07-22 15:00:00+0000', tz='UTC')}"
2020-07-23 07:00:00+00:00,2020-07-23 13:00:00+00:00,1,1875.805,1871.7130910786273,1871.8880910786272,1897.2763449283268,0.28,-114.57344979843857,-0.37205353295795435,"{'trail_atr_mult': 3.0, 'trail_atr_len': 14, 'tp_converts_to_trail': True, 'rsi': np.float64(68.98137228270066), 'atr': 5.411586232081671, 'exit_reason': 'sl', 'signal_time': Timestamp('2020-07-23 06:00:00+0000', tz='UTC')}"
2020-07-23 15:00:00+00:00,2020-07-27 01:00:00+00:00,1,1886.425,1912.8703783390015,1913.0453783390014,,0.23,645.0437017970353,2.0894008633326857,"{'trail_atr_mult': 3.0, 'trail_atr_len': 14, 'tp_converts_to_trail': True, 'rsi': np.float64(67.98625227493335), 'atr': 6.673844584750402, 'exit_reason': 'sl', 'signal_time': Timestamp('2020-07-23 14:00:00+0000', tz='UTC')}"
2020-07-24 14:00:00+00:00,2020-07-27 04:00:00+00:00,1,1902.095,1927.8674316430154,1928.0424316430153,,0.23,620.3659277893531,2.0354684435248274,"{'trail_atr_mult': 3.0, 'trail_atr_len': 14, 'tp_converts_to_trail': True, 'rsi': np.float64(67.00680738823462), 'atr': 6.533107910753808, 'exit_reason': 'sl', 'signal_time': Timestamp('2020-07-24 13:00:00+0000', tz='UTC')}"
2020-07-26 23:00:00+00:00,2020-07-27 04:00:00+00:00,1,1906.7749999999999,1927.4424613130072,1927.6174613130072,,0.29,610.9563780772139,1.96090743397916,"{'trail_atr_mult': 3.0, 'trail_atr_len': 14, 'tp_converts_to_trail': True, 'rsi': np.float64(69.01256420660152), 'atr': 5.264365328251804, 'exit_reason': 'sl', 'signal_time': Timestamp('2020-07-26 22:00:00+0000', tz='UTC')}"
2020-07-27 14:00:00+00:00,2020-07-28 03:00:00+00:00,1,1939.935,1968.2958734928773,1968.4708734928772,,0.22,632.7392168433009,2.0041810574173238,"{'trail_atr_mult': 3.0, 'trail_atr_len': 14, 'tp_converts_to_trail': True, 'rsi': np.float64(69.12951217618698), 'atr': 7.1477183732193055, 'exit_reason': 'sl', 'signal_time': Timestamp('2020-07-27 13:00:00+0000', tz='UTC')}"
2020-07-27 23:00:00+00:00,2020-07-28 03:00:00+00:00,1,1948.7549999999999,1971.415,1977.6962738110751,,0.21,484.2600000000017,1.5747991805826893,"{'trail_atr_mult': 3.0, 'trail_atr_len': 14, 'tp_converts_to_trail': True, 'rsi': np.float64(67.75690033811688), 'atr': 7.26406845276875, 'exit_reason': 'sl_gap', 'signal_time': Timestamp('2020-07-27 22:00:00+0000', tz='UTC')}"
2020-07-24 20:00:00+00:00,2020-07-28 04:00:00+00:00,1,1902.565,1954.4793676486154,1954.6543676486153,,0.28,1498.4022941612293,4.950867065353294,"{'trail_atr_mult': 3.0, 'trail_atr_len': 14, 'tp_converts_to_trail': True, 'rsi': np.float64(65.403752494348), 'atr': 5.292044996078985, 'exit_reason': 'sl', 'signal_time': Timestamp('2020-07-24 19:00:00+0000', tz='UTC')}"
2020-07-24 08:00:00+00:00,2020-07-28 04:00:00+00:00,1,1896.615,1954.4793676486154,1954.6543676486153,,0.24,1427.144823566769,4.6200815485354445,"{'trail_atr_mult': 3.0, 'trail_atr_len': 14, 'tp_converts_to_trail': True, 'rsi': np.float64(65.29680716493068), 'atr': 6.347924031364258, 'exit_reason': 'sl', 'signal_time': Timestamp('2020-07-24 07:00:00+0000', tz='UTC')}"
2020-07-29 22:00:00+00:00,2020-07-30 07:00:00+00:00,1,1971.215,1951.8191681422718,1951.9941681422717,2008.471663715456,0.17,-309.32914158137817,-0.9466724433371535,"{'trail_atr_mult': 3.0, 'trail_atr_len': 14, 'tp_converts_to_trail': True, 'rsi': np.float64(66.0256865792303), 'atr': 9.412915928864056, 'exit_reason': 'sl', 'signal_time': Timestamp('2020-07-29 20:00:00+0000', tz='UTC')}"
2020-07-31 04:00:00+00:00,2020-07-31 14:00:00+00:00,1,1969.445,1964.4025396571737,1964.5775396571737,1996.8672378206572,0.23,-115.97658788500236,-0.3596973692687402,"{'trail_atr_mult': 3.0, 'trail_atr_len': 14, 'tp_converts_to_trail': True, 'rsi': np.float64(66.51529860237932), 'atr': 6.906809455164309, 'exit_reason': 'sl', 'signal_time': Timestamp('2020-07-31 03:00:00+0000', tz='UTC')}"
2020-07-31 06:00:00+00:00,2020-07-31 14:00:00+00:00,1,1972.405,1964.4025396571737,1964.5775396571737,1999.4310366923012,0.23,-184.05658788500318,-0.5809190000507232,"{'trail_atr_mult': 3.0, 'trail_atr_len': 14, 'tp_converts_to_trail': True, 'rsi': np.float64(67.58259392634665), 'atr': 6.800259173075314, 'exit_reason': 'sl', 'signal_time': Timestamp('2020-07-31 05:00:00+0000', tz='UTC')}"
2020-08-02 23:00:00+00:00,2020-08-03 02:00:00+00:00,1,1983.945,1969.8878296373764,1970.0628296373764,2011.6643407252475,0.23,-314.1149183403414,-0.983792159718351,"{'trail_atr_mult': 3.0, 'trail_atr_len': 14, 'tp_converts_to_trail': True, 'rsi': np.float64(70.21367280484282), 'atr': 6.933585181311866, 'exit_reason': 'sl', 'signal_time': Timestamp('2020-08-02 22:00:00+0000', tz='UTC')}"
2020-08-04 15:00:00+00:00,2020-08-04 21:00:00+00:00,1,1991.915,2016.0256959675849,2016.2006959675848,,0.26,626.8780951572071,1.9506486386305637,"{'trail_atr_mult': 3.0, 'trail_atr_len': 14, 'tp_converts_to_trail': True, 'rsi': np.float64(70.11149519528757), 'atr': 6.1076739918962115, 'exit_reason': 'sl', 'signal_time': Timestamp('2020-08-04 14:00:00+0000', tz='UTC')}"
2020-08-05 05:00:00+00:00,2020-08-05 16:00:00+00:00,1,2022.965,2042.545,2054.197241062593,,0.2,391.6000000000031,1.2170092496067164,"{'trail_atr_mult': 3.0, 'trail_atr_len': 14, 'tp_converts_to_trail': True, 'rsi': np.float64(69.07755863651539), 'atr': 7.886810265648266, 'exit_reason': 'sl_gap', 'signal_time': Timestamp('2020-08-05 04:00:00+0000', tz='UTC')}"
2020-08-06 14:00:00+00:00,2020-08-06 16:00:00+00:00,1,2066.9950000000003,2050.1656602067887,2050.340660206789,2099.778679586423,0.19,-319.75745607102044,-1.0105077716783175,"{'trail_atr_mult': 3.0, 'trail_atr_len': 14, 'tp_converts_to_trail': True, 'rsi': np.float64(70.76573558971015), 'atr': 8.239669896605712, 'exit_reason': 'sl', 'signal_time': Timestamp('2020-08-06 13:00:00+0000', tz='UTC')}"
2020-08-06 23:00:00+00:00,2020-08-07 04:00:00+00:00,1,2070.485,2053.6161484976474,2053.7911484976476,2103.3477030047043,0.19,-312.9081785447023,-0.9865219838592604,"{'trail_atr_mult': 3.0, 'trail_atr_len': 14, 'tp_converts_to_trail': True, 'rsi': np.float64(67.81075870001806), 'atr': 8.259425751176114, 'exit_reason': 'sl', 'signal_time': Timestamp('2020-08-06 22:00:00+0000', tz='UTC')}"
2020-08-06 06:00:00+00:00,2020-08-07 05:00:00+00:00,1,2049.255,2051.6562409767275,2051.8312409767277,2077.157146497899,0.23,64.42854246473071,0.196667010992765,"{'trail_atr_mult': 3.0, 'trail_atr_len': 14, 'tp_converts_to_trail': True, 'rsi': np.float64(66.5125388011617), 'atr': 7.024286624474684, 'exit_reason': 'sl', 'signal_time': Timestamp('2020-08-06 05:00:00+0000', tz='UTC')}"
2020-08-06 12:00:00+00:00,2020-08-07 05:00:00+00:00,1,2059.445,2051.6562409767275,2051.8312409767277,2088.7411905262657,0.21,-155.16393948872528,-0.48624347354123876,"{'trail_atr_mult': 3.0, 'trail_atr_len': 14, 'tp_converts_to_trail': True, 'rsi': np.float64(69.3487843577259), 'atr': 7.415297631566391, 'exit_reason': 'sl', 'signal_time': Timestamp('2020-08-06 11:00:00+0000', tz='UTC')}"
2020-08-30 23:00:00+00:00,2020-08-31 08:00:00+00:00,1,1973.215,1956.56676751493,1956.74176751493,2006.500939103477,0.19,-308.7164172163283,-0.9577237125986324,"{'trail_atr_mult': 3.0, 'trail_atr_len': 14, 'tp_converts_to_trail': True, 'rsi': np.float64(68.09405930011843), 'atr': 8.375234775869261, 'exit_reason': 'sl', 'signal_time': Timestamp('2020-08-30 22:00:00+0000', tz='UTC')}"
2020-09-01 03:00:00+00:00,2020-09-01 15:00:00+00:00,1,1987.845,1975.0954167541042,1975.2704167541042,2014.0503493442143,0.24,-305.989997901499,-0.9571633675790863,"{'trail_atr_mult': 3.0, 'trail_atr_len': 14, 'tp_converts_to_trail': True, 'rsi': np.float64(71.95020607441504), 'atr': 6.587587336053566, 'exit_reason': 'sl', 'signal_time': Timestamp('2020-09-01 02:00:00+0000', tz='UTC')}"
2020-09-14 14:00:00+00:00,2020-09-15 14:00:00+00:00,1,1958.5449999999998,1958.9117202643083,1959.0867202643083,1979.1143711496197,0.3,23.001607929254078,0.07279783088348535,"{'trail_atr_mult': 3.0, 'trail_atr_len': 14, 'tp_converts_to_trail': True, 'rsi': np.float64(65.09747604238731), 'atr': 5.183592787404886, 'exit_reason': 'sl', 'signal_time': Timestamp('2020-09-14 13:00:00+0000', tz='UTC')}"
2020-09-15 02:00:00+00:00,2020-09-15 14:00:00+00:00,1,1961.445,1958.9117202643083,1959.0867202643083,1977.788719106766,0.38,-96.26462995628162,-0.3003523527373831,"{'trail_atr_mult': 3.0, 'trail_atr_len': 14, 'tp_converts_to_trail': True, 'rsi': np.float64(65.56116174008017), 'atr': 4.129679776691495, 'exit_reason': 'sl', 'signal_time': Timestamp('2020-09-15 01:00:00+0000', tz='UTC')}"
2020-09-15 11:00:00+00:00,2020-09-15 14:00:00+00:00,1,1970.825,1961.9308504461699,1962.1058504461698,1987.9482991076602,0.37,-329.0835334917165,-1.0200707648056202,"{'trail_atr_mult': 3.0, 'trail_atr_len': 14, 'tp_converts_to_trail': True, 'rsi': np.float64(70.32216113381756), 'atr': 4.307074776915047, 'exit_reason': 'sl', 'signal_time': Timestamp('2020-09-15 10:00:00+0000', tz='UTC')}"
2020-10-05 15:00:00+00:00,2020-10-06 16:00:00+00:00,1,1917.115,1907.0663275510756,1907.2413275510755,1938.964808301606,0.29,-279.8115010188086,-0.8624585577550612,"{'trail_atr_mult': 3.0, 'trail_atr_len': 14, 'tp_converts_to_trail': True, 'rsi': np.float64(70.56186939493226), 'atr': 5.5062020754014895, 'exit_reason': 'sl', 'signal_time': Timestamp('2020-10-05 14:00:00+0000', tz='UTC')}"
2020-10-12 05:00:00+00:00,2020-10-12 12:00:00+00:00,1,1928.815,1918.5090412348065,1918.6840412348065,1948.5519175303873,0.32,-329.7906804861923,-1.0172737846492075,"{'trail_atr_mult': 3.0, 'trail_atr_len': 14, 'tp_converts_to_trail': True, 'rsi': np.float64(66.39013004498375), 'atr': 4.977979382596797, 'exit_reason': 'sl', 'signal_time': Timestamp('2020-10-12 04:00:00+0000', tz='UTC')}"
2020-10-09 13:00:00+00:00,2020-10-12 12:00:00+00:00,1,1921.0149999999999,1918.6724151398978,1918.8474151398977,1939.9126093419738,0.33,-37.7053003833686,-0.11765513479518531,"{'trail_atr_mult': 3.0, 'trail_atr_len': 14, 'tp_converts_to_trail': True, 'rsi': np.float64(71.61342706863442), 'atr': 4.768152335493507, 'exit_reason': 'sl', 'signal_time': Timestamp('2020-10-09 12:00:00+0000', tz='UTC')}"
2020-10-09 17:00:00+00:00,2020-10-12 12:00:00+00:00,1,1923.585,1918.6724151398978,1918.8474151398977,1945.0191439873001,0.29,-107.66496094296504,-0.33767434168847005,"{'trail_atr_mult': 3.0, 'trail_atr_len': 14, 'tp_converts_to_trail': True, 'rsi': np.float64(67.31580206763797), 'atr': 5.404785996825018, 'exit_reason': 'sl', 'signal_time': Timestamp('2020-10-09 16:00:00+0000', tz='UTC')}"
2020-10-12 03:00:00+00:00,2020-10-13 01:00:00+00:00,1,1927.575,1919.4681430521514,1919.6431430521513,1948.1077860115734,0.3,-231.20570843545966,-0.7319721972303295,"{'trail_atr_mult': 3.0, 'trail_atr_len': 14, 'tp_converts_to_trail': True, 'rsi': np.float64(65.05983518038389), 'atr': 5.176946502893291, 'exit_reason': 'sl', 'signal_time': Timestamp('2020-10-12 02:00:00+0000', tz='UTC')}"
2020-10-19 09:00:00+00:00,2020-10-19 15:00:00+00:00,1,1911.435,1905.6238177634318,1905.7988177634318,1927.6588785079894,0.38,-220.8249249895889,-0.6889826414738844,"{'trail_atr_mult': 3.0, 'trail_atr_len': 14, 'tp_converts_to_trail': True, 'rsi': np.float64(66.81047697160182), 'atr': 4.109719626997311, 'exit_reason': 'sl', 'signal_time': Timestamp('2020-10-19 08:00:00+0000', tz='UTC')}"
2020-10-21 13:00:00+00:00,2020-10-22 02:00:00+00:00,1,1924.955,1918.4506796718365,1918.6256796718365,1944.1689288370665,0.32,-169.73825050122977,-0.5382657141861205,"{'trail_atr_mult': 3.0, 'trail_atr_len': 14, 'tp_converts_to_trail': True, 'rsi': np.float64(66.36900599063311), 'atr': 4.844732209266606, 'exit_reason': 'sl', 'signal_time': Timestamp('2020-10-21 12:00:00+0000', tz='UTC')}"
2020-10-21 03:00:00+00:00,2020-10-22 02:00:00+00:00,1,1918.7649999999999,1918.4506796718365,1918.6256796718365,1937.2515108575844,0.33,29.227429170608595,0.09317299171762594,"{'trail_atr_mult': 3.0, 'trail_atr_len': 14, 'tp_converts_to_trail': True, 'rsi': np.float64(67.16084252269158), 'atr': 4.665377714396127, 'exit_reason': 'sl', 'signal_time': Timestamp('2020-10-21 02:00:00+0000', tz='UTC')}"
2020-10-21 08:00:00+00:00,2020-10-22 02:00:00+00:00,1,1920.585,1918.4506796718365,1918.6256796718365,1937.9264533208727,0.36,-33.635531813887425,-0.10458934533716509,"{'trail_atr_mult': 3.0, 'trail_atr_len': 14, 'tp_converts_to_trail': True, 'rsi': np.float64(65.89626528404474), 'atr': 4.37911333021814, 'exit_reason': 'sl', 'signal_time': Timestamp('2020-10-21 07:00:00+0000', tz='UTC')}"
2020-11-03 23:00:00+00:00,2020-11-04 00:00:00+00:00,1,1914.5049999999999,1904.9234461945618,1905.0984461945618,1932.9131076108758,0.34,-312.17282938489313,-0.9760805067770972,"{'trail_atr_mult': 3.0, 'trail_atr_len': 14, 'tp_converts_to_trail': True, 'rsi': np.float64(69.83588676390684), 'atr': 4.6357769027190106, 'exit_reason': 'sl', 'signal_time': Timestamp('2020-11-03 22:00:00+0000', tz='UTC')}"
2020-11-05 08:00:00+00:00,2020-11-05 16:00:00+00:00,1,1918.215,1943.2726348885892,1943.4476348885892,,0.24,601.383237326143,1.9456471835999256,"{'trail_atr_mult': 3.0, 'trail_atr_len': 14, 'tp_converts_to_trail': True, 'rsi': np.float64(68.0699604716423), 'atr': 6.351908722147306, 'exit_reason': 'sl', 'signal_time': Timestamp('2020-11-05 07:00:00+0000', tz='UTC')}"
2020-11-06 13:00:00+00:00,2020-11-06 14:00:00+00:00,1,1958.815,1945.1510872032015,1945.3260872032015,1985.2678255935973,0.23,-314.2699943263658,-1.0129736178620332,"{'trail_atr_mult': 3.0, 'trail_atr_len': 14, 'tp_converts_to_trail': True, 'rsi': np.float64(69.65978754713817), 'atr': 6.656956398399316, 'exit_reason': 'sl', 'signal_time': Timestamp('2020-11-06 12:00:00+0000', tz='UTC')}"
2020-11-06 07:00:00+00:00,2020-11-09 11:00:00+00:00,1,1947.815,1948.9255380919433,1949.1005380919432,1972.1020372359294,0.25,57.76345229858066,0.18624331972204342,"{'trail_atr_mult': 3.0, 'trail_atr_len': 14, 'tp_converts_to_trail': True, 'rsi': np.float64(68.35031117194085), 'atr': 6.115509308982341, 'exit_reason': 'sl', 'signal_time': Timestamp('2020-11-06 06:00:00+0000', tz='UTC')}"
2020-11-06 09:00:00+00:00,2020-11-09 11:00:00+00:00,1,1948.485,1948.9255380919433,1949.1005380919432,1972.3296137391428,0.26,42.65399039052791,0.1339782741710811,"{'trail_atr_mult': 3.0, 'trail_atr_len': 14, 'tp_converts_to_trail': True, 'rsi': np.float64(67.07599161939714), 'atr': 6.014903434785715, 'exit_reason': 'sl', 'signal_time': Timestamp('2020-11-06 08:00:00+0000', tz='UTC')}"
2020-12-07 14:00:00+00:00,2020-12-09 03:00:00+00:00,1,1856.845,1862.0265746550597,1862.2015746550596,1882.4780647603638,0.24,143.55779172143156,0.4573407635356343,"{'trail_atr_mult': 3.0, 'trail_atr_len': 14, 'tp_converts_to_trail': True, 'rsi': np.float64(69.17866096313993), 'atr': 6.452016190090939, 'exit_reason': 'sl', 'signal_time': Timestamp('2020-12-07 13:00:00+0000', tz='UTC')}"
2020-12-08 14:00:00+00:00,2020-12-09 03:00:00+00:00,1,1870.145,1860.0365746550597,1860.2115746550596,1891.9461480715531,0.28,-271.8359096583289,-0.8696910289966644,"{'trail_atr_mult': 3.0, 'trail_atr_len': 14, 'tp_converts_to_trail': True, 'rsi': np.float64(65.6515984615658), 'atr': 5.494037017888272, 'exit_reason': 'sl', 'signal_time': Timestamp('2020-12-08 13:00:00+0000', tz='UTC')}"
2020-12-08 17:00:00+00:00,2020-12-09 03:00:00+00:00,1,1872.955,1861.4847016557578,1861.6597016557578,1895.0205966884844,0.28,-309.9683536387791,-0.9800802074329678,"{'trail_atr_mult': 3.0, 'trail_atr_len': 14, 'tp_converts_to_trail': True, 'rsi': np.float64(66.02001812740346), 'atr': 5.560149172121094, 'exit_reason': 'sl', 'signal_time': Timestamp('2020-12-08 16:00:00+0000', tz='UTC')}"
2020-12-16 02:00:00+00:00,2020-12-16 13:00:00+00:00,1,1857.2549999999999,1852.595898166845,1852.770898166845,1873.7928566738105,0.37,-172.38676782672997,-0.5413513772230141,"{'trail_atr_mult': 3.0, 'trail_atr_len': 14, 'tp_converts_to_trail': True, 'rsi': np.float64(70.45752369054678), 'atr': 4.190714168452672, 'exit_reason': 'sl', 'signal_time': Timestamp('2020-12-16 01:00:00+0000', tz='UTC')}"
2020-12-16 08:00:00+00:00,2020-12-16 13:00:00+00:00,1,1861.915,1852.976542882665,1853.151542882665,1878.9469142346702,0.36,-321.7844562240607,-1.0199692881082039,"{'trail_atr_mult': 3.0, 'trail_atr_len': 14, 'tp_converts_to_trail': True, 'rsi': np.float64(69.35651095488343), 'atr': 4.299228558667535, 'exit_reason': 'sl', 'signal_time': Timestamp('2020-12-16 07:00:00+0000', tz='UTC')}"
2020-12-15 17:00:00+00:00,2020-12-16 13:00:00+00:00,1,1850.615,1852.595898166845,1852.770898166845,1870.8386617766066,0.3,71.42694500535026,0.22817928550779953,"{'trail_atr_mult': 3.0, 'trail_atr_len': 14, 'tp_converts_to_trail': True, 'rsi': np.float64(65.98628844854841), 'atr': 5.1096654441516485, 'exit_reason': 'sl', 'signal_time': Timestamp('2020-12-15 16:00:00+0000', tz='UTC')}"
2020-12-17 04:00:00+00:00,2020-12-17 14:00:00+00:00,1,1868.475,1887.615,1887.7914139394732,,0.32,612.4800000000032,1.9322194830188202,"{'trail_atr_mult': 3.0, 'trail_atr_len': 14, 'tp_converts_to_trail': True, 'rsi': np.float64(67.38994573734635), 'atr': 4.870353484868299, 'exit_reason': 'sl_gap', 'signal_time': Timestamp('2020-12-17 03:00:00+0000', tz='UTC')}"
2020-12-21 01:00:00+00:00,2020-12-21 09:00:00+00:00,1,1896.7549999999999,1890.7633413305223,1890.9383413305222,1917.0499691519572,0.3,-179.74976008432805,-0.5789050819827981,"{'trail_atr_mult': 3.0, 'trail_atr_len': 14, 'tp_converts_to_trail': True, 'rsi': np.float64(69.72782807533319), 'atr': 5.107492287989323, 'exit_reason': 'sl', 'signal_time': Timestamp('2020-12-21 00:00:00+0000', tz='UTC')}"
2020-12-27 23:00:00+00:00,2020-12-28 06:00:00+00:00,1,1888.5349999999999,1886.327393029168,1886.502393029168,1906.5802335495353,0.34,-61.458637008283766,-0.19467789309274602,"{'trail_atr_mult': 3.0, 'trail_atr_len': 14, 'tp_converts_to_trail': True, 'rsi': np.float64(70.69766742261402), 'atr': 4.555058387383841, 'exit_reason': 'sl', 'signal_time': Timestamp('2020-12-27 22:00:00+0000', tz='UTC')}"
2020-12-30 18:00:00+00:00,2020-12-31 03:00:00+00:00,1,1890.735,1888.37558278323,1888.5505827832299,1906.6428099869397,0.38,-44.05785423725993,-0.1411100375031968,"{'trail_atr_mult': 3.0, 'trail_atr_len': 14, 'tp_converts_to_trail': True, 'rsi': np.float64(67.52901357766467), 'atr': 4.020702496734953, 'exit_reason': 'sl', 'signal_time': Timestamp('2020-12-30 17:00:00+0000', tz='UTC')}"
2020-12-31 13:00:00+00:00,2020-12-31 18:00:00+00:00,1,1898.215,1893.505,1889.5684451143272,1915.103109771345,0.36,-169.55999999999312,-0.5447256233583001,"{'trail_atr_mult': 3.0, 'trail_atr_len': 14, 'tp_converts_to_trail': True, 'rsi': np.float64(66.07479253765828), 'atr': 4.255777442836292, 'exit_reason': 'end_of_data', 'signal_time': Timestamp('2020-12-31 12:00:00+0000', tz='UTC')}"
2021-01-03 23:00:00+00:00,2021-01-04 14:00:00+00:00,1,1913.215,1936.8270539821199,1937.0020539821198,,0.24,576.2892955708791,1.9900547214017594,"{'trail_atr_mult': 3.0, 'trail_atr_len': 14, 'tp_converts_to_trail': True, 'rsi': np.float64(72.1244235423404), 'atr': 5.9755134955300075, 'exit_reason': 'sl', 'signal_time': Timestamp('2021-01-03 22:00:00+0000', tz='UTC')}"
2021-01-06 00:00:00+00:00,2021-01-06 04:00:00+00:00,1,1952.2549999999999,1941.5476857433841,1941.722685743384,1972.9746285132321,0.28,-299.80479918524094,-1.0166155315665815,"{'trail_atr_mult': 3.0, 'trail_atr_len': 14, 'tp_converts_to_trail': True, 'rsi': np.float64(65.84624200611279), 'atr': 5.208657128307996, 'exit_reason': 'sl', 'signal_time': Timestamp('2021-01-05 23:00:00+0000', tz='UTC')}"
2021-01-06 09:00:00+00:00,2021-01-06 11:00:00+00:00,1,1957.905,1945.9745958608744,1946.1495958608743,1980.950808278251,0.25,-298.2601034781396,-1.0148867701976745,"{'trail_atr_mult': 3.0, 'trail_atr_len': 14, 'tp_converts_to_trail': True, 'rsi': np.float64(68.04395829517529), 'atr': 5.800202069562789, 'exit_reason': 'sl', 'signal_time': Timestamp('2021-01-06 08:00:00+0000', tz='UTC')}"
2021-01-05 03:00:00+00:00,2021-01-06 12:00:00+00:00,1,1941.2949999999998,1941.894437091933,1942.069437091933,1963.591040646099,0.26,25.985364390262383,0.08805209483689042,"{'trail_atr_mult': 3.0, 'trail_atr_len': 14, 'tp_converts_to_trail': True, 'rsi': np.float64(66.11865133168536), 'atr': 5.607760161524682, 'exit_reason': 'sl', 'signal_time': Timestamp('2021-01-05 02:00:00+0000', tz='UTC')}"
2021-01-05 09:00:00+00:00,2021-01-06 12:00:00+00:00,1,1945.7849999999999,1941.894437091933,1942.069437091933,1967.0756955528145,0.27,-94.2451985178047,-0.32000473233744525,"{'trail_atr_mult': 3.0, 'trail_atr_len': 14, 'tp_converts_to_trail': True, 'rsi': np.float64(68.3754742446063), 'atr': 5.3664238882036726, 'exit_reason': 'sl', 'signal_time': Timestamp('2021-01-05 08:00:00+0000', tz='UTC')}"
2021-01-05 16:00:00+00:00,2021-01-06 12:00:00+00:00,1,1950.845,1941.894437091933,1942.069437091933,1975.0947602260956,0.24,-205.21350979360832,-0.6828225010641292,"{'trail_atr_mult': 3.0, 'trail_atr_len': 14, 'tp_converts_to_trail': True, 'rsi': np.float64(66.17130693685448), 'atr': 6.128690056523894, 'exit_reason': 'sl', 'signal_time': Timestamp('2021-01-05 15:00:00+0000', tz='UTC')}"
2021-03-15 13:00:00+00:00,2021-03-15 14:00:00+00:00,1,1734.175,1724.4427084481106,1724.6177084481105,1752.9745831037787,0.31,-301.70103810857063,-1.018310626922892,"{'trail_atr_mult': 3.0, 'trail_atr_len': 14, 'tp_converts_to_trail': True, 'rsi': np.float64(67.17157375235783), 'atr': 4.726145775944697, 'exit_reason': 'sl', 'signal_time': Timestamp('2021-03-15 12:00:00+0000', tz='UTC')}"
2021-03-16 05:00:00+00:00,2021-03-16 07:00:00+00:00,1,1736.425,1728.6734048569556,1728.8484048569555,1750.993190286089,0.39,-302.3122105787304,-1.0230974463721492,"{'trail_atr_mult': 3.0, 'trail_atr_len': 14, 'tp_converts_to_trail': True, 'rsi': np.float64(65.57511731360188), 'atr': 3.690797571522242, 'exit_reason': 'sl', 'signal_time': Timestamp('2021-03-16 04:00:00+0000', tz='UTC')}"
2021-03-17 18:00:00+00:00,2021-03-18 07:00:00+00:00,1,1749.7949999999998,1741.1982463223524,1741.3732463223523,1770.5543926913986,0.28,-207.1091029741296,-0.6979915664815887,"{'trail_atr_mult': 3.0, 'trail_atr_len': 14, 'tp_converts_to_trail': True, 'rsi': np.float64(70.66031074874877), 'atr': 5.226098172849644, 'exit_reason': 'sl', 'signal_time': Timestamp('2021-03-17 17:00:00+0000', tz='UTC')}"
2021-03-17 22:00:00+00:00,2021-03-18 07:00:00+00:00,1,1747.605,1741.1982463223524,1741.3732463223523,1768.1644572678583,0.28,-145.78910297413444,-0.49389496836468805,"{'trail_atr_mult': 3.0, 'trail_atr_len': 14, 'tp_converts_to_trail': True, 'rsi': np.float64(65.21590178463661), 'atr': 5.183614316964559, 'exit_reason': 'sl', 'signal_time': Timestamp('2021-03-17 21:00:00+0000', tz='UTC')}"
2021-04-06 05:00:00+00:00,2021-04-06 08:00:00+00:00,1,1735.905,1728.8967592380898,1729.0717592380897,1749.1664815238203,0.43,-301.35435276213866,-1.0256101030385811,"{'trail_atr_mult': 3.0, 'trail_atr_len': 14, 'tp_converts_to_trail': True, 'rsi': np.float64(68.27952723218678), 'atr': 3.349120380955072, 'exit_reason': 'sl', 'signal_time': Timestamp('2021-04-06 04:00:00+0000', tz='UTC')}"
2021-04-05 16:00:00+00:00,2021-04-07 10:00:00+00:00,1,1730.5149999999999,1736.0392714723512,1736.2142714723511,1746.74314300119,0.35,221.34950153229556,0.7563496254144553,"{'trail_atr_mult': 3.0, 'trail_atr_len': 14, 'tp_converts_to_trail': True, 'rsi': np.float64(65.16273692097661), 'atr': 4.098285750297547, 'exit_reason': 'sl', 'signal_time': Timestamp('2021-04-05 15:00:00+0000', tz='UTC')}"
2021-04-06 14:00:00+00:00,2021-04-07 10:00:00+00:00,1,1740.7949999999998,1736.0392714723512,1736.2142714723511,1757.1934074876556,0.34,-148.09476994005485,-0.5129392945219867,"{'trail_atr_mult': 3.0, 'trail_atr_len': 14, 'tp_converts_to_trail': True, 'rsi': np.float64(67.12452701690424), 'atr': 4.148351871913894, 'exit_reason': 'sl', 'signal_time': Timestamp('2021-04-06 13:00:00+0000', tz='UTC')}"
2021-04-06 02:00:00+00:00,2021-04-07 10:00:00+00:00,1,1734.415,1736.0392714723512,1736.2142714723511,1748.7101071012119,0.39,78.94658742169723,0.27098486759670437,"{'trail_atr_mult': 3.0, 'trail_atr_len': 14, 'tp_converts_to_trail': True, 'rsi': np.float64(67.42800154859856), 'atr': 3.6275267753029707, 'exit_reason': 'sl', 'signal_time': Timestamp('2021-04-06 01:00:00+0000', tz='UTC')}"
2021-04-06 22:00:00+00:00,2021-04-07 12:00:00+00:00,1,1743.455,1735.4600675069719,1735.6350675069718,1757.9098649860564,0.37,-281.01250224203767,-0.9712273731006443,"{'trail_atr_mult': 3.0, 'trail_atr_len': 14, 'tp_converts_to_trail': True, 'rsi': np.float64(65.48925081411434), 'atr': 3.7124662465141047, 'exit_reason': 'sl', 'signal_time': Timestamp('2021-04-06 20:00:00+0000', tz='UTC')}"
2021-04-08 08:00:00+00:00,2021-04-09 06:00:00+00:00,1,1745.315,1749.329184473662,1749.504184473662,1758.9032592636959,0.42,185.39574789380396,0.6309015491643349,"{'trail_atr_mult': 3.0, 'trail_atr_len': 14, 'tp_converts_to_trail': True, 'rsi': np.float64(67.8209350884952), 'atr': 3.4308148159239535, 'exit_reason': 'sl', 'signal_time': Timestamp('2021-04-08 07:00:00+0000', tz='UTC')}"
2021-04-08 11:00:00+00:00,2021-04-09 06:00:00+00:00,1,1746.0149999999999,1749.329184473662,1749.504184473662,1759.5948981786948,0.41,152.28156342014938,0.5266517243311093,"{'trail_atr_mult': 3.0, 'trail_atr_len': 14, 'tp_converts_to_trail': True, 'rsi': np.float64(66.1068516428466), 'atr': 3.4387245446737404, 'exit_reason': 'sl', 'signal_time': Timestamp('2021-04-08 10:00:00+0000', tz='UTC')}"
2021-04-08 14:00:00+00:00,2021-04-09 06:00:00+00:00,1,1753.975,1749.329184473662,1749.504184473662,1770.0362067414692,0.35,-148.60354342182495,-0.5119694445532733,"{'trail_atr_mult': 3.0, 'trail_atr_len': 14, 'tp_converts_to_trail': True, 'rsi': np.float64(73.1094487653456), 'atr': 4.059051685367296, 'exit_reason': 'sl', 'signal_time': Timestamp('2021-04-08 13:00:00+0000', tz='UTC')}"
2021-04-09 01:00:00+00:00,2021-04-09 07:00:00+00:00,1,1755.385,1748.762282675448,1748.937282675448,1767.7554346491042,0.45,-298.0222796048406,-1.0271413883691174,"{'trail_atr_mult': 3.0, 'trail_atr_len': 14, 'tp_converts_to_trail': True, 'rsi': np.float64(66.02029602414544), 'atr': 3.1363586622760584, 'exit_reason': 'sl', 'signal_time': Timestamp('2021-04-09 00:00:00+0000', tz='UTC')}"
2021-04-15 09:00:00+00:00,2021-04-16 03:00:00+00:00,1,1748.0349999999999,1761.247750392487,1761.422750392487,,0.42,571.7355164844591,1.9526635720055074,"{'trail_atr_mult': 3.0, 'trail_atr_len': 14, 'tp_converts_to_trail': True, 'rsi': np.float64(66.57260290256974), 'atr': 3.3931875981217297, 'exit_reason': 'sl', 'signal_time': Timestamp('2021-04-15 08:00:00+0000', tz='UTC')}"
2021-04-15 14:00:00+00:00,2021-04-16 11:00:00+00:00,1,1754.665,1770.5072699832615,1770.6822699832614,,0.35,568.4794494141536,1.96372928258291,"{'trail_atr_mult': 3.0, 'trail_atr_len': 14, 'tp_converts_to_trail': True, 'rsi': np.float64(71.77629246762412), 'atr': 4.048067495815373, 'exit_reason': 'sl', 'signal_time': Timestamp('2021-04-15 13:00:00+0000', tz='UTC')}"
2021-04-16 04:00:00+00:00,2021-04-16 12:00:00+00:00,1,1763.425,1776.885087096496,1777.0600870964959,,0.41,551.8635709563341,1.889123484698669,"{'trail_atr_mult': 3.0, 'trail_atr_len': 14, 'tp_converts_to_trail': True, 'rsi': np.float64(66.42828822433202), 'atr': 3.460021774123971, 'exit_reason': 'sl', 'signal_time': Timestamp('2021-04-16 03:00:00+0000', tz='UTC')}"
2021-04-16 09:00:00+00:00,2021-04-16 14:00:00+00:00,1,1766.135,1779.7729348975115,1779.9479348975115,,0.41,559.155330797972,1.9023569286646267,"{'trail_atr_mult': 3.0, 'trail_atr_len': 14, 'tp_converts_to_trail': True, 'rsi': np.float64(65.75390691422709), 'atr': 3.4969837243778414, 'exit_reason': 'sl', 'signal_time': Timestamp('2021-04-16 08:00:00+0000', tz='UTC')}"
2021-04-19 01:00:00+00:00,2021-04-19 02:00:00+00:00,1,1782.335,1773.7999373565438,1773.9749373565437,1798.380125286912,0.36,-307.2622551644263,-1.0209328574992118,"{'trail_atr_mult': 3.0, 'trail_atr_len': 14, 'tp_converts_to_trail': True, 'rsi': np.float64(67.34359338674219), 'atr': 4.06753132172806, 'exit_reason': 'sl', 'signal_time': Timestamp('2021-04-19 00:00:00+0000', tz='UTC')}"
2021-04-16 15:00:00+00:00,2021-04-19 13:00:00+00:00,1,1779.485,1776.7772926039404,1776.9522926039404,1798.4297162128876,0.3,-45.23122188178513,-0.15392845712258468,"{'trail_atr_mult': 3.0, 'trail_atr_len': 14, 'tp_converts_to_trail': True, 'rsi': np.float64(68.43226097996066), 'atr': 4.789929053221892, 'exit_reason': 'sl', 'signal_time': Timestamp('2021-04-16 14:00:00+0000', tz='UTC')}"
2021-04-19 08:00:00+00:00,2021-04-19 13:00:00+00:00,1,1787.155,1777.6709508132944,1777.8459508132944,1805.248098373411,0.32,-303.48957397457707,-1.0187989123797816,"{'trail_atr_mult': 3.0, 'trail_atr_len': 14, 'tp_converts_to_trail': True, 'rsi': np.float64(67.51818253972041), 'atr': 4.567024593352764, 'exit_reason': 'sl', 'signal_time': Timestamp('2021-04-19 07:00:00+0000', tz='UTC')}"
2021-04-21 06:00:00+00:00,2021-04-22 10:00:00+00:00,1,1784.975,1786.7367350064146,1786.9117350064146,1800.163682113484,0.38,112.54593024375899,0.37624425913403114,"{'trail_atr_mult': 3.0, 'trail_atr_len': 14, 'tp_converts_to_trail': True, 'rsi': np.float64(66.59929736644362), 'atr': 3.843420528370984, 'exit_reason': 'sl', 'signal_time': Timestamp('2021-04-21 05:00:00+0000', tz='UTC')}"
2021-04-21 03:00:00+00:00,2021-04-22 10:00:00+00:00,1,1782.735,1786.7367350064146,1786.9117350064146,1798.5248674189343,0.37,192.46419523734463,0.6557552444726641,"{'trail_atr_mult': 3.0, 'trail_atr_len': 14, 'tp_converts_to_trail': True, 'rsi': np.float64(65.16348093683857), 'atr': 3.9537168547335795, 'exit_reason': 'sl', 'signal_time': Timestamp('2021-04-21 02:00:00+0000', tz='UTC')}"
2021-04-21 14:00:00+00:00,2021-04-22 10:00:00+00:00,1,1795.995,1786.7367350064146,1786.9117350064146,1815.6736898246083,0.29,-233.6896848139728,-0.7965195733884075,"{'trail_atr_mult': 3.0, 'trail_atr_len': 14, 'tp_converts_to_trail': True, 'rsi': np.float64(71.78045823736272), 'atr': 4.965922456152105, 'exit_reason': 'sl', 'signal_time': Timestamp('2021-04-21 13:00:00+0000', tz='UTC')}"
2021-04-21 20:00:00+00:00,2021-04-22 10:00:00+00:00,1,1794.665,1786.7367350064146,1786.9117350064146,1813.229951107031,0.31,-208.57621480114568,-0.7037952090903844,"{'trail_atr_mult': 3.0, 'trail_atr_len': 14, 'tp_converts_to_trail': True, 'rsi': np.float64(65.33649925629007), 'atr': 4.687487776757755, 'exit_reason': 'sl', 'signal_time': Timestamp('2021-04-21 19:00:00+0000', tz='UTC')}"
2021-04-21 16:00:00+00:00,2021-04-22 10:00:00+00:00,1,1793.115,1786.7367350064146,1786.9117350064146,1813.8900182671368,0.28,-144.99141982039095,-0.4855377926763093,"{'trail_atr_mult': 3.0, 'trail_atr_len': 14, 'tp_converts_to_trail': True, 'rsi': np.float64(65.02517617922234), 'atr': 5.240004566784188, 'exit_reason': 'sl', 'signal_time': Timestamp('2021-04-21 15:00:00+0000', tz='UTC')}"
2021-04-23 13:00:00+00:00,2021-04-23 14:00:00+00:00,1,1793.7949999999998,1785.7150061360244,1785.8900061360243,1808.9899877279513,0.37,-298.959772967092,-1.0221379045969234,"{'trail_atr_mult': 3.0, 'trail_atr_len': 14, 'tp_converts_to_trail': True, 'rsi': np.float64(66.59608531162846), 'atr': 3.8499969319878393, 'exit_reason': 'sl', 'signal_time': Timestamp('2021-04-23 12:00:00+0000', tz='UTC')}"
2021-05-04 14:00:00+00:00,2021-05-04 16:00:00+00:00,1,1795.055,1786.8141276439148,1786.9891276439148,1810.5717447121701,0.36,-296.6714048190679,-1.0216963512778536,"{'trail_atr_mult': 3.0, 'trail_atr_len': 14, 'tp_converts_to_trail': True, 'rsi': np.float64(67.55715770243836), 'atr': 3.930436178042529, 'exit_reason': 'sl', 'signal_time': Timestamp('2021-05-04 13:00:00+0000', tz='UTC')}"
2021-05-06 06:00:00+00:00,2021-05-07 14:00:00+00:00,1,1792.315,1828.0007834436694,1828.1757834436694,,0.41,1479.5171211904444,5.0873824063244815,"{'trail_atr_mult': 3.0, 'trail_atr_len': 14, 'tp_converts_to_trail': True, 'rsi': np.float64(66.12908084251572), 'atr': 3.459096320222416, 'exit_reason': 'sl', 'signal_time': Timestamp('2021-05-06 05:00:00+0000', tz='UTC')}"
2021-05-06 09:00:00+00:00,2021-05-07 14:00:00+00:00,1,1795.315,1828.0007834436694,1828.1757834436694,,0.4,1323.4313377467754,4.4683783000261,"{'trail_atr_mult': 3.0, 'trail_atr_len': 14, 'tp_converts_to_trail': True, 'rsi': np.float64(68.18077767718725), 'atr': 3.619713781169315, 'exit_reason': 'sl', 'signal_time': Timestamp('2021-05-06 08:00:00+0000', tz='UTC')}"
2021-05-06 14:00:00+00:00,2021-05-07 14:00:00+00:00,1,1812.925,1833.0242587831833,1833.1992587831833,,0.28,573.9792459291342,1.9458927334971734,"{'trail_atr_mult': 3.0, 'trail_atr_len': 14, 'tp_converts_to_trail': True, 'rsi': np.float64(80.1053845483672), 'atr': 5.134814695795768, 'exit_reason': 'sl', 'signal_time': Timestamp('2021-05-06 13:00:00+0000', tz='UTC')}"
2021-05-10 11:00:00+00:00,2021-05-11 01:00:00+00:00,1,1840.175,1832.9600377862162,1833.1350377862161,1857.3721969360893,0.34,-231.70871526864897,-0.7769793303099393,"{'trail_atr_mult': 3.0, 'trail_atr_len': 14, 'tp_converts_to_trail': True, 'rsi': np.float64(66.93223906915175), 'atr': 4.32804923402232, 'exit_reason': 'sl', 'signal_time': Timestamp('2021-05-10 10:00:00+0000', tz='UTC')}"
2021-05-10 06:00:00+00:00,2021-05-11 01:00:00+00:00,1,1838.695,1832.9600377862162,1833.1350377862161,1857.4802454259993,0.31,-165.383828627297,-0.552552502165591,"{'trail_atr_mult': 3.0, 'trail_atr_len': 14, 'tp_converts_to_trail': True, 'rsi': np.float64(67.82049295027534), 'atr': 4.740061356499863, 'exit_reason': 'sl', 'signal_time': Timestamp('2021-05-10 05:00:00+0000', tz='UTC')}"
2021-05-07 19:00:00+00:00,2021-05-11 01:00:00+00:00,1,1831.0449999999998,1832.9600377862162,1833.1350377862161,1854.1437681741245,0.25,87.87594465540792,0.29683095699751433,"{'trail_atr_mult': 3.0, 'trail_atr_len': 14, 'tp_converts_to_trail': True, 'rsi': np.float64(65.2385345756162), 'atr': 5.823442043531141, 'exit_reason': 'sl', 'signal_time': Timestamp('2021-05-07 18:00:00+0000', tz='UTC')}"
2021-05-09 23:00:00+00:00,2021-05-11 01:00:00+00:00,1,1832.935,1832.9600377862162,1833.1350377862161,1853.5196678857696,0.29,23.926095800270286,0.07805588911560928,"{'trail_atr_mult': 3.0, 'trail_atr_len': 14, 'tp_converts_to_trail': True, 'rsi': np.float64(66.01527525530447), 'atr': 5.192416971442431, 'exit_reason': 'sl', 'signal_time': Timestamp('2021-05-09 22:00:00+0000', tz='UTC')}"
2021-05-10 16:00:00+00:00,2021-05-11 02:00:00+00:00,1,1841.865,1831.8675700442977,1832.0425700442977,1860.9248599114048,0.31,-297.5203286267705,-0.9770932446436614,"{'trail_atr_mult': 3.0, 'trail_atr_len': 14, 'tp_converts_to_trail': True, 'rsi': np.float64(65.5813609734131), 'atr': 4.813714977851213, 'exit_reason': 'sl', 'signal_time': Timestamp('2021-05-10 15:00:00+0000', tz='UTC')}"
2021-05-14 09:00:00+00:00,2021-05-17 03:00:00+00:00,1,1835.055,1850.9950000000001,1852.301389935998,,0.34,582.7600000000018,1.9224524909746008,"{'trail_atr_mult': 3.0, 'trail_atr_len': 14, 'tp_converts_to_trail': True, 'rsi': np.float64(65.71792691306078), 'atr': 4.360347483999546, 'exit_reason': 'sl_gap', 'signal_time': Timestamp('2021-05-14 08:00:00+0000', tz='UTC')}"
2021-05-14 11:00:00+00:00,2021-05-17 03:00:00+00:00,1,1835.635,1850.9950000000001,1852.444463771345,,0.35,579.6000000000043,1.9106446231552898,"{'trail_atr_mult': 3.0, 'trail_atr_len': 14, 'tp_converts_to_trail': True, 'rsi': np.float64(65.20012726727369), 'atr': 4.246115942836259, 'exit_reason': 'sl_gap', 'signal_time': Timestamp('2021-05-14 10:00:00+0000', tz='UTC')}"
2021-05-14 13:00:00+00:00,2021-05-17 07:00:00+00:00,1,1837.2949999999998,1852.315,1854.5268080477413,,0.34,551.4800000000072,1.8146416246886632,"{'trail_atr_mult': 3.0, 'trail_atr_len': 14, 'tp_converts_to_trail': True, 'rsi': np.float64(66.64654007110468), 'atr': 4.361702011935314, 'exit_reason': 'sl_gap', 'signal_time': Timestamp('2021-05-14 12:00:00+0000', tz='UTC')}"
2021-05-17 14:00:00+00:00,2021-05-18 03:00:00+00:00,1,1854.605,1871.676008515,1871.8510085149999,,0.34,594.0142895099967,1.9563294536618763,"{'trail_atr_mult': 3.0, 'trail_atr_len': 14, 'tp_converts_to_trail': True, 'rsi': np.float64(66.8173879187064), 'atr': 4.362752128749948, 'exit_reason': 'sl', 'signal_time': Timestamp('2021-05-17 13:00:00+0000', tz='UTC')}"
2021-05-18 12:00:00+00:00,2021-05-18 14:00:00+00:00,1,1870.315,1863.6835866923777,1863.8585866923777,1884.1910037237649,0.43,-285.15077222775994,-0.9228879812557893,"{'trail_atr_mult': 3.0, 'trail_atr_len': 14, 'tp_converts_to_trail': True, 'rsi': np.float64(65.15100699004043), 'atr': 3.5102509309412024, 'exit_reason': 'sl', 'signal_time': Timestamp('2021-05-18 11:00:00+0000', tz='UTC')}"
2021-05-19 14:00:00+00:00,2021-05-19 19:00:00+00:00,1,1889.235,1875.1519199221866,1875.3269199221866,1916.5261601556267,0.22,-309.82776171189244,-1.0125826137770892,"{'trail_atr_mult': 3.0, 'trail_atr_len': 14, 'tp_converts_to_trail': True, 'rsi': np.float64(70.34337107805567), 'atr': 6.866540038906697, 'exit_reason': 'sl', 'signal_time': Timestamp('2021-05-19 13:00:00+0000', tz='UTC')}"
2021-05-21 13:00:00+00:00,2021-05-21 14:00:00+00:00,1,1887.2549999999999,1878.3901691300557,1878.5651691300557,1904.1096617398885,0.35,-310.269080448046,-1.0201384817056949,"{'trail_atr_mult': 3.0, 'trail_atr_len': 14, 'tp_converts_to_trail': True, 'rsi': np.float64(67.96962727612203), 'atr': 4.257415434972112, 'exit_reason': 'sl', 'signal_time': Timestamp('2021-05-21 12:00:00+0000', tz='UTC')}"
2021-05-26 13:00:00+00:00,2021-05-26 14:00:00+00:00,1,1908.195,1899.2649935725149,1899.4399935725148,1925.2400128549705,0.35,-312.5502249619774,-1.019988563280841,"{'trail_atr_mult': 3.0, 'trail_atr_len': 14, 'tp_converts_to_trail': True, 'rsi': np.float64(65.50544015694224), 'atr': 4.300003213742617, 'exit_reason': 'sl', 'signal_time': Timestamp('2021-05-26 12:00:00+0000', tz='UTC')}"
2021-05-25 16:00:00+00:00,2021-05-26 14:00:00+00:00,1,1892.425,1907.845,1911.066914679179,,0.32,506.24000000000234,1.6481815192061602,"{'trail_atr_mult': 3.0, 'trail_atr_len': 14, 'tp_converts_to_trail': True, 'rsi': np.float64(66.24219337766115), 'atr': 4.706728669794742, 'exit_reason': 'sl_gap', 'signal_time': Timestamp('2021-05-25 15:00:00+0000', tz='UTC')}"
2021-05-31 01:00:00+00:00,2021-06-01 09:00:00+00:00,1,1905.055,1907.1815042160551,1907.356504216055,1920.2695390110828,0.39,98.5336644261482,0.31921387152034786,"{'trail_atr_mult': 3.0, 'trail_atr_len': 14, 'tp_converts_to_trail': True, 'rsi': np.float64(65.32985939156725), 'atr': 3.8548847527706944, 'exit_reason': 'sl', 'signal_time': Timestamp('2021-05-31 00:00:00+0000', tz='UTC')}"
2021-06-01 02:00:00+00:00,2021-06-01 09:00:00+00:00,1,1912.2749999999999,1907.1815042160551,1907.356504216055,1924.4855134588386,0.48,-244.48779762934646,-0.7998885636463874,"{'trail_atr_mult': 3.0, 'trail_atr_len': 14, 'tp_converts_to_trail': True, 'rsi': np.float64(71.71171423918645), 'atr': 3.096378364709662, 'exit_reason': 'sl', 'signal_time': Timestamp('2021-06-01 01:00:00+0000', tz='UTC')}"
2021-06-11 05:00:00+00:00,2021-06-11 10:00:00+00:00,1,1900.415,1893.2004840112468,1893.3754840112467,1914.1490319775062,0.43,-310.22418751638725,-1.024859663687041,"{'trail_atr_mult': 3.0, 'trail_atr_len': 14, 'tp_converts_to_trail': True, 'rsi': np.float64(65.13491965188351), 'atr': 3.4622579943765834, 'exit_reason': 'sl', 'signal_time': Timestamp('2021-06-11 04:00:00+0000', tz='UTC')}"
2021-07-06 02:00:00+00:00,2021-07-06 09:00:00+00:00,1,1795.825,1807.255,1808.3765960917847,,0.45,514.3500000000029,1.7481613593894327,"{'trail_atr_mult': 3.0, 'trail_atr_len': 14, 'tp_converts_to_trail': True, 'rsi': np.float64(65.64733749667775), 'atr': 3.181649022946136, 'exit_reason': 'sl_gap', 'signal_time': Timestamp('2021-07-06 01:00:00+0000', tz='UTC')}"
2021-07-08 09:00:00+00:00,2021-07-08 15:00:00+00:00,1,1813.615,1803.7353956164268,1803.9103956164267,1832.4992087671467,0.31,-306.2677358907699,-1.018032677385198,"{'trail_atr_mult': 3.0, 'trail_atr_len': 14, 'tp_converts_to_trail': True, 'rsi': np.float64(68.41977714878693), 'atr': 4.764802191786667, 'exit_reason': 'sl', 'signal_time': Timestamp('2021-07-08 08:00:00+0000', tz='UTC')}"
2021-07-14 13:00:00+00:00,2021-07-14 15:00:00+00:00,1,1828.7849999999999,1819.8050363726409,1819.9800363726408,1845.8699272547183,0.34,-305.31876333020546,-1.019875153084811,"{'trail_atr_mult': 3.0, 'trail_atr_len': 14, 'tp_converts_to_trail': True, 'rsi': np.float64(77.699262901971), 'atr': 4.314981813679589, 'exit_reason': 'sl', 'signal_time': Timestamp('2021-07-14 12:00:00+0000', tz='UTC')}"
2021-07-15 06:00:00+00:00,2021-07-15 11:00:00+00:00,1,1829.225,1823.7235119134646,1823.8985119134645,1843.3283387058038,0.4,-220.05952346141387,-0.7475691647680212,"{'trail_atr_mult': 3.0, 'trail_atr_len': 14, 'tp_converts_to_trail': True, 'rsi': np.float64(65.2643502221652), 'atr': 3.5770846764509674, 'exit_reason': 'sl', 'signal_time': Timestamp('2021-07-15 05:00:00+0000', tz='UTC')}"
2021-07-14 19:00:00+00:00,2021-07-15 11:00:00+00:00,1,1825.2849999999999,1823.7235119134646,1823.8985119134645,1842.6443793153278,0.33,-11.929106855664621,-0.04002219840773256,"{'trail_atr_mult': 3.0, 'trail_atr_len': 14, 'tp_converts_to_trail': True, 'rsi': np.float64(65.28386149543846), 'atr': 4.398594828831983, 'exit_reason': 'sl', 'signal_time': Timestamp('2021-07-14 18:00:00+0000', tz='UTC')}"
2021-07-20 13:00:00+00:00,2021-07-20 15:00:00+00:00,1,1822.905,1814.5042745871465,1814.6792745871464,1838.8614508257074,0.36,-302.4261148627256,-1.0212747193975742,"{'trail_atr_mult': 3.0, 'trail_atr_len': 14, 'tp_converts_to_trail': True, 'rsi': np.float64(65.32517369179047), 'atr': 4.030362706426829, 'exit_reason': 'sl', 'signal_time': Timestamp('2021-07-20 12:00:00+0000', tz='UTC')}"
2021-07-29 09:00:00+00:00,2021-07-30 13:00:00+00:00,1,1821.685,1824.141487135768,1824.316487135768,1837.4720324385205,0.36,102.83353688765365,0.35348117838941734,"{'trail_atr_mult': 3.0, 'trail_atr_len': 14, 'tp_converts_to_trail': True, 'rsi': np.float64(70.48640908838613), 'atr': 3.9780081096301587, 'exit_reason': 'sl', 'signal_time': Timestamp('2021-07-29 08:00:00+0000', tz='UTC')}"
2021-07-30 09:00:00+00:00,2021-07-30 13:00:00+00:00,1,1829.855,1823.6746891823846,1823.8496891823845,1841.3406216352314,0.49,-302.8352300631577,-1.0291408730230287,"{'trail_atr_mult': 3.0, 'trail_atr_len': 14, 'tp_converts_to_trail': True, 'rsi': np.float64(65.12983389377618), 'atr': 2.9151554088078258, 'exit_reason': 'sl', 'signal_time': Timestamp('2021-07-30 08:00:00+0000', tz='UTC')}"
2021-08-04 13:00:00+00:00,2021-08-04 15:00:00+00:00,1,1827.325,1821.1293138345961,1821.304313834596,1840.4130365451954,0.43,-266.41450511236826,-0.9062633812064589,"{'trail_atr_mult': 3.0, 'trail_atr_len': 14, 'tp_converts_to_trail': True, 'rsi': np.float64(74.49524907012247), 'atr': 3.3207591362987903, 'exit_reason': 'sl', 'signal_time': Timestamp('2021-08-04 12:00:00+0000', tz='UTC')}"
2021-08-17 06:00:00+00:00,2021-08-17 15:00:00+00:00,1,1791.675,1785.9514989055606,1786.1264989055605,1804.1723433249608,0.45,-257.5575492497717,-0.8749963140806924,"{'trail_atr_mult': 3.0, 'trail_atr_len': 14, 'tp_converts_to_trail': True, 'rsi': np.float64(70.88851324493001), 'atr': 3.1730858312401784, 'exit_reason': 'sl', 'signal_time': Timestamp('2021-08-17 05:00:00+0000', tz='UTC')}"
2021-08-24 13:00:00+00:00,2021-08-25 00:00:00+00:00,1,1807.945,1801.2781741565702,1801.4531741565702,1820.3736516868594,0.45,-282.00716295433676,-0.9653410295613886,"{'trail_atr_mult': 3.0, 'trail_atr_len': 14, 'tp_converts_to_trail': True, 'rsi': np.float64(69.67990997563874), 'atr': 3.153412921714856, 'exit_reason': 'sl', 'signal_time': Timestamp('2021-08-24 12:00:00+0000', tz='UTC')}"
2021-08-24 02:00:00+00:00,2021-08-25 01:00:00+00:00,1,1804.2749999999999,1800.8656185902316,1801.0406185902316,1816.8755348919685,0.45,-135.42216343957034,-0.4585537175493946,"{'trail_atr_mult': 3.0, 'trail_atr_len': 14, 'tp_converts_to_trail': True, 'rsi': np.float64(67.53811923314467), 'atr': 3.1938837229921746, 'exit_reason': 'sl', 'signal_time': Timestamp('2021-08-24 01:00:00+0000', tz='UTC')}"
2021-08-23 13:00:00+00:00,2021-08-25 01:00:00+00:00,1,1800.085,1800.8656185902316,1801.0406185902316,1814.5895218897438,0.39,61.6441250190323,0.2103351792328456,"{'trail_atr_mult': 3.0, 'trail_atr_len': 14, 'tp_converts_to_trail': True, 'rsi': np.float64(76.54680944408275), 'atr': 3.6698804724359007, 'exit_reason': 'sl', 'signal_time': Timestamp('2021-08-23 12:00:00+0000', tz='UTC')}"
2021-08-27 04:00:00+00:00,2021-08-27 09:00:00+00:00,1,1798.205,1795.5179611833828,1795.6929611833827,1810.65895130499,0.45,-120.91674674777096,-0.41406100592796724,"{'trail_atr_mult': 3.0, 'trail_atr_len': 14, 'tp_converts_to_trail': True, 'rsi': np.float64(65.96388648159339), 'atr': 3.1572378262475356, 'exit_reason': 'sl', 'signal_time': Timestamp('2021-08-27 03:00:00+0000', tz='UTC')}"
2021-08-27 15:00:00+00:00,2021-08-30 14:00:00+00:00,1,1807.815,1812.706325741284,1812.881325741284,1830.2587233717895,0.25,152.2831435320984,0.5324882548992954,"{'trail_atr_mult': 3.0, 'trail_atr_len': 14, 'tp_converts_to_trail': True, 'rsi': np.float64(65.0952419023926), 'atr': 5.6471808429473835, 'exit_reason': 'sl', 'signal_time': Timestamp('2021-08-27 14:00:00+0000', tz='UTC')}"
2021-09-03 13:00:00+00:00,2021-09-06 09:00:00+00:00,1,1823.655,1825.5563724918259,1825.7313724918258,1836.689024272419,0.42,130.25764465668763,0.4504854418825232,"{'trail_atr_mult': 3.0, 'trail_atr_len': 14, 'tp_converts_to_trail': True, 'rsi': np.float64(75.27578176525577), 'atr': 3.3197560681047262, 'exit_reason': 'sl', 'signal_time': Timestamp('2021-09-03 12:00:00+0000', tz='UTC')}"
2021-10-04 17:00:00+00:00,2021-10-05 05:00:00+00:00,1,1769.135,1757.9207042339192,1758.0957042339192,1790.7485915321618,0.26,-281.1716899181007,-0.9796182650806969,"{'trail_atr_mult': 3.0, 'trail_atr_len': 14, 'tp_converts_to_trail': True, 'rsi': np.float64(65.30089383511785), 'atr': 5.44214788304046, 'exit_reason': 'sl', 'signal_time': Timestamp('2021-10-04 16:00:00+0000', tz='UTC')}"
2021-10-08 13:00:00+00:00,2021-10-08 15:00:00+00:00,1,1775.975,1767.2515776412267,1767.4265776412267,1792.5468447175463,0.34,-296.5963601982881,-1.02047161366803,"{'trail_atr_mult': 3.0, 'trail_atr_len': 14, 'tp_converts_to_trail': True, 'rsi': np.float64(75.15766088320692), 'atr': 4.186711179386587, 'exit_reason': 'sl', 'signal_time': Timestamp('2021-10-08 12:00:00+0000', tz='UTC')}"
2021-10-13 10:00:00+00:00,2021-10-13 13:00:00+00:00,1,1767.925,1764.4421191663407,1764.6171191663407,1779.8223837743374,0.47,-163.69539918198416,-0.5607427522653735,"{'trail_atr_mult': 3.0, 'trail_atr_len': 14, 'tp_converts_to_trail': True, 'rsi': np.float64(65.18310188860204), 'atr': 3.018095943584324, 'exit_reason': 'sl', 'signal_time': Timestamp('2021-10-13 09:00:00+0000', tz='UTC')}"
2021-10-13 14:00:00+00:00,2021-10-15 06:00:00+00:00,1,1781.855,1791.9855655434712,1792.1605655434712,1805.1220874890364,0.24,281.5335730433093,0.986089644204356,"{'trail_atr_mult': 3.0, 'trail_atr_len': 14, 'tp_converts_to_trail': True, 'rsi': np.float64(67.91639171765715), 'atr': 5.860521872259081, 'exit_reason': 'sl', 'signal_time': Timestamp('2021-10-13 13:00:00+0000', tz='UTC')}"
2021-10-14 07:00:00+00:00,2021-10-15 06:00:00+00:00,1,1793.965,1791.9855655434712,1792.1605655434712,1809.7895730541652,0.35,-55.28020597850377,-0.1932080368454988,"{'trail_atr_mult': 3.0, 'trail_atr_len': 14, 'tp_converts_to_trail': True, 'rsi': np.float64(67.10079960188685), 'atr': 3.999893263541318, 'exit_reason': 'sl', 'signal_time': Timestamp('2021-10-14 06:00:00+0000', tz='UTC')}"
2021-10-14 13:00:00+00:00,2021-10-15 07:00:00+00:00,1,1799.225,1790.9955655434712,1791.1705655434712,1815.4602982141262,0.34,-266.20077152197507,-0.9342834305811787,"{'trail_atr_mult': 3.0, 'trail_atr_len': 14, 'tp_converts_to_trail': True, 'rsi': np.float64(67.3327394595672), 'atr': 4.102574553531551, 'exit_reason': 'sl', 'signal_time': Timestamp('2021-10-14 12:00:00+0000', tz='UTC')}"
2021-10-19 12:00:00+00:00,2021-10-19 15:00:00+00:00,1,1780.665,1773.476280304149,1773.651280304149,1794.1674393917021,0.41,-294.7375075298901,-1.0249510969341242,"{'trail_atr_mult': 3.0, 'trail_atr_len': 14, 'tp_converts_to_trail': True, 'rsi': np.float64(66.4862944365768), 'atr': 3.4193598479255107, 'exit_reason': 'sl', 'signal_time': Timestamp('2021-10-19 11:00:00+0000', tz='UTC')}"
2021-10-20 09:00:00+00:00,2021-10-20 14:00:00+00:00,1,1779.245,1777.715403769107,1777.890403769107,1791.9294434744809,0.44,-67.30223415928413,-0.23264805599739716,"{'trail_atr_mult': 3.0, 'trail_atr_len': 14, 'tp_converts_to_trail': True, 'rsi': np.float64(65.84157944120727), 'atr': 3.2098608686202343, 'exit_reason': 'sl', 'signal_time': Timestamp('2021-10-20 08:00:00+0000', tz='UTC')}"
2021-10-20 17:00:00+00:00,2021-10-21 12:00:00+00:00,1,1786.885,1778.6422142626525,1778.8172142626524,1803.8368245158451,0.33,-232.41192933246768,-0.8018279833096813,"{'trail_atr_mult': 3.0, 'trail_atr_len': 14, 'tp_converts_to_trail': True, 'rsi': np.float64(67.22246789415213), 'atr': 4.289206128961244, 'exit_reason': 'sl', 'signal_time': Timestamp('2021-10-20 16:00:00+0000', tz='UTC')}"
2021-10-20 19:00:00+00:00,2021-10-21 12:00:00+00:00,1,1786.5049999999999,1778.6422142626525,1778.8172142626524,1802.8233844039685,0.34,-226.5347150698114,-0.7953957930755905,"{'trail_atr_mult': 3.0, 'trail_atr_len': 14, 'tp_converts_to_trail': True, 'rsi': np.float64(65.47493835281915), 'atr': 4.115846100992154, 'exit_reason': 'sl', 'signal_time': Timestamp('2021-10-20 18:00:00+0000', tz='UTC')}"
2021-10-22 07:00:00+00:00,2021-10-22 14:00:00+00:00,1,1793.2949999999998,1805.615,1806.702541922812,,0.41,505.1200000000067,1.7422610542349826,"{'trail_atr_mult': 3.0, 'trail_atr_len': 14, 'tp_converts_to_trail': True, 'rsi': np.float64(68.28600995069291), 'atr': 3.4131354807030223, 'exit_reason': 'sl_gap', 'signal_time': Timestamp('2021-10-22 06:00:00+0000', tz='UTC')}"
2021-10-22 10:00:00+00:00,2021-10-22 14:00:00+00:00,1,1793.2649999999999,1805.615,1806.7632196080233,,0.41,506.35000000000554,1.7613644149071406,"{'trail_atr_mult': 3.0, 'trail_atr_len': 14, 'tp_converts_to_trail': True, 'rsi': np.float64(65.54389644374965), 'atr': 3.418304902005844, 'exit_reason': 'sl_gap', 'signal_time': Timestamp('2021-10-22 09:00:00+0000', tz='UTC')}"
2021-10-22 13:00:00+00:00,2021-10-22 16:00:00+00:00,1,1805.965,1798.9636444339758,1799.1386444339757,1822.64621846896,0.33,-231.04473367879632,-0.8138168858723533,"{'trail_atr_mult': 3.0, 'trail_atr_len': 14, 'tp_converts_to_trail': True, 'rsi': np.float64(77.74063811097687), 'atr': 4.214054617239981, 'exit_reason': 'sl', 'signal_time': Timestamp('2021-10-22 12:00:00+0000', tz='UTC')}"
2021-11-05 14:00:00+00:00,2021-11-08 07:00:00+00:00,1,1802.125,1816.575,1821.3788414134308,,0.29,453.8500000000013,1.5873143529964864,"{'trail_atr_mult': 3.0, 'trail_atr_len': 14, 'tp_converts_to_trail': True, 'rsi': np.float64(68.08302884778729), 'atr': 4.852210353357688, 'exit_reason': 'sl_gap', 'signal_time': Timestamp('2021-11-05 13:00:00+0000', tz='UTC')}"
2021-11-09 13:00:00+00:00,2021-11-09 15:00:00+00:00,1,1830.055,1822.271940717813,1822.446940717813,1845.016118564374,0.38,-295.7562527231048,-1.023001923816457,"{'trail_atr_mult': 3.0, 'trail_atr_len': 14, 'tp_converts_to_trail': True, 'rsi': np.float64(67.43808459968866), 'atr': 3.761529641093499, 'exit_reason': 'sl', 'signal_time': Timestamp('2021-11-09 12:00:00+0000', tz='UTC')}"
2021-11-09 20:00:00+00:00,2021-11-10 05:00:00+00:00,1,1832.475,1824.3090972135758,1824.4840972135758,1847.9318055728484,0.36,-279.5725003112681,-0.9718429811982822,"{'trail_atr_mult': 3.0, 'trail_atr_len': 14, 'tp_converts_to_trail': True, 'rsi': np.float64(66.60673892009294), 'atr': 3.907951393212119, 'exit_reason': 'sl', 'signal_time': Timestamp('2021-11-09 19:00:00+0000', tz='UTC')}"
2021-11-08 13:00:00+00:00,2021-11-10 11:00:00+00:00,1,1821.965,1823.0280233774706,1823.2030233774706,1838.7506556937374,0.33,61.479771456533086,0.2126659424209419,"{'trail_atr_mult': 3.0, 'trail_atr_len': 14, 'tp_converts_to_trail': True, 'rsi': np.float64(68.46884506433373), 'atr': 4.257663923434319, 'exit_reason': 'sl', 'signal_time': Timestamp('2021-11-08 12:00:00+0000', tz='UTC')}"
2021-11-09 01:00:00+00:00,2021-11-10 11:00:00+00:00,1,1825.0349999999999,1823.0280233774706,1823.2030233774706,1838.1985213762734,0.42,-67.49301814622795,-0.23479184907650238,"{'trail_atr_mult': 3.0, 'trail_atr_len': 14, 'tp_converts_to_trail': True, 'rsi': np.float64(66.28231675377214), 'atr': 3.334630344068381, 'exit_reason': 'sl', 'signal_time': Timestamp('2021-11-09 00:00:00+0000', tz='UTC')}"
2021-11-10 13:00:00+00:00,2021-11-10 17:00:00+00:00,1,1849.915,1850.353811710848,1850.528811710848,1869.7265780562177,0.28,12.286727903746398,0.04334675317771265,"{'trail_atr_mult': 3.0, 'trail_atr_len': 14, 'tp_converts_to_trail': True, 'rsi': np.float64(81.14627266940556), 'atr': 4.98914451405444, 'exit_reason': 'sl', 'signal_time': Timestamp('2021-11-10 12:00:00+0000', tz='UTC')}"
2021-11-10 20:00:00+00:00,2021-11-12 08:00:00+00:00,1,1852.7849999999999,1854.685955159612,1854.8609551596119,1879.2858523862599,0.21,73.52005835185341,0.2590819419551018,"{'trail_atr_mult': 3.0, 'trail_atr_len': 14, 'tp_converts_to_trail': True, 'rsi': np.float64(65.57026392277035), 'atr': 6.66896309656502, 'exit_reason': 'sl', 'signal_time': Timestamp('2021-11-10 19:00:00+0000', tz='UTC')}"
2021-11-11 08:00:00+00:00,2021-11-12 08:00:00+00:00,1,1861.665,1854.685955159612,1854.8609551596119,1885.3334133145813,0.24,-157.897076169313,-0.5438707432343128,"{'trail_atr_mult': 3.0, 'trail_atr_len': 14, 'tp_converts_to_trail': True, 'rsi': np.float64(67.95179432988505), 'atr': 5.960853328645325, 'exit_reason': 'sl', 'signal_time': Timestamp('2021-11-11 07:00:00+0000', tz='UTC')}"
2021-11-11 13:00:00+00:00,2021-11-12 08:00:00+00:00,1,1863.575,1853.095955159612,1853.270955159612,1887.1946918319202,0.24,-241.89707616931298,-0.8422122090534923,"{'trail_atr_mult': 3.0, 'trail_atr_len': 14, 'tp_converts_to_trail': True, 'rsi': np.float64(65.33545822195859), 'atr': 5.931172957980013, 'exit_reason': 'sl', 'signal_time': Timestamp('2021-11-11 12:00:00+0000', tz='UTC')}"
2021-11-12 18:00:00+00:00,2021-11-15 01:00:00+00:00,1,1868.0449999999998,1858.4293450510463,1858.6043450510463,1886.4013098979074,0.3,-252.469648468606,-0.8914270243386389,"{'trail_atr_mult': 3.0, 'trail_atr_len': 14, 'tp_converts_to_trail': True, 'rsi': np.float64(66.07352902552634), 'atr': 4.632827474476859, 'exit_reason': 'sl', 'signal_time': Timestamp('2021-11-12 17:00:00+0000', tz='UTC')}"
2021-11-16 09:00:00+00:00,2021-11-16 14:00:00+00:00,1,1873.405,1865.1183715881461,1865.293371588146,1889.0732568237077,0.35,-290.03199441488385,-1.0215739665471137,"{'trail_atr_mult': 3.0, 'trail_atr_len': 14, 'tp_converts_to_trail': True, 'rsi': np.float64(66.42711528706668), 'atr': 3.963314205926916, 'exit_reason': 'sl', 'signal_time': Timestamp('2021-11-16 08:00:00+0000', tz='UTC')}"
2021-12-27 15:00:00+00:00,2021-12-27 18:00:00+00:00,1,1812.845,1806.7626778076155,1806.9376778076155,1824.0446443847693,0.49,-298.0337874268396,-1.0296242517846,"{'trail_atr_mult': 3.0, 'trail_atr_len': 14, 'tp_converts_to_trail': True, 'rsi': np.float64(65.65408413813219), 'atr': 2.8511610961922744, 'exit_reason': 'sl', 'signal_time': Timestamp('2021-12-27 14:00:00+0000', tz='UTC')}"
2021-12-28 13:00:00+00:00,2021-12-28 14:00:00+00:00,1,1818.0349999999999,1812.6216297004453,1812.7966297004452,1827.9267405991093,0.55,-297.7353664755015,-1.0334073366319356,"{'trail_atr_mult': 3.0, 'trail_atr_len': 14, 'tp_converts_to_trail': True, 'rsi': np.float64(65.71731138035302), 'atr': 2.52168514977735, 'exit_reason': 'sl', 'signal_time': Timestamp('2021-12-28 12:00:00+0000', tz='UTC')}"
2021-12-28 10:00:00+00:00,2021-12-28 14:00:00+00:00,1,1818.075,1812.8997027300961,1813.074702730096,1827.4005945398076,0.57,-294.9919443845235,-1.0349979192343728,"{'trail_atr_mult': 3.0, 'trail_atr_len': 14, 'tp_converts_to_trail': True, 'rsi': np.float64(68.04652776556736), 'atr': 2.3876486349518875, 'exit_reason': 'sl', 'signal_time': Timestamp('2021-12-28 09:00:00+0000', tz='UTC')}"
2021-12-31 08:00:00+00:00,2021-12-31 18:00:00+00:00,1,1818.875,1828.095,1818.7668361842254,1829.9286425489397,0.49,451.78000000000134,1.5925873799160406,"{'trail_atr_mult': 3.0, 'trail_atr_len': 14, 'tp_converts_to_trail': True, 'rsi': np.float64(67.78516330724177), 'atr': 2.8071606372349205, 'exit_reason': 'end_of_data', 'signal_time': Timestamp('2021-12-31 07:00:00+0000', tz='UTC')}"
2022-01-05 13:00:00+00:00,2022-01-05 19:00:00+00:00,1,1825.715,1818.2865435780866,1818.4615435780865,1840.4185611602663,0.39,-289.70980045461965,-0.9755953098570112,"{'trail_atr_mult': 3.0, 'trail_atr_len': 14, 'tp_converts_to_trail': True, 'rsi': np.float64(73.48893630801355), 'atr': 3.7196402900666037, 'exit_reason': 'sl', 'signal_time': Timestamp('2022-01-05 12:00:00+0000', tz='UTC')}"
2022-01-05 18:00:00+00:00,2022-01-05 19:00:00+00:00,1,1824.0349999999999,1816.2593623853913,1816.4343623853913,1838.7112752292173,0.39,-303.249866969732,-1.023024384120564,"{'trail_atr_mult': 3.0, 'trail_atr_len': 14, 'tp_converts_to_trail': True, 'rsi': np.float64(65.32075873388462), 'atr': 3.7128188073043327, 'exit_reason': 'sl', 'signal_time': Timestamp('2022-01-05 17:00:00+0000', tz='UTC')}"
2022-01-12 05:00:00+00:00,2022-01-13 09:00:00+00:00,1,1820.635,1820.1977503776716,1820.3727503776715,1832.4814794577221,0.48,36.61201812823637,0.12330786795196336,"{'trail_atr_mult': 3.0, 'trail_atr_len': 14, 'tp_converts_to_trail': True, 'rsi': np.float64(68.54612430509195), 'atr': 3.005369864430516, 'exit_reason': 'sl', 'signal_time': Timestamp('2022-01-12 04:00:00+0000', tz='UTC')}"
2022-01-12 13:00:00+00:00,2022-01-13 09:00:00+00:00,1,1821.465,1820.1977503776716,1820.3727503776715,1834.4027071116145,0.44,-2.958983382446789,-0.009968292022058059,"{'trail_atr_mult': 3.0, 'trail_atr_len': 14, 'tp_converts_to_trail': True, 'rsi': np.float64(66.09598847840388), 'atr': 3.2806767779036416, 'exit_reason': 'sl', 'signal_time': Timestamp('2022-01-12 12:00:00+0000', tz='UTC')}"
2022-01-20 13:00:00+00:00,2022-01-20 16:00:00+00:00,1,1846.615,1838.9877985132005,1839.1627985132004,1861.024402973599,0.4,-305.088059471982,-1.0234829936240908,"{'trail_atr_mult': 3.0, 'trail_atr_len': 14, 'tp_converts_to_trail': True, 'rsi': np.float64(72.70413897634461), 'atr': 3.643600743399771, 'exit_reason': 'sl', 'signal_time': Timestamp('2022-01-20 12:00:00+0000', tz='UTC')}"
2022-01-25 14:00:00+00:00,2022-01-25 15:00:00+00:00,1,1850.555,1842.0941995909213,1842.2691995909213,1866.601600818158,0.35,-296.1280143177555,-1.021120470124794,"{'trail_atr_mult': 3.0, 'trail_atr_len': 14, 'tp_converts_to_trail': True, 'rsi': np.float64(71.90259590314065), 'atr': 4.055400204539457, 'exit_reason': 'sl', 'signal_time': Timestamp('2022-01-25 13:00:00+0000', tz='UTC')}"
2022-01-25 16:00:00+00:00,2022-01-26 07:00:00+00:00,1,1849.575,1844.7161179398697,1844.8911179398697,1867.4320945830032,0.32,-142.68422592417045,-0.48513318653612364,"{'trail_atr_mult': 3.0, 'trail_atr_len': 14, 'tp_converts_to_trail': True, 'rsi': np.float64(65.96871106987496), 'atr': 4.5080236457507885, 'exit_reason': 'sl', 'signal_time': Timestamp('2022-01-25 15:00:00+0000', tz='UTC')}"
2022-02-08 01:00:00+00:00,2022-02-08 07:00:00+00:00,1,1822.245,1816.1269169832647,1816.3019169832646,1833.8461660334713,0.49,-299.7860678200261,-1.0294459962122635,"{'trail_atr_mult': 3.0, 'trail_atr_len': 14, 'tp_converts_to_trail': True, 'rsi': np.float64(67.00262419266478), 'atr': 2.9240415083677886, 'exit_reason': 'sl', 'signal_time': Timestamp('2022-02-08 00:00:00+0000', tz='UTC')}"
2022-02-08 16:00:00+00:00,2022-02-09 14:00:00+00:00,1,1826.5249999999999,1825.2381664738857,1825.4131664738857,1839.1005114081413,0.45,-39.907508675136796,-0.13538914603944838,"{'trail_atr_mult': 3.0, 'trail_atr_len': 14, 'tp_converts_to_trail': True, 'rsi': np.float64(66.50378482393123), 'atr': 3.187627852035352, 'exit_reason': 'sl', 'signal_time': Timestamp('2022-02-08 15:00:00+0000', tz='UTC')}"
2022-02-09 03:00:00+00:00,2022-02-09 14:00:00+00:00,1,1828.2549999999999,1825.2381664738857,1825.4131664738857,1837.1908465076663,0.62,-187.0436786190785,-0.6397800077992739,"{'trail_atr_mult': 3.0, 'trail_atr_len': 14, 'tp_converts_to_trail': True, 'rsi': np.float64(66.06423389591183), 'atr': 2.275211626916579, 'exit_reason': 'sl', 'signal_time': Timestamp('2022-02-09 02:00:00+0000', tz='UTC')}"
2022-02-10 01:00:00+00:00,2022-02-10 13:00:00+00:00,1,1834.0449999999998,1829.805374225602,1829.980374225602,1843.4619112792343,0.59,-250.13792068947237,-0.8503135769421887,"{'trail_atr_mult': 3.0, 'trail_atr_len': 14, 'tp_converts_to_trail': True, 'rsi': np.float64(67.57449347721894), 'atr': 2.400477819808573, 'exit_reason': 'sl', 'signal_time': Timestamp('2022-02-10 00:00:00+0000', tz='UTC')}"
2022-02-09 16:00:00+00:00,2022-02-10 13:00:00+00:00,1,1832.705,1829.805374225602,1829.980374225602,1844.2456624183053,0.48,-81.5820371711001,-0.2803353277973703,"{'trail_atr_mult': 3.0, 'trail_atr_len': 14, 'tp_converts_to_trail': True, 'rsi': np.float64(69.56057321527275), 'atr': 2.933915604576344, 'exit_reason': 'sl', 'signal_time': Timestamp('2022-02-09 15:00:00+0000', tz='UTC')}"
2022-02-10 16:00:00+00:00,2022-02-10 17:00:00+00:00,1,1841.7649999999999,1833.1446579735184,1833.3196579735184,1858.0406840529633,0.34,-293.0916289003699,-1.0207214816701586,"{'trail_atr_mult': 3.0, 'trail_atr_len': 14, 'tp_converts_to_trail': True, 'rsi': np.float64(74.62582104827987), 'atr': 4.120171013240844, 'exit_reason': 'sl', 'signal_time': Timestamp('2022-02-10 15:00:00+0000', tz='UTC')}"
2022-02-11 16:00:00+00:00,2022-02-11 19:00:00+00:00,1,1836.905,1853.223902516794,1853.398902516794,,0.34,554.8426855709951,1.9211249815180522,"{'trail_atr_mult': 3.0, 'trail_atr_len': 14, 'tp_converts_to_trail': True, 'rsi': np.float64(65.08672871511246), 'atr': 4.164725629198481, 'exit_reason': 'sl', 'signal_time': Timestamp('2022-02-11 15:00:00+0000', tz='UTC')}"
2022-02-14 08:00:00+00:00,2022-02-15 03:00:00+00:00,1,1856.975,1876.105,1876.455965849753,,0.29,566.3700000000031,1.95241760849464,"{'trail_atr_mult': 3.0, 'trail_atr_len': 14, 'tp_converts_to_trail': True, 'rsi': np.float64(66.1152794629427), 'atr': 4.913991462438259, 'exit_reason': 'sl_gap', 'signal_time': Timestamp('2022-02-14 07:00:00+0000', tz='UTC')}"
2022-02-14 17:00:00+00:00,2022-02-15 08:00:00+00:00,1,1864.7749999999999,1866.5424950768163,1866.7174950768162,1886.496552076058,0.26,56.3548719972272,0.19591801464285136,"{'trail_atr_mult': 3.0, 'trail_atr_len': 14, 'tp_converts_to_trail': True, 'rsi': np.float64(65.11059793864428), 'atr': 5.46413801901448, 'exit_reason': 'sl', 'signal_time': Timestamp('2022-02-14 16:00:00+0000', tz='UTC')}"
2022-02-14 13:00:00+00:00,2022-02-15 08:00:00+00:00,1,1861.735,1866.5424950768163,1866.7174950768162,1881.966514637227,0.28,145.80986215085906,0.4988854861367032,"{'trail_atr_mult': 3.0, 'trail_atr_len': 14, 'tp_converts_to_trail': True, 'rsi': np.float64(69.03275893305009), 'atr': 5.111628659306735, 'exit_reason': 'sl', 'signal_time': Timestamp('2022-02-14 12:00:00+0000', tz='UTC')}"
2022-02-16 17:00:00+00:00,2022-02-17 09:00:00+00:00,1,1869.175,1885.9873464132324,1886.1623464132324,,0.34,612.4197780499046,2.0784660061352835,"{'trail_atr_mult': 3.0, 'trail_atr_len': 14, 'tp_converts_to_trail': True, 'rsi': np.float64(69.3189445637139), 'atr': 4.275586603308123, 'exit_reason': 'sl', 'signal_time': Timestamp('2022-02-16 16:00:00+0000', tz='UTC')}"
2022-02-16 19:00:00+00:00,2022-02-17 09:00:00+00:00,1,1870.665,1886.035,1888.5174313461036,,0.31,513.6700000000037,1.780052220089777,"{'trail_atr_mult': 3.0, 'trail_atr_len': 14, 'tp_converts_to_trail': True, 'rsi': np.float64(67.5770743997033), 'atr': 4.526857836525882, 'exit_reason': 'sl_gap', 'signal_time': Timestamp('2022-02-16 18:00:00+0000', tz='UTC')}"
2022-02-17 00:00:00+00:00,2022-02-17 09:00:00+00:00,1,1871.205,1886.035,1887.5356920729923,,0.35,519.0500000000053,1.7596429663973199,"{'trail_atr_mult': 3.0, 'trail_atr_len': 14, 'tp_converts_to_trail': True, 'rsi': np.float64(65.02492283037009), 'atr': 4.12642301824809, 'exit_reason': 'sl_gap', 'signal_time': Timestamp('2022-02-16 23:00:00+0000', tz='UTC')}"
2022-02-17 03:00:00+00:00,2022-02-17 10:00:00+00:00,1,1875.075,1888.195,1891.6941419403663,,0.34,446.07999999999635,1.5252141077976424,"{'trail_atr_mult': 3.0, 'trail_atr_len': 14, 'tp_converts_to_trail': True, 'rsi': np.float64(67.58814905248633), 'atr': 4.203535485091576, 'exit_reason': 'sl_gap', 'signal_time': Timestamp('2022-02-17 02:00:00+0000', tz='UTC')}"
2022-02-20 23:00:00+00:00,2022-02-21 01:00:00+00:00,1,1905.065,1895.4186046783168,1895.5936046783168,1923.3327906433663,0.31,-286.638254972181,-0.9762442604961339,"{'trail_atr_mult': 3.0, 'trail_atr_len': 14, 'tp_converts_to_trail': True, 'rsi': np.float64(69.0689656387197), 'atr': 4.623197660841591, 'exit_reason': 'sl', 'signal_time': Timestamp('2022-02-20 22:00:00+0000', tz='UTC')}"
2022-02-21 23:00:00+00:00,2022-02-22 08:00:00+00:00,1,1909.715,1900.5490769912699,1900.7240769912698,1929.9377039588458,0.29,-254.21176725317096,-0.8486831863011863,"{'trail_atr_mult': 3.0, 'trail_atr_len': 14, 'tp_converts_to_trail': True, 'rsi': np.float64(68.78186114628501), 'atr': 5.091925989711456, 'exit_reason': 'sl', 'signal_time': Timestamp('2022-02-21 22:00:00+0000', tz='UTC')}"
2022-02-22 05:00:00+00:00,2022-02-22 08:00:00+00:00,1,1910.325,1900.8851065578347,1901.0601065578346,1928.329786884331,0.32,-302.0765901492923,-1.0188885064995472,"{'trail_atr_mult': 3.0, 'trail_atr_len': 14, 'tp_converts_to_trail': True, 'rsi': np.float64(66.41963396094098), 'atr': 4.5449467210827486, 'exit_reason': 'sl', 'signal_time': Timestamp('2022-02-22 04:00:00+0000', tz='UTC')}"
2022-02-23 23:00:00+00:00,2022-02-24 14:00:00+00:00,1,1910.895,1949.944859231752,1950.119859231752,,0.35,1408.7450731113183,4.725454797331947,"{'trail_atr_mult': 3.0, 'trail_atr_len': 14, 'tp_converts_to_trail': True, 'rsi': np.float64(66.2541430471718), 'atr': 4.171334435838623, 'exit_reason': 'sl', 'signal_time': Timestamp('2022-02-23 22:00:00+0000', tz='UTC')}"
2022-02-23 20:00:00+00:00,2022-02-24 14:00:00+00:00,1,1909.415,1949.944859231752,1950.119859231752,,0.33,1377.0853546478152,4.696529151363227,"{'trail_atr_mult': 3.0, 'trail_atr_len': 14, 'tp_converts_to_trail': True, 'rsi': np.float64(65.28036515671364), 'atr': 4.330127511386809, 'exit_reason': 'sl', 'signal_time': Timestamp('2022-02-23 19:00:00+0000', tz='UTC')}"
2022-02-23 15:00:00+00:00,2022-02-24 14:00:00+00:00,1,1907.575,1949.944859231752,1950.119859231752,,0.32,1394.2354954160605,4.654725409124733,"{'trail_atr_mult': 3.0, 'trail_atr_len': 14, 'tp_converts_to_trail': True, 'rsi': np.float64(65.15646885968138), 'atr': 4.612675026688089, 'exit_reason': 'sl', 'signal_time': Timestamp('2022-02-23 14:00:00+0000', tz='UTC')}"
2022-03-01 10:00:00+00:00,2022-03-01 12:00:00+00:00,1,1925.375,1912.6622501885302,1912.83725018853,1949.92549962294,0.24,-305.10599547527636,-1.013957847511031,"{'trail_atr_mult': 3.0, 'trail_atr_len': 14, 'tp_converts_to_trail': True, 'rsi': np.float64(68.11802730823811), 'atr': 6.181374905734977, 'exit_reason': 'sl', 'signal_time': Timestamp('2022-03-01 09:00:00+0000', tz='UTC')}"
2022-03-01 15:00:00+00:00,2022-03-02 10:00:00+00:00,1,1926.855,1930.086089885593,1930.261089885593,1956.5634390646371,0.2,72.62179771186129,0.23807741008472597,"{'trail_atr_mult': 3.0, 'trail_atr_len': 14, 'tp_converts_to_trail': True, 'rsi': np.float64(65.10372531882936), 'atr': 7.493359766159328, 'exit_reason': 'sl', 'signal_time': Timestamp('2022-03-01 14:00:00+0000', tz='UTC')}"
2022-03-02 07:00:00+00:00,2022-03-02 10:00:00+00:00,1,1944.965,1930.3012727573641,1930.476272757364,1973.3574544852715,0.21,-307.9382720953515,-1.0120783556118707,"{'trail_atr_mult': 3.0, 'trail_atr_len': 14, 'tp_converts_to_trail': True, 'rsi': np.float64(66.70225255474045), 'atr': 7.146863621317902, 'exit_reason': 'sl', 'signal_time': Timestamp('2022-03-02 06:00:00+0000', tz='UTC')}"
2022-03-04 00:00:00+00:00,2022-03-04 01:00:00+00:00,1,1947.465,1934.0395200176179,1934.2145200176178,1973.4109599647645,0.23,-308.7860395947873,-1.0132070687426142,"{'trail_atr_mult': 3.0, 'trail_atr_len': 14, 'tp_converts_to_trail': True, 'rsi': np.float64(70.0940618916857), 'atr': 6.532739991191108, 'exit_reason': 'sl', 'signal_time': Timestamp('2022-03-03 23:00:00+0000', tz='UTC')}"
2022-03-04 14:00:00+00:00,2022-03-07 06:00:00+00:00,1,1952.245,1979.2001458591965,1979.3751458591964,,0.21,591.2580630431285,1.992921643335463,"{'trail_atr_mult': 3.0, 'trail_atr_len': 14, 'tp_converts_to_trail': True, 'rsi': np.float64(67.55783928057173), 'atr': 6.87628646479911, 'exit_reason': 'sl', 'signal_time': Timestamp('2022-03-04 13:00:00+0000', tz='UTC')}"
2022-03-08 06:00:00+00:00,2022-03-08 16:00:00+00:00,1,2017.105,2047.065,2055.76586831244,,0.15,449.4000000000005,1.5302942466216065,"{'trail_atr_mult': 3.0, 'trail_atr_len': 14, 'tp_converts_to_trail': True, 'rsi': np.float64(69.98733703392169), 'atr': 9.706467078109947, 'exit_reason': 'sl_gap', 'signal_time': Timestamp('2022-03-08 05:00:00+0000', tz='UTC')}"
2022-03-08 14:00:00+00:00,2022-03-08 17:00:00+00:00,1,2039.825,2031.5880863307907,2031.7630863307907,2085.127619627582,0.13,-107.07987769972146,-0.358534946357253,"{'trail_atr_mult': 3.0, 'trail_atr_len': 14, 'tp_converts_to_trail': True, 'rsi': np.float64(74.7996223188713), 'atr': 11.379404906895555, 'exit_reason': 'sl', 'signal_time': Timestamp('2022-03-08 13:00:00+0000', tz='UTC')}"
2022-04-11 09:00:00+00:00,2022-04-11 14:00:00+00:00,1,1957.245,1953.4365194351635,1953.6115194351635,1976.8163244460989,0.31,-118.06289750992755,-0.37902259938639127,"{'trail_atr_mult': 3.0, 'trail_atr_len': 14, 'tp_converts_to_trail': True, 'rsi': np.float64(75.57672841200855), 'atr': 4.936581111524744, 'exit_reason': 'sl', 'signal_time': Timestamp('2022-04-11 08:00:00+0000', tz='UTC')}"
2022-04-08 15:00:00+00:00,2022-04-11 14:00:00+00:00,1,1943.2649999999999,1962.7073106367288,1962.8823106367288,,0.31,639.9116297385979,2.055770474835295,"{'trail_atr_mult': 3.0, 'trail_atr_len': 14, 'tp_converts_to_trail': True, 'rsi': np.float64(68.94879697368523), 'atr': 4.943077659182221, 'exit_reason': 'sl', 'signal_time': Timestamp('2022-04-08 14:00:00+0000', tz='UTC')}"
2022-04-12 13:00:00+00:00,2022-04-14 10:00:00+00:00,1,1970.655,1968.4391666311822,1968.6141666311821,1992.798401945819,0.27,-16.627500958080923,-0.0544060813384008,"{'trail_atr_mult': 3.0, 'trail_atr_len': 14, 'tp_converts_to_trail': True, 'rsi': np.float64(69.90838493748005), 'atr': 5.577100486454731, 'exit_reason': 'sl', 'signal_time': Timestamp('2022-04-12 12:00:00+0000', tz='UTC')}"
2022-04-12 15:00:00+00:00,2022-04-14 10:00:00+00:00,1,1975.825,1968.4391666311822,1968.6141666311821,2003.3908159634868,0.22,-127.28833411399346,-0.41504046197178046,"{'trail_atr_mult': 3.0, 'trail_atr_len': 14, 'tp_converts_to_trail': True, 'rsi': np.float64(67.33841766855332), 'atr': 6.917703990871696, 'exit_reason': 'sl', 'signal_time': Timestamp('2022-04-12 14:00:00+0000', tz='UTC')}"
2022-04-13 16:00:00+00:00,2022-04-14 10:00:00+00:00,1,1981.155,1969.386271290097,1969.561271290097,2003.787457419806,0.27,-285.3556751673788,-0.9115901341451501,"{'trail_atr_mult': 3.0, 'trail_atr_len': 14, 'tp_converts_to_trail': True, 'rsi': np.float64(65.69733654715651), 'atr': 5.7043643549515055, 'exit_reason': 'sl', 'signal_time': Timestamp('2022-04-13 15:00:00+0000', tz='UTC')}"
2022-04-18 08:00:00+00:00,2022-04-18 15:00:00+00:00,1,1991.7749999999999,1983.002677296867,1983.177677296867,2013.0601745629099,0.28,-245.62503568772084,-0.8044248043801449,"{'trail_atr_mult': 3.0, 'trail_atr_len': 14, 'tp_converts_to_trail': True, 'rsi': np.float64(65.981192847702), 'atr': 5.365043640727504, 'exit_reason': 'sl', 'signal_time': Timestamp('2022-04-18 07:00:00+0000', tz='UTC')}"
2022-04-18 13:00:00+00:00,2022-04-18 15:00:00+00:00,1,1995.2849999999999,1984.7567848645783,1984.9317848645783,2015.4364302708434,0.3,-315.846454062646,-1.0169029618056737,"{'trail_atr_mult': 3.0, 'trail_atr_len': 14, 'tp_converts_to_trail': True, 'rsi': np.float64(65.98886208965146), 'atr': 5.084107567710869, 'exit_reason': 'sl', 'signal_time': Timestamp('2022-04-18 12:00:00+0000', tz='UTC')}"
2022-05-23 04:00:00+00:00,2022-05-23 16:00:00+00:00,1,1854.565,1851.7434066486524,1851.9184066486523,1872.6005828608352,0.33,-93.11258059447415,-0.3035508216680992,"{'trail_atr_mult': 3.0, 'trail_atr_len': 14, 'tp_converts_to_trail': True, 'rsi': np.float64(66.24571229039017), 'atr': 4.555145715208782, 'exit_reason': 'sl', 'signal_time': Timestamp('2022-05-23 03:00:00+0000', tz='UTC')}"
2022-05-23 08:00:00+00:00,2022-05-23 16:00:00+00:00,1,1856.675,1851.7434066486524,1851.9184066486523,1874.0081941661888,0.34,-167.67417394581844,-0.5523059392740497,"{'trail_atr_mult': 3.0, 'trail_atr_len': 14, 'tp_converts_to_trail': True, 'rsi': np.float64(65.63018628547476), 'atr': 4.37704854154719, 'exit_reason': 'sl', 'signal_time': Timestamp('2022-05-23 07:00:00+0000', tz='UTC')}"
2022-05-23 01:00:00+00:00,2022-05-23 16:00:00+00:00,1,1852.725,1851.7434066486524,1851.9184066486523,1871.4438185571828,0.32,-31.41098724312178,-0.10201648372756833,"{'trail_atr_mult': 3.0, 'trail_atr_len': 14, 'tp_converts_to_trail': True, 'rsi': np.float64(67.44678076607768), 'atr': 4.723454639295719, 'exit_reason': 'sl', 'signal_time': Timestamp('2022-05-23 00:00:00+0000', tz='UTC')}"
2022-05-24 16:00:00+00:00,2022-05-25 04:00:00+00:00,1,1869.425,1859.5589111237375,1859.7339111237375,1888.252177752525,0.32,-302.914844040398,-0.9767827947021346,"{'trail_atr_mult': 3.0, 'trail_atr_len': 14, 'tp_converts_to_trail': True, 'rsi': np.float64(67.2897875878256), 'atr': 4.75304443813126, 'exit_reason': 'sl', 'signal_time': Timestamp('2022-05-24 15:00:00+0000', tz='UTC')}"
2022-05-24 14:00:00+00:00,2022-05-25 07:00:00+00:00,1,1867.745,1858.6214185086435,1858.7964185086435,1885.3997446123958,0.34,-296.60177070611724,-0.959703414690231,"{'trail_atr_mult': 3.0, 'trail_atr_len': 14, 'tp_converts_to_trail': True, 'rsi': np.float64(67.52010552468481), 'atr': 4.45743615309897, 'exit_reason': 'sl', 'signal_time': Timestamp('2022-05-24 13:00:00+0000', tz='UTC')}"
2022-05-30 05:00:00+00:00,2022-05-30 19:00:00+00:00,1,1861.165,1853.440152703013,1853.6151527030129,1875.7396945939745,0.4,-308.99389187948145,-1.023179276760974,"{'trail_atr_mult': 3.0, 'trail_atr_len': 14, 'tp_converts_to_trail': True, 'rsi': np.float64(65.3206602379625), 'atr': 3.6874236484935934, 'exit_reason': 'sl', 'signal_time': Timestamp('2022-05-30 04:00:00+0000', tz='UTC')}"
2022-06-08 16:00:00+00:00,2022-06-08 21:00:00+00:00,1,1858.595,1850.3397742197271,1850.514774219727,1874.230451560546,0.38,-313.69857965037,-1.0216578106551428,"{'trail_atr_mult': 3.0, 'trail_atr_len': 14, 'tp_converts_to_trail': True, 'rsi': np.float64(66.88277494061964), 'atr': 3.9526128901365096, 'exit_reason': 'sl', 'signal_time': Timestamp('2022-06-08 15:00:00+0000', tz='UTC')}"
2022-07-28 13:00:00+00:00,2022-07-29 07:00:00+00:00,1,1744.885,1763.415,1764.9880273063543,,0.29,548.9699999999991,1.8407210101429208,"{'trail_atr_mult': 3.0, 'trail_atr_len': 14, 'tp_converts_to_trail': True, 'rsi': np.float64(68.62489187077574), 'atr': 5.064506826588592, 'exit_reason': 'sl_gap', 'signal_time': Timestamp('2022-07-28 12:00:00+0000', tz='UTC')}"
2022-08-02 01:00:00+00:00,2022-08-02 08:00:00+00:00,1,1780.595,1771.2096520192486,1771.3846520192485,1798.4006959615033,0.32,-300.33113538404723,-1.019000367886825,"{'trail_atr_mult': 3.0, 'trail_atr_len': 14, 'tp_converts_to_trail': True, 'rsi': np.float64(67.25421006794278), 'atr': 4.502673990375799, 'exit_reason': 'sl', 'signal_time': Timestamp('2022-08-02 00:00:00+0000', tz='UTC')}"
2022-08-02 13:00:00+00:00,2022-08-02 14:00:00+00:00,1,1785.225,1775.6150221415912,1775.7900221415912,1803.5699557168177,0.31,-297.9093136106692,-1.018548003251962,"{'trail_atr_mult': 3.0, 'trail_atr_len': 14, 'tp_converts_to_trail': True, 'rsi': np.float64(68.5016253231543), 'atr': 4.629988929204431, 'exit_reason': 'sl', 'signal_time': Timestamp('2022-08-02 12:00:00+0000', tz='UTC')}"
2022-08-01 10:00:00+00:00,2022-08-02 17:00:00+00:00,1,1773.7949999999998,1773.9950332123863,1774.1700332123862,1792.0623377797808,0.31,18.601029583978878,0.06265900479469143,"{'trail_atr_mult': 3.0, 'trail_atr_len': 14, 'tp_converts_to_trail': True, 'rsi': np.float64(66.98738403709488), 'atr': 4.640584444945208, 'exit_reason': 'sl', 'signal_time': Timestamp('2022-08-01 09:00:00+0000', tz='UTC')}"
2022-08-04 09:00:00+00:00,2022-08-04 14:00:00+00:00,1,1776.605,1775.2208153928725,1775.3958153928725,1792.2770542986316,0.36,-49.83064585659031,-0.1706020799159133,"{'trail_atr_mult': 3.0, 'trail_atr_len': 14, 'tp_converts_to_trail': True, 'rsi': np.float64(65.70821777714781), 'atr': 3.9642635746578923, 'exit_reason': 'sl', 'signal_time': Timestamp('2022-08-04 08:00:00+0000', tz='UTC')}"
2022-08-04 14:00:00+00:00,2022-08-05 13:00:00+00:00,1,1783.675,1783.7210596243553,1783.8960596243553,1802.6542285612056,0.3,13.38178873066181,0.045529694926448455,"{'trail_atr_mult': 3.0, 'trail_atr_len': 14, 'tp_converts_to_trail': True, 'rsi': np.float64(67.1557843603646), 'atr': 4.7960571403013725, 'exit_reason': 'sl', 'signal_time': Timestamp('2022-08-04 13:00:00+0000', tz='UTC')}"
2022-08-08 20:00:00+00:00,2022-08-10 05:00:00+00:00,1,1788.685,1790.7349324283962,1790.9099324283961,1803.2365498379936,0.4,113.9972971358493,0.38033202561020946,"{'trail_atr_mult': 3.0, 'trail_atr_len': 14, 'tp_converts_to_trail': True, 'rsi': np.float64(65.1745365830693), 'atr': 3.6741374594984175, 'exit_reason': 'sl', 'signal_time': Timestamp('2022-08-08 19:00:00+0000', tz='UTC')}"
2022-08-09 00:00:00+00:00,2022-08-10 05:00:00+00:00,1,1789.395,1790.7349324283962,1790.9099324283961,1802.3669387733503,0.44,76.55702684943262,0.25782623120907067,"{'trail_atr_mult': 3.0, 'trail_atr_len': 14, 'tp_converts_to_trail': True, 'rsi': np.float64(65.36913960621015), 'atr': 3.2867346933375567, 'exit_reason': 'sl', 'signal_time': Timestamp('2022-08-08 23:00:00+0000', tz='UTC')}"
2022-08-09 13:00:00+00:00,2022-08-10 05:00:00+00:00,1,1794.165,1790.7349324283962,1790.9099324283961,1809.140615174001,0.38,-115.14256772094386,-0.3864730481528314,"{'trail_atr_mult': 3.0, 'trail_atr_len': 14, 'tp_converts_to_trail': True, 'rsi': np.float64(65.64825032731326), 'atr': 3.80265379350024, 'exit_reason': 'sl', 'signal_time': Timestamp('2022-08-09 12:00:00+0000', tz='UTC')}"
2022-08-10 15:00:00+00:00,2022-08-10 19:00:00+00:00,1,1802.165,1792.0481514879057,1792.2231514879056,1821.5836970241887,0.3,-303.5054553628288,-1.0176023603444637,"{'trail_atr_mult': 3.0, 'trail_atr_len': 14, 'tp_converts_to_trail': True, 'rsi': np.float64(66.34314387721776), 'atr': 4.893424256047185, 'exit_reason': 'sl', 'signal_time': Timestamp('2022-08-10 14:00:00+0000', tz='UTC')}"
2022-09-12 16:00:00+00:00,2022-09-12 19:00:00+00:00,1,1734.375,1724.7092579506227,1724.8842579506227,1753.0414840987548,0.31,-299.63800353069587,-1.0184390218477632,"{'trail_atr_mult': 3.0, 'trail_atr_len': 14, 'tp_converts_to_trail': True, 'rsi': np.float64(69.20877930661439), 'atr': 4.692871024688691, 'exit_reason': 'sl', 'signal_time': Timestamp('2022-09-12 15:00:00+0000', tz='UTC')}"
2022-09-30 15:00:00+00:00,2022-09-30 18:00:00+00:00,1,1673.2549999999999,1662.4074252763414,1662.5824252763414,1694.075149447317,0.27,-292.8845175387783,-1.0163971679309984,"{'trail_atr_mult': 3.0, 'trail_atr_len': 14, 'tp_converts_to_trail': True, 'rsi': np.float64(65.49639984634011), 'atr': 5.248787361829299, 'exit_reason': 'sl', 'signal_time': Timestamp('2022-09-30 14:00:00+0000', tz='UTC')}"
2022-10-03 15:00:00+00:00,2022-10-04 12:00:00+00:00,1,1687.215,1705.845,1711.7258607206563,,0.23,437.6900000000025,1.522043189201673,"{'trail_atr_mult': 3.0, 'trail_atr_len': 14, 'tp_converts_to_trail': True, 'rsi': np.float64(74.297731149514), 'atr': 6.1689651801640935, 'exit_reason': 'sl_gap', 'signal_time': Timestamp('2022-10-03 14:00:00+0000', tz='UTC')}"
2022-10-05 07:00:00+00:00,2022-10-05 09:00:00+00:00,1,1724.645,1714.399592797768,1714.574592797768,1744.2308144044641,0.29,-297.11680886472635,-1.0173776488364012,"{'trail_atr_mult': 3.0, 'trail_atr_len': 14, 'tp_converts_to_trail': True, 'rsi': np.float64(67.35629209086066), 'atr': 4.942703601115997, 'exit_reason': 'sl', 'signal_time': Timestamp('2022-10-05 06:00:00+0000', tz='UTC')}"
2022-11-07 08:00:00+00:00,2022-11-08 04:00:00+00:00,1,1675.165,1671.3501314391758,1671.5251314391758,1695.0805419331411,0.29,-99.03118826390042,-0.3341270081775565,"{'trail_atr_mult': 3.0, 'trail_atr_len': 14, 'tp_converts_to_trail': True, 'rsi': np.float64(65.03354893425814), 'atr': 5.022635483285305, 'exit_reason': 'sl', 'signal_time': Timestamp('2022-11-07 07:00:00+0000', tz='UTC')}"
2022-11-08 15:00:00+00:00,2022-11-09 10:00:00+00:00,1,1713.2849999999999,1704.2324018567117,1704.4074018567117,1737.7399975612605,0.23,-199.0097572956275,-0.6927621287447038,"{'trail_atr_mult': 3.0, 'trail_atr_len': 14, 'tp_converts_to_trail': True, 'rsi': np.float64(83.18007910526777), 'atr': 6.157499390315112, 'exit_reason': 'sl', 'signal_time': Timestamp('2022-11-08 14:00:00+0000', tz='UTC')}"
2022-11-09 14:00:00+00:00,2022-11-09 18:00:00+00:00,1,1711.985,1707.3658427376004,1707.5408427376003,1729.957611912015,0.32,-147.81303239678527,-0.4994328223957559,"{'trail_atr_mult': 3.0, 'trail_atr_len': 14, 'tp_converts_to_trail': True, 'rsi': np.float64(65.90263848515747), 'atr': 4.5369029780037575, 'exit_reason': 'sl', 'signal_time': Timestamp('2022-11-09 13:00:00+0000', tz='UTC')}"
2022-11-10 13:00:00+00:00,2022-11-10 21:00:00+00:00,1,1733.2949999999998,1755.545,1755.7699567773195,,0.25,556.2500000000057,1.9322658930834464,"{'trail_atr_mult': 3.0, 'trail_atr_len': 14, 'tp_converts_to_trail': True, 'rsi': np.float64(79.0404926430836), 'atr': 5.6649891943299036, 'exit_reason': 'sl_gap', 'signal_time': Timestamp('2022-11-10 12:00:00+0000', tz='UTC')}"
2022-11-11 11:00:00+00:00,2022-11-14 09:00:00+00:00,1,1759.585,1757.5588667321156,1757.7338667321155,1784.3172938876733,0.23,-19.001065161342602,-0.06480164299191359,"{'trail_atr_mult': 3.0, 'trail_atr_len': 14, 'tp_converts_to_trail': True, 'rsi': np.float64(65.43438803962354), 'atr': 6.246823471918322, 'exit_reason': 'sl', 'signal_time': Timestamp('2022-11-11 10:00:00+0000', tz='UTC')}"
2022-11-11 15:00:00+00:00,2022-11-14 09:00:00+00:00,1,1763.905,1757.5588667321156,1757.7338667321155,1789.6089936673739,0.22,-113.21493189345674,-0.3910585133248347,"{'trail_atr_mult': 3.0, 'trail_atr_len': 14, 'tp_converts_to_trail': True, 'rsi': np.float64(65.3085559185342), 'atr': 6.477248416843442, 'exit_reason': 'sl', 'signal_time': Timestamp('2022-11-11 14:00:00+0000', tz='UTC')}"
2022-11-15 07:00:00+00:00,2022-11-15 09:00:00+00:00,1,1783.085,1773.6004297983986,1773.7754297983986,1801.2091404032028,0.31,-294.0216762496434,-1.0187978602889585,"{'trail_atr_mult': 3.0, 'trail_atr_len': 14, 'tp_converts_to_trail': True, 'rsi': np.float64(73.80263453534968), 'atr': 4.572285100800708, 'exit_reason': 'sl', 'signal_time': Timestamp('2022-11-15 06:00:00+0000', tz='UTC')}"
2022-11-14 18:00:00+00:00,2022-11-15 14:00:00+00:00,1,1773.5049999999999,1770.625240569229,1770.800240569229,1793.57002009628,0.28,-69.4332640615865,-0.24087003501457976,"{'trail_atr_mult': 3.0, 'trail_atr_len': 14, 'tp_converts_to_trail': True, 'rsi': np.float64(66.51234387113566), 'atr': 5.060005024070013, 'exit_reason': 'sl', 'signal_time': Timestamp('2022-11-14 17:00:00+0000', tz='UTC')}"
2022-11-14 15:00:00+00:00,2022-11-15 14:00:00+00:00,1,1771.715,1770.625240569229,1770.800240569229,1792.8324010669967,0.27,-18.623504630816527,-0.06330274747151163,"{'trail_atr_mult': 3.0, 'trail_atr_len': 14, 'tp_converts_to_trail': True, 'rsi': np.float64(65.93403708598206), 'atr': 5.335600266749152, 'exit_reason': 'sl', 'signal_time': Timestamp('2022-11-14 14:00:00+0000', tz='UTC')}"
2022-11-24 11:00:00+00:00,2022-11-25 07:00:00+00:00,1,1758.5449999999998,1752.2388480847799,1752.4138480847798,1773.054911378037,0.39,-230.33992469357887,-0.7809833416672328,"{'trail_atr_mult': 3.0, 'trail_atr_len': 14, 'tp_converts_to_trail': True, 'rsi': np.float64(67.1793845487177), 'atr': 3.678727844509278, 'exit_reason': 'sl', 'signal_time': Timestamp('2022-11-24 10:00:00+0000', tz='UTC')}"
2022-11-23 23:00:00+00:00,2022-11-25 07:00:00+00:00,1,1752.5049999999999,1752.2388480847799,1752.4138480847798,1770.7372439317587,0.31,41.34929062817978,0.14222218249468915,"{'trail_atr_mult': 3.0, 'trail_atr_len': 14, 'tp_converts_to_trail': True, 'rsi': np.float64(65.05159245337191), 'atr': 4.601810982939685, 'exit_reason': 'sl', 'signal_time': Timestamp('2022-11-23 22:00:00+0000', tz='UTC')}"
2022-11-30 11:00:00+00:00,2022-11-30 13:00:00+00:00,1,1762.435,1755.050476490062,1755.225476490062,1776.2690470198763,0.41,-302.76546390745534,-1.0242734488290004,"{'trail_atr_mult': 3.0, 'trail_atr_len': 14, 'tp_converts_to_trail': True, 'rsi': np.float64(65.17633030799266), 'atr': 3.5072617549690763, 'exit_reason': 'sl', 'signal_time': Timestamp('2022-11-30 10:00:00+0000', tz='UTC')}"
2022-11-30 08:00:00+00:00,2022-11-30 15:00:00+00:00,1,1759.735,1752.7676279683008,1752.9426279683007,1773.0869117080292,0.42,-292.62962533136397,-1.0041675234797118,"{'trail_atr_mult': 3.0, 'trail_atr_len': 14, 'tp_converts_to_trail': True, 'rsi': np.float64(65.43249735516022), 'atr': 3.381727927007332, 'exit_reason': 'sl', 'signal_time': Timestamp('2022-11-30 07:00:00+0000', tz='UTC')}"
2022-11-30 19:00:00+00:00,2022-12-01 14:00:00+00:00,1,1767.895,1789.265,1790.4027730062155,,0.25,564.250000000003,1.932133655024193,"{'trail_atr_mult': 3.0, 'trail_atr_len': 14, 'tp_converts_to_trail': True, 'rsi': np.float64(65.98175135498053), 'atr': 5.6981932515539295, 'exit_reason': 'sl_gap', 'signal_time': Timestamp('2022-11-30 18:00:00+0000', tz='UTC')}"
2022-12-01 03:00:00+00:00,2022-12-01 15:00:00+00:00,1,1776.745,1796.6639302772599,1796.8389302772598,,0.28,557.7300477632789,1.926495230671023,"{'trail_atr_mult': 3.0, 'trail_atr_len': 14, 'tp_converts_to_trail': True, 'rsi': np.float64(67.47805995062583), 'atr': 5.072232569314979, 'exit_reason': 'sl', 'signal_time': Timestamp('2022-12-01 02:00:00+0000', tz='UTC')}"
2022-12-01 12:00:00+00:00,2022-12-01 16:00:00+00:00,1,1785.055,1796.355,1803.9348959874599,,0.29,327.6999999999986,1.1486718920600074,"{'trail_atr_mult': 3.0, 'trail_atr_len': 14, 'tp_converts_to_trail': True, 'rsi': np.float64(67.73790015121605), 'atr': 4.786223996864984, 'exit_reason': 'sl_gap', 'signal_time': Timestamp('2022-12-01 11:00:00+0000', tz='UTC')}"
2022-12-02 07:00:00+00:00,2022-12-02 13:00:00+00:00,1,1801.945,1793.549260537031,1793.724260537031,1817.8914789259384,0.36,-302.2466206668841,-1.0212876226996677,"{'trail_atr_mult': 3.0, 'trail_atr_len': 14, 'tp_converts_to_trail': True, 'rsi': np.float64(67.44414151305321), 'atr': 4.027869731484596, 'exit_reason': 'sl', 'signal_time': Timestamp('2022-12-02 06:00:00+0000', tz='UTC')}"
2022-12-05 01:00:00+00:00,2022-12-05 08:00:00+00:00,1,1806.715,1796.8723093342476,1797.0473093342475,1826.2565102583028,0.29,-285.43802930681795,-0.9795422726874595,"{'trail_atr_mult': 3.0, 'trail_atr_len': 14, 'tp_converts_to_trail': True, 'rsi': np.float64(66.98164367875383), 'atr': 4.931627564575688, 'exit_reason': 'sl', 'signal_time': Timestamp('2022-12-05 00:00:00+0000', tz='UTC')}"
2022-12-09 11:00:00+00:00,2022-12-09 13:00:00+00:00,1,1800.605,1792.9397932308527,1793.1147932308527,1814.9704135382951,0.39,-298.9430639967443,-1.023363840998461,"{'trail_atr_mult': 3.0, 'trail_atr_len': 14, 'tp_converts_to_trail': True, 'rsi': np.float64(68.36859687621026), 'atr': 3.6426033845737362, 'exit_reason': 'sl', 'signal_time': Timestamp('2022-12-09 10:00:00+0000', tz='UTC')}"
2022-12-09 01:00:00+00:00,2022-12-09 13:00:00+00:00,1,1794.445,1790.8706048572594,1791.0456048572594,1808.7671605207875,0.39,-139.40141056688006,-0.477631697445375,"{'trail_atr_mult': 3.0, 'trail_atr_len': 14, 'tp_converts_to_trail': True, 'rsi': np.float64(67.29871840974363), 'atr': 3.63429013019688, 'exit_reason': 'sl', 'signal_time': Timestamp('2022-12-09 00:00:00+0000', tz='UTC')}"
2022-12-09 03:00:00+00:00,2022-12-09 13:00:00+00:00,1,1795.375,1790.8706048572594,1791.0456048572594,1809.0782659592505,0.41,-184.68020085236364,-0.6331615048019268,"{'trail_atr_mult': 3.0, 'trail_atr_len': 14, 'tp_converts_to_trail': True, 'rsi': np.float64(67.47886952627282), 'atr': 3.469566489812641, 'exit_reason': 'sl', 'signal_time': Timestamp('2022-12-09 02:00:00+0000', tz='UTC')}"
2022-12-07 18:00:00+00:00,2022-12-09 13:00:00+00:00,1,1788.345,1790.8706048572594,1791.0456048572594,1808.0627048740812,0.29,119.64254086052247,0.40761399061267384,"{'trail_atr_mult': 3.0, 'trail_atr_len': 14, 'tp_converts_to_trail': True, 'rsi': np.float64(69.0109159205939), 'atr': 4.973176218520298, 'exit_reason': 'sl', 'signal_time': Timestamp('2022-12-07 17:00:00+0000', tz='UTC')}"
2022-12-08 14:00:00+00:00,2022-12-09 13:00:00+00:00,1,1792.555,1790.8706048572594,1791.0456048572594,1808.855206017147,0.35,-44.953829995922426,-0.15404848868672474,"{'trail_atr_mult': 3.0, 'trail_atr_len': 14, 'tp_converts_to_trail': True, 'rsi': np.float64(69.05082481038696), 'atr': 4.106301504286758, 'exit_reason': 'sl', 'signal_time': Timestamp('2022-12-08 13:00:00+0000', tz='UTC')}"
2022-12-09 16:00:00+00:00,2022-12-12 00:00:00+00:00,1,1804.815,1794.1127144996562,1794.2877144996562,1825.3145710006881,0.28,-266.0639940096265,-0.9026339696053111,"{'trail_atr_mult': 3.0, 'trail_atr_len': 14, 'tp_converts_to_trail': True, 'rsi': np.float64(69.20212437346967), 'atr': 5.171142750172001, 'exit_reason': 'sl', 'signal_time': Timestamp('2022-12-09 15:00:00+0000', tz='UTC')}"
2022-12-13 13:00:00+00:00,2022-12-13 16:00:00+00:00,1,1811.2749999999999,1807.7626974685165,1807.9376974685165,1830.7358703016173,0.29,-101.85677341301651,-0.3520069511775363,"{'trail_atr_mult': 3.0, 'trail_atr_len': 14, 'tp_converts_to_trail': True, 'rsi': np.float64(78.67576778147321), 'atr': 4.906467575404324, 'exit_reason': 'sl', 'signal_time': Timestamp('2022-12-13 12:00:00+0000', tz='UTC')}"
2022-12-14 00:00:00+00:00,2022-12-14 19:00:00+00:00,1,1811.385,1801.3788159783073,1801.5538159783073,1832.2462808503583,0.27,-270.16696858570185,-0.938389969812724,"{'trail_atr_mult': 3.0, 'trail_atr_len': 14, 'tp_converts_to_trail': True, 'rsi': np.float64(65.26346648814332), 'atr': 5.254070212589567, 'exit_reason': 'sl', 'signal_time': Timestamp('2022-12-13 23:00:00+0000', tz='UTC')}"
2022-12-13 18:00:00+00:00,2022-12-14 19:00:00+00:00,1,1810.565,1801.3788159783073,1801.5538159783073,1836.4090688810802,0.22,-193.29604847723996,-0.6626314114641566,"{'trail_atr_mult': 3.0, 'trail_atr_len': 14, 'tp_converts_to_trail': True, 'rsi': np.float64(65.84360957330729), 'atr': 6.517267220270052, 'exit_reason': 'sl', 'signal_time': Timestamp('2022-12-13 17:00:00+0000', tz='UTC')}"
2022-12-20 08:00:00+00:00,2022-12-20 16:00:00+00:00,1,1803.405,1815.145,1820.766294016599,,0.32,375.6800000000003,1.3149425058846715,"{'trail_atr_mult': 3.0, 'trail_atr_len': 14, 'tp_converts_to_trail': True, 'rsi': np.float64(70.37067052920129), 'atr': 4.381573504149718, 'exit_reason': 'sl_gap', 'signal_time': Timestamp('2022-12-20 07:00:00+0000', tz='UTC')}"
2022-12-20 14:00:00+00:00,2022-12-21 20:00:00+00:00,1,1812.605,1812.6886873048916,1812.8636873048915,1834.1265264972458,0.26,12.57586992718043,0.044179363786525254,"{'trail_atr_mult': 3.0, 'trail_atr_len': 14, 'tp_converts_to_trail': True, 'rsi': np.float64(70.0396838088718), 'atr': 5.411631624311415, 'exit_reason': 'sl', 'signal_time': Timestamp('2022-12-20 13:00:00+0000', tz='UTC')}"
2022-12-21 14:00:00+00:00,2022-12-21 20:00:00+00:00,1,1818.915,1812.6886873048916,1812.8636873048915,1833.3333651247171,0.4,-249.05250780433565,-0.8486550484074252,"{'trail_atr_mult': 3.0, 'trail_atr_len': 14, 'tp_converts_to_trail': True, 'rsi': np.float64(65.9759379616787), 'atr': 3.625841281179318, 'exit_reason': 'sl', 'signal_time': Timestamp('2022-12-21 13:00:00+0000', tz='UTC')}"
2022-12-27 09:00:00+00:00,2022-12-27 14:00:00+00:00,1,1808.7949999999998,1802.283342548965,1802.458342548965,1821.4807194936373,0.44,-286.5129278455315,-0.9835806058974287,"{'trail_atr_mult': 3.0, 'trail_atr_len': 14, 'tp_converts_to_trail': True, 'rsi': np.float64(65.06763226841733), 'atr': 3.2176798734093195, 'exit_reason': 'sl', 'signal_time': Timestamp('2022-12-27 08:00:00+0000', tz='UTC')}"
2022-12-27 15:00:00+00:00,2022-12-27 17:00:00+00:00,1,1824.815,1814.3808985860248,1814.5558985860248,1844.808202827951,0.28,-292.15483959130603,-1.0170580241814908,"{'trail_atr_mult': 3.0, 'trail_atr_len': 14, 'tp_converts_to_trail': True, 'rsi': np.float64(78.50653284020237), 'atr': 5.042050706987695, 'exit_reason': 'sl', 'signal_time': Timestamp('2022-12-27 14:00:00+0000', tz='UTC')}"
2022-12-29 17:00:00+00:00,2022-12-30 21:00:00+00:00,1,1819.175,1823.375,1814.05680731858,1835.6452140792655,0.34,156.40000000000154,0.5413288680620046,"{'trail_atr_mult': 3.0, 'trail_atr_len': 14, 'tp_converts_to_trail': True, 'rsi': np.float64(68.44270980774446), 'atr': 4.16130351981637, 'exit_reason': 'end_of_data', 'signal_time': Timestamp('2022-12-29 16:00:00+0000', tz='UTC')}"
2023-01-03 12:00:00+00:00,2023-01-03 15:00:00+00:00,1,1835.0349999999999,1831.5505063737091,1831.725506373709,1850.815211542917,0.35,-121.95727692017498,-0.41005592869399093,"{'trail_atr_mult': 3.0, 'trail_atr_len': 14, 'tp_converts_to_trail': True, 'rsi': np.float64(55.38132550134565), 'atr': 5.395070514305676, 'exit_reason': 'sl', 'signal_time': Timestamp('2023-01-03 11:00:00+0000', tz='UTC')}"
2023-01-03 17:00:00+00:00,2023-01-04 09:00:00+00:00,1,1839.5049999999999,1859.3413055746942,1859.5163055746941,,0.29,586.8528616661341,1.9736666364385953,"{'trail_atr_mult': 3.0, 'trail_atr_len': 14, 'tp_converts_to_trail': True, 'rsi': np.float64(56.629571792216446), 'atr': 6.725435191564714, 'exit_reason': 'sl', 'signal_time': Timestamp('2023-01-03 16:00:00+0000', tz='UTC')}"
2023-01-04 00:00:00+00:00,2023-01-04 12:00:00+00:00,1,1838.845,1854.409993888692,1854.584993888692,,0.36,560.3397799929124,1.9139255747908137,"{'trail_atr_mult': 3.0, 'trail_atr_len': 14, 'tp_converts_to_trail': True, 'rsi': np.float64(55.03596889703226), 'atr': 5.304997962897325, 'exit_reason': 'sl', 'signal_time': Timestamp('2023-01-03 23:00:00+0000', tz='UTC')}"
2023-01-04 20:00:00+00:00,2023-01-05 08:00:00+00:00,1,1855.5149999999999,1846.6123966572789,1846.7873966572788,1872.4152066854424,0.34,-261.88851365251475,-0.8825565324465725,"{'trail_atr_mult': 3.0, 'trail_atr_len': 14, 'tp_converts_to_trail': True, 'rsi': np.float64(57.21797494934369), 'atr': 5.695068895147481, 'exit_reason': 'sl', 'signal_time': Timestamp('2023-01-04 19:00:00+0000', tz='UTC')}"
2023-01-06 15:00:00+00:00,2023-01-10 00:00:00+00:00,1,1862.495,1867.6076524906898,1867.7826524906898,1881.9555635214788,0.3,201.37957472069775,0.6667459277739642,"{'trail_atr_mult': 3.0, 'trail_atr_len': 14, 'tp_converts_to_trail': True, 'rsi': np.float64(69.56294030953896), 'atr': 6.561854507159636, 'exit_reason': 'sl', 'signal_time': Timestamp('2023-01-06 14:00:00+0000', tz='UTC')}"
2023-01-10 14:00:00+00:00,2023-01-10 16:00:00+00:00,1,1878.465,1871.7551433373062,1871.9301433373062,1891.0097133253876,0.46,-308.65340648391066,-1.0267794703132505,"{'trail_atr_mult': 3.0, 'trail_atr_len': 14, 'tp_converts_to_trail': True, 'rsi': np.float64(60.04289615948592), 'atr': 4.239904441795899, 'exit_reason': 'sl', 'signal_time': Timestamp('2023-01-10 13:00:00+0000', tz='UTC')}"
2023-01-09 19:00:00+00:00,2023-01-11 14:00:00+00:00,1,1875.415,1875.0571444039538,1875.2321444039537,1890.3898639212568,0.38,16.801487350244685,0.05683139726559996,"{'trail_atr_mult': 3.0, 'trail_atr_len': 14, 'tp_converts_to_trail': True, 'rsi': np.float64(59.12770813617425), 'atr': 5.0566213070855905, 'exit_reason': 'sl', 'signal_time': Timestamp('2023-01-09 18:00:00+0000', tz='UTC')}"
2023-01-10 01:00:00+00:00,2023-01-11 14:00:00+00:00,1,1874.665,1875.0571444039538,1875.2321444039537,1888.3702961655033,0.42,33.270064966059905,0.11040112271104979,"{'trail_atr_mult': 3.0, 'trail_atr_len': 14, 'tp_converts_to_trail': True, 'rsi': np.float64(57.224538617124104), 'atr': 4.640098721834388, 'exit_reason': 'sl', 'signal_time': Timestamp('2023-01-10 00:00:00+0000', tz='UTC')}"
2023-01-10 05:00:00+00:00,2023-01-11 14:00:00+00:00,1,1874.245,1875.0571444039538,1875.2321444039537,1886.9125830066369,0.45,54.546498177924605,0.18334457092770298,"{'trail_atr_mult': 3.0, 'trail_atr_len': 14, 'tp_converts_to_trail': True, 'rsi': np.float64(56.05686074850693), 'atr': 4.284194335545609, 'exit_reason': 'sl', 'signal_time': Timestamp('2023-01-10 04:00:00+0000', tz='UTC')}"
2023-01-10 08:00:00+00:00,2023-01-11 14:00:00+00:00,1,1875.2549999999999,1875.0571444039538,1875.2321444039537,1887.5672976915384,0.47,9.500786985832793,0.031715648107608956,"{'trail_atr_mult': 3.0, 'trail_atr_len': 14, 'tp_converts_to_trail': True, 'rsi': np.float64(57.244012300610976), 'atr': 4.152432563846203, 'exit_reason': 'sl', 'signal_time': Timestamp('2023-01-10 07:00:00+0000', tz='UTC')}"
2023-01-10 19:00:00+00:00,2023-01-11 14:00:00+00:00,1,1876.825,1875.0571444039538,1875.2321444039537,1889.460871288234,0.45,-61.55350182208235,-0.2078670273554251,"{'trail_atr_mult': 3.0, 'trail_atr_len': 14, 'tp_converts_to_trail': True, 'rsi': np.float64(55.77830252078596), 'atr': 4.270290429411354, 'exit_reason': 'sl', 'signal_time': Timestamp('2023-01-10 18:00:00+0000', tz='UTC')}"
2023-01-12 01:00:00+00:00,2023-01-12 13:00:00+00:00,1,1880.725,1879.716740878691,1879.891740878691,1892.0669557171893,0.5,-50.41295606544054,-0.1699271734617409,"{'trail_atr_mult': 3.0, 'trail_atr_len': 14, 'tp_converts_to_trail': True, 'rsi': np.float64(57.41517241894082), 'atr': 3.8389852390630974, 'exit_reason': 'sl', 'signal_time': Timestamp('2023-01-12 00:00:00+0000', tz='UTC')}"
2023-01-12 15:00:00+00:00,2023-01-13 09:00:00+00:00,1,1889.0149999999999,1906.305,1908.3361025107558,,0.3,530.7000000000057,1.7827177895924793,"{'trail_atr_mult': 3.0, 'trail_atr_len': 14, 'tp_converts_to_trail': True, 'rsi': np.float64(56.60960695474299), 'atr': 6.498700836918622, 'exit_reason': 'sl_gap', 'signal_time': Timestamp('2023-01-12 14:00:00+0000', tz='UTC')}"
2023-01-13 06:00:00+00:00,2023-01-13 12:00:00+00:00,1,1896.245,1894.4356339208066,1894.6106339208065,1910.1030278105914,0.41,-74.18400924692514,-0.2515973831130257,"{'trail_atr_mult': 3.0, 'trail_atr_len': 14, 'tp_converts_to_trail': True, 'rsi': np.float64(57.08484406065961), 'atr': 4.677675936863803, 'exit_reason': 'sl', 'signal_time': Timestamp('2023-01-13 05:00:00+0000', tz='UTC')}"
2023-01-13 13:00:00+00:00,2023-01-16 06:00:00+00:00,1,1900.215,1916.3429071705493,1916.5179071705493,,0.35,606.4767509692292,2.0521082921118317,"{'trail_atr_mult': 3.0, 'trail_atr_len': 14, 'tp_converts_to_trail': True, 'rsi': np.float64(55.55618156148744), 'atr': 5.499302390183093, 'exit_reason': 'sl', 'signal_time': Timestamp('2023-01-13 12:00:00+0000', tz='UTC')}"
2023-01-16 23:00:00+00:00,2023-01-17 02:00:00+00:00,1,1918.095,1912.0260252266035,1912.2010252266034,1929.3579495467936,0.51,-289.1177134432254,-0.9618254219519877,"{'trail_atr_mult': 3.0, 'trail_atr_len': 14, 'tp_converts_to_trail': True, 'rsi': np.float64(56.1195054212226), 'atr': 3.8126498489311715, 'exit_reason': 'sl', 'signal_time': Timestamp('2023-01-16 22:00:00+0000', tz='UTC')}"
2023-01-16 09:00:00+00:00,2023-01-17 04:00:00+00:00,1,1917.7649999999999,1909.1886213688308,1909.3636213688308,1934.042757262338,0.36,-294.3496307220863,-0.973218681138201,"{'trail_atr_mult': 3.0, 'trail_atr_len': 14, 'tp_converts_to_trail': True, 'rsi': np.float64(55.07309614583643), 'atr': 5.48425242077938, 'exit_reason': 'sl', 'signal_time': Timestamp('2023-01-16 08:00:00+0000', tz='UTC')}"
2023-01-16 07:00:00+00:00,2023-01-17 04:00:00+00:00,1,1917.315,1908.9813005224314,1909.1563005224314,1933.2273989551377,0.37,-293.5468806700398,-0.9724220752806676,"{'trail_atr_mult': 3.0, 'trail_atr_len': 14, 'tp_converts_to_trail': True, 'rsi': np.float64(55.50900434346689), 'atr': 5.349132985045871, 'exit_reason': 'sl', 'signal_time': Timestamp('2023-01-16 06:00:00+0000', tz='UTC')}"
2023-01-19 13:00:00+00:00,2023-01-20 04:00:00+00:00,1,1913.425,1926.7846197896301,1926.95961978963,,0.42,577.9040311644677,1.9325824696036558,"{'trail_atr_mult': 3.0, 'trail_atr_len': 14, 'tp_converts_to_trail': True, 'rsi': np.float64(57.16048287007056), 'atr': 4.589873263210049, 'exit_reason': 'sl', 'signal_time': Timestamp('2023-01-19 12:00:00+0000', tz='UTC')}"
2023-01-20 12:00:00+00:00,2023-01-20 14:00:00+00:00,1,1928.875,1921.6034051039169,1921.7784051039168,1942.5431897921667,0.42,-305.40698563549086,-1.0246597139279492,"{'trail_atr_mult': 3.0, 'trail_atr_len': 14, 'tp_converts_to_trail': True, 'rsi': np.float64(56.58911332882303), 'atr': 4.614396597388878, 'exit_reason': 'sl', 'signal_time': Timestamp('2023-01-20 11:00:00+0000', tz='UTC')}"
2023-01-20 05:00:00+00:00,2023-01-20 14:00:00+00:00,1,1928.0149999999999,1923.5218102078334,1923.6968102078333,1941.1670898645991,0.45,-202.1935406474927,-0.6672844448714789,"{'trail_atr_mult': 3.0, 'trail_atr_len': 14, 'tp_converts_to_trail': True, 'rsi': np.float64(60.323397978232606), 'atr': 4.419029954866313, 'exit_reason': 'sl', 'signal_time': Timestamp('2023-01-20 04:00:00+0000', tz='UTC')}"
2023-01-20 18:00:00+00:00,2023-01-23 06:00:00+00:00,1,1929.625,1923.4135462291406,1923.5885462291405,1943.9743472423183,0.4,-200.4581508343763,-0.673838480333646,"{'trail_atr_mult': 3.0, 'trail_atr_len': 14, 'tp_converts_to_trail': True, 'rsi': np.float64(57.27344251775009), 'atr': 4.841449080772788, 'exit_reason': 'sl', 'signal_time': Timestamp('2023-01-20 17:00:00+0000', tz='UTC')}"
2023-01-23 00:00:00+00:00,2023-01-23 06:00:00+00:00,1,1932.455,1925.5952010503045,1925.7702010503044,1945.389597899391,0.45,-308.6909527362957,-1.0261787977943488,"{'trail_atr_mult': 3.0, 'trail_atr_len': 14, 'tp_converts_to_trail': True, 'rsi': np.float64(60.35602538027058), 'atr': 4.359865966463702, 'exit_reason': 'sl', 'signal_time': Timestamp('2023-01-22 23:00:00+0000', tz='UTC')}"
2023-01-23 20:00:00+00:00,2023-01-24 14:00:00+00:00,1,1931.415,1929.863837987513,1930.038837987513,1947.6409403672574,0.36,-41.44183244952783,-0.13769106129235084,"{'trail_atr_mult': 3.0, 'trail_atr_len': 14, 'tp_converts_to_trail': True, 'rsi': np.float64(58.235259344577194), 'atr': 5.463646789085784, 'exit_reason': 'sl', 'signal_time': Timestamp('2023-01-23 19:00:00+0000', tz='UTC')}"
2023-01-25 01:00:00+00:00,2023-01-25 03:00:00+00:00,1,1937.715,1930.7672007439985,1930.9422007439985,1950.375598512003,0.44,-305.70316726406236,-1.0258386515508908,"{'trail_atr_mult': 3.0, 'trail_atr_len': 14, 'tp_converts_to_trail': True, 'rsi': np.float64(55.349093135362594), 'atr': 4.318532837334359, 'exit_reason': 'sl', 'signal_time': Timestamp('2023-01-25 00:00:00+0000', tz='UTC')}"
2023-01-24 19:00:00+00:00,2023-01-25 03:00:00+00:00,1,1938.2949999999998,1929.8810021410052,1930.0560021410051,1954.1879957179895,0.36,-288.50392292380786,-0.9726908534447054,"{'trail_atr_mult': 3.0, 'trail_atr_len': 14, 'tp_converts_to_trail': True, 'rsi': np.float64(56.3625622210645), 'atr': 5.362665239329818, 'exit_reason': 'sl', 'signal_time': Timestamp('2023-01-24 18:00:00+0000', tz='UTC')}"
2023-01-25 16:00:00+00:00,2023-01-26 09:00:00+00:00,1,1937.085,1935.7724608703581,1935.947460870358,1954.4777992379175,0.32,-3.6012521485405173,-0.012294118826561019,"{'trail_atr_mult': 3.0, 'trail_atr_len': 14, 'tp_converts_to_trail': True, 'rsi': np.float64(57.77482750970307), 'atr': 5.899266412639165, 'exit_reason': 'sl', 'signal_time': Timestamp('2023-01-25 15:00:00+0000', tz='UTC')}"
2023-02-01 11:00:00+00:00,2023-02-01 15:00:00+00:00,1,1928.945,1923.0149625920967,1923.1899625920967,1939.9300748158064,0.52,-308.36194521096786,-1.0304081429183467,"{'trail_atr_mult': 3.0, 'trail_atr_len': 14, 'tp_converts_to_trail': True, 'rsi': np.float64(59.3508833156421), 'atr': 3.720024938602148, 'exit_reason': 'sl', 'signal_time': Timestamp('2023-02-01 10:00:00+0000', tz='UTC')}"
2023-02-01 06:00:00+00:00,2023-02-01 17:00:00+00:00,1,1927.0049999999999,1921.3208538577999,1921.4958538577998,1937.8021436917375,0.53,-301.25974553660035,-1.0094252564669723,"{'trail_atr_mult': 3.0, 'trail_atr_len': 14, 'tp_converts_to_trail': True, 'rsi': np.float64(55.990875726433686), 'atr': 3.650714563912535, 'exit_reason': 'sl', 'signal_time': Timestamp('2023-02-01 05:00:00+0000', tz='UTC')}"
2023-02-01 03:00:00+00:00,2023-02-01 17:00:00+00:00,1,1927.0049999999999,1921.3208538577999,1921.4958538577998,1938.6192363632804,0.49,-278.5231609678003,-0.936491550554831,"{'trail_atr_mult': 3.0, 'trail_atr_len': 14, 'tp_converts_to_trail': True, 'rsi': np.float64(56.20597562202571), 'atr': 3.929745454426796, 'exit_reason': 'sl', 'signal_time': Timestamp('2023-02-01 02:00:00+0000', tz='UTC')}"
2023-02-01 19:00:00+00:00,2023-02-02 13:00:00+00:00,1,1943.2649999999999,1944.5792325188784,1944.7542325188783,1960.9152478567717,0.32,80.45544060411194,0.2735054254873679,"{'trail_atr_mult': 3.0, 'trail_atr_len': 14, 'tp_converts_to_trail': True, 'rsi': np.float64(71.00961366850302), 'atr': 5.96508261892387, 'exit_reason': 'sl', 'signal_time': Timestamp('2023-02-01 18:00:00+0000', tz='UTC')}"
2023-03-02 11:00:00+00:00,2023-03-02 12:00:00+00:00,1,1836.875,1831.0235853298796,1831.1985853298795,1847.792829340241,0.52,-304.2735628462633,-1.030829319239329,"{'trail_atr_mult': 3.0, 'trail_atr_len': 14, 'tp_converts_to_trail': True, 'rsi': np.float64(56.92812051736542), 'atr': 3.687609780080309, 'exit_reason': 'sl', 'signal_time': Timestamp('2023-03-02 10:00:00+0000', tz='UTC')}"
2023-03-02 14:00:00+00:00,2023-03-03 12:00:00+00:00,1,1836.865,1848.335,1849.0224912756955,,0.46,546.0200000000012,1.8718719756185132,"{'trail_atr_mult': 3.0, 'trail_atr_len': 14, 'tp_converts_to_trail': True, 'rsi': np.float64(55.89469080130131), 'atr': 4.110830425231825, 'exit_reason': 'sl_gap', 'signal_time': Timestamp('2023-03-02 13:00:00+0000', tz='UTC')}"
2023-03-02 23:00:00+00:00,2023-03-03 12:00:00+00:00,1,1837.925,1848.335,1848.6232899783133,,0.53,572.9300000000045,1.9684447959298623,"{'trail_atr_mult': 3.0, 'trail_atr_len': 14, 'tp_converts_to_trail': True, 'rsi': np.float64(57.48094198417252), 'atr': 3.597763326104494, 'exit_reason': 'sl_gap', 'signal_time': Timestamp('2023-03-02 22:00:00+0000', tz='UTC')}"
2023-03-06 12:00:00+00:00,2023-03-06 18:00:00+00:00,1,1852.465,1846.7984701876724,1846.9734701876723,1862.9530596246552,0.54,-305.9926098656879,-1.031867258483621,"{'trail_atr_mult': 3.0, 'trail_atr_len': 14, 'tp_converts_to_trail': True, 'rsi': np.float64(55.41843112261063), 'atr': 3.5510198748850788, 'exit_reason': 'sl', 'signal_time': Timestamp('2023-03-06 11:00:00+0000', tz='UTC')}"
2023-03-14 11:00:00+00:00,2023-03-15 07:00:00+00:00,1,1904.385,1898.1871121874467,1898.3621121874467,1922.500996737893,0.31,-179.734522189152,-0.6180788679359287,"{'trail_atr_mult': 3.0, 'trail_atr_len': 14, 'tp_converts_to_trail': True, 'rsi': np.float64(55.13233253116309), 'atr': 6.110332245964355, 'exit_reason': 'sl', 'signal_time': Timestamp('2023-03-14 10:00:00+0000', tz='UTC')}"
2023-03-14 14:00:00+00:00,2023-03-15 07:00:00+00:00,1,1907.7949999999998,1896.579544491044,1896.754544491044,1929.3509110179116,0.27,-292.01729874180546,-0.9796204060767667,"{'trail_atr_mult': 3.0, 'trail_atr_len': 14, 'tp_converts_to_trail': True, 'rsi': np.float64(56.417433834679805), 'atr': 7.24363700597058, 'exit_reason': 'sl', 'signal_time': Timestamp('2023-03-14 13:00:00+0000', tz='UTC')}"
2023-03-14 16:00:00+00:00,2023-03-15 07:00:00+00:00,1,1908.895,1897.9360868315637,1898.1110868315636,1929.9078263368729,0.27,-285.0906555477804,-0.9791355886786438,"{'trail_atr_mult': 3.0, 'trail_atr_len': 14, 'tp_converts_to_trail': True, 'rsi': np.float64(56.727870478587135), 'atr': 7.065942112290973, 'exit_reason': 'sl', 'signal_time': Timestamp('2023-03-14 15:00:00+0000', tz='UTC')}"
2023-03-15 10:00:00+00:00,2023-03-15 13:00:00+00:00,1,1908.7949999999998,1926.9904577211146,1927.1654577211145,,0.31,564.0591893545568,1.9382172186037303,"{'trail_atr_mult': 3.0, 'trail_atr_len': 14, 'tp_converts_to_trail': True, 'rsi': np.float64(57.223594517214195), 'atr': 6.168485907038186, 'exit_reason': 'sl', 'signal_time': Timestamp('2023-03-15 09:00:00+0000', tz='UTC')}"
2023-03-15 22:00:00+00:00,2023-03-16 01:00:00+00:00,1,1920.555,1908.0016312362818,1908.1766312362818,1944.5167375274366,0.24,-272.4808503292381,-0.9171942588263827,"{'trail_atr_mult': 3.0, 'trail_atr_len': 14, 'tp_converts_to_trail': True, 'rsi': np.float64(56.47735408426428), 'atr': 8.075579175812194, 'exit_reason': 'sl', 'signal_time': Timestamp('2023-03-15 21:00:00+0000', tz='UTC')}"
2023-03-16 05:00:00+00:00,2023-03-20 10:00:00+00:00,1,1920.175,1982.8136243130157,1982.9886243130156,,0.27,1734.4428564514249,5.9875144598882395,"{'trail_atr_mult': 3.0, 'trail_atr_len': 14, 'tp_converts_to_trail': True, 'rsi': np.float64(56.40858532586179), 'atr': 7.035842079476748, 'exit_reason': 'sl', 'signal_time': Timestamp('2023-03-16 04:00:00+0000', tz='UTC')}"
2023-03-16 08:00:00+00:00,2023-03-20 10:00:00+00:00,1,1919.235,1982.8136243130157,1982.9886243130156,,0.27,1759.8228564514263,6.085912864367689,"{'trail_atr_mult': 3.0, 'trail_atr_len': 14, 'tp_converts_to_trail': True, 'rsi': np.float64(55.1785769977959), 'atr': 7.0231687494936, 'exit_reason': 'sl', 'signal_time': Timestamp('2023-03-16 07:00:00+0000', tz='UTC')}"
2023-03-17 01:00:00+00:00,2023-03-20 10:00:00+00:00,1,1922.975,1982.8136243130157,1982.9886243130156,,0.34,2075.3132266425364,7.052646533383592,"{'trail_atr_mult': 3.0, 'trail_atr_len': 14, 'tp_converts_to_trail': True, 'rsi': np.float64(55.61396761684408), 'atr': 5.659807974362642, 'exit_reason': 'sl', 'signal_time': Timestamp('2023-03-17 00:00:00+0000', tz='UTC')}"
2023-03-21 02:00:00+00:00,2023-03-21 06:00:00+00:00,1,1983.355,1971.9563031379525,1972.1313031379525,2005.1573937240953,0.27,-307.76481527528176,-1.015592010560416,"{'trail_atr_mult': 3.0, 'trail_atr_len': 14, 'tp_converts_to_trail': True, 'rsi': np.float64(57.14364505934543), 'atr': 7.33913124136506, 'exit_reason': 'sl', 'signal_time': Timestamp('2023-03-21 01:00:00+0000', tz='UTC')}"
2023-03-20 18:00:00+00:00,2023-03-21 08:00:00+00:00,1,1983.905,1969.58258327002,1969.75758327002,2011.8248334599598,0.22,-306.2931680595595,-0.9840960364500153,"{'trail_atr_mult': 3.0, 'trail_atr_len': 14, 'tp_converts_to_trail': True, 'rsi': np.float64(57.94751681690448), 'atr': 9.348277819986638, 'exit_reason': 'sl', 'signal_time': Timestamp('2023-03-20 17:00:00+0000', tz='UTC')}"
2023-03-21 00:00:00+00:00,2023-03-21 08:00:00+00:00,1,1980.565,1968.5373397339567,1968.7123397339567,2003.7753205320869,0.26,-312.71916691712613,-1.0147646179061853,"{'trail_atr_mult': 3.0, 'trail_atr_len': 14, 'tp_converts_to_trail': True, 'rsi': np.float64(55.0252552473545), 'atr': 7.791773510695584, 'exit_reason': 'sl', 'signal_time': Timestamp('2023-03-20 23:00:00+0000', tz='UTC')}"
2023-03-24 09:00:00+00:00,2023-03-24 16:00:00+00:00,1,1994.655,1984.4258412908396,1984.6008412908395,2014.0883174183214,0.3,-306.87476127481204,-1.0174057327979624,"{'trail_atr_mult': 3.0, 'trail_atr_len': 14, 'tp_converts_to_trail': True, 'rsi': np.float64(59.020881972552374), 'atr': 6.552772472773748, 'exit_reason': 'sl', 'signal_time': Timestamp('2023-03-24 08:00:00+0000', tz='UTC')}"
2023-03-24 07:00:00+00:00,2023-03-24 17:00:00+00:00,1,1989.715,1982.447163495608,1982.622163495608,2007.231776414148,0.34,-247.10644114932396,-0.7990243876062098,"{'trail_atr_mult': 3.0, 'trail_atr_len': 14, 'tp_converts_to_trail': True, 'rsi': np.float64(55.3151773580719), 'atr': 5.91392547138269, 'exit_reason': 'sl', 'signal_time': Timestamp('2023-03-24 06:00:00+0000', tz='UTC')}"
2023-03-24 14:00:00+00:00,2023-03-24 17:00:00+00:00,1,1994.645,1982.8885347723412,1983.0635347723412,2017.3429304553174,0.26,-305.66809591912715,-1.015110350595538,"{'trail_atr_mult': 3.0, 'trail_atr_len': 14, 'tp_converts_to_trail': True, 'rsi': np.float64(56.04010074405994), 'atr': 7.617643485105817, 'exit_reason': 'sl', 'signal_time': Timestamp('2023-03-24 13:00:00+0000', tz='UTC')}"
2023-03-29 15:00:00+00:00,2023-03-29 16:00:00+00:00,1,1969.345,1961.6874718469574,1961.8624718469573,1983.7850563060858,0.41,-313.95865427474973,-1.0233878171148334,"{'trail_atr_mult': 3.0, 'trail_atr_len': 14, 'tp_converts_to_trail': True, 'rsi': np.float64(56.337426397078744), 'atr': 4.871685435361918, 'exit_reason': 'sl', 'signal_time': Timestamp('2023-03-29 14:00:00+0000', tz='UTC')}"
2023-03-30 15:00:00+00:00,2023-03-31 09:00:00+00:00,1,1972.2649999999999,1973.7824000229748,1973.9574000229748,1986.106810961184,0.42,80.53080096494686,0.26692075620056854,"{'trail_atr_mult': 3.0, 'trail_atr_len': 14, 'tp_converts_to_trail': True, 'rsi': np.float64(60.22618496057284), 'atr': 4.672270320394667, 'exit_reason': 'sl', 'signal_time': Timestamp('2023-03-30 14:00:00+0000', tz='UTC')}"
2023-03-31 11:00:00+00:00,2023-03-31 18:00:00+00:00,1,1979.595,1973.4523725588795,1973.6273725588794,1992.1701478015361,0.46,-282.5608622915461,-0.9313963017768765,"{'trail_atr_mult': 3.0, 'trail_atr_len': 14, 'tp_converts_to_trail': True, 'rsi': np.float64(55.12567494232176), 'atr': 4.26004926717871, 'exit_reason': 'sl', 'signal_time': Timestamp('2023-03-31 10:00:00+0000', tz='UTC')}"
2023-04-04 10:00:00+00:00,2023-04-05 15:00:00+00:00,1,1983.085,2018.5112226045906,2018.6862226045905,,0.45,1612.1800172065734,5.284695298693263,"{'trail_atr_mult': 3.0, 'trail_atr_len': 14, 'tp_converts_to_trail': True, 'rsi': np.float64(56.94193951708687), 'atr': 4.429493944895219, 'exit_reason': 'sl', 'signal_time': Timestamp('2023-04-04 09:00:00+0000', tz='UTC')}"
2023-04-04 07:00:00+00:00,2023-04-05 15:00:00+00:00,1,1981.715,2018.5112226045906,2018.6862226045905,,0.44,1636.633794601988,5.393148679989851,"{'trail_atr_mult': 3.0, 'trail_atr_len': 14, 'tp_converts_to_trail': True, 'rsi': np.float64(55.48901942689708), 'atr': 4.481293302135963, 'exit_reason': 'sl', 'signal_time': Timestamp('2023-04-04 06:00:00+0000', tz='UTC')}"
2023-04-05 16:00:00+00:00,2023-04-06 03:00:00+00:00,1,2021.945,2012.1524400623694,2012.3274400623693,2040.4751198752613,0.32,-274.96191800417876,-0.8934241110378187,"{'trail_atr_mult': 3.0, 'trail_atr_len': 14, 'tp_converts_to_trail': True, 'rsi': np.float64(57.30677419848523), 'atr': 6.255039958420412, 'exit_reason': 'sl', 'signal_time': Timestamp('2023-04-05 15:00:00+0000', tz='UTC')}"
2023-04-06 10:00:00+00:00,2023-04-06 13:00:00+00:00,1,2019.7649999999999,2012.7753171150648,2012.9503171150648,2032.92936576987,0.46,-321.525412707013,-1.0256798449692823,"{'trail_atr_mult': 3.0, 'trail_atr_len': 14, 'tp_converts_to_trail': True, 'rsi': np.float64(55.55950939819568), 'atr': 4.439788589956706, 'exit_reason': 'sl', 'signal_time': Timestamp('2023-04-06 09:00:00+0000', tz='UTC')}"
2023-04-12 13:00:00+00:00,2023-04-12 14:00:00+00:00,1,2022.405,2013.978766127391,2014.153766127391,2038.3524677452178,0.38,-320.1968871591389,-1.021208949194967,"{'trail_atr_mult': 3.0, 'trail_atr_len': 14, 'tp_converts_to_trail': True, 'rsi': np.float64(67.17148931307318), 'atr': 5.377489248405959, 'exit_reason': 'sl', 'signal_time': Timestamp('2023-04-12 12:00:00+0000', tz='UTC')}"
2023-04-12 10:00:00+00:00,2023-04-12 14:00:00+00:00,1,2010.955,2022.055,2023.3771422361763,,0.49,543.9000000000067,1.7470489892525394,"{'trail_atr_mult': 3.0, 'trail_atr_len': 14, 'tp_converts_to_trail': True, 'rsi': np.float64(55.16458647201321), 'atr': 4.172380745392115, 'exit_reason': 'sl_gap', 'signal_time': Timestamp('2023-04-12 09:00:00+0000', tz='UTC')}"
2023-04-12 19:00:00+00:00,2023-04-13 15:00:00+00:00,1,2015.985,2034.775628795032,2034.950628795032,,0.32,639.7001214410251,2.048154186520859,"{'trail_atr_mult': 3.0, 'trail_atr_len': 14, 'tp_converts_to_trail': True, 'rsi': np.float64(57.43365463365272), 'atr': 6.383542931677298, 'exit_reason': 'sl', 'signal_time': Timestamp('2023-04-12 18:00:00+0000', tz='UTC')}"
2023-04-13 07:00:00+00:00,2023-04-13 15:00:00+00:00,1,2020.625,2034.7652727412353,2034.9402727412353,,0.42,593.8914551318835,1.9211971122824403,"{'trail_atr_mult': 3.0, 'trail_atr_len': 14, 'tp_converts_to_trail': True, 'rsi': np.float64(60.65284069491393), 'atr': 4.816757580411731, 'exit_reason': 'sl', 'signal_time': Timestamp('2023-04-13 06:00:00+0000', tz='UTC')}"
2023-04-12 22:00:00+00:00,2023-04-14 09:00:00+00:00,1,2014.615,2034.681745971299,2034.856745971299,,0.35,758.3361089954665,2.461148314331005,"{'trail_atr_mult': 3.0, 'trail_atr_len': 14, 'tp_converts_to_trail': True, 'rsi': np.float64(55.91771156122163), 'atr': 5.972340589048296, 'exit_reason': 'sl', 'signal_time': Timestamp('2023-04-12 20:00:00+0000', tz='UTC')}"
2023-05-04 10:00:00+00:00,2023-05-04 16:00:00+00:00,1,2038.0349999999999,2055.115,2059.2984519705105,,0.29,495.31999999999783,1.559215596153488,"{'trail_atr_mult': 3.0, 'trail_atr_len': 14, 'tp_converts_to_trail': True, 'rsi': np.float64(56.52823665239244), 'atr': 7.159483990170267, 'exit_reason': 'sl_gap', 'signal_time': Timestamp('2023-05-04 09:00:00+0000', tz='UTC')}"
2023-05-04 14:00:00+00:00,2023-05-05 08:00:00+00:00,1,2044.5149999999999,2042.9219740048204,2043.0969740048204,2066.7371206458183,0.28,-33.40472786502487,-0.1050332050245167,"{'trail_atr_mult': 3.0, 'trail_atr_len': 14, 'tp_converts_to_trail': True, 'rsi': np.float64(60.538475997904456), 'atr': 7.462373548606072, 'exit_reason': 'sl', 'signal_time': Timestamp('2023-05-04 13:00:00+0000', tz='UTC')}"
2023-05-05 04:00:00+00:00,2023-05-05 08:00:00+00:00,1,2049.9550000000004,2040.5435654686448,2040.7185654686448,2067.72286906271,0.34,-319.9887740660888,-1.0189467049656302,"{'trail_atr_mult': 3.0, 'trail_atr_len': 14, 'tp_converts_to_trail': True, 'rsi': np.float64(57.37753511810862), 'atr': 6.0009563542366235, 'exit_reason': 'sl', 'signal_time': Timestamp('2023-05-05 03:00:00+0000', tz='UTC')}"
2023-05-09 14:00:00+00:00,2023-05-10 06:00:00+00:00,1,2030.495,2028.2486791214112,2028.4236791214112,2042.2218154785514,0.52,-96.00868568661119,-0.30139547593105126,"{'trail_atr_mult': 3.0, 'trail_atr_len': 14, 'tp_converts_to_trail': True, 'rsi': np.float64(59.81374968706222), 'atr': 3.9672718261838216, 'exit_reason': 'sl', 'signal_time': Timestamp('2023-05-09 13:00:00+0000', tz='UTC')}"
2023-05-09 17:00:00+00:00,2023-05-10 06:00:00+00:00,1,2031.155,2028.2486791214112,2028.4236791214112,2043.3175286466392,0.51,-127.82236480802666,-0.39790675598223957,"{'trail_atr_mult': 3.0, 'trail_atr_len': 14, 'tp_converts_to_trail': True, 'rsi': np.float64(59.032830124152675), 'atr': 4.102509548879705, 'exit_reason': 'sl', 'signal_time': Timestamp('2023-05-09 16:00:00+0000', tz='UTC')}"
2023-05-10 13:00:00+00:00,2023-05-10 14:00:00+00:00,1,2045.7949999999998,2037.9919762679594,2038.1669762679594,2060.286047464081,0.42,-327.72699674569685,-1.0229417220170531,"{'trail_atr_mult': 3.0, 'trail_atr_len': 14, 'tp_converts_to_trail': True, 'rsi': np.float64(69.80234292836012), 'atr': 4.915349154693729, 'exit_reason': 'sl', 'signal_time': Timestamp('2023-05-10 12:00:00+0000', tz='UTC')}"
2023-05-11 01:00:00+00:00,2023-05-11 07:00:00+00:00,1,2035.5449999999998,2027.919268538911,2028.094268538911,2049.8314629221777,0.42,-320.28072136573337,-1.0234876268073656,"{'trail_atr_mult': 3.0, 'trail_atr_len': 14, 'tp_converts_to_trail': True, 'rsi': np.float64(55.637765192390056), 'atr': 4.830487640725949, 'exit_reason': 'sl', 'signal_time': Timestamp('2023-05-11 00:00:00+0000', tz='UTC')}"
2023-05-11 12:00:00+00:00,2023-05-11 13:00:00+00:00,1,2036.935,2029.2675040458034,2029.4425040458034,2051.364991908393,0.42,-322.03483007625346,-1.0233567026355133,"{'trail_atr_mult': 3.0, 'trail_atr_len': 14, 'tp_converts_to_trail': True, 'rsi': np.float64(58.27843686636209), 'atr': 4.8716639694644055, 'exit_reason': 'sl', 'signal_time': Timestamp('2023-05-11 11:00:00+0000', tz='UTC')}"
2023-06-02 09:00:00+00:00,2023-06-02 13:00:00+00:00,1,1979.315,1973.2090691507985,1973.3840691507985,1990.6518616984033,0.53,-323.61433500768027,-1.0295063295205196,"{'trail_atr_mult': 3.0, 'trail_atr_len': 14, 'tp_converts_to_trail': True, 'rsi': np.float64(58.45075342372214), 'atr': 3.837287232801047, 'exit_reason': 'sl', 'signal_time': Timestamp('2023-06-02 08:00:00+0000', tz='UTC')}"
2023-06-12 09:00:00+00:00,2023-06-12 14:00:00+00:00,1,1965.055,1959.5758263358684,1959.7508263358684,1975.1383473282635,0.59,-323.2712461837657,-1.0329928865608897,"{'trail_atr_mult': 3.0, 'trail_atr_len': 14, 'tp_converts_to_trail': True, 'rsi': np.float64(61.099588958561114), 'atr': 3.419449109421141, 'exit_reason': 'sl', 'signal_time': Timestamp('2023-06-12 08:00:00+0000', tz='UTC')}"
2023-07-05 08:00:00+00:00,2023-07-05 14:00:00+00:00,1,1927.655,1923.3883621350387,1923.5633621350387,1935.3432757299224,0.73,-311.4645641421705,-1.0427701584977904,"{'trail_atr_mult': 3.0, 'trail_atr_len': 14, 'tp_converts_to_trail': True, 'rsi': np.float64(56.67461541085125), 'atr': 2.617758576640807, 'exit_reason': 'sl', 'signal_time': Timestamp('2023-07-05 07:00:00+0000', tz='UTC')}"
2023-07-05 12:00:00+00:00,2023-07-05 14:00:00+00:00,1,1927.735,1923.5187635604655,1923.6937635604654,1935.382472879069,0.74,-312.00149652554865,-1.0433035786493385,"{'trail_atr_mult': 3.0, 'trail_atr_len': 14, 'tp_converts_to_trail': True, 'rsi': np.float64(55.429258792446795), 'atr': 2.5974909596896794, 'exit_reason': 'sl', 'signal_time': Timestamp('2023-07-05 11:00:00+0000', tz='UTC')}"
2023-07-10 12:00:00+00:00,2023-07-10 13:00:00+00:00,1,1924.885,1919.5175150725656,1919.6925150725656,1934.7749698548687,0.57,-305.94664086375855,-1.0337025532949253,"{'trail_atr_mult': 3.0, 'trail_atr_len': 14, 'tp_converts_to_trail': True, 'rsi': np.float64(55.58920814428211), 'atr': 3.351656618289569, 'exit_reason': 'sl', 'signal_time': Timestamp('2023-07-10 11:00:00+0000', tz='UTC')}"
2023-07-10 08:00:00+00:00,2023-07-10 13:00:00+00:00,1,1925.0449999999998,1919.3500867976502,1919.5250867976501,1935.5598264046994,0.54,-307.5253129268813,-1.0317033970616534,"{'trail_atr_mult': 3.0, 'trail_atr_len': 14, 'tp_converts_to_trail': True, 'rsi': np.float64(56.58405803314175), 'atr': 3.563275468233163, 'exit_reason': 'sl', 'signal_time': Timestamp('2023-07-10 07:00:00+0000', tz='UTC')}"
2023-07-11 03:00:00+00:00,2023-07-11 08:00:00+00:00,1,1927.885,1936.045,1937.1389617656293,,0.61,497.76000000000494,1.6948867798244367,"{'trail_atr_mult': 3.0, 'trail_atr_len': 14, 'tp_converts_to_trail': True, 'rsi': np.float64(58.81810811758939), 'atr': 3.1263205885431384, 'exit_reason': 'sl_gap', 'signal_time': Timestamp('2023-07-11 02:00:00+0000', tz='UTC')}"
2023-07-10 17:00:00+00:00,2023-07-11 08:00:00+00:00,1,1925.7849999999999,1936.045,1938.3612594497897,,0.45,479.7000000000099,1.6199057606406473,"{'trail_atr_mult': 3.0, 'trail_atr_len': 14, 'tp_converts_to_trail': True, 'rsi': np.float64(55.13533631560117), 'atr': 4.257086483263256, 'exit_reason': 'sl_gap', 'signal_time': Timestamp('2023-07-10 16:00:00+0000', tz='UTC')}"
2023-07-11 01:00:00+00:00,2023-07-11 08:00:00+00:00,1,1926.565,1935.6355710417947,1935.8105710417947,,0.59,535.1636914658852,1.8286388966079992,"{'trail_atr_mult': 3.0, 'trail_atr_len': 14, 'tp_converts_to_trail': True, 'rsi': np.float64(56.3690031403231), 'atr': 3.156857013931617, 'exit_reason': 'sl', 'signal_time': Timestamp('2023-07-11 00:00:00+0000', tz='UTC')}"
2023-07-11 14:00:00+00:00,2023-07-12 14:00:00+00:00,1,1933.705,1943.005,1945.531534142033,,0.48,465.6000000000087,1.563062211165364,"{'trail_atr_mult': 3.0, 'trail_atr_len': 14, 'tp_converts_to_trail': True, 'rsi': np.float64(56.90920647599553), 'atr': 4.007178047344337, 'exit_reason': 'sl_gap', 'signal_time': Timestamp('2023-07-11 13:00:00+0000', tz='UTC')}"
2023-07-11 23:00:00+00:00,2023-07-12 14:00:00+00:00,1,1933.5449999999998,1942.6518025156547,1942.8268025156547,,0.61,579.9149534549466,1.9388179787405433,"{'trail_atr_mult': 3.0, 'trail_atr_len': 14, 'tp_converts_to_trail': True, 'rsi': np.float64(56.42821914342074), 'atr': 3.1522675052182607, 'exit_reason': 'sl', 'signal_time': Timestamp('2023-07-11 22:00:00+0000', tz='UTC')}"
2023-07-12 13:00:00+00:00,2023-07-12 15:00:00+00:00,1,1943.355,1954.5673230219757,1954.7423230219756,,0.5,560.6161510987818,1.8920042933670542,"{'trail_atr_mult': 3.0, 'trail_atr_len': 14, 'tp_converts_to_trail': True, 'rsi': np.float64(68.3107399128955), 'atr': 3.84744100732522, 'exit_reason': 'sl', 'signal_time': Timestamp('2023-07-12 12:00:00+0000', tz='UTC')}"
2023-07-13 17:00:00+00:00,2023-07-14 14:00:00+00:00,1,1959.0349999999999,1954.4811830785954,1954.6561830785954,1971.8300440514975,0.45,-186.92176146319824,-0.6181254920725694,"{'trail_atr_mult': 3.0, 'trail_atr_len': 14, 'tp_converts_to_trail': True, 'rsi': np.float64(55.716159558341914), 'atr': 4.336681350499161, 'exit_reason': 'sl', 'signal_time': Timestamp('2023-07-13 16:00:00+0000', tz='UTC')}"
2023-07-14 18:00:00+00:00,2023-07-14 20:00:00+00:00,1,1960.495,1954.479413015492,1954.6544130154919,1971.5911739690164,0.52,-312.8105231944155,-1.0299627418381296,"{'trail_atr_mult': 3.0, 'trail_atr_len': 14, 'tp_converts_to_trail': True, 'rsi': np.float64(55.05517015165046), 'atr': 3.7637246563387845, 'exit_reason': 'sl', 'signal_time': Timestamp('2023-07-14 17:00:00+0000', tz='UTC')}"
2023-07-14 15:00:00+00:00,2023-07-16 23:00:00+00:00,1,1960.405,1954.1073984135228,1954.2823984135227,1972.1552031729545,0.49,-269.3824777373821,-0.897919211111097,"{'trail_atr_mult': 3.0, 'trail_atr_len': 14, 'tp_converts_to_trail': True, 'rsi': np.float64(55.38275133093559), 'atr': 3.971734390984808, 'exit_reason': 'sl', 'signal_time': Timestamp('2023-07-14 14:00:00+0000', tz='UTC')}"
2023-07-17 10:00:00+00:00,2023-07-17 13:00:00+00:00,1,1958.895,1953.1745524531848,1953.3495524531847,1969.4008950936307,0.54,-308.9041675280205,-1.031557416876201,"{'trail_atr_mult': 3.0, 'trail_atr_len': 14, 'tp_converts_to_trail': True, 'rsi': np.float64(57.01146125904822), 'atr': 3.5669650312101813, 'exit_reason': 'sl', 'signal_time': Timestamp('2023-07-17 09:00:00+0000', tz='UTC')}"
2023-07-18 02:00:00+00:00,2023-07-18 13:00:00+00:00,1,1957.325,1962.915,1966.432389644127,,0.63,352.16999999999484,1.1679424277154637,"{'trail_atr_mult': 3.0, 'trail_atr_len': 14, 'tp_converts_to_trail': True, 'rsi': np.float64(55.83076213941785), 'atr': 3.0874632147089254, 'exit_reason': 'sl_gap', 'signal_time': Timestamp('2023-07-18 01:00:00+0000', tz='UTC')}"
2023-07-19 13:00:00+00:00,2023-07-19 15:00:00+00:00,1,1977.735,1971.760398341913,1971.935398341913,1988.8092033161738,0.52,-310.6792862205157,-1.0301744861659485,"{'trail_atr_mult': 3.0, 'trail_atr_len': 14, 'tp_converts_to_trail': True, 'rsi': np.float64(59.49527729104167), 'atr': 3.749734438724588, 'exit_reason': 'sl', 'signal_time': Timestamp('2023-07-19 12:00:00+0000', tz='UTC')}"
2023-07-19 17:00:00+00:00,2023-07-20 13:00:00+00:00,1,1977.675,1977.6687979404705,1977.8437979404705,1990.2096042251467,0.46,54.914705261646944,0.18324392972222497,"{'trail_atr_mult': 3.0, 'trail_atr_len': 14, 'tp_converts_to_trail': True, 'rsi': np.float64(57.68470785763515), 'atr': 4.233201408382243, 'exit_reason': 'sl', 'signal_time': Timestamp('2023-07-19 16:00:00+0000', tz='UTC')}"
2023-07-20 09:00:00+00:00,2023-07-20 13:00:00+00:00,1,1981.7749999999999,1976.0590876584988,1976.2340876584988,1992.3618246830024,0.54,-308.6592664410569,-1.0315832464428676,"{'trail_atr_mult': 3.0, 'trail_atr_len': 14, 'tp_converts_to_trail': True, 'rsi': np.float64(56.80742024828682), 'atr': 3.583941561000808, 'exit_reason': 'sl', 'signal_time': Timestamp('2023-07-20 08:00:00+0000', tz='UTC')}"
2023-07-20 12:00:00+00:00,2023-07-20 13:00:00+00:00,1,1981.635,1976.1893970793449,1976.3643970793448,1991.6812058413104,0.57,-310.39936647734174,-1.0332030324868793,"{'trail_atr_mult': 3.0, 'trail_atr_len': 14, 'tp_converts_to_trail': True, 'rsi': np.float64(56.14504200828924), 'atr': 3.403735280436816, 'exit_reason': 'sl', 'signal_time': Timestamp('2023-07-20 11:00:00+0000', tz='UTC')}"
2023-07-26 06:00:00+00:00,2023-07-26 13:00:00+00:00,1,1965.115,1971.9650000000001,1973.7426027144882,,0.66,452.10000000000906,1.5117070042250138,"{'trail_atr_mult': 3.0, 'trail_atr_len': 14, 'tp_converts_to_trail': True, 'rsi': np.float64(56.62086989098064), 'atr': 2.9242009048293496, 'exit_reason': 'sl_gap', 'signal_time': Timestamp('2023-07-26 05:00:00+0000', tz='UTC')}"
2023-07-26 15:00:00+00:00,2023-07-27 04:00:00+00:00,1,1969.195,1979.125,1979.3821235255148,,0.56,623.2800000000036,2.0664449258565454,"{'trail_atr_mult': 3.0, 'trail_atr_len': 14, 'tp_converts_to_trail': True, 'rsi': np.float64(56.07362346926309), 'atr': 3.4607078418382886, 'exit_reason': 'sl_gap', 'signal_time': Timestamp('2023-07-26 14:00:00+0000', tz='UTC')}"
2023-07-27 11:00:00+00:00,2023-07-27 13:00:00+00:00,1,1976.365,1970.0443018967476,1970.2193018967475,1988.1313962065049,0.49,-309.71420705936885,-1.028475202826403,"{'trail_atr_mult': 3.0, 'trail_atr_len': 14, 'tp_converts_to_trail': True, 'rsi': np.float64(55.44549708067477), 'atr': 3.980465402168295, 'exit_reason': 'sl', 'signal_time': Timestamp('2023-07-27 10:00:00+0000', tz='UTC')}"
2023-08-24 15:00:00+00:00,2023-08-24 21:00:00+00:00,1,1921.5449999999998,1916.3279026747293,1916.5029026747293,1931.0741946505411,0.6,-313.0258395162309,-1.0347077790670303,"{'trail_atr_mult': 3.0, 'trail_atr_len': 14, 'tp_converts_to_trail': True, 'rsi': np.float64(63.67604468014541), 'atr': 3.238064883513765, 'exit_reason': 'sl', 'signal_time': Timestamp('2023-08-24 14:00:00+0000', tz='UTC')}"
2023-08-25 11:00:00+00:00,2023-08-25 14:00:00+00:00,1,1917.945,1913.972874529114,1914.147874529114,1925.014250941772,0.79,-313.7979121999849,-1.0460874946961192,"{'trail_atr_mult': 3.0, 'trail_atr_len': 14, 'tp_converts_to_trail': True, 'rsi': np.float64(56.7048774227713), 'atr': 2.4147503139239817, 'exit_reason': 'sl', 'signal_time': Timestamp('2023-08-25 10:00:00+0000', tz='UTC')}"
2023-08-28 13:00:00+00:00,2023-08-28 14:00:00+00:00,1,1917.305,1913.2089756747396,1913.3839756747395,1924.7120486505212,0.76,-311.297848719797,-1.04463119467853,"{'trail_atr_mult': 3.0, 'trail_atr_len': 14, 'tp_converts_to_trail': True, 'rsi': np.float64(57.853864274085545), 'atr': 2.517349550173678, 'exit_reason': 'sl', 'signal_time': Timestamp('2023-08-28 12:00:00+0000', tz='UTC')}"
2023-08-29 15:00:00+00:00,2023-08-30 14:00:00+00:00,1,1934.335,1944.801465422247,1944.976465422247,,0.53,575.9226673790902,1.9358658337313588,"{'trail_atr_mult': 3.0, 'trail_atr_len': 14, 'tp_converts_to_trail': True, 'rsi': np.float64(71.06435958902233), 'atr': 3.612155140748952, 'exit_reason': 'sl', 'signal_time': Timestamp('2023-08-29 14:00:00+0000', tz='UTC')}"
2023-09-01 08:00:00+00:00,2023-09-01 14:00:00+00:00,1,1943.315,1949.765,1950.1627103102976,,0.81,522.4500000000037,1.7496957641184896,"{'trail_atr_mult': 3.0, 'trail_atr_len': 14, 'tp_converts_to_trail': True, 'rsi': np.float64(55.803258259196085), 'atr': 2.3409034367658506, 'exit_reason': 'sl_gap', 'signal_time': Timestamp('2023-09-01 07:00:00+0000', tz='UTC')}"
2023-09-04 03:00:00+00:00,2023-09-04 10:00:00+00:00,1,1945.885,1941.2567674952315,1941.4317674952315,1954.2664650095373,0.68,-314.7198103242545,-1.0392972969214083,"{'trail_atr_mult': 3.0, 'trail_atr_len': 14, 'tp_converts_to_trail': True, 'rsi': np.float64(60.25156675283123), 'atr': 2.852155003179086, 'exit_reason': 'sl', 'signal_time': Timestamp('2023-09-04 02:00:00+0000', tz='UTC')}"
2023-09-18 15:00:00+00:00,2023-09-19 11:00:00+00:00,1,1927.0349999999999,1935.035,1935.3106593145785,,0.69,579.6000000000157,1.915477434185087,"{'trail_atr_mult': 3.0, 'trail_atr_len': 14, 'tp_converts_to_trail': True, 'rsi': np.float64(57.84061802789254), 'atr': 2.8135531048595315, 'exit_reason': 'sl_gap', 'signal_time': Timestamp('2023-09-18 14:00:00+0000', tz='UTC')}"
2023-09-19 08:00:00+00:00,2023-09-19 15:00:00+00:00,1,1934.645,1931.0948021174158,1931.2698021174158,1940.8703957651683,0.89,-315.96761154998876,-1.0518488118586895,"{'trail_atr_mult': 3.0, 'trail_atr_len': 14, 'tp_converts_to_trail': True, 'rsi': np.float64(65.63448376479053), 'atr': 2.133465255056118, 'exit_reason': 'sl', 'signal_time': Timestamp('2023-09-19 07:00:00+0000', tz='UTC')}"
2023-09-20 11:00:00+00:00,2023-09-20 20:00:00+00:00,1,1932.695,1938.3323497736073,1938.5073497736073,,0.98,552.4602778135263,1.8374430670809554,"{'trail_atr_mult': 3.0, 'trail_atr_len': 14, 'tp_converts_to_trail': True, 'rsi': np.float64(55.620228048492926), 'atr': 1.9220270099264456, 'exit_reason': 'sl', 'signal_time': Timestamp('2023-09-20 10:00:00+0000', tz='UTC')}"
2023-09-20 14:00:00+00:00,2023-09-20 20:00:00+00:00,1,1940.7849999999999,1938.3323497736073,1938.5073497736073,1948.7120882005916,0.73,-179.043466526653,-0.5951526279994311,"{'trail_atr_mult': 3.0, 'trail_atr_len': 14, 'tp_converts_to_trail': True, 'rsi': np.float64(73.92762738332108), 'atr': 2.6773627335305097, 'exit_reason': 'sl', 'signal_time': Timestamp('2023-09-20 13:00:00+0000', tz='UTC')}"
2023-10-10 19:00:00+00:00,2023-10-11 11:00:00+00:00,1,1859.585,1870.295,1870.7642069407902,,0.51,566.6100000000018,1.8839757612826613,"{'trail_atr_mult': 3.0, 'trail_atr_len': 14, 'tp_converts_to_trail': True, 'rsi': np.float64(55.32359063766891), 'atr': 3.7947356469300266, 'exit_reason': 'sl_gap', 'signal_time': Timestamp('2023-10-10 18:00:00+0000', tz='UTC')}"
2023-10-10 16:00:00+00:00,2023-10-11 12:00:00+00:00,1,1861.5049999999999,1872.6977008855383,1872.8727008855383,,0.5,579.6350442769221,1.9349061611860103,"{'trail_atr_mult': 3.0, 'trail_atr_len': 14, 'tp_converts_to_trail': True, 'rsi': np.float64(60.48534646810432), 'atr': 3.857566961846109, 'exit_reason': 'sl', 'signal_time': Timestamp('2023-10-10 15:00:00+0000', tz='UTC')}"
2023-10-11 07:00:00+00:00,2023-10-11 12:00:00+00:00,1,1862.715,1871.0123503853238,1871.1873503853237,,0.68,564.219826202022,1.8567808192792694,"{'trail_atr_mult': 3.0, 'trail_atr_len': 14, 'tp_converts_to_trail': True, 'rsi': np.float64(60.44938949382564), 'atr': 2.8757834617746143, 'exit_reason': 'sl', 'signal_time': Timestamp('2023-10-11 06:00:00+0000', tz='UTC')}"
2023-10-13 05:00:00+00:00,2023-10-13 10:00:00+00:00,1,1876.5249999999999,1883.645,1884.8017540133199,,0.7,498.4000000000083,1.617859346949592,"{'trail_atr_mult': 3.0, 'trail_atr_len': 14, 'tp_converts_to_trail': True, 'rsi': np.float64(59.09625757588736), 'atr': 2.8172513377733006, 'exit_reason': 'sl_gap', 'signal_time': Timestamp('2023-10-13 04:00:00+0000', tz='UTC')}"
2023-10-16 10:00:00+00:00,2023-10-17 03:00:00+00:00,1,1916.365,1912.6522168153467,1912.8272168153467,1930.6185669965382,0.42,-139.13689375543817,-0.4483226533979066,"{'trail_atr_mult': 3.0, 'trail_atr_len': 14, 'tp_converts_to_trail': True, 'rsi': np.float64(58.08685869191111), 'atr': 4.809522332179376, 'exit_reason': 'sl', 'signal_time': Timestamp('2023-10-16 09:00:00+0000', tz='UTC')}"
2023-10-17 08:00:00+00:00,2023-10-17 15:00:00+00:00,1,1920.175,1927.7350000000001,1931.0281826163605,,0.55,415.80000000000956,1.3538460570881914,"{'trail_atr_mult': 3.0, 'trail_atr_len': 14, 'tp_converts_to_trail': True, 'rsi': np.float64(58.298811089331316), 'atr': 3.6527275387868383, 'exit_reason': 'sl_gap', 'signal_time': Timestamp('2023-10-17 07:00:00+0000', tz='UTC')}"
2023-10-17 23:00:00+00:00,2023-10-18 03:00:00+00:00,1,1925.085,1937.1264734585047,1937.3014734585047,,0.48,597.1907260082255,1.9346886651275763,"{'trail_atr_mult': 3.0, 'trail_atr_len': 14, 'tp_converts_to_trail': True, 'rsi': np.float64(57.769026325779635), 'atr': 4.143824486168283, 'exit_reason': 'sl', 'signal_time': Timestamp('2023-10-17 22:00:00+0000', tz='UTC')}"
2023-10-19 16:00:00+00:00,2023-10-19 19:00:00+00:00,1,1956.345,1971.4756464001528,1971.6506464001527,,0.39,590.0952096059564,1.9188365544745611,"{'trail_atr_mult': 3.0, 'trail_atr_len': 14, 'tp_converts_to_trail': True, 'rsi': np.float64(63.2749953096157), 'atr': 5.153548800050849, 'exit_reason': 'sl', 'signal_time': Timestamp('2023-10-19 15:00:00+0000', tz='UTC')}"
2023-10-19 05:00:00+00:00,2023-10-20 18:00:00+00:00,1,1948.345,1979.1214271107388,1979.2964271107387,,0.4,1247.0570844295491,4.062174776724142,"{'trail_atr_mult': 3.0, 'trail_atr_len': 14, 'tp_converts_to_trail': True, 'rsi': np.float64(56.14109213292415), 'atr': 4.979874566267118, 'exit_reason': 'sl', 'signal_time': Timestamp('2023-10-19 04:00:00+0000', tz='UTC')}"
2023-10-19 07:00:00+00:00,2023-10-20 18:00:00+00:00,1,1948.175,1979.1214271107388,1979.2964271107387,,0.43,1347.8963657617683,4.317042860771916,"{'trail_atr_mult': 3.0, 'trail_atr_len': 14, 'tp_converts_to_trail': True, 'rsi': np.float64(55.67147137536075), 'atr': 4.737391845403789, 'exit_reason': 'sl', 'signal_time': Timestamp('2023-10-19 06:00:00+0000', tz='UTC')}"
2023-10-22 22:00:00+00:00,2023-10-22 23:00:00+00:00,1,1968.245,1967.895,1971.5601058629102,1999.57978827418,0.97,-33.94999999999118,-0.10557732225560025,"{'trail_atr_mult': 3.0, 'trail_atr_len': 14, 'tp_converts_to_trail': True, 'rsi': np.float64(55.89994668691337), 'atr': 6.226596091393298, 'exit_reason': 'sl_gap', 'signal_time': Timestamp('2023-10-20 20:00:00+0000', tz='UTC')}"
2023-10-23 08:00:00+00:00,2023-10-23 14:00:00+00:00,1,1979.635,1970.6639838096085,1970.8389838096084,1996.7320323807833,0.36,-322.95658285409536,-1.0198953703826872,"{'trail_atr_mult': 3.0, 'trail_atr_len': 14, 'tp_converts_to_trail': True, 'rsi': np.float64(56.328889574650084), 'atr': 5.754010793594384, 'exit_reason': 'sl', 'signal_time': Timestamp('2023-10-23 07:00:00+0000', tz='UTC')}"
2023-10-23 12:00:00+00:00,2023-10-23 14:00:00+00:00,1,1979.5349999999999,1971.2741468811494,1971.4491468811493,1995.2717062377014,0.39,-322.17327163516916,-1.021642737931014,"{'trail_atr_mult': 3.0, 'trail_atr_len': 14, 'tp_converts_to_trail': True, 'rsi': np.float64(55.130315275751926), 'atr': 5.29390207923379, 'exit_reason': 'sl', 'signal_time': Timestamp('2023-10-23 11:00:00+0000', tz='UTC')}"
2023-10-25 02:00:00+00:00,2023-10-25 08:00:00+00:00,1,1976.175,1969.090934768362,1969.265934768362,1989.5281304632758,0.46,-325.86700065534114,-1.025329041503125,"{'trail_atr_mult': 3.0, 'trail_atr_len': 14, 'tp_converts_to_trail': True, 'rsi': np.float64(57.01052391144428), 'atr': 4.502710154425319, 'exit_reason': 'sl', 'signal_time': Timestamp('2023-10-25 01:00:00+0000', tz='UTC')}"
2023-10-25 12:00:00+00:00,2023-10-25 15:00:00+00:00,1,1974.945,1984.945,1987.2764257840058,,0.49,490.00000000000006,1.5377014663471145,"{'trail_atr_mult': 3.0, 'trail_atr_len': 14, 'tp_converts_to_trail': True, 'rsi': np.float64(55.379342942560164), 'atr': 4.185475261335253, 'exit_reason': 'sl_gap', 'signal_time': Timestamp('2023-10-25 11:00:00+0000', tz='UTC')}"
2023-10-25 23:00:00+00:00,2023-10-26 13:00:00+00:00,1,1982.205,1979.331730104951,1979.506730104951,1999.4176861822766,0.36,-60.237716221760635,-0.1880322956492155,"{'trail_atr_mult': 3.0, 'trail_atr_len': 14, 'tp_converts_to_trail': True, 'rsi': np.float64(58.04538853331161), 'atr': 5.802562060758887, 'exit_reason': 'sl', 'signal_time': Timestamp('2023-10-25 22:00:00+0000', tz='UTC')}"
2023-10-27 03:00:00+00:00,2023-10-27 12:00:00+00:00,1,1986.835,1979.9492730243426,1980.1242730243425,1999.7914539513154,0.47,-323.62916785590073,-1.0260776515919587,"{'trail_atr_mult': 3.0, 'trail_atr_len': 14, 'tp_converts_to_trail': True, 'rsi': np.float64(56.439421412609995), 'atr': 4.370484650438409, 'exit_reason': 'sl', 'signal_time': Timestamp('2023-10-27 02:00:00+0000', tz='UTC')}"
2023-10-26 18:00:00+00:00,2023-10-27 13:00:00+00:00,1,1987.145,1978.676300261219,1978.851300261219,2003.7650959433568,0.37,-298.54189033489587,-0.9395813293144336,"{'trail_atr_mult': 3.0, 'trail_atr_len': 14, 'tp_converts_to_trail': True, 'rsi': np.float64(57.24951323284961), 'atr': 5.601698647785609, 'exit_reason': 'sl', 'signal_time': Timestamp('2023-10-26 17:00:00+0000', tz='UTC')}"
2023-10-27 18:00:00+00:00,2023-10-30 06:00:00+00:00,1,1996.935,1995.4328203082866,1995.6078203082866,2012.2908114403501,0.4,-12.087187668532358,-0.03791271138788081,"{'trail_atr_mult': 3.0, 'trail_atr_len': 14, 'tp_converts_to_trail': True, 'rsi': np.float64(67.58167247298945), 'atr': 5.183603813450019, 'exit_reason': 'sl', 'signal_time': Timestamp('2023-10-27 17:00:00+0000', tz='UTC')}"
2023-10-30 15:00:00+00:00,2023-10-31 04:00:00+00:00,1,1999.335,1991.3442352289599,1991.5192352289598,2014.4415295420806,0.4,-303.63059084160705,-0.971212030224638,"{'trail_atr_mult': 3.0, 'trail_atr_len': 14, 'tp_converts_to_trail': True, 'rsi': np.float64(56.41722150585652), 'atr': 5.093843180693543, 'exit_reason': 'sl', 'signal_time': Timestamp('2023-10-30 14:00:00+0000', tz='UTC')}"
2023-10-30 13:00:00+00:00,2023-10-31 04:00:00+00:00,1,1998.725,1991.212337898675,1991.387337898675,2012.78532420265,0.43,-305.84447035696854,-0.9693362821981923,"{'trail_atr_mult': 3.0, 'trail_atr_len': 14, 'tp_converts_to_trail': True, 'rsi': np.float64(55.79920087439043), 'atr': 4.755108067549942, 'exit_reason': 'sl', 'signal_time': Timestamp('2023-10-30 12:00:00+0000', tz='UTC')}"
2023-10-31 09:00:00+00:00,2023-10-31 15:00:00+00:00,1,1997.645,1998.925,2007.9131174013403,,0.59,75.51999999999839,0.24053103084980587,"{'trail_atr_mult': 3.0, 'trail_atr_len': 14, 'tp_converts_to_trail': True, 'rsi': np.float64(55.77551641746042), 'atr': 3.464372467113471, 'exit_reason': 'sl_gap', 'signal_time': Timestamp('2023-10-31 08:00:00+0000', tz='UTC')}"
2023-10-31 13:00:00+00:00,2023-10-31 15:00:00+00:00,1,2002.695,1996.219028840852,1996.394028840852,2014.7119423182965,0.5,-323.79855795740013,-1.0277734964309242,"{'trail_atr_mult': 3.0, 'trail_atr_len': 14, 'tp_converts_to_trail': True, 'rsi': np.float64(62.14632287516824), 'atr': 4.070647439432119, 'exit_reason': 'sl', 'signal_time': Timestamp('2023-10-31 12:00:00+0000', tz='UTC')}"
2023-11-03 08:00:00+00:00,2023-11-03 13:00:00+00:00,1,1988.7549999999999,1997.929407897156,1998.1044078971559,,0.64,587.162105417985,1.8638821131755008,"{'trail_atr_mult': 3.0, 'trail_atr_len': 14, 'tp_converts_to_trail': True, 'rsi': np.float64(57.7217538393079), 'atr': 3.1714692990519673, 'exit_reason': 'sl', 'signal_time': Timestamp('2023-11-03 07:00:00+0000', tz='UTC')}"
2023-11-03 12:00:00+00:00,2023-11-03 13:00:00+00:00,1,2000.385,1993.9156995268813,1994.0906995268813,2012.3586009462374,0.5,-323.46502365593324,-1.0278029307223786,"{'trail_atr_mult': 3.0, 'trail_atr_len': 14, 'tp_converts_to_trail': True, 'rsi': np.float64(74.16431457606964), 'atr': 4.059533648745805, 'exit_reason': 'sl', 'signal_time': Timestamp('2023-11-03 11:00:00+0000', tz='UTC')}"
2023-11-03 17:00:00+00:00,2023-11-06 03:00:00+00:00,1,1993.2749999999999,1985.3646194934297,1985.5396194934297,2008.2807610131404,0.41,-275.12560076937666,-0.867491974166049,"{'trail_atr_mult': 3.0, 'trail_atr_len': 14, 'tp_converts_to_trail': True, 'rsi': np.float64(57.220899342118365), 'atr': 5.053587004380187, 'exit_reason': 'sl', 'signal_time': Timestamp('2023-11-03 16:00:00+0000', tz='UTC')}"
2023-11-20 23:00:00+00:00,2023-11-21 04:00:00+00:00,1,1981.385,1992.645878193151,1992.820878193151,,0.53,618.0265442370046,1.9498364593041626,"{'trail_atr_mult': 3.0, 'trail_atr_len': 14, 'tp_converts_to_trail': True, 'rsi': np.float64(57.55352303226696), 'atr': 3.870292731050331, 'exit_reason': 'sl', 'signal_time': Timestamp('2023-11-20 22:00:00+0000', tz='UTC')}"
2023-11-21 12:00:00+00:00,2023-11-21 16:00:00+00:00,1,1989.2749999999999,2000.8807249384524,2001.0557249384524,,0.51,591.891971861081,1.8908414772472857,"{'trail_atr_mult': 3.0, 'trail_atr_len': 14, 'tp_converts_to_trail': True, 'rsi': np.float64(57.816410169927), 'atr': 3.9819083128175286, 'exit_reason': 'sl', 'signal_time': Timestamp('2023-11-21 11:00:00+0000', tz='UTC')}"
2023-11-21 10:00:00+00:00,2023-11-21 16:00:00+00:00,1,1988.7749999999999,2000.9615212303952,2001.1365212303951,,0.49,597.1395402893711,1.9046615890340388,"{'trail_atr_mult': 3.0, 'trail_atr_len': 14, 'tp_converts_to_trail': True, 'rsi': np.float64(57.64996977874732), 'atr': 4.16884041013166, 'exit_reason': 'sl', 'signal_time': Timestamp('2023-11-21 09:00:00+0000', tz='UTC')}"
2023-11-22 14:00:00+00:00,2023-11-22 15:00:00+00:00,1,2001.935,1995.6690727047035,1995.8440727047034,2013.621854590593,0.52,-325.8282193554169,-1.0287312574121663,"{'trail_atr_mult': 3.0, 'trail_atr_len': 14, 'tp_converts_to_trail': True, 'rsi': np.float64(57.720591813328596), 'atr': 3.950618196864339, 'exit_reason': 'sl', 'signal_time': Timestamp('2023-11-22 13:00:00+0000', tz='UTC')}"
2023-11-22 02:00:00+00:00,2023-11-22 15:00:00+00:00,1,1996.845,1994.9574053268864,1995.1324053268863,2008.0574950543487,0.54,-101.93011234813731,-0.32163501060038097,"{'trail_atr_mult': 3.0, 'trail_atr_len': 14, 'tp_converts_to_trail': True, 'rsi': np.float64(55.68493970303903), 'atr': 3.795831684782889, 'exit_reason': 'sl', 'signal_time': Timestamp('2023-11-22 01:00:00+0000', tz='UTC')}"
2023-11-23 03:00:00+00:00,2023-11-23 09:00:00+00:00,1,1997.955,1992.001418851577,1992.176418851577,2008.9271622968463,0.55,-327.446963163261,-1.0302842506672618,"{'trail_atr_mult': 3.0, 'trail_atr_len': 14, 'tp_converts_to_trail': True, 'rsi': np.float64(56.2473507145601), 'atr': 3.7223874322820816, 'exit_reason': 'sl', 'signal_time': Timestamp('2023-11-23 02:00:00+0000', tz='UTC')}"
2023-11-24 10:00:00+00:00,2023-11-24 15:00:00+00:00,1,1995.905,2000.9550000000002,2002.6971602790857,,0.86,434.30000000001564,1.369090492534711,"{'trail_atr_mult': 3.0, 'trail_atr_len': 14, 'tp_converts_to_trail': True, 'rsi': np.float64(57.78132291004658), 'atr': 2.329053426361869, 'exit_reason': 'sl_gap', 'signal_time': Timestamp('2023-11-24 09:00:00+0000', tz='UTC')}"
2023-11-28 08:00:00+00:00,2023-11-28 15:00:00+00:00,1,2015.5349999999999,2024.865760341528,2025.0407603415279,,0.63,587.837901516267,1.8493671489011096,"{'trail_atr_mult': 3.0, 'trail_atr_len': 14, 'tp_converts_to_trail': True, 'rsi': np.float64(59.64592332402144), 'atr': 3.233586780509334, 'exit_reason': 'sl', 'signal_time': Timestamp('2023-11-28 07:00:00+0000', tz='UTC')}"
2023-11-28 13:00:00+00:00,2023-11-29 09:00:00+00:00,1,2021.635,2039.980709316046,2040.1557093160459,,0.59,1105.9968496467104,3.4798939406903724,"{'trail_atr_mult': 3.0, 'trail_atr_len': 14, 'tp_converts_to_trail': True, 'rsi': np.float64(69.4257873637116), 'atr': 3.4345748358118406, 'exit_reason': 'sl', 'signal_time': Timestamp('2023-11-28 12:00:00+0000', tz='UTC')}"
2023-11-30 02:00:00+00:00,2023-11-30 08:00:00+00:00,1,2046.085,2039.9168999095677,2040.0918999095677,2057.456200180865,0.54,-333.07740488334366,-1.0292002465100376,"{'trail_atr_mult': 3.0, 'trail_atr_len': 14, 'tp_converts_to_trail': True, 'rsi': np.float64(58.27528051314648), 'atr': 3.858733393621546, 'exit_reason': 'sl', 'signal_time': Timestamp('2023-11-30 01:00:00+0000', tz='UTC')}"
2023-11-30 06:00:00+00:00,2023-11-30 08:00:00+00:00,1,2045.935,2039.885252194845,2040.060252194845,2057.03949561031,0.55,-332.73612928352463,-1.0297885127675428,"{'trail_atr_mult': 3.0, 'trail_atr_len': 14, 'tp_converts_to_trail': True, 'rsi': np.float64(56.392609409414284), 'atr': 3.773165203436697, 'exit_reason': 'sl', 'signal_time': Timestamp('2023-11-30 05:00:00+0000', tz='UTC')}"
2023-11-29 11:00:00+00:00,2023-11-30 10:00:00+00:00,1,2040.225,2038.1132354965891,2038.288235496589,2052.059659851548,0.52,-47.41175417735996,-0.14753876957164874,"{'trail_atr_mult': 3.0, 'trail_atr_len': 14, 'tp_converts_to_trail': True, 'rsi': np.float64(57.5033469883536), 'atr': 4.003219950516081, 'exit_reason': 'sl', 'signal_time': Timestamp('2023-11-29 10:00:00+0000', tz='UTC')}"
2023-11-29 14:00:00+00:00,2023-11-30 10:00:00+00:00,1,2044.455,2038.1132354965891,2038.288235496589,2057.5011015648142,0.48,-246.80469616371775,-0.7645120332539385,"{'trail_atr_mult': 3.0, 'trail_atr_len': 14, 'tp_converts_to_trail': True, 'rsi': np.float64(62.26870822457562), 'atr': 4.39370052160483, 'exit_reason': 'sl', 'signal_time': Timestamp('2023-11-29 13:00:00+0000', tz='UTC')}"
2023-12-01 08:00:00+00:00,2023-12-01 11:00:00+00:00,1,2045.5249999999999,2039.6428594607196,2039.8178594607195,2056.4142810785606,0.56,-329.3998701996952,-1.0306633416148576,"{'trail_atr_mult': 3.0, 'trail_atr_len': 14, 'tp_converts_to_trail': True, 'rsi': np.float64(62.00615195704609), 'atr': 3.688093692853525, 'exit_reason': 'sl', 'signal_time': Timestamp('2023-12-01 07:00:00+0000', tz='UTC')}"
2023-12-01 00:00:00+00:00,2023-12-01 11:00:00+00:00,1,2042.0249999999999,2038.3260247127657,2038.5010247127657,2053.9586983384397,0.53,-196.0456902234091,-0.6084492244601349,"{'trail_atr_mult': 3.0, 'trail_atr_len': 14, 'tp_converts_to_trail': True, 'rsi': np.float64(55.865889751977306), 'atr': 4.0028994461465786, 'exit_reason': 'sl', 'signal_time': Timestamp('2023-11-30 23:00:00+0000', tz='UTC')}"
2023-12-01 15:00:00+00:00,2023-12-04 00:00:00+00:00,1,2049.5950000000003,2112.6212796947966,2112.796279694797,,0.42,2697.503747181447,8.442770554893695,"{'trail_atr_mult': 3.0, 'trail_atr_len': 14, 'tp_converts_to_trail': True, 'rsi': np.float64(63.10174878481655), 'atr': 4.888167724066892, 'exit_reason': 'sl', 'signal_time': Timestamp('2023-12-01 14:00:00+0000', tz='UTC')}"
2023-12-08 02:00:00+00:00,2023-12-08 13:00:00+00:00,1,2032.675,2025.7203515831538,2025.8953515831538,2045.7092968336924,0.48,-333.8231240086134,-1.025812547973006,"{'trail_atr_mult': 3.0, 'trail_atr_len': 14, 'tp_converts_to_trail': True, 'rsi': np.float64(55.419813538681154), 'atr': 4.403098944564149, 'exit_reason': 'sl', 'signal_time': Timestamp('2023-12-08 01:00:00+0000', tz='UTC')}"
2023-12-18 17:00:00+00:00,2023-12-18 18:00:00+00:00,1,2033.585,2025.75689587086,2025.93189587086,2048.3662082582805,0.43,-336.60847755302007,-1.0228665384720983,"{'trail_atr_mult': 3.0, 'trail_atr_len': 14, 'tp_converts_to_trail': True, 'rsi': np.float64(62.893003817718785), 'atr': 4.985402752760065, 'exit_reason': 'sl', 'signal_time': Timestamp('2023-12-18 16:00:00+0000', tz='UTC')}"
2023-12-19 12:00:00+00:00,2023-12-19 15:00:00+00:00,1,2029.715,2040.2020394242609,2040.3770394242608,,0.58,608.2482866071354,1.8748551831360225,"{'trail_atr_mult': 3.0, 'trail_atr_len': 14, 'tp_converts_to_trail': True, 'rsi': np.float64(59.192126090715874), 'atr': 3.6123464747536085, 'exit_reason': 'sl', 'signal_time': Timestamp('2023-12-19 11:00:00+0000', tz='UTC')}"
2023-12-21 12:00:00+00:00,2023-12-21 13:00:00+00:00,1,2038.155,2032.6189133296677,2032.7939133296677,2048.382173340665,0.61,-337.7012868902657,-1.0326426358611935,"{'trail_atr_mult': 3.0, 'trail_atr_len': 14, 'tp_converts_to_trail': True, 'rsi': np.float64(56.27043782135903), 'atr': 3.4640577802215704, 'exit_reason': 'sl', 'signal_time': Timestamp('2023-12-21 11:00:00+0000', tz='UTC')}"
2023-12-21 03:00:00+00:00,2023-12-22 00:00:00+00:00,1,2037.615,2048.2866833390653,2048.4616833390655,,0.57,631.0859503267243,1.93701714973686,"{'trail_atr_mult': 3.0, 'trail_atr_len': 14, 'tp_converts_to_trail': True, 'rsi': np.float64(55.12034731695487), 'atr': 3.6805611130218847, 'exit_reason': 'sl', 'signal_time': Timestamp('2023-12-21 02:00:00+0000', tz='UTC')}"
2023-12-21 19:00:00+00:00,2023-12-22 13:00:00+00:00,1,2044.055,2057.7359807423118,2057.910980742312,,0.45,633.6441334040267,1.9542015903148382,"{'trail_atr_mult': 3.0, 'trail_atr_len': 14, 'tp_converts_to_trail': True, 'rsi': np.float64(63.76828912591771), 'atr': 4.680326914104059, 'exit_reason': 'sl', 'signal_time': Timestamp('2023-12-21 18:00:00+0000', tz='UTC')}"
2023-12-26 01:00:00+00:00,2023-12-26 14:00:00+00:00,1,2063.5350000000003,2055.3846034524313,2055.5596034524315,2079.020793095138,0.41,-334.1662584503297,-1.021942482603392,"{'trail_atr_mult': 3.0, 'trail_atr_len': 14, 'tp_converts_to_trail': True, 'rsi': np.float64(63.660865871445424), 'atr': 5.213597698379228, 'exit_reason': 'sl', 'signal_time': Timestamp('2023-12-26 00:00:00+0000', tz='UTC')}"
2023-12-27 11:00:00+00:00,2023-12-27 16:00:00+00:00,1,2068.3250000000003,2078.479722150641,2078.654722150641,,0.61,619.438051189085,1.8710238750865933,"{'trail_atr_mult': 3.0, 'trail_atr_len': 14, 'tp_converts_to_trail': True, 'rsi': np.float64(59.382592415109904), 'atr': 3.5015740502136907, 'exit_reason': 'sl', 'signal_time': Timestamp('2023-12-27 10:00:00+0000', tz='UTC')}"
2023-12-22 18:00:00+00:00,2023-12-28 08:00:00+00:00,1,2057.395,2076.8833129126624,2077.0583129126626,,0.38,862.1558906811721,2.6284051927917647,"{'trail_atr_mult': 3.0, 'trail_atr_len': 14, 'tp_converts_to_trail': True, 'rsi': np.float64(56.84413910080859), 'atr': 5.617979528393186, 'exit_reason': 'sl', 'signal_time': Timestamp('2023-12-22 17:00:00+0000', tz='UTC')}"
2023-12-26 19:00:00+00:00,2023-12-28 08:00:00+00:00,1,2061.875,2076.8833129126624,2077.0583129126626,,0.55,913.4572101964322,2.798254520074176,"{'trail_atr_mult': 3.0, 'trail_atr_len': 14, 'tp_converts_to_trail': True, 'rsi': np.float64(55.80502287918852), 'atr': 3.8268268465257544, 'exit_reason': 'sl', 'signal_time': Timestamp('2023-12-26 18:00:00+0000', tz='UTC')}"
2024-01-15 15:00:00+00:00,2024-01-16 08:00:00+00:00,1,2053.3050000000003,2047.034421011323,2047.209421011323,2065.271157977354,0.49,-287.6583704451849,-0.9630880019079419,"{'trail_atr_mult': 3.0, 'trail_atr_len': 14, 'tp_converts_to_trail': True, 'rsi': np.float64(56.3833893326199), 'atr': 4.0137193257846855, 'exit_reason': 'sl', 'signal_time': Timestamp('2024-01-15 14:00:00+0000', tz='UTC')}"
2024-01-31 12:00:00+00:00,2024-01-31 16:00:00+00:00,1,2038.565,2048.1068196297433,2048.2818196297435,,0.58,553.425538525109,1.857863547781502,"{'trail_atr_mult': 3.0, 'trail_atr_len': 14, 'tp_converts_to_trail': True, 'rsi': np.float64(56.89172544926606), 'atr': 3.3006065432478002, 'exit_reason': 'sl', 'signal_time': Timestamp('2024-01-31 11:00:00+0000', tz='UTC')}"
2024-01-31 08:00:00+00:00,2024-01-31 16:00:00+00:00,1,2039.2949999999998,2049.8968298692703,2050.0718298692705,,0.53,561.8969830713329,1.8911863617068658,"{'trail_atr_mult': 3.0, 'trail_atr_len': 14, 'tp_converts_to_trail': True, 'rsi': np.float64(59.17019845186655), 'atr': 3.6406099564234875, 'exit_reason': 'sl', 'signal_time': Timestamp('2024-01-31 07:00:00+0000', tz='UTC')}"
2024-02-01 02:00:00+00:00,2024-02-01 08:00:00+00:00,1,2047.125,2038.7495499265285,2038.9245499265285,2063.090900146943,0.36,-301.5162026449734,-1.0213402921098294,"{'trail_atr_mult': 3.0, 'trail_atr_len': 14, 'tp_converts_to_trail': True, 'rsi': np.float64(59.23034452792767), 'atr': 5.3703000489810275, 'exit_reason': 'sl', 'signal_time': Timestamp('2024-02-01 01:00:00+0000', tz='UTC')}"
2024-02-01 14:00:00+00:00,2024-02-01 17:00:00+00:00,1,2046.495,2059.2149999999997,2063.0115709042334,,0.34,432.4799999999932,1.44204845124618,"{'trail_atr_mult': 3.0, 'trail_atr_len': 14, 'tp_converts_to_trail': True, 'rsi': np.float64(57.83166665766157), 'atr': 5.630523634744501, 'exit_reason': 'sl_gap', 'signal_time': Timestamp('2024-02-01 13:00:00+0000', tz='UTC')}"
2024-02-08 00:00:00+00:00,2024-02-08 03:00:00+00:00,1,2037.435,2032.136154409005,2032.311154409005,2047.1276911819898,0.59,-312.6318898687,-1.034154034678077,"{'trail_atr_mult': 3.0, 'trail_atr_len': 14, 'tp_converts_to_trail': True, 'rsi': np.float64(56.08774194404036), 'atr': 3.2925637273299624, 'exit_reason': 'sl', 'signal_time': Timestamp('2024-02-07 23:00:00+0000', tz='UTC')}"
2024-02-21 01:00:00+00:00,2024-02-21 15:00:00+00:00,1,2025.5049999999999,2024.1522051042496,2024.3272051042495,2033.333451758329,0.72,-97.40123249402313,-0.3250562230739604,"{'trail_atr_mult': 3.0, 'trail_atr_len': 14, 'tp_converts_to_trail': True, 'rsi': np.float64(57.076271848219136), 'atr': 2.6644839194429846, 'exit_reason': 'sl', 'signal_time': Timestamp('2024-02-21 00:00:00+0000', tz='UTC')}"
2024-02-21 09:00:00+00:00,2024-02-21 15:00:00+00:00,1,2028.335,2023.9428256699443,2024.1178256699443,2036.2743486601116,0.71,-311.8443774339544,-1.0414969802772278,"{'trail_atr_mult': 3.0, 'trail_atr_len': 14, 'tp_converts_to_trail': True, 'rsi': np.float64(57.02351842617392), 'atr': 2.7014495533705207, 'exit_reason': 'sl', 'signal_time': Timestamp('2024-02-21 08:00:00+0000', tz='UTC')}"
2024-02-22 04:00:00+00:00,2024-02-22 13:00:00+00:00,1,2029.0049999999999,2025.9325532455896,2026.1075532455895,2037.5733687376996,0.65,-199.7090390366691,-0.6669540407817117,"{'trail_atr_mult': 3.0, 'trail_atr_len': 14, 'tp_converts_to_trail': True, 'rsi': np.float64(56.96266566463628), 'atr': 2.9277895792332234, 'exit_reason': 'sl', 'signal_time': Timestamp('2024-02-22 03:00:00+0000', tz='UTC')}"
2024-02-26 07:00:00+00:00,2024-02-26 14:00:00+00:00,1,2035.165,2030.0853206792399,2030.2603206792398,2044.56935864152,0.61,-309.8604385663648,-1.0356802124165854,"{'trail_atr_mult': 3.0, 'trail_atr_len': 14, 'tp_converts_to_trail': True, 'rsi': np.float64(58.853660747944645), 'atr': 3.179786213840018, 'exit_reason': 'sl', 'signal_time': Timestamp('2024-02-26 06:00:00+0000', tz='UTC')}"
2024-02-26 05:00:00+00:00,2024-02-26 14:00:00+00:00,1,2033.175,2027.9585671782902,2028.1335671782901,2042.7928656434194,0.59,-307.7695364808758,-1.034712353846382,"{'trail_atr_mult': 3.0, 'trail_atr_len': 14, 'tp_converts_to_trail': True, 'rsi': np.float64(55.331862528879164), 'atr': 3.257621881139825, 'exit_reason': 'sl', 'signal_time': Timestamp('2024-02-26 04:00:00+0000', tz='UTC')}"
2024-02-27 03:00:00+00:00,2024-02-27 17:00:00+00:00,1,2033.565,2031.1996856122528,2031.3746856122527,2041.6336645261924,0.69,-163.206692754562,-0.5504786416872897,"{'trail_atr_mult': 3.0, 'trail_atr_len': 14, 'tp_converts_to_trail': True, 'rsi': np.float64(56.099679156049525), 'atr': 2.747888175397435, 'exit_reason': 'sl', 'signal_time': Timestamp('2024-02-27 02:00:00+0000', tz='UTC')}"
2024-02-27 01:00:00+00:00,2024-02-27 17:00:00+00:00,1,2033.7849999999999,2031.1996856122528,2031.3746856122527,2042.3790428824473,0.64,-165.46012081581284,-0.5633080531066748,"{'trail_atr_mult': 3.0, 'trail_atr_len': 14, 'tp_converts_to_trail': True, 'rsi': np.float64(57.044469621167295), 'atr': 2.929680960815814, 'exit_reason': 'sl', 'signal_time': Timestamp('2024-02-27 00:00:00+0000', tz='UTC')}"
2024-02-28 20:00:00+00:00,2024-02-29 10:00:00+00:00,1,2033.885,2030.4772576520736,2030.6522576520736,2043.0163991331483,0.62,-136.880025571436,-0.46447499563281747,"{'trail_atr_mult': 3.0, 'trail_atr_len': 14, 'tp_converts_to_trail': True, 'rsi': np.float64(55.52829931023047), 'atr': 3.0854663777160836, 'exit_reason': 'sl', 'signal_time': Timestamp('2024-02-28 19:00:00+0000', tz='UTC')}"
2024-02-29 13:00:00+00:00,2024-03-01 08:00:00+00:00,1,2047.685,2042.3404283608465,2042.5154283608465,2059.008460926973,0.5,-247.22858195767003,-0.8367539004793038,"{'trail_atr_mult': 3.0, 'trail_atr_len': 14, 'tp_converts_to_trail': True, 'rsi': np.float64(71.44056930706243), 'atr': 3.829486975657707, 'exit_reason': 'sl', 'signal_time': Timestamp('2024-02-29 12:00:00+0000', tz='UTC')}"
2024-03-01 09:00:00+00:00,2024-03-01 12:00:00+00:00,1,2046.485,2055.1949999999997,2056.831635011086,,0.54,470.33999999998974,1.5979254471723754,"{'trail_atr_mult': 3.0, 'trail_atr_len': 14, 'tp_converts_to_trail': True, 'rsi': np.float64(57.6189515684568), 'atr': 3.510545003695315, 'exit_reason': 'sl_gap', 'signal_time': Timestamp('2024-03-01 08:00:00+0000', tz='UTC')}"
2024-03-01 15:00:00+00:00,2024-03-01 19:00:00+00:00,1,2069.2250000000004,2085.595,2086.983548032206,,0.32,523.839999999982,1.7906808865723993,"{'trail_atr_mult': 3.0, 'trail_atr_len': 14, 'tp_converts_to_trail': True, 'rsi': np.float64(71.83534274314324), 'atr': 5.977849344068528, 'exit_reason': 'sl_gap', 'signal_time': Timestamp('2024-03-01 14:00:00+0000', tz='UTC')}"
2024-03-06 09:00:00+00:00,2024-03-06 15:00:00+00:00,1,2128.885,2141.876933049499,2142.051933049499,,0.43,558.6531211284391,1.9019172473509487,"{'trail_atr_mult': 3.0, 'trail_atr_len': 14, 'tp_converts_to_trail': True, 'rsi': np.float64(61.13440712859657), 'atr': 4.443977683166367, 'exit_reason': 'sl', 'signal_time': Timestamp('2024-03-06 08:00:00+0000', tz='UTC')}"
2024-03-06 11:00:00+00:00,2024-03-06 15:00:00+00:00,1,2132.7850000000003,2144.5449999999996,2146.3110034967617,,0.41,482.1599999999716,1.621956715288765,"{'trail_atr_mult': 3.0, 'trail_atr_len': 14, 'tp_converts_to_trail': True, 'rsi': np.float64(63.986667973012004), 'atr': 4.617001165587225, 'exit_reason': 'sl_gap', 'signal_time': Timestamp('2024-03-06 10:00:00+0000', tz='UTC')}"
2024-03-08 03:00:00+00:00,2024-03-08 13:00:00+00:00,1,2157.835,2157.0919833045878,2157.266983304588,2172.3863359776938,0.4,-29.720667816491186,-0.09876380489094937,"{'trail_atr_mult': 3.0, 'trail_atr_len': 14, 'tp_converts_to_trail': True, 'rsi': np.float64(55.73005903159739), 'atr': 4.905445325897877, 'exit_reason': 'sl', 'signal_time': Timestamp('2024-03-08 02:00:00+0000', tz='UTC')}"
2024-03-11 23:00:00+00:00,2024-03-12 05:00:00+00:00,1,2183.7250000000004,2175.7538458644367,2175.928845864437,2199.2123082711264,0.38,-287.7038571514193,-0.9711396162662508,"{'trail_atr_mult': 3.0, 'trail_atr_len': 14, 'tp_converts_to_trail': True, 'rsi': np.float64(58.09633929338876), 'atr': 5.174102757042098, 'exit_reason': 'sl', 'signal_time': Timestamp('2024-03-11 22:00:00+0000', tz='UTC')}"
2024-03-12 01:00:00+00:00,2024-03-12 05:00:00+00:00,1,2182.875,2175.0692599545396,2175.2442599545398,2197.64148009092,0.39,-304.42386177295657,-1.022933555455646,"{'trail_atr_mult': 3.0, 'trail_atr_len': 14, 'tp_converts_to_trail': True, 'rsi': np.float64(55.65533719945147), 'atr': 4.9771600303067505, 'exit_reason': 'sl', 'signal_time': Timestamp('2024-03-12 00:00:00+0000', tz='UTC')}"
2024-03-11 09:00:00+00:00,2024-03-12 11:00:00+00:00,1,2180.7450000000003,2173.5289912930775,2173.7039912930777,2198.5583515168737,0.33,-224.9282873284531,-0.7458012502528484,"{'trail_atr_mult': 3.0, 'trail_atr_len': 14, 'tp_converts_to_trail': True, 'rsi': np.float64(57.034647580760925), 'atr': 5.989450505624499, 'exit_reason': 'sl', 'signal_time': Timestamp('2024-03-11 08:00:00+0000', tz='UTC')}"
2024-03-11 13:00:00+00:00,2024-03-12 11:00:00+00:00,1,2182.025,2173.5289912930775,2173.7039912930777,2199.5727519177794,0.33,-267.1682873284447,-0.8914958199696109,"{'trail_atr_mult': 3.0, 'trail_atr_len': 14, 'tp_converts_to_trail': True, 'rsi': np.float64(57.47740159846522), 'atr': 5.9175839725931105, 'exit_reason': 'sl', 'signal_time': Timestamp('2024-03-11 12:00:00+0000', tz='UTC')}"
2024-03-11 19:00:00+00:00,2024-03-12 11:00:00+00:00,1,2181.585,2172.591366887581,2172.766366887581,2198.5472662248385,0.34,-292.1835258222476,-0.97448584183835,"{'trail_atr_mult': 3.0, 'trail_atr_len': 14, 'tp_converts_to_trail': True, 'rsi': np.float64(55.39518047274236), 'atr': 5.729088741612775, 'exit_reason': 'sl', 'signal_time': Timestamp('2024-03-11 18:00:00+0000', tz='UTC')}"
2024-03-20 18:00:00+00:00,2024-03-20 23:00:00+00:00,1,2182.2450000000003,2198.7208418884425,2198.8958418884426,,0.34,560.178624207032,1.9049807351197552,"{'trail_atr_mult': 3.0, 'trail_atr_len': 14, 'tp_converts_to_trail': True, 'rsi': np.float64(79.77869690793962), 'atr': 5.489215575498832, 'exit_reason': 'sl', 'signal_time': Timestamp('2024-03-20 17:00:00+0000', tz='UTC')}"
2024-03-26 08:00:00+00:00,2024-03-26 12:00:00+00:00,1,2178.395,2190.155380230998,2190.3303802309983,,0.48,564.4982510879126,1.8876438781123486,"{'trail_atr_mult': 3.0, 'trail_atr_len': 14, 'tp_converts_to_trail': True, 'rsi': np.float64(61.51136417768643), 'atr': 4.036793410332845, 'exit_reason': 'sl', 'signal_time': Timestamp('2024-03-26 07:00:00+0000', tz='UTC')}"
2024-03-27 07:00:00+00:00,2024-03-27 11:00:00+00:00,1,2180.7450000000003,2193.5049999999997,2194.2147142088984,,0.42,535.9199999999709,1.819644922518646,"{'trail_atr_mult': 3.0, 'trail_atr_len': 14, 'tp_converts_to_trail': True, 'rsi': np.float64(55.14777345937146), 'atr': 4.551571402966147, 'exit_reason': 'sl_gap', 'signal_time': Timestamp('2024-03-27 06:00:00+0000', tz='UTC')}"
2024-03-28 02:00:00+00:00,2024-03-28 11:00:00+00:00,1,2194.9550000000004,2209.26951265594,2209.4445126559403,,0.4,572.5805062375912,1.9067568803542434,"{'trail_atr_mult': 3.0, 'trail_atr_len': 14, 'tp_converts_to_trail': True, 'rsi': np.float64(60.52267580565808), 'atr': 4.888170885313332, 'exit_reason': 'sl', 'signal_time': Timestamp('2024-03-28 01:00:00+0000', tz='UTC')}"
2024-03-27 09:00:00+00:00,2024-03-28 12:00:00+00:00,1,2189.145,2205.6952892923664,2205.8702892923666,,0.36,639.010414525191,2.1321298363872163,"{'trail_atr_mult': 3.0, 'trail_atr_len': 14, 'tp_converts_to_trail': True, 'rsi': np.float64(64.42521707640375), 'atr': 5.566763097455473, 'exit_reason': 'sl', 'signal_time': Timestamp('2024-03-27 08:00:00+0000', tz='UTC')}"
2024-04-01 20:00:00+00:00,2024-04-02 16:00:00+00:00,1,2244.735,2260.515,2267.818145137467,,0.26,420.67999999999336,1.3865712038978057,"{'trail_atr_mult': 3.0, 'trail_atr_len': 14, 'tp_converts_to_trail': True, 'rsi': np.float64(55.59886137128683), 'atr': 7.7227150458223, 'exit_reason': 'sl_gap', 'signal_time': Timestamp('2024-04-01 19:00:00+0000', tz='UTC')}"
2024-04-03 15:00:00+00:00,2024-04-04 03:00:00+00:00,1,2282.915,2300.805,2304.1982952447556,,0.28,534.5199999999966,1.7531216089649215,"{'trail_atr_mult': 3.0, 'trail_atr_len': 14, 'tp_converts_to_trail': True, 'rsi': np.float64(63.395375451054974), 'atr': 7.1494317482519385, 'exit_reason': 'sl_gap', 'signal_time': Timestamp('2024-04-03 14:00:00+0000', tz='UTC')}"
2024-04-04 10:00:00+00:00,2024-04-04 13:00:00+00:00,1,2293.445,2285.0372258761713,2285.2122258761715,2309.205548247657,0.37,-311.08764258166775,-1.0212565044744355,"{'trail_atr_mult': 3.0, 'trail_atr_len': 14, 'tp_converts_to_trail': True, 'rsi': np.float64(55.2605004911957), 'atr': 5.331849415885703, 'exit_reason': 'sl', 'signal_time': Timestamp('2024-04-04 09:00:00+0000', tz='UTC')}"
2024-04-04 15:00:00+00:00,2024-04-04 20:00:00+00:00,1,2295.3250000000003,2286.099696503394,2286.2746965033944,2312.8406069932116,0.34,-313.6603188846075,-1.0193363681191256,"{'trail_atr_mult': 3.0, 'trail_atr_len': 14, 'tp_converts_to_trail': True, 'rsi': np.float64(57.08619074959977), 'atr': 5.903535664403766, 'exit_reason': 'sl', 'signal_time': Timestamp('2024-04-04 14:00:00+0000', tz='UTC')}"
2024-04-04 19:00:00+00:00,2024-04-04 20:00:00+00:00,1,2304.215,2294.1286619333982,2294.3036619333984,2323.5726761332025,0.31,-312.67648006465924,-1.0176565463537037,"{'trail_atr_mult': 3.0, 'trail_atr_len': 14, 'tp_converts_to_trail': True, 'rsi': np.float64(63.40638812632532), 'atr': 6.504225377734219, 'exit_reason': 'sl', 'signal_time': Timestamp('2024-04-04 18:00:00+0000', tz='UTC')}"
2024-04-05 11:00:00+00:00,2024-04-05 13:00:00+00:00,1,2294.1150000000002,2283.1348795955387,2283.309879595539,2315.2002408089224,0.28,-307.44337132492365,-1.0161960249816302,"{'trail_atr_mult': 3.0, 'trail_atr_len': 14, 'tp_converts_to_trail': True, 'rsi': np.float64(56.9966355498179), 'atr': 7.086746936307394, 'exit_reason': 'sl', 'signal_time': Timestamp('2024-04-05 10:00:00+0000', tz='UTC')}"
2024-04-05 14:00:00+00:00,2024-04-05 16:00:00+00:00,1,2299.885,2317.5249999999996,2324.315743096648,,0.24,423.35999999998603,1.4291649986744848,"{'trail_atr_mult': 3.0, 'trail_atr_len': 14, 'tp_converts_to_trail': True, 'rsi': np.float64(61.145144835206814), 'atr': 8.171914365549231, 'exit_reason': 'sl_gap', 'signal_time': Timestamp('2024-04-05 13:00:00+0000', tz='UTC')}"
2024-04-08 02:00:00+00:00,2024-04-08 13:00:00+00:00,1,2324.335,2324.673519014909,2324.848519014909,2355.301812330187,0.19,6.431861283267154,0.02156047627756621,"{'trail_atr_mult': 3.0, 'trail_atr_len': 14, 'tp_converts_to_trail': True, 'rsi': np.float64(61.24699203024332), 'atr': 10.370604110062423, 'exit_reason': 'sl', 'signal_time': Timestamp('2024-04-08 01:00:00+0000', tz='UTC')}"
2024-04-08 18:00:00+00:00,2024-04-09 16:00:00+00:00,1,2338.1850000000004,2344.0702581877645,2344.2452581877646,2366.56509869694,0.21,131.99042194304536,0.4313080736572497,"{'trail_atr_mult': 3.0, 'trail_atr_len': 14, 'tp_converts_to_trail': True, 'rsi': np.float64(60.12982642421113), 'atr': 9.54503289897995, 'exit_reason': 'sl', 'signal_time': Timestamp('2024-04-08 17:00:00+0000', tz='UTC')}"
2024-04-10 05:00:00+00:00,2024-04-10 10:00:00+00:00,1,2356.385,2345.927700699552,2346.1027006995523,2376.4245986008955,0.29,-303.2616797129944,-1.017019539588053,"{'trail_atr_mult': 3.0, 'trail_atr_len': 14, 'tp_converts_to_trail': True, 'rsi': np.float64(59.42847884323681), 'atr': 6.738199533631887, 'exit_reason': 'sl', 'signal_time': Timestamp('2024-04-10 04:00:00+0000', tz='UTC')}"
2024-04-10 09:00:00+00:00,2024-04-10 10:00:00+00:00,1,2354.675,2345.014277636399,2345.1892776363993,2373.121444727202,0.32,-309.1431156352337,-1.0184487794700487,"{'trail_atr_mult': 3.0, 'trail_atr_len': 14, 'tp_converts_to_trail': True, 'rsi': np.float64(55.958967906205174), 'atr': 6.207148242400547, 'exit_reason': 'sl', 'signal_time': Timestamp('2024-04-10 08:00:00+0000', tz='UTC')}"
2024-04-09 20:00:00+00:00,2024-04-10 13:00:00+00:00,1,2351.295,2341.2335552727986,2341.408555272799,2376.2944098123576,0.24,-231.8746734528344,-0.7597144811677422,"{'trail_atr_mult': 3.0, 'trail_atr_len': 14, 'tp_converts_to_trail': True, 'rsi': np.float64(56.074836773719035), 'atr': 8.381469937452547, 'exit_reason': 'sl', 'signal_time': Timestamp('2024-04-09 19:00:00+0000', tz='UTC')}"
2024-04-10 03:00:00+00:00,2024-04-10 13:00:00+00:00,1,2352.235,2341.2335552727986,2341.408555272799,2373.3656291466004,0.28,-308.0404523616417,-1.0160355677247161,"{'trail_atr_mult': 3.0, 'trail_atr_len': 14, 'tp_converts_to_trail': True, 'rsi': np.float64(55.396123845690475), 'atr': 7.101876382200215, 'exit_reason': 'sl', 'signal_time': Timestamp('2024-04-10 02:00:00+0000', tz='UTC')}"
2024-04-16 15:00:00+00:00,2024-04-17 07:00:00+00:00,1,2383.155,2373.5449731654317,2373.719973165432,2414.2589092963235,0.18,-165.7804830222338,-0.5731387303564831,"{'trail_atr_mult': 3.0, 'trail_atr_len': 14, 'tp_converts_to_trail': True, 'rsi': np.float64(56.863459462720925), 'atr': 10.482969765441132, 'exit_reason': 'sl', 'signal_time': Timestamp('2024-04-16 14:00:00+0000', tz='UTC')}"
2024-04-17 09:00:00+00:00,2024-04-17 13:00:00+00:00,1,2393.155,2380.480749097021,2380.6557490970213,2417.628501805957,0.24,-304.18202167149866,-1.0140008390389599,"{'trail_atr_mult': 3.0, 'trail_atr_len': 14, 'tp_converts_to_trail': True, 'rsi': np.float64(60.14726930721546), 'atr': 8.21616726865242, 'exit_reason': 'sl', 'signal_time': Timestamp('2024-04-17 08:00:00+0000', tz='UTC')}"
2024-04-17 14:00:00+00:00,2024-04-17 17:00:00+00:00,1,2393.465,2380.8517167595355,2381.0267167595357,2417.9365664809284,0.24,-302.718797771151,-1.0140694657467575,"{'trail_atr_mult': 3.0, 'trail_atr_len': 14, 'tp_converts_to_trail': True, 'rsi': np.float64(58.466754768602456), 'atr': 8.202188826976093, 'exit_reason': 'sl', 'signal_time': Timestamp('2024-04-17 13:00:00+0000', tz='UTC')}"
2024-04-18 13:00:00+00:00,2024-04-18 14:00:00+00:00,1,2385.635,2375.244071447545,2375.4190714475453,2405.5718571049088,0.29,-301.33692802119725,-1.0171301119718705,"{'trail_atr_mult': 3.0, 'trail_atr_len': 14, 'tp_converts_to_trail': True, 'rsi': np.float64(58.27794254561744), 'atr': 6.700619034969588, 'exit_reason': 'sl', 'signal_time': Timestamp('2024-04-18 12:00:00+0000', tz='UTC')}"
2024-04-18 11:00:00+00:00,2024-04-18 15:00:00+00:00,1,2383.195,2372.7661420338395,2372.9411420338397,2403.1777159323206,0.29,-302.4368810186588,-1.017066747030992,"{'trail_atr_mult': 3.0, 'trail_atr_len': 14, 'tp_converts_to_trail': True, 'rsi': np.float64(56.40158658623834), 'atr': 6.7192386441067855, 'exit_reason': 'sl', 'signal_time': Timestamp('2024-04-18 10:00:00+0000', tz='UTC')}"
2024-04-19 02:00:00+00:00,2024-04-19 03:00:00+00:00,1,2409.645,2395.7172213473686,2395.892221347369,2435.965557305262,0.21,-292.4833517052579,-1.0127247012709464,"{'trail_atr_mult': 3.0, 'trail_atr_len': 14, 'tp_converts_to_trail': True, 'rsi': np.float64(73.25999055201208), 'atr': 8.90518576842063, 'exit_reason': 'sl', 'signal_time': Timestamp('2024-04-19 01:00:00+0000', tz='UTC')}"
2024-04-18 16:00:00+00:00,2024-04-19 03:00:00+00:00,1,2384.3250000000003,2407.724478884652,2407.899478884652,,0.24,571.1874932316401,1.9556276449007646,"{'trail_atr_mult': 3.0, 'trail_atr_len': 14, 'tp_converts_to_trail': True, 'rsi': np.float64(55.94093413134482), 'atr': 7.943159628217285, 'exit_reason': 'sl', 'signal_time': Timestamp('2024-04-18 15:00:00+0000', tz='UTC')}"
2024-04-19 15:00:00+00:00,2024-04-22 02:00:00+00:00,1,2391.3050000000003,2376.087569010562,2376.2625690105624,2420.864861978875,0.19,-266.33118879932334,-0.9318594181539189,"{'trail_atr_mult': 3.0, 'trail_atr_len': 14, 'tp_converts_to_trail': True, 'rsi': np.float64(55.96520430563502), 'atr': 9.911620659625008, 'exit_reason': 'sl', 'signal_time': Timestamp('2024-04-19 14:00:00+0000', tz='UTC')}"
2024-05-13 01:00:00+00:00,2024-05-13 05:00:00+00:00,1,2364.2050000000004,2354.5276743257677,2354.702674325768,2382.5646513484635,0.31,-299.99709590121165,-1.0184165441176922,"{'trail_atr_mult': 3.0, 'trail_atr_len': 14, 'tp_converts_to_trail': True, 'rsi': np.float64(58.085991494876104), 'atr': 6.191550449487899, 'exit_reason': 'sl', 'signal_time': Timestamp('2024-05-13 00:00:00+0000', tz='UTC')}"
2024-05-12 23:00:00+00:00,2024-05-13 06:00:00+00:00,1,2361.585,2351.311563123376,2351.486563123376,2381.136873753247,0.29,-286.3296694221002,-0.9777193240153184,"{'trail_atr_mult': 3.0, 'trail_atr_len': 14, 'tp_converts_to_trail': True, 'rsi': np.float64(55.50948975358179), 'atr': 6.5889579177490925, 'exit_reason': 'sl', 'signal_time': Timestamp('2024-05-12 22:00:00+0000', tz='UTC')}"
2024-05-14 17:00:00+00:00,2024-05-15 10:00:00+00:00,1,2354.355,2372.539167031888,2372.7141670318883,,0.31,576.1091779885322,1.974500863746623,"{'trail_atr_mult': 3.0, 'trail_atr_len': 14, 'tp_converts_to_trail': True, 'rsi': np.float64(60.612716502565426), 'atr': 6.171389010629557, 'exit_reason': 'sl', 'signal_time': Timestamp('2024-05-14 16:00:00+0000', tz='UTC')}"
2024-05-15 15:00:00+00:00,2024-05-16 13:00:00+00:00,1,2373.915,2379.371033170376,2379.546033170376,2398.526011064203,0.23,153.0887629186487,0.5252134668067471,"{'trail_atr_mult': 3.0, 'trail_atr_len': 14, 'tp_converts_to_trail': True, 'rsi': np.float64(60.937251167897166), 'atr': 8.28533702140101, 'exit_reason': 'sl', 'signal_time': Timestamp('2024-05-15 14:00:00+0000', tz='UTC')}"
2024-05-17 11:00:00+00:00,2024-05-17 15:00:00+00:00,1,2387.6850000000004,2401.6349999999998,2401.832336651721,,0.4,557.9999999999746,1.889944705789142,"{'trail_atr_mult': 3.0, 'trail_atr_len': 14, 'tp_converts_to_trail': True, 'rsi': np.float64(60.511253608155855), 'atr': 4.784112217240392, 'exit_reason': 'sl_gap', 'signal_time': Timestamp('2024-05-17 10:00:00+0000', tz='UTC')}"
2024-05-17 07:00:00+00:00,2024-05-17 15:00:00+00:00,1,2386.215,2400.0417579851037,2400.216757985104,,0.41,566.8970773892452,1.9234876179219187,"{'trail_atr_mult': 3.0, 'trail_atr_len': 14, 'tp_converts_to_trail': True, 'rsi': np.float64(60.31766100504238), 'atr': 4.708919328367978, 'exit_reason': 'sl', 'signal_time': Timestamp('2024-05-17 06:00:00+0000', tz='UTC')}"
2024-05-20 18:00:00+00:00,2024-05-21 02:00:00+00:00,1,2435.525,2421.107943902717,2421.2829439027173,2463.6041121945646,0.21,-294.3581780429423,-0.9842017192979078,"{'trail_atr_mult': 3.0, 'trail_atr_len': 14, 'tp_converts_to_trail': True, 'rsi': np.float64(59.817753439046655), 'atr': 9.404704064854956, 'exit_reason': 'sl', 'signal_time': Timestamp('2024-05-20 17:00:00+0000', tz='UTC')}"
2024-05-21 13:00:00+00:00,2024-05-22 04:00:00+00:00,1,2426.4350000000004,2415.802750812321,2415.977750812321,2450.1988400329906,0.24,-245.5739805043071,-0.8415079974043499,"{'trail_atr_mult': 3.0, 'trail_atr_len': 14, 'tp_converts_to_trail': True, 'rsi': np.float64(55.186221430349775), 'atr': 7.982946677663461, 'exit_reason': 'sl', 'signal_time': Timestamp('2024-05-21 12:00:00+0000', tz='UTC')}"
2024-06-06 14:00:00+00:00,2024-06-07 02:00:00+00:00,1,2360.7650000000003,2378.3149999999996,2378.928538863149,,0.32,574.3999999999767,1.9117568337783013,"{'trail_atr_mult': 3.0, 'trail_atr_len': 14, 'tp_converts_to_trail': True, 'rsi': np.float64(56.2653276529498), 'atr': 6.122846287716292, 'exit_reason': 'sl_gap', 'signal_time': Timestamp('2024-06-06 13:00:00+0000', tz='UTC')}"
2024-06-19 12:00:00+00:00,2024-06-19 15:00:00+00:00,1,2330.675,2324.368754773371,2324.5437547733713,2342.412490453257,0.49,-309.0060161048218,-1.0285423259927906,"{'trail_atr_mult': 3.0, 'trail_atr_len': 14, 'tp_converts_to_trail': True, 'rsi': np.float64(56.97662267360734), 'atr': 3.970830151085632, 'exit_reason': 'sl', 'signal_time': Timestamp('2024-06-19 11:00:00+0000', tz='UTC')}"
2024-06-19 18:00:00+00:00,2024-06-20 07:00:00+00:00,1,2330.255,2340.1949999999997,2342.0736833427977,,0.48,534.7199999999807,1.8005956175505395,"{'trail_atr_mult': 3.0, 'trail_atr_len': 14, 'tp_converts_to_trail': True, 'rsi': np.float64(55.218770448382834), 'atr': 4.001227780932476, 'exit_reason': 'sl_gap', 'signal_time': Timestamp('2024-06-19 17:00:00+0000', tz='UTC')}"
2024-06-19 23:00:00+00:00,2024-06-20 07:00:00+00:00,1,2330.605,2340.1949999999997,2341.835777984351,,0.51,550.2899999999843,1.835693054830246,"{'trail_atr_mult': 3.0, 'trail_atr_len': 14, 'tp_converts_to_trail': True, 'rsi': np.float64(55.32218423944006), 'atr': 3.801925994783618, 'exit_reason': 'sl_gap', 'signal_time': Timestamp('2024-06-19 22:00:00+0000', tz='UTC')}"
2024-06-20 02:00:00+00:00,2024-06-20 09:00:00+00:00,1,2336.545,2332.7668852806355,2332.9418852806357,2348.1790029998615,0.49,-185.12762124886376,-0.6168852631365209,"{'trail_atr_mult': 3.0, 'trail_atr_len': 14, 'tp_converts_to_trail': True, 'rsi': np.float64(64.76132997604404), 'atr': 3.946334333287067, 'exit_reason': 'sl', 'signal_time': Timestamp('2024-06-20 01:00:00+0000', tz='UTC')}"
2024-06-20 11:00:00+00:00,2024-06-20 16:00:00+00:00,1,2339.675,2353.29026146657,2353.46526146657,,0.42,571.8409815959312,1.8824770638310815,"{'trail_atr_mult': 3.0, 'trail_atr_len': 14, 'tp_converts_to_trail': True, 'rsi': np.float64(59.01082795998083), 'atr': 4.671753822190157, 'exit_reason': 'sl', 'signal_time': Timestamp('2024-06-20 10:00:00+0000', tz='UTC')}"
2024-07-01 20:00:00+00:00,2024-07-02 07:00:00+00:00,1,2331.3050000000003,2330.6549999999997,2322.7255790383083,2347.6088419233834,0.35,-8.750000000019098,-0.029139495674221094,"{'trail_atr_mult': 3.0, 'trail_atr_len': 14, 'tp_converts_to_trail': True, 'rsi': np.float64(55.568409666962424), 'atr': 5.529613974461179, 'exit_reason': 'end_of_data', 'signal_time': Timestamp('2024-07-01 19:00:00+0000', tz='UTC')}"
2024-07-02 14:00:00+00:00,2024-07-02 15:00:00+00:00,1,2334.375,2325.903699395864,2326.078699395864,2350.892601208271,0.36,-304.96682174889975,-1.021093739047129,"{'trail_atr_mult': 3.0, 'trail_atr_len': 14, 'tp_converts_to_trail': True, 'rsi': np.float64(57.97926981292027), 'atr': 5.514200402757078, 'exit_reason': 'sl', 'signal_time': Timestamp('2024-07-02 13:00:00+0000', tz='UTC')}"
2024-07-03 04:00:00+00:00,2024-07-03 09:00:00+00:00,1,2331.9350000000004,2344.856159141691,2345.031159141691,,0.43,555.6098430926968,1.8972187326028396,"{'trail_atr_mult': 3.0, 'trail_atr_len': 14, 'tp_converts_to_trail': True, 'rsi': np.float64(55.4599610592982), 'atr': 4.423719713897038, 'exit_reason': 'sl', 'signal_time': Timestamp('2024-07-03 03:00:00+0000', tz='UTC')}"
2024-07-04 23:00:00+00:00,2024-07-05 13:00:00+00:00,1,2357.5350000000003,2357.502241075896,2357.6772410758963,2368.139186105261,0.54,19.83101809837317,0.0659960346466277,"{'trail_atr_mult': 3.0, 'trail_atr_len': 14, 'tp_converts_to_trail': True, 'rsi': np.float64(55.34078166567446), 'atr': 3.5930620350870557, 'exit_reason': 'sl', 'signal_time': Timestamp('2024-07-04 22:00:00+0000', tz='UTC')}"
2024-07-05 01:00:00+00:00,2024-07-05 13:00:00+00:00,1,2359.0550000000003,2357.502241075896,2357.6772410758963,2369.06552271321,0.56,-86.95449974983423,-0.2939294091266534,"{'trail_atr_mult': 3.0, 'trail_atr_len': 14, 'tp_converts_to_trail': True, 'rsi': np.float64(58.648332905532904), 'atr': 3.3985075710700166, 'exit_reason': 'sl', 'signal_time': Timestamp('2024-07-05 00:00:00+0000', tz='UTC')}"
2024-07-11 02:00:00+00:00,2024-07-12 06:00:00+00:00,1,2376.065,2407.7556618933304,2407.9306618933306,,0.45,1444.0797851998655,4.87179468502226,"{'trail_atr_mult': 3.0, 'trail_atr_len': 14, 'tp_converts_to_trail': True, 'rsi': np.float64(56.75388290131046), 'atr': 4.254687234458499, 'exit_reason': 'sl', 'signal_time': Timestamp('2024-07-11 01:00:00+0000', tz='UTC')}"
2024-07-12 09:00:00+00:00,2024-07-12 12:00:00+00:00,1,2407.585,2399.2432483123616,2399.418248312362,2423.783503375276,0.37,-308.64481244262106,-1.021428348343819,"{'trail_atr_mult': 3.0, 'trail_atr_len': 14, 'tp_converts_to_trail': True, 'rsi': np.float64(57.68114294027841), 'atr': 5.414501125091999, 'exit_reason': 'sl', 'signal_time': Timestamp('2024-07-12 08:00:00+0000', tz='UTC')}"
2024-07-12 15:00:00+00:00,2024-07-15 07:00:00+00:00,1,2409.125,2403.8395554246185,2404.0145554246187,2427.574719563504,0.32,-130.73422641220677,-0.4326719877034308,"{'trail_atr_mult': 3.0, 'trail_atr_len': 14, 'tp_converts_to_trail': True, 'rsi': np.float64(57.86995402953846), 'atr': 6.198239854501326, 'exit_reason': 'sl', 'signal_time': Timestamp('2024-07-12 14:00:00+0000', tz='UTC')}"
2024-07-15 04:00:00+00:00,2024-07-15 07:00:00+00:00,1,2411.815,2404.167837536333,2404.3428375363333,2426.2643249273337,0.4,-305.8864985466789,-1.023420261651311,"{'trail_atr_mult': 3.0, 'trail_atr_len': 14, 'tp_converts_to_trail': True, 'rsi': np.float64(56.32664655627365), 'atr': 4.871441642444481, 'exit_reason': 'sl', 'signal_time': Timestamp('2024-07-15 03:00:00+0000', tz='UTC')}"
2024-07-15 11:00:00+00:00,2024-07-15 17:00:00+00:00,1,2414.855,2429.6497601824935,2429.8247601824937,,0.39,576.9956471172472,1.9283142918547977,"{'trail_atr_mult': 3.0, 'trail_atr_len': 14, 'tp_converts_to_trail': True, 'rsi': np.float64(58.48898816703485), 'atr': 5.031586727497852, 'exit_reason': 'sl', 'signal_time': Timestamp('2024-07-15 10:00:00+0000', tz='UTC')}"
2024-07-15 09:00:00+00:00,2024-07-15 18:00:00+00:00,1,2412.165,2426.9965561879803,2427.1715561879805,,0.39,578.4306913312344,1.9284857795559691,"{'trail_atr_mult': 3.0, 'trail_atr_len': 14, 'tp_converts_to_trail': True, 'rsi': np.float64(55.669444643392325), 'atr': 5.043852062660177, 'exit_reason': 'sl', 'signal_time': Timestamp('2024-07-15 08:00:00+0000', tz='UTC')}"
2024-07-16 02:00:00+00:00,2024-07-16 11:00:00+00:00,1,2427.425,2442.3149999999996,2443.051177883142,,0.37,550.9299999999785,1.8438283706280478,"{'trail_atr_mult': 3.0, 'trail_atr_len': 14, 'tp_converts_to_trail': True, 'rsi': np.float64(61.003801573251955), 'atr': 5.2670592943806716, 'exit_reason': 'sl_gap', 'signal_time': Timestamp('2024-07-16 01:00:00+0000', tz='UTC')}"
2024-07-18 07:00:00+00:00,2024-07-18 11:00:00+00:00,1,2471.545,2461.7942653891664,2461.9692653891666,2490.2014692216676,0.32,-312.02350754667714,-1.0182753602843375,"{'trail_atr_mult': 3.0, 'trail_atr_len': 14, 'tp_converts_to_trail': True, 'rsi': np.float64(59.20224112154641), 'atr': 6.273823073889107, 'exit_reason': 'sl', 'signal_time': Timestamp('2024-07-18 06:00:00+0000', tz='UTC')}"
2024-07-18 04:00:00+00:00,2024-07-18 14:00:00+00:00,1,2468.0950000000003,2457.972122998576,2458.1471229985764,2487.4357540028473,0.3,-303.68631004272174,-1.0175916931798747,"{'trail_atr_mult': 3.0, 'trail_atr_len': 14, 'tp_converts_to_trail': True, 'rsi': np.float64(56.48679297892796), 'atr': 6.508584667615741, 'exit_reason': 'sl', 'signal_time': Timestamp('2024-07-18 03:00:00+0000', tz='UTC')}"
2024-07-18 15:00:00+00:00,2024-07-18 17:00:00+00:00,1,2468.505,2458.690090513041,2458.865090513041,2487.2298189739186,0.31,-304.26219409573196,-1.0181536974218406,"{'trail_atr_mult': 3.0, 'trail_atr_len': 14, 'tp_converts_to_trail': True, 'rsi': np.float64(55.688076254467845), 'atr': 6.303272991306076, 'exit_reason': 'sl', 'signal_time': Timestamp('2024-07-18 14:00:00+0000', tz='UTC')}"
2024-08-01 12:00:00+00:00,2024-08-01 16:00:00+00:00,1,2440.875,2448.2949999999996,2460.7514168234657,,0.29,215.17999999998892,0.725267469405165,"{'trail_atr_mult': 3.0, 'trail_atr_len': 14, 'tp_converts_to_trail': True, 'rsi': np.float64(57.486652300547874), 'atr': 6.6904722744885765, 'exit_reason': 'sl_gap', 'signal_time': Timestamp('2024-08-01 11:00:00+0000', tz='UTC')}"
2024-08-01 22:00:00+00:00,2024-08-02 14:00:00+00:00,1,2446.415,2469.207593835602,2469.382593835602,,0.26,603.0074397256525,1.9897051352718829,"{'trail_atr_mult': 3.0, 'trail_atr_len': 14, 'tp_converts_to_trail': True, 'rsi': np.float64(57.63863651124782), 'atr': 7.694197945200699, 'exit_reason': 'sl', 'signal_time': Timestamp('2024-08-01 20:00:00+0000', tz='UTC')}"
2024-08-05 05:00:00+00:00,2024-08-05 06:00:00+00:00,1,2452.7250000000004,2434.0127995273106,2434.1877995273107,2489.454400945379,0.16,-299.3952075630368,-1.0094404762066422,"{'trail_atr_mult': 3.0, 'trail_atr_len': 14, 'tp_converts_to_trail': True, 'rsi': np.float64(55.21544121216859), 'atr': 12.281466981792946, 'exit_reason': 'sl', 'signal_time': Timestamp('2024-08-05 04:00:00+0000', tz='UTC')}"
2024-08-12 04:00:00+00:00,2024-08-12 11:00:00+00:00,1,2428.675,2442.395,2444.320199595775,,0.37,507.6399999999926,1.6938062915690173,"{'trail_atr_mult': 3.0, 'trail_atr_len': 14, 'tp_converts_to_trail': True, 'rsi': np.float64(55.35173182652192), 'atr': 5.276733198591847, 'exit_reason': 'sl_gap', 'signal_time': Timestamp('2024-08-12 03:00:00+0000', tz='UTC')}"
2024-08-12 01:00:00+00:00,2024-08-12 14:00:00+00:00,1,2428.565,2444.1749999999997,2444.973667587987,,0.36,561.9599999999882,1.8404039007525148,"{'trail_atr_mult': 3.0, 'trail_atr_len': 14, 'tp_converts_to_trail': True, 'rsi': np.float64(55.46830821120285), 'atr': 5.531222529328999, 'exit_reason': 'sl_gap', 'signal_time': Timestamp('2024-08-12 00:00:00+0000', tz='UTC')}"
2024-08-14 07:00:00+00:00,2024-08-14 14:00:00+00:00,1,2467.4950000000003,2461.9212289483944,2462.0962289483946,2483.5884525214824,0.37,-206.22952890941994,-0.6707930289418836,"{'trail_atr_mult': 3.0, 'trail_atr_len': 14, 'tp_converts_to_trail': True, 'rsi': np.float64(57.65605649792914), 'atr': 5.422817507160709, 'exit_reason': 'sl', 'signal_time': Timestamp('2024-08-14 06:00:00+0000', tz='UTC')}"
2024-08-16 08:00:00+00:00,2024-08-16 15:00:00+00:00,1,2462.0750000000003,2478.996559747683,2479.171559747683,,0.34,575.3330314212135,1.9075616787178902,"{'trail_atr_mult': 3.0, 'trail_atr_len': 14, 'tp_converts_to_trail': True, 'rsi': np.float64(58.67873363988897), 'atr': 5.770519915894363, 'exit_reason': 'sl', 'signal_time': Timestamp('2024-08-16 07:00:00+0000', tz='UTC')}"
2024-08-19 15:00:00+00:00,2024-08-20 11:00:00+00:00,1,2501.315,2521.515,2523.144778234592,,0.27,556.199999999995,1.840536438119893,"{'trail_atr_mult': 3.0, 'trail_atr_len': 14, 'tp_converts_to_trail': True, 'rsi': np.float64(58.709021418728916), 'atr': 7.338259411530733, 'exit_reason': 'sl_gap', 'signal_time': Timestamp('2024-08-19 14:00:00+0000', tz='UTC')}"
2024-08-20 08:00:00+00:00,2024-08-20 16:00:00+00:00,1,2515.0350000000003,2512.408548974653,2512.5835489746532,2532.497548874958,0.34,-89.29933486180653,-0.2915436548639121,"{'trail_atr_mult': 3.0, 'trail_atr_len': 14, 'tp_converts_to_trail': True, 'rsi': np.float64(68.04965847646942), 'atr': 5.88251629165257, 'exit_reason': 'sl', 'signal_time': Timestamp('2024-08-20 07:00:00+0000', tz='UTC')}"
2024-08-21 02:00:00+00:00,2024-08-21 09:00:00+00:00,1,2516.885,2507.3397838583446,2507.514783858345,2535.13043228331,0.33,-314.9921326746349,-1.0186761967231703,"{'trail_atr_mult': 3.0, 'trail_atr_len': 14, 'tp_converts_to_trail': True, 'rsi': np.float64(56.822637372061266), 'atr': 6.136810761103268, 'exit_reason': 'sl', 'signal_time': Timestamp('2024-08-21 01:00:00+0000', tz='UTC')}"
2024-08-21 19:00:00+00:00,2024-08-22 03:00:00+00:00,1,2516.065,2505.0599587165602,2505.2349587165604,2537.23008256688,0.28,-274.541155936315,-0.9053558547771041,"{'trail_atr_mult': 3.0, 'trail_atr_len': 14, 'tp_converts_to_trail': True, 'rsi': np.float64(56.75112207678003), 'atr': 7.110027522293211, 'exit_reason': 'sl', 'signal_time': Timestamp('2024-08-21 18:00:00+0000', tz='UTC')}"
2024-08-26 20:00:00+00:00,2024-08-27 02:00:00+00:00,1,2518.2250000000004,2509.667489724625,2509.842489724625,2534.4350205507494,0.37,-301.82788018889477,-0.9731583985455069,"{'trail_atr_mult': 3.0, 'trail_atr_len': 14, 'tp_converts_to_trail': True, 'rsi': np.float64(55.48420496541573), 'atr': 5.465006850249877, 'exit_reason': 'sl', 'signal_time': Timestamp('2024-08-26 19:00:00+0000', tz='UTC')}"
2024-08-26 17:00:00+00:00,2024-08-27 02:00:00+00:00,1,2520.235,2511.4836649086806,2511.6586649086807,2536.922670182638,0.36,-300.6480632875042,-0.9737650176206906,"{'trail_atr_mult': 3.0, 'trail_atr_len': 14, 'tp_converts_to_trail': True, 'rsi': np.float64(59.41175928268955), 'atr': 5.614223394212691, 'exit_reason': 'sl', 'signal_time': Timestamp('2024-08-26 16:00:00+0000', tz='UTC')}"
2024-08-26 15:00:00+00:00,2024-08-27 02:00:00+00:00,1,2517.005,2509.0697024169626,2509.244702416963,2533.2546352414033,0.36,-271.27071298934936,-0.8968117992197904,"{'trail_atr_mult': 3.0, 'trail_atr_len': 14, 'tp_converts_to_trail': True, 'rsi': np.float64(55.314408784234665), 'atr': 5.478211747134356, 'exit_reason': 'sl', 'signal_time': Timestamp('2024-08-26 14:00:00+0000', tz='UTC')}"
2024-08-27 18:00:00+00:00,2024-08-28 03:00:00+00:00,1,2520.135,2513.2356940959303,2513.4106940959305,2538.8711978824317,0.31,-201.4784830261679,-0.6717213005165036,"{'trail_atr_mult': 3.0, 'trail_atr_len': 14, 'tp_converts_to_trail': True, 'rsi': np.float64(59.87274929808336), 'atr': 6.313732627477256, 'exit_reason': 'sl', 'signal_time': Timestamp('2024-08-27 17:00:00+0000', tz='UTC')}"
2024-08-29 15:00:00+00:00,2024-08-30 04:00:00+00:00,1,2522.2050000000004,2513.2427900342173,2513.4177900342174,2540.9041889234595,0.31,-265.4285089392771,-0.885248794835616,"{'trail_atr_mult': 3.0, 'trail_atr_len': 14, 'tp_converts_to_trail': True, 'rsi': np.float64(58.05291633143668), 'atr': 6.3047296411533, 'exit_reason': 'sl', 'signal_time': Timestamp('2024-08-29 14:00:00+0000', tz='UTC')}"
2024-08-30 09:00:00+00:00,2024-08-30 14:00:00+00:00,1,2522.9950000000003,2514.704285631098,2514.8792856310984,2538.701428737804,0.37,-306.7564316493804,-1.021563104866129,"{'trail_atr_mult': 3.0, 'trail_atr_len': 14, 'tp_converts_to_trail': True, 'rsi': np.float64(59.383685807728284), 'atr': 5.2938095792678315, 'exit_reason': 'sl', 'signal_time': Timestamp('2024-08-30 08:00:00+0000', tz='UTC')}"
2024-09-06 13:00:00+00:00,2024-09-06 14:00:00+00:00,1,2522.3250000000003,2514.1815600311365,2514.3565600311367,2537.796879937727,0.38,-309.4507188168218,-1.021961638750369,"{'trail_atr_mult': 3.0, 'trail_atr_len': 14, 'tp_converts_to_trail': True, 'rsi': np.float64(63.75228965460038), 'atr': 5.208959979242361, 'exit_reason': 'sl', 'signal_time': Timestamp('2024-09-06 12:00:00+0000', tz='UTC')}"
2024-09-10 13:00:00+00:00,2024-09-10 14:00:00+00:00,1,2513.875,2506.4554955995022,2506.6304955995024,2527.8690088009953,0.42,-311.6191848209064,-1.0241562417973218,"{'trail_atr_mult': 3.0, 'trail_atr_len': 14, 'tp_converts_to_trail': True, 'rsi': np.float64(66.05113308192912), 'atr': 4.719669600331822, 'exit_reason': 'sl', 'signal_time': Timestamp('2024-09-10 12:00:00+0000', tz='UTC')}"
2024-09-10 10:00:00+00:00,2024-09-11 03:00:00+00:00,1,2506.0950000000003,2518.4449999999997,2519.2395631087556,,0.44,560.999999999976,1.8492246490251323,"{'trail_atr_mult': 3.0, 'trail_atr_len': 14, 'tp_converts_to_trail': True, 'rsi': np.float64(56.04537359554314), 'atr': 4.453187702918468, 'exit_reason': 'sl_gap', 'signal_time': Timestamp('2024-09-10 09:00:00+0000', tz='UTC')}"
2024-09-10 15:00:00+00:00,2024-09-11 08:00:00+00:00,1,2509.145,2524.6104718743272,2524.7854718743274,,0.37,587.0224593501082,1.9665333617630223,"{'trail_atr_mult': 3.0, 'trail_atr_len': 14, 'tp_converts_to_trail': True, 'rsi': np.float64(56.668767049991956), 'atr': 5.268490624775825, 'exit_reason': 'sl', 'signal_time': Timestamp('2024-09-10 14:00:00+0000', tz='UTC')}"
2024-09-12 10:00:00+00:00,2024-09-12 14:00:00+00:00,1,2518.835,2528.2549999999997,2531.1390622184667,,0.47,442.739999999982,1.4719828436192819,"{'trail_atr_mult': 3.0, 'trail_atr_len': 14, 'tp_converts_to_trail': True, 'rsi': np.float64(57.05669459688085), 'atr': 4.156354072822271, 'exit_reason': 'sl_gap', 'signal_time': Timestamp('2024-09-12 09:00:00+0000', tz='UTC')}"
2024-09-12 12:00:00+00:00,2024-09-12 14:00:00+00:00,1,2519.585,2528.2549999999997,2533.2923546679635,,0.43,372.8099999999836,1.2157880240454984,"{'trail_atr_mult': 3.0, 'trail_atr_len': 14, 'tp_converts_to_trail': True, 'rsi': np.float64(56.344174192989286), 'atr': 4.630784889321141, 'exit_reason': 'sl_gap', 'signal_time': Timestamp('2024-09-12 11:00:00+0000', tz='UTC')}"
2024-09-12 05:00:00+00:00,2024-09-12 14:00:00+00:00,1,2517.0950000000003,2528.2549999999997,2530.045010728952,,0.45,502.19999999997304,1.6563994232703159,"{'trail_atr_mult': 3.0, 'trail_atr_len': 14, 'tp_converts_to_trail': True, 'rsi': np.float64(55.43360975926562), 'atr': 4.3750035763173765, 'exit_reason': 'sl_gap', 'signal_time': Timestamp('2024-09-12 04:00:00+0000', tz='UTC')}"
2024-09-17 00:00:00+00:00,2024-09-17 04:00:00+00:00,1,2583.7850000000003,2576.5721328128016,2576.7471328128017,2597.3057343743967,0.44,-317.36615623674516,-1.02486548770322,"{'trail_atr_mult': 3.0, 'trail_atr_len': 14, 'tp_converts_to_trail': True, 'rsi': np.float64(55.49205773556801), 'atr': 4.5685781247988615, 'exit_reason': 'sl', 'signal_time': Timestamp('2024-09-16 23:00:00+0000', tz='UTC')}"
2024-09-16 12:00:00+00:00,2024-09-17 05:00:00+00:00,1,2583.0750000000003,2575.466943320035,2575.6419433200354,2598.826349251528,0.38,-273.9061538386739,-0.8857092666881075,"{'trail_atr_mult': 3.0, 'trail_atr_len': 14, 'tp_converts_to_trail': True, 'rsi': np.float64(57.457548262677996), 'atr': 5.308783083842624, 'exit_reason': 'sl', 'signal_time': Timestamp('2024-09-16 11:00:00+0000', tz='UTC')}"
2024-09-16 17:00:00+00:00,2024-09-17 05:00:00+00:00,1,2583.715,2574.7819561486217,2574.956956148622,2600.8560877027567,0.35,-298.65653479824545,-0.9743093316477959,"{'trail_atr_mult': 3.0, 'trail_atr_len': 14, 'tp_converts_to_trail': True, 'rsi': np.float64(55.57493215303985), 'atr': 5.755362567585463, 'exit_reason': 'sl', 'signal_time': Timestamp('2024-09-16 16:00:00+0000', tz='UTC')}"
2024-09-17 07:00:00+00:00,2024-09-17 10:00:00+00:00,1,2584.405,2576.8449365509214,2577.0199365509216,2598.650126898157,0.41,-309.96260141223183,-1.0236964788734504,"{'trail_atr_mult': 3.0, 'trail_atr_len': 14, 'tp_converts_to_trail': True, 'rsi': np.float64(56.13795428182843), 'atr': 4.8067089660522715, 'exit_reason': 'sl', 'signal_time': Timestamp('2024-09-17 06:00:00+0000', tz='UTC')}"
2024-09-19 15:00:00+00:00,2024-09-20 09:00:00+00:00,1,2581.315,2606.865,2608.449017561908,,0.22,570.899999999994,1.8764223958364727,"{'trail_atr_mult': 3.0, 'trail_atr_len': 14, 'tp_converts_to_trail': True, 'rsi': np.float64(55.35629337179238), 'atr': 9.103005853969332, 'exit_reason': 'sl_gap', 'signal_time': Timestamp('2024-09-19 14:00:00+0000', tz='UTC')}"
2024-09-23 10:00:00+00:00,2024-09-24 07:00:00+00:00,1,2621.675,2625.1549999999997,2639.4366435439324,,0.33,128.03999999998558,0.42435343486387234,"{'trail_atr_mult': 3.0, 'trail_atr_len': 14, 'tp_converts_to_trail': True, 'rsi': np.float64(56.50553869043414), 'atr': 5.978881181310839, 'exit_reason': 'sl_gap', 'signal_time': Timestamp('2024-09-23 09:00:00+0000', tz='UTC')}"
2024-09-24 02:00:00+00:00,2024-09-24 08:00:00+00:00,1,2629.1850000000004,2623.747905125031,2623.9229051250313,2642.723162647663,0.44,-239.2321744986475,-0.776552413447354,"{'trail_atr_mult': 3.0, 'trail_atr_len': 14, 'tp_converts_to_trail': True, 'rsi': np.float64(59.330481504887835), 'atr': 4.564387549220805, 'exit_reason': 'sl', 'signal_time': Timestamp('2024-09-24 01:00:00+0000', tz='UTC')}"
2024-09-24 10:00:00+00:00,2024-09-24 16:00:00+00:00,1,2630.855,2643.2549999999997,2646.727856766176,,0.37,458.7999999999865,1.5123927689838643,"{'trail_atr_mult': 3.0, 'trail_atr_len': 14, 'tp_converts_to_trail': True, 'rsi': np.float64(55.905675332376134), 'atr': 5.34928558872544, 'exit_reason': 'sl_gap', 'signal_time': Timestamp('2024-09-24 09:00:00+0000', tz='UTC')}"
2024-09-24 13:00:00+00:00,2024-09-24 18:00:00+00:00,1,2633.235,2650.786330654259,2650.961330654259,,0.33,579.1939115905434,1.9045104212486546,"{'trail_atr_mult': 3.0, 'trail_atr_len': 14, 'tp_converts_to_trail': True, 'rsi': np.float64(56.58855860181155), 'atr': 5.987110218086441, 'exit_reason': 'sl', 'signal_time': Timestamp('2024-09-24 12:00:00+0000', tz='UTC')}"
2024-09-25 18:00:00+00:00,2024-09-26 13:00:00+00:00,1,2660.665,2680.6590763777613,2680.8340763777614,,0.3,635.8222913328391,2.054279143853916,"{'trail_atr_mult': 3.0, 'trail_atr_len': 14, 'tp_converts_to_trail': True, 'rsi': np.float64(57.244100381304186), 'atr': 6.774692125920346, 'exit_reason': 'sl', 'signal_time': Timestamp('2024-09-25 17:00:00+0000', tz='UTC')}"
2024-09-26 02:00:00+00:00,2024-09-26 13:00:00+00:00,1,2660.895,2676.8476642217415,2677.0226642217417,,0.37,590.2485762044371,1.909051005881932,"{'trail_atr_mult': 3.0, 'trail_atr_len': 14, 'tp_converts_to_trail': True, 'rsi': np.float64(56.741826897385025), 'atr': 5.44088807391395, 'exit_reason': 'sl', 'signal_time': Timestamp('2024-09-26 01:00:00+0000', tz='UTC')}"
2024-09-26 04:00:00+00:00,2024-09-26 13:00:00+00:00,1,2662.655,2678.26046047691,2678.43546047691,,0.37,577.4020376456583,1.896690827802245,"{'trail_atr_mult': 3.0, 'trail_atr_len': 14, 'tp_converts_to_trail': True, 'rsi': np.float64(57.99683377739243), 'atr': 5.335153492303426, 'exit_reason': 'sl', 'signal_time': Timestamp('2024-09-26 03:00:00+0000', tz='UTC')}"
2024-09-27 04:00:00+00:00,2024-09-27 06:00:00+00:00,1,2673.735,2664.143744697618,2664.318744697618,2692.0125106047644,0.33,-316.5114249786143,-1.0185848826715553,"{'trail_atr_mult': 3.0, 'trail_atr_len': 14, 'tp_converts_to_trail': True, 'rsi': np.float64(56.943270676831794), 'atr': 6.1541702015880855, 'exit_reason': 'sl', 'signal_time': Timestamp('2024-09-27 03:00:00+0000', tz='UTC')}"
2024-09-26 18:00:00+00:00,2024-09-27 10:00:00+00:00,1,2671.0750000000003,2659.4812401527197,2659.65624015272,2694.938330949415,0.25,-279.8439961820145,-0.9134657003273293,"{'trail_atr_mult': 3.0, 'trail_atr_len': 14, 'tp_converts_to_trail': True, 'rsi': np.float64(55.87738334983737), 'atr': 8.026110316471613, 'exit_reason': 'sl', 'signal_time': Timestamp('2024-09-26 17:00:00+0000', tz='UTC')}"
2024-09-26 16:00:00+00:00,2024-09-27 10:00:00+00:00,1,2671.485,2659.4812401527197,2659.65624015272,2695.913508083345,0.25,-290.09399618201087,-0.9300303435111283,"{'trail_atr_mult': 3.0, 'trail_atr_len': 14, 'tp_converts_to_trail': True, 'rsi': np.float64(56.73397002756001), 'atr': 8.20116936111494, 'exit_reason': 'sl', 'signal_time': Timestamp('2024-09-26 15:00:00+0000', tz='UTC')}"
2024-10-02 02:00:00+00:00,2024-10-02 06:00:00+00:00,1,2660.665,2650.50533805925,2650.68033805925,2680.1393238815,0.31,-314.9495201632526,-1.01752688283676,"{'trail_atr_mult': 3.0, 'trail_atr_len': 14, 'tp_converts_to_trail': True, 'rsi': np.float64(57.247520006721324), 'atr': 6.546441293833269, 'exit_reason': 'sl', 'signal_time': Timestamp('2024-10-02 01:00:00+0000', tz='UTC')}"
2024-10-02 14:00:00+00:00,2024-10-02 15:00:00+00:00,1,2659.635,2649.351486098448,2649.526486098448,2679.267027803104,0.31,-318.7889309481243,-1.0173121392228892,"{'trail_atr_mult': 3.0, 'trail_atr_len': 14, 'tp_converts_to_trail': True, 'rsi': np.float64(57.13128284756631), 'atr': 6.6090092677014, 'exit_reason': 'sl', 'signal_time': Timestamp('2024-10-02 13:00:00+0000', tz='UTC')}"
2024-10-02 20:00:00+00:00,2024-10-03 08:00:00+00:00,1,2658.645,2648.082829492197,2648.2578294921973,2678.894341015605,0.3,-280.86511523408626,-0.9013205762599302,"{'trail_atr_mult': 3.0, 'trail_atr_len': 14, 'tp_converts_to_trail': True, 'rsi': np.float64(56.2068620770171), 'atr': 6.808113671868403, 'exit_reason': 'sl', 'signal_time': Timestamp('2024-10-02 19:00:00+0000', tz='UTC')}"
2024-10-04 01:00:00+00:00,2024-10-04 13:00:00+00:00,1,2657.3250000000003,2652.9288318921963,2653.1038318921965,2674.3104471986794,0.35,-153.86588377313956,-0.5029811946843065,"{'trail_atr_mult': 3.0, 'trail_atr_len': 14, 'tp_converts_to_trail': True, 'rsi': np.float64(55.7149331278379), 'atr': 5.716815732893121, 'exit_reason': 'sl', 'signal_time': Timestamp('2024-10-04 00:00:00+0000', tz='UTC')}"
2024-10-04 08:00:00+00:00,2024-10-04 13:00:00+00:00,1,2661.1150000000002,2652.791560016428,2652.966560016428,2676.856879967143,0.38,-316.2907193757501,-1.0214765035212867,"{'trail_atr_mult': 3.0, 'trail_atr_len': 14, 'tp_converts_to_trail': True, 'rsi': np.float64(55.74900771531238), 'atr': 5.308959989047708, 'exit_reason': 'sl', 'signal_time': Timestamp('2024-10-04 07:00:00+0000', tz='UTC')}"
2024-10-04 12:00:00+00:00,2024-10-04 13:00:00+00:00,1,2661.395,2653.68249337852,2653.8574933785203,2675.91501324296,0.41,-316.21277148067423,-1.0232172267021937,"{'trail_atr_mult': 3.0, 'trail_atr_len': 14, 'tp_converts_to_trail': True, 'rsi': np.float64(55.83920290966262), 'atr': 4.901671080986622, 'exit_reason': 'sl', 'signal_time': Timestamp('2024-10-04 11:00:00+0000', tz='UTC')}"
2024-10-14 03:00:00+00:00,2024-10-14 13:00:00+00:00,1,2655.3450000000003,2649.297973194933,2649.4729731949333,2673.525637813739,0.33,-199.55188456721635,-0.648626436432375,"{'trail_atr_mult': 3.0, 'trail_atr_len': 14, 'tp_converts_to_trail': True, 'rsi': np.float64(61.35483970630213), 'atr': 6.111879271246328, 'exit_reason': 'sl', 'signal_time': Timestamp('2024-10-14 02:00:00+0000', tz='UTC')}"
2024-10-15 09:00:00+00:00,2024-10-16 07:00:00+00:00,1,2653.985,2669.3149999999996,2670.1003111959276,,0.37,582.0099999999804,1.8905896428005151,"{'trail_atr_mult': 3.0, 'trail_atr_len': 14, 'tp_converts_to_trail': True, 'rsi': np.float64(55.97247175506785), 'atr': 5.430103731975825, 'exit_reason': 'sl_gap', 'signal_time': Timestamp('2024-10-15 08:00:00+0000', tz='UTC')}"
2024-10-15 15:00:00+00:00,2024-10-16 10:00:00+00:00,1,2659.9550000000004,2679.560172922116,2679.7351729221164,,0.3,600.155187663474,1.9445934182756726,"{'trail_atr_mult': 3.0, 'trail_atr_len': 14, 'tp_converts_to_trail': True, 'rsi': np.float64(62.05391188938747), 'atr': 6.681724307372038, 'exit_reason': 'sl', 'signal_time': Timestamp('2024-10-15 14:00:00+0000', tz='UTC')}"
2024-10-16 17:00:00+00:00,2024-10-17 16:00:00+00:00,1,2674.465,2694.2671960022076,2694.4421960022078,,0.3,630.0658800662231,2.016320890988244,"{'trail_atr_mult': 3.0, 'trail_atr_len': 14, 'tp_converts_to_trail': True, 'rsi': np.float64(56.66569443407551), 'atr': 6.754065334069314, 'exit_reason': 'sl', 'signal_time': Timestamp('2024-10-16 16:00:00+0000', tz='UTC')}"
2024-10-17 14:00:00+00:00,2024-10-18 04:00:00+00:00,1,2689.145,2707.5334105069364,2707.7084105069366,,0.31,582.44072571503,1.9114882660841201,"{'trail_atr_mult': 3.0, 'trail_atr_len': 14, 'tp_converts_to_trail': True, 'rsi': np.float64(62.562935509103504), 'atr': 6.309470168978765, 'exit_reason': 'sl', 'signal_time': Timestamp('2024-10-17 13:00:00+0000', tz='UTC')}"
2024-10-22 02:00:00+00:00,2024-10-22 18:00:00+00:00,1,2728.175,2745.2268972547076,2745.401897254708,,0.36,613.8683011694684,1.957524717935027,"{'trail_atr_mult': 3.0, 'trail_atr_len': 14, 'tp_converts_to_trail': True, 'rsi': np.float64(56.39313776598625), 'atr': 5.763965751569191, 'exit_reason': 'sl', 'signal_time': Timestamp('2024-10-22 01:00:00+0000', tz='UTC')}"
2024-10-22 13:00:00+00:00,2024-10-23 09:00:00+00:00,1,2736.395,2754.6322674898315,2754.8072674898317,,0.33,615.0298271644408,1.9714395535848552,"{'trail_atr_mult': 3.0, 'trail_atr_len': 14, 'tp_converts_to_trail': True, 'rsi': np.float64(57.78422648070839), 'atr': 6.192422496610577, 'exit_reason': 'sl', 'signal_time': Timestamp('2024-10-22 12:00:00+0000', tz='UTC')}"
2024-10-23 04:00:00+00:00,2024-10-23 13:00:00+00:00,1,2746.3650000000002,2742.589616484997,2742.764616484997,2762.802713373173,0.36,-135.91380654012028,-0.43892884024807327,"{'trail_atr_mult': 3.0, 'trail_atr_len': 14, 'tp_converts_to_trail': True, 'rsi': np.float64(58.724099493906316), 'atr': 5.564237791057561, 'exit_reason': 'sl', 'signal_time': Timestamp('2024-10-23 03:00:00+0000', tz='UTC')}"
2024-10-24 20:00:00+00:00,2024-10-25 03:00:00+00:00,1,2737.2650000000003,2727.3914242229107,2727.566424222911,2755.1771515541777,0.32,-303.15442486686806,-0.9768007174278798,"{'trail_atr_mult': 3.0, 'trail_atr_len': 14, 'tp_converts_to_trail': True, 'rsi': np.float64(56.58630382176331), 'atr': 6.135717184725916, 'exit_reason': 'sl', 'signal_time': Timestamp('2024-10-24 19:00:00+0000', tz='UTC')}"
2024-10-28 06:00:00+00:00,2024-10-28 09:00:00+00:00,1,2740.895,2730.8759828258244,2731.0509828258246,2759.6380343483506,0.32,-320.6085495736188,-1.0177772952752737,"{'trail_atr_mult': 3.0, 'trail_atr_len': 14, 'tp_converts_to_trail': True, 'rsi': np.float64(56.80706359154829), 'atr': 6.352678116116873, 'exit_reason': 'sl', 'signal_time': Timestamp('2024-10-28 05:00:00+0000', tz='UTC')}"
2024-10-28 13:00:00+00:00,2024-10-29 14:00:00+00:00,1,2741.0150000000003,2759.595,2760.3474784350587,,0.32,607.3599999999831,1.9379727781629015,"{'trail_atr_mult': 3.0, 'trail_atr_len': 14, 'tp_converts_to_trail': True, 'rsi': np.float64(57.33539602895594), 'atr': 6.472492811686283, 'exit_reason': 'sl_gap', 'signal_time': Timestamp('2024-10-28 12:00:00+0000', tz='UTC')}"
2024-10-29 13:00:00+00:00,2024-10-30 01:00:00+00:00,1,2759.945,2777.955,2779.118790092086,,0.32,589.1199999999924,1.9098708904514201,"{'trail_atr_mult': 3.0, 'trail_atr_len': 14, 'tp_converts_to_trail': True, 'rsi': np.float64(64.36169894822542), 'atr': 6.402930030695304, 'exit_reason': 'sl_gap', 'signal_time': Timestamp('2024-10-29 12:00:00+0000', tz='UTC')}"
2024-10-30 14:00:00+00:00,2024-10-31 10:00:00+00:00,1,2780.295,2774.4758995916454,2774.6508995916456,2800.1314548096684,0.31,-143.19211265899395,-0.45707747926637693,"{'trail_atr_mult': 3.0, 'trail_atr_len': 14, 'tp_converts_to_trail': True, 'rsi': np.float64(57.99323348343508), 'atr': 6.653818269889386, 'exit_reason': 'sl', 'signal_time': Timestamp('2024-10-30 13:00:00+0000', tz='UTC')}"
2024-11-29 15:00:00+00:00,2024-11-29 19:00:00+00:00,1,2659.0950000000003,2648.6163913264736,2648.791391326474,2679.0272173470526,0.31,-324.8368688793262,-1.0169843406853967,"{'trail_atr_mult': 3.0, 'trail_atr_len': 14, 'tp_converts_to_trail': True, 'rsi': np.float64(56.968765885250654), 'atr': 6.719072449017528, 'exit_reason': 'sl', 'signal_time': Timestamp('2024-11-29 14:00:00+0000', tz='UTC')}"
2024-12-05 05:00:00+00:00,2024-12-05 08:00:00+00:00,1,2653.215,2644.3192959459107,2644.494295945911,2670.431408108178,0.36,-320.2453459472217,-1.0200671871118159,"{'trail_atr_mult': 3.0, 'trail_atr_len': 14, 'tp_converts_to_trail': True, 'rsi': np.float64(57.35847764027673), 'atr': 5.763802702726094, 'exit_reason': 'sl', 'signal_time': Timestamp('2024-12-05 04:00:00+0000', tz='UTC')}"
2024-12-05 12:00:00+00:00,2024-12-05 13:00:00+00:00,1,2653.415,2644.3993164352546,2644.574316435255,2670.6013671294904,0.36,-324.56460833083287,-1.019794849427486,"{'trail_atr_mult': 3.0, 'trail_atr_len': 14, 'tp_converts_to_trail': True, 'rsi': np.float64(56.7124367446216), 'atr': 5.7837890431634085, 'exit_reason': 'sl', 'signal_time': Timestamp('2024-12-05 11:00:00+0000', tz='UTC')}"
2024-12-04 14:00:00+00:00,2024-12-05 14:00:00+00:00,1,2651.175,2640.489637421962,2640.664637421962,2668.8439110547156,0.25,-237.13406445095416,-0.7660633699644744,"{'trail_atr_mult': 3.0, 'trail_atr_len': 14, 'tp_converts_to_trail': True, 'rsi': np.float64(55.16370324753764), 'atr': 6.677970351571931, 'exit_reason': 'sl', 'signal_time': Timestamp('2024-12-04 13:00:00+0000', tz='UTC')}"
2024-12-04 17:00:00+00:00,2024-12-05 14:00:00+00:00,1,2651.565,2641.0059397618056,2641.180939761806,2671.7781204763887,0.3,-280.771807145833,-0.9012910194579089,"{'trail_atr_mult': 3.0, 'trail_atr_len': 14, 'tp_converts_to_trail': True, 'rsi': np.float64(56.00650924800153), 'atr': 6.799373492129531, 'exit_reason': 'sl', 'signal_time': Timestamp('2024-12-04 16:00:00+0000', tz='UTC')}"
2024-12-04 19:00:00+00:00,2024-12-05 14:00:00+00:00,1,2651.755,2641.3447898966588,2641.519789896659,2671.8804202066817,0.31,-285.5165132035816,-0.8998554998235728,"{'trail_atr_mult': 3.0, 'trail_atr_len': 14, 'tp_converts_to_trail': True, 'rsi': np.float64(55.85406941946906), 'atr': 6.746806735560666, 'exit_reason': 'sl', 'signal_time': Timestamp('2024-12-04 18:00:00+0000', tz='UTC')}"
2024-12-09 22:00:00+00:00,2024-12-10 14:00:00+00:00,1,2661.025,2679.870477719134,2680.0454777191344,,0.29,558.1188538548896,1.7856693291514731,"{'trail_atr_mult': 3.0, 'trail_atr_len': 14, 'tp_converts_to_trail': True, 'rsi': np.float64(56.69665737271529), 'atr': 6.6218259063782074, 'exit_reason': 'sl', 'signal_time': Timestamp('2024-12-09 20:00:00+0000', tz='UTC')}"
2024-12-10 09:00:00+00:00,2024-12-11 04:00:00+00:00,1,2665.215,2685.6737160421844,2685.8487160421846,,0.34,709.1963454342655,2.3028156036081935,"{'trail_atr_mult': 3.0, 'trail_atr_len': 14, 'tp_converts_to_trail': True, 'rsi': np.float64(55.664729352723846), 'atr': 5.888612328751126, 'exit_reason': 'sl', 'signal_time': Timestamp('2024-12-10 08:00:00+0000', tz='UTC')}"
2024-12-11 08:00:00+00:00,2024-12-11 16:00:00+00:00,1,2690.885,2712.915,2714.622299702019,,0.26,572.7799999999934,1.8364225416996052,"{'trail_atr_mult': 3.0, 'trail_atr_len': 14, 'tp_converts_to_trail': True, 'rsi': np.float64(55.59145636197099), 'atr': 7.9407665673395575, 'exit_reason': 'sl_gap', 'signal_time': Timestamp('2024-12-11 07:00:00+0000', tz='UTC')}"
2024-12-11 06:00:00+00:00,2024-12-11 18:00:00+00:00,1,2695.065,2717.7549999999997,2718.8202410745307,,0.27,612.6299999999892,1.9636316148174393,"{'trail_atr_mult': 3.0, 'trail_atr_len': 14, 'tp_converts_to_trail': True, 'rsi': np.float64(61.15859901047471), 'atr': 7.846747024843475, 'exit_reason': 'sl_gap', 'signal_time': Timestamp('2024-12-11 05:00:00+0000', tz='UTC')}"
2024-12-12 03:00:00+00:00,2024-12-12 13:00:00+00:00,1,2710.4350000000004,2699.0611272221768,2699.236127222177,2734.4068313355015,0.26,-295.7206922234145,-0.9274636924958435,"{'trail_atr_mult': 3.0, 'trail_atr_len': 14, 'tp_converts_to_trail': True, 'rsi': np.float64(55.186332790223496), 'atr': 8.052277111833806, 'exit_reason': 'sl', 'signal_time': Timestamp('2024-12-12 02:00:00+0000', tz='UTC')}"
2025-01-03 10:00:00+00:00,2025-01-03 13:00:00+00:00,1,2657.795,2646.64334519177,2646.8183451917703,2679.283309616459,0.27,-301.09467982220946,-1.0159429264249957,"{'trail_atr_mult': 3.0, 'trail_atr_len': 14, 'tp_converts_to_trail': True, 'rsi': np.float64(60.50991494630806), 'atr': 5.41082740411478, 'exit_reason': 'sl', 'signal_time': Timestamp('2025-01-03 09:00:00+0000', tz='UTC')}"
2025-01-07 16:00:00+00:00,2025-01-08 17:00:00+00:00,1,2651.905,2653.0675001293607,2653.242500129361,2680.129987202411,0.2,31.250002587210474,0.10813154472470471,"{'trail_atr_mult': 3.0, 'trail_atr_len': 14, 'tp_converts_to_trail': True, 'rsi': np.float64(57.00076568404205), 'atr': 7.112496800602829, 'exit_reason': 'sl', 'signal_time': Timestamp('2025-01-07 15:00:00+0000', tz='UTC')}"
2025-01-07 20:00:00+00:00,2025-01-08 17:00:00+00:00,1,2650.0550000000003,2653.0675001293607,2653.242500129361,2676.1172720868412,0.23,78.48750297528996,0.26788583312441355,"{'trail_atr_mult': 3.0, 'trail_atr_len': 14, 'tp_converts_to_trail': True, 'rsi': np.float64(55.11505932567399), 'atr': 6.466818021710297, 'exit_reason': 'sl', 'signal_time': Timestamp('2025-01-07 19:00:00+0000', tz='UTC')}"
2025-01-08 00:00:00+00:00,2025-01-08 17:00:00+00:00,1,2650.735,2653.0675001293607,2653.242500129361,2673.4862816234663,0.25,58.31250323401491,0.19990332367390212,"{'trail_atr_mult': 3.0, 'trail_atr_len': 14, 'tp_converts_to_trail': True, 'rsi': np.float64(55.20757523049725), 'atr': 5.73657040586664, 'exit_reason': 'sl', 'signal_time': Timestamp('2025-01-07 23:00:00+0000', tz='UTC')}"
2025-01-08 06:00:00+00:00,2025-01-08 17:00:00+00:00,1,2652.195,2653.0675001293607,2653.242500129361,2672.2770796682134,0.29,25.30250375145624,0.08492692328538624,"{'trail_atr_mult': 3.0, 'trail_atr_len': 14, 'tp_converts_to_trail': True, 'rsi': np.float64(57.154934652903066), 'atr': 5.059269917053323, 'exit_reason': 'sl', 'signal_time': Timestamp('2025-01-08 05:00:00+0000', tz='UTC')}"
2025-01-08 12:00:00+00:00,2025-01-08 17:00:00+00:00,1,2652.195,2653.0675001293607,2653.242500129361,2671.039986229729,0.3,26.1750038808168,0.08871385258438731,"{'trail_atr_mult': 3.0, 'trail_atr_len': 14, 'tp_converts_to_trail': True, 'rsi': np.float64(55.24846850191961), 'atr': 4.7799965574322005, 'exit_reason': 'sl', 'signal_time': Timestamp('2025-01-08 11:00:00+0000', tz='UTC')}"
2025-01-09 06:00:00+00:00,2025-01-10 13:00:00+00:00,1,2666.905,2669.704226853815,2669.879226853815,2689.008002188832,0.26,83.17989819918003,0.28314245012292205,"{'trail_atr_mult': 3.0, 'trail_atr_len': 14, 'tp_converts_to_trail': True, 'rsi': np.float64(62.3846093990174), 'atr': 5.567000547208041, 'exit_reason': 'sl', 'signal_time': Timestamp('2025-01-09 05:00:00+0000', tz='UTC')}"
2025-01-09 18:00:00+00:00,2025-01-10 13:00:00+00:00,1,2671.605,2669.704226853815,2669.879226853815,2695.3165955369195,0.24,-36.01855550844484,-0.12247912150215161,"{'trail_atr_mult': 3.0, 'trail_atr_len': 14, 'tp_converts_to_trail': True, 'rsi': np.float64(60.42314481784076), 'atr': 5.994148884229833, 'exit_reason': 'sl', 'signal_time': Timestamp('2025-01-09 17:00:00+0000', tz='UTC')}"
2025-01-08 19:00:00+00:00,2025-01-10 13:00:00+00:00,1,2658.585,2669.704226853815,2669.879226853815,2685.5740316889182,0.21,267.1037639301104,0.9136052563017997,"{'trail_atr_mult': 3.0, 'trail_atr_len': 14, 'tp_converts_to_trail': True, 'rsi': np.float64(55.085514922989844), 'atr': 6.818507922229528, 'exit_reason': 'sl', 'signal_time': Timestamp('2025-01-08 18:00:00+0000', tz='UTC')}"
2025-01-13 06:00:00+00:00,2025-01-13 10:00:00+00:00,1,2689.605,2677.244626228698,2677.4196262286982,2714.830747542603,0.24,-296.64897051124717,-1.0143614798597587,"{'trail_atr_mult': 3.0, 'trail_atr_len': 14, 'tp_converts_to_trail': True, 'rsi': np.float64(58.47879863663079), 'atr': 6.2351868856508395, 'exit_reason': 'sl', 'signal_time': Timestamp('2025-01-13 05:00:00+0000', tz='UTC')}"
2025-01-13 02:00:00+00:00,2025-01-13 12:00:00+00:00,1,2688.8650000000002,2674.7856040125234,2674.9606040125236,2715.8487919749537,0.21,-295.6673157370128,-1.0125859476497794,"{'trail_atr_mult': 3.0, 'trail_atr_len': 14, 'tp_converts_to_trail': True, 'rsi': np.float64(57.50028849312717), 'atr': 6.814697993738329, 'exit_reason': 'sl', 'signal_time': Timestamp('2025-01-13 01:00:00+0000', tz='UTC')}"
2025-01-15 03:00:00+00:00,2025-01-15 14:00:00+00:00,1,2676.2050000000004,2678.508137418363,2678.683137418363,2696.943450098201,0.28,64.4878477141483,0.21910175614415167,"{'trail_atr_mult': 3.0, 'trail_atr_len': 14, 'tp_converts_to_trail': True, 'rsi': np.float64(56.3198237706981), 'atr': 5.208362524550248, 'exit_reason': 'sl', 'signal_time': Timestamp('2025-01-15 02:00:00+0000', tz='UTC')}"
2025-01-15 16:00:00+00:00,2025-01-16 14:00:00+00:00,1,2689.4750000000004,2715.095,2715.6198333779694,,0.22,590.0399999999876,2.0067465158315425,"{'trail_atr_mult': 3.0, 'trail_atr_len': 14, 'tp_converts_to_trail': True, 'rsi': np.float64(59.39252625736733), 'atr': 6.584958344492305, 'exit_reason': 'sl_gap', 'signal_time': Timestamp('2025-01-15 15:00:00+0000', tz='UTC')}"
2025-01-17 15:00:00+00:00,2025-01-17 19:00:00+00:00,1,2714.505,2703.584453518391,2703.759453518391,2735.411092963218,0.28,-305.775301485055,-1.0162858166683002,"{'trail_atr_mult': 3.0, 'trail_atr_len': 14, 'tp_converts_to_trail': True, 'rsi': np.float64(56.733277319036894), 'atr': 5.275273240804469, 'exit_reason': 'sl', 'signal_time': Timestamp('2025-01-17 14:00:00+0000', tz='UTC')}"
2025-01-20 18:00:00+00:00,2025-01-21 15:00:00+00:00,1,2710.925,2735.1558072203234,2735.3308072203235,,0.23,566.5085660674333,1.957093151977701,"{'trail_atr_mult': 3.0, 'trail_atr_len': 14, 'tp_converts_to_trail': True, 'rsi': np.float64(55.50373131529044), 'atr': 6.165201805080923, 'exit_reason': 'sl', 'signal_time': Timestamp('2025-01-20 17:00:00+0000', tz='UTC')}"
2025-01-21 01:00:00+00:00,2025-01-21 18:00:00+00:00,1,2718.255,2739.825,2745.7076321069258,,0.21,452.9699999999939,1.5402944395764229,"{'trail_atr_mult': 3.0, 'trail_atr_len': 14, 'tp_converts_to_trail': True, 'rsi': np.float64(60.72691455585197), 'atr': 6.909408026731446, 'exit_reason': 'sl_gap', 'signal_time': Timestamp('2025-01-21 00:00:00+0000', tz='UTC')}"
2025-01-21 11:00:00+00:00,2025-01-22 05:00:00+00:00,1,2724.415,2751.301721483379,2751.476721483379,,0.21,573.0211511509591,1.94234202730883,"{'trail_atr_mult': 3.0, 'trail_atr_len': 14, 'tp_converts_to_trail': True, 'rsi': np.float64(58.44244089530646), 'atr': 6.8516803708447505, 'exit_reason': 'sl', 'signal_time': Timestamp('2025-01-21 10:00:00+0000', tz='UTC')}"
2025-01-20 14:00:00+00:00,2025-01-23 09:00:00+00:00,1,2710.165,2749.9078822164747,2750.082882216475,,0.24,1001.829173195394,3.4567893056346977,"{'trail_atr_mult': 3.0, 'trail_atr_len': 14, 'tp_converts_to_trail': True, 'rsi': np.float64(55.03150094157917), 'atr': 6.045311177619558, 'exit_reason': 'sl', 'signal_time': Timestamp('2025-01-20 13:00:00+0000', tz='UTC')}"
2025-01-20 06:00:00+00:00,2025-01-23 09:00:00+00:00,1,2711.425,2749.9078822164747,2750.082882216475,,0.26,1052.554937628338,3.6041476189063446,"{'trail_atr_mult': 3.0, 'trail_atr_len': 14, 'tp_converts_to_trail': True, 'rsi': np.float64(57.09641943943917), 'atr': 5.558652069370205, 'exit_reason': 'sl', 'signal_time': Timestamp('2025-01-20 05:00:00+0000', tz='UTC')}"
2025-01-23 16:00:00+00:00,2025-01-24 14:00:00+00:00,1,2754.2850000000003,2780.2127002636134,2780.3877002636136,,0.23,605.5371060631021,1.9641893936980435,"{'trail_atr_mult': 3.0, 'trail_atr_len': 14, 'tp_converts_to_trail': True, 'rsi': np.float64(55.32536463411103), 'atr': 6.584425065903348, 'exit_reason': 'sl', 'signal_time': Timestamp('2025-01-23 15:00:00+0000', tz='UTC')}"
2025-01-24 00:00:00+00:00,2025-01-24 14:00:00+00:00,1,2759.895,2781.9011938297035,2782.0761938297037,,0.27,594.1672334019954,1.951232907098408,"{'trail_atr_mult': 3.0, 'trail_atr_len': 14, 'tp_converts_to_trail': True, 'rsi': np.float64(61.17551655237096), 'atr': 5.576548457425908, 'exit_reason': 'sl', 'signal_time': Timestamp('2025-01-23 23:00:00+0000', tz='UTC')}"
2025-01-27 11:00:00+00:00,2025-01-27 13:00:00+00:00,1,2771.525,2757.5922947380177,2757.767294738018,2797.945410523964,0.22,-306.5195157636126,-1.0127201445784548,"{'trail_atr_mult': 3.0, 'trail_atr_len': 14, 'tp_converts_to_trail': True, 'rsi': np.float64(56.98735198326465), 'atr': 6.696352630990947, 'exit_reason': 'sl', 'signal_time': Timestamp('2025-01-27 10:00:00+0000', tz='UTC')}"
2025-01-30 02:00:00+00:00,2025-01-30 13:00:00+00:00,1,2760.4950000000003,2779.652981129406,2779.827981129406,,0.31,593.8974150115696,1.9324187373763677,"{'trail_atr_mult': 3.0, 'trail_atr_len': 14, 'tp_converts_to_trail': True, 'rsi': np.float64(55.19542657085039), 'atr': 4.874495282351519, 'exit_reason': 'sl', 'signal_time': Timestamp('2025-01-30 01:00:00+0000', tz='UTC')}"
2025-01-29 22:00:00+00:00,2025-01-30 14:00:00+00:00,1,2759.7850000000003,2781.6360123268523,2781.8110123268525,,0.28,645.4283451518564,2.063560235284819,"{'trail_atr_mult': 3.0, 'trail_atr_len': 14, 'tp_converts_to_trail': True, 'rsi': np.float64(55.20940922782164), 'atr': 5.53275308171317, 'exit_reason': 'sl', 'signal_time': Timestamp('2025-01-29 20:00:00+0000', tz='UTC')}"
2025-01-30 06:00:00+00:00,2025-01-30 14:00:00+00:00,1,2765.7650000000003,2783.9357944355734,2784.1107944355736,,0.33,599.6362163739104,1.9319539637527596,"{'trail_atr_mult': 3.0, 'trail_atr_len': 14, 'tp_converts_to_trail': True, 'rsi': np.float64(63.12592203439077), 'atr': 4.6251986088934, 'exit_reason': 'sl', 'signal_time': Timestamp('2025-01-30 05:00:00+0000', tz='UTC')}"
2025-01-31 20:00:00+00:00,2025-02-02 23:00:00+00:00,1,2801.3250000000003,2786.779666779452,2786.954666779452,2828.7306664410958,0.22,-302.3973308520648,-0.9565076195236636,"{'trail_atr_mult': 3.0, 'trail_atr_len': 14, 'tp_converts_to_trail': True, 'rsi': np.float64(55.097265876348295), 'atr': 6.962666610273942, 'exit_reason': 'sl', 'signal_time': Timestamp('2025-01-31 19:00:00+0000', tz='UTC')}"
2025-02-03 08:00:00+00:00,2025-02-03 15:00:00+00:00,1,2796.8650000000002,2828.3162354494275,2828.4912354494277,,0.19,597.5734735391179,1.9601137200835475,"{'trail_atr_mult': 3.0, 'trail_atr_len': 14, 'tp_converts_to_trail': True, 'rsi': np.float64(55.45141953305144), 'atr': 7.945308862356898, 'exit_reason': 'sl', 'signal_time': Timestamp('2025-02-03 07:00:00+0000', tz='UTC')}"
2025-02-04 12:00:00+00:00,2025-02-05 03:00:00+00:00,1,2822.1150000000002,2850.265473733414,2850.4404737334144,,0.21,599.5599484016928,1.9528051421948756,"{'trail_atr_mult': 3.0, 'trail_atr_len': 14, 'tp_converts_to_trail': True, 'rsi': np.float64(59.375123972342266), 'atr': 7.157618433353613, 'exit_reason': 'sl', 'signal_time': Timestamp('2025-02-04 11:00:00+0000', tz='UTC')}"
2025-02-04 09:00:00+00:00,2025-02-06 06:00:00+00:00,1,2820.125,2861.2523047139953,2861.4273047139955,,0.21,897.2733989939007,2.9091465068857705,"{'trail_atr_mult': 3.0, 'trail_atr_len': 14, 'tp_converts_to_trail': True, 'rsi': np.float64(58.994933839340234), 'atr': 7.326115148439972, 'exit_reason': 'sl', 'signal_time': Timestamp('2025-02-04 08:00:00+0000', tz='UTC')}"
2025-02-05 22:00:00+00:00,2025-02-06 08:00:00+00:00,1,2865.1150000000002,2852.0423047139957,2852.217304713996,2899.043046286432,0.22,-261.19929629210003,-0.8416457524981322,"{'trail_atr_mult': 3.0, 'trail_atr_len': 14, 'tp_converts_to_trail': True, 'rsi': np.float64(58.47225521301825), 'atr': 8.005761571608023, 'exit_reason': 'sl', 'signal_time': Timestamp('2025-02-05 20:00:00+0000', tz='UTC')}"
2025-02-06 11:00:00+00:00,2025-02-06 14:00:00+00:00,1,2866.235,2851.120841153139,2851.295841153139,2895.618317693723,0.21,-317.3973357840873,-1.0117141802824428,"{'trail_atr_mult': 3.0, 'trail_atr_len': 14, 'tp_converts_to_trail': True, 'rsi': np.float64(55.38917435783868), 'atr': 7.387079423430656, 'exit_reason': 'sl', 'signal_time': Timestamp('2025-02-06 10:00:00+0000', tz='UTC')}"
2025-02-07 01:00:00+00:00,2025-02-07 13:00:00+00:00,1,2866.3450000000003,2853.5104123620395,2853.6854123620396,2893.791512969613,0.23,-295.19551567309827,-0.9276390237176283,"{'trail_atr_mult': 3.0, 'trail_atr_len': 14, 'tp_converts_to_trail': True, 'rsi': np.float64(58.96419702757134), 'atr': 6.8803782424032, 'exit_reason': 'sl', 'signal_time': Timestamp('2025-02-07 00:00:00+0000', tz='UTC')}"
2025-02-07 08:00:00+00:00,2025-02-07 13:00:00+00:00,1,2866.3050000000003,2854.087344836201,2854.262344836201,2890.345310327598,0.26,-317.65903425878605,-1.0145316790707617,"{'trail_atr_mult': 3.0, 'trail_atr_len': 14, 'tp_converts_to_trail': True, 'rsi': np.float64(56.88413725067357), 'atr': 6.013827581899467, 'exit_reason': 'sl', 'signal_time': Timestamp('2025-02-07 07:00:00+0000', tz='UTC')}"
2025-02-07 14:00:00+00:00,2025-02-07 16:00:00+00:00,1,2874.275,2862.2751534108597,2862.45015341086,2906.730036127995,0.23,-275.9964715502283,-0.8836399578107712,"{'trail_atr_mult': 3.0, 'trail_atr_len': 14, 'tp_converts_to_trail': True, 'rsi': np.float64(64.08828238044971), 'atr': 7.672509031998778, 'exit_reason': 'sl', 'signal_time': Timestamp('2025-02-07 13:00:00+0000', tz='UTC')}"
2025-02-10 01:00:00+00:00,2025-02-10 11:00:00+00:00,1,2872.135,2902.2349999999997,2904.6745103577023,,0.19,571.8999999999896,1.8091926628775576,"{'trail_atr_mult': 3.0, 'trail_atr_len': 14, 'tp_converts_to_trail': True, 'rsi': np.float64(58.20933367114197), 'atr': 8.196127589425593, 'exit_reason': 'sl_gap', 'signal_time': Timestamp('2025-02-10 00:00:00+0000', tz='UTC')}"
2025-02-12 20:00:00+00:00,2025-02-14 07:00:00+00:00,1,2900.925,2933.7949999999996,2935.711736693188,,0.18,620.4599999999898,1.9946914303524008,"{'trail_atr_mult': 3.0, 'trail_atr_len': 14, 'tp_converts_to_trail': True, 'rsi': np.float64(56.38205419515143), 'atr': 8.677934173296991, 'exit_reason': 'sl_gap', 'signal_time': Timestamp('2025-02-12 19:00:00+0000', tz='UTC')}"
2025-02-13 17:00:00+00:00,2025-02-14 13:00:00+00:00,1,2919.1150000000002,2921.3852117430456,2921.560211743046,2948.3902854719026,0.21,56.07444660395267,0.18139849530967866,"{'trail_atr_mult': 3.0, 'trail_atr_len': 14, 'tp_converts_to_trail': True, 'rsi': np.float64(59.08827349207259), 'atr': 7.3325713679757145, 'exit_reason': 'sl', 'signal_time': Timestamp('2025-02-13 16:00:00+0000', tz='UTC')}"
2025-02-13 14:00:00+00:00,2025-02-14 13:00:00+00:00,1,2915.3450000000003,2921.3852117430456,2921.560211743046,2945.101535427811,0.21,135.2444466039523,0.42535569296994014,"{'trail_atr_mult': 3.0, 'trail_atr_len': 14, 'tp_converts_to_trail': True, 'rsi': np.float64(57.9777629938522), 'atr': 7.482883856952767, 'exit_reason': 'sl', 'signal_time': Timestamp('2025-02-13 13:00:00+0000', tz='UTC')}"
2025-02-19 13:00:00+00:00,2025-02-19 17:00:00+00:00,1,2936.505,2922.5435224420953,2922.7185224420955,2963.492955115809,0.23,-321.1139838318104,-1.012693597713061,"{'trail_atr_mult': 3.0, 'trail_atr_len': 14, 'tp_converts_to_trail': True, 'rsi': np.float64(57.02448272727959), 'atr': 6.795738778952276, 'exit_reason': 'sl', 'signal_time': Timestamp('2025-02-19 12:00:00+0000', tz='UTC')}"
2025-02-19 20:00:00+00:00,2025-02-20 13:00:00+00:00,1,2935.9950000000003,2935.6394574964256,2935.814457496426,2966.212976126423,0.21,17.733607424930778,0.05564248414442065,"{'trail_atr_mult': 3.0, 'trail_atr_len': 14, 'tp_converts_to_trail': True, 'rsi': np.float64(55.77538731605191), 'atr': 7.5657440316057984, 'exit_reason': 'sl', 'signal_time': Timestamp('2025-02-19 19:00:00+0000', tz='UTC')}"
2025-02-20 00:00:00+00:00,2025-02-20 13:00:00+00:00,1,2941.045,2935.6394574964256,2935.814457496426,2968.874328917548,0.22,-118.92193507863796,-0.3800787509695592,"{'trail_atr_mult': 3.0, 'trail_atr_len': 14, 'tp_converts_to_trail': True, 'rsi': np.float64(59.36432827534387), 'atr': 7.008582229387008, 'exit_reason': 'sl', 'signal_time': Timestamp('2025-02-19 23:00:00+0000', tz='UTC')}"
2025-02-24 11:00:00+00:00,2025-02-24 15:00:00+00:00,1,2947.905,2931.2038909079906,2931.378890907991,2980.4622181840173,0.19,-317.3210727481819,-1.0105893044167786,"{'trail_atr_mult': 3.0, 'trail_atr_len': 14, 'tp_converts_to_trail': True, 'rsi': np.float64(58.962422112178984), 'atr': 8.180554546004412, 'exit_reason': 'sl', 'signal_time': Timestamp('2025-02-24 10:00:00+0000', tz='UTC')}"
2025-02-24 02:00:00+00:00,2025-02-25 04:00:00+00:00,1,2940.985,2935.3299723294435,2935.5049723294437,2975.331682646445,0.18,-94.59049807001865,-0.3029560557273793,"{'trail_atr_mult': 3.0, 'trail_atr_len': 14, 'tp_converts_to_trail': True, 'rsi': np.float64(55.92261303403701), 'atr': 8.615420661611324, 'exit_reason': 'sl', 'signal_time': Timestamp('2025-02-24 01:00:00+0000', tz='UTC')}"
2025-02-24 07:00:00+00:00,2025-02-25 04:00:00+00:00,1,2944.4550000000004,2935.3299723294435,2935.5049723294437,2975.304555644313,0.19,-165.7755257405801,-0.5337296989429743,"{'trail_atr_mult': 3.0, 'trail_atr_len': 14, 'tp_converts_to_trail': True, 'rsi': np.float64(57.95243071908776), 'atr': 7.866138911078207, 'exit_reason': 'sl', 'signal_time': Timestamp('2025-02-24 06:00:00+0000', tz='UTC')}"
2025-02-24 18:00:00+00:00,2025-02-25 07:00:00+00:00,1,2947.665,2933.3702216446595,2933.5452216446597,2980.5545631906652,0.19,-264.00078875146835,-0.8257292347918084,"{'trail_atr_mult': 3.0, 'trail_atr_len': 14, 'tp_converts_to_trail': True, 'rsi': np.float64(55.70381395699342), 'atr': 8.286140797666297, 'exit_reason': 'sl', 'signal_time': Timestamp('2025-02-24 17:00:00+0000', tz='UTC')}"
2025-03-05 12:00:00+00:00,2025-03-05 13:00:00+00:00,1,2916.125,2900.103126591347,2900.2781265913472,2947.743746817305,0.2,-320.43746817305873,-1.011043187857147,"{'trail_atr_mult': 3.0, 'trail_atr_len': 14, 'tp_converts_to_trail': True, 'rsi': np.float64(56.025480599138355), 'atr': 7.910936704326227, 'exit_reason': 'sl', 'signal_time': Timestamp('2025-03-05 11:00:00+0000', tz='UTC')}"
2025-03-05 15:00:00+00:00,2025-03-06 08:00:00+00:00,1,2917.175,2907.9184508747935,2908.0934508747937,2957.452271048694,0.15,-120.84823687810012,-0.3963640366146504,"{'trail_atr_mult': 3.0, 'trail_atr_len': 14, 'tp_converts_to_trail': True, 'rsi': np.float64(55.08909237613734), 'atr': 10.100567762173458, 'exit_reason': 'sl', 'signal_time': Timestamp('2025-03-05 14:00:00+0000', tz='UTC')}"
2025-03-05 19:00:00+00:00,2025-03-06 08:00:00+00:00,1,2920.755,2904.3784508747935,2904.5534508747937,2960.760128681324,0.15,-227.64823687809846,-0.7477950732483923,"{'trail_atr_mult': 3.0, 'trail_atr_len': 14, 'tp_converts_to_trail': True, 'rsi': np.float64(56.17609884714288), 'atr': 10.05003217033112, 'exit_reason': 'sl', 'signal_time': Timestamp('2025-03-05 18:00:00+0000', tz='UTC')}"
2025-03-06 01:00:00+00:00,2025-03-06 08:00:00+00:00,1,2924.9950000000003,2907.4701969617613,2907.6451969617615,2958.5696060764767,0.18,-315.44645468830277,-1.010086569836815,"{'trail_atr_mult': 3.0, 'trail_atr_len': 14, 'tp_converts_to_trail': True, 'rsi': np.float64(58.51445485124844), 'atr': 8.487401519119247, 'exit_reason': 'sl', 'signal_time': Timestamp('2025-03-06 00:00:00+0000', tz='UTC')}"
2025-03-07 07:00:00+00:00,2025-03-07 14:00:00+00:00,1,2917.3450000000003,2904.045353198716,2904.220353198716,2947.0321043419654,0.2,-265.9929360256865,-0.8769353191815179,"{'trail_atr_mult': 3.0, 'trail_atr_len': 14, 'tp_converts_to_trail': True, 'rsi': np.float64(57.05253319767354), 'atr': 7.475526085491274, 'exit_reason': 'sl', 'signal_time': Timestamp('2025-03-07 06:00:00+0000', tz='UTC')}"
2025-03-07 14:00:00+00:00,2025-03-07 15:00:00+00:00,1,2926.695,2909.1690281706337,2909.344028170634,2961.351943658731,0.18,-315.4674929285957,-1.0100858903882257,"{'trail_atr_mult': 3.0, 'trail_atr_len': 14, 'tp_converts_to_trail': True, 'rsi': np.float64(62.35457062748088), 'atr': 8.667985914682852, 'exit_reason': 'sl', 'signal_time': Timestamp('2025-03-07 13:00:00+0000', tz='UTC')}"
2025-03-12 08:00:00+00:00,2025-03-12 13:00:00+00:00,1,2922.505,2909.797160564421,2909.9721605644213,2946.355678871157,0.25,-317.69598588947474,-1.013963316206173,"{'trail_atr_mult': 3.0, 'trail_atr_len': 14, 'tp_converts_to_trail': True, 'rsi': np.float64(64.01868820866744), 'atr': 6.063919717789273, 'exit_reason': 'sl', 'signal_time': Timestamp('2025-03-12 07:00:00+0000', tz='UTC')}"
2025-03-12 12:00:00+00:00,2025-03-13 03:00:00+00:00,1,2917.3450000000003,2943.251734804224,2943.426734804224,,0.24,650.5616353013654,2.1138546494236663,"{'trail_atr_mult': 3.0, 'trail_atr_len': 14, 'tp_converts_to_trail': True, 'rsi': np.float64(55.912585051906206), 'atr': 6.484183701056056, 'exit_reason': 'sl', 'signal_time': Timestamp('2025-03-12 11:00:00+0000', tz='UTC')}"
2025-03-12 14:00:00+00:00,2025-03-13 14:00:00+00:00,1,2922.0750000000003,2949.7608580709884,2949.9358580709886,,0.22,635.4888775617395,2.0245305397249704,"{'trail_atr_mult': 3.0, 'trail_atr_len': 14, 'tp_converts_to_trail': True, 'rsi': np.float64(60.498812728428234), 'atr': 7.021464517747203, 'exit_reason': 'sl', 'signal_time': Timestamp('2025-03-12 13:00:00+0000', tz='UTC')}"
2025-03-17 06:00:00+00:00,2025-03-18 04:00:00+00:00,1,2989.7250000000004,3011.1549999999997,3014.147903780066,,0.26,567.5799999999839,1.8132807738912677,"{'trail_atr_mult': 3.0, 'trail_atr_len': 14, 'tp_converts_to_trail': True, 'rsi': np.float64(57.06575334080175), 'atr': 6.076975945016472, 'exit_reason': 'sl_gap', 'signal_time': Timestamp('2025-03-17 05:00:00+0000', tz='UTC')}"
2025-03-16 21:00:00+00:00,2025-03-18 05:00:00+00:00,1,2984.0150000000003,3014.2749999999996,3015.085587182521,,0.26,807.5599999999821,2.546362157025847,"{'trail_atr_mult': 3.0, 'trail_atr_len': 14, 'tp_converts_to_trail': True, 'rsi': np.float64(55.64268066005558), 'atr': 7.211396795630297, 'exit_reason': 'sl_gap', 'signal_time': Timestamp('2025-03-14 19:00:00+0000', tz='UTC')}"
2025-03-17 14:00:00+00:00,2025-03-18 09:00:00+00:00,1,2998.795,3026.312353507025,3026.487353507025,,0.22,614.1817771545464,1.9957108166084812,"{'trail_atr_mult': 3.0, 'trail_atr_len': 14, 'tp_converts_to_trail': True, 'rsi': np.float64(60.14265729575725), 'atr': 6.946838376756263, 'exit_reason': 'sl', 'signal_time': Timestamp('2025-03-17 13:00:00+0000', tz='UTC')}"
2025-03-17 09:00:00+00:00,2025-03-18 09:00:00+00:00,1,2995.835,3020.5031722320714,3020.6781722320716,,0.25,626.7043058017839,1.9786882812597846,"{'trail_atr_mult': 3.0, 'trail_atr_len': 14, 'tp_converts_to_trail': True, 'rsi': np.float64(61.85544121592955), 'atr': 6.25204305801791, 'exit_reason': 'sl', 'signal_time': Timestamp('2025-03-17 08:00:00+0000', tz='UTC')}"
2025-03-19 10:00:00+00:00,2025-03-20 10:00:00+00:00,1,3034.665,3036.812805627766,3036.987805627766,3062.1692339373676,0.23,76.99952943861908,0.24016482198091174,"{'trail_atr_mult': 3.0, 'trail_atr_len': 14, 'tp_converts_to_trail': True, 'rsi': np.float64(55.53539971532839), 'atr': 6.907308484341885, 'exit_reason': 'sl', 'signal_time': Timestamp('2025-03-19 09:00:00+0000', tz='UTC')}"
2025-03-19 18:00:00+00:00,2025-03-20 10:00:00+00:00,1,3047.335,3036.812805627766,3036.987805627766,3077.397690427816,0.2,-186.4438874446805,-0.5859755530265787,"{'trail_atr_mult': 3.0, 'trail_atr_len': 14, 'tp_converts_to_trail': True, 'rsi': np.float64(62.74840621341326), 'atr': 7.6619226069540565, 'exit_reason': 'sl', 'signal_time': Timestamp('2025-03-19 17:00:00+0000', tz='UTC')}"
2025-03-20 22:00:00+00:00,2025-03-21 03:00:00+00:00,1,3045.875,3032.7815708900366,3032.956570890037,3071.3368582199264,0.25,-317.3357277490845,-0.9825830216596313,"{'trail_atr_mult': 3.0, 'trail_atr_len': 14, 'tp_converts_to_trail': True, 'rsi': np.float64(55.54712849478957), 'atr': 6.396714554981616, 'exit_reason': 'sl', 'signal_time': Timestamp('2025-03-20 21:00:00+0000', tz='UTC')}"
2025-03-26 11:00:00+00:00,2025-03-26 14:00:00+00:00,1,3027.7850000000003,3015.0232905757207,3015.198290575721,3052.4634188485575,0.25,-319.0427356069904,-1.0139035544637751,"{'trail_atr_mult': 3.0, 'trail_atr_len': 14, 'tp_converts_to_trail': True, 'rsi': np.float64(55.86544936330257), 'atr': 6.210854712139399, 'exit_reason': 'sl', 'signal_time': Timestamp('2025-03-26 10:00:00+0000', tz='UTC')}"
2025-03-26 06:00:00+00:00,2025-03-26 15:00:00+00:00,1,3026.2050000000004,3014.4458745400434,3014.6208745400436,3049.178250919913,0.28,-329.2555128787954,-1.0151068805845649,"{'trail_atr_mult': 3.0, 'trail_atr_len': 14, 'tp_converts_to_trail': True, 'rsi': np.float64(56.622651296816464), 'atr': 5.759562729978228, 'exit_reason': 'sl', 'signal_time': Timestamp('2025-03-26 05:00:00+0000', tz='UTC')}"
2025-03-27 02:00:00+00:00,2025-03-27 11:00:00+00:00,1,3031.875,3051.285,3054.2194611154523,,0.28,543.479999999996,1.7041667405233962,"{'trail_atr_mult': 3.0, 'trail_atr_len': 14, 'tp_converts_to_trail': True, 'rsi': np.float64(62.5898829717656), 'atr': 5.62236527886308, 'exit_reason': 'sl_gap', 'signal_time': Timestamp('2025-03-27 01:00:00+0000', tz='UTC')}"
2025-03-28 15:00:00+00:00,2025-03-31 08:00:00+00:00,1,3083.7250000000004,3119.1549999999997,3121.559733075314,,0.17,622.7099999999896,1.943249832927025,"{'trail_atr_mult': 3.0, 'trail_atr_len': 14, 'tp_converts_to_trail': True, 'rsi': np.float64(63.021182298516365), 'atr': 9.447433268828515, 'exit_reason': 'sl_gap', 'signal_time': Timestamp('2025-03-28 14:00:00+0000', tz='UTC')}"
2025-03-31 02:00:00+00:00,2025-04-01 06:00:00+00:00,1,3094.605,3131.830219093727,3132.005219093727,,0.17,639.6287245933588,2.03736271325474,"{'trail_atr_mult': 3.0, 'trail_atr_len': 14, 'tp_converts_to_trail': True, 'rsi': np.float64(63.67925504328893), 'atr': 9.311304773431745, 'exit_reason': 'sl', 'signal_time': Timestamp('2025-03-31 01:00:00+0000', tz='UTC')}"
2025-04-01 09:00:00+00:00,2025-04-01 17:00:00+00:00,1,3131.0750000000003,3112.386013955171,3112.5610139551713,3169.0720519664123,0.17,-317.7127627620949,-0.9680389978282422,"{'trail_atr_mult': 3.0, 'trail_atr_len': 14, 'tp_converts_to_trail': True, 'rsi': np.float64(56.6902131286584), 'atr': 9.550512991603068, 'exit_reason': 'sl', 'signal_time': Timestamp('2025-04-01 08:00:00+0000', tz='UTC')}"
2025-04-02 02:00:00+00:00,2025-04-02 06:00:00+00:00,1,3133.295,3114.150196066015,3114.325196066015,3170.2896078679705,0.17,-325.4616668777494,-1.009225187598627,"{'trail_atr_mult': 3.0, 'trail_atr_len': 14, 'tp_converts_to_trail': True, 'rsi': np.float64(58.74400513887112), 'atr': 9.327401966992579, 'exit_reason': 'sl', 'signal_time': Timestamp('2025-04-02 01:00:00+0000', tz='UTC')}"
2025-04-02 09:00:00+00:00,2025-04-02 11:00:00+00:00,1,3131.465,3112.1998552667087,3112.374855266709,3168.850289466582,0.17,-327.5074604659544,-1.0091670336943543,"{'trail_atr_mult': 3.0, 'trail_atr_len': 14, 'tp_converts_to_trail': True, 'rsi': np.float64(56.87661576861219), 'atr': 9.412572366645549, 'exit_reason': 'sl', 'signal_time': Timestamp('2025-04-02 08:00:00+0000', tz='UTC')}"
2025-04-02 17:00:00+00:00,2025-04-02 21:00:00+00:00,1,3131.635,3111.3524882420616,3111.5274882420617,3171.2350235158756,0.16,-324.5201881270186,-1.0087032151022413,"{'trail_atr_mult': 3.0, 'trail_atr_len': 14, 'tp_converts_to_trail': True, 'rsi': np.float64(56.85335160606751), 'atr': 9.95125587896895, 'exit_reason': 'sl', 'signal_time': Timestamp('2025-04-02 16:00:00+0000', tz='UTC')}"
2025-04-02 22:00:00+00:00,2025-04-03 06:00:00+00:00,1,3140.4550000000004,3127.7791065805736,3127.954106580574,3178.281697121953,0.1,-114.75893419426758,-0.36528993947601046,"{'trail_atr_mult': 3.0, 'trail_atr_len': 14, 'tp_converts_to_trail': True, 'rsi': np.float64(56.75360100739743), 'atr': 11.54042428048828, 'exit_reason': 'sl', 'signal_time': Timestamp('2025-04-02 20:00:00+0000', tz='UTC')}"
2025-04-15 07:00:00+00:00,2025-04-16 02:00:00+00:00,1,3225.2250000000004,3264.345,3266.491821305395,,0.15,592.7999999999915,1.881823157745915,"{'trail_atr_mult': 3.0, 'trail_atr_len': 14, 'tp_converts_to_trail': True, 'rsi': np.float64(55.000574148059805), 'atr': 10.377955326348783, 'exit_reason': 'sl_gap', 'signal_time': Timestamp('2025-04-15 06:00:00+0000', tz='UTC')}"
2025-04-15 18:00:00+00:00,2025-04-16 02:00:00+00:00,1,3228.2450000000003,3264.345,3267.010304142487,,0.16,583.9999999999912,1.8452840943049653,"{'trail_atr_mult': 3.0, 'trail_atr_len': 14, 'tp_converts_to_trail': True, 'rsi': np.float64(56.713154650484014), 'atr': 9.757576035621689, 'exit_reason': 'sl_gap', 'signal_time': Timestamp('2025-04-15 17:00:00+0000', tz='UTC')}"
2025-04-15 02:00:00+00:00,2025-04-16 03:00:00+00:00,1,3223.895,3270.4649999999997,3271.398838011363,,0.13,610.6099999999963,1.9486053569234767,"{'trail_atr_mult': 3.0, 'trail_atr_len': 14, 'tp_converts_to_trail': True, 'rsi': np.float64(55.84953765384692), 'atr': 11.934709502840787, 'exit_reason': 'sl_gap', 'signal_time': Timestamp('2025-04-15 01:00:00+0000', tz='UTC')}"
2025-04-17 11:00:00+00:00,2025-04-17 15:00:00+00:00,1,3327.7850000000003,3303.32261861091,3303.49761861091,3377.6346292091644,0.13,-318.01095805817386,-0.9654685893455396,"{'trail_atr_mult': 3.0, 'trail_atr_len': 14, 'tp_converts_to_trail': True, 'rsi': np.float64(56.18457058361167), 'atr': 12.531157302291039, 'exit_reason': 'sl', 'signal_time': Timestamp('2025-04-17 10:00:00+0000', tz='UTC')}"
2025-04-20 22:00:00+00:00,2025-04-21 04:00:00+00:00,1,3333.0950000000003,3381.817999223405,3381.992999223405,,0.09,442.10699301064244,1.4782059129857836,"{'trail_atr_mult': 3.0, 'trail_atr_len': 14, 'tp_converts_to_trail': True, 'rsi': np.float64(55.72464165378051), 'atr': 13.688249805851381, 'exit_reason': 'sl', 'signal_time': Timestamp('2025-04-17 20:00:00+0000', tz='UTC')}"
2025-04-22 10:00:00+00:00,2025-04-22 14:00:00+00:00,1,3454.835,3417.8233957593447,3417.998395759345,3527.8332084813105,0.08,-296.0928339252423,-1.0047507093448924,"{'trail_atr_mult': 3.0, 'trail_atr_len': 14, 'tp_converts_to_trail': True, 'rsi': np.float64(57.95736000101348), 'atr': 18.305802120327616, 'exit_reason': 'sl', 'signal_time': Timestamp('2025-04-22 09:00:00+0000', tz='UTC')}"
2025-04-29 17:00:00+00:00,2025-04-30 09:00:00+00:00,1,3329.0350000000003,3300.778941750786,3300.9539417507863,3384.072116498427,0.11,-306.41664074135645,-0.9919874814544742,"{'trail_atr_mult': 3.0, 'trail_atr_len': 14, 'tp_converts_to_trail': True, 'rsi': np.float64(57.342426786043426), 'atr': 13.853029124606753, 'exit_reason': 'sl', 'signal_time': Timestamp('2025-04-29 16:00:00+0000', tz='UTC')}"
2025-05-07 00:00:00+00:00,2025-05-07 01:00:00+00:00,1,3401.275,3365.599521548732,3365.774521548732,3470.730956902536,0.09,-321.0793060614137,-1.0049295110273067,"{'trail_atr_mult': 3.0, 'trail_atr_len': 14, 'tp_converts_to_trail': True, 'rsi': np.float64(58.97928452058745), 'atr': 17.49273922563399, 'exit_reason': 'sl', 'signal_time': Timestamp('2025-05-06 23:00:00+0000', tz='UTC')}"
2025-05-08 02:00:00+00:00,2025-05-08 06:00:00+00:00,1,3408.4750000000004,3377.7063842636912,3377.8813842636914,3471.357231472617,0.1,-307.6861573630913,-1.0057201476774937,"{'trail_atr_mult': 3.0, 'trail_atr_len': 14, 'tp_converts_to_trail': True, 'rsi': np.float64(61.92950325516861), 'atr': 15.57930786815425, 'exit_reason': 'sl', 'signal_time': Timestamp('2025-05-08 01:00:00+0000', tz='UTC')}"
2025-05-07 14:00:00+00:00,2025-05-08 06:00:00+00:00,1,3393.9750000000004,3369.0814842390096,3369.2564842390098,3459.796843456167,0.1,-236.93515760990798,-0.7382670492955621,"{'trail_atr_mult': 3.0, 'trail_atr_len': 14, 'tp_converts_to_trail': True, 'rsi': np.float64(55.03239610033557), 'atr': 16.31921086404181, 'exit_reason': 'sl', 'signal_time': Timestamp('2025-05-07 13:00:00+0000', tz='UTC')}"
2025-05-23 05:00:00+00:00,2025-05-23 15:00:00+00:00,1,3313.7250000000004,3340.125,3363.37933960257,,0.13,343.19999999999527,1.0553807109875586,"{'trail_atr_mult': 3.0, 'trail_atr_len': 14, 'tp_converts_to_trail': True, 'rsi': np.float64(55.88131701234263), 'atr': 12.44483490064246, 'exit_reason': 'sl_gap', 'signal_time': Timestamp('2025-05-23 04:00:00+0000', tz='UTC')}"
2025-05-26 03:00:00+00:00,2025-05-26 10:00:00+00:00,1,3348.3450000000003,3323.931678984948,3324.1066789849483,3396.416642030104,0.13,-317.37317319567774,-1.007219972038967,"{'trail_atr_mult': 3.0, 'trail_atr_len': 14, 'tp_converts_to_trail': True, 'rsi': np.float64(56.644061127746376), 'atr': 12.051660507525968, 'exit_reason': 'sl', 'signal_time': Timestamp('2025-05-26 02:00:00+0000', tz='UTC')}"
2025-05-26 23:00:00+00:00,2025-05-27 02:00:00+00:00,1,3347.835,3332.479669741147,3332.6546697411472,3377.400660517706,0.21,-314.06193543591246,-0.9851781880787078,"{'trail_atr_mult': 3.0, 'trail_atr_len': 14, 'tp_converts_to_trail': True, 'rsi': np.float64(59.57240886416261), 'atr': 7.457665129426426, 'exit_reason': 'sl', 'signal_time': Timestamp('2025-05-26 22:00:00+0000', tz='UTC')}"
2025-06-02 04:00:00+00:00,2025-06-02 09:00:00+00:00,1,3309.005,3352.355,3353.2156876578297,,0.14,606.8999999999987,1.9251399170081567,"{'trail_atr_mult': 3.0, 'trail_atr_len': 14, 'tp_converts_to_trail': True, 'rsi': np.float64(55.65662038484403), 'atr': 11.1214219144574, 'exit_reason': 'sl_gap', 'signal_time': Timestamp('2025-06-02 03:00:00+0000', tz='UTC')}"
2025-06-03 06:00:00+00:00,2025-06-03 14:00:00+00:00,1,3365.1150000000002,3343.9385226541062,3344.1135226541064,3406.6829546917866,0.15,-317.64716018841,-1.008332747126211,"{'trail_atr_mult': 3.0, 'trail_atr_len': 14, 'tp_converts_to_trail': True, 'rsi': np.float64(55.62845556749599), 'atr': 10.42823867294668, 'exit_reason': 'sl', 'signal_time': Timestamp('2025-06-03 05:00:00+0000', tz='UTC')}"
2025-06-04 02:00:00+00:00,2025-06-04 06:00:00+00:00,1,3371.025,3350.7194706781775,3350.8944706781776,3410.4010586436443,0.16,-324.8884691491621,-1.0086932637091899,"{'trail_atr_mult': 3.0, 'trail_atr_len': 14, 'tp_converts_to_trail': True, 'rsi': np.float64(61.06243365344327), 'atr': 9.917764660911077, 'exit_reason': 'sl', 'signal_time': Timestamp('2025-06-04 01:00:00+0000', tz='UTC')}"
2025-06-04 00:00:00+00:00,2025-06-05 12:00:00+00:00,1,3360.235,3394.1539792553517,3394.328979255352,,0.18,632.1416265963286,2.016652799260815,"{'trail_atr_mult': 3.0, 'trail_atr_len': 14, 'tp_converts_to_trail': True, 'rsi': np.float64(55.13529318079086), 'atr': 8.584744813838018, 'exit_reason': 'sl', 'signal_time': Timestamp('2025-06-03 23:00:00+0000', tz='UTC')}"
2025-06-04 15:00:00+00:00,2025-06-05 14:00:00+00:00,1,3377.4750000000004,3373.7641085436153,3373.9391085436155,3426.3072534750545,0.13,-32.64158893300591,-0.10280583974561643,"{'trail_atr_mult': 3.0, 'trail_atr_len': 14, 'tp_converts_to_trail': True, 'rsi': np.float64(60.95069951111515), 'atr': 12.20931336876368, 'exit_reason': 'sl', 'signal_time': Timestamp('2025-06-04 14:00:00+0000', tz='UTC')}"
2025-06-05 09:00:00+00:00,2025-06-05 14:00:00+00:00,1,3375.405,3373.7641085436153,3373.9391085436155,3410.726046825257,0.18,-29.53604621492832,-0.09139917097365648,"{'trail_atr_mult': 3.0, 'trail_atr_len': 14, 'tp_converts_to_trail': True, 'rsi': np.float64(56.47725396646805), 'atr': 8.879011706314275, 'exit_reason': 'sl', 'signal_time': Timestamp('2025-06-05 08:00:00+0000', tz='UTC')}"
2025-06-06 05:00:00+00:00,2025-06-06 08:00:00+00:00,1,3373.8250000000003,3353.041253704896,3353.216253704896,3414.697492590208,0.15,-311.756194426564,-1.0084915403146943,"{'trail_atr_mult': 3.0, 'trail_atr_len': 14, 'tp_converts_to_trail': True, 'rsi': np.float64(55.86282606826842), 'atr': 10.246873147552034, 'exit_reason': 'sl', 'signal_time': Timestamp('2025-06-06 04:00:00+0000', tz='UTC')}"
2025-06-12 10:00:00+00:00,2025-06-13 02:00:00+00:00,1,3365.5950000000003,3415.50369007549,3415.67869007549,,0.12,603.7042809058755,1.9881443285904579,"{'trail_atr_mult': 3.0, 'trail_atr_len': 14, 'tp_converts_to_trail': True, 'rsi': np.float64(56.53169960119917), 'atr': 12.564672518872548, 'exit_reason': 'sl', 'signal_time': Timestamp('2025-06-12 09:00:00+0000', tz='UTC')}"
2025-07-02 17:00:00+00:00,2025-07-03 10:00:00+00:00,1,3348.585,3343.852681948991,3344.0276819489914,3380.3656167356257,0.18,-63.58172491815949,-0.22366623900839,"{'trail_atr_mult': 3.0, 'trail_atr_len': 14, 'tp_converts_to_trail': True, 'rsi': np.float64(60.43678064000983), 'atr': 7.9289041839063845, 'exit_reason': 'sl', 'signal_time': Timestamp('2025-07-02 16:00:00+0000', tz='UTC')}"
2025-07-14 07:00:00+00:00,2025-07-14 13:00:00+00:00,1,3368.9950000000003,3352.091155564324,3352.266155564324,3402.287688871352,0.17,-287.3653554065013,-1.0104609736000036,"{'trail_atr_mult': 3.0, 'trail_atr_len': 14, 'tp_converts_to_trail': True, 'rsi': np.float64(65.7766263617257), 'atr': 8.336922217838028, 'exit_reason': 'sl', 'signal_time': Timestamp('2025-07-14 06:00:00+0000', tz='UTC')}"
2025-07-15 08:00:00+00:00,2025-07-15 13:00:00+00:00,1,3363.9750000000004,3350.804736828034,3350.979736828034,3391.0605263439315,0.23,-302.9160529552255,-1.0134664452488886,"{'trail_atr_mult': 3.0, 'trail_atr_len': 14, 'tp_converts_to_trail': True, 'rsi': np.float64(60.22796060714), 'atr': 6.680131585982891, 'exit_reason': 'sl', 'signal_time': Timestamp('2025-07-15 07:00:00+0000', tz='UTC')}"
2025-07-18 10:00:00+00:00,2025-07-22 08:00:00+00:00,1,3352.4350000000004,3383.5126367241883,3383.6876367241885,,0.21,686.2303712079452,2.3459437410427757,"{'trail_atr_mult': 3.0, 'trail_atr_len': 14, 'tp_converts_to_trail': True, 'rsi': np.float64(62.956527982895224), 'atr': 6.9272102256728365, 'exit_reason': 'sl', 'signal_time': Timestamp('2025-07-18 09:00:00+0000', tz='UTC')}"
2025-07-21 02:00:00+00:00,2025-07-22 08:00:00+00:00,1,3356.385,3383.5126367241883,3383.6876367241885,,0.25,688.1909181047013,2.331322567922669,"{'trail_atr_mult': 3.0, 'trail_atr_len': 14, 'tp_converts_to_trail': True, 'rsi': np.float64(61.09679550299999), 'atr': 5.981366994415132, 'exit_reason': 'sl', 'signal_time': Timestamp('2025-07-21 01:00:00+0000', tz='UTC')}"
2025-07-21 05:00:00+00:00,2025-07-22 08:00:00+00:00,1,3357.9550000000004,3383.5126367241883,3383.6876367241885,,0.24,622.9832813805093,2.115488649866522,"{'trail_atr_mult': 3.0, 'trail_atr_len': 14, 'tp_converts_to_trail': True, 'rsi': np.float64(60.28293754329305), 'atr': 6.052639681752628, 'exit_reason': 'sl', 'signal_time': Timestamp('2025-07-21 04:00:00+0000', tz='UTC')}"
2025-07-22 03:00:00+00:00,2025-07-22 15:00:00+00:00,1,3391.7050000000004,3412.1749999999997,3418.6048869719116,,0.21,429.86999999998625,1.4879217945467456,"{'trail_atr_mult': 3.0, 'trail_atr_len': 14, 'tp_converts_to_trail': True, 'rsi': np.float64(60.459954047671715), 'atr': 6.776221742977921, 'exit_reason': 'sl_gap', 'signal_time': Timestamp('2025-07-22 02:00:00+0000', tz='UTC')}"
2025-07-22 13:00:00+00:00,2025-07-23 02:00:00+00:00,1,3407.7250000000004,3428.725,3433.7063609109437,,0.23,492.19999999998953,1.6294605920139542,"{'trail_atr_mult': 3.0, 'trail_atr_len': 14, 'tp_converts_to_trail': True, 'rsi': np.float64(70.16202880442114), 'atr': 6.519090227735932, 'exit_reason': 'sl_gap', 'signal_time': Timestamp('2025-07-22 12:00:00+0000', tz='UTC')}"
2025-07-23 07:00:00+00:00,2025-07-23 14:00:00+00:00,1,3424.9950000000003,3412.6972729560434,3412.8722729560436,3452.3526736511094,0.22,-270.54999496705204,-0.9054872286811166,"{'trail_atr_mult': 3.0, 'trail_atr_len': 14, 'tp_converts_to_trail': True, 'rsi': np.float64(63.09100034156837), 'atr': 6.823168412777415, 'exit_reason': 'sl', 'signal_time': Timestamp('2025-07-23 06:00:00+0000', tz='UTC')}"
2025-07-23 09:00:00+00:00,2025-07-23 14:00:00+00:00,1,3428.625,3414.015862635108,3414.1908626351083,3456.8182747297838,0.21,-306.79188466273035,-1.0121240359278993,"{'trail_atr_mult': 3.0, 'trail_atr_len': 14, 'tp_converts_to_trail': True, 'rsi': np.float64(63.64690402905042), 'atr': 7.104568682445942, 'exit_reason': 'sl', 'signal_time': Timestamp('2025-07-23 08:00:00+0000', tz='UTC')}"
2025-08-05 15:00:00+00:00,2025-08-06 06:00:00+00:00,1,3385.4550000000004,3370.6972035815165,3370.8722035815167,3419.2296236959446,0.17,-244.08253911422543,-0.8321039107807383,"{'trail_atr_mult': 3.0, 'trail_atr_len': 14, 'tp_converts_to_trail': True, 'rsi': np.float64(62.626911818148265), 'atr': 8.50490592398613, 'exit_reason': 'sl', 'signal_time': Timestamp('2025-08-05 14:00:00+0000', tz='UTC')}"
2025-08-07 02:00:00+00:00,2025-08-07 09:00:00+00:00,1,3382.485,3374.730309233882,3374.9053092338822,3410.8201968194317,0.21,-162.84850608847955,-0.5357262898408528,"{'trail_atr_mult': 3.0, 'trail_atr_len': 14, 'tp_converts_to_trail': True, 'rsi': np.float64(60.306480105466534), 'atr': 7.13504920485782, 'exit_reason': 'sl', 'signal_time': Timestamp('2025-08-07 01:00:00+0000', tz='UTC')}"
2025-08-07 07:00:00+00:00,2025-08-07 09:00:00+00:00,1,3387.7850000000003,3374.730309233882,3374.9053092338822,3416.5128893051947,0.2,-261.0938153223652,-0.8898026796431778,"{'trail_atr_mult': 3.0, 'trail_atr_len': 14, 'tp_converts_to_trail': True, 'rsi': np.float64(62.88533104009442), 'atr': 7.233222326298697, 'exit_reason': 'sl', 'signal_time': Timestamp('2025-08-07 06:00:00+0000', tz='UTC')}"
2025-08-07 20:00:00+00:00,2025-08-08 02:00:00+00:00,1,3399.985,3381.0279540609417,3381.202954060942,3437.054091878116,0.16,-296.91273502493425,-0.9880204744078537,"{'trail_atr_mult': 3.0, 'trail_atr_len': 14, 'tp_converts_to_trail': True, 'rsi': np.float64(64.54714354516491), 'atr': 9.308522969529053, 'exit_reason': 'sl', 'signal_time': Timestamp('2025-08-07 19:00:00+0000', tz='UTC')}"
2025-08-07 18:00:00+00:00,2025-08-08 19:00:00+00:00,1,3392.405,3379.936699275072,3380.111699275072,3429.101609515448,0.16,-193.0928115988514,-0.647413074799114,"{'trail_atr_mult': 3.0, 'trail_atr_len': 14, 'tp_converts_to_trail': True, 'rsi': np.float64(61.01121267842546), 'atr': 9.22290237886203, 'exit_reason': 'sl', 'signal_time': Timestamp('2025-08-07 17:00:00+0000', tz='UTC')}"
2025-08-25 07:00:00+00:00,2025-08-26 00:00:00+00:00,1,3368.905,3361.056458905329,3361.231458905329,3393.448022699046,0.24,-178.76498627211402,-0.6073494945812143,"{'trail_atr_mult': 3.0, 'trail_atr_len': 14, 'tp_converts_to_trail': True, 'rsi': np.float64(62.58827170664499), 'atr': 6.134505674761537, 'exit_reason': 'sl', 'signal_time': Timestamp('2025-08-25 06:00:00+0000', tz='UTC')}"
2025-08-25 12:00:00+00:00,2025-08-26 00:00:00+00:00,1,3370.7850000000003,3361.056458905329,3361.231458905329,3393.0205686283925,0.26,-242.5420684614597,-0.8175555347963779,"{'trail_atr_mult': 3.0, 'trail_atr_len': 14, 'tp_converts_to_trail': True, 'rsi': np.float64(61.79446296382082), 'atr': 5.607642157098051, 'exit_reason': 'sl', 'signal_time': Timestamp('2025-08-25 11:00:00+0000', tz='UTC')}"
2025-08-25 15:00:00+00:00,2025-08-26 00:00:00+00:00,1,3374.5150000000003,3362.238199840274,3362.413199840274,3398.133600319452,0.24,-285.0432038334351,-0.981407724716146,"{'trail_atr_mult': 3.0, 'trail_atr_len': 14, 'tp_converts_to_trail': True, 'rsi': np.float64(62.43782036634841), 'atr': 5.953400079862962, 'exit_reason': 'sl', 'signal_time': Timestamp('2025-08-25 14:00:00+0000', tz='UTC')}"
2025-08-25 03:00:00+00:00,2025-08-26 00:00:00+00:00,1,3364.355,3361.056458905329,3361.231458905329,3391.9810759429474,0.22,-63.7679040827672,-0.21156403498215653,"{'trail_atr_mult': 3.0, 'trail_atr_len': 14, 'tp_converts_to_trail': True, 'rsi': np.float64(60.19117983033613), 'atr': 6.887768985736897, 'exit_reason': 'sl', 'signal_time': Timestamp('2025-08-25 02:00:00+0000', tz='UTC')}"
2025-08-26 01:00:00+00:00,2025-08-26 08:00:00+00:00,1,3383.505,3367.7749542687093,3367.9499542687095,3413.8800914625817,0.19,-298.87086889452576,-1.011250368724288,"{'trail_atr_mult': 3.0, 'trail_atr_len': 14, 'tp_converts_to_trail': True, 'rsi': np.float64(63.29507584556792), 'atr': 7.655022865645343, 'exit_reason': 'sl', 'signal_time': Timestamp('2025-08-26 00:00:00+0000', tz='UTC')}"
2025-08-26 19:00:00+00:00,2025-08-27 05:00:00+00:00,1,3385.7650000000003,3374.7592634599473,3374.9342634599475,3415.423736046769,0.19,-201.50899426100742,-0.7006559430701383,"{'trail_atr_mult': 3.0, 'trail_atr_len': 14, 'tp_converts_to_trail': True, 'rsi': np.float64(60.56765876243021), 'atr': 7.465934011692266, 'exit_reason': 'sl', 'signal_time': Timestamp('2025-08-26 18:00:00+0000', tz='UTC')}"
2025-08-26 16:00:00+00:00,2025-08-27 05:00:00+00:00,1,3386.835,3374.7592634599473,3374.9342634599475,3419.048721762555,0.18,-210.16325772094913,-0.7139219089520749,"{'trail_atr_mult': 3.0, 'trail_atr_len': 14, 'tp_converts_to_trail': True, 'rsi': np.float64(63.06895070950598), 'atr': 8.094680440638758, 'exit_reason': 'sl', 'signal_time': Timestamp('2025-08-26 15:00:00+0000', tz='UTC')}"
2025-08-27 17:00:00+00:00,2025-08-28 21:00:00+00:00,1,3395.655,3422.145,3422.9857953406276,,0.21,581.4899999999955,1.9795683849450347,"{'trail_atr_mult': 3.0, 'trail_atr_len': 14, 'tp_converts_to_trail': True, 'rsi': np.float64(64.00669713385544), 'atr': 6.88644883515687, 'exit_reason': 'sl_gap', 'signal_time': Timestamp('2025-08-27 16:00:00+0000', tz='UTC')}"
2025-08-28 09:00:00+00:00,2025-08-28 21:00:00+00:00,1,3400.9750000000004,3422.145,3422.6838882087254,,0.26,550.4199999999901,1.88396416351125,"{'trail_atr_mult': 3.0, 'trail_atr_len': 14, 'tp_converts_to_trail': True, 'rsi': np.float64(64.4013055263734), 'atr': 5.4909720521813625, 'exit_reason': 'sl_gap', 'signal_time': Timestamp('2025-08-28 08:00:00+0000', tz='UTC')}"
2025-08-28 14:00:00+00:00,2025-08-29 08:00:00+00:00,1,3407.415,3407.286258284836,3407.4612582848363,3434.9109556744993,0.21,5.6964239815587465,0.01969853828182858,"{'trail_atr_mult': 3.0, 'trail_atr_len': 14, 'tp_converts_to_trail': True, 'rsi': np.float64(64.00422272240714), 'atr': 6.877738918624781, 'exit_reason': 'sl', 'signal_time': Timestamp('2025-08-28 13:00:00+0000', tz='UTC')}"
2025-08-28 12:00:00+00:00,2025-08-29 08:00:00+00:00,1,3404.3050000000003,3407.286258284836,3407.4612582848363,3427.120634983443,0.25,84.53145712089508,0.28788138653713985,"{'trail_atr_mult': 3.0, 'trail_atr_len': 14, 'tp_converts_to_trail': True, 'rsi': np.float64(65.26567829429594), 'atr': 5.760158745860717, 'exit_reason': 'sl', 'signal_time': Timestamp('2025-08-28 11:00:00+0000', tz='UTC')}"
2025-08-29 13:00:00+00:00,2025-09-01 02:00:00+00:00,1,3416.925,3438.6852241819274,3438.8602241819276,,0.25,574.005604548181,1.97590384689846,"{'trail_atr_mult': 3.0, 'trail_atr_len': 14, 'tp_converts_to_trail': True, 'rsi': np.float64(61.01333925366459), 'atr': 5.592556045481922, 'exit_reason': 'sl', 'signal_time': Timestamp('2025-08-29 12:00:00+0000', tz='UTC')}"
2025-09-02 12:00:00+00:00,2025-09-02 18:00:00+00:00,1,3489.875,3526.610676642813,3526.785676642813,,0.16,587.7708262850065,1.959461993059091,"{'trail_atr_mult': 3.0, 'trail_atr_len': 14, 'tp_converts_to_trail': True, 'rsi': np.float64(61.20708397192112), 'atr': 9.276419160703295, 'exit_reason': 'sl', 'signal_time': Timestamp('2025-09-02 11:00:00+0000', tz='UTC')}"
2025-09-02 15:00:00+00:00,2025-09-03 15:00:00+00:00,1,3511.545,3553.705,3556.8446397901826,,0.12,510.7199999999982,1.8252526530272264,"{'trail_atr_mult': 3.0, 'trail_atr_len': 14, 'tp_converts_to_trail': True, 'rsi': np.float64(69.88887907917399), 'atr': 11.43615994754561, 'exit_reason': 'sl_gap', 'signal_time': Timestamp('2025-09-02 14:00:00+0000', tz='UTC')}"
2025-09-05 05:00:00+00:00,2025-09-05 16:00:00+00:00,1,3558.675,3589.875,3595.1728852019023,,0.16,499.1999999999971,1.6813567487552483,"{'trail_atr_mult': 3.0, 'trail_atr_len': 14, 'tp_converts_to_trail': True, 'rsi': np.float64(60.03600022835857), 'atr': 9.17572130047567, 'exit_reason': 'sl_gap', 'signal_time': Timestamp('2025-09-05 04:00:00+0000', tz='UTC')}"
2025-09-05 13:00:00+00:00,2025-09-08 12:00:00+00:00,1,3580.8650000000002,3616.825,3621.157226835246,,0.14,520.2399999999942,1.762506230024947,"{'trail_atr_mult': 3.0, 'trail_atr_len': 14, 'tp_converts_to_trail': True, 'rsi': np.float64(70.97276082307101), 'atr': 10.22930670881163, 'exit_reason': 'sl_gap', 'signal_time': Timestamp('2025-09-05 12:00:00+0000', tz='UTC')}"
2025-09-08 06:00:00+00:00,2025-09-08 15:00:00+00:00,1,3591.375,3628.920811674386,3629.0958116743864,,0.16,600.732986790179,1.9557243374767908,"{'trail_atr_mult': 3.0, 'trail_atr_len': 14, 'tp_converts_to_trail': True, 'rsi': np.float64(60.680882987582045), 'atr': 9.486452918596557, 'exit_reason': 'sl', 'signal_time': Timestamp('2025-09-08 05:00:00+0000', tz='UTC')}"
2025-09-10 10:00:00+00:00,2025-09-10 20:00:00+00:00,1,3655.235,3636.3856044227514,3636.5606044227516,3692.3287911544967,0.16,-301.5903292359799,-1.0093711198992372,"{'trail_atr_mult': 3.0, 'trail_atr_len': 14, 'tp_converts_to_trail': True, 'rsi': np.float64(62.98265976744148), 'atr': 9.294697788624154, 'exit_reason': 'sl', 'signal_time': Timestamp('2025-09-10 09:00:00+0000', tz='UTC')}"
2025-09-12 02:00:00+00:00,2025-09-15 01:00:00+00:00,1,3646.505,3636.9002891591153,3637.0752891591155,3680.9875991199833,0.17,-142.880084295041,-0.48306268555511184,"{'trail_atr_mult': 3.0, 'trail_atr_len': 14, 'tp_converts_to_trail': True, 'rsi': np.float64(61.32613490678453), 'atr': 8.646899779995838, 'exit_reason': 'sl', 'signal_time': Timestamp('2025-09-12 01:00:00+0000', tz='UTC')}"
2025-09-15 14:00:00+00:00,2025-09-16 08:00:00+00:00,1,3657.2450000000003,3690.0783921612283,3690.2533921612285,,0.18,598.2010589021031,1.9785672135595667,"{'trail_atr_mult': 3.0, 'trail_atr_len': 14, 'tp_converts_to_trail': True, 'rsi': np.float64(62.848621834372125), 'atr': 8.300848040307029, 'exit_reason': 'sl', 'signal_time': Timestamp('2025-09-15 13:00:00+0000', tz='UTC')}"
2025-09-16 14:00:00+00:00,2025-09-17 02:00:00+00:00,1,3695.6850000000004,3682.082385721355,3682.257385721355,3729.571179225359,0.18,-237.64705701561778,-0.7802691620599079,"{'trail_atr_mult': 3.0, 'trail_atr_len': 14, 'tp_converts_to_trail': True, 'rsi': np.float64(62.1534312439157), 'atr': 8.46779480633979, 'exit_reason': 'sl', 'signal_time': Timestamp('2025-09-16 13:00:00+0000', tz='UTC')}"
2025-09-19 18:00:00+00:00,2025-09-22 08:00:00+00:00,1,3678.855,3714.2149999999997,3718.1722168408205,,0.15,548.3999999999951,1.8338584055136018,"{'trail_atr_mult': 3.0, 'trail_atr_len': 14, 'tp_converts_to_trail': True, 'rsi': np.float64(65.23717267751039), 'atr': 9.875554210205163, 'exit_reason': 'sl_gap', 'signal_time': Timestamp('2025-09-19 17:00:00+0000', tz='UTC')}"
2025-09-24 06:00:00+00:00,2025-09-24 15:00:00+00:00,1,3775.1850000000004,3753.30973795592,3753.48473795592,3817.820524088159,0.14,-306.253668617127,-1.0080644187450225,"{'trail_atr_mult': 3.0, 'trail_atr_len': 14, 'tp_converts_to_trail': True, 'rsi': np.float64(60.77830144836934), 'atr': 10.72263102203979, 'exit_reason': 'sl', 'signal_time': Timestamp('2025-09-24 05:00:00+0000', tz='UTC')}"
2025-09-24 08:00:00+00:00,2025-09-24 15:00:00+00:00,1,3777.605,3756.537605686482,3756.712605686482,3818.594788627036,0.14,-294.9435203892517,-1.0083762539311711,"{'trail_atr_mult': 3.0, 'trail_atr_len': 14, 'tp_converts_to_trail': True, 'rsi': np.float64(61.23425824299787), 'atr': 10.313697156758911, 'exit_reason': 'sl', 'signal_time': Timestamp('2025-09-24 07:00:00+0000', tz='UTC')}"
2025-09-26 14:00:00+00:00,2025-09-29 06:00:00+00:00,1,3761.9550000000004,3804.483354344856,3804.658354344856,,0.14,612.1969608279759,2.0661495123855937,"{'trail_atr_mult': 3.0, 'trail_atr_len': 14, 'tp_converts_to_trail': True, 'rsi': np.float64(61.12963233928553), 'atr': 10.644588586213969, 'exit_reason': 'sl', 'signal_time': Timestamp('2025-09-26 13:00:00+0000', tz='UTC')}"
2025-09-29 01:00:00+00:00,2025-09-29 23:00:00+00:00,1,3787.2450000000003,3832.895,3833.49481368232,,0.13,593.4499999999953,1.9569256159005328,"{'trail_atr_mult': 3.0, 'trail_atr_len': 14, 'tp_converts_to_trail': True, 'rsi': np.float64(63.605775215821524), 'atr': 11.596203420579933, 'exit_reason': 'sl_gap', 'signal_time': Timestamp('2025-09-29 00:00:00+0000', tz='UTC')}"
2025-09-29 03:00:00+00:00,2025-09-30 03:00:00+00:00,1,3793.085,3844.259048532204,3844.434048532204,,0.11,567.3145338542425,1.9815576304423814,"{'trail_atr_mult': 3.0, 'trail_atr_len': 14, 'tp_converts_to_trail': True, 'rsi': np.float64(63.77561253579087), 'atr': 12.89601213305109, 'exit_reason': 'sl', 'signal_time': Timestamp('2025-09-29 02:00:00+0000', tz='UTC')}"
2025-09-29 14:00:00+00:00,2025-09-30 09:00:00+00:00,1,3821.585,3837.9785055190046,3838.1535055190047,3875.794194510663,0.11,184.72856070904973,0.6143119498808249,"{'trail_atr_mult': 3.0, 'trail_atr_len': 14, 'tp_converts_to_trail': True, 'rsi': np.float64(62.39015153299899), 'atr': 13.591048627665804, 'exit_reason': 'sl', 'signal_time': Timestamp('2025-09-29 13:00:00+0000', tz='UTC')}"
2025-09-30 15:00:00+00:00,2025-10-01 15:00:00+00:00,1,3854.3050000000003,3858.908851643382,3859.0838516433823,3919.1855173037807,0.09,45.03466479043673,0.15286984200132084,"{'trail_atr_mult': 3.0, 'trail_atr_len': 14, 'tp_converts_to_trail': True, 'rsi': np.float64(60.47086891040089), 'atr': 16.268879325945182, 'exit_reason': 'sl', 'signal_time': Timestamp('2025-09-30 14:00:00+0000', tz='UTC')}"
2025-09-30 20:00:00+00:00,2025-10-01 15:00:00+00:00,1,3859.2850000000003,3858.908851643382,3859.0838516433823,3919.0569323910286,0.1,0.23851643381840448,0.0007864441026486105,"{'trail_atr_mult': 3.0, 'trail_atr_len': 14, 'tp_converts_to_trail': True, 'rsi': np.float64(60.62657129118291), 'atr': 15.016733097757207, 'exit_reason': 'sl', 'signal_time': Timestamp('2025-09-30 19:00:00+0000', tz='UTC')}"
2025-10-01 05:00:00+00:00,2025-10-01 15:00:00+00:00,1,3865.105,3858.908851643382,3859.0838516433823,3914.517141294829,0.12,-74.35378027941442,-0.24726663159684606,"{'trail_atr_mult': 3.0, 'trail_atr_len': 14, 'tp_converts_to_trail': True, 'rsi': np.float64(60.7124332353738), 'atr': 12.41178532370726, 'exit_reason': 'sl', 'signal_time': Timestamp('2025-10-01 04:00:00+0000', tz='UTC')}"
2025-10-01 08:00:00+00:00,2025-10-01 15:00:00+00:00,1,3879.405,3858.908851643382,3859.0838516433823,3929.8773649507075,0.12,-245.95378027941658,-0.8023959887691888,"{'trail_atr_mult': 3.0, 'trail_atr_len': 14, 'tp_converts_to_trail': True, 'rsi': np.float64(65.5073176340392), 'atr': 12.669341237676921, 'exit_reason': 'sl', 'signal_time': Timestamp('2025-10-01 07:00:00+0000', tz='UTC')}"
2025-10-02 10:00:00+00:00,2025-10-02 15:00:00+00:00,1,3879.2650000000003,3862.3822391951016,3862.557239195102,3922.548703200446,0.14,-236.35865126858153,-0.7691689992667831,"{'trail_atr_mult': 3.0, 'trail_atr_len': 14, 'tp_converts_to_trail': True, 'rsi': np.float64(60.757041898116526), 'atr': 10.872175800111568, 'exit_reason': 'sl', 'signal_time': Timestamp('2025-10-02 09:00:00+0000', tz='UTC')}"
2025-10-03 14:00:00+00:00,2025-10-06 05:00:00+00:00,1,3886.065,3928.668602589039,3928.843602589039,,0.11,481.83962847942814,1.640166566784903,"{'trail_atr_mult': 3.0, 'trail_atr_len': 14, 'tp_converts_to_trail': True, 'rsi': np.float64(64.20595788150862), 'atr': 11.58090064725982, 'exit_reason': 'sl', 'signal_time': Timestamp('2025-10-03 13:00:00+0000', tz='UTC')}"
2025-10-07 12:00:00+00:00,2025-10-08 05:00:00+00:00,1,3966.9750000000004,4014.7349999999997,4015.261665971322,,0.13,626.0799999999911,1.992896335440814,"{'trail_atr_mult': 3.0, 'trail_atr_len': 14, 'tp_converts_to_trail': True, 'rsi': np.float64(60.493694901474754), 'atr': 12.075416492830502, 'exit_reason': 'sl_gap', 'signal_time': Timestamp('2025-10-07 11:00:00+0000', tz='UTC')}"
2025-10-07 18:00:00+00:00,2025-10-08 07:00:00+00:00,1,3981.135,4029.455,4036.8066228603425,,0.11,535.9199999999968,1.7274567250950357,"{'trail_atr_mult': 3.0, 'trail_atr_len': 14, 'tp_converts_to_trail': True, 'rsi': np.float64(61.21279486765174), 'atr': 13.979155715085618, 'exit_reason': 'sl_gap', 'signal_time': Timestamp('2025-10-07 17:00:00+0000', tz='UTC')}"
2025-10-09 13:00:00+00:00,2025-10-09 14:00:00+00:00,1,4053.7450000000003,4025.3485678253187,4025.523567825319,4109.362864349362,0.11,-312.36075392149814,-1.0062009609901081,"{'trail_atr_mult': 3.0, 'trail_atr_len': 14, 'tp_converts_to_trail': True, 'rsi': np.float64(63.75605681659312), 'atr': 13.9732160873405, 'exit_reason': 'sl', 'signal_time': Timestamp('2025-10-09 12:00:00+0000', tz='UTC')}"
2025-10-12 23:00:00+00:00,2025-10-14 01:00:00+00:00,1,4042.375,4127.605,4127.872974095635,,0.07,602.209999999997,2.0135051099267267,"{'trail_atr_mult': 3.0, 'trail_atr_len': 14, 'tp_converts_to_trail': True, 'rsi': np.float64(67.66714551767117), 'atr': 21.370743523908825, 'exit_reason': 'sl_gap', 'signal_time': Timestamp('2025-10-12 22:00:00+0000', tz='UTC')}"
2025-10-14 09:00:00+00:00,2025-10-14 14:00:00+00:00,1,4144.155,4101.005044541389,4101.180044541389,4229.549910917223,0.07,-302.0496882102753,-1.0040721391827556,"{'trail_atr_mult': 3.0, 'trail_atr_len': 14, 'tp_converts_to_trail': True, 'rsi': np.float64(63.304994825331015), 'atr': 21.394977729305754, 'exit_reason': 'sl', 'signal_time': Timestamp('2025-10-14 08:00:00+0000', tz='UTC')}"
2025-10-14 23:00:00+00:00,2025-10-15 10:00:00+00:00,1,4159.025000000001,4166.014043935687,4166.189043935688,4236.339943777059,0.08,59.112351485494585,0.1875393199921996,"{'trail_atr_mult': 3.0, 'trail_atr_len': 14, 'tp_converts_to_trail': True, 'rsi': np.float64(63.52017509568952), 'atr': 19.452485944264748, 'exit_reason': 'sl', 'signal_time': Timestamp('2025-10-14 22:00:00+0000', tz='UTC')}"
2025-10-14 18:00:00+00:00,2025-10-15 10:00:00+00:00,1,4148.265,4166.014043935687,4166.189043935688,4233.356843602797,0.07,127.0433075498093,0.4263499365882156,"{'trail_atr_mult': 3.0, 'trail_atr_len': 14, 'tp_converts_to_trail': True, 'rsi': np.float64(61.167923944917156), 'atr': 21.27671090069939, 'exit_reason': 'sl', 'signal_time': Timestamp('2025-10-14 17:00:00+0000', tz='UTC')}"
2025-10-15 14:00:00+00:00,2025-10-16 17:00:00+00:00,1,4192.825,4267.300324988562,4267.4753249885625,,0.08,605.4025999085003,1.965456934304289,"{'trail_atr_mult': 3.0, 'trail_atr_len': 14, 'tp_converts_to_trail': True, 'rsi': np.float64(60.58102926616623), 'atr': 18.8588312471407, 'exit_reason': 'sl', 'signal_time': Timestamp('2025-10-15 13:00:00+0000', tz='UTC')}"
2025-10-15 17:00:00+00:00,2025-10-16 17:00:00+00:00,1,4199.085,4273.554999999999,4274.426286078671,,0.08,605.3599999999948,1.9940369656971506,"{'trail_atr_mult': 3.0, 'trail_atr_len': 14, 'tp_converts_to_trail': True, 'rsi': np.float64(61.11940678054048), 'atr': 18.88157151966786, 'exit_reason': 'sl_gap', 'signal_time': Timestamp('2025-10-15 16:00:00+0000', tz='UTC')}"
2025-10-16 08:00:00+00:00,2025-10-17 02:00:00+00:00,1,4230.685,4314.3613345619515,4314.536334561952,,0.09,756.6870110575597,2.4186508183847026,"{'trail_atr_mult': 3.0, 'trail_atr_len': 14, 'tp_converts_to_trail': True, 'rsi': np.float64(61.30592214177625), 'atr': 17.288333546303324, 'exit_reason': 'sl', 'signal_time': Timestamp('2025-10-16 07:00:00+0000', tz='UTC')}"
2025-10-20 13:00:00+00:00,2025-10-21 08:00:00+00:00,1,4324.215,4312.496390582039,4312.671390582039,4434.963897998105,0.05,-56.59304708980745,-0.20132011820067178,"{'trail_atr_mult': 3.0, 'trail_atr_len': 14, 'tp_converts_to_trail': True, 'rsi': np.float64(63.66293864087908), 'atr': 27.828474499526266, 'exit_reason': 'sl', 'signal_time': Timestamp('2025-10-20 12:00:00+0000', tz='UTC')}"
2025-10-20 15:00:00+00:00,2025-10-21 08:00:00+00:00,1,4332.885,4312.496390582039,4312.671390582039,4447.061473273877,0.05,-99.94304708980782,-0.34438931302674836,"{'trail_atr_mult': 3.0, 'trail_atr_len': 14, 'tp_converts_to_trail': True, 'rsi': np.float64(62.80127263372481), 'atr': 28.702868318469186, 'exit_reason': 'sl', 'signal_time': Timestamp('2025-10-20 14:00:00+0000', tz='UTC')}"
2025-11-11 23:00:00+00:00,2025-11-12 03:00:00+00:00,1,4142.845,4117.988824993528,4118.163824993529,4191.652350012942,0.13,-317.93027508413417,-0.990883740342961,"{'trail_atr_mult': 3.0, 'trail_atr_len': 14, 'tp_converts_to_trail': True, 'rsi': np.float64(62.997572586856144), 'atr': 12.248087503235586, 'exit_reason': 'sl', 'signal_time': Timestamp('2025-11-11 22:00:00+0000', tz='UTC')}"
2025-11-12 15:00:00+00:00,2025-11-13 13:00:00+00:00,1,4181.615,4242.1849999999995,4243.317274792813,,0.1,617.6999999999971,1.988178599913314,"{'trail_atr_mult': 3.0, 'trail_atr_len': 14, 'tp_converts_to_trail': True, 'rsi': np.float64(72.90491100469468), 'atr': 15.46181869820316, 'exit_reason': 'sl_gap', 'signal_time': Timestamp('2025-11-12 14:00:00+0000', tz='UTC')}"
2025-11-25 13:00:00+00:00,2025-11-25 14:00:00+00:00,1,4147.865,4114.639598235796,4114.814598235796,4213.980803528407,0.09,-299.02861587783167,-1.005294943197626,"{'trail_atr_mult': 3.0, 'trail_atr_len': 14, 'tp_converts_to_trail': True, 'rsi': np.float64(62.16679809876), 'atr': 16.52770088210171, 'exit_reason': 'sl', 'signal_time': Timestamp('2025-11-25 12:00:00+0000', tz='UTC')}"
2025-11-26 11:00:00+00:00,2025-11-26 14:00:00+00:00,1,4171.8550000000005,4144.368680509191,4144.543680509191,4225.802638981618,0.11,-302.349514398903,-1.00640759960569,"{'trail_atr_mult': 3.0, 'trail_atr_len': 14, 'tp_converts_to_trail': True, 'rsi': np.float64(64.41717755172047), 'atr': 13.543159745404317, 'exit_reason': 'sl', 'signal_time': Timestamp('2025-11-26 10:00:00+0000', tz='UTC')}"
2025-11-28 00:00:00+00:00,2025-11-28 08:00:00+00:00,1,4180.745,4166.6939660628805,4166.868966062881,4215.11201303097,0.18,-252.9186108681497,-0.8060942392877336,"{'trail_atr_mult': 3.0, 'trail_atr_len': 14, 'tp_converts_to_trail': True, 'rsi': np.float64(68.63764881620457), 'atr': 8.633003257742462, 'exit_reason': 'sl', 'signal_time': Timestamp('2025-11-27 23:00:00+0000', tz='UTC')}"
2025-11-26 08:00:00+00:00,2025-11-28 08:00:00+00:00,1,4161.3150000000005,4166.6939660628805,4166.868966062881,4217.872444863704,0.11,76.76862669167949,0.24375368811063267,"{'trail_atr_mult': 3.0, 'trail_atr_len': 14, 'tp_converts_to_trail': True, 'rsi': np.float64(60.66907159414072), 'atr': 14.19811121592599, 'exit_reason': 'sl', 'signal_time': Timestamp('2025-11-26 07:00:00+0000', tz='UTC')}"
2025-11-26 02:00:00+00:00,2025-11-28 08:00:00+00:00,1,4162.115,4166.6939660628805,4166.868966062881,4223.857161103591,0.1,61.789660628806814,0.1956385550633659,"{'trail_atr_mult': 3.0, 'trail_atr_len': 14, 'tp_converts_to_trail': True, 'rsi': np.float64(64.50941285612977), 'atr': 15.554290275897774, 'exit_reason': 'sl', 'signal_time': Timestamp('2025-11-26 01:00:00+0000', tz='UTC')}"
2025-11-28 14:00:00+00:00,2025-12-01 02:00:00+00:00,1,4198.305,4248.405189945291,4248.580189945291,,0.12,615.6022793434844,2.0256662413586963,"{'trail_atr_mult': 3.0, 'trail_atr_len': 14, 'tp_converts_to_trail': True, 'rsi': np.float64(66.75614152731664), 'atr': 12.600047486322573, 'exit_reason': 'sl', 'signal_time': Timestamp('2025-11-28 13:00:00+0000', tz='UTC')}"
2025-12-03 13:00:00+00:00,2025-12-03 14:00:00+00:00,1,4237.225,4209.2969847639915,4209.471984763992,4291.426030472016,0.11,-307.20816759609716,-1.0063056211554673,"{'trail_atr_mult': 3.0, 'trail_atr_len': 14, 'tp_converts_to_trail': True, 'rsi': np.float64(63.14016313911551), 'atr': 13.659007618003951, 'exit_reason': 'sl', 'signal_time': Timestamp('2025-12-03 12:00:00+0000', tz='UTC')}"
2025-12-05 09:00:00+00:00,2025-12-05 16:00:00+00:00,1,4223.425,4224.881182364421,4225.056182364421,4263.583089135294,0.16,23.298917830732535,0.07195805388380311,"{'trail_atr_mult': 3.0, 'trail_atr_len': 14, 'tp_converts_to_trail': True, 'rsi': np.float64(61.037642690660995), 'atr': 10.065772283823556, 'exit_reason': 'sl', 'signal_time': Timestamp('2025-12-05 08:00:00+0000', tz='UTC')}"
2025-12-05 05:00:00+00:00,2025-12-05 16:00:00+00:00,1,4220.695000000001,4224.881182364421,4225.056182364421,4262.644707896132,0.15,62.7927354663052,0.19642045991827667,"{'trail_atr_mult': 3.0, 'trail_atr_len': 14, 'tp_converts_to_trail': True, 'rsi': np.float64(60.837748856568695), 'atr': 10.543676974033005, 'exit_reason': 'sl', 'signal_time': Timestamp('2025-12-05 04:00:00+0000', tz='UTC')}"
2025-12-10 02:00:00+00:00,2025-12-10 09:00:00+00:00,1,4217.115,4196.55113560912,4196.72613560912,4257.60772878176,0.15,-308.45796586319466,-1.0085831165799732,"{'trail_atr_mult': 3.0, 'trail_atr_len': 14, 'tp_converts_to_trail': True, 'rsi': np.float64(60.760989920303786), 'atr': 10.146932195439886, 'exit_reason': 'sl', 'signal_time': Timestamp('2025-12-10 01:00:00+0000', tz='UTC')}"
2025-12-10 20:00:00+00:00,2025-12-11 04:00:00+00:00,1,4229.835,4208.883514048406,4209.058514048406,4281.556708766798,0.12,-237.01783141912674,-0.7613312318715624,"{'trail_atr_mult': 3.0, 'trail_atr_len': 14, 'tp_converts_to_trail': True, 'rsi': np.float64(65.5906629101105), 'atr': 12.944177191699557, 'exit_reason': 'sl', 'signal_time': Timestamp('2025-12-10 19:00:00+0000', tz='UTC')}"
2025-12-11 14:00:00+00:00,2025-12-11 19:00:00+00:00,1,4230.345,4268.045,4283.7859119298,,0.12,452.39999999999776,1.3971782798385737,"{'trail_atr_mult': 3.0, 'trail_atr_len': 14, 'tp_converts_to_trail': True, 'rsi': np.float64(60.69272088824985), 'atr': 13.40397798244999, 'exit_reason': 'sl_gap', 'signal_time': Timestamp('2025-12-11 13:00:00+0000', tz='UTC')}"
2025-12-15 01:00:00+00:00,2025-12-15 15:00:00+00:00,1,4322.695000000001,4311.903580573634,4312.078580573634,4389.906171295669,0.09,-97.12277483730031,-0.31976389828378216,"{'trail_atr_mult': 3.0, 'trail_atr_len': 14, 'tp_converts_to_trail': True, 'rsi': np.float64(62.75665289334773), 'atr': 16.82654282391719, 'exit_reason': 'sl', 'signal_time': Timestamp('2025-12-15 00:00:00+0000', tz='UTC')}"
2025-12-16 14:00:00+00:00,2025-12-16 16:00:00+00:00,1,4324.745,4296.179544843308,4296.354544843308,4381.000910313383,0.11,-314.22000672361446,-1.0061640434799064,"{'trail_atr_mult': 3.0, 'trail_atr_len': 14, 'tp_converts_to_trail': True, 'rsi': np.float64(62.95237721287305), 'atr': 14.107727578345868, 'exit_reason': 'sl', 'signal_time': Timestamp('2025-12-16 13:00:00+0000', tz='UTC')}"
2025-12-17 01:00:00+00:00,2025-12-18 12:00:00+00:00,1,4326.895,4319.513840358592,4319.688840358592,4381.61913942767,0.11,-67.99275605549774,-0.22375587042404813,"{'trail_atr_mult': 3.0, 'trail_atr_len': 14, 'tp_converts_to_trail': True, 'rsi': np.float64(61.517319009125416), 'atr': 13.724784856917418, 'exit_reason': 'sl', 'signal_time': Timestamp('2025-12-17 00:00:00+0000', tz='UTC')}"
2025-12-17 13:00:00+00:00,2025-12-18 12:00:00+00:00,1,4342.275000000001,4319.513840358592,4319.688840358592,4396.312159399835,0.11,-237.17275605549898,-0.7903338093130624,"{'trail_atr_mult': 3.0, 'trail_atr_len': 14, 'tp_converts_to_trail': True, 'rsi': np.float64(64.58875336398697), 'atr': 13.553039849958555, 'exit_reason': 'sl', 'signal_time': Timestamp('2025-12-17 12:00:00+0000', tz='UTC')}"
2025-12-17 04:00:00+00:00,2025-12-18 12:00:00+00:00,1,4329.835,4319.513840358592,4319.688840358592,4384.2201637473,0.11,-100.33275605549333,-0.33313120404459096,"{'trail_atr_mult': 3.0, 'trail_atr_len': 14, 'tp_converts_to_trail': True, 'rsi': np.float64(60.62764988522779), 'atr': 13.627540936824968, 'exit_reason': 'sl', 'signal_time': Timestamp('2025-12-17 03:00:00+0000', tz='UTC')}"
2025-12-17 20:00:00+00:00,2025-12-18 13:00:00+00:00,1,4341.595,4316.83535176155,4317.01035176155,4399.908900678485,0.11,-259.1561306229567,-0.8008187769240634,"{'trail_atr_mult': 3.0, 'trail_atr_len': 14, 'tp_converts_to_trail': True, 'rsi': np.float64(60.52235390656377), 'atr': 14.622225169621325, 'exit_reason': 'sl', 'signal_time': Timestamp('2025-12-17 19:00:00+0000', tz='UTC')}"
2025-12-17 17:00:00+00:00,2025-12-18 13:00:00+00:00,1,4342.635,4317.05535176155,4317.23035176155,4402.6692368965705,0.1,-243.79648238450318,-0.8047517838875515,"{'trail_atr_mult': 3.0, 'trail_atr_len': 14, 'tp_converts_to_trail': True, 'rsi': np.float64(62.2099140590073), 'atr': 15.054809224142602, 'exit_reason': 'sl', 'signal_time': Timestamp('2025-12-17 16:00:00+0000', tz='UTC')}"
2025-12-18 16:00:00+00:00,2025-12-18 17:00:00+00:00,1,4360.495,4330.8863820050965,4331.061382005097,4418.807235989809,0.1,-296.08617994903403,-1.0059455823619947,"{'trail_atr_mult': 3.0, 'trail_atr_len': 14, 'tp_converts_to_trail': True, 'rsi': np.float64(67.42167477728852), 'atr': 14.62430899745206, 'exit_reason': 'sl', 'signal_time': Timestamp('2025-12-18 15:00:00+0000', tz='UTC')}"
2025-12-22 00:00:00+00:00,2025-12-22 08:00:00+00:00,1,4365.245,4410.0224646353745,4410.197464635375,,0.14,626.8845048952445,1.9705154069484587,"{'trail_atr_mult': 3.0, 'trail_atr_len': 14, 'tp_converts_to_trail': True, 'rsi': np.float64(68.35977234555746), 'atr': 11.279366158843668, 'exit_reason': 'sl', 'signal_time': Timestamp('2025-12-21 23:00:00+0000', tz='UTC')}"
2025-12-19 15:00:00+00:00,2025-12-23 14:00:00+00:00,1,4348.025000000001,4462.681028280135,4462.856028280135,,0.13,1511.3283676417514,4.819189487411894,"{'trail_atr_mult': 3.0, 'trail_atr_len': 14, 'tp_converts_to_trail': True, 'rsi': np.float64(64.2894867144731), 'atr': 11.974282233693591, 'exit_reason': 'sl', 'signal_time': Timestamp('2025-12-19 14:00:00+0000', tz='UTC')}"
2025-12-24 00:00:00+00:00,2025-12-24 02:00:00+00:00,1,4512.185,4481.635221518585,4481.810221518585,4572.379556962828,0.1,-305.4977848141516,-1.0057613588888312,"{'trail_atr_mult': 3.0, 'trail_atr_len': 14, 'tp_converts_to_trail': True, 'rsi': np.float64(65.912442757879), 'atr': 15.094889240707143, 'exit_reason': 'sl', 'signal_time': Timestamp('2025-12-23 23:00:00+0000', tz='UTC')}"
2025-12-23 19:00:00+00:00,2025-12-24 02:00:00+00:00,1,4490.955,4479.62209425803,4479.7970942580305,4550.572657129793,0.1,-109.32905741969626,-0.36465714714092134,"{'trail_atr_mult': 3.0, 'trail_atr_len': 14, 'tp_converts_to_trail': True, 'rsi': np.float64(61.99676753152872), 'atr': 14.933164282448095, 'exit_reason': 'sl', 'signal_time': Timestamp('2025-12-23 18:00:00+0000', tz='UTC')}"
2025-12-26 15:00:00+00:00,2025-12-26 17:00:00+00:00,1,4546.8150000000005,4513.730252199907,4513.905252199907,4612.109495600186,0.09,-297.76273020083954,-1.0053175734151232,"{'trail_atr_mult': 3.0, 'trail_atr_len': 14, 'tp_converts_to_trail': True, 'rsi': np.float64(68.29108174848405), 'atr': 16.367373900046488, 'exit_reason': 'sl', 'signal_time': Timestamp('2025-12-26 14:00:00+0000', tz='UTC')}"
2025-12-26 08:00:00+00:00,2025-12-29 00:00:00+00:00,1,4518.935,4503.474031556836,4503.649031556836,4581.739681728387,0.1,-142.6096844316435,-0.4507994367471448,"{'trail_atr_mult': 3.0, 'trail_atr_len': 14, 'tp_converts_to_trail': True, 'rsi': np.float64(61.07583154560007), 'atr': 15.739920432096776, 'exit_reason': 'sl', 'signal_time': Timestamp('2025-12-26 07:00:00+0000', tz='UTC')}"
2025-12-26 00:00:00+00:00,2025-12-29 00:00:00+00:00,1,4517.965,4503.474031556836,4503.649031556836,4587.908726592163,0.09,-119.61871598847684,-0.3764148430464329,"{'trail_atr_mult': 3.0, 'trail_atr_len': 14, 'tp_converts_to_trail': True, 'rsi': np.float64(62.47476623204102), 'atr': 17.542181648040593, 'exit_reason': 'sl', 'signal_time': Timestamp('2025-12-25 23:00:00+0000', tz='UTC')}"
2025-12-26 13:00:00+00:00,2025-12-29 00:00:00+00:00,1,4525.325,4503.474031556836,4503.649031556836,4585.505273003767,0.1,-206.50968443163765,-0.6796963930988619,"{'trail_atr_mult': 3.0, 'trail_atr_len': 14, 'tp_converts_to_trail': True, 'rsi': np.float64(62.15572549018241), 'atr': 15.093818250941705, 'exit_reason': 'sl', 'signal_time': Timestamp('2025-12-26 12:00:00+0000', tz='UTC')}"
2026-01-06 10:00:00+00:00,2026-01-07 05:00:00+00:00,1,4451.925,4456.261960424394,4456.436960424394,4517.459053817195,0.09,42.63264381954159,0.14341593318917298,"{'trail_atr_mult': 3.0, 'trail_atr_len': 14, 'tp_converts_to_trail': True, 'rsi': np.float64(55.07620775505575), 'atr': 16.427263454298824, 'exit_reason': 'sl', 'signal_time': Timestamp('2026-01-06 09:00:00+0000', tz='UTC')}"
2026-01-08 20:00:00+00:00,2026-01-12 00:00:00+00:00,1,4476.245,4539.8949999999995,4540.802648661786,,0.09,587.2499999999966,2.0023737362160845,"{'trail_atr_mult': 3.0, 'trail_atr_len': 14, 'tp_converts_to_trail': True, 'rsi': np.float64(63.550330936678634), 'atr': 16.190662165446522, 'exit_reason': 'sl_gap', 'signal_time': Timestamp('2026-01-08 19:00:00+0000', tz='UTC')}"
2026-01-09 13:00:00+00:00,2026-01-12 00:00:00+00:00,1,4482.965,4539.4225761586795,4539.59757615868,,0.1,576.5757615867933,2.0174954934622176,"{'trail_atr_mult': 3.0, 'trail_atr_len': 14, 'tp_converts_to_trail': True, 'rsi': np.float64(61.643487965163494), 'atr': 14.201894039669892, 'exit_reason': 'sl', 'signal_time': Timestamp('2026-01-09 12:00:00+0000', tz='UTC')}"
2026-01-09 04:00:00+00:00,2026-01-13 01:00:00+00:00,1,4464.885,4577.333281873957,4577.5082818739575,,0.1,1140.4828187395706,4.019735354166696,"{'trail_atr_mult': 3.0, 'trail_atr_len': 14, 'tp_converts_to_trail': True, 'rsi': np.float64(55.13133679545718), 'atr': 14.09854358564771, 'exit_reason': 'sl', 'signal_time': Timestamp('2026-01-09 03:00:00+0000', tz='UTC')}"
2026-01-13 02:00:00+00:00,2026-01-13 18:00:00+00:00,1,4594.305,4583.779109735111,4583.954109735111,4667.415415153335,0.08,-84.2071221191145,-0.286008583552221,"{'trail_atr_mult': 3.0, 'trail_atr_len': 14, 'tp_converts_to_trail': True, 'rsi': np.float64(55.68185236113357), 'atr': 18.318853788333715, 'exit_reason': 'sl', 'signal_time': Timestamp('2026-01-13 01:00:00+0000', tz='UTC')}"
2026-01-13 13:00:00+00:00,2026-01-13 18:00:00+00:00,1,4611.665,4583.779109735111,4583.954109735111,4676.372303970098,0.09,-250.97301238400087,-0.8549718028561859,"{'trail_atr_mult': 3.0, 'trail_atr_len': 14, 'tp_converts_to_trail': True, 'rsi': np.float64(62.40781889933936), 'atr': 16.220575992524537, 'exit_reason': 'sl', 'signal_time': Timestamp('2026-01-13 12:00:00+0000', tz='UTC')}"
2026-01-14 18:00:00+00:00,2026-01-15 01:00:00+00:00,1,4635.215,4599.617897993261,4599.792897993261,4705.534204013477,0.08,-275.1768160539126,-0.9710632644046697,"{'trail_atr_mult': 3.0, 'trail_atr_len': 14, 'tp_converts_to_trail': True, 'rsi': np.float64(58.82318830949885), 'atr': 17.623551003369307, 'exit_reason': 'sl', 'signal_time': Timestamp('2026-01-14 17:00:00+0000', tz='UTC')}"
2026-01-14 00:00:00+00:00,2026-01-15 01:00:00+00:00,1,4609.305,4596.935820305273,4597.110820305274,4681.242750423649,0.08,-89.35343755781506,-0.30814611473434056,"{'trail_atr_mult': 3.0, 'trail_atr_len': 14, 'tp_converts_to_trail': True, 'rsi': np.float64(56.700332460804205), 'atr': 18.03068760591232, 'exit_reason': 'sl', 'signal_time': Timestamp('2026-01-13 23:00:00+0000', tz='UTC')}"
2026-01-20 01:00:00+00:00,2026-01-20 09:00:00+00:00,1,4669.925,4723.06711353881,4723.24211353881,,0.11,584.5632489269101,1.9739980489623183,"{'trail_atr_mult': 3.0, 'trail_atr_len': 14, 'tp_converts_to_trail': True, 'rsi': np.float64(57.2378214793944), 'atr': 13.373028384702666, 'exit_reason': 'sl', 'signal_time': Timestamp('2026-01-20 00:00:00+0000', tz='UTC')}"
2026-01-21 18:00:00+00:00,2026-01-21 19:00:00+00:00,1,4850.395,4797.958772144684,4798.133772144684,4954.392455710632,0.05,-262.18113927658123,-1.003348562733441,"{'trail_atr_mult': 3.0, 'trail_atr_len': 14, 'tp_converts_to_trail': True, 'rsi': np.float64(60.656913226441084), 'atr': 26.043113927658045, 'exit_reason': 'sl', 'signal_time': Timestamp('2026-01-21 17:00:00+0000', tz='UTC')}"
2026-01-22 07:00:00+00:00,2026-01-23 01:00:00+00:00,1,4832.845,4941.348823156854,4941.523823156855,,0.05,544.519115784271,1.9945056868646467,"{'trail_atr_mult': 3.0, 'trail_atr_len': 14, 'tp_converts_to_trail': True, 'rsi': np.float64(55.15043735493672), 'atr': 27.21345578921374, 'exit_reason': 'sl', 'signal_time': Timestamp('2026-01-22 06:00:00+0000', tz='UTC')}"
2026-01-22 14:00:00+00:00,2026-01-23 08:00:00+00:00,1,4835.415,4930.054332644069,4930.2293326440695,,0.06,570.2359958644159,1.9937066897432223,"{'trail_atr_mult': 3.0, 'trail_atr_len': 14, 'tp_converts_to_trail': True, 'rsi': np.float64(55.528542641932), 'atr': 23.747333161017455, 'exit_reason': 'sl', 'signal_time': Timestamp('2026-01-22 13:00:00+0000', tz='UTC')}"
2026-01-23 10:00:00+00:00,2026-01-26 19:00:00+00:00,1,4929.955,5039.30115800269,5039.47615800269,,0.06,663.276948016138,2.4512437885111877,"{'trail_atr_mult': 3.0, 'trail_atr_len': 14, 'tp_converts_to_trail': True, 'rsi': np.float64(57.839409313146064), 'atr': 22.48649298894964, 'exit_reason': 'sl', 'signal_time': Timestamp('2026-01-23 09:00:00+0000', tz='UTC')}"
2026-01-27 15:00:00+00:00,2026-01-28 02:00:00+00:00,1,5091.135,5204.575,5206.034964875267,,0.05,569.199999999998,1.9725368792274431,"{'trail_atr_mult': 3.0, 'trail_atr_len': 14, 'tp_converts_to_trail': True, 'rsi': np.float64(55.8583591272922), 'atr': 28.768741218816807, 'exit_reason': 'sl_gap', 'signal_time': Timestamp('2026-01-27 14:00:00+0000', tz='UTC')}"
2026-01-27 02:00:00+00:00,2026-01-28 02:00:00+00:00,1,5072.5650000000005,5204.575,5216.067397345546,,0.04,529.6399999999973,1.8386779521166439,"{'trail_atr_mult': 3.0, 'trail_atr_len': 14, 'tp_converts_to_trail': True, 'rsi': np.float64(55.39099177789284), 'atr': 35.919349336386496, 'exit_reason': 'sl_gap', 'signal_time': Timestamp('2026-01-27 01:00:00+0000', tz='UTC')}"
2026-01-27 05:00:00+00:00,2026-01-28 02:00:00+00:00,1,5083.165,5204.575,5215.1832951779,,0.04,487.2399999999995,1.8380409184260262,"{'trail_atr_mult': 3.0, 'trail_atr_len': 14, 'tp_converts_to_trail': True, 'rsi': np.float64(57.099107600211234), 'atr': 33.04832379447493, 'exit_reason': 'sl_gap', 'signal_time': Timestamp('2026-01-27 04:00:00+0000', tz='UTC')}"
2026-01-27 19:00:00+00:00,2026-01-28 02:00:00+00:00,1,5099.115,5203.594187625013,5203.769187625013,,0.05,524.3959381250643,1.9942954493797707,"{'trail_atr_mult': 3.0, 'trail_atr_len': 14, 'tp_converts_to_trail': True, 'rsi': np.float64(57.527924435156834), 'atr': 26.207296906253223, 'exit_reason': 'sl', 'signal_time': Timestamp('2026-01-27 18:00:00+0000', tz='UTC')}"
2026-01-27 12:00:00+00:00,2026-01-29 00:00:00+00:00,1,5085.155,5453.676432789871,5453.851432789871,,0.05,1850.6071639493557,6.756531503381064,"{'trail_atr_mult': 3.0, 'trail_atr_len': 14, 'tp_converts_to_trail': True, 'rsi': np.float64(55.48273247363287), 'atr': 27.307399137202268, 'exit_reason': 'sl', 'signal_time': Timestamp('2026-01-27 11:00:00+0000', tz='UTC')}"
2026-02-10 09:00:00+00:00,2026-02-11 13:00:00+00:00,1,5047.035,5040.78045534869,5040.9554553486905,5166.620035819436,0.05,-29.27272325654758,-0.09748635259938943,"{'trail_atr_mult': 3.0, 'trail_atr_len': 14, 'tp_converts_to_trail': True, 'rsi': np.float64(56.0368554165487), 'atr': 29.94000895485924, 'exit_reason': 'sl', 'signal_time': Timestamp('2026-02-10 08:00:00+0000', tz='UTC')}"
2026-02-10 13:00:00+00:00,2026-02-11 13:00:00+00:00,1,5051.345,5040.78045534869,5040.9554553486905,5167.281111595139,0.05,-50.82272325654959,-0.1745119350673959,"{'trail_atr_mult': 3.0, 'trail_atr_len': 14, 'tp_converts_to_trail': True, 'rsi': np.float64(55.71691252469716), 'atr': 29.030277898784867, 'exit_reason': 'sl', 'signal_time': Timestamp('2026-02-10 12:00:00+0000', tz='UTC')}"
2026-02-11 01:00:00+00:00,2026-02-11 13:00:00+00:00,1,5052.755,5040.78045534869,5040.9554553486905,5161.598516090046,0.05,-59.87272325654885,-0.2189760834178389,"{'trail_atr_mult': 3.0, 'trail_atr_len': 14, 'tp_converts_to_trail': True, 'rsi': np.float64(56.997507724425034), 'atr': 27.254629022511633, 'exit_reason': 'sl', 'signal_time': Timestamp('2026-02-11 00:00:00+0000', tz='UTC')}"
2026-02-11 05:00:00+00:00,2026-02-11 13:00:00+00:00,1,5052.925,5040.78045534869,5040.9554553486905,5152.98539353519,0.06,-72.86726790785906,-0.2414773005200021,"{'trail_atr_mult': 3.0, 'trail_atr_len': 14, 'tp_converts_to_trail': True, 'rsi': np.float64(56.206526786489185), 'atr': 25.058848383797567, 'exit_reason': 'sl', 'signal_time': Timestamp('2026-02-11 04:00:00+0000', tz='UTC')}"
2026-02-11 16:00:00+00:00,2026-02-12 16:00:00+00:00,1,5075.405,5031.2434564882005,5031.418456488201,5208.400965686963,0.04,-171.84617404719683,-0.6436621877849609,"{'trail_atr_mult': 3.0, 'trail_atr_len': 14, 'tp_converts_to_trail': True, 'rsi': np.float64(56.13224469306748), 'atr': 33.29024142174089, 'exit_reason': 'sl', 'signal_time': Timestamp('2026-02-11 15:00:00+0000', tz='UTC')}"
2026-02-20 08:00:00+00:00,2026-02-20 15:00:00+00:00,1,5029.165,5000.047631772419,5000.222631772419,5106.098918082272,0.08,-232.93894582064968,-0.7518144830438973,"{'trail_atr_mult': 3.0, 'trail_atr_len': 14, 'tp_converts_to_trail': True, 'rsi': np.float64(61.55215855157837), 'atr': 19.277229520567875, 'exit_reason': 'sl', 'signal_time': Timestamp('2026-02-20 07:00:00+0000', tz='UTC')}"
2026-02-25 14:00:00+00:00,2026-02-25 20:00:00+00:00,1,5191.475,5155.094606611882,5155.269606611882,5280.28647853519,0.07,-254.66275371682698,-0.811460291124067,"{'trail_atr_mult': 3.0, 'trail_atr_len': 14, 'tp_converts_to_trail': True, 'rsi': np.float64(56.49754558118176), 'atr': 22.27411963379758, 'exit_reason': 'sl', 'signal_time': Timestamp('2026-02-25 13:00:00+0000', tz='UTC')}"
2026-02-25 01:00:00+00:00,2026-02-25 20:00:00+00:00,1,5177.165,5155.094606611882,5155.269606611882,5282.740783377408,0.06,-132.42236032870642,-0.4160269639030191,"{'trail_atr_mult': 3.0, 'trail_atr_len': 14, 'tp_converts_to_trail': True, 'rsi': np.float64(55.11258905091898), 'atr': 26.437695844351996, 'exit_reason': 'sl', 'signal_time': Timestamp('2026-02-25 00:00:00+0000', tz='UTC')}"
2026-02-26 05:00:00+00:00,2026-02-26 14:00:00+00:00,1,5198.515,5155.064933648381,5155.239933648381,5284.540132703239,0.07,-304.1504644613342,-1.0040438990567515,"{'trail_atr_mult': 3.0, 'trail_atr_len': 14, 'tp_converts_to_trail': True, 'rsi': np.float64(55.70659759637956), 'atr': 21.55003317580959, 'exit_reason': 'sl', 'signal_time': Timestamp('2026-02-26 04:00:00+0000', tz='UTC')}"
2026-02-27 05:00:00+00:00,2026-03-02 01:00:00+00:00,1,5198.005,5310.243757994294,5310.4187579942945,,0.07,794.0713059600598,2.645392527426211,"{'trail_atr_mult': 3.0, 'trail_atr_len': 14, 'tp_converts_to_trail': True, 'rsi': np.float64(56.159150434777175), 'atr': 21.353317727088378, 'exit_reason': 'sl', 'signal_time': Timestamp('2026-02-27 04:00:00+0000', tz='UTC')}"
2026-02-27 13:00:00+00:00,2026-03-02 01:00:00+00:00,1,5223.305,5310.243757994294,5310.4187579942945,,0.08,705.1100639543525,2.2091199226243448,"{'trail_atr_mult': 3.0, 'trail_atr_len': 14, 'tp_converts_to_trail': True, 'rsi': np.float64(65.11995832977289), 'atr': 19.861339601606822, 'exit_reason': 'sl', 'signal_time': Timestamp('2026-02-27 12:00:00+0000', tz='UTC')}"
2026-03-02 23:00:00+00:00,2026-03-03 06:00:00+00:00,1,5346.195000000001,5292.777648935832,5292.952648935832,5467.552102638567,0.05,-265.0867553208427,-0.8699776245473542,"{'trail_atr_mult': 3.0, 'trail_atr_len': 14, 'tp_converts_to_trail': True, 'rsi': np.float64(55.10779628532864), 'atr': 30.383025659641582, 'exit_reason': 'sl', 'signal_time': Timestamp('2026-03-02 22:00:00+0000', tz='UTC')}"
2026-03-03 02:00:00+00:00,2026-03-03 06:00:00+00:00,1,5367.085,5304.409513575631,5304.584513575631,5491.560972848739,0.05,-313.37743212184705,-1.0027999782083608,"{'trail_atr_mult': 3.0, 'trail_atr_len': 14, 'tp_converts_to_trail': True, 'rsi': np.float64(58.87320817984065), 'atr': 31.162743212184676, 'exit_reason': 'sl', 'signal_time': Timestamp('2026-03-03 01:00:00+0000', tz='UTC')}"
2026-04-07 22:00:00+00:00,2026-04-08 01:00:00+00:00,1,4705.885,4825.642960892112,4825.817960892112,,0.04,480.6318435684458,1.774099655727334,"{'trail_atr_mult': 3.0, 'trail_atr_len': 14, 'tp_converts_to_trail': True, 'rsi': np.float64(60.737434987857974), 'atr': 31.27699022302788, 'exit_reason': 'sl', 'signal_time': Timestamp('2026-04-07 19:00:00+0000', tz='UTC')}"
2026-04-09 12:00:00+00:00,2026-04-10 09:00:00+00:00,1,4756.795,4739.265610015461,4739.440610015461,4852.978815790056,0.06,-102.77633990723515,-0.35424671152473103,"{'trail_atr_mult': 3.0, 'trail_atr_len': 14, 'tp_converts_to_trail': True, 'rsi': np.float64(57.072052039259354), 'atr': 24.089703947513872, 'exit_reason': 'sl', 'signal_time': Timestamp('2026-04-09 11:00:00+0000', tz='UTC')}"
2026-04-09 14:00:00+00:00,2026-04-10 09:00:00+00:00,1,4764.675,4739.265610015461,4739.440610015461,4865.169999329182,0.06,-150.0563399072358,-0.49499040377166204,"{'trail_atr_mult': 3.0, 'trail_atr_len': 14, 'tp_converts_to_trail': True, 'rsi': np.float64(58.40057705797048), 'atr': 25.169999832295524, 'exit_reason': 'sl', 'signal_time': Timestamp('2026-04-09 13:00:00+0000', tz='UTC')}"
2026-04-10 13:00:00+00:00,2026-04-12 23:00:00+00:00,1,4772.005,4723.4349999999995,4735.338844397452,4853.181845623672,0.07,-334.39000000000436,-1.1693738283473836,"{'trail_atr_mult': 3.0, 'trail_atr_len': 14, 'tp_converts_to_trail': True, 'rsi': np.float64(56.22316784809336), 'atr': 20.337961405918072, 'exit_reason': 'sl_gap', 'signal_time': Timestamp('2026-04-10 12:00:00+0000', tz='UTC')}"
2026-04-14 12:00:00+00:00,2026-04-15 03:00:00+00:00,1,4775.145,4846.9349999999995,4857.61909703443,,0.07,505.3299999999934,1.7395369968917413,"{'trail_atr_mult': 3.0, 'trail_atr_len': 14, 'tp_converts_to_trail': True, 'rsi': np.float64(56.83574838403313), 'atr': 20.66227425860742, 'exit_reason': 'sl_gap', 'signal_time': Timestamp('2026-04-14 11:00:00+0000', tz='UTC')}"
2026-04-15 14:00:00+00:00,2026-04-15 16:00:00+00:00,1,4829.115,4790.78550866996,4790.96050866996,4904.898982660079,0.08,-306.6359306403174,-1.004586615989358,"{'trail_atr_mult': 3.0, 'trail_atr_len': 14, 'tp_converts_to_trail': True, 'rsi': np.float64(59.399111232031174), 'atr': 18.98974566501983, 'exit_reason': 'sl', 'signal_time': Timestamp('2026-04-15 13:00:00+0000', tz='UTC')}"
2026-04-15 09:00:00+00:00,2026-04-16 14:00:00+00:00,1,4818.615,4793.003589106284,4793.178589106285,4893.870572324744,0.08,-195.29128714972322,-0.6442656777281691,"{'trail_atr_mult': 3.0, 'trail_atr_len': 14, 'tp_converts_to_trail': True, 'rsi': np.float64(55.99589064681898), 'atr': 18.85764308118619, 'exit_reason': 'sl', 'signal_time': Timestamp('2026-04-15 08:00:00+0000', tz='UTC')}"
2026-04-16 00:00:00+00:00,2026-04-16 14:00:00+00:00,1,4823.595,4793.003589106284,4793.178589106285,4896.441948364091,0.08,-244.731287149727,-0.8331907725513918,"{'trail_atr_mult': 3.0, 'trail_atr_len': 14, 'tp_converts_to_trail': True, 'rsi': np.float64(56.89724460156569), 'atr': 18.260487091022867, 'exit_reason': 'sl', 'signal_time': Timestamp('2026-04-15 23:00:00+0000', tz='UTC')}"
2026-04-16 04:00:00+00:00,2026-04-16 14:00:00+00:00,1,4824.175,4793.003589106284,4793.178589106285,4893.959131799946,0.09,-280.54269804344216,-0.8866959410737516,"{'trail_atr_mult': 3.0, 'trail_atr_len': 14, 'tp_converts_to_trail': True, 'rsi': np.float64(55.653930131944044), 'atr': 17.489782949986484, 'exit_reason': 'sl', 'signal_time': Timestamp('2026-04-16 03:00:00+0000', tz='UTC')}"
2026-04-16 07:00:00+00:00,2026-04-16 14:00:00+00:00,1,4826.255,4792.031965640583,4792.206965640583,4893.826068718835,0.09,-308.0073092347566,-1.0051397974447762,"{'trail_atr_mult': 3.0, 'trail_atr_len': 14, 'tp_converts_to_trail': True, 'rsi': np.float64(55.247968746272775), 'atr': 16.936517179708673, 'exit_reason': 'sl', 'signal_time': Timestamp('2026-04-16 06:00:00+0000', tz='UTC')}"
2026-04-20 23:00:00+00:00,2026-04-21 05:00:00+00:00,1,4827.795,4789.669745478472,4789.844745478472,4903.170509043057,0.08,-301.80203617222725,-0.9940711860081944,"{'trail_atr_mult': 3.0, 'trail_atr_len': 14, 'tp_converts_to_trail': True, 'rsi': np.float64(58.22200896255883), 'atr': 18.887627260764134, 'exit_reason': 'sl', 'signal_time': Timestamp('2026-04-20 22:00:00+0000', tz='UTC')}"
2026-05-08 14:00:00+00:00,2026-05-08 16:00:00+00:00,1,4748.165,4704.450409260961,4704.6254092609615,4834.719181478076,0.07,-306.00213517327035,-1.004019330384823,"{'trail_atr_mult': 3.0, 'trail_atr_len': 14, 'tp_converts_to_trail': True, 'rsi': np.float64(61.853494837746034), 'atr': 21.682295369519228, 'exit_reason': 'sl', 'signal_time': Timestamp('2026-05-08 13:00:00+0000', tz='UTC')}"
2026-05-08 06:00:00+00:00,2026-05-10 23:00:00+00:00,1,4727.775000000001,4691.697236374092,4691.872236374093,4812.838656718319,0.07,-246.94434538135687,-0.8243560532095022,"{'trail_atr_mult': 3.0, 'trail_atr_len': 14, 'tp_converts_to_trail': True, 'rsi': np.float64(55.76344716518161), 'atr': 21.30966417957956, 'exit_reason': 'sl', 'signal_time': Timestamp('2026-05-08 05:00:00+0000', tz='UTC')}"
2026-06-17 02:00:00+00:00,2026-06-17 19:00:00+00:00,1,4341.1050000000005,4334.171212883678,4334.346212883678,4399.605186946995,0.1,-69.33787116322492,-0.23494333436162443,"{'trail_atr_mult': 3.0, 'trail_atr_len': 14, 'tp_converts_to_trail': True, 'rsi': np.float64(55.95262229204145), 'atr': 14.668796736748606, 'exit_reason': 'sl', 'signal_time': Timestamp('2026-06-17 01:00:00+0000', tz='UTC')}"
2026-06-17 14:00:00+00:00,2026-06-17 19:00:00+00:00,1,4340.115,4334.171212883678,4334.346212883678,4394.595461450256,0.11,-65.3816582795398,-0.21611625317231253,"{'trail_atr_mult': 3.0, 'trail_atr_len': 14, 'tp_converts_to_trail': True, 'rsi': np.float64(56.372093130049805), 'atr': 13.663865362564241, 'exit_reason': 'sl', 'signal_time': Timestamp('2026-06-17 13:00:00+0000', tz='UTC')}"
2026-07-07 12:00:00+00:00,2026-07-07 19:00:00+00:00,1,4156.965,4133.702153542857,4133.877153542857,4216.933423591455,0.09,-209.36561811429146,-0.7691033198666378,"{'trail_atr_mult': 3.0, 'trail_atr_len': 14, 'tp_converts_to_trail': True, 'rsi': np.float64(57.696115265739), 'atr': 15.03585589786368, 'exit_reason': 'sl', 'signal_time': Timestamp('2026-07-07 11:00:00+0000', tz='UTC')}"
2026-07-23 00:00:00+00:00,2026-07-23 08:00:00+00:00,1,4133.595,4098.9212451283065,4099.096245128307,4201.857509743388,0.08,-277.39003897354996,-1.0050726468433726,"{'trail_atr_mult': 3.0, 'trail_atr_len': 14, 'tp_converts_to_trail': True, 'rsi': np.float64(57.155518964363374), 'atr': 17.126877435846737, 'exit_reason': 'sl', 'signal_time': Timestamp('2026-07-22 23:00:00+0000', tz='UTC')}"
2026-08-05 01:00:00+00:00,2026-08-06 14:00:00+00:00,1,4082.565,4243.704619587196,4243.879619587196,,0.09,1461.0565762847657,4.943251907791188,"{'trail_atr_mult': 3.0, 'trail_atr_len': 14, 'tp_converts_to_trail': True, 'rsi': np.float64(58.03885618952832), 'atr': 16.34282639802639, 'exit_reason': 'sl', 'signal_time': Timestamp('2026-08-05 00:00:00+0000', tz='UTC')}"
2026-08-07 04:00:00+00:00,2026-08-07 14:00:00+00:00,1,4266.125,4348.194110153609,4348.369110153609,,0.07,574.48377107526,1.9859647611710818,"{'trail_atr_mult': 3.0, 'trail_atr_len': 14, 'tp_converts_to_trail': True, 'rsi': np.float64(56.84382544541312), 'atr': 20.59477753840227, 'exit_reason': 'sl', 'signal_time': Timestamp('2026-08-07 03:00:00+0000', tz='UTC')}"
2026-08-10 04:00:00+00:00,2026-08-11 02:00:00+00:00,1,4326.725,4409.4400178049,4409.6150178049,,0.07,581.8051246342973,1.9928070506272046,"{'trail_atr_mult': 3.0, 'trail_atr_len': 14, 'tp_converts_to_trail': True, 'rsi': np.float64(56.55832775742191), 'atr': 20.76625445122498, 'exit_reason': 'sl', 'signal_time': Timestamp('2026-08-10 03:00:00+0000', tz='UTC')}"
2026-08-10 15:00:00+00:00,2026-08-11 03:00:00+00:00,1,4345.745,4419.708232378237,4419.883232378237,,0.08,594.9058590258967,1.9721534280685806,"{'trail_atr_mult': 3.0, 'trail_atr_len': 14, 'tp_converts_to_trail': True, 'rsi': np.float64(57.51359916037991), 'atr': 18.6408080945593, 'exit_reason': 'sl', 'signal_time': Timestamp('2026-08-10 14:00:00+0000', tz='UTC')}"
2026-08-12 19:00:00+00:00,2026-08-12 23:00:00+00:00,1,4413.215,4371.999058256061,4372.1740582560615,4494.771883487877,0.07,-288.511592207572,-1.004264034706904,"{'trail_atr_mult': 3.0, 'trail_atr_len': 14, 'tp_converts_to_trail': True, 'rsi': np.float64(55.04817214680677), 'atr': 20.432970871969296, 'exit_reason': 'sl', 'signal_time': Timestamp('2026-08-12 18:00:00+0000', tz='UTC')}"
2026-08-12 07:00:00+00:00,2026-08-12 23:00:00+00:00,1,4403.535,4381.793866856657,4381.968866856657,4473.819407482427,0.08,-173.92906514674542,-0.6138146524937325,"{'trail_atr_mult': 3.0, 'trail_atr_len': 14, 'tp_converts_to_trail': True, 'rsi': np.float64(58.81503539807059), 'atr': 17.61735187060662, 'exit_reason': 'sl', 'signal_time': Timestamp('2026-08-12 06:00:00+0000', tz='UTC')}"
2026-08-11 12:00:00+00:00,2026-08-12 23:00:00+00:00,1,4387.745,4381.793866856657,4381.968866856657,4464.370217422798,0.07,-38.8579320034025,-0.14396051590233683,"{'trail_atr_mult': 3.0, 'trail_atr_len': 14, 'tp_converts_to_trail': True, 'rsi': np.float64(56.23051011354059), 'atr': 19.197554355699662, 'exit_reason': 'sl', 'signal_time': Timestamp('2026-08-11 11:00:00+0000', tz='UTC')}"
2026-08-12 02:00:00+00:00,2026-08-12 23:00:00+00:00,1,4396.525000000001,4381.793866856657,4381.968866856657,4467.387398954006,0.08,-117.84906514675096,-0.41201703205060525,"{'trail_atr_mult': 3.0, 'trail_atr_len': 14, 'tp_converts_to_trail': True, 'rsi': np.float64(59.72601760555971), 'atr': 17.769349738501326, 'exit_reason': 'sl', 'signal_time': Timestamp('2026-08-12 01:00:00+0000', tz='UTC')}"
2026-08-13 01:00:00+00:00,2026-08-13 06:00:00+00:00,1,4427.805,4382.642028786218,4382.8170287862185,4518.035942427564,0.06,-270.9778272826916,-1.0038899286915737,"{'trail_atr_mult': 3.0, 'trail_atr_len': 14, 'tp_converts_to_trail': True, 'rsi': np.float64(59.798434658246585), 'atr': 22.536485606890842, 'exit_reason': 'sl', 'signal_time': Timestamp('2026-08-13 00:00:00+0000', tz='UTC')}"
2026-08-17 01:00:00+00:00,2026-08-18 09:00:00+00:00,1,4400.885,4388.753153814197,4388.928153814197,4493.832675657239,0.06,-70.39107711482174,-0.2510219399051712,"{'trail_atr_mult': 3.0, 'trail_atr_len': 14, 'tp_converts_to_trail': True, 'rsi': np.float64(61.5021336609546), 'atr': 23.280668914309725, 'exit_reason': 'sl', 'signal_time': Timestamp('2026-08-17 00:00:00+0000', tz='UTC')}"
2026-08-17 14:00:00+00:00,2026-08-18 09:00:00+00:00,1,4408.655,4388.753153814197,4388.928153814197,4483.62083795576,0.08,-156.01476948642522,-0.5201821349958671,"{'trail_atr_mult': 3.0, 'trail_atr_len': 14, 'tp_converts_to_trail': True, 'rsi': np.float64(59.89631904020432), 'atr': 18.742709488940093, 'exit_reason': 'sl', 'signal_time': Timestamp('2026-08-17 13:00:00+0000', tz='UTC')}"
2026-08-17 22:00:00+00:00,2026-08-18 09:00:00+00:00,1,4406.775000000001,4388.753153814197,4388.928153814197,4490.992119182698,0.13,-229.08400041545138,-0.7745505704931884,"{'trail_atr_mult': 3.0, 'trail_atr_len': 14, 'tp_converts_to_trail': True, 'rsi': np.float64(59.67033623301935), 'atr': 17.82802979567432, 'exit_reason': 'sl', 'signal_time': Timestamp('2026-08-17 19:00:00+0000', tz='UTC')}"
2026-08-20 14:00:00+00:00,2026-08-24 23:00:00+00:00,1,4481.755,4618.196300200155,4618.371300200155,,0.08,1104.3304016012378,3.6718554520649245,"{'trail_atr_mult': 3.0, 'trail_atr_len': 14, 'tp_converts_to_trail': True, 'rsi': np.float64(56.16077460496562), 'atr': 18.699713289336714, 'exit_reason': 'sl', 'signal_time': Timestamp('2026-08-20 13:00:00+0000', tz='UTC')}"
2026-08-24 22:00:00+00:00,2026-08-24 23:00:00+00:00,1,4649.0650000000005,4607.428343872966,4607.603343872966,4739.203312254069,0.07,-291.4565928892398,-1.0042207672424854,"{'trail_atr_mult': 3.0, 'trail_atr_len': 14, 'tp_converts_to_trail': True, 'rsi': np.float64(59.946570410055955), 'atr': 21.933328063517074, 'exit_reason': 'sl', 'signal_time': Timestamp('2026-08-24 19:00:00+0000', tz='UTC')}"
2026-08-25 16:00:00+00:00,2026-08-26 10:00:00+00:00,1,4652.845,4616.815424753656,4616.990424753656,4744.307381928597,0.06,-213.77745147806633,-0.7744096712943175,"{'trail_atr_mult': 3.0, 'trail_atr_len': 14, 'tp_converts_to_trail': True, 'rsi': np.float64(55.47755797670025), 'atr': 22.911845482149324, 'exit_reason': 'sl', 'signal_time': Timestamp('2026-08-25 15:00:00+0000', tz='UTC')}"
2026-08-25 19:00:00+00:00,2026-08-26 10:00:00+00:00,1,4654.685,4616.815424753656,4616.990424753656,4738.783067819653,0.07,-262.28702672441176,-0.8855640952700687,"{'trail_atr_mult': 3.0, 'trail_atr_len': 14, 'tp_converts_to_trail': True, 'rsi': np.float64(55.746758278687786), 'atr': 21.068266954913305, 'exit_reason': 'sl', 'signal_time': Timestamp('2026-08-25 18:00:00+0000', tz='UTC')}"
