entry_time,exit_time,direction,entry,exit,sl,tp,lots,pnl,r_multiple,meta
2017-01-04 09:00:00+00:00,2017-01-06 13:00:00+00:00,1,1165.5449999999998,1173.5193068579217,1173.6943068579217,1190.9372788937258,0.34,325.5264331693437,0.737129311895277,"{'trail_atr_mult': 4.0, 'trail_atr_len': 14, 'tp_converts_to_trail': True, 'don_upper': 1165.09, 'don_lower': 1122.62, 'atr': 3.1984098617157186, 'exit_reason': 'sl', 'signal_time': Timestamp('2017-01-04 08:00:00+0000', tz='UTC')}"
2017-01-10 14:00:00+00:00,2017-01-11 14:00:00+00:00,1,1188.985,1180.6874552110219,1180.8624552110218,1214.3636116379996,0.34,-268.516522825253,-0.609763989620097,"{'trail_atr_mult': 4.0, 'trail_atr_len': 14, 'tp_converts_to_trail': True, 'don_upper': 1187.54, 'don_lower': 1125.67, 'atr': 3.194201454749945, 'exit_reason': 'sl', 'signal_time': Timestamp('2017-01-10 13:00:00+0000', tz='UTC')}"
2017-01-11 18:00:00+00:00,2017-01-13 01:00:00+00:00,1,1195.0149999999999,1193.2374973480498,1193.4124973480498,1230.6027099099504,0.24,-4.260063646801065,-0.009830480869071307,"{'trail_atr_mult': 4.0, 'trail_atr_len': 14, 'tp_converts_to_trail': True, 'don_upper': 1191.27, 'don_lower': 1126.77, 'atr': 4.470338738743799, 'exit_reason': 'sl', 'signal_time': Timestamp('2017-01-11 17:00:00+0000', tz='UTC')}"
2017-01-17 05:00:00+00:00,2017-01-18 20:00:00+00:00,1,1211.965,1208.1751469545313,1208.3501469545313,1231.113603624606,0.45,-152.54338704608654,-0.3435614812128627,"{'trail_atr_mult': 4.0, 'trail_atr_len': 14, 'tp_converts_to_trail': True, 'don_upper': 1208.48, 'don_lower': 1136.45, 'atr': 2.4179504530757514, 'exit_reason': 'sl', 'signal_time': Timestamp('2017-01-17 04:00:00+0000', tz='UTC')}"
2017-02-02 10:00:00+00:00,2017-02-03 00:00:00+00:00,1,1222.375,1212.762700800253,1212.937700800253,1248.8233522888856,0.33,-304.0058735916505,-0.6838272462144401,"{'trail_atr_mult': 4.0, 'trail_atr_len': 14, 'tp_converts_to_trail': True, 'don_upper': 1219.4, 'don_lower': 1180.48, 'atr': 3.3266690361106956, 'exit_reason': 'sl', 'signal_time': Timestamp('2017-02-02 09:00:00+0000', tz='UTC')}"
2017-02-06 11:00:00+00:00,2017-02-09 15:00:00+00:00,1,1226.135,1235.5098700755123,1235.6848700755122,1246.1007206568484,0.43,489.1194132470273,1.1135064951024585,"{'trail_atr_mult': 4.0, 'trail_atr_len': 14, 'tp_converts_to_trail': True, 'don_upper': 1225.21, 'don_lower': 1180.48, 'atr': 2.5150900821060422, 'exit_reason': 'sl', 'signal_time': Timestamp('2017-02-06 10:00:00+0000', tz='UTC')}"
2017-02-23 13:00:00+00:00,2017-02-27 20:00:00+00:00,1,1248.575,1253.8444355735091,1254.019435573509,1268.1743813637681,0.44,302.2551652344004,0.6847393347410985,"{'trail_atr_mult': 4.0, 'trail_atr_len': 14, 'tp_converts_to_trail': True, 'don_upper': 1244.64, 'don_lower': 1216.64, 'atr': 2.4692976704710117, 'exit_reason': 'sl', 'signal_time': Timestamp('2017-02-23 12:00:00+0000', tz='UTC')}"
2017-03-07 13:00:00+00:00,2017-03-09 05:00:00+00:00,-1,1220.935,1204.975,1204.3766378967327,,0.53,803.480000000002,1.7873815235106247,"{'trail_atr_mult': 4.0, 'trail_atr_len': 14, 'tp_converts_to_trail': True, 'don_upper': 1263.79, 'don_lower': 1222.16, 'atr': 2.086670262908394, 'exit_reason': 'sl_gap', 'signal_time': Timestamp('2017-03-07 12:00:00+0000', tz='UTC')}"
2017-03-09 22:00:00+00:00,2017-03-10 13:00:00+00:00,-1,1200.625,1202.842461312425,1202.667461312425,1181.4157877493483,0.5,-120.8730656212515,-0.2678002539089194,"{'trail_atr_mult': 4.0, 'trail_atr_len': 14, 'tp_converts_to_trail': True, 'don_upper': 1263.79, 'don_lower': 1201.3, 'atr': 2.3530265313314653, 'exit_reason': 'sl', 'signal_time': Timestamp('2017-03-09 20:00:00+0000', tz='UTC')}"
2017-03-21 17:00:00+00:00,2017-03-23 15:00:00+00:00,1,1247.205,1243.3444226433298,1243.5194226433298,1267.0458159231482,0.44,-99.46540369348403,-0.2216706961063016,"{'trail_atr_mult': 4.0, 'trail_atr_len': 14, 'tp_converts_to_trail': True, 'don_upper': 1244.66, 'don_lower': 1194.91, 'atr': 2.5032269903935243, 'exit_reason': 'sl', 'signal_time': Timestamp('2017-03-21 16:00:00+0000', tz='UTC')}"
2017-03-27 01:00:00+00:00,2017-03-28 06:00:00+00:00,1,1254.955,1253.4250359758346,1253.6000359758345,1277.7216368002742,0.39,-44.06859694244818,-0.09702744670585192,"{'trail_atr_mult': 4.0, 'trail_atr_len': 14, 'tp_converts_to_trail': True, 'don_upper': 1254.02, 'don_lower': 1194.91, 'atr': 2.867704600034283, 'exit_reason': 'sl', 'signal_time': Timestamp('2017-03-27 00:00:00+0000', tz='UTC')}"
2017-04-07 02:00:00+00:00,2017-04-07 18:00:00+00:00,1,1264.565,1259.5359786054366,1259.7109786054366,1285.7099759257537,0.41,-206.18987717710002,-0.46032283162708426,"{'trail_atr_mult': 4.0, 'trail_atr_len': 14, 'tp_converts_to_trail': True, 'don_upper': 1261.22, 'don_lower': 1226.82, 'atr': 2.6724969907192273, 'exit_reason': 'sl', 'signal_time': Timestamp('2017-04-07 01:00:00+0000', tz='UTC')}"
2017-04-11 15:00:00+00:00,2017-04-17 01:00:00+00:00,1,1272.825,1294.325,1294.8743471246564,,0.4,988.0,2.1883246380155392,"{'trail_atr_mult': 4.0, 'trail_atr_len': 14, 'tp_converts_to_trail': True, 'don_upper': 1270.83, 'don_lower': 1239.61, 'atr': 2.7780433905820403, 'exit_reason': 'sl_gap', 'signal_time': Timestamp('2017-04-11 14:00:00+0000', tz='UTC')}"
2017-05-01 16:00:00+00:00,2017-05-03 19:00:00+00:00,-1,1259.7250000000001,1253.2236988032532,1253.0486988032533,1241.2217532068357,0.48,292.8624574438516,0.6402793775275523,"{'trail_atr_mult': 4.0, 'trail_atr_len': 14, 'tp_converts_to_trail': True, 'don_upper': 1295.45, 'don_lower': 1260.0, 'atr': 2.3360308491455446, 'exit_reason': 'sl', 'signal_time': Timestamp('2017-05-01 15:00:00+0000', tz='UTC')}"
2017-05-03 20:00:00+00:00,2017-05-05 06:00:00+00:00,-1,1239.335,1234.9019602714382,1234.7269602714382,1217.0926448462071,0.4,145.32158914247523,0.32083567409004343,"{'trail_atr_mult': 4.0, 'trail_atr_len': 14, 'tp_converts_to_trail': True, 'don_upper': 1295.45, 'don_lower': 1245.26, 'atr': 2.797169394224105, 'exit_reason': 'sl', 'signal_time': Timestamp('2017-05-03 19:00:00+0000', tz='UTC')}"
2017-05-09 12:00:00+00:00,2017-05-09 21:00:00+00:00,-1,1223.505,1224.150910751266,1223.9759107512662,1206.210302793613,0.51,-32.94144831456606,-0.07249402094604525,"{'trail_atr_mult': 4.0, 'trail_atr_len': 14, 'tp_converts_to_trail': True, 'don_upper': 1288.18, 'don_lower': 1223.77, 'atr': 2.183712150798389, 'exit_reason': 'sl', 'signal_time': Timestamp('2017-05-09 11:00:00+0000', tz='UTC')}"
2017-05-26 10:00:00+00:00,2017-05-30 08:00:00+00:00,1,1265.875,1263.962281885352,1264.137281885352,1283.8324630810341,0.49,-15.323187617751358,-0.03383944155894315,"{'trail_atr_mult': 4.0, 'trail_atr_len': 14, 'tp_converts_to_trail': True, 'don_upper': 1265.0, 'don_lower': 1214.23, 'atr': 2.266557885129251, 'exit_reason': 'sl', 'signal_time': Timestamp('2017-05-26 09:00:00+0000', tz='UTC')}"
2017-05-31 18:00:00+00:00,2017-06-01 13:00:00+00:00,1,1271.835,1264.5997487027998,1264.7747487027998,1289.8003464164835,0.49,-295.72731356280946,-0.6506887970391073,"{'trail_atr_mult': 4.0, 'trail_atr_len': 14, 'tp_converts_to_trail': True, 'don_upper': 1270.41, 'don_lower': 1226.49, 'atr': 2.270043302060443, 'exit_reason': 'sl', 'signal_time': Timestamp('2017-05-31 17:00:00+0000', tz='UTC')}"
2017-06-02 15:00:00+00:00,2017-06-07 11:00:00+00:00,1,1276.695,1288.7157582789253,1288.8907582789252,1300.1049079219083,0.38,532.7888145991619,1.1715740310905274,"{'trail_atr_mult': 4.0, 'trail_atr_len': 14, 'tp_converts_to_trail': True, 'don_upper': 1276.37, 'don_lower': 1233.45, 'atr': 2.9481134902385344, 'exit_reason': 'sl', 'signal_time': Timestamp('2017-06-02 14:00:00+0000', tz='UTC')}"
2017-06-15 12:00:00+00:00,2017-06-21 10:00:00+00:00,-1,1255.7250000000001,1247.2484946203863,1247.0734946203863,1230.342225855129,0.35,254.6776882864849,0.558490171812783,"{'trail_atr_mult': 4.0, 'trail_atr_len': 14, 'tp_converts_to_trail': True, 'don_upper': 1296.01, 'don_lower': 1256.8, 'atr': 3.2009717681088747, 'exit_reason': 'sl', 'signal_time': Timestamp('2017-06-15 11:00:00+0000', tz='UTC')}"
2017-07-03 08:00:00+00:00,2017-07-03 18:00:00+00:00,-1,1235.175,1220.5389101921646,1220.3639101921647,,0.58,848.8932088544493,1.9087120630133538,"{'trail_atr_mult': 4.0, 'trail_atr_len': 14, 'tp_converts_to_trail': True, 'don_upper': 1280.85, 'don_lower': 1235.56, 'atr': 1.8732612259793968, 'exit_reason': 'sl', 'signal_time': Timestamp('2017-07-03 07:00:00+0000', tz='UTC')}"
2017-07-10 07:00:00+00:00,2017-07-10 12:00:00+00:00,-1,1206.405,1214.666873477503,1214.491873477503,1186.2687719967007,0.43,-355.26055953263153,-0.7997466052050561,"{'trail_atr_mult': 4.0, 'trail_atr_len': 14, 'tp_converts_to_trail': True, 'don_upper': 1258.8, 'don_lower': 1207.26, 'atr': 2.538903500412393, 'exit_reason': 'sl', 'signal_time': Timestamp('2017-07-10 06:00:00+0000', tz='UTC')}"
2017-07-20 15:00:00+00:00,2017-07-25 09:00:00+00:00,1,1245.975,1251.7964168976823,1251.9714168976823,1266.8595071407121,0.42,328.49950970266127,0.7286070282303584,"{'trail_atr_mult': 4.0, 'trail_atr_len': 14, 'tp_converts_to_trail': True, 'don_upper': 1244.51, 'don_lower': 1204.81, 'atr': 2.6349383925890244, 'exit_reason': 'sl', 'signal_time': Timestamp('2017-07-20 14:00:00+0000', tz='UTC')}"
2017-07-26 20:00:00+00:00,2017-07-27 17:00:00+00:00,1,1261.195,1255.590516295268,1255.7655162952678,1282.9913931811388,0.4,-176.17934818928188,-0.3946423656435357,"{'trail_atr_mult': 4.0, 'trail_atr_len': 14, 'tp_converts_to_trail': True, 'don_upper': 1258.74, 'don_lower': 1204.81, 'atr': 2.7464241476423674, 'exit_reason': 'sl', 'signal_time': Timestamp('2017-07-26 19:00:00+0000', tz='UTC')}"
2017-07-28 16:00:00+00:00,2017-08-01 13:00:00+00:00,1,1269.135,1264.2375083497768,1264.4125083497768,1290.4152568826366,0.41,-135.1971576591501,-0.303283761421664,"{'trail_atr_mult': 4.0, 'trail_atr_len': 14, 'tp_converts_to_trail': True, 'don_upper': 1267.87, 'don_lower': 1208.13, 'atr': 2.679407110329585, 'exit_reason': 'sl', 'signal_time': Timestamp('2017-07-28 15:00:00+0000', tz='UTC')}"
2017-08-01 15:00:00+00:00,2017-08-02 03:00:00+00:00,1,1273.0349999999999,1264.8508059479445,1265.0258059479445,1292.5963760345246,0.45,-350.2887323424893,-0.7750720228154431,"{'trail_atr_mult': 4.0, 'trail_atr_len': 14, 'tp_converts_to_trail': True, 'don_upper': 1272.07, 'don_lower': 1214.73, 'atr': 2.467047004315602, 'exit_reason': 'sl', 'signal_time': Timestamp('2017-08-01 14:00:00+0000', tz='UTC')}"
2017-08-09 13:00:00+00:00,2017-08-11 14:00:00+00:00,1,1274.995,1281.993853389666,1282.1688533896659,1295.6341324123555,0.42,361.1518423659724,0.8125873739710656,"{'trail_atr_mult': 4.0, 'trail_atr_len': 14, 'tp_converts_to_trail': True, 'don_upper': 1274.04, 'don_lower': 1243.69, 'atr': 2.601766551544449, 'exit_reason': 'sl', 'signal_time': Timestamp('2017-08-09 12:00:00+0000', tz='UTC')}"
2017-08-18 08:00:00+00:00,2017-08-18 16:00:00+00:00,1,1293.085,1290.025745492456,1290.200745492456,1312.868005294301,0.44,-134.60719833193525,-0.3012855731727132,"{'trail_atr_mult': 4.0, 'trail_atr_len': 14, 'tp_converts_to_trail': True, 'don_upper': 1291.93, 'don_lower': 1251.44, 'atr': 2.4947506617876076, 'exit_reason': 'sl', 'signal_time': Timestamp('2017-08-18 07:00:00+0000', tz='UTC')}"
2017-08-28 15:00:00+00:00,2017-08-29 00:00:00+00:00,1,1303.855,1318.4650000000001,1324.0588811545304,,0.43,645.4300000000055,1.4357535335407108,"{'trail_atr_mult': 4.0, 'trail_atr_len': 14, 'tp_converts_to_trail': True, 'don_upper': 1300.74, 'don_lower': 1267.23, 'atr': 2.5548601443163133, 'exit_reason': 'sl_gap', 'signal_time': Timestamp('2017-08-28 14:00:00+0000', tz='UTC')}"
2017-08-29 09:00:00+00:00,2017-08-29 19:00:00+00:00,1,1324.675,1312.2979171187424,1312.4729171187423,1349.4436826814028,0.35,-433.19790084401575,-0.9694710344522737,"{'trail_atr_mult': 4.0, 'trail_atr_len': 14, 'tp_converts_to_trail': True, 'don_upper': 1324.36, 'don_lower': 1267.23, 'atr': 3.1279603351753376, 'exit_reason': 'sl', 'signal_time': Timestamp('2017-08-29 08:00:00+0000', tz='UTC')}"
2017-09-03 23:00:00+00:00,2017-09-05 09:00:00+00:00,1,1335.125,1330.2067557853882,1330.3817557853881,1364.970520661427,0.29,-119.4290822237431,-0.2703988064016876,"{'trail_atr_mult': 4.0, 'trail_atr_len': 14, 'tp_converts_to_trail': True, 'don_upper': 1328.76, 'don_lower': 1267.7, 'atr': 3.756315082678353, 'exit_reason': 'sl', 'signal_time': Timestamp('2017-09-03 22:00:00+0000', tz='UTC')}"
2017-09-05 19:00:00+00:00,2017-09-06 17:00:00+00:00,1,1343.705,1334.0598352231414,1334.2348352231413,1370.0360569689549,0.33,-305.09043763633264,-0.6900391940179662,"{'trail_atr_mult': 4.0, 'trail_atr_len': 14, 'tp_converts_to_trail': True, 'don_upper': 1339.72, 'don_lower': 1276.37, 'atr': 3.3107571211193725, 'exit_reason': 'sl', 'signal_time': Timestamp('2017-09-05 18:00:00+0000', tz='UTC')}"
2017-09-08 03:00:00+00:00,2017-09-08 15:00:00+00:00,1,1352.235,1345.3301447457598,1345.5051447457597,1376.6767481260526,0.36,-248.57478915264525,-0.5524602815870838,"{'trail_atr_mult': 4.0, 'trail_atr_len': 14, 'tp_converts_to_trail': True, 'don_upper': 1350.53, 'don_lower': 1276.37, 'atr': 3.0783435157565835, 'exit_reason': 'sl', 'signal_time': Timestamp('2017-09-08 02:00:00+0000', tz='UTC')}"
2017-09-20 19:00:00+00:00,2017-09-22 05:00:00+00:00,-1,1300.765,1298.6539741026154,1298.4789741026154,1272.8597900925477,0.31,40.64180281892591,0.09222766217009476,"{'trail_atr_mult': 4.0, 'trail_atr_len': 14, 'tp_converts_to_trail': True, 'don_upper': 1357.42, 'don_lower': 1304.56, 'atr': 3.510026238431556, 'exit_reason': 'sl', 'signal_time': Timestamp('2017-09-20 18:00:00+0000', tz='UTC')}"
2017-09-27 13:00:00+00:00,2017-09-28 19:00:00+00:00,-1,1284.105,1288.7850775531606,1288.6100775531606,1258.6216826821026,0.34,-179.52263680745946,-0.40649881118534975,"{'trail_atr_mult': 4.0, 'trail_atr_len': 14, 'tp_converts_to_trail': True, 'don_upper': 1355.03, 'don_lower': 1286.23, 'atr': 3.206039664737176, 'exit_reason': 'sl', 'signal_time': Timestamp('2017-09-27 12:00:00+0000', tz='UTC')}"
2017-10-02 01:00:00+00:00,2017-10-04 01:00:00+00:00,-1,1275.125,1275.2542753211012,1275.0792753211012,1252.58153401073,0.39,-20.641737522946965,-0.04600700640781803,"{'trail_atr_mult': 4.0, 'trail_atr_len': 14, 'tp_converts_to_trail': True, 'don_upper': 1334.59, 'don_lower': 1275.92, 'atr': 2.837308248658761, 'exit_reason': 'sl', 'signal_time': Timestamp('2017-10-02 00:00:00+0000', tz='UTC')}"
2017-10-06 13:00:00+00:00,2017-10-06 15:00:00+00:00,-1,1264.405,1270.242763320116,1270.067763320116,1247.623279002673,0.51,-297.7259293259151,-0.6722930967814301,"{'trail_atr_mult': 4.0, 'trail_atr_len': 14, 'tp_converts_to_trail': True, 'don_upper': 1315.94, 'don_lower': 1266.09, 'atr': 2.1220901246658794, 'exit_reason': 'sl', 'signal_time': Timestamp('2017-10-06 12:00:00+0000', tz='UTC')}"
2017-10-13 20:00:00+00:00,2017-10-16 19:00:00+00:00,1,1303.735,1298.1985791857721,1298.373579185772,1322.5151553680791,0.46,-199.47535745447732,-0.4492500300099057,"{'trail_atr_mult': 4.0, 'trail_atr_len': 14, 'tp_converts_to_trail': True, 'don_upper': 1302.64, 'don_lower': 1260.54, 'atr': 2.3693944210099067, 'exit_reason': 'sl', 'signal_time': Timestamp('2017-10-13 19:00:00+0000', tz='UTC')}"
2017-10-26 17:00:00+00:00,2017-10-27 15:00:00+00:00,-1,1270.065,1272.4592136592169,1272.284213659217,1248.4315412689853,0.4,-103.76854636867212,-0.2341510924300679,"{'trail_atr_mult': 4.0, 'trail_atr_len': 14, 'tp_converts_to_trail': True, 'don_upper': 1305.91, 'don_lower': 1270.88, 'atr': 2.726057341376842, 'exit_reason': 'sl', 'signal_time': Timestamp('2017-10-26 16:00:00+0000', tz='UTC')}"
2017-11-17 16:00:00+00:00,2017-11-20 13:00:00+00:00,1,1289.995,1289.4215868602998,1289.5965868602998,1307.0549791244173,0.5,31.32934301499745,0.07126387308926796,"{'trail_atr_mult': 4.0, 'trail_atr_len': 14, 'tp_converts_to_trail': True, 'don_upper': 1289.39, 'don_lower': 1265.37, 'atr': 2.1543723905521746, 'exit_reason': 'sl', 'signal_time': Timestamp('2017-11-17 15:00:00+0000', tz='UTC')}"
2017-11-27 13:00:00+00:00,2017-11-28 14:00:00+00:00,1,1298.385,1292.2637357234191,1292.438735723419,1314.1264723688435,0.54,-308.9482709353664,-0.7034425346628201,"{'trail_atr_mult': 4.0, 'trail_atr_len': 14, 'tp_converts_to_trail': True, 'don_upper': 1296.77, 'don_lower': 1269.8, 'atr': 1.989559046105416, 'exit_reason': 'sl', 'signal_time': Timestamp('2017-11-27 12:00:00+0000', tz='UTC')}"
2017-12-07 05:00:00+00:00,2017-12-07 20:00:00+00:00,-1,1260.285,1246.1249504718066,1245.9499504718067,,0.59,835.442922163413,1.9057876625953423,"{'trail_atr_mult': 4.0, 'trail_atr_len': 14, 'tp_converts_to_trail': True, 'don_upper': 1299.08, 'don_lower': 1260.86, 'atr': 1.8137561910241784, 'exit_reason': 'sl', 'signal_time': Timestamp('2017-12-07 04:00:00+0000', tz='UTC')}"
2017-12-11 19:00:00+00:00,2017-12-12 20:00:00+00:00,-1,1241.2050000000002,1244.2489300347972,1244.0739300347973,1225.3219647242533,0.54,-175.17222187904264,-0.3954074915467917,"{'trail_atr_mult': 4.0, 'trail_atr_len': 14, 'tp_converts_to_trail': True, 'don_upper': 1299.08, 'don_lower': 1243.6, 'atr': 2.0072544094683322, 'exit_reason': 'sl', 'signal_time': Timestamp('2017-12-11 18:00:00+0000', tz='UTC')}"
2017-12-22 16:00:00+00:00,2017-12-27 10:00:00+00:00,1,1274.075,1285.575,1285.767215301135,,0.73,985.5,2.2099962499222103,"{'trail_atr_mult': 4.0, 'trail_atr_len': 14, 'tp_converts_to_trail': True, 'don_upper': 1272.87, 'don_lower': 1236.37, 'atr': 1.483401912641864, 'exit_reason': 'sl_gap', 'signal_time': Timestamp('2017-12-22 15:00:00+0000', tz='UTC')}"
2017-12-27 15:00:00+00:00,2017-12-29 14:00:00+00:00,1,1286.405,1299.285,1299.5434989194623,,0.66,955.6800000000073,2.1241795793637737,"{'trail_atr_mult': 4.0, 'trail_atr_len': 14, 'tp_converts_to_trail': True, 'don_upper': 1286.18, 'don_lower': 1236.37, 'atr': 1.6629373649327979, 'exit_reason': 'sl_gap', 'signal_time': Timestamp('2017-12-27 14:00:00+0000', tz='UTC')}"
2017-12-29 14:00:00+00:00,2018-01-02 07:00:00+00:00,1,1301.485,1309.105,1301.2570542423048,1313.8496860730484,0.71,654.6200000000084,1.4474453996955852,"{'trail_atr_mult': 4.0, 'trail_atr_len': 14, 'tp_converts_to_trail': True, 'don_upper': 1300.09, 'don_lower': 1236.37, 'atr': 1.5612107591310658, 'exit_reason': 'end_of_data', 'signal_time': Timestamp('2017-12-29 13:00:00+0000', tz='UTC')}"
2018-01-02 07:00:00+00:00,2018-01-03 02:00:00+00:00,1,1309.455,1312.074303684696,1312.2493036846959,1327.1058915159758,0.49,147.94588055010294,0.33223170176188066,"{'trail_atr_mult': 4.0, 'trail_atr_len': 14, 'tp_converts_to_trail': True, 'don_upper': 1307.41, 'don_lower': 1236.37, 'atr': 2.2282364394969765, 'exit_reason': 'sl', 'signal_time': Timestamp('2018-01-02 06:00:00+0000', tz='UTC')}"
2018-01-04 19:00:00+00:00,2018-01-05 10:00:00+00:00,1,1324.415,1316.357567457548,1316.5325674575479,1348.6857415704264,0.36,-275.66757152827324,-0.616149996632002,"{'trail_atr_mult': 4.0, 'trail_atr_len': 14, 'tp_converts_to_trail': True, 'don_upper': 1321.24, 'don_lower': 1250.35, 'atr': 3.0582176963033154, 'exit_reason': 'sl', 'signal_time': Timestamp('2018-01-04 18:00:00+0000', tz='UTC')}"
2018-01-12 04:00:00+00:00,2018-01-12 13:00:00+00:00,1,1329.625,1323.7474020523111,1323.922402052311,1346.971176699158,0.49,-288.0022994367539,-0.643726091096838,"{'trail_atr_mult': 4.0, 'trail_atr_len': 14, 'tp_converts_to_trail': True, 'don_upper': 1327.6, 'don_lower': 1262.64, 'atr': 2.206397087394751, 'exit_reason': 'sl', 'signal_time': Timestamp('2018-01-12 03:00:00+0000', tz='UTC')}"
2018-01-12 18:00:00+00:00,2018-01-16 08:00:00+00:00,1,1337.735,1336.0829612799455,1336.2579612799454,1362.69873778694,0.35,-1.8213552019042325,-0.004078471316950454,"{'trail_atr_mult': 4.0, 'trail_atr_len': 14, 'tp_converts_to_trail': True, 'don_upper': 1332.99, 'don_lower': 1264.84, 'atr': 3.143592223367497, 'exit_reason': 'sl', 'signal_time': Timestamp('2018-01-12 17:00:00+0000', tz='UTC')}"
2018-01-24 08:00:00+00:00,2018-01-25 04:00:00+00:00,1,1347.0349999999999,1362.935,1363.9475716771037,,0.51,872.1000000000047,1.96466231099787,"{'trail_atr_mult': 4.0, 'trail_atr_len': 14, 'tp_converts_to_trail': True, 'don_upper': 1344.6, 'don_lower': 1307.96, 'atr': 2.13469645963798, 'exit_reason': 'sl_gap', 'signal_time': Timestamp('2018-01-24 07:00:00+0000', tz='UTC')}"
2018-01-25 05:00:00+00:00,2018-01-25 14:00:00+00:00,1,1364.7649999999999,1355.0055932853004,1355.1805932853003,1385.5129634870455,0.42,-409.8950820173782,-0.9175408701888433,"{'trail_atr_mult': 4.0, 'trail_atr_len': 14, 'tp_converts_to_trail': True, 'don_upper': 1364.37, 'don_lower': 1307.96, 'atr': 2.61537043588069, 'exit_reason': 'sl', 'signal_time': Timestamp('2018-01-25 04:00:00+0000', tz='UTC')}"
2018-02-06 20:00:00+00:00,2018-02-08 17:00:00+00:00,-1,1321.615,1320.2971258517807,1320.1221258517808,1290.5685445745899,0.28,14.500476150140098,0.03283768242362648,"{'trail_atr_mult': 4.0, 'trail_atr_len': 14, 'tp_converts_to_trail': True, 'don_upper': 1365.92, 'don_lower': 1325.42, 'atr': 3.901431928176261, 'exit_reason': 'sl', 'signal_time': Timestamp('2018-02-06 19:00:00+0000', tz='UTC')}"
2018-02-15 08:00:00+00:00,2018-02-16 14:00:00+00:00,1,1356.605,1351.7323554237953,1351.9073554237953,1383.6128581095738,0.32,-143.12462643855105,-0.325604606434894,"{'trail_atr_mult': 4.0, 'trail_atr_len': 14, 'tp_converts_to_trail': True, 'don_upper': 1355.5, 'don_lower': 1307.04, 'atr': 3.3953572636967375, 'exit_reason': 'sl', 'signal_time': Timestamp('2018-02-15 07:00:00+0000', tz='UTC')}"
2018-03-01 08:00:00+00:00,2018-03-01 19:00:00+00:00,-1,1311.425,1314.5659957170838,1314.3909957170838,1294.7782577352482,0.52,-163.33177728835744,-0.3651950678879809,"{'trail_atr_mult': 4.0, 'trail_atr_len': 14, 'tp_converts_to_trail': True, 'don_upper': 1361.69, 'don_lower': 1312.49, 'atr': 2.103967783093976, 'exit_reason': 'sl', 'signal_time': Timestamp('2018-03-01 07:00:00+0000', tz='UTC')}"
2018-03-23 06:00:00+00:00,2018-03-27 12:00:00+00:00,1,1343.0349999999999,1347.3441397255935,1347.5191397255935,1367.2400584965828,0.36,212.72903012137303,0.4796368260581311,"{'trail_atr_mult': 4.0, 'trail_atr_len': 14, 'tp_converts_to_trail': True, 'don_upper': 1340.37, 'don_lower': 1307.17, 'atr': 3.0437573120728323, 'exit_reason': 'sl', 'signal_time': Timestamp('2018-03-23 05:00:00+0000', tz='UTC')}"
2018-04-11 15:00:00+00:00,2018-04-11 19:00:00+00:00,1,1359.145,1351.1796710747142,1351.3546710747141,1384.6030161468668,0.34,-270.8211834597173,-0.6159628776515121,"{'trail_atr_mult': 4.0, 'trail_atr_len': 14, 'tp_converts_to_trail': True, 'don_upper': 1356.84, 'don_lower': 1319.5, 'atr': 3.199127018358353, 'exit_reason': 'sl', 'signal_time': Timestamp('2018-04-11 14:00:00+0000', tz='UTC')}"
2018-04-30 12:00:00+00:00,2018-04-30 18:00:00+00:00,-1,1313.435,1319.3751731823115,1319.2001731823116,1296.9285923793725,0.51,-302.9488322978907,-0.6842962635418868,"{'trail_atr_mult': 4.0, 'trail_atr_len': 14, 'tp_converts_to_trail': True, 'don_upper': 1365.2, 'don_lower': 1315.26, 'atr': 2.0989259525784423, 'exit_reason': 'sl', 'signal_time': Timestamp('2018-04-30 11:00:00+0000', tz='UTC')}"
2018-05-01 09:00:00+00:00,2018-05-02 04:00:00+00:00,-1,1308.625,1310.7371082977395,1310.5621082977395,1292.8003966436006,0.54,-124.8538480779328,-0.28283356450167746,"{'trail_atr_mult': 4.0, 'trail_atr_len': 14, 'tp_converts_to_trail': True, 'don_upper': 1355.67, 'don_lower': 1310.18, 'atr': 1.9999504195499052, 'exit_reason': 'sl', 'signal_time': Timestamp('2018-05-01 08:00:00+0000', tz='UTC')}"
2018-05-15 13:00:00+00:00,2018-05-18 15:00:00+00:00,-1,1297.385,1292.5839827885368,1292.4089827885368,1278.8276233396216,0.46,174.84679172730742,0.3996364155043038,"{'trail_atr_mult': 4.0, 'trail_atr_len': 14, 'tp_converts_to_trail': True, 'don_upper': 1325.9, 'don_lower': 1301.74, 'atr': 2.3390470825473, 'exit_reason': 'sl', 'signal_time': Timestamp('2018-05-15 12:00:00+0000', tz='UTC')}"
2018-06-14 13:00:00+00:00,2018-06-15 07:00:00+00:00,1,1307.5249999999999,1299.7604504342928,1299.9354504342928,1324.6062426148746,0.5,-368.22747828535284,-0.8239482674708479,"{'trail_atr_mult': 4.0, 'trail_atr_len': 14, 'tp_converts_to_trail': True, 'don_upper': 1306.57, 'don_lower': 1289.34, 'atr': 2.168280326859331, 'exit_reason': 'sl', 'signal_time': Timestamp('2018-06-14 12:00:00+0000', tz='UTC')}"
2018-06-15 14:00:00+00:00,2018-06-19 02:00:00+00:00,-1,1283.545,1283.2183547738089,1283.043354773809,1260.4491696923865,0.37,-17.514126630925464,-0.04002859668367912,"{'trail_atr_mult': 4.0, 'trail_atr_len': 14, 'tp_converts_to_trail': True, 'don_upper': 1309.28, 'don_lower': 1289.34, 'atr': 2.910103788451681, 'exit_reason': 'sl', 'signal_time': Timestamp('2018-06-15 13:00:00+0000', tz='UTC')}"
2018-06-19 12:00:00+00:00,2018-06-21 18:00:00+00:00,-1,1272.305,1269.9460029966374,1269.7710029966374,1253.1897576078336,0.45,70.15486515132034,0.15827186004397625,"{'trail_atr_mult': 4.0, 'trail_atr_len': 14, 'tp_converts_to_trail': True, 'don_upper': 1309.28, 'don_lower': 1275.33, 'atr': 2.413780299020814, 'exit_reason': 'sl', 'signal_time': Timestamp('2018-06-19 11:00:00+0000', tz='UTC')}"
2018-06-27 03:00:00+00:00,2018-06-29 17:00:00+00:00,-1,1254.075,1253.300821997118,1253.125821997118,1237.7662436207384,0.53,-1.3685658472496982,-0.003084373247320011,"{'trail_atr_mult': 4.0, 'trail_atr_len': 14, 'tp_converts_to_trail': True, 'don_upper': 1309.28, 'don_lower': 1254.68, 'atr': 2.0567195474077056, 'exit_reason': 'sl', 'signal_time': Timestamp('2018-06-27 02:00:00+0000', tz='UTC')}"
2018-07-03 02:00:00+00:00,2018-07-03 10:00:00+00:00,-1,1238.7050000000002,1246.3996990698527,1246.2246990698527,1222.345464132289,0.53,-407.8190507021827,-0.9114492847348525,"{'trail_atr_mult': 4.0, 'trail_atr_len': 14, 'tp_converts_to_trail': True, 'don_upper': 1309.28, 'don_lower': 1239.63, 'atr': 2.0668169834638808, 'exit_reason': 'sl', 'signal_time': Timestamp('2018-07-03 01:00:00+0000', tz='UTC')}"
2018-07-17 15:00:00+00:00,2018-07-19 01:00:00+00:00,-1,1226.535,1228.1066471654462,1227.9316471654463,1204.8312210600113,0.4,-94.86588661784664,-0.213673659425826,"{'trail_atr_mult': 4.0, 'trail_atr_len': 14, 'tp_converts_to_trail': True, 'don_upper': 1265.84, 'don_lower': 1230.33, 'atr': 2.733597367498601, 'exit_reason': 'sl', 'signal_time': Timestamp('2018-07-17 14:00:00+0000', tz='UTC')}"
2018-07-19 08:00:00+00:00,2018-07-19 18:00:00+00:00,-1,1218.4950000000001,1221.2950273424192,1221.1200273424192,1201.8712857484588,0.52,-145.6014218057917,-0.32655828318644153,"{'trail_atr_mult': 4.0, 'trail_atr_len': 14, 'tp_converts_to_trail': True, 'don_upper': 1265.84, 'don_lower': 1220.98, 'atr': 2.099839281442669, 'exit_reason': 'sl', 'signal_time': Timestamp('2018-07-19 07:00:00+0000', tz='UTC')}"
2018-08-03 07:00:00+00:00,2018-08-03 12:00:00+00:00,-1,1205.7250000000001,1212.6042275390464,1212.4292275390465,1190.2532988940918,0.55,-378.3575146475448,-0.8568668612153619,"{'trail_atr_mult': 4.0, 'trail_atr_len': 14, 'tp_converts_to_trail': True, 'don_upper': 1244.94, 'don_lower': 1206.34, 'atr': 1.9583376382385231, 'exit_reason': 'sl', 'signal_time': Timestamp('2018-08-03 06:00:00+0000', tz='UTC')}"
2018-08-13 12:00:00+00:00,2018-08-15 17:00:00+00:00,-1,1198.595,1177.865775943548,1177.690775943548,,0.41,833.4981863145335,1.8841478269348453,"{'trail_atr_mult': 4.0, 'trail_atr_len': 14, 'tp_converts_to_trail': True, 'don_upper': 1235.18, 'don_lower': 1200.98, 'atr': 2.6411530070564995, 'exit_reason': 'sl', 'signal_time': Timestamp('2018-08-13 11:00:00+0000', tz='UTC')}"
2018-08-15 20:00:00+00:00,2018-08-16 05:00:00+00:00,-1,1174.385,1174.3186894231674,1174.1436894231674,1151.8917248782789,0.39,-20.813887503527802,-0.04649211844860733,"{'trail_atr_mult': 4.0, 'trail_atr_len': 14, 'tp_converts_to_trail': True, 'don_upper': 1228.53, 'don_lower': 1174.8, 'atr': 2.831034390215133, 'exit_reason': 'sl', 'signal_time': Timestamp('2018-08-15 19:00:00+0000', tz='UTC')}"
2018-09-27 13:00:00+00:00,2018-09-28 15:00:00+00:00,-1,1186.795,1188.7420221091006,1188.5670221091007,1167.497088809089,0.45,-96.61599490952449,-0.218939665631641,"{'trail_atr_mult': 4.0, 'trail_atr_len': 14, 'tp_converts_to_trail': True, 'don_upper': 1212.6, 'don_lower': 1187.66, 'atr': 2.4253638988638757, 'exit_reason': 'sl', 'signal_time': Timestamp('2018-09-27 12:00:00+0000', tz='UTC')}"
2018-10-11 13:00:00+00:00,2018-10-15 11:00:00+00:00,1,1208.635,1230.875693759643,1231.0506937596429,,0.39,929.7870566260735,2.078463189424852,"{'trail_atr_mult': 4.0, 'trail_atr_len': 14, 'tp_converts_to_trail': True, 'don_upper': 1208.25, 'don_lower': 1180.66, 'atr': 2.8238367199553553, 'exit_reason': 'sl', 'signal_time': Timestamp('2018-10-11 12:00:00+0000', tz='UTC')}"
2018-10-23 09:00:00+00:00,2018-10-23 17:00:00+00:00,1,1235.7649999999999,1230.4006125240187,1230.5756125240187,1252.3416087867067,0.52,-278.9481487510211,-0.6273547176626919,"{'trail_atr_mult': 4.0, 'trail_atr_len': 14, 'tp_converts_to_trail': True, 'don_upper': 1233.22, 'don_lower': 1183.16, 'atr': 2.093951098338354, 'exit_reason': 'sl', 'signal_time': Timestamp('2018-10-23 08:00:00+0000', tz='UTC')}"
2018-10-31 13:00:00+00:00,2018-11-01 06:00:00+00:00,-1,1212.375,1220.603677068841,1220.4286770688411,1192.8985284273376,0.45,-397.2904680978486,-0.8854589328246153,"{'trail_atr_mult': 4.0, 'trail_atr_len': 14, 'tp_converts_to_trail': True, 'don_upper': 1243.36, 'don_lower': 1214.67, 'atr': 2.4539339465828074, 'exit_reason': 'sl', 'signal_time': Timestamp('2018-10-31 12:00:00+0000', tz='UTC')}"
2018-11-09 14:00:00+00:00,2018-11-13 16:00:00+00:00,-1,1210.295,1204.5003615437638,1204.3253615437638,1189.90559193885,0.42,209.77481516192336,0.470207354505695,"{'trail_atr_mult': 4.0, 'trail_atr_len': 14, 'tp_converts_to_trail': True, 'don_upper': 1243.36, 'don_lower': 1210.71, 'atr': 2.584301007643741, 'exit_reason': 'sl', 'signal_time': Timestamp('2018-11-09 13:00:00+0000', tz='UTC')}"
2018-12-03 14:00:00+00:00,2018-12-05 06:00:00+00:00,1,1233.555,1234.058120881574,1234.233120881574,1251.2529304940645,0.49,63.852923197124895,0.14278484016555015,"{'trail_atr_mult': 4.0, 'trail_atr_len': 14, 'tp_converts_to_trail': True, 'don_upper': 1232.86, 'don_lower': 1197.64, 'atr': 2.235366311758065, 'exit_reason': 'sl', 'signal_time': Timestamp('2018-12-03 13:00:00+0000', tz='UTC')}"
2018-12-07 19:00:00+00:00,2018-12-10 17:00:00+00:00,1,1249.925,1243.137824619588,1243.312824619588,1268.0682372836757,0.48,-268.1844182597764,-0.5985755693493114,"{'trail_atr_mult': 4.0, 'trail_atr_len': 14, 'tp_converts_to_trail': True, 'don_upper': 1248.49, 'don_lower': 1211.15, 'atr': 2.2897796604594585, 'exit_reason': 'sl', 'signal_time': Timestamp('2018-12-07 18:00:00+0000', tz='UTC')}"
2018-12-20 14:00:00+00:00,2018-12-21 10:00:00+00:00,1,1259.455,1256.4774424786867,1256.6524424786867,1282.2502105533663,0.39,-100.52474333121485,-0.22364719969438634,"{'trail_atr_mult': 4.0, 'trail_atr_len': 14, 'tp_converts_to_trail': True, 'don_upper': 1257.99, 'don_lower': 1228.12, 'atr': 2.8600263191707866, 'exit_reason': 'sl', 'signal_time': Timestamp('2018-12-20 13:00:00+0000', tz='UTC')}"
2018-12-24 16:00:00+00:00,2018-12-26 18:00:00+00:00,1,1268.145,1268.1757837984587,1268.3507837984587,1287.424059519231,0.44,36.55448713218466,0.08314464812910215,"{'trail_atr_mult': 4.0, 'trail_atr_len': 14, 'tp_converts_to_trail': True, 'don_upper': 1267.19, 'don_lower': 1232.89, 'atr': 2.43925743990386, 'exit_reason': 'sl', 'signal_time': Timestamp('2018-12-24 15:00:00+0000', tz='UTC')}"
2019-01-25 15:00:00+00:00,2019-01-30 18:00:00+00:00,1,1297.625,1308.8115910701808,1308.9865910701808,1317.1028869649913,0.44,580.2100070879569,1.3184687883564035,"{'trail_atr_mult': 4.0, 'trail_atr_len': 14, 'tp_converts_to_trail': True, 'don_upper': 1297.03, 'don_lower': 1276.7, 'atr': 2.4566108706238956, 'exit_reason': 'sl', 'signal_time': Timestamp('2019-01-25 14:00:00+0000', tz='UTC')}"
2019-01-30 19:00:00+00:00,2019-02-01 02:00:00+00:00,1,1319.985,1317.7329112025486,1317.9079112025486,1340.8005725425555,0.42,-27.38772949295371,-0.06102679712045712,"{'trail_atr_mult': 4.0, 'trail_atr_len': 14, 'tp_converts_to_trail': True, 'don_upper': 1315.87, 'don_lower': 1276.7, 'atr': 2.6250715678194525, 'exit_reason': 'sl', 'signal_time': Timestamp('2019-01-30 18:00:00+0000', tz='UTC')}"
2019-02-19 13:00:00+00:00,2019-02-20 03:00:00+00:00,1,1332.0049999999999,1346.255,1346.4945907882277,,0.6,879.0000000000135,1.9436680180321444,"{'trail_atr_mult': 4.0, 'trail_atr_len': 14, 'tp_converts_to_trail': True, 'don_upper': 1331.43, 'don_lower': 1302.34, 'atr': 1.8355738485284765, 'exit_reason': 'sl_gap', 'signal_time': Timestamp('2019-02-19 12:00:00+0000', tz='UTC')}"
2019-03-01 16:00:00+00:00,2019-03-06 06:00:00+00:00,-1,1301.135,1289.0802810343946,1288.9052810343946,1278.4603135106415,0.39,431.13403965861016,0.9505475467748226,"{'trail_atr_mult': 4.0, 'trail_atr_len': 14, 'tp_converts_to_trail': True, 'don_upper': 1346.66, 'don_lower': 1302.34, 'atr': 2.8587108111697903, 'exit_reason': 'sl', 'signal_time': Timestamp('2019-03-01 15:00:00+0000', tz='UTC')}"
2019-03-21 06:00:00+00:00,2019-03-21 14:00:00+00:00,1,1319.245,1310.9393953575466,1311.1143953575465,1338.7467038139023,0.45,-373.7522089103993,-0.8294529863359423,"{'trail_atr_mult': 4.0, 'trail_atr_len': 14, 'tp_converts_to_trail': True, 'don_upper': 1319.0, 'don_lower': 1280.77, 'atr': 2.459587976737792, 'exit_reason': 'sl', 'signal_time': Timestamp('2019-03-21 05:00:00+0000', tz='UTC')}"
2019-03-29 06:00:00+00:00,2019-03-29 12:00:00+00:00,-1,1287.085,1296.9103669043843,1296.7353669043844,1267.2981096600088,0.44,-432.3161437929084,-0.9674497784226109,"{'trail_atr_mult': 4.0, 'trail_atr_len': 14, 'tp_converts_to_trail': True, 'don_upper': 1324.49, 'don_lower': 1288.37, 'atr': 2.4952362924988996, 'exit_reason': 'sl', 'signal_time': Timestamp('2019-03-29 05:00:00+0000', tz='UTC')}"
2019-04-18 02:00:00+00:00,2019-04-18 10:00:00+00:00,-1,1271.9650000000001,1276.8523234840632,1276.6773234840632,1259.3342704806325,0.69,-337.2253204003482,-0.7429954343266251,"{'trail_atr_mult': 4.0, 'trail_atr_len': 14, 'tp_converts_to_trail': True, 'don_upper': 1310.53, 'don_lower': 1272.89, 'atr': 1.600716189920953, 'exit_reason': 'sl', 'signal_time': Timestamp('2019-04-18 01:00:00+0000', tz='UTC')}"
2019-04-23 13:00:00+00:00,2019-04-24 09:00:00+00:00,-1,1267.395,1272.7141653320195,1272.5391653320196,1253.6220562790922,0.62,-342.18825058521304,-0.7640070363830171,"{'trail_atr_mult': 4.0, 'trail_atr_len': 14, 'tp_converts_to_trail': True, 'don_upper': 1310.53, 'don_lower': 1271.09, 'atr': 1.749742965113469, 'exit_reason': 'sl', 'signal_time': Timestamp('2019-04-23 12:00:00+0000', tz='UTC')}"
2019-05-13 17:00:00+00:00,2019-05-14 12:00:00+00:00,1,1300.465,1295.782870786583,1295.957870786583,1321.0971866982638,0.42,-179.8494269635068,-0.40479192952135523,"{'trail_atr_mult': 4.0, 'trail_atr_len': 14, 'tp_converts_to_trail': True, 'don_upper': 1299.63, 'don_lower': 1266.2, 'atr': 2.6008983372829766, 'exit_reason': 'sl', 'signal_time': Timestamp('2019-05-13 16:00:00+0000', tz='UTC')}"
2019-05-31 15:00:00+00:00,2019-06-03 19:00:00+00:00,1,1302.625,1323.8613576775829,1324.0363576775828,,0.4,897.4543071033149,2.028937857188365,"{'trail_atr_mult': 4.0, 'trail_atr_len': 14, 'tp_converts_to_trail': True, 'don_upper': 1300.84, 'don_lower': 1269.41, 'atr': 2.7057947096978365, 'exit_reason': 'sl', 'signal_time': Timestamp('2019-05-31 14:00:00+0000', tz='UTC')}"
2019-06-03 19:00:00+00:00,2019-06-05 16:00:00+00:00,1,1326.405,1329.6478176439919,1329.8228176439918,1349.2570384906974,0.38,153.62707047169164,0.34587936753415,"{'trail_atr_mult': 4.0, 'trail_atr_len': 14, 'tp_converts_to_trail': True, 'don_upper': 1325.83, 'don_lower': 1269.41, 'atr': 2.878379811337157, 'exit_reason': 'sl', 'signal_time': Timestamp('2019-06-03 18:00:00+0000', tz='UTC')}"
2019-06-14 07:00:00+00:00,2019-06-14 14:00:00+00:00,1,1355.335,1347.5812883289846,1347.7562883289845,1376.8322292414116,0.41,-317.90217851163465,-0.7041713703020683,"{'trail_atr_mult': 4.0, 'trail_atr_len': 14, 'tp_converts_to_trail': True, 'don_upper': 1348.23, 'don_lower': 1274.95, 'atr': 2.7090286551764255, 'exit_reason': 'sl', 'signal_time': Timestamp('2019-06-14 06:00:00+0000', tz='UTC')}"
2019-06-20 01:00:00+00:00,2019-06-21 04:00:00+00:00,1,1371.5049999999999,1405.7450000000001,1406.0051415119397,,0.25,866.0000000000059,1.9797033818641347,"{'trail_atr_mult': 4.0, 'trail_atr_len': 14, 'tp_converts_to_trail': True, 'don_upper': 1362.54, 'don_lower': 1306.99, 'atr': 4.333142688992454, 'exit_reason': 'sl_gap', 'signal_time': Timestamp('2019-06-20 00:00:00+0000', tz='UTC')}"
2019-06-24 16:00:00+00:00,2019-06-25 18:00:00+00:00,1,1413.905,1419.700952810974,1419.875952810974,1451.8229166695019,0.23,142.50691465240396,0.3223456151488929,"{'trail_atr_mult': 4.0, 'trail_atr_len': 14, 'tp_converts_to_trail': True, 'don_upper': 1411.76, 'don_lower': 1319.83, 'atr': 4.761614583687729, 'exit_reason': 'sl', 'signal_time': Timestamp('2019-06-24 15:00:00+0000', tz='UTC')}"
2019-07-18 20:00:00+00:00,2019-07-19 12:00:00+00:00,1,1446.055,1436.267494003036,1436.442494003036,1484.5027528918838,0.23,-215.91263793017205,-0.48174713359388954,"{'trail_atr_mult': 4.0, 'trail_atr_len': 14, 'tp_converts_to_trail': True, 'don_upper': 1437.74, 'don_lower': 1382.83, 'atr': 4.827844111485469, 'exit_reason': 'sl', 'signal_time': Timestamp('2019-07-18 19:00:00+0000', tz='UTC')}"
2019-08-05 07:00:00+00:00,2019-08-07 15:00:00+00:00,1,1458.615,1500.657851503038,1500.832851503038,,0.21,899.6998815637987,2.0046791450024375,"{'trail_atr_mult': 4.0, 'trail_atr_len': 14, 'tp_converts_to_trail': True, 'don_upper': 1455.98, 'don_lower': 1400.01, 'atr': 5.299106437879736, 'exit_reason': 'sl', 'signal_time': Timestamp('2019-08-05 06:00:00+0000', tz='UTC')}"
2019-08-13 07:00:00+00:00,2019-08-13 14:00:00+00:00,1,1522.5249999999999,1515.1883680841254,1515.3633680841253,1557.104963457043,0.25,-183.41579789686193,-0.41798259809341104,"{'trail_atr_mult': 4.0, 'trail_atr_len': 14, 'tp_converts_to_trail': True, 'don_upper': 1520.02, 'don_lower': 1400.44, 'atr': 4.344370432130366, 'exit_reason': 'sl', 'signal_time': Timestamp('2019-08-13 06:00:00+0000', tz='UTC')}"
2019-08-25 23:00:00+00:00,2019-08-26 08:00:00+00:00,1,1547.625,1526.9960696831963,1527.1710696831963,1595.5816569843448,0.18,-364.1207457024664,-0.8360503267473594,"{'trail_atr_mult': 4.0, 'trail_atr_len': 14, 'tp_converts_to_trail': True, 'don_upper': 1534.95, 'don_lower': 1472.18, 'atr': 6.012707123043087, 'exit_reason': 'sl', 'signal_time': Timestamp('2019-08-25 22:00:00+0000', tz='UTC')}"
2019-09-10 02:00:00+00:00,2019-09-12 00:00:00+00:00,-1,1487.505,1497.7493206554855,1497.5743206554855,1450.8099347706677,0.24,-265.06369573164847,-0.5934605749579174,"{'trail_atr_mult': 4.0, 'trail_atr_len': 14, 'tp_converts_to_trail': True, 'don_upper': 1556.98, 'don_lower': 1492.43, 'atr': 4.608758153666541, 'exit_reason': 'sl', 'signal_time': Timestamp('2019-09-10 01:00:00+0000', tz='UTC')}"
2019-09-30 16:00:00+00:00,2019-10-01 15:00:00+00:00,-1,1468.075,1476.2252069554904,1476.0502069554905,1427.3984328682532,0.21,-175.35434606529788,-0.4032789644943899,"{'trail_atr_mult': 4.0, 'trail_atr_len': 14, 'tp_converts_to_trail': True, 'don_upper': 1535.63, 'don_lower': 1479.55, 'atr': 5.115195891468352, 'exit_reason': 'sl', 'signal_time': Timestamp('2019-09-30 15:00:00+0000', tz='UTC')}"
2019-11-07 15:00:00+00:00,2019-11-12 19:00:00+00:00,-1,1469.4750000000001,1457.8609852549696,1457.6859852549696,1437.6517010813304,0.27,286.57839811582477,0.6568424143697105,"{'trail_atr_mult': 4.0, 'trail_atr_len': 14, 'tp_converts_to_trail': True, 'don_upper': 1517.93, 'don_lower': 1479.31, 'atr': 3.998537364833714, 'exit_reason': 'sl', 'signal_time': Timestamp('2019-11-07 14:00:00+0000', tz='UTC')}"
2019-12-04 07:00:00+00:00,2019-12-04 09:00:00+00:00,1,1483.975,1474.6592887873376,1474.8342887873375,1502.2846087649684,0.47,-437.83842699512974,-0.9798477925904259,"{'trail_atr_mult': 4.0, 'trail_atr_len': 14, 'tp_converts_to_trail': True, 'don_upper': 1481.73, 'don_lower': 1450.02, 'atr': 2.3180760956210604, 'exit_reason': 'sl', 'signal_time': Timestamp('2019-12-04 06:00:00+0000', tz='UTC')}"
2019-12-24 05:00:00+00:00,2019-12-26 04:00:00+00:00,1,1490.375,1502.7793878666466,1502.9543878666466,,0.68,952.298374931971,2.137358571672147,"{'trail_atr_mult': 4.0, 'trail_atr_len': 14, 'tp_converts_to_trail': True, 'don_upper': 1489.52, 'don_lower': 1458.48, 'atr': 1.5942984833308176, 'exit_reason': 'sl', 'signal_time': Timestamp('2019-12-24 04:00:00+0000', tz='UTC')}"
2019-12-26 04:00:00+00:00,2019-12-31 03:00:00+00:00,1,1503.0349999999999,1520.7746806083849,1520.9496806083848,,0.49,967.2443498108657,2.141000273010022,"{'trail_atr_mult': 4.0, 'trail_atr_len': 14, 'tp_converts_to_trail': True, 'don_upper': 1500.44, 'don_lower': 1458.48, 'atr': 2.261210076048128, 'exit_reason': 'sl', 'signal_time': Timestamp('2019-12-26 03:00:00+0000', tz='UTC')}"
2019-12-31 04:00:00+00:00,2019-12-31 14:00:00+00:00,1,1523.465,1518.3311019348,1518.5061019348,1538.298061308098,0.59,-302.89998584679415,-0.6672572928336648,"{'trail_atr_mult': 4.0, 'trail_atr_len': 14, 'tp_converts_to_trail': True, 'don_upper': 1521.94, 'don_lower': 1461.73, 'atr': 1.8772576635122653, 'exit_reason': 'sl', 'signal_time': Timestamp('2019-12-31 03:00:00+0000', tz='UTC')}"
2020-01-03 01:00:00+00:00,2020-01-03 12:00:00+00:00,1,1535.065,1549.135,1550.974529476129,,0.54,759.7799999999966,1.7122485946965107,"{'trail_atr_mult': 4.0, 'trail_atr_len': 14, 'tp_converts_to_trail': True, 'don_upper': 1531.32, 'don_lower': 1452.94, 'atr': 2.6807549126881374, 'exit_reason': 'sl_gap', 'signal_time': Timestamp('2020-01-03 00:00:00+0000', tz='UTC')}"
2020-01-05 23:00:00+00:00,2020-01-06 15:00:00+00:00,1,1569.245,1561.489821551299,1561.664821551299,1602.167843010535,0.27,-198.58981811492478,-0.44019468559848246,"{'trail_atr_mult': 4.0, 'trail_atr_len': 14, 'tp_converts_to_trail': True, 'don_upper': 1553.43, 'don_lower': 1457.02, 'atr': 5.514640501755846, 'exit_reason': 'sl', 'signal_time': Timestamp('2020-01-05 22:00:00+0000', tz='UTC')}"
2020-01-08 00:00:00+00:00,2020-01-08 09:00:00+00:00,1,1599.2649999999999,1579.0850819739267,1579.2600819739266,1638.449836052147,0.22,-443.9581965736107,-1.008747848892551,"{'trail_atr_mult': 4.0, 'trail_atr_len': 14, 'tp_converts_to_trail': True, 'don_upper': 1598.38, 'don_lower': 1458.48, 'atr': 6.576639342024496, 'exit_reason': 'sl', 'signal_time': Timestamp('2020-01-07 23:00:00+0000', tz='UTC')}"
2020-02-18 15:00:00+00:00,2020-02-20 13:00:00+00:00,1,1600.925,1616.575,1618.452248295714,,0.49,845.2500000000044,1.9111192930019294,"{'trail_atr_mult': 4.0, 'trail_atr_len': 14, 'tp_converts_to_trail': True, 'don_upper': 1593.35, 'don_lower': 1546.3, 'atr': 2.950374715952356, 'exit_reason': 'sl_gap', 'signal_time': Timestamp('2020-02-18 14:00:00+0000', tz='UTC')}"
2020-02-21 03:00:00+00:00,2020-02-21 14:00:00+00:00,1,1625.165,1642.805,1644.4440376931898,,0.45,793.8000000000045,1.7654090000052334,"{'trail_atr_mult': 4.0, 'trail_atr_len': 14, 'tp_converts_to_trail': True, 'don_upper': 1624.63, 'don_lower': 1547.38, 'atr': 3.2523396155316084, 'exit_reason': 'sl_gap', 'signal_time': Timestamp('2020-02-21 02:00:00+0000', tz='UTC')}"
2020-02-23 23:00:00+00:00,2020-02-24 19:00:00+00:00,1,1665.7949999999998,1662.052532540394,1662.227532540394,1705.479124297496,0.22,-73.53428411132991,-0.1642929169557803,"{'trail_atr_mult': 4.0, 'trail_atr_len': 14, 'tp_converts_to_trail': True, 'don_upper': 1649.23, 'don_lower': 1547.38, 'atr': 6.6698540495826375, 'exit_reason': 'sl', 'signal_time': Timestamp('2020-02-23 22:00:00+0000', tz='UTC')}"
2020-03-08 23:00:00+00:00,2020-03-09 04:00:00+00:00,1,1700.2949999999998,1661.2290605422043,1661.4040605422042,1777.5218789155913,0.11,-425.32533403575155,-0.9942145907726346,"{'trail_atr_mult': 4.0, 'trail_atr_len': 14, 'tp_converts_to_trail': True, 'don_upper': 1692.09, 'don_lower': 1552.46, 'atr': 12.90197981926522, 'exit_reason': 'sl', 'signal_time': Timestamp('2020-03-08 22:00:00+0000', tz='UTC')}"
2020-03-13 01:00:00+00:00,2020-03-16 12:00:00+00:00,-1,1554.795,1466.216042586062,1466.041042586062,,0.1,879.7895741393804,1.9728665961553085,"{'trail_atr_mult': 4.0, 'trail_atr_len': 14, 'tp_converts_to_trail': True, 'don_upper': 1703.44, 'don_lower': 1560.59, 'atr': 14.81649290232299, 'exit_reason': 'sl', 'signal_time': Timestamp('2020-03-13 00:00:00+0000', tz='UTC')}"
2020-03-16 12:00:00+00:00,2020-03-16 15:00:00+00:00,-1,1455.595,1517.5892725858798,1517.4142725858799,1332.0614548282406,0.07,-433.95990810115865,-1.0028308324035493,"{'trail_atr_mult': 4.0, 'trail_atr_len': 14, 'tp_converts_to_trail': True, 'don_upper': 1703.44, 'don_lower': 1456.18, 'atr': 20.59475752862658, 'exit_reason': 'sl', 'signal_time': Timestamp('2020-03-16 11:00:00+0000', tz='UTC')}"
2020-04-13 15:00:00+00:00,2020-04-14 16:00:00+00:00,1,1699.925,1731.515,1741.3541781015717,,0.21,671.7900000000029,1.4940158302221342,"{'trail_atr_mult': 4.0, 'trail_atr_len': 14, 'tp_converts_to_trail': True, 'don_upper': 1695.39, 'don_lower': 1451.13, 'atr': 6.982363016928632, 'exit_reason': 'sl_gap', 'signal_time': Timestamp('2020-04-13 14:00:00+0000', tz='UTC')}"
2020-05-15 13:00:00+00:00,2020-05-18 14:00:00+00:00,1,1742.935,1743.9018020893652,1744.0768020893652,1774.1508695165585,0.28,60.67045850222767,0.13627313481079684,"{'trail_atr_mult': 4.0, 'trail_atr_len': 14, 'tp_converts_to_trail': True, 'don_upper': 1738.78, 'don_lower': 1660.03, 'atr': 5.235144919426428, 'exit_reason': 'sl', 'signal_time': Timestamp('2020-05-15 12:00:00+0000', tz='UTC')}"
2020-06-05 15:00:00+00:00,2020-06-08 08:00:00+00:00,-1,1674.915,1696.1173287908412,1695.9423287908412,1631.4904513193237,0.2,-436.04657581682386,-0.9867640399945982,"{'trail_atr_mult': 4.0, 'trail_atr_len': 14, 'tp_converts_to_trail': True, 'don_upper': 1765.08, 'don_lower': 1678.71, 'atr': 7.27992478011273, 'exit_reason': 'sl', 'signal_time': Timestamp('2020-06-05 14:00:00+0000', tz='UTC')}"
2020-06-22 02:00:00+00:00,2020-06-22 08:00:00+00:00,1,1758.225,1743.427025918831,1743.602025918831,1786.9459481623376,0.31,-458.7371965162338,-1.011967469751951,"{'trail_atr_mult': 4.0, 'trail_atr_len': 14, 'tp_converts_to_trail': True, 'don_upper': 1751.05, 'don_lower': 1670.55, 'atr': 4.81599136038961, 'exit_reason': 'sl', 'signal_time': Timestamp('2020-06-22 01:00:00+0000', tz='UTC')}"
2020-06-22 14:00:00+00:00,2020-06-24 14:00:00+00:00,1,1759.745,1762.5841728517557,1762.7591728517557,1792.1593391741121,0.27,98.25766699740788,0.21956231662065062,"{'trail_atr_mult': 4.0, 'trail_atr_len': 14, 'tp_converts_to_trail': True, 'don_upper': 1758.53, 'don_lower': 1670.55, 'atr': 5.4432231956853485, 'exit_reason': 'sl', 'signal_time': Timestamp('2020-06-22 13:00:00+0000', tz='UTC')}"
2020-07-01 08:00:00+00:00,2020-07-01 12:00:00+00:00,1,1787.985,1777.0993041453182,1777.2743041453182,1808.8213917093635,0.42,-457.19922589663014,-1.0163388077090678,"{'trail_atr_mult': 4.0, 'trail_atr_len': 14, 'tp_converts_to_trail': True, 'don_upper': 1785.94, 'don_lower': 1670.55, 'atr': 3.5052319515605816, 'exit_reason': 'sl', 'signal_time': Timestamp('2020-07-01 07:00:00+0000', tz='UTC')}"
2020-07-07 15:00:00+00:00,2020-07-09 16:00:00+00:00,1,1794.145,1804.402832434404,1804.577832434404,1828.0084031697425,0.26,308.30364329450424,0.6896413523985643,"{'trail_atr_mult': 4.0, 'trail_atr_len': 14, 'tp_converts_to_trail': True, 'don_upper': 1789.08, 'don_lower': 1677.22, 'atr': 4.254800396217794, 'exit_reason': 'sl', 'signal_time': Timestamp('2020-07-07 14:00:00+0000', tz='UTC')}"
2020-07-21 07:00:00+00:00,2020-07-22 01:00:00+00:00,1,1823.0049999999999,1842.9950000000001,1845.239562592005,,0.39,795.2100000000092,1.7917743293680868,"{'trail_atr_mult': 4.0, 'trail_atr_len': 14, 'tp_converts_to_trail': True, 'don_upper': 1820.53, 'don_lower': 1727.7, 'atr': 2.801195324000631, 'exit_reason': 'sl_gap', 'signal_time': Timestamp('2020-07-21 06:00:00+0000', tz='UTC')}"
2020-07-22 02:00:00+00:00,2020-07-24 15:00:00+00:00,1,1860.835,1900.4922008849783,1900.6672008849782,,0.22,907.6584194695214,2.0491715330711964,"{'trail_atr_mult': 4.0, 'trail_atr_len': 14, 'tp_converts_to_trail': True, 'don_upper': 1847.65, 'don_lower': 1742.74, 'atr': 4.997150110622261, 'exit_reason': 'sl', 'signal_time': Timestamp('2020-07-22 01:00:00+0000', tz='UTC')}"
2020-07-26 23:00:00+00:00,2020-07-28 00:00:00+00:00,1,1906.7749999999999,1948.405,1948.674922626015,,0.21,891.0300000000022,1.99459758678962,"{'trail_atr_mult': 4.0, 'trail_atr_len': 14, 'tp_converts_to_trail': True, 'don_upper': 1906.5, 'don_lower': 1747.43, 'atr': 5.264365328251865, 'exit_reason': 'sl_gap', 'signal_time': Timestamp('2020-07-26 22:00:00+0000', tz='UTC')}"
2020-07-28 00:00:00+00:00,2020-07-28 04:00:00+00:00,1,1965.0049999999999,1945.6441568648204,1945.8191568648203,2029.9030799348545,0.14,-271.0518038925129,-0.5956900243675481,"{'trail_atr_mult': 4.0, 'trail_atr_len': 14, 'tp_converts_to_trail': True, 'don_upper': 1949.76, 'don_lower': 1747.43, 'atr': 8.11663499185682, 'exit_reason': 'sl', 'signal_time': Timestamp('2020-07-27 23:00:00+0000', tz='UTC')}"
2020-08-04 20:00:00+00:00,2020-08-07 00:00:00+00:00,1,2017.245,2070.1349999999998,2073.5877753238706,,0.16,878.239999999998,1.930443021109698,"{'trail_atr_mult': 4.0, 'trail_atr_len': 14, 'tp_converts_to_trail': True, 'don_upper': 2009.4, 'don_lower': 1769.86, 'atr': 7.064721915483823, 'exit_reason': 'sl_gap', 'signal_time': Timestamp('2020-08-04 19:00:00+0000', tz='UTC')}"
2020-09-21 15:00:00+00:00,2020-09-22 00:00:00+00:00,-1,1896.765,1916.8191206666484,1916.6441206666484,1829.9247202132212,0.13,-263.3035686664274,-0.6061813951628395,"{'trail_atr_mult': 4.0, 'trail_atr_len': 14, 'tp_converts_to_trail': True, 'don_upper': 1992.29, 'don_lower': 1902.64, 'atr': 8.354409973347344, 'exit_reason': 'sl', 'signal_time': Timestamp('2020-09-21 14:00:00+0000', tz='UTC')}"
2020-09-23 07:00:00+00:00,2020-09-28 13:00:00+00:00,-1,1881.195,1869.9039991867246,1869.7289991867246,1822.7182559514933,0.15,148.36501219912998,0.33527825228839725,"{'trail_atr_mult': 4.0, 'trail_atr_len': 14, 'tp_converts_to_trail': True, 'don_upper': 1992.29, 'don_lower': 1882.27, 'atr': 7.331468006063324, 'exit_reason': 'sl', 'signal_time': Timestamp('2020-09-23 06:00:00+0000', tz='UTC')}"
2020-10-28 14:00:00+00:00,2020-10-30 11:00:00+00:00,-1,1871.625,1879.0809038684745,1878.9059038684745,1831.048361015731,0.22,-181.62988510643854,-0.3970937206971445,"{'trail_atr_mult': 4.0, 'trail_atr_len': 14, 'tp_converts_to_trail': True, 'don_upper': 1933.18, 'don_lower': 1872.94, 'atr': 5.113954873033647, 'exit_reason': 'sl', 'signal_time': Timestamp('2020-10-28 13:00:00+0000', tz='UTC')}"
2020-11-05 15:00:00+00:00,2020-11-09 11:00:00+00:00,1,1945.615,1943.472384122591,1943.647384122591,2002.2127812545998,0.16,-8.681854038545133,-0.0189982303204251,"{'trail_atr_mult': 4.0, 'trail_atr_len': 14, 'tp_converts_to_trail': True, 'don_upper': 1933.97, 'don_lower': 1859.92, 'atr': 7.096597656824965, 'exit_reason': 'sl', 'signal_time': Timestamp('2020-11-05 14:00:00+0000', tz='UTC')}"
2020-11-23 14:00:00+00:00,2020-11-26 07:00:00+00:00,-1,1841.445,1816.391068838457,1816.216068838457,1797.036853843479,0.2,481.0786232308601,1.0706542149420488,"{'trail_atr_mult': 4.0, 'trail_atr_len': 14, 'tp_converts_to_trail': True, 'don_upper': 1965.46, 'don_lower': 1850.52, 'atr': 5.572893269565102, 'exit_reason': 'sl', 'signal_time': Timestamp('2020-11-23 13:00:00+0000', tz='UTC')}"
2020-11-27 13:00:00+00:00,2020-12-01 04:00:00+00:00,-1,1778.4850000000001,1786.4335959140492,1786.2585959140492,1732.5624477190026,0.2,-174.97191828098133,-0.3816385162910939,"{'trail_atr_mult': 4.0, 'trail_atr_len': 14, 'tp_converts_to_trail': True, 'don_upper': 1965.46, 'don_lower': 1800.25, 'atr': 5.737194035124663, 'exit_reason': 'sl', 'signal_time': Timestamp('2020-11-27 12:00:00+0000', tz='UTC')}"
2020-12-21 04:00:00+00:00,2020-12-21 09:00:00+00:00,1,1900.0149999999999,1885.509455107363,1885.684455107363,1939.3406721770045,0.23,-333.6275325306479,-0.7279949923156959,"{'trail_atr_mult': 4.0, 'trail_atr_len': 14, 'tp_converts_to_trail': True, 'don_upper': 1899.45, 'don_lower': 1764.38, 'atr': 4.9375840221255825, 'exit_reason': 'sl', 'signal_time': Timestamp('2020-12-21 03:00:00+0000', tz='UTC')}"
2021-01-03 23:00:00+00:00,2021-01-06 12:00:00+00:00,1,1913.215,1936.1542494559108,1936.3292494559107,1960.9041079642404,0.18,434.50649020639514,1.0050878627279454,"{'trail_atr_mult': 4.0, 'trail_atr_len': 14, 'tp_converts_to_trail': True, 'don_upper': 1906.7, 'don_lower': 1775.74, 'atr': 5.975513495530063, 'exit_reason': 'sl', 'signal_time': Timestamp('2021-01-03 22:00:00+0000', tz='UTC')}"
2021-01-17 23:00:00+00:00,2021-01-18 05:00:00+00:00,-1,1810.545,1837.5505057252851,1837.3755057252852,1754.5131698620992,0.16,-435.2880916045608,-0.9807880391745357,"{'trail_atr_mult': 4.0, 'trail_atr_len': 14, 'tp_converts_to_trail': True, 'don_upper': 1959.29, 'don_lower': 1817.0, 'atr': 6.980853767237599, 'exit_reason': 'sl', 'signal_time': Timestamp('2021-01-17 22:00:00+0000', tz='UTC')}"
2021-02-04 13:00:00+00:00,2021-02-05 08:00:00+00:00,-1,1808.305,1804.1171834124966,1803.9421834124967,1763.5403064436848,0.19,75.76851516256552,0.1765704512709021,"{'trail_atr_mult': 4.0, 'trail_atr_len': 14, 'tp_converts_to_trail': True, 'don_upper': 1959.29, 'don_lower': 1810.29, 'atr': 5.612461694539393, 'exit_reason': 'sl', 'signal_time': Timestamp('2021-02-04 12:00:00+0000', tz='UTC')}"
2021-02-17 13:00:00+00:00,2021-02-18 08:00:00+00:00,-1,1778.7250000000001,1788.9122089339673,1788.7372089339674,1728.469295079973,0.17,-183.3825518774426,-0.42485463527754036,"{'trail_atr_mult': 4.0, 'trail_atr_len': 14, 'tp_converts_to_trail': True, 'don_upper': 1875.69, 'don_lower': 1783.68, 'atr': 6.303838115003382, 'exit_reason': 'sl', 'signal_time': Timestamp('2021-02-17 12:00:00+0000', tz='UTC')}"
2021-02-26 05:00:00+00:00,2021-03-01 03:00:00+00:00,-1,1760.415,1748.5670653241566,1748.3920653241566,1704.2709564361053,0.15,168.71902013765043,0.39633982426717257,"{'trail_atr_mult': 4.0, 'trail_atr_len': 14, 'tp_converts_to_trail': True, 'don_upper': 1875.69, 'don_lower': 1760.64, 'atr': 7.043630445486813, 'exit_reason': 'sl', 'signal_time': Timestamp('2021-02-26 04:00:00+0000', tz='UTC')}"
2021-03-02 01:00:00+00:00,2021-03-02 13:00:00+00:00,-1,1711.535,1735.03653760862,1734.86153760862,1652.5079327993976,0.15,-352.52306412929784,-0.7880859504609008,"{'trail_atr_mult': 4.0, 'trail_atr_len': 14, 'tp_converts_to_trail': True, 'don_upper': 1875.69, 'don_lower': 1717.18, 'atr': 7.404008400075303, 'exit_reason': 'sl', 'signal_time': Timestamp('2021-03-02 00:00:00+0000', tz='UTC')}"
2021-04-15 15:00:00+00:00,2021-04-19 14:00:00+00:00,1,1764.955,1772.4180568052539,1772.5930568052538,1801.8342156832005,0.23,208.45030652084034,0.4846008205072208,"{'trail_atr_mult': 4.0, 'trail_atr_len': 14, 'tp_converts_to_trail': True, 'don_upper': 1758.66, 'don_lower': 1677.86, 'atr': 4.6317769604000505, 'exit_reason': 'sl', 'signal_time': Timestamp('2021-04-15 14:00:00+0000', tz='UTC')}"
2021-05-07 04:00:00+00:00,2021-05-11 13:00:00+00:00,1,1820.7649999999999,1830.4585871625522,1830.6335871625522,1851.4902559130267,0.28,316.22044055146654,0.7227836593712279,"{'trail_atr_mult': 4.0, 'trail_atr_len': 14, 'tp_converts_to_trail': True, 'don_upper': 1818.12, 'don_lower': 1723.7, 'atr': 3.8625319891283554, 'exit_reason': 'sl', 'signal_time': Timestamp('2021-05-07 03:00:00+0000', tz='UTC')}"
2021-05-17 02:00:00+00:00,2021-05-19 09:00:00+00:00,1,1851.345,1861.4722630610065,1861.6472630610065,1886.4063945371129,0.25,273.1815765251622,0.6156829843426285,"{'trail_atr_mult': 4.0, 'trail_atr_len': 14, 'tp_converts_to_trail': True, 'don_upper': 1848.07, 'don_lower': 1744.34, 'atr': 4.400799317139107, 'exit_reason': 'sl', 'signal_time': Timestamp('2021-05-17 01:00:00+0000', tz='UTC')}"
2021-05-19 14:00:00+00:00,2021-05-19 20:00:00+00:00,1,1889.235,1862.5076343137007,1862.6826343137006,1943.9923203112548,0.16,-427.63785098078733,-0.9669408062402852,"{'trail_atr_mult': 4.0, 'trail_atr_len': 14, 'tp_converts_to_trail': True, 'don_upper': 1875.03, 'don_lower': 1756.19, 'atr': 6.86654003890685, 'exit_reason': 'sl', 'signal_time': Timestamp('2021-05-19 13:00:00+0000', tz='UTC')}"
2021-05-26 02:00:00+00:00,2021-05-26 18:00:00+00:00,1,1903.145,1895.364987145029,1895.539987145029,1933.5981347303652,0.29,-225.62037279415583,-0.5042438840164339,"{'trail_atr_mult': 4.0, 'trail_atr_len': 14, 'tp_converts_to_trail': True, 'don_upper': 1900.21, 'don_lower': 1756.19, 'atr': 3.823516841295657, 'exit_reason': 'sl', 'signal_time': Timestamp('2021-05-26 01:00:00+0000', tz='UTC')}"
2021-06-16 19:00:00+00:00,2021-06-17 13:00:00+00:00,-1,1834.935,1789.7549538793694,1789.5799538793694,,0.19,847.0208762919805,1.9433304841681474,"{'trail_atr_mult': 4.0, 'trail_atr_len': 14, 'tp_converts_to_trail': True, 'don_upper': 1916.58, 'don_lower': 1844.77, 'atr': 5.691255765078793, 'exit_reason': 'sl', 'signal_time': Timestamp('2021-06-16 18:00:00+0000', tz='UTC')}"
2021-06-17 13:00:00+00:00,2021-06-18 08:00:00+00:00,-1,1785.445,1791.6406030694657,1791.4656030694657,1721.8622662965213,0.14,-89.53844297252027,-0.19952672478012445,"{'trail_atr_mult': 4.0, 'trail_atr_len': 14, 'tp_converts_to_trail': True, 'don_upper': 1916.58, 'don_lower': 1785.63, 'atr': 7.9697167129348285, 'exit_reason': 'sl', 'signal_time': Timestamp('2021-06-17 12:00:00+0000', tz='UTC')}"
2021-06-18 20:00:00+00:00,2021-06-21 09:00:00+00:00,-1,1761.7450000000001,1782.5606002151355,1782.3856002151356,1708.7341952334946,0.16,-342.6496034421667,-0.7933789375840681,"{'trail_atr_mult': 4.0, 'trail_atr_len': 14, 'tp_converts_to_trail': True, 'don_upper': 1916.58, 'don_lower': 1767.3, 'atr': 6.666975595813171, 'exit_reason': 'sl', 'signal_time': Timestamp('2021-06-18 19:00:00+0000', tz='UTC')}"
2021-06-29 13:00:00+00:00,2021-06-30 17:00:00+00:00,-1,1754.585,1767.9453760112206,1767.7703760112206,1710.4542746989189,0.2,-271.2075202244105,-0.6073297844696414,"{'trail_atr_mult': 4.0, 'trail_atr_len': 14, 'tp_converts_to_trail': True, 'don_upper': 1916.58, 'don_lower': 1760.91, 'atr': 5.538215662635149, 'exit_reason': 'sl', 'signal_time': Timestamp('2021-06-29 12:00:00+0000', tz='UTC')}"
2021-08-06 13:00:00+00:00,2021-08-09 01:00:00+00:00,-1,1776.185,1727.4057383255595,1727.2307383255595,,0.23,1108.123018512131,2.5443415210991382,"{'trail_atr_mult': 4.0, 'trail_atr_len': 14, 'tp_converts_to_trail': True, 'don_upper': 1834.07, 'don_lower': 1789.63, 'atr': 4.660211741663829, 'exit_reason': 'sl', 'signal_time': Timestamp('2021-08-06 12:00:00+0000', tz='UTC')}"
2021-09-16 12:00:00+00:00,2021-09-17 06:00:00+00:00,-1,1771.095,1760.6754331622788,1760.5004331622788,1738.7489535323975,0.27,275.92830461847456,0.621230503885921,"{'trail_atr_mult': 4.0, 'trail_atr_len': 14, 'tp_converts_to_trail': True, 'don_upper': 1833.95, 'don_lower': 1774.41, 'atr': 4.066380808450296, 'exit_reason': 'sl', 'signal_time': Timestamp('2021-09-16 11:00:00+0000', tz='UTC')}"
2021-09-28 11:00:00+00:00,2021-09-29 11:00:00+00:00,-1,1733.425,1743.7784095907803,1743.6034095907803,1697.0531017395688,0.24,-253.28183017872723,-0.5743836944270319,"{'trail_atr_mult': 4.0, 'trail_atr_len': 14, 'tp_converts_to_trail': True, 'don_upper': 1833.95, 'don_lower': 1735.94, 'atr': 4.562112282553898, 'exit_reason': 'sl', 'signal_time': Timestamp('2021-09-28 10:00:00+0000', tz='UTC')}"
2021-09-29 17:00:00+00:00,2021-09-30 13:00:00+00:00,-1,1724.4550000000002,1735.7841198381807,1735.6091198381807,1685.4469923402248,0.23,-274.36975627815224,-0.6035017593826236,"{'trail_atr_mult': 4.0, 'trail_atr_len': 14, 'tp_converts_to_trail': True, 'don_upper': 1833.95, 'don_lower': 1725.51, 'atr': 4.897875957471898, 'exit_reason': 'sl', 'signal_time': Timestamp('2021-09-29 16:00:00+0000', tz='UTC')}"
2021-10-22 13:00:00+00:00,2021-10-22 16:00:00+00:00,1,1805.965,1794.5465259119676,1794.7215259119675,1839.5024369379216,0.26,-296.8803262888405,-0.6704437564958944,"{'trail_atr_mult': 4.0, 'trail_atr_len': 14, 'tp_converts_to_trail': True, 'don_upper': 1800.57, 'don_lower': 1721.65, 'atr': 4.214054617240194, 'exit_reason': 'sl', 'signal_time': Timestamp('2021-10-22 12:00:00+0000', tz='UTC')}"
2021-11-05 16:00:00+00:00,2021-11-10 15:00:00+00:00,1,1814.155,1857.2886142741827,1857.4636142741826,,0.2,902.6722854836544,2.06638644828695,"{'trail_atr_mult': 4.0, 'trail_atr_len': 14, 'tp_converts_to_trail': True, 'don_upper': 1813.79, 'don_lower': 1750.18, 'atr': 5.429201784272827, 'exit_reason': 'sl', 'signal_time': Timestamp('2021-11-05 15:00:00+0000', tz='UTC')}"
2021-12-31 13:00:00+00:00,2021-12-31 18:00:00+00:00,1,1824.485,1828.095,1815.4991149123005,1848.1719773677762,0.37,133.5700000000047,0.2981995187889715,"{'trail_atr_mult': 4.0, 'trail_atr_len': 14, 'tp_converts_to_trail': True, 'don_upper': 1820.32, 'don_lower': 1752.34, 'atr': 2.982747170972025, 'exit_reason': 'end_of_data', 'signal_time': Timestamp('2021-12-31 12:00:00+0000', tz='UTC')}"
2022-01-19 15:00:00+00:00,2022-01-21 08:00:00+00:00,1,1838.475,1836.3279244982953,1836.5029244982952,1872.4543766773593,0.26,-14.223963044320868,-0.03165545305858222,"{'trail_atr_mult': 4.0, 'trail_atr_len': 14, 'tp_converts_to_trail': True, 'don_upper': 1831.82, 'don_lower': 1782.64, 'atr': 4.2717970846699025, 'exit_reason': 'sl', 'signal_time': Timestamp('2022-01-19 14:00:00+0000', tz='UTC')}"
2022-02-11 18:00:00+00:00,2022-02-15 08:00:00+00:00,1,1857.355,1862.2783267690886,1862.4533267690886,1900.1191278095741,0.2,130.4665353817718,0.3013840702813082,"{'trail_atr_mult': 4.0, 'trail_atr_len': 14, 'tp_converts_to_trail': True, 'don_upper': 1853.9, 'don_lower': 1780.3, 'atr': 5.36739097619677, 'exit_reason': 'sl', 'signal_time': Timestamp('2022-02-11 17:00:00+0000', tz='UTC')}"
2022-02-17 08:00:00+00:00,2022-02-21 06:00:00+00:00,1,1886.385,1887.7622093566338,1887.9372093566337,1926.0683319579055,0.22,65.49860584594326,0.14742918126635046,"{'trail_atr_mult': 4.0, 'trail_atr_len': 14, 'tp_converts_to_trail': True, 'don_upper': 1879.51, 'don_lower': 1780.3, 'atr': 4.989791494738184, 'exit_reason': 'sl', 'signal_time': Timestamp('2022-02-17 07:00:00+0000', tz='UTC')}"
2022-02-24 04:00:00+00:00,2022-02-24 14:00:00+00:00,1,1935.845,1941.8114789756694,1941.9864789756693,1983.198160687301,0.18,107.3966215620485,0.24923593095554772,"{'trail_atr_mult': 4.0, 'trail_atr_len': 14, 'tp_converts_to_trail': True, 'don_upper': 1931.27, 'don_lower': 1780.3, 'atr': 5.941020085912608, 'exit_reason': 'sl', 'signal_time': Timestamp('2022-02-24 03:00:00+0000', tz='UTC')}"
2022-03-06 23:00:00+00:00,2022-03-07 13:00:00+00:00,1,1988.905,1969.9359980006827,1970.1109980006827,2052.344283423244,0.14,-259.96602799044143,-0.5806053317739328,"{'trail_atr_mult': 4.0, 'trail_atr_len': 14, 'tp_converts_to_trail': True, 'don_upper': 1974.52, 'don_lower': 1788.66, 'atr': 7.951785427905523, 'exit_reason': 'sl', 'signal_time': Timestamp('2022-03-06 22:00:00+0000', tz='UTC')}"
2022-04-18 09:00:00+00:00,2022-04-18 18:00:00+00:00,1,1993.105,1977.918569729156,1978.093569729156,2034.5917527596896,0.21,-318.9150356877258,-0.7224451538759469,"{'trail_atr_mult': 4.0, 'trail_atr_len': 14, 'tp_converts_to_trail': True, 'don_upper': 1992.79, 'don_lower': 1890.02, 'atr': 5.2089690949611835, 'exit_reason': 'sl', 'signal_time': Timestamp('2022-04-18 08:00:00+0000', tz='UTC')}"
2022-04-28 04:00:00+00:00,2022-04-28 10:00:00+00:00,-1,1878.775,1891.3801964006288,1891.205196400629,1840.8939231417366,0.23,-289.9195172144614,-0.6564167669167564,"{'trail_atr_mult': 4.0, 'trail_atr_len': 14, 'tp_converts_to_trail': True, 'don_upper': 1998.43, 'don_lower': 1880.85, 'atr': 4.757009607282912, 'exit_reason': 'sl', 'signal_time': Timestamp('2022-04-28 03:00:00+0000', tz='UTC')}"
2022-05-02 13:00:00+00:00,2022-05-03 14:00:00+00:00,-1,1861.4650000000001,1872.380761073597,1872.205761073597,1812.7999250566577,0.18,-200.08369932474133,-0.451951377850107,"{'trail_atr_mult': 4.0, 'trail_atr_len': 14, 'tp_converts_to_trail': True, 'don_upper': 1998.43, 'don_lower': 1872.04, 'atr': 6.1050093679177895, 'exit_reason': 'sl', 'signal_time': Timestamp('2022-05-02 12:00:00+0000', tz='UTC')}"
2022-05-11 00:00:00+00:00,2022-05-11 09:00:00+00:00,-1,1833.315,1852.1635267653487,1851.9885267653488,1785.6845408999375,0.18,-339.2734817762757,-0.7799047372790663,"{'trail_atr_mult': 4.0, 'trail_atr_len': 14, 'tp_converts_to_trail': True, 'don_upper': 1998.43, 'don_lower': 1835.49, 'atr': 5.9831823875078225, 'exit_reason': 'sl', 'signal_time': Timestamp('2022-05-10 23:00:00+0000', tz='UTC')}"
2022-05-12 18:00:00+00:00,2022-05-16 15:00:00+00:00,-1,1822.845,1811.8722713147297,1811.6972713147297,1768.1158710597567,0.16,162.76365896432543,0.36841608479793403,"{'trail_atr_mult': 4.0, 'trail_atr_len': 14, 'tp_converts_to_trail': True, 'don_upper': 1998.43, 'don_lower': 1824.11, 'atr': 6.861766117530395, 'exit_reason': 'sl', 'signal_time': Timestamp('2022-05-12 17:00:00+0000', tz='UTC')}"
2022-06-12 23:00:00+00:00,2022-06-13 09:00:00+00:00,1,1876.5449999999998,1854.4157113321075,1854.5907113321075,1930.9055107543152,0.16,-347.6686186862768,-0.7918041890931592,"{'trail_atr_mult': 4.0, 'trail_atr_len': 14, 'tp_converts_to_trail': True, 'don_upper': 1876.0, 'don_lower': 1786.84, 'atr': 6.816938844289417, 'exit_reason': 'sl', 'signal_time': Timestamp('2022-06-12 22:00:00+0000', tz='UTC')}"
2022-07-01 04:00:00+00:00,2022-07-01 15:00:00+00:00,-1,1801.285,1804.1617969291874,1803.9867969291874,1764.8896558226543,0.24,-69.04312630049571,-0.15583803419430337,"{'trail_atr_mult': 4.0, 'trail_atr_len': 14, 'tp_converts_to_trail': True, 'don_upper': 1878.78, 'don_lower': 1802.75, 'atr': 4.571293022168226, 'exit_reason': 'sl', 'signal_time': Timestamp('2022-07-01 03:00:00+0000', tz='UTC')}"
2022-07-06 06:00:00+00:00,2022-07-06 17:00:00+00:00,-1,1763.2250000000001,1736.583518662848,1736.408518662848,,0.32,852.5274027888663,1.9466598105518882,"{'trail_atr_mult': 4.0, 'trail_atr_len': 14, 'tp_converts_to_trail': True, 'don_upper': 1878.78, 'don_lower': 1763.95, 'atr': 4.50024688952532, 'exit_reason': 'sl', 'signal_time': Timestamp('2022-07-06 05:00:00+0000', tz='UTC')}"
2022-07-13 13:00:00+00:00,2022-07-13 14:00:00+00:00,-1,1712.7250000000001,1728.108038422858,1727.933038422858,1682.3239231542839,0.29,-446.1081142628793,-1.011507072453008,"{'trail_atr_mult': 4.0, 'trail_atr_len': 14, 'tp_converts_to_trail': True, 'don_upper': 1857.23, 'don_lower': 1722.53, 'atr': 5.0676794742860265, 'exit_reason': 'sl', 'signal_time': Timestamp('2022-07-13 12:00:00+0000', tz='UTC')}"
2022-07-14 14:00:00+00:00,2022-07-18 04:00:00+00:00,-1,1702.445,1715.4707876635923,1715.2957876635924,1666.1414703902406,0.24,-331.8189039262171,-0.7399695844591981,"{'trail_atr_mult': 4.0, 'trail_atr_len': 14, 'tp_converts_to_trail': True, 'don_upper': 1857.23, 'don_lower': 1707.03, 'atr': 6.109754934959883, 'exit_reason': 'sl', 'signal_time': Timestamp('2022-07-14 13:00:00+0000', tz='UTC')}"
2022-07-21 07:00:00+00:00,2022-07-21 13:00:00+00:00,-1,1689.295,1697.1596814063494,1696.9846814063494,1668.1071816893057,0.41,-322.4519376603209,-0.7244275057997125,"{'trail_atr_mult': 4.0, 'trail_atr_len': 14, 'tp_converts_to_trail': True, 'don_upper': 1847.93, 'don_lower': 1690.07, 'atr': 3.560469718449073, 'exit_reason': 'sl', 'signal_time': Timestamp('2022-07-21 06:00:00+0000', tz='UTC')}"
2022-08-04 17:00:00+00:00,2022-08-05 13:00:00+00:00,1,1790.665,1780.0364128324738,1780.2114128324738,1819.4589086091298,0.3,-306.8576150257836,-0.6998952512603285,"{'trail_atr_mult': 4.0, 'trail_atr_len': 14, 'tp_converts_to_trail': True, 'don_upper': 1790.31, 'don_lower': 1680.84, 'atr': 4.823151434854975, 'exit_reason': 'sl', 'signal_time': Timestamp('2022-08-04 16:00:00+0000', tz='UTC')}"
2022-08-09 14:00:00+00:00,2022-08-10 19:00:00+00:00,1,1797.855,1789.9955643979818,1790.1705643979817,1822.224785420931,0.35,-261.0802460706393,-0.5985556526199053,"{'trail_atr_mult': 4.0, 'trail_atr_len': 14, 'tp_converts_to_trail': True, 'don_upper': 1794.95, 'don_lower': 1680.84, 'atr': 4.092464236821846, 'exit_reason': 'sl', 'signal_time': Timestamp('2022-08-09 13:00:00+0000', tz='UTC')}"
2022-08-29 02:00:00+00:00,2022-08-29 13:00:00+00:00,-1,1723.625,1736.9879125435468,1736.8129125435469,1696.0065605747643,0.31,-414.25028884995163,-0.9496289591075794,"{'trail_atr_mult': 4.0, 'trail_atr_len': 14, 'tp_converts_to_trail': True, 'don_upper': 1807.87, 'don_lower': 1727.77, 'atr': 4.632239904205942, 'exit_reason': 'sl', 'signal_time': Timestamp('2022-08-29 01:00:00+0000', tz='UTC')}"
2022-08-31 09:00:00+00:00,2022-09-01 16:00:00+00:00,-1,1713.935,1693.0762940251614,1692.9012940251614,,0.41,830.606944968382,1.8793990695437044,"{'trail_atr_mult': 4.0, 'trail_atr_len': 14, 'tp_converts_to_trail': True, 'don_upper': 1807.87, 'don_lower': 1719.48, 'atr': 3.534784329139741, 'exit_reason': 'sl', 'signal_time': Timestamp('2022-08-31 08:00:00+0000', tz='UTC')}"
2022-09-15 05:00:00+00:00,2022-09-15 16:00:00+00:00,-1,1687.275,1668.745,1665.798506872,,0.4,741.2000000000081,1.6867310648438318,"{'trail_atr_mult': 4.0, 'trail_atr_len': 14, 'tp_converts_to_trail': True, 'don_upper': 1782.34, 'don_lower': 1688.8, 'atr': 3.6069155213333373, 'exit_reason': 'sl_gap', 'signal_time': Timestamp('2022-09-15 04:00:00+0000', tz='UTC')}"
2022-09-16 07:00:00+00:00,2022-09-16 15:00:00+00:00,-1,1659.9550000000002,1673.0176227010518,1672.8426227010518,1634.119609482916,0.34,-444.1291718357552,-0.9922088084927208,"{'trail_atr_mult': 4.0, 'trail_atr_len': 14, 'tp_converts_to_trail': True, 'don_upper': 1774.52, 'don_lower': 1660.35, 'atr': 4.333398419513976, 'exit_reason': 'sl', 'signal_time': Timestamp('2022-09-16 06:00:00+0000', tz='UTC')}"
2022-09-23 11:00:00+00:00,2022-09-27 12:00:00+00:00,-1,1643.355,1641.268918266437,1641.093918266437,1607.5161927768067,0.24,30.86596160551453,0.0709683574710167,"{'trail_atr_mult': 4.0, 'trail_atr_len': 14, 'tp_converts_to_trail': True, 'don_upper': 1765.5, 'don_lower': 1652.77, 'atr': 5.99563453719888, 'exit_reason': 'sl', 'signal_time': Timestamp('2022-09-23 10:00:00+0000', tz='UTC')}"
2022-11-08 16:00:00+00:00,2022-11-09 19:00:00+00:00,1,1715.325,1702.4227903168005,1702.5977903168005,1751.3217823174714,0.24,-300.05303239678904,-0.683521080230615,"{'trail_atr_mult': 4.0, 'trail_atr_len': 14, 'tp_converts_to_trail': True, 'don_upper': 1714.19, 'don_lower': 1616.72, 'atr': 6.031963719578529, 'exit_reason': 'sl', 'signal_time': Timestamp('2022-11-08 15:00:00+0000', tz='UTC')}"
2022-11-10 19:00:00+00:00,2022-11-17 01:00:00+00:00,1,1754.305,1769.5997073455785,1769.7747073455785,1790.3225286456654,0.24,453.47297629388265,1.0383838688180336,"{'trail_atr_mult': 4.0, 'trail_atr_len': 14, 'tp_converts_to_trail': True, 'don_upper': 1753.29, 'don_lower': 1616.72, 'atr': 6.023754774277555, 'exit_reason': 'sl', 'signal_time': Timestamp('2022-11-10 18:00:00+0000', tz='UTC')}"
2022-12-01 13:00:00+00:00,2022-12-02 13:00:00+00:00,1,1789.615,1789.7594791886415,1789.9344791886415,1819.4646765539624,0.29,15.789896470604253,0.03613638843387101,"{'trail_atr_mult': 4.0, 'trail_atr_len': 14, 'tp_converts_to_trail': True, 'don_upper': 1786.57, 'don_lower': 1616.72, 'atr': 4.990779425660413, 'exit_reason': 'sl', 'signal_time': Timestamp('2022-12-01 12:00:00+0000', tz='UTC')}"
2022-12-27 15:00:00+00:00,2022-12-28 00:00:00+00:00,1,1824.815,1809.3388478790368,1809.5138478790368,1854.892304241927,0.29,-437.20841150793296,-0.9852952249463761,"{'trail_atr_mult': 4.0, 'trail_atr_len': 14, 'tp_converts_to_trail': True, 'don_upper': 1824.52, 'don_lower': 1739.63, 'atr': 5.042050706987789, 'exit_reason': 'sl', 'signal_time': Timestamp('2022-12-27 14:00:00+0000', tz='UTC')}"
2023-01-03 02:00:00+00:00,2023-01-03 15:00:00+00:00,1,1838.595,1830.5530444631495,1830.7280444631494,1867.5089931455122,0.3,-241.25866610551608,-0.5457909944286788,"{'trail_atr_mult': 4.0, 'trail_atr_len': 14, 'tp_converts_to_trail': True, 'don_upper': 1833.63, 'don_lower': 1744.91, 'atr': 4.849832190918709, 'exit_reason': 'sl', 'signal_time': Timestamp('2023-01-03 01:00:00+0000', tz='UTC')}"
2023-01-04 07:00:00+00:00,2023-01-05 08:00:00+00:00,1,1858.455,1845.9975471442622,1846.1725471442621,1887.8160737037915,0.3,-337.7235856721327,-0.7541147551701115,"{'trail_atr_mult': 4.0, 'trail_atr_len': 14, 'tp_converts_to_trail': True, 'don_upper': 1849.99, 'don_lower': 1765.85, 'atr': 4.921012283965258, 'exit_reason': 'sl', 'signal_time': Timestamp('2023-01-04 06:00:00+0000', tz='UTC')}"
2023-01-06 18:00:00+00:00,2023-01-11 14:00:00+00:00,1,1868.885,1871.2578592052716,1871.4328592052716,1906.7997689917565,0.23,100.575761721248,0.22734002932061953,"{'trail_atr_mult': 4.0, 'trail_atr_len': 14, 'tp_converts_to_trail': True, 'don_upper': 1865.12, 'don_lower': 1767.27, 'atr': 6.34996149862608, 'exit_reason': 'sl', 'signal_time': Timestamp('2023-01-06 17:00:00+0000', tz='UTC')}"
2023-01-13 08:00:00+00:00,2023-01-17 01:00:00+00:00,1,1906.655,1914.003729132542,1914.178729132542,1937.7285887754076,0.28,250.56441571117813,0.5664005564391921,"{'trail_atr_mult': 4.0, 'trail_atr_len': 14, 'tp_converts_to_trail': True, 'don_upper': 1901.61, 'don_lower': 1773.75, 'atr': 5.208098129234603, 'exit_reason': 'sl', 'signal_time': Timestamp('2023-01-13 07:00:00+0000', tz='UTC')}"
2023-01-19 20:00:00+00:00,2023-01-23 06:00:00+00:00,1,1933.555,1921.3630616388543,1921.5380616388543,1964.358823337533,0.28,-296.57427411208045,-0.6794315645898833,"{'trail_atr_mult': 4.0, 'trail_atr_len': 14, 'tp_converts_to_trail': True, 'don_upper': 1931.39, 'don_lower': 1783.79, 'atr': 5.154803889588826, 'exit_reason': 'sl', 'signal_time': Timestamp('2023-01-19 19:00:00+0000', tz='UTC')}"
2023-02-10 03:00:00+00:00,2023-02-10 08:00:00+00:00,-1,1855.145,1871.7677680806578,1871.5927680806578,1822.7744638386841,0.27,-448.81473817776083,-1.010639741461685,"{'trail_atr_mult': 4.0, 'trail_atr_len': 14, 'tp_converts_to_trail': True, 'don_upper': 1959.68, 'don_lower': 1858.91, 'atr': 5.424256026885983, 'exit_reason': 'sl', 'signal_time': Timestamp('2023-02-10 02:00:00+0000', tz='UTC')}"
2023-02-27 03:00:00+00:00,2023-02-27 14:00:00+00:00,-1,1807.765,1818.745274838313,1818.570274838313,1786.649450323374,0.41,-450.191268370828,-1.0161957935007304,"{'trail_atr_mult': 4.0, 'trail_atr_len': 14, 'tp_converts_to_trail': True, 'don_upper': 1959.68, 'don_lower': 1808.93, 'atr': 3.546758279437677, 'exit_reason': 'sl', 'signal_time': Timestamp('2023-02-27 02:00:00+0000', tz='UTC')}"
2023-03-13 12:00:00+00:00,2023-03-15 07:00:00+00:00,1,1899.485,1896.2744829165956,1896.4494829165956,1951.1868722833926,0.16,-38.56827333446854,-0.09199240398737395,"{'trail_atr_mult': 4.0, 'trail_atr_len': 14, 'tp_converts_to_trail': True, 'don_upper': 1894.36, 'don_lower': 1804.69, 'atr': 8.656145380565448, 'exit_reason': 'sl', 'signal_time': Timestamp('2023-03-13 11:00:00+0000', tz='UTC')}"
2023-03-15 16:00:00+00:00,2023-03-15 18:00:00+00:00,1,1933.7749999999999,1909.6701809650162,1909.8451809650162,1981.1396380699673,0.18,-433.88674262970517,-1.0073130515422668,"{'trail_atr_mult': 4.0, 'trail_atr_len': 14, 'tp_converts_to_trail': True, 'don_upper': 1930.39, 'don_lower': 1804.69, 'atr': 7.921606344994569, 'exit_reason': 'sl', 'signal_time': Timestamp('2023-03-15 15:00:00+0000', tz='UTC')}"
2023-03-17 12:00:00+00:00,2023-03-17 19:00:00+00:00,1,1945.165,1979.1350908792201,1979.31009087922,,0.25,849.2522719805038,1.954545573385009,"{'trail_atr_mult': 4.0, 'trail_atr_len': 14, 'tp_converts_to_trail': True, 'don_upper': 1937.36, 'don_lower': 1804.69, 'atr': 5.725015146536677, 'exit_reason': 'sl', 'signal_time': Timestamp('2023-03-17 11:00:00+0000', tz='UTC')}"
2023-03-19 21:00:00+00:00,2023-03-20 10:00:00+00:00,1,1986.875,1973.8764990840207,1974.0514990840206,2039.234383479926,0.18,-226.77301648762779,-0.5198003568708273,"{'trail_atr_mult': 4.0, 'trail_atr_len': 14, 'tp_converts_to_trail': True, 'don_upper': 1987.76, 'don_lower': 1804.69, 'atr': 8.51073057998764, 'exit_reason': 'sl', 'signal_time': Timestamp('2023-03-17 19:00:00+0000', tz='UTC')}"
2023-04-05 08:00:00+00:00,2023-04-05 15:00:00+00:00,1,2025.625,2013.986630139454,2014.161630139454,2050.9138547664984,0.34,-395.7045752585619,-0.8996239613755234,"{'trail_atr_mult': 4.0, 'trail_atr_len': 14, 'tp_converts_to_trail': True, 'don_upper': 2025.34, 'don_lower': 1809.41, 'atr': 4.247309127749712, 'exit_reason': 'sl', 'signal_time': Timestamp('2023-04-05 07:00:00+0000', tz='UTC')}"
2023-04-13 13:00:00+00:00,2023-04-14 13:00:00+00:00,1,2045.215,2030.077327961732,2030.252327961732,2078.3577774858486,0.26,-383.1794729949671,-0.8754763835814583,"{'trail_atr_mult': 4.0, 'trail_atr_len': 14, 'tp_converts_to_trail': True, 'don_upper': 2032.26, 'don_lower': 1885.75, 'atr': 5.552962914308105, 'exit_reason': 'sl', 'signal_time': Timestamp('2023-04-13 12:00:00+0000', tz='UTC')}"
2023-05-03 23:00:00+00:00,2023-05-04 08:00:00+00:00,1,2056.7650000000003,2031.0052966727105,2031.1802966727105,2107.319406654579,0.17,-417.5149565639266,-0.9599369988040184,"{'trail_atr_mult': 4.0, 'trail_atr_len': 14, 'tp_converts_to_trail': True, 'don_upper': 2048.67, 'don_lower': 1950.45, 'atr': 8.459901109096508, 'exit_reason': 'sl', 'signal_time': Timestamp('2023-05-03 22:00:00+0000', tz='UTC')}"
2023-05-18 13:00:00+00:00,2023-05-19 07:00:00+00:00,-1,1966.905,1966.8556558119571,1966.6806558119572,1943.6228454808663,0.36,-5.42360923045835,-0.012656347640041964,"{'trail_atr_mult': 4.0, 'trail_atr_len': 14, 'tp_converts_to_trail': True, 'don_upper': 2066.81, 'don_lower': 1969.18, 'atr': 3.9095257531889387, 'exit_reason': 'sl', 'signal_time': Timestamp('2023-05-18 12:00:00+0000', tz='UTC')}"
2023-06-15 12:00:00+00:00,2023-06-15 14:00:00+00:00,-1,1928.385,1943.7519526440828,1943.576952644083,1898.616094711834,0.28,-430.27467403432007,-1.0115192565498232,"{'trail_atr_mult': 4.0, 'trail_atr_len': 14, 'tp_converts_to_trail': True, 'don_upper': 2003.74, 'don_lower': 1928.96, 'atr': 4.995650881361002, 'exit_reason': 'sl', 'signal_time': Timestamp('2023-06-15 11:00:00+0000', tz='UTC')}"
2023-06-22 15:00:00+00:00,2023-06-23 13:00:00+00:00,-1,1915.2150000000001,1924.216170080431,1924.0411700804311,1888.4307139814025,0.31,-285.2362724933591,-0.6731097567194542,"{'trail_atr_mult': 4.0, 'trail_atr_len': 14, 'tp_converts_to_trail': True, 'don_upper': 1985.29, 'don_lower': 1918.93, 'atr': 4.494881003099602, 'exit_reason': 'sl', 'signal_time': Timestamp('2023-06-22 14:00:00+0000', tz='UTC')}"
2023-06-28 11:00:00+00:00,2023-06-29 15:00:00+00:00,-1,1906.835,1910.91100811379,1910.7360081137901,1886.4692240365869,0.41,-191.71633266539274,-0.44766246327847015,"{'trail_atr_mult': 4.0, 'trail_atr_len': 14, 'tp_converts_to_trail': True, 'don_upper': 1983.48, 'don_lower': 1907.2, 'atr': 3.4234626605688603, 'exit_reason': 'sl', 'signal_time': Timestamp('2023-06-28 10:00:00+0000', tz='UTC')}"
2023-07-12 03:00:00+00:00,2023-07-14 15:00:00+00:00,1,1940.2849999999999,1951.4399107714605,1951.6149107714605,1965.0086031248668,0.35,446.42187700112316,1.0091468035995574,"{'trail_atr_mult': 4.0, 'trail_atr_len': 14, 'tp_converts_to_trail': True, 'don_upper': 1939.11, 'don_lower': 1892.95, 'atr': 3.1135753906083714, 'exit_reason': 'sl', 'signal_time': Timestamp('2023-07-12 02:00:00+0000', tz='UTC')}"
2023-07-18 15:00:00+00:00,2023-07-19 15:00:00+00:00,1,1982.975,1970.7767598080204,1970.9517598080204,2021.9826796229884,0.22,-259.56128422354885,-0.5968854276763367,"{'trail_atr_mult': 4.0, 'trail_atr_len': 14, 'tp_converts_to_trail': True, 'don_upper': 1972.21, 'don_lower': 1892.95, 'atr': 4.897834952873553, 'exit_reason': 'sl', 'signal_time': Timestamp('2023-07-18 14:00:00+0000', tz='UTC')}"
2023-08-09 15:00:00+00:00,2023-08-10 13:00:00+00:00,-1,1917.195,1924.8263646727717,1924.6513646727717,1888.2440002712317,0.3,-246.9409401831517,-0.5573784363733041,"{'trail_atr_mult': 4.0, 'trail_atr_len': 14, 'tp_converts_to_trail': True, 'don_upper': 1982.23, 'don_lower': 1921.54, 'atr': 3.6432499660960382, 'exit_reason': 'sl', 'signal_time': Timestamp('2023-08-09 14:00:00+0000', tz='UTC')}"
2023-08-16 19:00:00+00:00,2023-08-17 13:00:00+00:00,-1,1894.835,1900.6469612138824,1900.4719612138824,1869.0575875080424,0.34,-218.00668127199964,-0.4881136222906902,"{'trail_atr_mult': 4.0, 'trail_atr_len': 14, 'tp_converts_to_trail': True, 'don_upper': 1972.39, 'don_lower': 1896.35, 'atr': 3.242801561494711, 'exit_reason': 'sl', 'signal_time': Timestamp('2023-08-16 18:00:00+0000', tz='UTC')}"
2023-08-17 16:00:00+00:00,2023-08-18 14:00:00+00:00,-1,1889.315,1895.6085697529822,1895.4335697529823,1860.0329000490049,0.3,-194.8070925894658,-0.43526815700234917,"{'trail_atr_mult': 4.0, 'trail_atr_len': 14, 'tp_converts_to_trail': True, 'don_upper': 1972.32, 'don_lower': 1889.62, 'atr': 3.6833874938743847, 'exit_reason': 'sl', 'signal_time': Timestamp('2023-08-17 15:00:00+0000', tz='UTC')}"
2023-08-29 15:00:00+00:00,2023-08-31 14:00:00+00:00,1,1934.335,1940.726989469906,1940.9019894699059,1963.0372411286437,0.3,239.75968409717598,0.5457659487147494,"{'trail_atr_mult': 4.0, 'trail_atr_len': 14, 'tp_converts_to_trail': True, 'don_upper': 1927.22, 'don_lower': 1884.81, 'atr': 3.6121551410804607, 'exit_reason': 'sl', 'signal_time': Timestamp('2023-08-29 14:00:00+0000', tz='UTC')}"
2023-09-14 13:00:00+00:00,2023-09-15 02:00:00+00:00,-1,1904.315,1912.5571156152325,1912.3821156152326,1881.4792462303485,0.38,-320.8003933788342,-0.7236899157723702,"{'trail_atr_mult': 4.0, 'trail_atr_len': 14, 'tp_converts_to_trail': True, 'don_upper': 1953.02, 'don_lower': 1905.21, 'atr': 2.8750942212064383, 'exit_reason': 'sl', 'signal_time': Timestamp('2023-09-14 12:00:00+0000', tz='UTC')}"
2023-09-26 19:00:00+00:00,2023-09-27 18:00:00+00:00,-1,1899.775,1876.0934418897893,1875.9184418897894,,0.36,845.3360919675866,1.9333101650931623,"{'trail_atr_mult': 4.0, 'trail_atr_len': 14, 'tp_converts_to_trail': True, 'don_upper': 1947.42, 'don_lower': 1900.61, 'atr': 3.000194763776333, 'exit_reason': 'sl', 'signal_time': Timestamp('2023-09-26 18:00:00+0000', tz='UTC')}"
2023-09-27 18:00:00+00:00,2023-09-29 08:00:00+00:00,-1,1874.555,1871.194712139904,1871.019712139904,1845.9123317750168,0.31,79.36892366298065,0.17591844460413697,"{'trail_atr_mult': 4.0, 'trail_atr_len': 14, 'tp_converts_to_trail': True, 'don_upper': 1947.42, 'don_lower': 1875.45, 'atr': 3.5997085281228935, 'exit_reason': 'sl', 'signal_time': Timestamp('2023-09-27 17:00:00+0000', tz='UTC')}"
2023-09-29 16:00:00+00:00,2023-10-03 04:00:00+00:00,-1,1854.605,1817.605,1815.6031745865428,,0.22,796.4,1.8302783209536877,"{'trail_atr_mult': 4.0, 'trail_atr_len': 14, 'tp_converts_to_trail': True, 'don_upper': 1947.42, 'don_lower': 1857.66, 'atr': 4.8983531766821375, 'exit_reason': 'sl_gap', 'signal_time': Timestamp('2023-09-29 15:00:00+0000', tz='UTC')}"
2023-10-13 15:00:00+00:00,2023-10-16 07:00:00+00:00,1,1921.0249999999999,1913.4321442630808,1913.6071442630807,1968.6943846900022,0.18,-115.07140326454365,-0.26512959275743453,"{'trail_atr_mult': 4.0, 'trail_atr_len': 14, 'tp_converts_to_trail': True, 'don_upper': 1919.22, 'don_lower': 1810.47, 'atr': 5.9817980862502935, 'exit_reason': 'sl', 'signal_time': Timestamp('2023-10-13 14:00:00+0000', tz='UTC')}"
2023-10-18 02:00:00+00:00,2023-10-18 16:00:00+00:00,1,1939.2749999999999,1941.8864021919378,1942.0614021919378,1976.392543427122,0.24,62.673652606510586,0.13830647805689836,"{'trail_atr_mult': 4.0, 'trail_atr_len': 14, 'tp_converts_to_trail': True, 'don_upper': 1932.41, 'don_lower': 1810.47, 'atr': 4.666567928390254, 'exit_reason': 'sl', 'signal_time': Timestamp('2023-10-18 01:00:00+0000', tz='UTC')}"
2023-10-19 18:00:00+00:00,2023-10-22 23:00:00+00:00,1,1972.915,1967.895,1973.3252361476516,2020.4348876419174,0.18,-68.75999999999968,-0.1589187281498395,"{'trail_atr_mult': 4.0, 'trail_atr_len': 14, 'tp_converts_to_trail': True, 'don_upper': 1962.67, 'don_lower': 1810.47, 'atr': 5.9631109552396815, 'exit_reason': 'sl_gap', 'signal_time': Timestamp('2023-10-19 17:00:00+0000', tz='UTC')}"
2023-11-08 19:00:00+00:00,2023-11-09 14:00:00+00:00,-1,1948.015,1957.7851995868673,1957.6101995868673,1915.2332577364107,0.27,-279.9953888454142,-0.6221483494020731,"{'trail_atr_mult': 4.0, 'trail_atr_len': 14, 'tp_converts_to_trail': True, 'don_upper': 2009.47, 'don_lower': 1950.95, 'atr': 4.120842782948668, 'exit_reason': 'sl', 'signal_time': Timestamp('2023-11-08 18:00:00+0000', tz='UTC')}"
2023-11-10 14:00:00+00:00,2023-11-13 17:00:00+00:00,-1,1942.4650000000001,1946.8650075345042,1946.6900075345043,1910.484934955456,0.27,-135.0002034316103,-0.30792902355366475,"{'trail_atr_mult': 4.0, 'trail_atr_len': 14, 'tp_converts_to_trail': True, 'don_upper': 2009.47, 'don_lower': 1943.11, 'atr': 4.018133130567999, 'exit_reason': 'sl', 'signal_time': Timestamp('2023-11-10 13:00:00+0000', tz='UTC')}"
2023-11-21 14:00:00+00:00,2023-11-22 15:00:00+00:00,1,2005.5149999999999,1992.890511375564,1993.065511375564,2044.4964287706314,0.22,-268.93874973758756,-0.6188607274734659,"{'trail_atr_mult': 4.0, 'trail_atr_len': 14, 'tp_converts_to_trail': True, 'don_upper': 2004.11, 'don_lower': 1931.6, 'atr': 4.894553596328926, 'exit_reason': 'sl', 'signal_time': Timestamp('2023-11-21 13:00:00+0000', tz='UTC')}"
2023-11-27 01:00:00+00:00,2023-11-28 18:00:00+00:00,1,2012.155,2040.525,2042.8843199108926,,0.28,805.5600000000035,1.8392600562803403,"{'trail_atr_mult': 4.0, 'trail_atr_len': 14, 'tp_converts_to_trail': True, 'don_upper': 2007.53, 'don_lower': 1931.6, 'atr': 3.8642899888615814, 'exit_reason': 'sl_gap', 'signal_time': Timestamp('2023-11-27 00:00:00+0000', tz='UTC')}"
2023-11-28 23:00:00+00:00,2023-11-29 09:00:00+00:00,1,2044.575,2036.0359457547281,2036.210945754728,2075.9359010290914,0.28,-227.893518867614,-0.5081208259371801,"{'trail_atr_mult': 4.0, 'trail_atr_len': 14, 'tp_converts_to_trail': True, 'don_upper': 2042.98, 'don_lower': 1931.6, 'atr': 3.9482376286364302, 'exit_reason': 'sl', 'signal_time': Timestamp('2023-11-28 22:00:00+0000', tz='UTC')}"
2023-12-01 18:00:00+00:00,2023-12-04 00:00:00+00:00,1,2071.965,2117.355,2121.874007261562,,0.18,838.6199999999976,1.847562885827154,"{'trail_atr_mult': 4.0, 'trail_atr_len': 14, 'tp_converts_to_trail': True, 'don_upper': 2067.68, 'don_lower': 1944.24, 'atr': 6.26050090769527, 'exit_reason': 'sl_gap', 'signal_time': Timestamp('2023-12-01 17:00:00+0000', tz='UTC')}"
2023-12-11 14:00:00+00:00,2023-12-12 13:00:00+00:00,-1,1986.505,1990.4085096873243,1990.2335096873244,1947.7956572372952,0.23,-94.3807228084573,-0.20696394903731244,"{'trail_atr_mult': 4.0, 'trail_atr_len': 14, 'tp_converts_to_trail': True, 'don_upper': 2144.77, 'don_lower': 1986.86, 'atr': 4.878042845338095, 'exit_reason': 'sl', 'signal_time': Timestamp('2023-12-11 13:00:00+0000', tz='UTC')}"
2023-12-22 10:00:00+00:00,2023-12-26 14:00:00+00:00,1,2055.905,2055.949893544269,2056.124893544269,2087.8025966680057,0.28,46.05701923952329,0.10146587339143245,"{'trail_atr_mult': 4.0, 'trail_atr_len': 14, 'tp_converts_to_trail': True, 'don_upper': 2055.09, 'don_lower': 1973.0, 'atr': 4.009074583500709, 'exit_reason': 'sl', 'signal_time': Timestamp('2023-12-22 09:00:00+0000', tz='UTC')}"
2023-12-28 01:00:00+00:00,2023-12-28 09:00:00+00:00,1,2087.1850000000004,2073.06608388355,2073.2410838835503,2121.7572485783508,0.26,-367.09181902770615,-0.8031866364618776,"{'trail_atr_mult': 4.0, 'trail_atr_len': 14, 'tp_converts_to_trail': True, 'don_upper': 2084.51, 'don_lower': 1973.0, 'atr': 4.3459060722938485, 'exit_reason': 'sl', 'signal_time': Timestamp('2023-12-28 00:00:00+0000', tz='UTC')}"
2024-01-17 14:00:00+00:00,2024-01-18 18:00:00+00:00,-1,2012.115,2018.1291627915223,2017.9541627915223,1966.8200490789093,0.19,-125.66909303892308,-0.28851340769831935,"{'trail_atr_mult': 4.0, 'trail_atr_len': 14, 'tp_converts_to_trail': True, 'don_upper': 2081.22, 'don_lower': 2013.16, 'atr': 5.684993865136343, 'exit_reason': 'sl', 'signal_time': Timestamp('2024-01-17 13:00:00+0000', tz='UTC')}"
2024-02-13 15:00:00+00:00,2024-02-15 08:00:00+00:00,-1,1991.9750000000001,1996.084592705004,1995.9095927050041,1950.3499899026956,0.21,-103.1014468050826,-0.23312400418052645,"{'trail_atr_mult': 4.0, 'trail_atr_len': 14, 'tp_converts_to_trail': True, 'don_upper': 2065.54, 'don_lower': 1992.42, 'atr': 5.223751262163072, 'exit_reason': 'sl', 'signal_time': Timestamp('2024-02-13 14:00:00+0000', tz='UTC')}"
2024-02-29 13:00:00+00:00,2024-03-01 08:00:00+00:00,1,2047.685,2039.5855711477952,2039.7605711477952,2078.155895806171,0.28,-215.58400786173192,-0.49728442544654944,"{'trail_atr_mult': 4.0, 'trail_atr_len': 14, 'tp_converts_to_trail': True, 'don_upper': 2041.39, 'don_lower': 1984.03, 'atr': 3.8294869757713883, 'exit_reason': 'sl', 'signal_time': Timestamp('2024-02-29 12:00:00+0000', tz='UTC')}"
2024-03-01 10:00:00+00:00,2024-03-01 19:00:00+00:00,1,2055.025,2085.595,2086.265477171322,,0.28,855.959999999992,1.9247310427685373,"{'trail_atr_mult': 4.0, 'trail_atr_len': 14, 'tp_converts_to_trail': True, 'don_upper': 2050.78, 'don_lower': 1984.03, 'atr': 3.9269346464152664, 'exit_reason': 'sl_gap', 'signal_time': Timestamp('2024-03-01 09:00:00+0000', tz='UTC')}"
2024-03-04 13:00:00+00:00,2024-03-05 11:00:00+00:00,1,2091.7450000000003,2123.4449999999997,2127.1606914724734,,0.25,802.4999999999841,1.7803319176229375,"{'trail_atr_mult': 4.0, 'trail_atr_len': 14, 'tp_converts_to_trail': True, 'don_upper': 2088.38, 'don_lower': 1984.03, 'atr': 4.453836434059182, 'exit_reason': 'sl_gap', 'signal_time': Timestamp('2024-03-04 12:00:00+0000', tz='UTC')}"
2024-03-05 13:00:00+00:00,2024-03-08 14:00:00+00:00,1,2127.8450000000003,2171.015,2174.602232426288,,0.19,858.2299999999929,1.909442767063365,"{'trail_atr_mult': 4.0, 'trail_atr_len': 14, 'tp_converts_to_trail': True, 'don_upper': 2127.39, 'don_lower': 1995.19, 'atr': 5.8677790532860294, 'exit_reason': 'sl_gap', 'signal_time': Timestamp('2024-03-05 12:00:00+0000', tz='UTC')}"
2024-03-20 22:00:00+00:00,2024-03-21 14:00:00+00:00,1,2201.0150000000003,2185.5168182134694,2185.6918182134696,2264.2044216270383,0.14,-200.1745450114333,-0.44924394632964487,"{'trail_atr_mult': 4.0, 'trail_atr_len': 14, 'tp_converts_to_trail': True, 'don_upper': 2195.22, 'don_lower': 2079.37, 'atr': 7.918052703379763, 'exit_reason': 'sl', 'signal_time': Timestamp('2024-03-20 21:00:00+0000', tz='UTC')}"
2024-03-31 22:00:00+00:00,2024-04-01 15:00:00+00:00,1,2242.1150000000002,2236.4726821389754,2236.6476821389756,2292.646858293017,0.11,-57.665496471273045,-0.1340114614876524,"{'trail_atr_mult': 4.0, 'trail_atr_len': 14, 'tp_converts_to_trail': True, 'don_upper': 2225.46, 'don_lower': 2146.08, 'atr': 7.470857286627136, 'exit_reason': 'sl', 'signal_time': Timestamp('2024-03-28 19:00:00+0000', tz='UTC')}"
2024-04-02 20:00:00+00:00,2024-04-04 13:00:00+00:00,1,2277.5950000000003,2284.0167021695675,2284.1917021695676,2342.244722461586,0.14,112.30383037394078,0.24650031116907886,"{'trail_atr_mult': 4.0, 'trail_atr_len': 14, 'tp_converts_to_trail': True, 'don_upper': 2277.0, 'don_lower': 2146.08, 'atr': 8.099340307698318, 'exit_reason': 'sl', 'signal_time': Timestamp('2024-04-02 19:00:00+0000', tz='UTC')}"
2024-04-09 08:00:00+00:00,2024-04-10 13:00:00+00:00,1,2354.1150000000002,2340.276407030398,2340.451407030398,2408.7967951898527,0.16,-215.01748751363775,-0.4868456110660907,"{'trail_atr_mult': 4.0, 'trail_atr_len': 14, 'tp_converts_to_trail': True, 'don_upper': 2353.84, 'don_lower': 2149.61, 'atr': 6.857099398731581, 'exit_reason': 'sl', 'signal_time': Timestamp('2024-04-09 07:00:00+0000', tz='UTC')}"
2024-04-12 02:00:00+00:00,2024-04-12 16:00:00+00:00,1,2390.835,2391.19667410216,2391.3716741021603,2457.5885706934705,0.13,4.701763328081597,0.010727621791192734,"{'trail_atr_mult': 4.0, 'trail_atr_len': 14, 'tp_converts_to_trail': True, 'don_upper': 2379.37, 'don_lower': 2163.5, 'atr': 8.372321336683783, 'exit_reason': 'sl', 'signal_time': Timestamp('2024-04-12 01:00:00+0000', tz='UTC')}"
2024-04-30 19:00:00+00:00,2024-05-01 14:00:00+00:00,-1,2289.915,2303.146252492726,2302.971252492726,2235.9365898675496,0.16,-214.9000398836171,-0.49285916092538995,"{'trail_atr_mult': 4.0, 'trail_atr_len': 14, 'tp_converts_to_trail': True, 'don_upper': 2431.44, 'don_lower': 2291.39, 'atr': 6.769176266556311, 'exit_reason': 'sl', 'signal_time': Timestamp('2024-04-30 18:00:00+0000', tz='UTC')}"
2024-05-10 06:00:00+00:00,2024-05-13 05:00:00+00:00,1,2357.255,2354.5471336187684,2354.7221336187686,2400.9469347001495,0.2,-30.15732762463449,-0.06820311681291694,"{'trail_atr_mult': 4.0, 'trail_atr_len': 14, 'tp_converts_to_trail': True, 'don_upper': 2355.79, 'don_lower': 2277.38, 'atr': 5.483366837518688, 'exit_reason': 'sl', 'signal_time': Timestamp('2024-05-10 05:00:00+0000', tz='UTC')}"
2024-05-15 18:00:00+00:00,2024-05-16 14:00:00+00:00,1,2389.405,2373.4697108938344,2373.6447108938346,2457.4614735772707,0.13,-191.5587583801552,-0.4297163165957195,"{'trail_atr_mult': 4.0, 'trail_atr_len': 14, 'tp_converts_to_trail': True, 'don_upper': 2386.62, 'don_lower': 2277.38, 'atr': 8.528934197158819, 'exit_reason': 'sl', 'signal_time': Timestamp('2024-05-15 17:00:00+0000', tz='UTC')}"
2024-05-17 14:00:00+00:00,2024-05-20 07:00:00+00:00,1,2401.985,2444.8705526008157,2445.045552600816,,0.2,881.7110520163116,2.0063715207439214,"{'trail_atr_mult': 4.0, 'trail_atr_len': 14, 'tp_converts_to_trail': True, 'don_upper': 2397.25, 'don_lower': 2277.38, 'atr': 5.419444075101953, 'exit_reason': 'sl', 'signal_time': Timestamp('2024-05-17 13:00:00+0000', tz='UTC')}"
2024-05-30 06:00:00+00:00,2024-05-30 14:00:00+00:00,-1,2324.8849999999998,2347.45064209041,2347.2756420904097,2278.8782367839412,0.19,-428.74719971779314,-0.9705284500961431,"{'trail_atr_mult': 4.0, 'trail_atr_len': 14, 'tp_converts_to_trail': True, 'don_upper': 2450.07, 'don_lower': 2325.46, 'atr': 5.771470402007346, 'exit_reason': 'sl', 'signal_time': Timestamp('2024-05-30 05:00:00+0000', tz='UTC')}"
2024-06-07 14:00:00+00:00,2024-06-10 23:00:00+00:00,-1,2309.375,2312.2050000000004,2310.5810724297176,2225.3705438175853,0.1,-34.30000000000382,-0.08138621733606594,"{'trail_atr_mult': 4.0, 'trail_atr_len': 14, 'tp_converts_to_trail': True, 'don_upper': 2433.83, 'don_lower': 2313.31, 'atr': 10.512432022801818, 'exit_reason': 'sl_gap', 'signal_time': Timestamp('2024-06-07 13:00:00+0000', tz='UTC')}"
2024-07-05 19:00:00+00:00,2024-07-08 09:00:00+00:00,1,2391.215,2371.9159726360826,2372.090972636083,2439.911079142951,0.18,-325.78249255051503,-0.7358662456386097,"{'trail_atr_mult': 4.0, 'trail_atr_len': 14, 'tp_converts_to_trail': True, 'don_upper': 2389.93, 'don_lower': 2293.67, 'atr': 6.1076348928689, 'exit_reason': 'sl', 'signal_time': Timestamp('2024-07-05 18:00:00+0000', tz='UTC')}"
2024-07-11 13:00:00+00:00,2024-07-12 07:00:00+00:00,1,2407.2450000000003,2402.463914725076,2402.638914725076,2452.539305612358,0.18,-78.85953494863934,-0.18296716642280053,"{'trail_atr_mult': 4.0, 'trail_atr_len': 14, 'tp_converts_to_trail': True, 'don_upper': 2392.91, 'don_lower': 2293.67, 'atr': 5.769913201544757, 'exit_reason': 'sl', 'signal_time': Timestamp('2024-07-11 12:00:00+0000', tz='UTC')}"
2024-07-16 10:00:00+00:00,2024-07-17 17:00:00+00:00,1,2442.665,2453.969116382274,2454.144116382274,2485.9386805213985,0.2,234.08232764548123,0.5344506383727957,"{'trail_atr_mult': 4.0, 'trail_atr_len': 14, 'tp_converts_to_trail': True, 'don_upper': 2439.67, 'don_lower': 2296.54, 'atr': 5.431085065174867, 'exit_reason': 'sl', 'signal_time': Timestamp('2024-07-16 09:00:00+0000', tz='UTC')}"
2024-08-16 19:00:00+00:00,2024-08-20 16:00:00+00:00,1,2503.3650000000002,2506.0930652995376,2506.2680652995377,2565.6641504564627,0.14,60.59291419352249,0.13784931456435615,"{'trail_atr_mult': 4.0, 'trail_atr_len': 14, 'tp_converts_to_trail': True, 'don_upper': 2499.97, 'don_lower': 2364.06, 'atr': 7.808018807057871, 'exit_reason': 'sl', 'signal_time': Timestamp('2024-08-16 18:00:00+0000', tz='UTC')}"
2024-09-12 19:00:00+00:00,2024-09-17 11:00:00+00:00,1,2555.9350000000004,2571.2809244267137,2571.455924426714,2614.418198687649,0.15,260.1888664006992,0.5876169941594804,"{'trail_atr_mult': 4.0, 'trail_atr_len': 14, 'tp_converts_to_trail': True, 'don_upper': 2555.06, 'don_lower': 2471.77, 'atr': 7.333524835956094, 'exit_reason': 'sl', 'signal_time': Timestamp('2024-09-12 18:00:00+0000', tz='UTC')}"
2024-09-20 08:00:00+00:00,2024-09-24 18:00:00+00:00,1,2607.215,2653.245,2654.6045783168242,,0.18,857.3399999999953,1.9893670018292984,"{'trail_atr_mult': 4.0, 'trail_atr_len': 14, 'tp_converts_to_trail': True, 'don_upper': 2606.86, 'don_lower': 2471.77, 'atr': 5.944322289602982, 'exit_reason': 'sl_gap', 'signal_time': Timestamp('2024-09-20 07:00:00+0000', tz='UTC')}"
2024-09-24 20:00:00+00:00,2024-09-26 14:00:00+00:00,1,2662.7650000000003,2661.846720223158,2662.0217202231584,2717.0182070267642,0.16,10.90752357052552,0.02489019849900356,"{'trail_atr_mult': 4.0, 'trail_atr_len': 14, 'tp_converts_to_trail': True, 'don_upper': 2657.59, 'don_lower': 2485.02, 'atr': 6.803525878345521, 'exit_reason': 'sl', 'signal_time': Timestamp('2024-09-24 19:00:00+0000', tz='UTC')}"
2024-10-16 09:00:00+00:00,2024-10-21 00:00:00+00:00,1,2680.005,2722.5500232351224,2722.7250232351225,,0.2,906.9004647024449,2.0404994725837966,"{'trail_atr_mult': 4.0, 'trail_atr_len': 14, 'tp_converts_to_trail': True, 'don_upper': 2677.67, 'don_lower': 2604.77, 'atr': 5.411877904390339, 'exit_reason': 'sl', 'signal_time': Timestamp('2024-10-16 08:00:00+0000', tz='UTC')}"
2024-10-21 02:00:00+00:00,2024-10-21 16:00:00+00:00,1,2726.6150000000002,2717.4475062060474,2717.6225062060475,2770.73573098385,0.2,-183.34987587905744,-0.4104015129496946,"{'trail_atr_mult': 4.0, 'trail_atr_len': 14, 'tp_converts_to_trail': True, 'don_upper': 2725.84, 'don_lower': 2604.77, 'atr': 5.538216372981251, 'exit_reason': 'sl', 'signal_time': Timestamp('2024-10-21 01:00:00+0000', tz='UTC')}"
2024-10-22 18:00:00+00:00,2024-10-23 14:00:00+00:00,1,2746.915,2737.3544886466625,2737.5294886466627,2798.778919739372,0.17,-155.72869300673685,-0.34851434645238016,"{'trail_atr_mult': 4.0, 'trail_atr_len': 14, 'tp_converts_to_trail': True, 'don_upper': 2745.58, 'don_lower': 2604.77, 'atr': 6.512364967421541, 'exit_reason': 'sl', 'signal_time': Timestamp('2024-10-22 17:00:00+0000', tz='UTC')}"
2024-10-29 18:00:00+00:00,2024-10-31 13:00:00+00:00,1,2773.175,2769.329532788861,2769.504532788861,2827.1896800438612,0.16,-35.9274753782287,-0.08211667025070929,"{'trail_atr_mult': 4.0, 'trail_atr_len': 14, 'tp_converts_to_trail': True, 'don_upper': 2772.54, 'don_lower': 2616.5, 'atr': 6.779960005482655, 'exit_reason': 'sl', 'signal_time': Timestamp('2024-10-29 17:00:00+0000', tz='UTC')}"
2024-11-06 11:00:00+00:00,2024-11-07 13:00:00+00:00,-1,2698.285,2681.1226262560203,2680.94762625602,2601.8747640824113,0.09,149.06136369581563,0.3321601316173667,"{'trail_atr_mult': 4.0, 'trail_atr_len': 14, 'tp_converts_to_trail': True, 'don_upper': 2790.09, 'don_lower': 2701.5, 'atr': 12.189404489698546, 'exit_reason': 'sl', 'signal_time': Timestamp('2024-11-06 10:00:00+0000', tz='UTC')}"
2024-11-11 13:00:00+00:00,2024-11-13 13:00:00+00:00,-1,2635.365,2614.029965103563,2613.854965103563,2569.298273319285,0.13,272.15545365367853,0.6301773280829953,"{'trail_atr_mult': 4.0, 'trail_atr_len': 14, 'tp_converts_to_trail': True, 'don_upper': 2790.09, 'don_lower': 2643.33, 'atr': 8.273965835089394, 'exit_reason': 'sl', 'signal_time': Timestamp('2024-11-11 12:00:00+0000', tz='UTC')}"
2024-11-13 20:00:00+00:00,2024-11-14 15:00:00+00:00,-1,2573.4649999999997,2571.606426652967,2571.431426652967,2509.396915021985,0.14,17.620026858457642,0.03880707639666731,"{'trail_atr_mult': 4.0, 'trail_atr_len': 14, 'tp_converts_to_trail': True, 'don_upper': 2790.09, 'don_lower': 2577.56, 'atr': 8.0416356222519, 'exit_reason': 'sl', 'signal_time': Timestamp('2024-11-13 19:00:00+0000', tz='UTC')}"
2024-12-12 00:00:00+00:00,2024-12-12 13:00:00+00:00,1,2724.485,2697.8898362962354,2698.0648362962356,2779.3701716719424,0.16,-425.52261926023493,-0.9501637065216091,"{'trail_atr_mult': 4.0, 'trail_atr_len': 14, 'tp_converts_to_trail': True, 'don_upper': 2721.31, 'don_lower': 2604.86, 'atr': 6.906271458992842, 'exit_reason': 'sl', 'signal_time': Timestamp('2024-12-11 23:00:00+0000', tz='UTC')}"
2024-12-18 20:00:00+00:00,2024-12-19 01:00:00+00:00,-1,2592.145,2616.7753834719365,2616.6003834719363,2527.716980346267,0.13,-327.99498513517466,-0.7711819997137207,"{'trail_atr_mult': 4.0, 'trail_atr_len': 14, 'tp_converts_to_trail': True, 'don_upper': 2726.15, 'don_lower': 2604.14, 'atr': 8.095377456716609, 'exit_reason': 'sl', 'signal_time': Timestamp('2024-12-18 19:00:00+0000', tz='UTC')}"
2025-01-16 09:00:00+00:00,2025-01-17 09:00:00+00:00,1,2705.445,2706.4169595512867,2706.591959551287,2748.342145269904,0.2,27.439191025730906,0.06297415666766065,"{'trail_atr_mult': 4.0, 'trail_atr_len': 14, 'tp_converts_to_trail': True, 'don_upper': 2703.27, 'don_lower': 2596.09, 'atr': 5.3902681587380386, 'exit_reason': 'sl', 'signal_time': Timestamp('2025-01-16 08:00:00+0000', tz='UTC')}"
2025-01-21 15:00:00+00:00,2025-01-23 09:00:00+00:00,1,2739.0150000000003,2745.452176288633,2745.627176288633,2795.1318790262035,0.15,120.557644329489,0.28409011602143813,"{'trail_atr_mult': 4.0, 'trail_atr_len': 14, 'tp_converts_to_trail': True, 'don_upper': 2738.48, 'don_lower': 2614.45, 'atr': 7.033984878275446, 'exit_reason': 'sl', 'signal_time': Timestamp('2025-01-21 14:00:00+0000', tz='UTC')}"
2025-01-24 02:00:00+00:00,2025-01-27 01:00:00+00:00,1,2774.4550000000004,2764.0931278685553,2764.2681278685554,2822.4306811910596,0.18,-164.91369836601226,-0.3771040827939983,"{'trail_atr_mult': 4.0, 'trail_atr_len': 14, 'tp_converts_to_trail': True, 'don_upper': 2763.45, 'don_lower': 2632.98, 'atr': 6.022585148882445, 'exit_reason': 'sl', 'signal_time': Timestamp('2025-01-24 01:00:00+0000', tz='UTC')}"
2025-01-30 14:00:00+00:00,2025-02-02 23:00:00+00:00,1,2788.165,2793.741411470146,2793.916411470146,2829.613611333379,0.2,135.52822940292026,0.31457026281805683,"{'trail_atr_mult': 4.0, 'trail_atr_len': 14, 'tp_converts_to_trail': True, 'don_upper': 2786.01, 'don_lower': 2656.84, 'atr': 5.249201416672385, 'exit_reason': 'sl', 'signal_time': Timestamp('2025-01-30 13:00:00+0000', tz='UTC')}"
2025-02-03 14:00:00+00:00,2025-02-06 08:00:00+00:00,1,2829.5550000000003,2854.2314062853275,2854.4064062853276,2897.759963659113,0.13,346.7932817092533,0.7806971165039517,"{'trail_atr_mult': 4.0, 'trail_atr_len': 14, 'tp_converts_to_trail': True, 'don_upper': 2817.23, 'don_lower': 2676.79, 'atr': 8.53124545738908, 'exit_reason': 'sl', 'signal_time': Timestamp('2025-02-03 13:00:00+0000', tz='UTC')}"
2025-02-10 08:00:00+00:00,2025-02-11 10:00:00+00:00,1,2896.965,2902.200915363048,2902.375915363048,2958.504860058163,0.14,78.90281508266852,0.1806531934776026,"{'trail_atr_mult': 4.0, 'trail_atr_len': 14, 'tp_converts_to_trail': True, 'don_upper': 2896.51, 'don_lower': 2730.48, 'atr': 7.728107507270418, 'exit_reason': 'sl', 'signal_time': Timestamp('2025-02-10 07:00:00+0000', tz='UTC')}"
2025-02-19 09:00:00+00:00,2025-02-19 17:00:00+00:00,1,2945.7250000000004,2921.673967301875,2921.8489673018753,2997.146070425494,0.17,-408.86755586812933,-0.9260000805112443,"{'trail_atr_mult': 4.0, 'trail_atr_len': 14, 'tp_converts_to_trail': True, 'don_upper': 2942.58, 'don_lower': 2772.17, 'atr': 6.4495088031867605, 'exit_reason': 'sl', 'signal_time': Timestamp('2025-02-19 08:00:00+0000', tz='UTC')}"
2025-02-20 06:00:00+00:00,2025-02-20 14:00:00+00:00,1,2947.895,2929.274276661901,2929.449276661901,3000.1018977694252,0.17,-316.55229674768634,-0.7074487861231356,"{'trail_atr_mult': 4.0, 'trail_atr_len': 14, 'tp_converts_to_trail': True, 'don_upper': 2947.05, 'don_lower': 2772.17, 'atr': 6.543987221178169, 'exit_reason': 'sl', 'signal_time': Timestamp('2025-02-20 05:00:00+0000', tz='UTC')}"
2025-02-28 08:00:00+00:00,2025-03-02 23:00:00+00:00,-1,2855.7749999999996,2868.1024633985244,2867.927463398524,2789.8252673641114,0.13,-165.45702418082166,-0.38327229195671375,"{'trail_atr_mult': 4.0, 'trail_atr_len': 14, 'tp_converts_to_trail': True, 'don_upper': 2956.18, 'don_lower': 2856.98, 'atr': 8.263091579486058, 'exit_reason': 'sl', 'signal_time': Timestamp('2025-02-28 07:00:00+0000', tz='UTC')}"
2025-03-13 14:00:00+00:00,2025-03-18 13:00:00+00:00,1,2970.3250000000003,3031.6481243042963,3031.8231243042965,,0.14,886.5237402601443,2.0127139268566467,"{'trail_atr_mult': 4.0, 'trail_atr_len': 14, 'tp_converts_to_trail': True, 'don_upper': 2956.18, 'don_lower': 2832.57, 'atr': 7.7466405380370755, 'exit_reason': 'sl', 'signal_time': Timestamp('2025-03-13 13:00:00+0000', tz='UTC')}"
2025-03-19 05:00:00+00:00,2025-03-20 10:00:00+00:00,1,3044.6850000000004,3030.055407503688,3030.230407503688,3090.288071809263,0.19,-255.16225742993555,-0.5818957322050508,"{'trail_atr_mult': 4.0, 'trail_atr_len': 14, 'tp_converts_to_trail': True, 'don_upper': 3038.89, 'don_lower': 2832.57, 'atr': 5.723508976157868, 'exit_reason': 'sl', 'signal_time': Timestamp('2025-03-19 04:00:00+0000', tz='UTC')}"
2025-03-27 14:00:00+00:00,2025-03-31 08:00:00+00:00,1,3058.3450000000003,3119.1549999999997,3124.734411253677,,0.13,811.3299999999933,1.8220724434486317,"{'trail_atr_mult': 4.0, 'trail_atr_len': 14, 'tp_converts_to_trail': True, 'don_upper': 3057.26, 'don_lower': 2880.26, 'atr': 8.386801406709644, 'exit_reason': 'sl_gap', 'signal_time': Timestamp('2025-03-27 13:00:00+0000', tz='UTC')}"
2025-04-01 02:00:00+00:00,2025-04-01 16:00:00+00:00,1,3135.5550000000003,3114.207260132989,3114.3822601329894,3204.6872263924847,0.13,-277.5206182711445,-0.6145248155536661,"{'trail_atr_mult': 4.0, 'trail_atr_len': 14, 'tp_converts_to_trail': True, 'don_upper': 3127.94, 'don_lower': 2932.99, 'atr': 8.655903299060585, 'exit_reason': 'sl', 'signal_time': Timestamp('2025-04-01 01:00:00+0000', tz='UTC')}"
2025-04-10 23:00:00+00:00,2025-04-17 08:00:00+00:00,1,3188.9550000000004,3319.951192668272,3320.1261926682723,,0.06,807.5771560096306,2.043575236509358,"{'trail_atr_mult': 4.0, 'trail_atr_len': 14, 'tp_converts_to_trail': True, 'don_upper': 3176.45, 'don_lower': 2956.26, 'atr': 16.419524083534057, 'exit_reason': 'sl', 'signal_time': Timestamp('2025-04-10 22:00:00+0000', tz='UTC')}"
2025-04-21 01:00:00+00:00,2025-04-22 05:00:00+00:00,1,3368.5550000000003,3486.429853708379,3486.6048537083793,,0.07,827.9239759586519,2.012763257750739,"{'trail_atr_mult': 4.0, 'trail_atr_len': 14, 'tp_converts_to_trail': True, 'don_upper': 3357.65, 'don_lower': 2956.26, 'atr': 14.734356713547417, 'exit_reason': 'sl', 'signal_time': Timestamp('2025-04-21 00:00:00+0000', tz='UTC')}"
2025-05-14 13:00:00+00:00,2025-05-15 11:00:00+00:00,-1,3184.185,3178.376684713825,3178.2016847138248,3078.9349693252802,0.08,41.66652228940002,0.09745640251580814,"{'trail_atr_mult': 4.0, 'trail_atr_len': 14, 'tp_converts_to_trail': True, 'don_upper': 3437.85, 'don_lower': 3201.91, 'atr': 13.224378834339976, 'exit_reason': 'sl', 'signal_time': Timestamp('2025-05-14 12:00:00+0000', tz='UTC')}"
2025-06-02 14:00:00+00:00,2025-06-03 07:00:00+00:00,1,3374.1850000000004,3351.724362577184,3351.899362577184,3468.5639936629864,0.08,-176.48509938253193,-0.4226823797150572,"{'trail_atr_mult': 4.0, 'trail_atr_len': 14, 'tp_converts_to_trail': True, 'don_upper': 3365.87, 'don_lower': 3120.78, 'atr': 12.214249207873296, 'exit_reason': 'sl', 'signal_time': Timestamp('2025-06-02 13:00:00+0000', tz='UTC')}"
2025-06-05 11:00:00+00:00,2025-06-05 15:00:00+00:00,1,3399.775,3363.9671447248206,3364.142144724821,3477.2146113573185,0.11,-393.8864080269741,-0.930380930641091,"{'trail_atr_mult': 4.0, 'trail_atr_len': 14, 'tp_converts_to_trail': True, 'don_upper': 3392.24, 'don_lower': 3204.57, 'atr': 9.660576419664816, 'exit_reason': 'sl', 'signal_time': Timestamp('2025-06-05 10:00:00+0000', tz='UTC')}"
2025-06-13 01:00:00+00:00,2025-06-16 14:00:00+00:00,1,3415.9350000000004,3409.268426637488,3409.4434266374883,3514.5919850152877,0.09,-49.19916026261053,-0.11220160101735628,"{'trail_atr_mult': 4.0, 'trail_atr_len': 14, 'tp_converts_to_trail': True, 'don_upper': 3403.33, 'don_lower': 3245.52, 'atr': 12.281498126910938, 'exit_reason': 'sl', 'signal_time': Timestamp('2025-06-13 00:00:00+0000', tz='UTC')}"
2025-06-27 04:00:00+00:00,2025-06-30 06:00:00+00:00,-1,3294.1549999999997,3290.3015994436614,3290.1265994436612,3221.796113521712,0.12,39.040806676059944,0.08923953209673081,"{'trail_atr_mult': 4.0, 'trail_atr_len': 14, 'tp_converts_to_trail': True, 'don_upper': 3451.23, 'don_lower': 3295.5, 'atr': 9.067985809786036, 'exit_reason': 'sl', 'signal_time': Timestamp('2025-06-27 03:00:00+0000', tz='UTC')}"
2025-07-21 15:00:00+00:00,2025-07-23 14:00:00+00:00,1,3400.655,3411.3023263488894,3411.4773263488896,3446.929651341067,0.19,217.4992006288955,0.4848543360138463,"{'trail_atr_mult': 4.0, 'trail_atr_len': 14, 'tp_converts_to_trail': True, 'don_upper': 3396.7, 'don_lower': 3248.48, 'atr': 7.7649418901777905, 'exit_reason': 'sl', 'signal_time': Timestamp('2025-07-21 14:00:00+0000', tz='UTC')}"
2025-07-30 20:00:00+00:00,2025-07-31 06:00:00+00:00,-1,3269.035,3299.2753141395056,3299.1003141395054,3209.93937172099,0.14,-431.7643979530798,-1.0257772127842775,"{'trail_atr_mult': 4.0, 'trail_atr_len': 14, 'tp_converts_to_trail': True, 'don_upper': 3438.77, 'don_lower': 3274.64, 'atr': 9.906771379835023, 'exit_reason': 'sl', 'signal_time': Timestamp('2025-07-30 19:00:00+0000', tz='UTC')}"
2025-08-28 15:00:00+00:00,2025-08-29 21:00:00+00:00,1,3412.405,3452.555,3453.52311683234,,0.21,851.5499999999923,1.9517188163579946,"{'trail_atr_mult': 4.0, 'trail_atr_len': 14, 'tp_converts_to_trail': True, 'don_upper': 3410.36, 'don_lower': 3268.17, 'atr': 6.877186138723262, 'exit_reason': 'sl_gap', 'signal_time': Timestamp('2025-08-28 14:00:00+0000', tz='UTC')}"
2025-09-01 02:00:00+00:00,2025-09-02 03:00:00+00:00,1,3457.5150000000003,3497.615,3506.832199135112,,0.18,728.9999999999902,1.6270876218256214,"{'trail_atr_mult': 4.0, 'trail_atr_len': 14, 'tp_converts_to_trail': True, 'don_upper': 3453.88, 'don_lower': 3281.59, 'atr': 8.245366522518667, 'exit_reason': 'sl_gap', 'signal_time': Timestamp('2025-09-01 01:00:00+0000', tz='UTC')}"
2025-09-02 15:00:00+00:00,2025-09-04 03:00:00+00:00,1,3511.545,3541.4846640951005,3541.6596640951007,3579.716959685273,0.13,410.0156332363052,0.9075253539476187,"{'trail_atr_mult': 4.0, 'trail_atr_len': 14, 'tp_converts_to_trail': True, 'don_upper': 3508.69, 'don_lower': 3311.55, 'atr': 11.43615994754552, 'exit_reason': 'sl', 'signal_time': Timestamp('2025-09-02 14:00:00+0000', tz='UTC')}"
2025-09-05 14:00:00+00:00,2025-09-09 15:00:00+00:00,1,3594.465,3660.521137377666,3660.696137377666,,0.13,879.5297859096565,2.0370336150363966,"{'trail_atr_mult': 4.0, 'trail_atr_len': 14, 'tp_converts_to_trail': True, 'don_upper': 3586.81, 'don_lower': 3311.55, 'atr': 11.049356229611034, 'exit_reason': 'sl', 'signal_time': Timestamp('2025-09-05 13:00:00+0000', tz='UTC')}"
2025-09-15 16:00:00+00:00,2025-09-17 03:00:00+00:00,1,3680.7250000000004,3675.1481809618067,3675.323180961807,3735.4553056779155,0.16,-76.4291046110986,-0.17261876069462911,"{'trail_atr_mult': 4.0, 'trail_atr_len': 14, 'tp_converts_to_trail': True, 'don_upper': 3674.12, 'don_lower': 3311.55, 'atr': 9.15588427965259, 'exit_reason': 'sl', 'signal_time': Timestamp('2025-09-15 15:00:00+0000', tz='UTC')}"
2025-09-22 07:00:00+00:00,2025-09-23 15:00:00+00:00,1,3714.565,3771.330895933935,3771.5058959339353,,0.15,857.4884390090265,1.9802549179923536,"{'trail_atr_mult': 4.0, 'trail_atr_len': 14, 'tp_converts_to_trail': True, 'don_upper': 3707.42, 'don_lower': 3321.44, 'atr': 9.534315988989217, 'exit_reason': 'sl', 'signal_time': Timestamp('2025-09-22 06:00:00+0000', tz='UTC')}"
2025-09-29 03:00:00+00:00,2025-09-30 07:00:00+00:00,1,3793.085,3869.705,3870.2260727983066,,0.11,847.2199999999988,1.9787767637181175,"{'trail_atr_mult': 4.0, 'trail_atr_len': 14, 'tp_converts_to_trail': True, 'don_upper': 3791.18, 'don_lower': 3388.84, 'atr': 12.896012133051121, 'exit_reason': 'sl_gap', 'signal_time': Timestamp('2025-09-29 02:00:00+0000', tz='UTC')}"
2025-10-01 08:00:00+00:00,2025-10-02 15:00:00+00:00,1,3879.405,3853.572801832268,3853.747801832268,3955.2160474260586,0.12,-295.5863780127871,-0.6446021741884063,"{'trail_atr_mult': 4.0, 'trail_atr_len': 14, 'tp_converts_to_trail': True, 'don_upper': 3875.58, 'don_lower': 3467.16, 'atr': 12.669341237676466, 'exit_reason': 'sl', 'signal_time': Timestamp('2025-10-01 07:00:00+0000', tz='UTC')}"
2025-10-05 23:00:00+00:00,2025-10-06 18:00:00+00:00,1,3900.155,3953.8849999999998,3969.028594565789,,0.13,703.6899999999944,1.557953512752395,"{'trail_atr_mult': 4.0, 'trail_atr_len': 14, 'tp_converts_to_trail': True, 'don_upper': 3896.82, 'don_lower': 3524.59, 'atr': 11.513099094298148, 'exit_reason': 'sl_gap', 'signal_time': Timestamp('2025-10-05 22:00:00+0000', tz='UTC')}"
2025-10-07 13:00:00+00:00,2025-10-08 18:00:00+00:00,1,3979.425,4053.3080347457712,4053.4830347457714,,0.12,891.3964169492526,2.008924583044722,"{'trail_atr_mult': 4.0, 'trail_atr_len': 14, 'tp_converts_to_trail': True, 'don_upper': 3977.48, 'don_lower': 3579.64, 'atr': 12.337172457628572, 'exit_reason': 'sl', 'signal_time': Timestamp('2025-10-07 12:00:00+0000', tz='UTC')}"
2025-10-13 06:00:00+00:00,2025-10-14 07:00:00+00:00,1,4064.085,4106.8060718183515,4106.981071818352,4186.003157732199,0.07,301.8475027284602,0.7002267985384442,"{'trail_atr_mult': 4.0, 'trail_atr_len': 14, 'tp_converts_to_trail': True, 'don_upper': 4060.29, 'don_lower': 3613.51, 'atr': 20.38885962203315, 'exit_reason': 'sl', 'signal_time': Timestamp('2025-10-13 05:00:00+0000', tz='UTC')}"
2025-10-15 02:00:00+00:00,2025-10-16 19:00:00+00:00,1,4182.205,4293.455,4295.626475844497,,0.08,899.6,1.9557121063790102,"{'trail_atr_mult': 4.0, 'trail_atr_len': 14, 'tp_converts_to_trail': True, 'don_upper': 4179.6, 'don_lower': 3627.78, 'atr': 18.99107930741608, 'exit_reason': 'sl_gap', 'signal_time': Timestamp('2025-10-15 01:00:00+0000', tz='UTC')}"
2025-10-16 22:00:00+00:00,2025-10-17 02:00:00+00:00,1,4329.935,4292.813446082602,4292.988446082602,4440.4978947896425,0.07,-257.0508774217871,-0.5982760453871214,"{'trail_atr_mult': 4.0, 'trail_atr_len': 14, 'tp_converts_to_trail': True, 'don_upper': 4312.84, 'don_lower': 3627.78, 'atr': 19.104649131607143, 'exit_reason': 'sl', 'signal_time': Timestamp('2025-10-16 20:00:00+0000', tz='UTC')}"
2025-12-01 01:00:00+00:00,2025-12-02 01:00:00+00:00,1,4255.225,4209.014682230137,4209.189682230137,4346.920635539727,0.1,-458.10317769863656,-0.995112448204993,"{'trail_atr_mult': 4.0, 'trail_atr_len': 14, 'tp_converts_to_trail': True, 'don_upper': 4245.39, 'don_lower': 3928.9, 'atr': 15.303439256621232, 'exit_reason': 'sl', 'signal_time': Timestamp('2025-12-01 00:00:00+0000', tz='UTC')}"
2025-12-11 16:00:00+00:00,2025-12-12 15:00:00+00:00,1,4273.765,4294.910889040763,4295.0858890407635,4369.309865684715,0.09,193.91300136686695,0.44826628826110415,"{'trail_atr_mult': 4.0, 'trail_atr_len': 14, 'tp_converts_to_trail': True, 'don_upper': 4264.63, 'don_lower': 3998.36, 'atr': 15.956644280785884, 'exit_reason': 'sl', 'signal_time': Timestamp('2025-12-11 15:00:00+0000', tz='UTC')}"
2025-12-18 16:00:00+00:00,2025-12-19 01:00:00+00:00,1,4360.495,4316.262073007643,4316.437073007643,4448.055853984713,0.1,-438.32926992356624,-0.994893087002508,"{'trail_atr_mult': 4.0, 'trail_atr_len': 14, 'tp_converts_to_trail': True, 'don_upper': 4353.51, 'don_lower': 4022.61, 'atr': 14.624308997452205, 'exit_reason': 'sl', 'signal_time': Timestamp('2025-12-18 15:00:00+0000', tz='UTC')}"
2025-12-22 02:00:00+00:00,2025-12-23 14:00:00+00:00,1,4386.215,4457.918965740141,4458.093965740141,,0.13,937.3515546218334,1.9892404837832176,"{'trail_atr_mult': 4.0, 'trail_atr_len': 14, 'tp_converts_to_trail': True, 'don_upper': 4384.83, 'don_lower': 4022.61, 'atr': 12.013994290023488, 'exit_reason': 'sl', 'signal_time': Timestamp('2025-12-22 01:00:00+0000', tz='UTC')}"
2025-12-24 00:00:00+00:00,2025-12-24 14:00:00+00:00,1,4512.185,4466.540332277879,4466.7153322778795,4602.569335444241,0.1,-456.4466772212109,-1.0038487195699266,"{'trail_atr_mult': 4.0, 'trail_atr_len': 14, 'tp_converts_to_trail': True, 'don_upper': 4499.94, 'don_lower': 4039.89, 'atr': 15.094889240706827, 'exit_reason': 'sl', 'signal_time': Timestamp('2025-12-23 23:00:00+0000', tz='UTC')}"
2025-12-26 15:00:00+00:00,2025-12-29 00:00:00+00:00,1,4546.8150000000005,4497.36287829986,4497.5378782998605,4644.844243400281,0.09,-434.2690953012617,-0.9791992721036522,"{'trail_atr_mult': 4.0, 'trail_atr_len': 14, 'tp_converts_to_trail': True, 'don_upper': 4533.48, 'don_lower': 4122.14, 'atr': 16.367373900046715, 'exit_reason': 'sl', 'signal_time': Timestamp('2025-12-26 14:00:00+0000', tz='UTC')}"
2026-01-12 00:00:00+00:00,2026-01-13 20:00:00+00:00,1,4589.085,4570.082032082017,4570.257032082017,4709.645580061498,0.07,-130.22077542588357,-0.3072697493547121,"{'trail_atr_mult': 4.0, 'trail_atr_len': 14, 'tp_converts_to_trail': True, 'don_upper': 4549.92, 'don_lower': 4170.27, 'atr': 20.122596676916316, 'exit_reason': 'sl', 'signal_time': Timestamp('2026-01-11 23:00:00+0000', tz='UTC')}"
2026-01-18 23:00:00+00:00,2026-01-21 02:00:00+00:00,1,4672.695000000001,4818.819293368461,4818.9942933684615,,0.06,883.9457602107643,2.006810861997401,"{'trail_atr_mult': 4.0, 'trail_atr_len': 14, 'tp_converts_to_trail': True, 'don_upper': 4642.91, 'don_lower': 4271.54, 'atr': 24.412382228076844, 'exit_reason': 'sl', 'signal_time': Timestamp('2026-01-18 22:00:00+0000', tz='UTC')}"
2026-01-21 03:00:00+00:00,2026-01-21 17:00:00+00:00,1,4845.125,4806.949870411982,4807.124870411983,4962.568511009423,0.07,-267.22590711612344,-0.6472088061697788,"{'trail_atr_mult': 4.0, 'trail_atr_len': 14, 'tp_converts_to_trail': True, 'don_upper': 4844.13, 'don_lower': 4274.49, 'atr': 19.603085168237087, 'exit_reason': 'sl', 'signal_time': Timestamp('2026-01-21 02:00:00+0000', tz='UTC')}"
2026-01-22 17:00:00+00:00,2026-01-26 04:00:00+00:00,1,4904.695000000001,5058.104054565792,5058.279054565792,,0.05,775.0452728289547,2.011680040508133,"{'trail_atr_mult': 4.0, 'trail_atr_len': 14, 'tp_converts_to_trail': True, 'don_upper': 4888.43, 'don_lower': 4274.49, 'atr': 25.626509094298527, 'exit_reason': 'sl', 'signal_time': Timestamp('2026-01-22 16:00:00+0000', tz='UTC')}"
2026-01-27 20:00:00+00:00,2026-01-29 15:00:00+00:00,1,5176.885,5406.877531967744,5407.0525319677445,,0.04,926.3701278709764,2.536303698471908,"{'trail_atr_mult': 4.0, 'trail_atr_len': 14, 'tp_converts_to_trail': True, 'don_upper': 5111.03, 'don_lower': 4274.49, 'atr': 30.375347127235575, 'exit_reason': 'sl', 'signal_time': Timestamp('2026-01-27 19:00:00+0000', tz='UTC')}"
2026-03-18 21:00:00+00:00,2026-03-19 19:00:00+00:00,-1,4829.195,4650.869042858997,4650.694042858997,,0.06,1066.3557428460158,2.4573926662568586,"{'trail_atr_mult': 4.0, 'trail_atr_len': 14, 'tp_converts_to_trail': True, 'don_upper': 5419.26, 'don_lower': 4834.17, 'atr': 27.86932619016715, 'exit_reason': 'sl', 'signal_time': Timestamp('2026-03-18 19:00:00+0000', tz='UTC')}"
2026-03-20 18:00:00+00:00,2026-03-23 07:00:00+00:00,-1,4499.505,4220.415,4205.5063473171185,,0.03,835.4700000000004,1.8913141078791698,"{'trail_atr_mult': 4.0, 'trail_atr_len': 14, 'tp_converts_to_trail': True, 'don_upper': 5419.26, 'don_lower': 4502.57, 'atr': 49.027275447146884, 'exit_reason': 'sl_gap', 'signal_time': Timestamp('2026-03-20 17:00:00+0000', tz='UTC')}"
2026-05-27 11:00:00+00:00,2026-05-28 15:00:00+00:00,-1,4445.585,4443.425059838907,4443.250059838907,4330.686471579349,0.08,12.479521288743125,0.027029847076027978,"{'trail_atr_mult': 4.0, 'trail_atr_len': 14, 'tp_converts_to_trail': True, 'don_upper': 4773.42, 'don_lower': 4453.52, 'atr': 19.178921403441798, 'exit_reason': 'sl', 'signal_time': Timestamp('2026-05-27 10:00:00+0000', tz='UTC')}"
2026-06-05 14:00:00+00:00,2026-06-09 04:00:00+00:00,-1,4365.755,4341.953466288133,4341.778466288133,4235.66943365721,0.07,161.0107359830676,0.352215511438769,"{'trail_atr_mult': 4.0, 'trail_atr_len': 14, 'tp_converts_to_trail': True, 'don_upper': 4773.42, 'don_lower': 4366.52, 'atr': 21.710094390465105, 'exit_reason': 'sl', 'signal_time': Timestamp('2026-06-05 13:00:00+0000', tz='UTC')}"
2026-06-09 17:00:00+00:00,2026-06-10 17:00:00+00:00,-1,4251.8949999999995,4129.085,4112.948014847347,,0.06,735.6599999999968,1.7532998672394993,"{'trail_atr_mult': 4.0, 'trail_atr_len': 14, 'tp_converts_to_trail': True, 'don_upper': 4773.42, 'don_lower': 4263.08, 'atr': 23.20866419210882, 'exit_reason': 'sl_gap', 'signal_time': Timestamp('2026-06-09 16:00:00+0000', tz='UTC')}"
2026-06-10 22:00:00+00:00,2026-06-11 18:00:00+00:00,-1,4067.585,4132.147253774922,4131.972253774922,3912.167468415686,0.04,-260.6490150996891,-0.6489536135298087,"{'trail_atr_mult': 4.0, 'trail_atr_len': 14, 'tp_converts_to_trail': True, 'don_upper': 4773.42, 'don_lower': 4096.9, 'atr': 28.425421930718965, 'exit_reason': 'sl', 'signal_time': Timestamp('2026-06-10 19:00:00+0000', tz='UTC')}"
2026-06-24 13:00:00+00:00,2026-06-26 10:00:00+00:00,-1,3987.605,4046.337080410253,4046.1620804102527,3851.851334724074,0.06,-357.19248246151693,-0.8736815889665064,"{'trail_atr_mult': 4.0, 'trail_atr_len': 14, 'tp_converts_to_trail': True, 'don_upper': 4595.18, 'don_lower': 4023.74, 'atr': 22.65477754598766, 'exit_reason': 'sl', 'signal_time': Timestamp('2026-06-24 12:00:00+0000', tz='UTC')}"
2026-08-05 15:00:00+00:00,2026-08-06 17:00:00+00:00,1,4244.305,4223.637826116261,4223.812826116261,4373.364823556373,0.06,-116.80304330243669,-0.30045453394116955,"{'trail_atr_mult': 4.0, 'trail_atr_len': 14, 'tp_converts_to_trail': True, 'don_upper': 4213.31, 'don_lower': 3959.56, 'atr': 21.53913725939551, 'exit_reason': 'sl', 'signal_time': Timestamp('2026-08-05 14:00:00+0000', tz='UTC')}"
2026-08-07 09:00:00+00:00,2026-08-11 03:00:00+00:00,1,4306.175,4425.592488173446,4425.7674881734465,,0.07,847.1224172141231,2.0154887076771497,"{'trail_atr_mult': 4.0, 'trail_atr_len': 14, 'tp_converts_to_trail': True, 'don_upper': 4304.08, 'don_lower': 3959.56, 'atr': 19.959581362241018, 'exit_reason': 'sl', 'signal_time': Timestamp('2026-08-07 08:00:00+0000', tz='UTC')}"
2026-08-19 14:00:00+00:00,2026-08-20 13:00:00+00:00,1,4459.665,4457.165754181265,4457.340754181265,4586.211842874381,0.07,-9.09472073114703,-0.02052653297771382,"{'trail_atr_mult': 4.0, 'trail_atr_len': 14, 'tp_converts_to_trail': True, 'don_upper': 4449.63, 'don_lower': 3964.89, 'atr': 21.09364047906353, 'exit_reason': 'sl', 'signal_time': Timestamp('2026-08-19 13:00:00+0000', tz='UTC')}"
2026-08-21 06:00:00+00:00,2026-08-24 15:00:00+00:00,1,4553.745,4664.505,4672.7707630588175,,0.07,783.7200000000015,1.8725419898003426,"{'trail_atr_mult': 4.0, 'trail_atr_len': 14, 'tp_converts_to_trail': True, 'don_upper': 4547.93, 'don_lower': 3995.92, 'atr': 19.86846050980289, 'exit_reason': 'sl_gap', 'signal_time': Timestamp('2026-08-21 05:00:00+0000', tz='UTC')}"
2026-08-25 01:00:00+00:00,2026-08-25 14:00:00+00:00,1,4684.265,4611.233011929066,4611.408011929067,4830.0839761418665,0.06,-438.19192842560363,-1.0024019658873324,"{'trail_atr_mult': 4.0, 'trail_atr_len': 14, 'tp_converts_to_trail': True, 'don_upper': 4682.8, 'don_lower': 3995.92, 'atr': 24.297329356977755, 'exit_reason': 'sl', 'signal_time': Timestamp('2026-08-25 00:00:00+0000', tz='UTC')}"
