entry_time,exit_time,direction,entry,exit,sl,tp,lots,pnl,r_multiple,meta
2017-01-03 20:00:00+00:00,2017-01-04 00:00:00+00:00,1,1159.455,1156.785,1151.672061433799,,0.64,-145.2799999999901,-0.2916636153159154,"{'time_exit_bars': 2, 'atr': 3.7789692831005763, 'entry_hour_utc': 19, 'exit_reason': 'time_exit', 'signal_time': Timestamp('2017-01-03 19:00:00+0000', tz='UTC')}"
2017-01-04 20:00:00+00:00,2017-01-05 00:00:00+00:00,1,1163.715,1171.505,1157.695568879676,,0.82,737.1800000000155,1.493496614596459,"{'time_exit_bars': 2, 'atr': 2.922215560161963, 'entry_hour_utc': 19, 'exit_reason': 'time_exit', 'signal_time': Timestamp('2017-01-04 19:00:00+0000', tz='UTC')}"
2017-01-05 20:00:00+00:00,2017-01-06 00:00:00+00:00,1,1181.235,1178.335,1174.4711364365612,,0.74,-184.9999999999899,-0.36961124016654245,"{'time_exit_bars': 2, 'atr': 3.2694317817193355, 'entry_hour_utc': 19, 'exit_reason': 'time_exit', 'signal_time': Timestamp('2017-01-05 19:00:00+0000', tz='UTC')}"
2017-01-06 20:00:00+00:00,2017-01-09 00:00:00+00:00,1,1173.0449999999998,1173.935,1165.9533966316117,,0.7,146.300000000007,0.2947147339509384,"{'time_exit_bars': 2, 'atr': 3.4583016841940952, 'entry_hour_utc': 19, 'exit_reason': 'time_exit', 'signal_time': Timestamp('2017-01-06 19:00:00+0000', tz='UTC')}"
2017-01-09 20:00:00+00:00,2017-01-10 00:00:00+00:00,1,1182.605,1181.385,1177.1959494369905,,0.92,-75.4400000000025,-0.15159776941404587,"{'time_exit_bars': 2, 'atr': 2.6170252815047435, 'entry_hour_utc': 19, 'exit_reason': 'time_exit', 'signal_time': Timestamp('2017-01-09 19:00:00+0000', tz='UTC')}"
2017-01-10 20:00:00+00:00,2017-01-11 00:00:00+00:00,1,1187.355,1187.4850000000001,1180.5653745941318,,0.73,38.69000000000797,0.07806027112217868,"{'time_exit_bars': 2, 'atr': 3.307312702934157, 'entry_hour_utc': 19, 'exit_reason': 'time_exit', 'signal_time': Timestamp('2017-01-10 19:00:00+0000', tz='UTC')}"
2017-01-11 20:00:00+00:00,2017-01-12 00:00:00+00:00,1,1191.0349999999999,1194.285,1182.431395042138,,0.58,258.10000000001315,0.517225049475793,"{'time_exit_bars': 2, 'atr': 4.234302478930969, 'entry_hour_utc': 19, 'exit_reason': 'time_exit', 'signal_time': Timestamp('2017-01-11 19:00:00+0000', tz='UTC')}"
2017-01-12 20:00:00+00:00,2017-01-13 00:00:00+00:00,1,1195.5149999999999,1193.805,1188.614868371703,,0.73,-95.62999999998605,-0.18985145075024729,"{'time_exit_bars': 2, 'atr': 3.352565814148452, 'entry_hour_utc': 19, 'exit_reason': 'time_exit', 'signal_time': Timestamp('2017-01-12 19:00:00+0000', tz='UTC')}"
2017-01-13 20:00:00+00:00,2017-01-16 00:00:00+00:00,1,1198.305,1201.395,1191.8915997851661,,0.78,334.61999999999364,0.6689119431650822,"{'time_exit_bars': 2, 'atr': 3.1442001074169688, 'entry_hour_utc': 19, 'exit_reason': 'time_exit', 'signal_time': Timestamp('2017-01-13 19:00:00+0000', tz='UTC')}"
2017-01-17 20:00:00+00:00,2017-01-18 00:00:00+00:00,1,1215.745,1216.435,1209.1094716035623,,0.76,82.84000000000415,0.16426724970165704,"{'time_exit_bars': 2, 'atr': 3.2152641982188706, 'entry_hour_utc': 19, 'exit_reason': 'time_exit', 'signal_time': Timestamp('2017-01-17 19:00:00+0000', tz='UTC')}"
2017-01-18 20:00:00+00:00,2017-01-19 00:00:00+00:00,1,1205.705,1203.515,1199.7748394535865,,0.85,-84.14999999998531,-0.16694320368756077,"{'time_exit_bars': 2, 'atr': 2.8575802732067443, 'entry_hour_utc': 19, 'exit_reason': 'time_exit', 'signal_time': Timestamp('2017-01-18 19:00:00+0000', tz='UTC')}"
2017-01-19 20:00:00+00:00,2017-01-20 00:00:00+00:00,1,1204.745,1203.2450000000001,1197.8041693272999,,0.72,-79.19999999998362,-0.15848247160478054,"{'time_exit_bars': 2, 'atr': 3.372915336350063, 'entry_hour_utc': 19, 'exit_reason': 'time_exit', 'signal_time': Timestamp('2017-01-19 19:00:00+0000', tz='UTC')}"
2017-01-20 20:00:00+00:00,2017-01-23 00:00:00+00:00,1,1207.585,1214.9550000000002,1200.178658846973,,0.68,582.7600000000081,1.1571165603811486,"{'time_exit_bars': 2, 'atr': 3.605670576513598, 'entry_hour_utc': 19, 'exit_reason': 'time_exit', 'signal_time': Timestamp('2017-01-20 19:00:00+0000', tz='UTC')}"
2017-01-23 20:00:00+00:00,2017-01-24 00:00:00+00:00,1,1215.415,1217.7050000000002,1209.5842019853546,,0.87,234.03000000001663,0.4613433689940327,"{'time_exit_bars': 2, 'atr': 2.852899007322632, 'entry_hour_utc': 19, 'exit_reason': 'time_exit', 'signal_time': Timestamp('2017-01-23 19:00:00+0000', tz='UTC')}"
2017-01-24 20:00:00+00:00,2017-01-25 00:00:00+00:00,1,1209.975,1208.765,1204.8639468647204,,0.99,-80.1899999999811,-0.15848005852428296,"{'time_exit_bars': 2, 'atr': 2.453026567639796, 'entry_hour_utc': 19, 'exit_reason': 'time_exit', 'signal_time': Timestamp('2017-01-24 19:00:00+0000', tz='UTC')}"
2017-01-25 20:00:00+00:00,2017-01-26 00:00:00+00:00,1,1200.0449999999998,1201.345,1193.4434855906127,,0.77,192.50000000001398,0.3787009835872286,"{'time_exit_bars': 2, 'atr': 3.198257204693662, 'entry_hour_utc': 19, 'exit_reason': 'time_exit', 'signal_time': Timestamp('2017-01-25 19:00:00+0000', tz='UTC')}"
2017-01-26 20:00:00+00:00,2017-01-27 00:00:00+00:00,1,1189.065,1186.605,1182.8553051210592,,0.82,-168.92000000000294,-0.33173932699756276,"{'time_exit_bars': 2, 'atr': 3.0423474394703933, 'entry_hour_utc': 19, 'exit_reason': 'time_exit', 'signal_time': Timestamp('2017-01-26 19:00:00+0000', tz='UTC')}"
2017-01-27 20:00:00+00:00,2017-01-30 00:00:00+00:00,1,1190.885,1193.2250000000001,1185.6725273536113,,0.97,343.3800000000141,0.6791402545685687,"{'time_exit_bars': 2, 'atr': 2.543736323194389, 'entry_hour_utc': 19, 'exit_reason': 'time_exit', 'signal_time': Timestamp('2017-01-27 19:00:00+0000', tz='UTC')}"
2017-01-30 20:00:00+00:00,2017-01-31 00:00:00+00:00,1,1195.905,1196.175,1190.7153754786484,,0.98,65.65999999999822,0.1291037525438334,"{'time_exit_bars': 2, 'atr': 2.4973122606758174, 'entry_hour_utc': 19, 'exit_reason': 'time_exit', 'signal_time': Timestamp('2017-01-30 19:00:00+0000', tz='UTC')}"
2017-01-31 20:00:00+00:00,2017-02-01 00:00:00+00:00,1,1212.115,1211.095,1205.0986758148176,,0.72,-44.63999999999869,-0.08836535821838817,"{'time_exit_bars': 2, 'atr': 3.4506620925911373, 'entry_hour_utc': 19, 'exit_reason': 'time_exit', 'signal_time': Timestamp('2017-01-31 19:00:00+0000', tz='UTC')}"
2017-02-01 20:00:00+00:00,2017-02-02 00:00:00+00:00,1,1208.965,1212.915,1202.195944804567,,0.75,386.2500000000034,0.7608151878381457,"{'time_exit_bars': 2, 'atr': 3.2970275977165153, 'entry_hour_utc': 19, 'exit_reason': 'time_exit', 'signal_time': Timestamp('2017-02-01 19:00:00+0000', tz='UTC')}"
2017-02-02 20:00:00+00:00,2017-02-03 00:00:00+00:00,1,1215.735,1212.9550000000002,1209.2484085579777,,0.78,-185.63999999998015,-0.3669107298143263,"{'time_exit_bars': 2, 'atr': 3.215795721011233, 'entry_hour_utc': 19, 'exit_reason': 'time_exit', 'signal_time': Timestamp('2017-02-02 19:00:00+0000', tz='UTC')}"
2017-02-03 20:00:00+00:00,2017-02-06 00:00:00+00:00,1,1219.105,1223.4850000000001,1212.778419344831,,0.8,446.40000000000873,0.8819930234258695,"{'time_exit_bars': 2, 'atr': 3.0707903275845716, 'entry_hour_utc': 19, 'exit_reason': 'time_exit', 'signal_time': Timestamp('2017-02-03 19:00:00+0000', tz='UTC')}"
2017-02-06 20:00:00+00:00,2017-02-07 00:00:00+00:00,1,1235.055,1233.755,1230.4442575080325,,1.11,-99.89999999999495,-0.19519632717894184,"{'time_exit_bars': 2, 'atr': 2.287871245983806, 'entry_hour_utc': 19, 'exit_reason': 'time_exit', 'signal_time': Timestamp('2017-02-06 19:00:00+0000', tz='UTC')}"
2017-02-07 20:00:00+00:00,2017-02-08 00:00:00+00:00,1,1233.105,1231.595,1228.078054371478,,1.02,-113.21999999999906,-0.22081002700765878,"{'time_exit_bars': 2, 'atr': 2.4259728142610535, 'entry_hour_utc': 19, 'exit_reason': 'time_exit', 'signal_time': Timestamp('2017-02-07 19:00:00+0000', tz='UTC')}"
2017-02-08 20:00:00+00:00,2017-02-09 00:00:00+00:00,1,1240.5249999999999,1239.4750000000001,1234.7081638948268,,0.88,13.20000000002402,0.025787214438941306,"{'time_exit_bars': 2, 'atr': 2.820918052586513, 'entry_hour_utc': 19, 'exit_reason': 'time_exit', 'signal_time': Timestamp('2017-02-08 19:00:00+0000', tz='UTC')}"
2017-02-09 20:00:00+00:00,2017-02-09 21:00:00+00:00,1,1231.565,1225.2503532249532,1225.4253532249531,,0.83,-524.11568232889,-1.0285032684145934,"{'time_exit_bars': 2, 'atr': 2.9973233875234677, 'entry_hour_utc': 19, 'exit_reason': 'sl', 'signal_time': Timestamp('2017-02-09 19:00:00+0000', tz='UTC')}"
2017-02-10 20:00:00+00:00,2017-02-13 00:00:00+00:00,1,1234.135,1230.295,1228.1554484154137,,0.85,-224.39999999999304,-0.44150467851220754,"{'time_exit_bars': 2, 'atr': 2.9072757922932038, 'entry_hour_utc': 19, 'exit_reason': 'time_exit', 'signal_time': Timestamp('2017-02-10 19:00:00+0000', tz='UTC')}"
2017-02-13 20:00:00+00:00,2017-02-14 00:00:00+00:00,1,1226.0449999999998,1225.295,1221.6500158363012,,1.15,-40.24999999997385,-0.07963623689265568,"{'time_exit_bars': 2, 'atr': 2.129992081849394, 'entry_hour_utc': 19, 'exit_reason': 'time_exit', 'signal_time': Timestamp('2017-02-13 19:00:00+0000', tz='UTC')}"
2017-02-14 20:00:00+00:00,2017-02-15 00:00:00+00:00,1,1227.5349999999999,1225.545,1221.0337179502162,,0.78,-124.01999999998297,-0.24456714657575826,"{'time_exit_bars': 2, 'atr': 3.1631410248918685, 'entry_hour_utc': 19, 'exit_reason': 'time_exit', 'signal_time': Timestamp('2017-02-14 19:00:00+0000', tz='UTC')}"
2017-02-15 20:00:00+00:00,2017-02-16 00:00:00+00:00,1,1232.835,1233.9950000000001,1227.3395930479649,,0.92,217.12000000000756,0.429449542244742,"{'time_exit_bars': 2, 'atr': 2.665203476017643, 'entry_hour_utc': 19, 'exit_reason': 'time_exit', 'signal_time': Timestamp('2017-02-15 19:00:00+0000', tz='UTC')}"
2017-02-16 20:00:00+00:00,2017-02-17 00:00:00+00:00,1,1239.455,1238.025,1234.4196400787512,,1.01,-104.02999999998346,-0.20455340156586047,"{'time_exit_bars': 2, 'atr': 2.4601799606243904, 'entry_hour_utc': 19, 'exit_reason': 'time_exit', 'signal_time': Timestamp('2017-02-16 19:00:00+0000', tz='UTC')}"
2017-02-17 20:00:00+00:00,2017-02-20 00:00:00+00:00,1,1235.745,1235.585,1231.3158424051628,,1.14,118.56000000001657,0.23480763051024392,"{'time_exit_bars': 2, 'atr': 2.1270787974186116, 'entry_hour_utc': 19, 'exit_reason': 'time_exit', 'signal_time': Timestamp('2017-02-17 19:00:00+0000', tz='UTC')}"
2017-02-21 20:00:00+00:00,2017-02-22 00:00:00+00:00,1,1236.335,1236.185,1231.3849902782854,,1.02,25.499999999990727,0.050504951314178585,"{'time_exit_bars': 2, 'atr': 2.382504860857307, 'entry_hour_utc': 19, 'exit_reason': 'time_exit', 'signal_time': Timestamp('2017-02-21 19:00:00+0000', tz='UTC')}"
2017-02-22 20:00:00+00:00,2017-02-23 00:00:00+00:00,1,1238.085,1236.685,1232.7437484514319,,0.95,-19.000000000008654,-0.037444407585279484,"{'time_exit_bars': 2, 'atr': 2.583125774284101, 'entry_hour_utc': 19, 'exit_reason': 'time_exit', 'signal_time': Timestamp('2017-02-22 19:00:00+0000', tz='UTC')}"
2017-02-23 20:00:00+00:00,2017-02-24 00:00:00+00:00,1,1248.935,1248.085,1244.4755573251791,,1.14,-51.29999999998964,-0.10090947071496777,"{'time_exit_bars': 2, 'atr': 2.1422213374104233, 'entry_hour_utc': 19, 'exit_reason': 'time_exit', 'signal_time': Timestamp('2017-02-23 19:00:00+0000', tz='UTC')}"
2017-02-24 20:00:00+00:00,2017-02-27 00:00:00+00:00,1,1256.7949999999998,1255.915,1251.9380655753553,,1.04,33.28000000001228,0.06588518024381915,"{'time_exit_bars': 2, 'atr': 2.335967212322283, 'entry_hour_utc': 19, 'exit_reason': 'time_exit', 'signal_time': Timestamp('2017-02-24 19:00:00+0000', tz='UTC')}"
2017-02-27 20:00:00+00:00,2017-02-28 00:00:00+00:00,1,1251.245,1252.2050000000002,1245.7818008918478,,0.93,126.48000000002453,0.24893839178785987,"{'time_exit_bars': 2, 'atr': 2.6440995540760857, 'entry_hour_utc': 19, 'exit_reason': 'time_exit', 'signal_time': Timestamp('2017-02-27 19:00:00+0000', tz='UTC')}"
2017-02-28 20:00:00+00:00,2017-02-28 23:00:00+00:00,1,1251.7549999999999,1245.7940770002294,1245.9690770002294,,0.88,-524.5612239797993,-1.030245822491398,"{'time_exit_bars': 2, 'atr': 2.8004614998852704, 'entry_hour_utc': 19, 'exit_reason': 'sl', 'signal_time': Timestamp('2017-02-28 19:00:00+0000', tz='UTC')}"
2017-03-01 20:00:00+00:00,2017-03-02 00:00:00+00:00,1,1249.905,1247.595,1242.9434244049037,,0.72,-79.91999999999607,-0.15944666330734455,"{'time_exit_bars': 2, 'atr': 3.343287797548206, 'entry_hour_utc': 19, 'exit_reason': 'time_exit', 'signal_time': Timestamp('2017-03-01 19:00:00+0000', tz='UTC')}"
2017-03-02 20:00:00+00:00,2017-03-03 00:00:00+00:00,1,1235.065,1233.665,1229.0027415314835,,0.83,-83.00000000000755,-0.16495502545683927,"{'time_exit_bars': 2, 'atr': 2.948629234258264, 'entry_hour_utc': 19, 'exit_reason': 'time_exit', 'signal_time': Timestamp('2017-03-02 19:00:00+0000', tz='UTC')}"
2017-03-03 20:00:00+00:00,2017-03-06 00:00:00+00:00,1,1234.425,1235.065,1227.4479849090303,,0.72,132.4800000000072,0.26372309304327196,"{'time_exit_bars': 2, 'atr': 3.3510075454848924, 'entry_hour_utc': 19, 'exit_reason': 'time_exit', 'signal_time': Timestamp('2017-03-03 19:00:00+0000', tz='UTC')}"
2017-03-06 20:00:00+00:00,2017-03-07 00:00:00+00:00,1,1226.095,1224.345,1221.8195843834203,,1.18,-159.3,-0.3157587755363029,"{'time_exit_bars': 2, 'atr': 2.050207808289915, 'entry_hour_utc': 19, 'exit_reason': 'time_exit', 'signal_time': Timestamp('2017-03-06 19:00:00+0000', tz='UTC')}"
2017-03-07 20:00:00+00:00,2017-03-08 00:00:00+00:00,1,1215.915,1216.075,1211.2744905874679,,1.09,61.04000000000893,0.1206764064496357,"{'time_exit_bars': 2, 'atr': 2.232754706266105, 'entry_hour_utc': 19, 'exit_reason': 'time_exit', 'signal_time': Timestamp('2017-03-07 19:00:00+0000', tz='UTC')}"
2017-03-08 20:00:00+00:00,2017-03-09 00:00:00+00:00,1,1208.685,1207.7450000000001,1203.9474782855145,,1.06,27.56000000001832,0.05488101494188381,"{'time_exit_bars': 2, 'atr': 2.261260857242759, 'entry_hour_utc': 19, 'exit_reason': 'time_exit', 'signal_time': Timestamp('2017-03-08 19:00:00+0000', tz='UTC')}"
2017-03-09 20:00:00+00:00,2017-03-10 00:00:00+00:00,1,1202.135,1199.125,1197.4430182258243,,1.07,-279.2699999999991,-0.5562681454487368,"{'time_exit_bars': 2, 'atr': 2.233490887087889, 'entry_hour_utc': 19, 'exit_reason': 'time_exit', 'signal_time': Timestamp('2017-03-09 19:00:00+0000', tz='UTC')}"
2017-03-10 20:00:00+00:00,2017-03-13 00:00:00+00:00,1,1204.385,1204.555,1199.310984230635,,0.99,135.63000000000721,0.27000310252712334,"{'time_exit_bars': 2, 'atr': 2.4595078846824183, 'entry_hour_utc': 19, 'exit_reason': 'time_exit', 'signal_time': Timestamp('2017-03-10 19:00:00+0000', tz='UTC')}"
2017-03-13 22:00:00+00:00,2017-03-14 01:00:00+00:00,1,1202.245,1204.095,1199.7953486164354,,2.06,463.5000000000281,0.9184980422504595,"{'time_exit_bars': 2, 'atr': 1.9523256917822893, 'entry_hour_utc': 19, 'exit_reason': 'time_exit', 'signal_time': Timestamp('2017-03-13 19:00:00+0000', tz='UTC')}"
2017-03-14 22:00:00+00:00,2017-03-15 01:00:00+00:00,1,1199.2849999999999,1200.605,1194.3062134851339,,1.02,175.4400000000167,0.3454657063251205,"{'time_exit_bars': 2, 'atr': 2.081893257433119, 'entry_hour_utc': 19, 'exit_reason': 'time_exit', 'signal_time': Timestamp('2017-03-14 19:00:00+0000', tz='UTC')}"
2017-03-15 22:00:00+00:00,2017-03-16 01:00:00+00:00,1,1219.055,1224.545,1211.1528629599486,,0.64,428.1600000000006,0.8466064263492507,"{'time_exit_bars': 2, 'atr': 3.718568520025664, 'entry_hour_utc': 19, 'exit_reason': 'time_exit', 'signal_time': Timestamp('2017-03-15 19:00:00+0000', tz='UTC')}"
2017-03-16 22:00:00+00:00,2017-03-17 01:00:00+00:00,1,1226.605,1226.875,1220.8641632499,,0.89,59.62999999999838,0.11670772557472728,"{'time_exit_bars': 2, 'atr': 2.572918375049947, 'entry_hour_utc': 19, 'exit_reason': 'time_exit', 'signal_time': Timestamp('2017-03-16 19:00:00+0000', tz='UTC')}"
2017-03-19 22:00:00+00:00,2017-03-20 01:00:00+00:00,1,1230.705,1233.135,1225.485206506749,,0.97,274.5100000000062,0.5421670423665494,"{'time_exit_bars': 2, 'atr': 1.8823967466255536, 'entry_hour_utc': 19, 'exit_reason': 'time_exit', 'signal_time': Timestamp('2017-03-17 19:00:00+0000', tz='UTC')}"
2017-03-20 22:00:00+00:00,2017-03-21 01:00:00+00:00,1,1234.595,1230.8429095683982,1231.0179095683982,,1.43,-479.3489317190575,-0.937099717129799,"{'time_exit_bars': 2, 'atr': 1.5510452158008017, 'entry_hour_utc': 19, 'exit_reason': 'sl', 'signal_time': Timestamp('2017-03-20 19:00:00+0000', tz='UTC')}"
2017-03-21 22:00:00+00:00,2017-03-22 01:00:00+00:00,1,1245.5349999999999,1244.575,1239.847662732471,,0.89,-49.839999999983,-0.09846435575344901,"{'time_exit_bars': 2, 'atr': 2.5011686337644154, 'entry_hour_utc': 19, 'exit_reason': 'time_exit', 'signal_time': Timestamp('2017-03-21 19:00:00+0000', tz='UTC')}"
2017-03-22 22:00:00+00:00,2017-03-23 01:00:00+00:00,1,1247.605,1245.4550000000002,1244.5726118634668,,1.68,-159.59999999997703,-0.31328443366288783,"{'time_exit_bars': 2, 'atr': 2.1036940682665968, 'entry_hour_utc': 19, 'exit_reason': 'time_exit', 'signal_time': Timestamp('2017-03-22 19:00:00+0000', tz='UTC')}"
2017-03-23 22:00:00+00:00,2017-03-24 01:00:00+00:00,1,1244.955,1243.525,1239.9948907343028,,1.02,-105.05999999998329,-0.2076567157750036,"{'time_exit_bars': 2, 'atr': 2.68755463284856, 'entry_hour_utc': 19, 'exit_reason': 'time_exit', 'signal_time': Timestamp('2017-03-23 19:00:00+0000', tz='UTC')}"
2017-03-26 22:00:00+00:00,2017-03-27 01:00:00+00:00,1,1248.2649999999999,1254.605,1240.9924158062329,,0.69,465.06000000001006,0.9267682326423534,"{'time_exit_bars': 2, 'atr': 2.2887920968835123, 'entry_hour_utc': 19, 'exit_reason': 'time_exit', 'signal_time': Timestamp('2017-03-24 19:00:00+0000', tz='UTC')}"
2017-03-27 20:00:00+00:00,2017-03-28 00:00:00+00:00,1,1255.355,1252.755,1251.0870080785855,,1.19,-261.79999999998915,-0.5154648932116056,"{'time_exit_bars': 2, 'atr': 2.0514959607072583, 'entry_hour_utc': 19, 'exit_reason': 'time_exit', 'signal_time': Timestamp('2017-03-27 19:00:00+0000', tz='UTC')}"
2017-03-28 20:00:00+00:00,2017-03-29 00:00:00+00:00,1,1250.455,1249.895,1245.9728171855477,,1.13,-18.079999999993838,-0.03569689292548383,"{'time_exit_bars': 2, 'atr': 2.1685914072261596, 'entry_hour_utc': 19, 'exit_reason': 'time_exit', 'signal_time': Timestamp('2017-03-28 19:00:00+0000', tz='UTC')}"
2017-03-29 20:00:00+00:00,2017-03-30 00:00:00+00:00,1,1253.055,1252.375,1249.019060181132,,1.26,65.51999999999197,0.1288423572544224,"{'time_exit_bars': 2, 'atr': 1.9354699094339833, 'entry_hour_utc': 19, 'exit_reason': 'time_exit', 'signal_time': Timestamp('2017-03-29 19:00:00+0000', tz='UTC')}"
2017-03-30 20:00:00+00:00,2017-03-31 00:00:00+00:00,1,1244.555,1243.425,1239.9923035708975,,1.11,-81.03000000001211,-0.15999311182394405,"{'time_exit_bars': 2, 'atr': 2.2238482145513045, 'entry_hour_utc': 19, 'exit_reason': 'time_exit', 'signal_time': Timestamp('2017-03-30 19:00:00+0000', tz='UTC')}"
2017-03-31 20:00:00+00:00,2017-04-03 00:00:00+00:00,1,1247.415,1247.945,1242.9362573417538,,1.13,195.4899999999969,0.38626912328055996,"{'time_exit_bars': 2, 'atr': 2.1418713291230844, 'entry_hour_utc': 19, 'exit_reason': 'time_exit', 'signal_time': Timestamp('2017-03-31 19:00:00+0000', tz='UTC')}"
2017-04-03 20:00:00+00:00,2017-04-04 00:00:00+00:00,1,1253.2949999999998,1255.375,1249.4505723619625,,1.32,327.3600000000204,0.6450895252813845,"{'time_exit_bars': 2, 'atr': 1.8647138190188315, 'entry_hour_utc': 19, 'exit_reason': 'time_exit', 'signal_time': Timestamp('2017-04-03 19:00:00+0000', tz='UTC')}"
2017-04-04 20:00:00+00:00,2017-04-05 00:00:00+00:00,1,1256.365,1255.305,1252.4470299205689,,1.3,-85.7999999999929,-0.16845457893230567,"{'time_exit_bars': 2, 'atr': 1.8814850397155969, 'entry_hour_utc': 19, 'exit_reason': 'time_exit', 'signal_time': Timestamp('2017-04-04 19:00:00+0000', tz='UTC')}"
2017-04-05 20:00:00+00:00,2017-04-06 00:00:00+00:00,1,1256.375,1258.035,1250.3803274491283,,0.85,243.10000000000696,0.47709027903187534,"{'time_exit_bars': 2, 'atr': 2.9148362754358152, 'entry_hour_utc': 19, 'exit_reason': 'time_exit', 'signal_time': Timestamp('2017-04-05 19:00:00+0000', tz='UTC')}"
2017-04-06 20:00:00+00:00,2017-04-07 00:00:00+00:00,1,1251.835,1251.2150000000001,1247.970788348711,,1.32,-29.039999999985604,-0.0569326993065985,"{'time_exit_bars': 2, 'atr': 1.8446058256445066, 'entry_hour_utc': 19, 'exit_reason': 'time_exit', 'signal_time': Timestamp('2017-04-06 19:00:00+0000', tz='UTC')}"
2017-04-07 20:00:00+00:00,2017-04-10 00:00:00+00:00,1,1254.7549999999999,1254.835,1246.6094016523728,,0.62,79.36000000000959,0.15714008294713278,"{'time_exit_bars': 2, 'atr': 3.94029917381363, 'entry_hour_utc': 19, 'exit_reason': 'time_exit', 'signal_time': Timestamp('2017-04-07 19:00:00+0000', tz='UTC')}"
2017-04-10 20:00:00+00:00,2017-04-11 00:00:00+00:00,1,1254.595,1255.795,1250.1025153794337,,1.14,182.40000000000515,0.35615035668132283,"{'time_exit_bars': 2, 'atr': 2.148742310283132, 'entry_hour_utc': 19, 'exit_reason': 'time_exit', 'signal_time': Timestamp('2017-04-10 19:00:00+0000', tz='UTC')}"
2017-04-11 20:00:00+00:00,2017-04-12 00:00:00+00:00,1,1272.7549999999999,1275.885,1267.1236030028942,,0.91,321.2300000000099,0.6268426825198823,"{'time_exit_bars': 2, 'atr': 2.7031984985529127, 'entry_hour_utc': 19, 'exit_reason': 'time_exit', 'signal_time': Timestamp('2017-04-11 19:00:00+0000', tz='UTC')}"
2017-04-12 20:00:00+00:00,2017-04-13 00:00:00+00:00,1,1281.555,1286.935,1275.170541217945,,0.8,526.3999999999905,1.0306276889897588,"{'time_exit_bars': 2, 'atr': 3.1097293910275683, 'entry_hour_utc': 19, 'exit_reason': 'time_exit', 'signal_time': Timestamp('2017-04-12 19:00:00+0000', tz='UTC')}"
2017-04-13 20:00:00+00:00,2017-04-17 00:00:00+00:00,1,1288.0249999999999,1294.365,1283.265726278485,,1.08,857.5200000000159,1.6683217786164688,"{'time_exit_bars': 2, 'atr': 2.272136860757425, 'entry_hour_utc': 19, 'exit_reason': 'time_exit', 'signal_time': Timestamp('2017-04-13 19:00:00+0000', tz='UTC')}"
2017-04-17 20:00:00+00:00,2017-04-18 00:00:00+00:00,1,1283.975,1282.7450000000001,1278.4202543954898,,0.94,-78.01999999998034,-0.14942178437944686,"{'time_exit_bars': 2, 'atr': 2.7048728022550383, 'entry_hour_utc': 19, 'exit_reason': 'time_exit', 'signal_time': Timestamp('2017-04-17 19:00:00+0000', tz='UTC')}"
2017-04-18 20:00:00+00:00,2017-04-19 00:00:00+00:00,1,1290.2949999999998,1288.9750000000001,1284.187953834074,,0.85,-78.19999999997525,-0.1506456599481497,"{'time_exit_bars': 2, 'atr': 2.951023082962906, 'entry_hour_utc': 19, 'exit_reason': 'time_exit', 'signal_time': Timestamp('2017-04-18 19:00:00+0000', tz='UTC')}"
2017-04-19 20:00:00+00:00,2017-04-20 00:00:00+00:00,1,1279.095,1279.345,1272.5521033381074,,0.79,114.55,0.22161438196710875,"{'time_exit_bars': 2, 'atr': 3.178948330946304, 'entry_hour_utc': 19, 'exit_reason': 'time_exit', 'signal_time': Timestamp('2017-04-19 19:00:00+0000', tz='UTC')}"
2017-04-20 20:00:00+00:00,2017-04-21 00:00:00+00:00,1,1281.335,1280.755,1275.456896063715,,0.88,-15.839999999993601,-0.030622119300885993,"{'time_exit_bars': 2, 'atr': 2.846551968142506, 'entry_hour_utc': 19, 'exit_reason': 'time_exit', 'signal_time': Timestamp('2017-04-20 19:00:00+0000', tz='UTC')}"
2017-04-21 20:00:00+00:00,2017-04-23 23:00:00+00:00,1,1285.0049999999999,1268.2150000000001,1280.2238634173473,,1.09,-1742.9099999999714,-3.344393058758505,"{'time_exit_bars': 2, 'atr': 2.2780682913263113, 'entry_hour_utc': 19, 'exit_reason': 'sl_gap', 'signal_time': Timestamp('2017-04-21 19:00:00+0000', tz='UTC')}"
2017-04-24 20:00:00+00:00,2017-04-25 00:00:00+00:00,1,1276.2549999999999,1277.2150000000001,1270.672898725765,,0.92,125.12000000002428,0.24363585201822935,"{'time_exit_bars': 2, 'atr': 2.728550637117618, 'entry_hour_utc': 19, 'exit_reason': 'time_exit', 'signal_time': Timestamp('2017-04-24 19:00:00+0000', tz='UTC')}"
2017-04-25 20:00:00+00:00,2017-04-26 00:00:00+00:00,1,1263.865,1263.405,1259.076867023413,,1.07,-6.420000000003888,-0.012530980299298842,"{'time_exit_bars': 2, 'atr': 2.3165664882935735, 'entry_hour_utc': 19, 'exit_reason': 'time_exit', 'signal_time': Timestamp('2017-04-25 19:00:00+0000', tz='UTC')}"
2017-04-26 20:00:00+00:00,2017-04-27 00:00:00+00:00,1,1269.615,1267.2150000000001,1264.0287352925864,,0.92,-110.39999999998744,-0.21481259174978204,"{'time_exit_bars': 2, 'atr': 2.7106323537068038, 'entry_hour_utc': 19, 'exit_reason': 'time_exit', 'signal_time': Timestamp('2017-04-26 19:00:00+0000', tz='UTC')}"
2017-04-27 20:00:00+00:00,2017-04-28 00:00:00+00:00,1,1264.955,1263.755,1260.311177387292,,1.1,-87.99999999997999,-0.17227186882862366,"{'time_exit_bars': 2, 'atr': 2.204411306354058, 'entry_hour_utc': 19, 'exit_reason': 'time_exit', 'signal_time': Timestamp('2017-04-27 19:00:00+0000', tz='UTC')}"
2017-04-28 20:00:00+00:00,2017-05-01 00:00:00+00:00,1,1268.615,1269.9850000000001,1265.2000630742718,,1.5,385.50000000001774,0.7525761253854241,"{'time_exit_bars': 2, 'atr': 1.6199684628640982, 'entry_hour_utc': 19, 'exit_reason': 'time_exit', 'signal_time': Timestamp('2017-04-28 19:00:00+0000', tz='UTC')}"
2017-05-01 20:00:00+00:00,2017-05-02 00:00:00+00:00,1,1257.2849999999999,1256.435,1252.3155535586789,,1.03,-46.34999999999063,-0.09055334539037477,"{'time_exit_bars': 2, 'atr': 2.417223220660605, 'entry_hour_utc': 19, 'exit_reason': 'time_exit', 'signal_time': Timestamp('2017-05-01 19:00:00+0000', tz='UTC')}"
2017-05-02 20:00:00+00:00,2017-05-03 00:00:00+00:00,1,1256.905,1256.335,1253.5793504088433,,1.54,-26.179999999990187,-0.05111783287451226,"{'time_exit_bars': 2, 'atr': 1.555324795578367, 'entry_hour_utc': 19, 'exit_reason': 'time_exit', 'signal_time': Timestamp('2017-05-02 19:00:00+0000', tz='UTC')}"
2017-05-03 20:00:00+00:00,2017-05-04 00:00:00+00:00,1,1239.685,1237.9950000000001,1234.0327096357598,,0.91,-44.58999999998427,-0.08669052161578077,"{'time_exit_bars': 2, 'atr': 2.718645182120116, 'entry_hour_utc': 19, 'exit_reason': 'time_exit', 'signal_time': Timestamp('2017-05-03 19:00:00+0000', tz='UTC')}"
2017-05-04 20:00:00+00:00,2017-05-05 00:00:00+00:00,1,1227.7749999999999,1228.165,1221.9478846770903,,0.88,69.5200000000088,0.13557308483224656,"{'time_exit_bars': 2, 'atr': 2.8560576614548596, 'entry_hour_utc': 19, 'exit_reason': 'time_exit', 'signal_time': Timestamp('2017-05-04 19:00:00+0000', tz='UTC')}"
2017-05-05 20:00:00+00:00,2017-05-08 00:00:00+00:00,1,1229.435,1234.395,1224.1691089729832,,0.97,597.5200000000035,1.169792532431076,"{'time_exit_bars': 2, 'atr': 2.5454455135084144, 'entry_hour_utc': 19, 'exit_reason': 'time_exit', 'signal_time': Timestamp('2017-05-05 19:00:00+0000', tz='UTC')}"
2017-05-08 20:00:00+00:00,2017-05-09 00:00:00+00:00,1,1227.195,1227.555,1222.3118832926757,,1.06,80.5600000000135,0.1556383034753595,"{'time_exit_bars': 2, 'atr': 2.3440583536621635, 'entry_hour_utc': 19, 'exit_reason': 'time_exit', 'signal_time': Timestamp('2017-05-08 19:00:00+0000', tz='UTC')}"
2017-05-09 20:00:00+00:00,2017-05-10 00:00:00+00:00,1,1219.945,1223.2050000000002,1214.6401730040204,,0.97,355.0200000000212,0.6899376742680026,"{'time_exit_bars': 2, 'atr': 2.5549134979897588, 'entry_hour_utc': 19, 'exit_reason': 'time_exit', 'signal_time': Timestamp('2017-05-09 19:00:00+0000', tz='UTC')}"
2017-05-10 20:00:00+00:00,2017-05-11 00:00:00+00:00,1,1219.705,1217.4650000000001,1215.3105690204547,,1.18,-122.71999999997425,-0.23666317774489692,"{'time_exit_bars': 2, 'atr': 2.1297154897725568, 'entry_hour_utc': 19, 'exit_reason': 'time_exit', 'signal_time': Timestamp('2017-05-10 19:00:00+0000', tz='UTC')}"
2017-05-11 20:00:00+00:00,2017-05-12 00:00:00+00:00,1,1224.175,1224.7450000000001,1219.7183213255107,,1.16,112.520000000019,0.21765087206143063,"{'time_exit_bars': 2, 'atr': 2.135839337244677, 'entry_hour_utc': 19, 'exit_reason': 'time_exit', 'signal_time': Timestamp('2017-05-11 19:00:00+0000', tz='UTC')}"
2017-05-12 20:00:00+00:00,2017-05-15 00:00:00+00:00,1,1227.915,1229.535,1224.241668453408,,1.41,397.62000000001666,0.7676954732323197,"{'time_exit_bars': 2, 'atr': 1.7291657732960024, 'entry_hour_utc': 19, 'exit_reason': 'time_exit', 'signal_time': Timestamp('2017-05-12 19:00:00+0000', tz='UTC')}"
2017-05-15 20:00:00+00:00,2017-05-16 00:00:00+00:00,1,1231.0349999999999,1231.2050000000002,1226.7305270816157,,1.21,68.97000000003632,0.1324203940431047,"{'time_exit_bars': 2, 'atr': 2.1147364591921836, 'entry_hour_utc': 19, 'exit_reason': 'time_exit', 'signal_time': Timestamp('2017-05-15 19:00:00+0000', tz='UTC')}"
2017-05-16 20:00:00+00:00,2017-05-17 00:00:00+00:00,1,1236.565,1243.145,1232.6974680856829,,1.35,942.2999999999903,1.8047685590287572,"{'time_exit_bars': 2, 'atr': 1.8662659571585691, 'entry_hour_utc': 19, 'exit_reason': 'time_exit', 'signal_time': Timestamp('2017-05-16 19:00:00+0000', tz='UTC')}"
2017-05-17 20:00:00+00:00,2017-05-18 00:00:00+00:00,1,1259.0249999999999,1260.065,1252.7128824140027,,0.83,185.92000000001585,0.354872983508644,"{'time_exit_bars': 2, 'atr': 3.0535587929986474, 'entry_hour_utc': 19, 'exit_reason': 'time_exit', 'signal_time': Timestamp('2017-05-17 19:00:00+0000', tz='UTC')}"
2017-05-18 20:00:00+00:00,2017-05-19 00:00:00+00:00,1,1249.055,1248.2450000000001,1240.8614867901554,,0.64,-26.239999999996506,-0.050039584913016424,"{'time_exit_bars': 2, 'atr': 3.999256604922219, 'entry_hour_utc': 19, 'exit_reason': 'time_exit', 'signal_time': Timestamp('2017-05-18 19:00:00+0000', tz='UTC')}"
2017-05-19 20:00:00+00:00,2017-05-22 00:00:00+00:00,1,1255.065,1256.685,1249.812237277304,,1.0,281.9999999999891,0.5368603435702933,"{'time_exit_bars': 2, 'atr': 2.538881361348158, 'entry_hour_utc': 19, 'exit_reason': 'time_exit', 'signal_time': Timestamp('2017-05-19 19:00:00+0000', tz='UTC')}"
2017-05-22 20:00:00+00:00,2017-05-23 00:00:00+00:00,1,1260.2949999999998,1262.865,1256.4191609815,,1.36,403.92000000002236,0.7662856960322646,"{'time_exit_bars': 2, 'atr': 1.825419509249994, 'entry_hour_utc': 19, 'exit_reason': 'time_exit', 'signal_time': Timestamp('2017-05-22 19:00:00+0000', tz='UTC')}"
2017-05-23 20:00:00+00:00,2017-05-24 00:00:00+00:00,1,1251.955,1250.775,1246.4012602104565,,0.95,-74.09999999998443,-0.1404459030414815,"{'time_exit_bars': 2, 'atr': 2.7093698947717257, 'entry_hour_utc': 19, 'exit_reason': 'time_exit', 'signal_time': Timestamp('2017-05-23 19:00:00+0000', tz='UTC')}"
2017-05-24 20:00:00+00:00,2017-05-25 00:00:00+00:00,1,1257.2749999999999,1257.615,1252.2612802409071,,1.05,161.70000000001528,0.30715717550970933,"{'time_exit_bars': 2, 'atr': 2.4093598795463667, 'entry_hour_utc': 19, 'exit_reason': 'time_exit', 'signal_time': Timestamp('2017-05-24 19:00:00+0000', tz='UTC')}"
2017-05-25 20:00:00+00:00,2017-05-26 00:00:00+00:00,1,1256.115,1254.9750000000001,1252.224553781269,,1.36,-100.6399999999827,-0.190209543686028,"{'time_exit_bars': 2, 'atr': 1.8627231093655645, 'entry_hour_utc': 19, 'exit_reason': 'time_exit', 'signal_time': Timestamp('2017-05-25 19:00:00+0000', tz='UTC')}"
2017-05-26 20:00:00+00:00,2017-05-29 00:00:00+00:00,1,1267.345,1268.075,1262.4838780556995,,1.09,210.370000000002,0.39702768663577115,"{'time_exit_bars': 2, 'atr': 2.3330609721502364, 'entry_hour_utc': 19, 'exit_reason': 'time_exit', 'signal_time': Timestamp('2017-05-26 19:00:00+0000', tz='UTC')}"
2017-05-30 20:00:00+00:00,2017-05-31 00:00:00+00:00,1,1262.995,1262.155,1258.2292582411453,,1.11,-48.83999999999091,-0.09232560685488553,"{'time_exit_bars': 2, 'atr': 2.275370879427338, 'entry_hour_utc': 19, 'exit_reason': 'time_exit', 'signal_time': Timestamp('2017-05-30 19:00:00+0000', tz='UTC')}"
2017-05-31 20:00:00+00:00,2017-06-01 00:00:00+00:00,1,1268.205,1268.415,1263.2230362242772,,1.06,149.46000000000384,0.28302092577850585,"{'time_exit_bars': 2, 'atr': 2.383481887861369, 'entry_hour_utc': 19, 'exit_reason': 'time_exit', 'signal_time': Timestamp('2017-05-31 19:00:00+0000', tz='UTC')}"
2017-06-01 20:00:00+00:00,2017-06-02 00:00:00+00:00,1,1268.105,1264.555,1263.3494460880459,,1.12,-352.7999999999949,-0.6623834065011256,"{'time_exit_bars': 2, 'atr': 2.3102769559770926, 'entry_hour_utc': 19, 'exit_reason': 'time_exit', 'signal_time': Timestamp('2017-06-01 19:00:00+0000', tz='UTC')}"
2017-06-02 20:00:00+00:00,2017-06-05 00:00:00+00:00,1,1278.165,1279.615,1272.7926184535143,,0.98,259.7000000000045,0.49326355119612003,"{'time_exit_bars': 2, 'atr': 2.6236907732428705, 'entry_hour_utc': 19, 'exit_reason': 'time_exit', 'signal_time': Timestamp('2017-06-02 19:00:00+0000', tz='UTC')}"
2017-06-05 20:00:00+00:00,2017-06-06 00:00:00+00:00,1,1279.615,1280.2250000000001,1275.976626735034,,1.46,147.4600000000186,0.2775965868388031,"{'time_exit_bars': 2, 'atr': 1.7266866324830787, 'entry_hour_utc': 19, 'exit_reason': 'time_exit', 'signal_time': Timestamp('2017-06-05 19:00:00+0000', tz='UTC')}"
2017-06-06 20:00:00+00:00,2017-06-07 00:00:00+00:00,1,1293.955,1293.425,1288.6560415409394,,1.0,-12.999999999997272,-0.024533123066418965,"{'time_exit_bars': 2, 'atr': 2.551979229530229, 'entry_hour_utc': 19, 'exit_reason': 'time_exit', 'signal_time': Timestamp('2017-06-06 19:00:00+0000', tz='UTC')}"
2017-06-07 20:00:00+00:00,2017-06-08 00:00:00+00:00,1,1287.165,1284.355,1281.5446864082994,,0.94,-151.3399999999949,-0.28646088402921377,"{'time_exit_bars': 2, 'atr': 2.732656795850335, 'entry_hour_utc': 19, 'exit_reason': 'time_exit', 'signal_time': Timestamp('2017-06-07 19:00:00+0000', tz='UTC')}"
2017-06-08 20:00:00+00:00,2017-06-09 00:00:00+00:00,1,1278.495,1279.685,1272.3821857150297,,0.87,138.33000000000476,0.26010932540670156,"{'time_exit_bars': 2, 'atr': 2.9989071424852627, 'entry_hour_utc': 19, 'exit_reason': 'time_exit', 'signal_time': Timestamp('2017-06-08 19:00:00+0000', tz='UTC')}"
2017-06-09 20:00:00+00:00,2017-06-12 00:00:00+00:00,1,1267.435,1267.545,1261.6917319101735,,0.92,120.52000000001172,0.22809313086405494,"{'time_exit_bars': 2, 'atr': 2.7941340449132372, 'entry_hour_utc': 19, 'exit_reason': 'time_exit', 'signal_time': Timestamp('2017-06-09 19:00:00+0000', tz='UTC')}"
2017-06-12 20:00:00+00:00,2017-06-13 00:00:00+00:00,1,1265.2549999999999,1264.9550000000002,1260.6415148396925,,1.15,11.500000000031378,0.021675587224303537,"{'time_exit_bars': 2, 'atr': 2.2092425801536986, 'entry_hour_utc': 19, 'exit_reason': 'time_exit', 'signal_time': Timestamp('2017-06-12 19:00:00+0000', tz='UTC')}"
2017-06-13 20:00:00+00:00,2017-06-14 00:00:00+00:00,1,1266.835,1267.055,1262.5767158454387,,1.25,77.50000000000341,0.14559855037759775,"{'time_exit_bars': 2, 'atr': 2.0416420772807524, 'entry_hour_utc': 19, 'exit_reason': 'time_exit', 'signal_time': Timestamp('2017-06-13 19:00:00+0000', tz='UTC')}"
2017-06-14 20:00:00+00:00,2017-06-15 00:00:00+00:00,1,1260.055,1263.155,1251.8295560549811,,0.64,275.1999999999942,0.5227681361325011,"{'time_exit_bars': 2, 'atr': 4.015221972509339, 'entry_hour_utc': 19, 'exit_reason': 'time_exit', 'signal_time': Timestamp('2017-06-14 19:00:00+0000', tz='UTC')}"
2017-06-15 20:00:00+00:00,2017-06-16 00:00:00+00:00,1,1254.245,1253.605,1249.0438292585359,,1.02,-24.479999999987008,-0.046143457296369796,"{'time_exit_bars': 2, 'atr': 2.518085370732014, 'entry_hour_utc': 19, 'exit_reason': 'time_exit', 'signal_time': Timestamp('2017-06-15 19:00:00+0000', tz='UTC')}"
2017-06-16 20:00:00+00:00,2017-06-19 00:00:00+00:00,1,1254.225,1254.345,1250.920296278549,,1.62,213.84000000001916,0.3994306634606693,"{'time_exit_bars': 2, 'atr': 1.5648518607255515, 'entry_hour_utc': 19, 'exit_reason': 'time_exit', 'signal_time': Timestamp('2017-06-16 19:00:00+0000', tz='UTC')}"
2017-06-19 20:00:00+00:00,2017-06-20 00:00:00+00:00,1,1244.935,1243.545,1241.2176596379911,,1.44,-142.55999999998164,-0.26631943905854316,"{'time_exit_bars': 2, 'atr': 1.7511701810045093, 'entry_hour_utc': 19, 'exit_reason': 'time_exit', 'signal_time': Timestamp('2017-06-19 19:00:00+0000', tz='UTC')}"
2017-06-20 20:00:00+00:00,2017-06-21 00:00:00+00:00,1,1242.695,1244.615,1239.1363866910258,,1.5,348.0000000000109,0.6519393366369632,"{'time_exit_bars': 2, 'atr': 1.7118066544870685, 'entry_hour_utc': 19, 'exit_reason': 'time_exit', 'signal_time': Timestamp('2017-06-20 19:00:00+0000', tz='UTC')}"
2017-06-21 20:00:00+00:00,2017-06-22 00:00:00+00:00,1,1246.385,1248.665,1242.628905977739,,1.43,497.639999999996,0.9264943793672877,"{'time_exit_bars': 2, 'atr': 1.755547011130568, 'entry_hour_utc': 19, 'exit_reason': 'time_exit', 'signal_time': Timestamp('2017-06-21 19:00:00+0000', tz='UTC')}"
2017-06-22 20:00:00+00:00,2017-06-23 00:00:00+00:00,1,1250.2549999999999,1251.2150000000001,1246.2694438701135,,1.35,183.6000000000356,0.34123217831560965,"{'time_exit_bars': 2, 'atr': 1.8852780649432024, 'entry_hour_utc': 19, 'exit_reason': 'time_exit', 'signal_time': Timestamp('2017-06-22 19:00:00+0000', tz='UTC')}"
2017-06-23 20:00:00+00:00,2017-06-26 00:00:00+00:00,1,1255.955,1257.145,1252.9449973066069,,1.79,427.8100000000098,0.7940192230545475,"{'time_exit_bars': 2, 'atr': 1.4225013466965677, 'entry_hour_utc': 19, 'exit_reason': 'time_exit', 'signal_time': Timestamp('2017-06-23 19:00:00+0000', tz='UTC')}"
2017-06-26 20:00:00+00:00,2017-06-27 00:00:00+00:00,1,1244.405,1242.865,1238.0898460595713,,0.85,-96.89999999999691,-0.18051816483868333,"{'time_exit_bars': 2, 'atr': 3.0750769702143734, 'entry_hour_utc': 19, 'exit_reason': 'time_exit', 'signal_time': Timestamp('2017-06-26 19:00:00+0000', tz='UTC')}"
2017-06-27 20:00:00+00:00,2017-06-28 00:00:00+00:00,1,1249.185,1249.055,1244.6142312700276,,1.18,31.860000000013947,0.05907102633078388,"{'time_exit_bars': 2, 'atr': 2.1928843649861283, 'entry_hour_utc': 19, 'exit_reason': 'time_exit', 'signal_time': Timestamp('2017-06-27 19:00:00+0000', tz='UTC')}"
2017-06-28 20:00:00+00:00,2017-06-29 00:00:00+00:00,1,1250.2749999999999,1249.4850000000001,1245.9137155171315,,1.24,50.84000000003272,0.09400900161656424,"{'time_exit_bars': 2, 'atr': 2.0931422414342364, 'entry_hour_utc': 19, 'exit_reason': 'time_exit', 'signal_time': Timestamp('2017-06-28 19:00:00+0000', tz='UTC')}"
2017-06-29 20:00:00+00:00,2017-06-30 00:00:00+00:00,1,1244.375,1246.2150000000001,1238.7665223541,,0.96,215.04000000001398,0.3993953691939365,"{'time_exit_bars': 2, 'atr': 2.7167388229500373, 'entry_hour_utc': 19, 'exit_reason': 'time_exit', 'signal_time': Timestamp('2017-06-29 19:00:00+0000', tz='UTC')}"
2017-06-30 20:00:00+00:00,2017-06-30 21:00:00+00:00,1,1241.495,1241.255,1236.9737509987335,,1.2,-28.799999999973807,-0.05308267691794003,"{'time_exit_bars': 2, 'atr': 2.178124500633246, 'entry_hour_utc': 19, 'exit_reason': 'end_of_data', 'signal_time': Timestamp('2017-06-30 19:00:00+0000', tz='UTC')}"
2017-07-03 22:00:00+00:00,2017-07-04 00:00:00+00:00,1,1221.675,1223.165,1214.502870822319,,0.69,130.41000000000062,0.26352007237704544,"{'time_exit_bars': 1, 'atr': 2.4785645888405266, 'entry_hour_utc': 20, 'exit_reason': 'time_exit', 'signal_time': Timestamp('2017-07-03 20:00:00+0000', tz='UTC')}"
2017-07-05 22:00:00+00:00,2017-07-06 00:00:00+00:00,1,1227.085,1226.285,1221.2666261851991,,0.86,34.400000000003914,0.0687477313648217,"{'time_exit_bars': 1, 'atr': 2.7816869074004416, 'entry_hour_utc': 20, 'exit_reason': 'time_exit', 'signal_time': Timestamp('2017-07-05 20:00:00+0000', tz='UTC')}"
2017-07-06 22:00:00+00:00,2017-07-07 00:00:00+00:00,1,1224.965,1220.4279881310083,1220.6029881310083,,1.14,-471.6193530650438,-0.948418297162484,"{'time_exit_bars': 1, 'atr': 1.9985059344958742, 'entry_hour_utc': 20, 'exit_reason': 'sl', 'signal_time': Timestamp('2017-07-06 20:00:00+0000', tz='UTC')}"
2017-07-09 22:00:00+00:00,2017-07-10 00:00:00+00:00,1,1213.655,1213.115,1206.8766109651378,,0.73,-10.219999999997345,-0.020653875025455983,"{'time_exit_bars': 1, 'atr': 2.661694517431089, 'entry_hour_utc': 20, 'exit_reason': 'time_exit', 'signal_time': Timestamp('2017-07-07 20:00:00+0000', tz='UTC')}"
2017-07-10 22:00:00+00:00,2017-07-11 00:00:00+00:00,1,1214.575,1213.445,1209.3892453187023,,0.96,-70.08000000001047,-0.14077025329270268,"{'time_exit_bars': 1, 'atr': 2.430377340648835, 'entry_hour_utc': 20, 'exit_reason': 'time_exit', 'signal_time': Timestamp('2017-07-10 20:00:00+0000', tz='UTC')}"
2017-07-11 22:00:00+00:00,2017-07-12 00:00:00+00:00,1,1216.875,1217.695,1212.7537268697567,,1.2,146.39999999999236,0.2960250295102202,"{'time_exit_bars': 1, 'atr': 2.2281365651216607, 'entry_hour_utc': 20, 'exit_reason': 'time_exit', 'signal_time': Timestamp('2017-07-11 20:00:00+0000', tz='UTC')}"
2017-07-12 22:00:00+00:00,2017-07-13 00:00:00+00:00,1,1218.625,1218.815,1214.946438930633,,1.35,187.65000000000737,0.37786514177381947,"{'time_exit_bars': 1, 'atr': 2.5967805346836546, 'entry_hour_utc': 20, 'exit_reason': 'time_exit', 'signal_time': Timestamp('2017-07-12 20:00:00+0000', tz='UTC')}"
2017-07-13 22:00:00+00:00,2017-07-14 00:00:00+00:00,1,1217.565,1217.355,1213.9694184741265,,1.38,26.21999999999498,0.05284263439244501,"{'time_exit_bars': 1, 'atr': 1.7652907629367558, 'entry_hour_utc': 20, 'exit_reason': 'time_exit', 'signal_time': Timestamp('2017-07-13 20:00:00+0000', tz='UTC')}"
2017-07-16 22:00:00+00:00,2017-07-17 00:00:00+00:00,1,1229.725,1230.555,1224.4368653207846,,0.94,115.62000000001453,0.23259619404827048,"{'time_exit_bars': 1, 'atr': 2.186567339607684, 'entry_hour_utc': 20, 'exit_reason': 'time_exit', 'signal_time': Timestamp('2017-07-14 20:00:00+0000', tz='UTC')}"
2017-07-17 22:00:00+00:00,2017-07-18 00:00:00+00:00,1,1234.115,1232.625,1230.1536767312089,,1.26,-137.34000000000114,-0.27516057792795023,"{'time_exit_bars': 1, 'atr': 1.728161634395549, 'entry_hour_utc': 20, 'exit_reason': 'time_exit', 'signal_time': Timestamp('2017-07-17 20:00:00+0000', tz='UTC')}"
2017-07-18 22:00:00+00:00,2017-07-19 00:00:00+00:00,1,1242.965,1242.4550000000002,1238.1399218411334,,1.03,-11.329999999975641,-0.02279755816962852,"{'time_exit_bars': 1, 'atr': 1.9450390794333192, 'entry_hour_utc': 20, 'exit_reason': 'time_exit', 'signal_time': Timestamp('2017-07-18 20:00:00+0000', tz='UTC')}"
2017-07-19 22:00:00+00:00,2017-07-20 00:00:00+00:00,1,1241.225,1241.045,1237.3378383847294,,1.28,130.56000000002095,0.2624022618439992,"{'time_exit_bars': 1, 'atr': 1.8960808076354208, 'entry_hour_utc': 20, 'exit_reason': 'time_exit', 'signal_time': Timestamp('2017-07-19 20:00:00+0000', tz='UTC')}"
2017-07-20 22:00:00+00:00,2017-07-21 00:00:00+00:00,1,1244.395,1243.665,1239.7838420614496,,1.08,-35.640000000001976,-0.07156553828727917,"{'time_exit_bars': 1, 'atr': 2.418078969275112, 'entry_hour_utc': 20, 'exit_reason': 'time_exit', 'signal_time': Timestamp('2017-07-20 20:00:00+0000', tz='UTC')}"
2017-07-23 22:00:00+00:00,2017-07-24 00:00:00+00:00,1,1255.475,1255.935,1251.1429564663747,,1.15,98.90000000000418,0.19852062734936493,"{'time_exit_bars': 1, 'atr': 1.7785217668127042, 'entry_hour_utc': 20, 'exit_reason': 'time_exit', 'signal_time': Timestamp('2017-07-21 20:00:00+0000', tz='UTC')}"
2017-07-24 22:00:00+00:00,2017-07-25 00:00:00+00:00,1,1254.7949999999998,1253.405,1251.5273292989104,,1.53,-151.4699999999805,-0.3029681049775973,"{'time_exit_bars': 1, 'atr': 1.8913353505448018, 'entry_hour_utc': 20, 'exit_reason': 'time_exit', 'signal_time': Timestamp('2017-07-24 20:00:00+0000', tz='UTC')}"
2017-07-25 22:00:00+00:00,2017-07-26 00:00:00+00:00,1,1249.885,1246.4950000000001,1245.3029086865379,,1.09,-325.9099999999861,-0.652540465794581,"{'time_exit_bars': 1, 'atr': 2.2035456567310434, 'entry_hour_utc': 20, 'exit_reason': 'time_exit', 'signal_time': Timestamp('2017-07-25 20:00:00+0000', tz='UTC')}"
2017-07-26 22:00:00+00:00,2017-07-27 00:00:00+00:00,1,1260.2749999999999,1259.9950000000001,1255.5462628932246,,1.05,96.60000000002674,0.19455511677358658,"{'time_exit_bars': 1, 'atr': 2.6468685533876313, 'entry_hour_utc': 20, 'exit_reason': 'time_exit', 'signal_time': Timestamp('2017-07-26 20:00:00+0000', tz='UTC')}"
2017-07-27 22:00:00+00:00,2017-07-28 00:00:00+00:00,1,1259.335,1259.825,1253.1463534432933,,0.8,71.20000000000073,0.14381173522270335,"{'time_exit_bars': 1, 'atr': 2.636823278353405, 'entry_hour_utc': 20, 'exit_reason': 'time_exit', 'signal_time': Timestamp('2017-07-27 20:00:00+0000', tz='UTC')}"
2017-07-30 22:00:00+00:00,2017-07-31 00:00:00+00:00,1,1270.715,1269.9750000000001,1264.4417279497702,,0.79,-26.85999999998275,-0.05419819151432017,"{'time_exit_bars': 1, 'atr': 2.2341360251149602, 'entry_hour_utc': 20, 'exit_reason': 'time_exit', 'signal_time': Timestamp('2017-07-28 20:00:00+0000', tz='UTC')}"
2017-07-31 22:00:00+00:00,2017-08-01 00:00:00+00:00,1,1269.645,1267.275,1266.0279515842676,,1.37,-269.8899999999851,-0.5446429722730186,"{'time_exit_bars': 1, 'atr': 1.6710242078661819, 'entry_hour_utc': 20, 'exit_reason': 'time_exit', 'signal_time': Timestamp('2017-07-31 20:00:00+0000', tz='UTC')}"
2017-08-01 22:00:00+00:00,2017-08-02 00:00:00+00:00,1,1268.7849999999999,1267.425,1264.2445438603388,,1.09,-104.63999999998912,-0.21143250159697963,"{'time_exit_bars': 1, 'atr': 2.3377280698306104, 'entry_hour_utc': 20, 'exit_reason': 'time_exit', 'signal_time': Timestamp('2017-08-01 20:00:00+0000', tz='UTC')}"
2017-08-02 22:00:00+00:00,2017-08-03 00:00:00+00:00,1,1266.305,1261.3790704898684,1261.5540704898683,,1.04,-387.49666905369776,-0.7842527451072158,"{'time_exit_bars': 1, 'atr': 2.3129647550659227, 'entry_hour_utc': 20, 'exit_reason': 'sl', 'signal_time': Timestamp('2017-08-02 20:00:00+0000', tz='UTC')}"
2017-08-03 22:00:00+00:00,2017-08-04 00:00:00+00:00,1,1268.585,1268.9650000000001,1264.7454472307456,,1.28,99.84000000001397,0.2031486599809325,"{'time_exit_bars': 1, 'atr': 2.0522763846271257, 'entry_hour_utc': 20, 'exit_reason': 'time_exit', 'signal_time': Timestamp('2017-08-03 20:00:00+0000', tz='UTC')}"
2017-08-06 22:00:00+00:00,2017-08-07 00:00:00+00:00,1,1257.315,1257.115,1254.2800444834847,,1.63,32.59999999999259,0.06589882418757541,"{'time_exit_bars': 1, 'atr': 2.2249777582575896, 'entry_hour_utc': 20, 'exit_reason': 'time_exit', 'signal_time': Timestamp('2017-08-04 20:00:00+0000', tz='UTC')}"
2017-08-07 22:00:00+00:00,2017-08-08 00:00:00+00:00,1,1257.245,1257.415,1254.72649743623,,1.96,111.72000000001427,0.22632496317448025,"{'time_exit_bars': 1, 'atr': 1.4717512818850822, 'entry_hour_utc': 20, 'exit_reason': 'time_exit', 'signal_time': Timestamp('2017-08-07 20:00:00+0000', tz='UTC')}"
2017-08-08 22:00:00+00:00,2017-08-09 00:00:00+00:00,1,1261.085,1261.685,1255.40444477588,,0.87,86.9999999999921,0.17603913007549474,"{'time_exit_bars': 1, 'atr': 2.667777612060017, 'entry_hour_utc': 20, 'exit_reason': 'time_exit', 'signal_time': Timestamp('2017-08-08 20:00:00+0000', tz='UTC')}"
2017-08-09 22:00:00+00:00,2017-08-10 00:00:00+00:00,1,1277.495,1275.585,1272.157246042784,,0.93,-66.02999999998646,-0.13301474846738337,"{'time_exit_bars': 1, 'atr': 2.6163769786080158, 'entry_hour_utc': 20, 'exit_reason': 'time_exit', 'signal_time': Timestamp('2017-08-09 20:00:00+0000', tz='UTC')}"
2017-08-10 22:00:00+00:00,2017-08-11 00:00:00+00:00,1,1286.305,1286.315,1282.1193031018113,,1.18,48.37999999999892,0.09795262532683736,"{'time_exit_bars': 1, 'atr': 2.0653484490943246, 'entry_hour_utc': 20, 'exit_reason': 'time_exit', 'signal_time': Timestamp('2017-08-10 20:00:00+0000', tz='UTC')}"
2017-08-13 22:00:00+00:00,2017-08-14 00:00:00+00:00,1,1289.485,1288.605,1285.529845193648,,1.25,-59.99999999998522,-0.12136061001430755,"{'time_exit_bars': 1, 'atr': 2.440077403175984, 'entry_hour_utc': 20, 'exit_reason': 'time_exit', 'signal_time': Timestamp('2017-08-11 20:00:00+0000', tz='UTC')}"
2017-08-14 22:00:00+00:00,2017-08-15 00:00:00+00:00,1,1281.145,1278.895,1276.2444714229403,,1.01,-186.85,-0.37751029728919194,"{'time_exit_bars': 1, 'atr': 2.527764288529882, 'entry_hour_utc': 20, 'exit_reason': 'time_exit', 'signal_time': Timestamp('2017-08-14 20:00:00+0000', tz='UTC')}"
2017-08-15 22:00:00+00:00,2017-08-16 00:00:00+00:00,1,1271.5249999999999,1272.665,1267.1564597765387,,1.13,174.0200000000113,0.3525205036981341,"{'time_exit_bars': 1, 'atr': 2.1817701117306267, 'entry_hour_utc': 20, 'exit_reason': 'time_exit', 'signal_time': Timestamp('2017-08-15 20:00:00+0000', tz='UTC')}"
2017-08-16 22:00:00+00:00,2017-08-17 00:00:00+00:00,1,1283.825,1282.665,1278.2571241627636,,0.89,3.5599999999927263,0.007184068245992327,"{'time_exit_bars': 1, 'atr': 2.4114379186181165, 'entry_hour_utc': 20, 'exit_reason': 'time_exit', 'signal_time': Timestamp('2017-08-16 20:00:00+0000', tz='UTC')}"
2017-08-17 22:00:00+00:00,2017-08-18 00:00:00+00:00,1,1288.7649999999999,1288.275,1282.3637675548666,,0.77,-6.929999999983188,-0.014059792512019652,"{'time_exit_bars': 1, 'atr': 2.688116222566705, 'entry_hour_utc': 20, 'exit_reason': 'time_exit', 'signal_time': Timestamp('2017-08-17 20:00:00+0000', tz='UTC')}"
2017-08-20 22:00:00+00:00,2017-08-21 00:00:00+00:00,1,1283.165,1283.295,1278.0444311521983,,0.96,50.880000000010476,0.10350412537225127,"{'time_exit_bars': 1, 'atr': 3.2877844239007485, 'entry_hour_utc': 20, 'exit_reason': 'time_exit', 'signal_time': Timestamp('2017-08-18 20:00:00+0000', tz='UTC')}"
2017-08-21 22:00:00+00:00,2017-08-22 00:00:00+00:00,1,1290.925,1291.435,1287.5495891645912,,1.47,133.76999999999867,0.2695968118766197,"{'time_exit_bars': 1, 'atr': 2.0202054177043713, 'entry_hour_utc': 20, 'exit_reason': 'time_exit', 'signal_time': Timestamp('2017-08-21 20:00:00+0000', tz='UTC')}"
2017-08-22 22:00:00+00:00,2017-08-23 00:00:00+00:00,1,1284.725,1282.9750000000001,1280.5570852546557,,1.19,-160.64999999997292,-0.3239029784637026,"{'time_exit_bars': 1, 'atr': 2.2014573726721274, 'entry_hour_utc': 20, 'exit_reason': 'time_exit', 'signal_time': Timestamp('2017-08-22 20:00:00+0000', tz='UTC')}"
2017-08-23 22:00:00+00:00,2017-08-24 00:00:00+00:00,1,1290.5349999999999,1290.315,1286.7091150981946,,1.29,126.42000000002582,0.25614989084951,"{'time_exit_bars': 1, 'atr': 1.8654424509026981, 'entry_hour_utc': 20, 'exit_reason': 'time_exit', 'signal_time': Timestamp('2017-08-23 20:00:00+0000', tz='UTC')}"
2017-08-24 22:00:00+00:00,2017-08-25 00:00:00+00:00,1,1286.235,1286.395,1281.9502125310246,,1.16,64.9600000000095,0.13069493039149588,"{'time_exit_bars': 1, 'atr': 2.09989373448772, 'entry_hour_utc': 20, 'exit_reason': 'time_exit', 'signal_time': Timestamp('2017-08-24 20:00:00+0000', tz='UTC')}"
2017-08-27 22:00:00+00:00,2017-08-28 00:00:00+00:00,1,1292.655,1292.325,1285.183446788753,,0.66,4.620000000004804,0.00936886856332638,"{'time_exit_bars': 1, 'atr': 3.1432766056235146, 'entry_hour_utc': 20, 'exit_reason': 'time_exit', 'signal_time': Timestamp('2017-08-25 20:00:00+0000', tz='UTC')}"
2017-08-28 22:00:00+00:00,2017-08-29 00:00:00+00:00,1,1314.305,1317.2450000000001,1305.0680928492804,,0.53,177.02000000000288,0.36159289527337574,"{'time_exit_bars': 1, 'atr': 2.270953575359757, 'entry_hour_utc': 20, 'exit_reason': 'time_exit', 'signal_time': Timestamp('2017-08-28 20:00:00+0000', tz='UTC')}"
2017-08-29 22:00:00+00:00,2017-08-30 00:00:00+00:00,1,1310.415,1308.665,1302.509772700469,,0.63,-85.05,-0.17077307822383658,"{'time_exit_bars': 1, 'atr': 3.4851136497654287, 'entry_hour_utc': 20, 'exit_reason': 'time_exit', 'signal_time': Timestamp('2017-08-29 20:00:00+0000', tz='UTC')}"
2017-08-30 22:00:00+00:00,2017-08-31 00:00:00+00:00,1,1308.575,1306.9850000000001,1303.2025132252506,,0.92,-35.879999999992464,-0.07259208190756491,"{'time_exit_bars': 1, 'atr': 2.4737433873747285, 'entry_hour_utc': 20, 'exit_reason': 'time_exit', 'signal_time': Timestamp('2017-08-30 20:00:00+0000', tz='UTC')}"
2017-08-31 22:00:00+00:00,2017-09-01 00:00:00+00:00,1,1322.0249999999999,1320.9850000000001,1315.6154981767802,,0.77,-49.27999999997969,-0.09985175410688103,"{'time_exit_bars': 1, 'atr': 2.8972509116099427, 'entry_hour_utc': 20, 'exit_reason': 'time_exit', 'signal_time': Timestamp('2017-08-31 20:00:00+0000', tz='UTC')}"
2017-09-03 22:00:00+00:00,2017-09-04 00:00:00+00:00,1,1335.355,1335.855,1318.7597995440888,,0.29,26.099999999999998,0.05423254768094215,"{'time_exit_bars': 1, 'atr': 2.915100227955606, 'entry_hour_utc': 20, 'exit_reason': 'time_exit', 'signal_time': Timestamp('2017-09-01 20:00:00+0000', tz='UTC')}"
2017-09-05 22:00:00+00:00,2017-09-06 00:00:00+00:00,1,1339.7849999999999,1341.355,1333.2708807023434,,0.76,149.72000000001245,0.30242000644798034,"{'time_exit_bars': 1, 'atr': 3.339559648828306, 'entry_hour_utc': 20, 'exit_reason': 'time_exit', 'signal_time': Timestamp('2017-09-05 20:00:00+0000', tz='UTC')}"
2017-09-06 22:00:00+00:00,2017-09-07 00:00:00+00:00,1,1334.225,1333.165,1328.9358532929518,,0.94,13.160000000005112,0.026469297932972206,"{'time_exit_bars': 1, 'atr': 2.5370733535240646, 'entry_hour_utc': 20, 'exit_reason': 'time_exit', 'signal_time': Timestamp('2017-09-06 20:00:00+0000', tz='UTC')}"
2017-09-07 22:00:00+00:00,2017-09-08 00:00:00+00:00,1,1348.7549999999999,1348.605,1343.2212810855808,,0.9,22.500000000012285,0.04517757476779637,"{'time_exit_bars': 1, 'atr': 3.0443594572095694, 'entry_hour_utc': 20, 'exit_reason': 'time_exit', 'signal_time': Timestamp('2017-09-07 20:00:00+0000', tz='UTC')}"
2017-09-10 22:00:00+00:00,2017-09-10 23:00:00+00:00,1,1339.105,1338.755,1340.4642742846306,,3.66,-128.0999999999667,-0.25749034168995977,"{'time_exit_bars': 1, 'atr': 3.007862857684714, 'entry_hour_utc': 20, 'exit_reason': 'sl_gap', 'signal_time': Timestamp('2017-09-08 20:00:00+0000', tz='UTC')}"
2017-09-11 22:00:00+00:00,2017-09-12 00:00:00+00:00,1,1327.625,1327.055,1322.6953973339128,,1.01,-17.169999999993564,-0.03448553798654722,"{'time_exit_bars': 1, 'atr': 2.2773013330436496, 'entry_hour_utc': 20, 'exit_reason': 'time_exit', 'signal_time': Timestamp('2017-09-11 20:00:00+0000', tz='UTC')}"
2017-09-12 22:00:00+00:00,2017-09-13 00:00:00+00:00,1,1333.385,1330.645,1326.7937893038827,,0.75,-175.50000000000068,-0.3550182368435655,"{'time_exit_bars': 1, 'atr': 2.2331053480586305, 'entry_hour_utc': 20, 'exit_reason': 'time_exit', 'signal_time': Timestamp('2017-09-12 20:00:00+0000', tz='UTC')}"
2017-09-13 22:00:00+00:00,2017-09-14 00:00:00+00:00,1,1323.245,1322.025,1318.0899495772383,,0.96,-1.9199999999808028,-0.003879690470434962,"{'time_exit_bars': 1, 'atr': 2.455025211380846, 'entry_hour_utc': 20, 'exit_reason': 'time_exit', 'signal_time': Timestamp('2017-09-13 20:00:00+0000', tz='UTC')}"
2017-09-14 22:00:00+00:00,2017-09-15 00:00:00+00:00,1,1330.7549999999999,1333.615,1323.276763893552,,0.66,215.1600000000084,0.43593167607924255,"{'time_exit_bars': 1, 'atr': 3.141618053224009, 'entry_hour_utc': 20, 'exit_reason': 'time_exit', 'signal_time': Timestamp('2017-09-14 20:00:00+0000', tz='UTC')}"
2017-09-17 22:00:00+00:00,2017-09-18 00:00:00+00:00,1,1318.5049999999999,1314.8993000763926,1315.0743000763925,,1.45,-464.826488923057,-0.9344157154486828,"{'time_exit_bars': 1, 'atr': 2.607849961803715, 'entry_hour_utc': 20, 'exit_reason': 'sl', 'signal_time': Timestamp('2017-09-15 20:00:00+0000', tz='UTC')}"
2017-09-18 22:00:00+00:00,2017-09-19 00:00:00+00:00,1,1307.845,1308.615,1302.3624016539666,,0.9,105.29999999999836,0.21340246469932495,"{'time_exit_bars': 1, 'atr': 2.4137991730167405, 'entry_hour_utc': 20, 'exit_reason': 'time_exit', 'signal_time': Timestamp('2017-09-18 20:00:00+0000', tz='UTC')}"
2017-09-19 22:00:00+00:00,2017-09-20 00:00:00+00:00,1,1310.805,1310.595,1306.45517796847,,1.14,21.65999999999585,0.04367994796631522,"{'time_exit_bars': 1, 'atr': 2.222411015765084, 'entry_hour_utc': 20, 'exit_reason': 'time_exit', 'signal_time': Timestamp('2017-09-19 20:00:00+0000', tz='UTC')}"
2017-09-20 22:00:00+00:00,2017-09-21 00:00:00+00:00,1,1301.585,1298.685,1293.2871200775187,,0.59,-100.30000000000537,-0.20487160767346152,"{'time_exit_bars': 1, 'atr': 3.396439961240647, 'entry_hour_utc': 20, 'exit_reason': 'time_exit', 'signal_time': Timestamp('2017-09-20 20:00:00+0000', tz='UTC')}"
2017-09-21 22:00:00+00:00,2017-09-22 00:00:00+00:00,1,1291.805,1291.655,1285.9916116929382,,0.85,21.24999999999227,0.04300418048734531,"{'time_exit_bars': 1, 'atr': 2.6141941535308595, 'entry_hour_utc': 20, 'exit_reason': 'time_exit', 'signal_time': Timestamp('2017-09-21 20:00:00+0000', tz='UTC')}"
2017-09-24 22:00:00+00:00,2017-09-24 23:00:00+00:00,1,1296.145,1292.6271965151639,1292.8021965151638,,1.48,-520.6349157557461,-1.0523512676691287,"{'time_exit_bars': 1, 'atr': 2.043901742418135, 'entry_hour_utc': 20, 'exit_reason': 'sl', 'signal_time': Timestamp('2017-09-22 20:00:00+0000', tz='UTC')}"
2017-09-25 22:00:00+00:00,2017-09-26 00:00:00+00:00,1,1309.725,1308.095,1304.2339131973072,,0.89,-109.46999999998948,-0.22399937283757942,"{'time_exit_bars': 1, 'atr': 3.023043401346364, 'entry_hour_utc': 20, 'exit_reason': 'time_exit', 'signal_time': Timestamp('2017-09-25 20:00:00+0000', tz='UTC')}"
2017-09-26 22:00:00+00:00,2017-09-27 00:00:00+00:00,1,1293.435,1293.025,1287.0664792969978,,0.77,-0.7699999999887908,-0.0015702233636675548,"{'time_exit_bars': 1, 'atr': 3.366760351501059, 'entry_hour_utc': 20, 'exit_reason': 'time_exit', 'signal_time': Timestamp('2017-09-26 20:00:00+0000', tz='UTC')}"
2017-09-27 22:00:00+00:00,2017-09-28 00:00:00+00:00,1,1283.395,1283.295,1275.8833014172455,,0.65,71.50000000000591,0.14643825066749902,"{'time_exit_bars': 1, 'atr': 3.1383492913772972, 'entry_hour_utc': 20, 'exit_reason': 'time_exit', 'signal_time': Timestamp('2017-09-27 20:00:00+0000', tz='UTC')}"
2017-09-28 22:00:00+00:00,2017-09-29 00:00:00+00:00,1,1286.805,1286.685,1281.7927040072589,,0.98,27.439999999988416,0.05586262271928421,"{'time_exit_bars': 1, 'atr': 2.5936479963705397, 'entry_hour_utc': 20, 'exit_reason': 'time_exit', 'signal_time': Timestamp('2017-09-28 20:00:00+0000', tz='UTC')}"
2017-10-01 22:00:00+00:00,2017-10-02 00:00:00+00:00,1,1279.125,1277.655,1273.5831087068311,,0.89,-95.23000000000243,-0.19307488064930942,"{'time_exit_bars': 1, 'atr': 2.8934456465843614, 'entry_hour_utc': 20, 'exit_reason': 'time_exit', 'signal_time': Timestamp('2017-09-29 20:00:00+0000', tz='UTC')}"
2017-10-02 22:00:00+00:00,2017-10-03 00:00:00+00:00,1,1270.845,1270.825,1266.3565388252343,,1.09,41.42000000000199,0.08466153213854086,"{'time_exit_bars': 1, 'atr': 2.296730587382806, 'entry_hour_utc': 20, 'exit_reason': 'time_exit', 'signal_time': Timestamp('2017-10-02 20:00:00+0000', tz='UTC')}"
2017-10-03 22:00:00+00:00,2017-10-04 00:00:00+00:00,1,1271.615,1272.185,1268.081889481636,,1.39,134.82999999999112,0.27454561496396945,"{'time_exit_bars': 1, 'atr': 1.7290552591819819, 'entry_hour_utc': 20, 'exit_reason': 'time_exit', 'signal_time': Timestamp('2017-10-03 20:00:00+0000', tz='UTC')}"
2017-10-04 22:00:00+00:00,2017-10-05 00:00:00+00:00,1,1275.145,1273.7050000000002,1269.9132743505045,,0.94,-22.559999999983745,-0.04587396512716037,"{'time_exit_bars': 1, 'atr': 2.3633628247477674, 'entry_hour_utc': 20, 'exit_reason': 'time_exit', 'signal_time': Timestamp('2017-10-04 20:00:00+0000', tz='UTC')}"
2017-10-05 22:00:00+00:00,2017-10-06 00:00:00+00:00,1,1268.895,1268.785,1263.4241352720803,,0.9,26.10000000000901,0.053008073572013696,"{'time_exit_bars': 1, 'atr': 2.072932363959768, 'entry_hour_utc': 20, 'exit_reason': 'time_exit', 'signal_time': Timestamp('2017-10-05 20:00:00+0000', tz='UTC')}"
2017-10-08 22:00:00+00:00,2017-10-09 00:00:00+00:00,1,1276.085,1276.375,1270.4447623067344,,0.87,60.02999999999683,0.12233526981031659,"{'time_exit_bars': 1, 'atr': 2.8626188466327767, 'entry_hour_utc': 20, 'exit_reason': 'time_exit', 'signal_time': Timestamp('2017-10-06 20:00:00+0000', tz='UTC')}"
2017-10-09 22:00:00+00:00,2017-10-10 00:00:00+00:00,1,1283.905,1282.935,1279.3624436299926,,1.08,-61.56000000000296,-0.12548000587587807,"{'time_exit_bars': 1, 'atr': 2.28877818500369, 'entry_hour_utc': 20, 'exit_reason': 'time_exit', 'signal_time': Timestamp('2017-10-09 20:00:00+0000', tz='UTC')}"
2017-10-10 22:00:00+00:00,2017-10-11 00:00:00+00:00,1,1288.0249999999999,1289.345,1283.6640651987057,,1.13,194.36000000001846,0.3944108495934666,"{'time_exit_bars': 1, 'atr': 2.1279674006472455, 'entry_hour_utc': 20, 'exit_reason': 'time_exit', 'signal_time': Timestamp('2017-10-10 20:00:00+0000', tz='UTC')}"
2017-10-11 22:00:00+00:00,2017-10-12 00:00:00+00:00,1,1291.705,1292.125,1286.5455614263612,,0.95,153.90000000000688,0.31398765134586565,"{'time_exit_bars': 1, 'atr': 2.3872192868192985, 'entry_hour_utc': 20, 'exit_reason': 'time_exit', 'signal_time': Timestamp('2017-10-11 20:00:00+0000', tz='UTC')}"
2017-10-12 22:00:00+00:00,2017-10-13 00:00:00+00:00,1,1293.835,1293.675,1289.3066043883714,,1.09,26.159999999991086,0.05299890305158258,"{'time_exit_bars': 1, 'atr': 1.9816978058143315, 'entry_hour_utc': 20, 'exit_reason': 'time_exit', 'signal_time': Timestamp('2017-10-12 20:00:00+0000', tz='UTC')}"
2017-10-15 22:00:00+00:00,2017-10-16 00:00:00+00:00,1,1303.5049999999999,1303.925,1298.4111429442662,,0.97,79.54000000000705,0.16097821180063845,"{'time_exit_bars': 1, 'atr': 2.44442852786682, 'entry_hour_utc': 20, 'exit_reason': 'time_exit', 'signal_time': Timestamp('2017-10-13 20:00:00+0000', tz='UTC')}"
2017-10-16 22:00:00+00:00,2017-10-17 00:00:00+00:00,1,1296.055,1294.685,1289.9820271979574,,0.81,-78.57000000000957,-0.15972408104213204,"{'time_exit_bars': 1, 'atr': 2.2939864010212827, 'entry_hour_utc': 20, 'exit_reason': 'time_exit', 'signal_time': Timestamp('2017-10-16 20:00:00+0000', tz='UTC')}"
2017-10-17 22:00:00+00:00,2017-10-18 00:00:00+00:00,1,1285.105,1285.7250000000001,1280.5333630571658,,1.08,110.16000000001277,0.22311483014829514,"{'time_exit_bars': 1, 'atr': 2.3033184714170925, 'entry_hour_utc': 20, 'exit_reason': 'time_exit', 'signal_time': Timestamp('2017-10-17 20:00:00+0000', tz='UTC')}"
2017-10-18 22:00:00+00:00,2017-10-19 00:00:00+00:00,1,1281.5449999999998,1280.035,1276.590160448134,,1.0,-30.999999999976353,-0.06256509353224612,"{'time_exit_bars': 1, 'atr': 2.109919775933056, 'entry_hour_utc': 20, 'exit_reason': 'time_exit', 'signal_time': Timestamp('2017-10-18 20:00:00+0000', tz='UTC')}"
2017-10-19 22:00:00+00:00,2017-10-20 00:00:00+00:00,1,1289.615,1289.755,1283.4993997133422,,0.81,43.74000000000811,0.08829877275959307,"{'time_exit_bars': 1, 'atr': 2.930300143328884, 'entry_hour_utc': 20, 'exit_reason': 'time_exit', 'signal_time': Timestamp('2017-10-19 20:00:00+0000', tz='UTC')}"
2017-10-22 22:00:00+00:00,2017-10-23 00:00:00+00:00,1,1277.405,1274.8661829228254,1275.0411829228253,,2.09,-447.0127691294912,-0.9048149697484303,"{'time_exit_bars': 1, 'atr': 2.534408538587274, 'entry_hour_utc': 20, 'exit_reason': 'sl', 'signal_time': Timestamp('2017-10-20 20:00:00+0000', tz='UTC')}"
2017-10-23 22:00:00+00:00,2017-10-24 00:00:00+00:00,1,1281.715,1282.345,1277.33675621446,,1.12,115.36000000001223,0.23525414537259942,"{'time_exit_bars': 1, 'atr': 2.2966218927700224, 'entry_hour_utc': 20, 'exit_reason': 'time_exit', 'signal_time': Timestamp('2017-10-23 20:00:00+0000', tz='UTC')}"
2017-10-24 22:00:00+00:00,2017-10-25 00:00:00+00:00,1,1276.495,1275.445,1271.605843502176,,1.01,-65.6499999999954,-0.13294726816154415,"{'time_exit_bars': 1, 'atr': 2.432078248911986, 'entry_hour_utc': 20, 'exit_reason': 'time_exit', 'signal_time': Timestamp('2017-10-24 20:00:00+0000', tz='UTC')}"
2017-10-25 22:00:00+00:00,2017-10-26 00:00:00+00:00,1,1278.145,1278.9750000000001,1272.6448234897873,,0.89,180.67000000001377,0.36907906432291265,"{'time_exit_bars': 1, 'atr': 2.3575882551063043, 'entry_hour_utc': 20, 'exit_reason': 'time_exit', 'signal_time': Timestamp('2017-10-25 20:00:00+0000', tz='UTC')}"
2017-10-26 22:00:00+00:00,2017-10-27 00:00:00+00:00,1,1267.7649999999999,1266.835,1261.6032762151615,,0.8,-42.399999999986896,-0.08601489104460683,"{'time_exit_bars': 1, 'atr': 2.6483618924193406, 'entry_hour_utc': 20, 'exit_reason': 'time_exit', 'signal_time': Timestamp('2017-10-26 20:00:00+0000', tz='UTC')}"
2017-10-29 22:00:00+00:00,2017-10-30 00:00:00+00:00,1,1273.455,1271.7150000000001,1268.9445448351664,,1.09,-146.05999999997624,-0.29708753352595324,"{'time_exit_bars': 1, 'atr': 2.242727582416782, 'entry_hour_utc': 20, 'exit_reason': 'time_exit', 'signal_time': Timestamp('2017-10-27 20:00:00+0000', tz='UTC')}"
2017-11-06 22:00:00+00:00,2017-11-07 00:00:00+00:00,1,1281.2649999999999,1280.155,1277.2425068450434,,1.22,-86.6199999999878,-0.17650744765719417,"{'time_exit_bars': 1, 'atr': 2.123746577478332, 'entry_hour_utc': 20, 'exit_reason': 'time_exit', 'signal_time': Timestamp('2017-11-06 20:00:00+0000', tz='UTC')}"
2017-11-07 22:00:00+00:00,2017-11-08 00:00:00+00:00,1,1276.855,1276.525,1270.9624994129786,,0.83,5.810000000006045,0.011879506665515063,"{'time_exit_bars': 1, 'atr': 2.1337502935107793, 'entry_hour_utc': 20, 'exit_reason': 'time_exit', 'signal_time': Timestamp('2017-11-07 20:00:00+0000', tz='UTC')}"
2017-11-08 22:00:00+00:00,2017-11-09 00:00:00+00:00,1,1281.655,1280.515,1276.7049469900935,,0.99,5.940000000012603,0.01212108231569443,"{'time_exit_bars': 1, 'atr': 2.2275265049532957, 'entry_hour_utc': 20, 'exit_reason': 'time_exit', 'signal_time': Timestamp('2017-11-08 20:00:00+0000', tz='UTC')}"
2017-11-09 22:00:00+00:00,2017-11-10 00:00:00+00:00,1,1285.435,1286.555,1279.9009138757024,,0.89,135.28000000001052,0.2746614284382948,"{'time_exit_bars': 1, 'atr': 2.364543062148864, 'entry_hour_utc': 20, 'exit_reason': 'time_exit', 'signal_time': Timestamp('2017-11-09 20:00:00+0000', tz='UTC')}"
2017-11-12 22:00:00+00:00,2017-11-13 00:00:00+00:00,1,1275.125,1275.185,1271.5914048116642,,1.39,63.93999999999241,0.13017903168942047,"{'time_exit_bars': 1, 'atr': 2.004297594167822, 'entry_hour_utc': 20, 'exit_reason': 'time_exit', 'signal_time': Timestamp('2017-11-10 20:00:00+0000', tz='UTC')}"
2017-11-13 22:00:00+00:00,2017-11-14 00:00:00+00:00,1,1278.065,1277.2350000000001,1275.2548825080323,,1.76,-75.67999999998719,-0.1530185130084465,"{'time_exit_bars': 1, 'atr': 1.3425587459838086, 'entry_hour_utc': 20, 'exit_reason': 'time_exit', 'signal_time': Timestamp('2017-11-13 20:00:00+0000', tz='UTC')}"
2017-11-14 22:00:00+00:00,2017-11-15 00:00:00+00:00,1,1280.0149999999999,1280.565,1275.3490164121665,,1.05,99.7500000000191,0.20360123050525217,"{'time_exit_bars': 1, 'atr': 2.4854917939166796, 'entry_hour_utc': 20, 'exit_reason': 'time_exit', 'signal_time': Timestamp('2017-11-14 20:00:00+0000', tz='UTC')}"
2017-11-15 22:00:00+00:00,2017-11-16 00:00:00+00:00,1,1278.5449999999998,1278.085,1273.9766266819097,,1.08,79.92000000002062,0.16198325935183294,"{'time_exit_bars': 1, 'atr': 2.181686659045131, 'entry_hour_utc': 20, 'exit_reason': 'time_exit', 'signal_time': Timestamp('2017-11-15 20:00:00+0000', tz='UTC')}"
2017-11-16 22:00:00+00:00,2017-11-17 00:00:00+00:00,1,1278.695,1279.635,1274.3109793644655,,1.12,150.08000000000612,0.30565549558292915,"{'time_exit_bars': 1, 'atr': 1.9945103177672627, 'entry_hour_utc': 20, 'exit_reason': 'time_exit', 'signal_time': Timestamp('2017-11-16 20:00:00+0000', tz='UTC')}"
2017-11-19 22:00:00+00:00,2017-11-20 00:00:00+00:00,1,1293.315,1293.365,1289.9609887674353,,1.47,66.14999999999331,0.1341677080955536,"{'time_exit_bars': 1, 'atr': 2.0745056162822864, 'entry_hour_utc': 20, 'exit_reason': 'time_exit', 'signal_time': Timestamp('2017-11-17 20:00:00+0000', tz='UTC')}"
2017-11-20 22:00:00+00:00,2017-11-21 00:00:00+00:00,1,1277.915,1278.615,1271.8910709212362,,0.82,90.20000000000374,0.18260507147700097,"{'time_exit_bars': 1, 'atr': 2.379464539381993, 'entry_hour_utc': 20, 'exit_reason': 'time_exit', 'signal_time': Timestamp('2017-11-20 20:00:00+0000', tz='UTC')}"
2017-11-21 22:00:00+00:00,2017-11-22 00:00:00+00:00,1,1280.855,1281.4950000000001,1276.4090743679292,,1.11,115.44000000001112,0.2339220414525209,"{'time_exit_bars': 1, 'atr': 1.9804628160353823, 'entry_hour_utc': 20, 'exit_reason': 'time_exit', 'signal_time': Timestamp('2017-11-21 20:00:00+0000', tz='UTC')}"
2017-11-22 22:00:00+00:00,2017-11-23 00:00:00+00:00,1,1291.7549999999999,1290.925,1287.3722453760763,,1.13,41.81000000000823,0.08442179217161778,"{'time_exit_bars': 1, 'atr': 2.283877311961871, 'entry_hour_utc': 20, 'exit_reason': 'time_exit', 'signal_time': Timestamp('2017-11-22 20:00:00+0000', tz='UTC')}"
2017-11-27 22:00:00+00:00,2017-11-28 00:00:00+00:00,1,1294.725,1295.605,1290.0560562563217,,1.06,135.68000000001157,0.27415194319555203,"{'time_exit_bars': 1, 'atr': 2.1019718718391194, 'entry_hour_utc': 20, 'exit_reason': 'time_exit', 'signal_time': Timestamp('2017-11-27 20:00:00+0000', tz='UTC')}"
2017-11-28 22:00:00+00:00,2017-11-29 00:00:00+00:00,1,1293.595,1293.585,1288.9715628665565,,1.07,41.73000000000098,0.08435282858697325,"{'time_exit_bars': 1, 'atr': 2.3892185667217847, 'entry_hour_utc': 20, 'exit_reason': 'time_exit', 'signal_time': Timestamp('2017-11-28 20:00:00+0000', tz='UTC')}"
2017-11-29 22:00:00+00:00,2017-11-30 00:00:00+00:00,1,1284.425,1284.445,1278.477947506991,,0.83,101.25999999999848,0.20514364072524466,"{'time_exit_bars': 1, 'atr': 2.381026246504435, 'entry_hour_utc': 20, 'exit_reason': 'time_exit', 'signal_time': Timestamp('2017-11-29 20:00:00+0000', tz='UTC')}"
2017-11-30 22:00:00+00:00,2017-12-01 00:00:00+00:00,1,1275.195,1275.375,1269.6915164732595,,0.9,52.20000000000574,0.10538779614437851,"{'time_exit_bars': 1, 'atr': 2.504241763370297, 'entry_hour_utc': 20, 'exit_reason': 'time_exit', 'signal_time': Timestamp('2017-11-30 20:00:00+0000', tz='UTC')}"
2017-12-03 22:00:00+00:00,2017-12-03 23:00:00+00:00,1,1274.125,1273.2139928330246,1273.3889928330245,,6.78,-617.6628592093371,-1.2377694237939223,"{'time_exit_bars': 1, 'atr': 3.2455035834877783, 'entry_hour_utc': 20, 'exit_reason': 'sl', 'signal_time': Timestamp('2017-12-01 20:00:00+0000', tz='UTC')}"
2017-12-04 22:00:00+00:00,2017-12-05 00:00:00+00:00,1,1276.555,1276.065,1272.0113104207219,,1.09,-9.810000000000983,-0.019807691179093843,"{'time_exit_bars': 1, 'atr': 1.9643447896390602, 'entry_hour_utc': 20, 'exit_reason': 'time_exit', 'signal_time': Timestamp('2017-12-04 20:00:00+0000', tz='UTC')}"
2017-12-05 22:00:00+00:00,2017-12-06 00:00:00+00:00,1,1266.165,1264.875,1261.0903836757007,,0.97,-86.32999999999646,-0.17538271725850166,"{'time_exit_bars': 1, 'atr': 2.2848081621496905, 'entry_hour_utc': 20, 'exit_reason': 'time_exit', 'signal_time': Timestamp('2017-12-05 20:00:00+0000', tz='UTC')}"
2017-12-06 22:00:00+00:00,2017-12-07 00:00:00+00:00,1,1263.835,1262.325,1259.35512409264,,1.1,-34.099999999999,-0.06919834531369126,"{'time_exit_bars': 1, 'atr': 1.882437953679999, 'entry_hour_utc': 20, 'exit_reason': 'time_exit', 'signal_time': Timestamp('2017-12-06 20:00:00+0000', tz='UTC')}"
2017-12-07 22:00:00+00:00,2017-12-08 00:00:00+00:00,1,1247.7549999999999,1247.4950000000001,1241.662164502567,,0.81,11.34000000001916,0.02297780730486237,"{'time_exit_bars': 1, 'atr': 2.4889177487165455, 'entry_hour_utc': 20, 'exit_reason': 'time_exit', 'signal_time': Timestamp('2017-12-07 20:00:00+0000', tz='UTC')}"
2017-12-10 22:00:00+00:00,2017-12-11 00:00:00+00:00,1,1247.905,1247.055,1244.1079967955527,,1.3,-58.49999999998819,-0.11851451678335266,"{'time_exit_bars': 1, 'atr': 1.9660016022235944, 'entry_hour_utc': 20, 'exit_reason': 'time_exit', 'signal_time': Timestamp('2017-12-08 20:00:00+0000', tz='UTC')}"
2017-12-11 22:00:00+00:00,2017-12-12 00:00:00+00:00,1,1242.2749999999999,1242.815,1237.7967632295004,,1.1,103.40000000002102,0.2099040421874216,"{'time_exit_bars': 1, 'atr': 1.8716183852497819, 'entry_hour_utc': 20, 'exit_reason': 'time_exit', 'signal_time': Timestamp('2017-12-11 20:00:00+0000', tz='UTC')}"
2017-12-12 22:00:00+00:00,2017-12-13 00:00:00+00:00,1,1243.975,1243.115,1239.723099375579,,1.16,-53.359999999988396,-0.10818691230878835,"{'time_exit_bars': 1, 'atr': 2.023450312210449, 'entry_hour_utc': 20, 'exit_reason': 'time_exit', 'signal_time': Timestamp('2017-12-12 20:00:00+0000', tz='UTC')}"
2017-12-13 22:00:00+00:00,2017-12-14 00:00:00+00:00,1,1254.185,1253.635,1249.9595228869348,,1.17,76.0500000000053,0.15382878255102805,"{'time_exit_bars': 1, 'atr': 2.7752385565325612, 'entry_hour_utc': 20, 'exit_reason': 'time_exit', 'signal_time': Timestamp('2017-12-13 20:00:00+0000', tz='UTC')}"
2017-12-14 22:00:00+00:00,2017-12-15 00:00:00+00:00,1,1253.125,1252.915,1247.8661848140443,,0.94,17.85999999999658,0.036129811237212366,"{'time_exit_bars': 1, 'atr': 2.3169075929778677, 'entry_hour_utc': 20, 'exit_reason': 'time_exit', 'signal_time': Timestamp('2017-12-14 20:00:00+0000', tz='UTC')}"
2017-12-17 22:00:00+00:00,2017-12-18 00:00:00+00:00,1,1254.315,1253.815,1251.6688930367022,,1.87,-18.69999999999999,-0.0377913672376156,"{'time_exit_bars': 1, 'atr': 1.8305534816488047, 'entry_hour_utc': 20, 'exit_reason': 'time_exit', 'signal_time': Timestamp('2017-12-15 20:00:00+0000', tz='UTC')}"
2017-12-18 22:00:00+00:00,2017-12-19 00:00:00+00:00,1,1261.835,1260.9950000000001,1258.4115436728107,,1.44,-63.35999999998822,-0.1285250804882206,"{'time_exit_bars': 1, 'atr': 1.6042281635946514, 'entry_hour_utc': 20, 'exit_reason': 'time_exit', 'signal_time': Timestamp('2017-12-18 20:00:00+0000', tz='UTC')}"
2017-12-19 22:00:00+00:00,2017-12-20 00:00:00+00:00,1,1261.615,1261.755,1258.5465411122282,,1.61,86.94000000001611,0.1759841079025246,"{'time_exit_bars': 1, 'atr': 1.546729443886003, 'entry_hour_utc': 20, 'exit_reason': 'time_exit', 'signal_time': Timestamp('2017-12-19 20:00:00+0000', tz='UTC')}"
2017-12-20 22:00:00+00:00,2017-12-21 00:00:00+00:00,1,1265.935,1266.015,1262.356324971419,,1.38,176.64000000002133,0.35767427603163765,"{'time_exit_bars': 1, 'atr': 1.5068375142903687, 'entry_hour_utc': 20, 'exit_reason': 'time_exit', 'signal_time': Timestamp('2017-12-20 20:00:00+0000', tz='UTC')}"
2017-12-21 22:00:00+00:00,2017-12-22 00:00:00+00:00,1,1266.385,1265.7050000000002,1263.5320324731829,,1.74,-48.719999999971506,-0.09814342342417613,"{'time_exit_bars': 1, 'atr': 1.493983763408513, 'entry_hour_utc': 20, 'exit_reason': 'time_exit', 'signal_time': Timestamp('2017-12-21 20:00:00+0000', tz='UTC')}"
2017-12-26 06:00:00+00:00,2017-12-26 08:00:00+00:00,1,1278.315,1277.9950000000001,1272.406588177545,,0.84,-26.879999999994652,-0.05416007035660074,"{'time_exit_bars': 1, 'atr': 1.4367059112274552, 'entry_hour_utc': 20, 'exit_reason': 'time_exit', 'signal_time': Timestamp('2017-12-22 20:00:00+0000', tz='UTC')}"
2017-12-26 22:00:00+00:00,2017-12-27 00:00:00+00:00,1,1282.445,1282.075,1280.125082958631,,2.14,6.420000000023364,0.012931496887667955,"{'time_exit_bars': 1, 'atr': 1.4774585206844235, 'entry_hour_utc': 20, 'exit_reason': 'time_exit', 'signal_time': Timestamp('2017-12-26 20:00:00+0000', tz='UTC')}"
2017-12-27 22:00:00+00:00,2017-12-28 00:00:00+00:00,1,1287.495,1287.505,1283.9701782872146,,1.4,169.40000000003056,0.34327977372906116,"{'time_exit_bars': 1, 'atr': 1.519910856392753, 'entry_hour_utc': 20, 'exit_reason': 'time_exit', 'signal_time': Timestamp('2017-12-27 20:00:00+0000', tz='UTC')}"
2017-12-28 22:00:00+00:00,2017-12-29 00:00:00+00:00,1,1294.235,1294.415,1291.7747253509378,,2.02,117.16000000001287,0.2357460376308718,"{'time_exit_bars': 1, 'atr': 1.542637324531026, 'entry_hour_utc': 20, 'exit_reason': 'time_exit', 'signal_time': Timestamp('2017-12-28 20:00:00+0000', tz='UTC')}"
2018-01-02 06:00:00+00:00,2018-01-02 07:00:00+00:00,1,1309.985,1309.105,1299.0344976848505,,0.45,-39.59999999999468,-0.08036161033292996,"{'time_exit_bars': 1, 'atr': 1.7527511575746668, 'entry_hour_utc': 20, 'exit_reason': 'end_of_data', 'signal_time': Timestamp('2017-12-29 20:00:00+0000', tz='UTC')}"
2018-01-02 22:00:00+00:00,2018-01-03 00:00:00+00:00,1,1317.445,1320.295,1312.7841456312844,,1.07,347.7500000000146,0.6972970496170685,"{'time_exit_bars': 1, 'atr': 2.51792718435772, 'entry_hour_utc': 20, 'exit_reason': 'time_exit', 'signal_time': Timestamp('2018-01-02 20:00:00+0000', tz='UTC')}"
2018-01-03 22:00:00+00:00,2018-01-04 00:00:00+00:00,1,1312.915,1308.945,1307.3732822075624,,0.9,-249.30000000000246,-0.4998450126385129,"{'time_exit_bars': 1, 'atr': 2.703358896218829, 'entry_hour_utc': 20, 'exit_reason': 'time_exit', 'signal_time': Timestamp('2018-01-03 20:00:00+0000', tz='UTC')}"
2018-01-04 22:00:00+00:00,2018-01-05 00:00:00+00:00,1,1322.135,1322.585,1316.8173895416664,,0.94,79.90000000000427,0.15984623293869887,"{'time_exit_bars': 1, 'atr': 2.936305229166857, 'entry_hour_utc': 20, 'exit_reason': 'time_exit', 'signal_time': Timestamp('2018-01-04 20:00:00+0000', tz='UTC')}"
2018-01-07 22:00:00+00:00,2018-01-08 00:00:00+00:00,1,1320.865,1320.335,1315.2577268532882,,0.89,-11.56999999999757,-0.02318417466004965,"{'time_exit_bars': 1, 'atr': 2.3211365733559206, 'entry_hour_utc': 20, 'exit_reason': 'time_exit', 'signal_time': Timestamp('2018-01-05 20:00:00+0000', tz='UTC')}"
2018-01-08 22:00:00+00:00,2018-01-09 00:00:00+00:00,1,1319.665,1317.655,1316.1579325844248,,1.42,-228.61999999999864,-0.45907301149953367,"{'time_exit_bars': 1, 'atr': 2.0560337077875945, 'entry_hour_utc': 20, 'exit_reason': 'time_exit', 'signal_time': Timestamp('2018-01-08 20:00:00+0000', tz='UTC')}"
2018-01-09 22:00:00+00:00,2018-01-10 00:00:00+00:00,1,1311.995,1310.045,1308.202775164366,,1.31,-203.0499999999762,-0.40873103974086694,"{'time_exit_bars': 1, 'atr': 2.2036124178169585, 'entry_hour_utc': 20, 'exit_reason': 'time_exit', 'signal_time': Timestamp('2018-01-09 20:00:00+0000', tz='UTC')}"
2018-01-10 22:00:00+00:00,2018-01-11 00:00:00+00:00,1,1317.305,1318.595,1310.206814191472,,0.7,174.29999999999745,0.3507938601731661,"{'time_exit_bars': 1, 'atr': 3.191592904263948, 'entry_hour_utc': 20, 'exit_reason': 'time_exit', 'signal_time': Timestamp('2018-01-10 20:00:00+0000', tz='UTC')}"
2018-01-11 22:00:00+00:00,2018-01-12 00:00:00+00:00,1,1322.5249999999999,1324.055,1317.9596094208196,,1.09,210.37000000002183,0.42274586730906244,"{'time_exit_bars': 1, 'atr': 2.1901952895902315, 'entry_hour_utc': 20, 'exit_reason': 'time_exit', 'signal_time': Timestamp('2018-01-11 20:00:00+0000', tz='UTC')}"
2018-01-14 22:00:00+00:00,2018-01-15 00:00:00+00:00,1,1336.225,1338.075,1332.0920006412082,,1.21,272.2500000000165,0.5443988262940166,"{'time_exit_bars': 1, 'atr': 3.038999679395924, 'entry_hour_utc': 20, 'exit_reason': 'time_exit', 'signal_time': Timestamp('2018-01-12 20:00:00+0000', tz='UTC')}"
2018-01-16 22:00:00+00:00,2018-01-17 00:00:00+00:00,1,1339.375,1341.615,1333.4391574859326,,0.84,221.76000000000073,0.4447557349682786,"{'time_exit_bars': 1, 'atr': 2.465421257033633, 'entry_hour_utc': 20, 'exit_reason': 'time_exit', 'signal_time': Timestamp('2018-01-16 20:00:00+0000', tz='UTC')}"
2018-01-17 22:00:00+00:00,2018-01-18 00:00:00+00:00,1,1327.685,1328.2150000000001,1319.529538014029,,0.61,105.53000000001221,0.2121277743647317,"{'time_exit_bars': 1, 'atr': 3.5402309929854874, 'entry_hour_utc': 20, 'exit_reason': 'time_exit', 'signal_time': Timestamp('2018-01-17 20:00:00+0000', tz='UTC')}"
2018-01-18 22:00:00+00:00,2018-01-19 00:00:00+00:00,1,1327.715,1327.085,1321.6933876137919,,0.83,-19.089999999990184,-0.03819574978400721,"{'time_exit_bars': 1, 'atr': 2.673306193104082, 'entry_hour_utc': 20, 'exit_reason': 'time_exit', 'signal_time': Timestamp('2018-01-18 20:00:00+0000', tz='UTC')}"
2018-01-21 22:00:00+00:00,2018-01-22 00:00:00+00:00,1,1335.225,1333.2450000000001,1327.1806278952647,,0.62,-97.95999999998703,-0.1964106060023935,"{'time_exit_bars': 1, 'atr': 2.124686052367659, 'entry_hour_utc': 20, 'exit_reason': 'time_exit', 'signal_time': Timestamp('2018-01-19 20:00:00+0000', tz='UTC')}"
2018-01-22 22:00:00+00:00,2018-01-23 00:00:00+00:00,1,1333.575,1333.945,1329.5222241715824,,1.24,95.47999999998646,0.18999323737590512,"{'time_exit_bars': 1, 'atr': 2.173887914208818, 'entry_hour_utc': 20, 'exit_reason': 'time_exit', 'signal_time': Timestamp('2018-01-22 20:00:00+0000', tz='UTC')}"
2018-01-23 22:00:00+00:00,2018-01-24 00:00:00+00:00,1,1341.095,1340.515,1336.8894954164505,,1.19,-21.419999999991347,-0.04280104715710538,"{'time_exit_bars': 1, 'atr': 2.110252291774702, 'entry_hour_utc': 20, 'exit_reason': 'time_exit', 'signal_time': Timestamp('2018-01-23 20:00:00+0000', tz='UTC')}"
2018-01-24 22:00:00+00:00,2018-01-25 00:00:00+00:00,1,1357.425,1356.9550000000002,1352.5854008826043,,1.04,75.9200000000208,0.15083893981554308,"{'time_exit_bars': 1, 'atr': 2.692299558697882, 'entry_hour_utc': 20, 'exit_reason': 'time_exit', 'signal_time': Timestamp('2018-01-24 20:00:00+0000', tz='UTC')}"
2018-01-25 22:00:00+00:00,2018-01-26 00:00:00+00:00,1,1347.175,1347.9850000000001,1338.960767346089,,0.61,73.81000000001055,0.14730529934820583,"{'time_exit_bars': 1, 'atr': 4.6296163269555874, 'entry_hour_utc': 20, 'exit_reason': 'time_exit', 'signal_time': Timestamp('2018-01-25 20:00:00+0000', tz='UTC')}"
2018-01-28 22:00:00+00:00,2018-01-29 00:00:00+00:00,1,1351.205,1350.625,1344.3929976402264,,0.74,-13.319999999994618,-0.026423948568026132,"{'time_exit_bars': 1, 'atr': 2.8035011798867697, 'entry_hour_utc': 20, 'exit_reason': 'time_exit', 'signal_time': Timestamp('2018-01-26 20:00:00+0000', tz='UTC')}"
2018-01-29 22:00:00+00:00,2018-01-30 00:00:00+00:00,1,1341.475,1338.775,1335.1090256876385,,0.79,-181.69999999998566,-0.3612958342501752,"{'time_exit_bars': 1, 'atr': 2.6054871561807063, 'entry_hour_utc': 20, 'exit_reason': 'time_exit', 'signal_time': Timestamp('2018-01-29 20:00:00+0000', tz='UTC')}"
2018-01-30 22:00:00+00:00,2018-01-31 00:00:00+00:00,1,1337.595,1339.255,1332.0305185684747,,0.9,185.40000000000737,0.3702052069630852,"{'time_exit_bars': 1, 'atr': 3.2797407157626, 'entry_hour_utc': 20, 'exit_reason': 'time_exit', 'signal_time': Timestamp('2018-01-30 20:00:00+0000', tz='UTC')}"
2018-01-31 22:00:00+00:00,2018-02-01 00:00:00+00:00,1,1343.565,1345.785,1338.6539601537202,,1.02,348.84000000000276,0.6963901957730346,"{'time_exit_bars': 1, 'atr': 3.143019923140001, 'entry_hour_utc': 20, 'exit_reason': 'time_exit', 'signal_time': Timestamp('2018-01-31 20:00:00+0000', tz='UTC')}"
2018-02-01 22:00:00+00:00,2018-02-02 00:00:00+00:00,1,1347.985,1347.585,1342.5600364165866,,0.93,1.269029326067539e-11,2.5153121149242242e-14,"{'time_exit_bars': 1, 'atr': 2.9149817917066865, 'entry_hour_utc': 20, 'exit_reason': 'time_exit', 'signal_time': Timestamp('2018-02-01 20:00:00+0000', tz='UTC')}"
2018-02-04 22:00:00+00:00,2018-02-05 00:00:00+00:00,1,1331.815,1333.2450000000001,1325.695173901818,,0.82,150.0600000000052,0.2990281048253423,"{'time_exit_bars': 1, 'atr': 3.4374130490909622, 'entry_hour_utc': 20, 'exit_reason': 'time_exit', 'signal_time': Timestamp('2018-02-02 20:00:00+0000', tz='UTC')}"
2018-02-05 22:00:00+00:00,2018-02-06 00:00:00+00:00,1,1339.085,1339.7150000000001,1333.8077135403828,,0.95,97.85000000001037,0.1951760640400813,"{'time_exit_bars': 1, 'atr': 2.876143229808596, 'entry_hour_utc': 20, 'exit_reason': 'time_exit', 'signal_time': Timestamp('2018-02-05 20:00:00+0000', tz='UTC')}"
2018-02-06 22:00:00+00:00,2018-02-07 00:00:00+00:00,1,1324.815,1326.915,1316.8695617764497,,0.63,157.49999999999426,0.3146459552841132,"{'time_exit_bars': 1, 'atr': 3.7652191117752483, 'entry_hour_utc': 20, 'exit_reason': 'time_exit', 'signal_time': Timestamp('2018-02-06 20:00:00+0000', tz='UTC')}"
2018-02-07 22:00:00+00:00,2018-02-08 00:00:00+00:00,1,1317.5149999999999,1315.315,1311.8378522421567,,0.89,-88.9999999999838,-0.17614479006967654,"{'time_exit_bars': 1, 'atr': 3.2260738789216408, 'entry_hour_utc': 20, 'exit_reason': 'time_exit', 'signal_time': Timestamp('2018-02-07 20:00:00+0000', tz='UTC')}"
2018-02-08 22:00:00+00:00,2018-02-09 00:00:00+00:00,1,1319.2849999999999,1319.865,1311.5745026174254,,0.65,63.70000000001005,0.12709945304111442,"{'time_exit_bars': 1, 'atr': 3.382748691287197, 'entry_hour_utc': 20, 'exit_reason': 'time_exit', 'signal_time': Timestamp('2018-02-08 20:00:00+0000', tz='UTC')}"
2018-02-11 22:00:00+00:00,2018-02-12 00:00:00+00:00,1,1315.555,1316.605,1308.6551480091205,,0.73,105.84999999999668,0.21014943536710676,"{'time_exit_bars': 1, 'atr': 3.492425995439815, 'entry_hour_utc': 20, 'exit_reason': 'time_exit', 'signal_time': Timestamp('2018-02-09 20:00:00+0000', tz='UTC')}"
2018-02-12 22:00:00+00:00,2018-02-13 00:00:00+00:00,1,1323.805,1322.525,1318.151603328545,,0.89,-78.31999999999758,-0.15565863340940417,"{'time_exit_bars': 1, 'atr': 2.354198335727443, 'entry_hour_utc': 20, 'exit_reason': 'time_exit', 'signal_time': Timestamp('2018-02-12 20:00:00+0000', tz='UTC')}"
2018-02-13 22:00:00+00:00,2018-02-14 00:00:00+00:00,1,1329.895,1332.435,1324.1548841230058,,0.88,258.7199999999968,0.5121847821545182,"{'time_exit_bars': 1, 'atr': 2.4175579384971226, 'entry_hour_utc': 20, 'exit_reason': 'time_exit', 'signal_time': Timestamp('2018-02-13 20:00:00+0000', tz='UTC')}"
2018-02-14 22:00:00+00:00,2018-02-15 00:00:00+00:00,1,1350.815,1351.2150000000001,1341.6669462394498,,0.55,88.000000000005,0.17490058999214345,"{'time_exit_bars': 1, 'atr': 4.236526880275218, 'entry_hour_utc': 20, 'exit_reason': 'time_exit', 'signal_time': Timestamp('2018-02-14 20:00:00+0000', tz='UTC')}"
2018-02-15 22:00:00+00:00,2018-02-16 00:00:00+00:00,1,1353.965,1352.665,1347.7979042347363,,0.82,-73.79999999999626,-0.14593579121459938,"{'time_exit_bars': 1, 'atr': 2.6360478826318157, 'entry_hour_utc': 20, 'exit_reason': 'time_exit', 'signal_time': Timestamp('2018-02-15 20:00:00+0000', tz='UTC')}"
2018-02-18 22:00:00+00:00,2018-02-19 00:00:00+00:00,1,1349.865,1349.855,1341.3484369236035,,0.59,23.010000000000534,0.045793120593550785,"{'time_exit_bars': 1, 'atr': 3.0407815381983374, 'entry_hour_utc': 20, 'exit_reason': 'time_exit', 'signal_time': Timestamp('2018-02-16 20:00:00+0000', tz='UTC')}"
2018-02-20 22:00:00+00:00,2018-02-21 00:00:00+00:00,1,1329.665,1328.525,1323.1974755549345,,0.78,-57.719999999990065,-0.11441781260903798,"{'time_exit_bars': 1, 'atr': 3.0662622225327105, 'entry_hour_utc': 20, 'exit_reason': 'time_exit', 'signal_time': Timestamp('2018-02-20 20:00:00+0000', tz='UTC')}"
2018-02-21 22:00:00+00:00,2018-02-22 00:00:00+00:00,1,1324.565,1326.035,1317.9197048742444,,0.76,202.92000000000206,0.40178802438009414,"{'time_exit_bars': 1, 'atr': 3.2251475628776998, 'entry_hour_utc': 20, 'exit_reason': 'time_exit', 'signal_time': Timestamp('2018-02-21 20:00:00+0000', tz='UTC')}"
2018-02-22 22:00:00+00:00,2018-02-23 00:00:00+00:00,1,1331.955,1330.055,1327.6097061890666,,1.17,-175.49999999998403,-0.34520105320051714,"{'time_exit_bars': 1, 'atr': 2.120146905466682, 'entry_hour_utc': 20, 'exit_reason': 'time_exit', 'signal_time': Timestamp('2018-02-22 20:00:00+0000', tz='UTC')}"
2018-02-25 22:00:00+00:00,2018-02-26 00:00:00+00:00,1,1330.0049999999999,1328.285,1324.77905250204,,0.97,-128.03999999998058,-0.2525857752139899,"{'time_exit_bars': 1, 'atr': 2.000473748979994, 'entry_hour_utc': 20, 'exit_reason': 'time_exit', 'signal_time': Timestamp('2018-02-23 20:00:00+0000', tz='UTC')}"
2018-02-26 22:00:00+00:00,2018-02-27 00:00:00+00:00,1,1333.475,1334.905,1328.5839772198447,,1.03,188.49000000000655,0.3741548715383359,"{'time_exit_bars': 1, 'atr': 2.173011390077682, 'entry_hour_utc': 20, 'exit_reason': 'time_exit', 'signal_time': Timestamp('2018-02-26 20:00:00+0000', tz='UTC')}"
2018-02-27 22:00:00+00:00,2018-02-28 00:00:00+00:00,1,1318.565,1317.125,1312.668023617923,,0.86,-89.4400000000047,-0.17636156779616086,"{'time_exit_bars': 1, 'atr': 2.810988191038555, 'entry_hour_utc': 20, 'exit_reason': 'time_exit', 'signal_time': Timestamp('2018-02-27 20:00:00+0000', tz='UTC')}"
2018-02-28 22:00:00+00:00,2018-03-01 00:00:00+00:00,1,1319.195,1315.175,1313.756936711638,,0.93,-262.25999999999834,-0.5185669696112387,"{'time_exit_bars': 1, 'atr': 2.1615316441809984, 'entry_hour_utc': 20, 'exit_reason': 'time_exit', 'signal_time': Timestamp('2018-02-28 20:00:00+0000', tz='UTC')}"
2018-03-01 22:00:00+00:00,2018-03-02 00:00:00+00:00,1,1316.645,1316.305,1309.2311820994018,,0.68,4.080000000005565,0.008092996186922956,"{'time_exit_bars': 1, 'atr': 3.964408950299165, 'entry_hour_utc': 20, 'exit_reason': 'time_exit', 'signal_time': Timestamp('2018-03-01 20:00:00+0000', tz='UTC')}"
2018-03-04 22:00:00+00:00,2018-03-05 00:00:00+00:00,1,1323.885,1323.925,1316.7730557314553,,0.71,31.239999999997416,0.06186775140323214,"{'time_exit_bars': 1, 'atr': 2.6734721342722874, 'entry_hour_utc': 20, 'exit_reason': 'time_exit', 'signal_time': Timestamp('2018-03-02 20:00:00+0000', tz='UTC')}"
2018-03-05 22:00:00+00:00,2018-03-06 00:00:00+00:00,1,1320.725,1322.055,1315.983888085534,,1.07,185.11000000001656,0.36489330587655483,"{'time_exit_bars': 1, 'atr': 1.9480559572329619, 'entry_hour_utc': 20, 'exit_reason': 'time_exit', 'signal_time': Timestamp('2018-03-05 20:00:00+0000', tz='UTC')}"
2018-03-06 22:00:00+00:00,2018-03-07 00:00:00+00:00,1,1339.725,1336.4650000000001,1329.2330652034866,,0.48,-137.27999999998866,-0.2725903330003731,"{'time_exit_bars': 1, 'atr': 2.533467398256709, 'entry_hour_utc': 20, 'exit_reason': 'time_exit', 'signal_time': Timestamp('2018-03-06 20:00:00+0000', tz='UTC')}"
2018-03-07 22:00:00+00:00,2018-03-08 00:00:00+00:00,1,1325.815,1326.005,1320.0315146351647,,0.87,120.93000000000475,0.240339503312573,"{'time_exit_bars': 1, 'atr': 2.659242682417611, 'entry_hour_utc': 20, 'exit_reason': 'time_exit', 'signal_time': Timestamp('2018-03-07 20:00:00+0000', tz='UTC')}"
2018-03-08 22:00:00+00:00,2018-03-09 00:00:00+00:00,1,1321.495,1318.285,1317.7409276587562,,1.35,-379.3499999999742,-0.7485204717895376,"{'time_exit_bars': 1, 'atr': 2.1995361706219314, 'entry_hour_utc': 20, 'exit_reason': 'time_exit', 'signal_time': Timestamp('2018-03-08 20:00:00+0000', tz='UTC')}"
2018-03-11 22:00:00+00:00,2018-03-12 00:00:00+00:00,1,1323.0349999999999,1322.165,1318.662839569397,,1.15,-54.04999999998745,-0.10749834262945407,"{'time_exit_bars': 1, 'atr': 2.348580215301489, 'entry_hour_utc': 20, 'exit_reason': 'time_exit', 'signal_time': Timestamp('2018-03-09 20:00:00+0000', tz='UTC')}"
2018-03-26 22:00:00+00:00,2018-03-27 00:00:00+00:00,1,1353.075,1352.675,1349.025367008007,,1.25,-1.1368683772161603e-11,-2.2458694493332325e-14,"{'time_exit_bars': 1, 'atr': 2.207316495996538, 'entry_hour_utc': 20, 'exit_reason': 'time_exit', 'signal_time': Timestamp('2018-03-26 20:00:00+0000', tz='UTC')}"
2018-03-27 22:00:00+00:00,2018-03-28 00:00:00+00:00,1,1345.7849999999999,1345.255,1339.3491924495745,,0.78,-10.13999999998013,-0.02019948529864809,"{'time_exit_bars': 1, 'atr': 2.6204037752126728, 'entry_hour_utc': 20, 'exit_reason': 'time_exit', 'signal_time': Timestamp('2018-03-27 20:00:00+0000', tz='UTC')}"
2018-03-28 22:00:00+00:00,2018-03-29 00:00:00+00:00,1,1324.5349999999999,1326.345,1319.1385812459093,,0.93,279.9300000000161,0.55777732180598,"{'time_exit_bars': 1, 'atr': 2.8457093770452806, 'entry_hour_utc': 20, 'exit_reason': 'time_exit', 'signal_time': Timestamp('2018-03-28 20:00:00+0000', tz='UTC')}"
2018-04-01 22:00:00+00:00,2018-04-02 00:00:00+00:00,1,1325.975,1326.445,1320.7728115411096,,0.97,84.39000000000266,0.16723730923535396,"{'time_exit_bars': 1, 'atr': 2.13359422944519, 'entry_hour_utc': 20, 'exit_reason': 'time_exit', 'signal_time': Timestamp('2018-03-29 20:00:00+0000', tz='UTC')}"
2018-04-02 22:00:00+00:00,2018-04-03 00:00:00+00:00,1,1340.7849999999999,1341.395,1336.3898805132214,,1.15,116.15000000001463,0.22980035082969935,"{'time_exit_bars': 1, 'atr': 2.3250597433892395, 'entry_hour_utc': 20, 'exit_reason': 'time_exit', 'signal_time': Timestamp('2018-04-02 20:00:00+0000', tz='UTC')}"
2018-04-03 22:00:00+00:00,2018-04-04 00:00:00+00:00,1,1332.7549999999999,1333.015,1327.372881492299,,0.94,62.04000000002052,0.12262829201101312,"{'time_exit_bars': 1, 'atr': 2.5835592538504146, 'entry_hour_utc': 20, 'exit_reason': 'time_exit', 'signal_time': Timestamp('2018-04-03 20:00:00+0000', tz='UTC')}"
2018-04-04 22:00:00+00:00,2018-04-05 00:00:00+00:00,1,1333.2749999999999,1333.295,1326.6947144870546,,0.77,93.9400000000161,0.18540228955113455,"{'time_exit_bars': 1, 'atr': 3.2726427564726848, 'entry_hour_utc': 20, 'exit_reason': 'time_exit', 'signal_time': Timestamp('2018-04-04 20:00:00+0000', tz='UTC')}"
2018-04-05 22:00:00+00:00,2018-04-06 00:00:00+00:00,1,1327.425,1330.7350000000001,1321.5166697151058,,0.86,319.06000000001484,0.6279269812463797,"{'time_exit_bars': 1, 'atr': 2.4266651424470465, 'entry_hour_utc': 20, 'exit_reason': 'time_exit', 'signal_time': Timestamp('2018-04-05 20:00:00+0000', tz='UTC')}"
2018-04-08 22:00:00+00:00,2018-04-09 00:00:00+00:00,1,1333.665,1332.305,1326.5147050176797,,0.71,-68.15999999999289,-0.13426019519104973,"{'time_exit_bars': 1, 'atr': 3.0876474911601384, 'entry_hour_utc': 20, 'exit_reason': 'time_exit', 'signal_time': Timestamp('2018-04-06 20:00:00+0000', tz='UTC')}"
2018-04-09 22:00:00+00:00,2018-04-10 00:00:00+00:00,1,1336.7849999999999,1336.305,1331.542808882247,,0.97,-7.759999999979705,-0.015260794237140503,"{'time_exit_bars': 1, 'atr': 2.258595558876386, 'entry_hour_utc': 20, 'exit_reason': 'time_exit', 'signal_time': Timestamp('2018-04-09 20:00:00+0000', tz='UTC')}"
2018-04-10 22:00:00+00:00,2018-04-11 00:00:00+00:00,1,1339.715,1341.645,1333.8404673515074,,0.86,200.38000000000548,0.3966272960620923,"{'time_exit_bars': 1, 'atr': 2.619766324246274, 'entry_hour_utc': 20, 'exit_reason': 'time_exit', 'signal_time': Timestamp('2018-04-10 20:00:00+0000', tz='UTC')}"
2018-04-11 22:00:00+00:00,2018-04-12 00:00:00+00:00,1,1352.745,1352.7150000000001,1345.1804619036284,,0.67,78.39000000001707,0.15466906043628365,"{'time_exit_bars': 1, 'atr': 3.9497690481857295, 'entry_hour_utc': 20, 'exit_reason': 'time_exit', 'signal_time': Timestamp('2018-04-11 20:00:00+0000', tz='UTC')}"
2018-04-12 22:00:00+00:00,2018-04-13 00:00:00+00:00,1,1335.715,1337.585,1328.4513523834667,,0.7,158.90000000000828,0.31251516040415056,"{'time_exit_bars': 1, 'atr': 3.209323808266567, 'entry_hour_utc': 20, 'exit_reason': 'time_exit', 'signal_time': Timestamp('2018-04-12 20:00:00+0000', tz='UTC')}"
2018-04-15 22:00:00+00:00,2018-04-16 00:00:00+00:00,1,1342.865,1343.625,1339.6557150746075,,1.59,184.43999999999858,0.3614512350778993,"{'time_exit_bars': 1, 'atr': 2.7071424626962335, 'entry_hour_utc': 20, 'exit_reason': 'time_exit', 'signal_time': Timestamp('2018-04-13 20:00:00+0000', tz='UTC')}"
2018-04-16 22:00:00+00:00,2018-04-17 00:00:00+00:00,1,1346.065,1347.915,1341.217525101148,,1.06,238.49999999999037,0.46415918533849254,"{'time_exit_bars': 1, 'atr': 2.1862374494258643, 'entry_hour_utc': 20, 'exit_reason': 'time_exit', 'signal_time': Timestamp('2018-04-16 20:00:00+0000', tz='UTC')}"
2018-04-17 22:00:00+00:00,2018-04-18 00:00:00+00:00,1,1347.2949999999998,1346.075,1341.832420520999,,0.94,-77.07999999998117,-0.15011223235323695,"{'time_exit_bars': 1, 'atr': 2.6687897395005487, 'entry_hour_utc': 20, 'exit_reason': 'time_exit', 'signal_time': Timestamp('2018-04-17 20:00:00+0000', tz='UTC')}"
2018-04-18 22:00:00+00:00,2018-04-19 00:00:00+00:00,1,1349.345,1350.385,1343.621944441198,,0.89,199.35999999999677,0.39139931055794513,"{'time_exit_bars': 1, 'atr': 2.7940277794010204, 'entry_hour_utc': 20, 'exit_reason': 'time_exit', 'signal_time': Timestamp('2018-04-18 20:00:00+0000', tz='UTC')}"
2018-04-19 22:00:00+00:00,2018-04-20 00:00:00+00:00,1,1345.855,1344.2250000000001,1339.8392316126785,,0.85,-104.54999999998995,-0.20446265893350624,"{'time_exit_bars': 1, 'atr': 2.9303841936608133, 'entry_hour_utc': 20, 'exit_reason': 'time_exit', 'signal_time': Timestamp('2018-04-19 20:00:00+0000', tz='UTC')}"
2018-04-22 22:00:00+00:00,2018-04-23 00:00:00+00:00,1,1334.865,1332.7350000000001,1330.933632736466,,1.31,-226.6299999999845,-0.4400504669321487,"{'time_exit_bars': 1, 'atr': 2.253183631766954, 'entry_hour_utc': 20, 'exit_reason': 'time_exit', 'signal_time': Timestamp('2018-04-20 20:00:00+0000', tz='UTC')}"
2018-04-23 22:00:00+00:00,2018-04-24 00:00:00+00:00,1,1324.955,1324.345,1320.491408841129,,1.15,-24.149999999988495,-0.047047319641393685,"{'time_exit_bars': 1, 'atr': 2.1342955794354683, 'entry_hour_utc': 20, 'exit_reason': 'time_exit', 'signal_time': Timestamp('2018-04-23 20:00:00+0000', tz='UTC')}"
2018-04-24 22:00:00+00:00,2018-04-25 00:00:00+00:00,1,1330.235,1331.4650000000001,1326.1756921063927,,1.26,205.38000000003095,0.40154628392866115,"{'time_exit_bars': 1, 'atr': 2.2971539468036277, 'entry_hour_utc': 20, 'exit_reason': 'time_exit', 'signal_time': Timestamp('2018-04-24 20:00:00+0000', tz='UTC')}"
2018-04-25 22:00:00+00:00,2018-04-26 00:00:00+00:00,1,1322.2649999999999,1322.4750000000001,1318.7902091496742,,1.48,208.68000000003903,0.40577981833585913,"{'time_exit_bars': 1, 'atr': 2.0448954251630047, 'entry_hour_utc': 20, 'exit_reason': 'time_exit', 'signal_time': Timestamp('2018-04-25 20:00:00+0000', tz='UTC')}"
2018-04-26 22:00:00+00:00,2018-04-27 00:00:00+00:00,1,1317.5349999999999,1317.775,1312.5073086495636,,1.02,65.28000000002413,0.1272950058767433,"{'time_exit_bars': 1, 'atr': 2.2513456752182197, 'entry_hour_utc': 20, 'exit_reason': 'time_exit', 'signal_time': Timestamp('2018-04-26 20:00:00+0000', tz='UTC')}"
2018-04-29 22:00:00+00:00,2018-04-30 00:00:00+00:00,1,1322.955,1323.165,1318.468565600855,,1.15,70.15000000000418,0.1359654339571546,"{'time_exit_bars': 1, 'atr': 2.2207171995724484, 'entry_hour_utc': 20, 'exit_reason': 'time_exit', 'signal_time': Timestamp('2018-04-27 20:00:00+0000', tz='UTC')}"
2018-04-30 22:00:00+00:00,2018-05-01 00:00:00+00:00,1,1316.2849999999999,1314.9850000000001,1309.4591408102706,,0.75,-67.49999999997954,-0.13185153326249952,"{'time_exit_bars': 1, 'atr': 2.760429594864767, 'entry_hour_utc': 20, 'exit_reason': 'time_exit', 'signal_time': Timestamp('2018-04-30 20:00:00+0000', tz='UTC')}"
2018-05-01 22:00:00+00:00,2018-05-02 00:00:00+00:00,1,1304.7849999999999,1305.355,1299.7255316051348,,1.02,98.94000000001671,0.19171974687788212,"{'time_exit_bars': 1, 'atr': 2.1372341974326177, 'entry_hour_utc': 20, 'exit_reason': 'time_exit', 'signal_time': Timestamp('2018-05-01 20:00:00+0000', tz='UTC')}"
2018-05-02 22:00:00+00:00,2018-05-03 00:00:00+00:00,1,1305.7849999999999,1305.655,1299.5788964419587,,0.83,88.81000000000981,0.17241091612364995,"{'time_exit_bars': 1, 'atr': 2.6705517790206783, 'entry_hour_utc': 20, 'exit_reason': 'time_exit', 'signal_time': Timestamp('2018-05-02 20:00:00+0000', tz='UTC')}"
2018-05-03 22:00:00+00:00,2018-05-04 00:00:00+00:00,1,1312.5149999999999,1312.625,1307.0929495602386,,0.95,48.450000000012096,0.09406035699339263,"{'time_exit_bars': 1, 'atr': 2.548525219880731, 'entry_hour_utc': 20, 'exit_reason': 'time_exit', 'signal_time': Timestamp('2018-05-03 20:00:00+0000', tz='UTC')}"
2018-05-06 22:00:00+00:00,2018-05-07 00:00:00+00:00,1,1315.065,1314.4750000000001,1310.3971212329684,,1.1,-20.89999999999099,-0.04070371350298389,"{'time_exit_bars': 1, 'atr': 2.1014393835158103, 'entry_hour_utc': 20, 'exit_reason': 'time_exit', 'signal_time': Timestamp('2018-05-04 20:00:00+0000', tz='UTC')}"
2018-05-07 22:00:00+00:00,2018-05-08 00:00:00+00:00,1,1314.475,1315.605,1310.422985883858,,1.27,194.31000000001387,0.37758999750398026,"{'time_exit_bars': 1, 'atr': 1.8885070580710601, 'entry_hour_utc': 20, 'exit_reason': 'time_exit', 'signal_time': Timestamp('2018-05-07 20:00:00+0000', tz='UTC')}"
2018-05-08 22:00:00+00:00,2018-05-09 00:00:00+00:00,1,1315.165,1316.175,1309.1619916526065,,0.86,121.25999999999922,0.23488223210820966,"{'time_exit_bars': 1, 'atr': 2.754004173696731, 'entry_hour_utc': 20, 'exit_reason': 'time_exit', 'signal_time': Timestamp('2018-05-08 20:00:00+0000', tz='UTC')}"
2018-05-09 22:00:00+00:00,2018-05-10 00:00:00+00:00,1,1312.365,1312.2450000000001,1307.626321324448,,1.09,117.72000000001191,0.22791163401142037,"{'time_exit_bars': 1, 'atr': 2.366839337775915, 'entry_hour_utc': 20, 'exit_reason': 'time_exit', 'signal_time': Timestamp('2018-05-09 20:00:00+0000', tz='UTC')}"
2018-05-10 22:00:00+00:00,2018-05-11 00:00:00+00:00,1,1321.455,1320.895,1316.192890255123,,0.98,-15.67999999999465,-0.03040605531948856,"{'time_exit_bars': 1, 'atr': 2.428554872438388, 'entry_hour_utc': 20, 'exit_reason': 'time_exit', 'signal_time': Timestamp('2018-05-10 20:00:00+0000', tz='UTC')}"
2018-05-13 22:00:00+00:00,2018-05-14 00:00:00+00:00,1,1318.2849999999999,1319.935,1314.0132942720506,,1.21,248.050000000011,0.47990197138047447,"{'time_exit_bars': 1, 'atr': 1.95835286397467, 'entry_hour_utc': 20, 'exit_reason': 'time_exit', 'signal_time': Timestamp('2018-05-11 20:00:00+0000', tz='UTC')}"
2018-05-14 22:00:00+00:00,2018-05-15 00:00:00+00:00,1,1314.315,1313.555,1309.3872945769833,,1.05,-37.79999999999904,-0.07305631507891547,"{'time_exit_bars': 1, 'atr': 1.8713527115083948, 'entry_hour_utc': 20, 'exit_reason': 'time_exit', 'signal_time': Timestamp('2018-05-14 20:00:00+0000', tz='UTC')}"
2018-05-15 22:00:00+00:00,2018-05-16 00:00:00+00:00,1,1290.865,1292.625,1285.2960464336716,,0.93,200.87999999999914,0.3878646094411694,"{'time_exit_bars': 1, 'atr': 2.736976783164262, 'entry_hour_utc': 20, 'exit_reason': 'time_exit', 'signal_time': Timestamp('2018-05-15 20:00:00+0000', tz='UTC')}"
2018-05-16 22:00:00+00:00,2018-05-17 00:00:00+00:00,1,1291.135,1291.585,1285.731121474152,,0.96,158.40000000000435,0.30533624916024443,"{'time_exit_bars': 1, 'atr': 2.374439262924012, 'entry_hour_utc': 20, 'exit_reason': 'time_exit', 'signal_time': Timestamp('2018-05-16 20:00:00+0000', tz='UTC')}"
2018-05-17 22:00:00+00:00,2018-05-18 00:00:00+00:00,1,1290.665,1289.335,1286.177425522635,,1.16,-107.87999999999155,-0.207238900366067,"{'time_exit_bars': 1, 'atr': 2.2962872386824538, 'entry_hour_utc': 20, 'exit_reason': 'time_exit', 'signal_time': Timestamp('2018-05-17 20:00:00+0000', tz='UTC')}"
2018-05-20 22:00:00+00:00,2018-05-21 00:00:00+00:00,1,1291.695,1290.9650000000001,1288.358758760168,,1.56,-51.479999999967355,-0.0989137104535095,"{'time_exit_bars': 1, 'atr': 2.0606206199159884, 'entry_hour_utc': 20, 'exit_reason': 'time_exit', 'signal_time': Timestamp('2018-05-18 20:00:00+0000', tz='UTC')}"
2018-05-21 22:00:00+00:00,2018-05-22 00:00:00+00:00,1,1292.7949999999998,1292.315,1288.4723734052138,,1.2,-9.59999999997489,-0.01850726595174502,"{'time_exit_bars': 1, 'atr': 2.003813297393085, 'entry_hour_utc': 20, 'exit_reason': 'time_exit', 'signal_time': Timestamp('2018-05-21 20:00:00+0000', tz='UTC')}"
2018-05-22 22:00:00+00:00,2018-05-23 00:00:00+00:00,1,1291.405,1293.275,1286.9241991777446,,1.16,263.3200000000137,0.5066058702554767,"{'time_exit_bars': 1, 'atr': 2.0479004111276238, 'entry_hour_utc': 20, 'exit_reason': 'time_exit', 'signal_time': Timestamp('2018-05-22 20:00:00+0000', tz='UTC')}"
2018-05-23 22:00:00+00:00,2018-05-24 00:00:00+00:00,1,1294.075,1294.755,1287.6945164642284,,0.81,152.28000000000515,0.2946485151885435,"{'time_exit_bars': 1, 'atr': 2.7427417678858346, 'entry_hour_utc': 20, 'exit_reason': 'time_exit', 'signal_time': Timestamp('2018-05-23 20:00:00+0000', tz='UTC')}"
2018-05-24 22:00:00+00:00,2018-05-25 00:00:00+00:00,1,1305.0149999999999,1304.145,1300.1325061650546,,1.07,-50.28999999998832,-0.09626228232711237,"{'time_exit_bars': 1, 'atr': 2.0587469174727597, 'entry_hour_utc': 20, 'exit_reason': 'time_exit', 'signal_time': Timestamp('2018-05-24 20:00:00+0000', tz='UTC')}"
2018-05-27 22:00:00+00:00,2018-05-27 23:00:00+00:00,1,1299.585,1296.4049763092971,1296.579976309297,,1.74,-553.3241221823064,-1.058235813761261,"{'time_exit_bars': 1, 'atr': 1.9700118453514341, 'entry_hour_utc': 20, 'exit_reason': 'sl', 'signal_time': Timestamp('2018-05-25 20:00:00+0000', tz='UTC')}"
2018-05-29 22:00:00+00:00,2018-05-30 00:00:00+00:00,1,1299.855,1301.895,1291.452331421219,,0.61,148.8399999999978,0.2903839389978583,"{'time_exit_bars': 1, 'atr': 3.5938342893904944, 'entry_hour_utc': 20, 'exit_reason': 'time_exit', 'signal_time': Timestamp('2018-05-29 20:00:00+0000', tz='UTC')}"
2018-05-30 22:00:00+00:00,2018-05-31 00:00:00+00:00,1,1301.875,1302.365,1297.5135387917662,,1.19,201.11000000000107,0.38748481742988916,"{'time_exit_bars': 1, 'atr': 2.018230604116918, 'entry_hour_utc': 20, 'exit_reason': 'time_exit', 'signal_time': Timestamp('2018-05-30 20:00:00+0000', tz='UTC')}"
2018-05-31 22:00:00+00:00,2018-06-01 00:00:00+00:00,1,1299.065,1299.125,1293.3450736964403,,0.91,41.85999999999504,0.08042061655823562,"{'time_exit_bars': 1, 'atr': 2.4474631517798646, 'entry_hour_utc': 20, 'exit_reason': 'time_exit', 'signal_time': Timestamp('2018-05-31 20:00:00+0000', tz='UTC')}"
2018-06-03 22:00:00+00:00,2018-06-04 00:00:00+00:00,1,1293.215,1292.515,1288.9002969665062,,1.21,-36.29999999997799,-0.06952969825988214,"{'time_exit_bars': 1, 'atr': 2.184851516746891, 'entry_hour_utc': 20, 'exit_reason': 'time_exit', 'signal_time': Timestamp('2018-06-01 20:00:00+0000', tz='UTC')}"
2018-06-04 22:00:00+00:00,2018-06-05 00:00:00+00:00,1,1292.355,1291.315,1288.357614700295,,1.3,-83.19999999999527,-0.1601046564230859,"{'time_exit_bars': 1, 'atr': 1.726192649852478, 'entry_hour_utc': 20, 'exit_reason': 'time_exit', 'signal_time': Timestamp('2018-06-04 20:00:00+0000', tz='UTC')}"
2018-06-05 22:00:00+00:00,2018-06-06 00:00:00+00:00,1,1297.0149999999999,1296.7350000000001,1292.265391423854,,1.09,13.080000000027763,0.025265239877436403,"{'time_exit_bars': 1, 'atr': 2.1123042880729606, 'entry_hour_utc': 20, 'exit_reason': 'time_exit', 'signal_time': Timestamp('2018-06-05 20:00:00+0000', tz='UTC')}"
2018-06-06 22:00:00+00:00,2018-06-07 00:00:00+00:00,1,1296.7849999999999,1297.075,1291.6513258001555,,1.01,150.49000000001928,0.29024046754766225,"{'time_exit_bars': 1, 'atr': 2.149337099922218, 'entry_hour_utc': 20, 'exit_reason': 'time_exit', 'signal_time': Timestamp('2018-06-06 20:00:00+0000', tz='UTC')}"
2018-06-07 22:00:00+00:00,2018-06-08 00:00:00+00:00,1,1297.475,1297.035,1292.9217480492823,,1.14,-4.559999999980306,-0.008784930074761891,"{'time_exit_bars': 1, 'atr': 1.8941259753588835, 'entry_hour_utc': 20, 'exit_reason': 'time_exit', 'signal_time': Timestamp('2018-06-07 20:00:00+0000', tz='UTC')}"
2018-06-10 22:00:00+00:00,2018-06-11 00:00:00+00:00,1,1299.2749999999999,1298.935,1294.8954120944504,,1.19,7.140000000009735,0.01369991910062015,"{'time_exit_bars': 1, 'atr': 1.8522939527747462, 'entry_hour_utc': 20, 'exit_reason': 'time_exit', 'signal_time': Timestamp('2018-06-08 20:00:00+0000', tz='UTC')}"
2018-06-11 22:00:00+00:00,2018-06-12 00:00:00+00:00,1,1300.095,1297.945,1297.1680532107157,,1.78,-311.5000000000162,-0.5978926594794657,"{'time_exit_bars': 1, 'atr': 1.5909733946420974, 'entry_hour_utc': 20, 'exit_reason': 'time_exit', 'signal_time': Timestamp('2018-06-11 20:00:00+0000', tz='UTC')}"
2018-06-12 22:00:00+00:00,2018-06-13 00:00:00+00:00,1,1295.615,1295.2150000000001,1291.6379007444814,,1.31,1.787725523172412e-11,3.431334961011376e-14,"{'time_exit_bars': 1, 'atr': 1.941049627759284, 'entry_hour_utc': 20, 'exit_reason': 'time_exit', 'signal_time': Timestamp('2018-06-12 20:00:00+0000', tz='UTC')}"
2018-06-13 22:00:00+00:00,2018-06-14 00:00:00+00:00,1,1300.0249999999999,1299.145,1295.5316397531003,,1.16,37.12000000001372,0.07121619064950781,"{'time_exit_bars': 1, 'atr': 1.9641801234498586, 'entry_hour_utc': 20, 'exit_reason': 'time_exit', 'signal_time': Timestamp('2018-06-13 20:00:00+0000', tz='UTC')}"
2018-06-14 22:00:00+00:00,2018-06-15 00:00:00+00:00,1,1302.335,1302.155,1297.630587677647,,1.1,24.199999999993004,0.046764608398504964,"{'time_exit_bars': 1, 'atr': 2.309706161176485, 'entry_hour_utc': 20, 'exit_reason': 'time_exit', 'signal_time': Timestamp('2018-06-14 20:00:00+0000', tz='UTC')}"
2018-06-17 22:00:00+00:00,2018-06-18 00:00:00+00:00,1,1279.305,1280.695,1274.0040198492977,,0.98,175.4199999999875,0.3376734017316986,"{'time_exit_bars': 1, 'atr': 3.0929900753512154, 'entry_hour_utc': 20, 'exit_reason': 'time_exit', 'signal_time': Timestamp('2018-06-15 20:00:00+0000', tz='UTC')}"
2018-06-18 22:00:00+00:00,2018-06-19 00:00:00+00:00,1,1279.055,1281.035,1274.6110952866154,,1.17,278.4600000000021,0.5355650387443424,"{'time_exit_bars': 1, 'atr': 1.7944523566923478, 'entry_hour_utc': 20, 'exit_reason': 'time_exit', 'signal_time': Timestamp('2018-06-18 20:00:00+0000', tz='UTC')}"
2018-06-19 22:00:00+00:00,2018-06-20 00:00:00+00:00,1,1275.115,1274.765,1269.6077752493645,,0.95,4.75000000000864,0.009078983020317333,"{'time_exit_bars': 1, 'atr': 2.4261123753177123, 'entry_hour_utc': 20, 'exit_reason': 'time_exit', 'signal_time': Timestamp('2018-06-19 20:00:00+0000', tz='UTC')}"
2018-06-20 22:00:00+00:00,2018-06-21 00:00:00+00:00,1,1268.225,1269.165,1263.756840655254,,1.17,250.38000000000636,0.47894442316980573,"{'time_exit_bars': 1, 'atr': 1.9015796723728995, 'entry_hour_utc': 20, 'exit_reason': 'time_exit', 'signal_time': Timestamp('2018-06-20 20:00:00+0000', tz='UTC')}"
2018-06-21 22:00:00+00:00,2018-06-22 00:00:00+00:00,1,1267.555,1267.115,1263.0819351444763,,1.17,-4.68000000000638,-0.008942414494763958,"{'time_exit_bars': 1, 'atr': 2.0790324277618164, 'entry_hour_utc': 20, 'exit_reason': 'time_exit', 'signal_time': Timestamp('2018-06-21 20:00:00+0000', tz='UTC')}"
2018-06-24 22:00:00+00:00,2018-06-25 00:00:00+00:00,1,1271.5449999999998,1270.7150000000001,1265.7256590844377,,0.9,-38.69999999997298,-0.07389152933965194,"{'time_exit_bars': 1, 'atr': 1.74217045778119, 'entry_hour_utc': 20, 'exit_reason': 'time_exit', 'signal_time': Timestamp('2018-06-22 20:00:00+0000', tz='UTC')}"
2018-06-25 22:00:00+00:00,2018-06-26 00:00:00+00:00,1,1266.215,1265.7150000000001,1261.057811020493,,1.01,-10.099999999977037,-0.019390408301333078,"{'time_exit_bars': 1, 'atr': 2.131094489753424, 'entry_hour_utc': 20, 'exit_reason': 'time_exit', 'signal_time': Timestamp('2018-06-25 20:00:00+0000', tz='UTC')}"
2018-06-26 22:00:00+00:00,2018-06-27 00:00:00+00:00,1,1258.615,1257.935,1254.1747851740133,,1.18,-33.04000000000752,-0.06306001195287736,"{'time_exit_bars': 1, 'atr': 2.137607412993309, 'entry_hour_utc': 20, 'exit_reason': 'time_exit', 'signal_time': Timestamp('2018-06-26 20:00:00+0000', tz='UTC')}"
2018-06-27 22:00:00+00:00,2018-06-28 00:00:00+00:00,1,1252.485,1252.675,1247.0756392983578,,0.97,134.83000000000527,0.25696197326573256,"{'time_exit_bars': 1, 'atr': 2.3571803508210936, 'entry_hour_utc': 20, 'exit_reason': 'time_exit', 'signal_time': Timestamp('2018-06-27 20:00:00+0000', tz='UTC')}"
2018-06-28 22:00:00+00:00,2018-06-29 00:00:00+00:00,1,1248.185,1248.335,1244.089239939885,,1.28,70.40000000001164,0.13428521005320918,"{'time_exit_bars': 1, 'atr': 2.025380030057631, 'entry_hour_utc': 20, 'exit_reason': 'time_exit', 'signal_time': Timestamp('2018-06-28 20:00:00+0000', tz='UTC')}"
2018-07-01 22:00:00+00:00,2018-07-02 00:00:00+00:00,1,1252.905,1253.115,1248.7450125027624,,1.26,76.86000000000459,0.14663505609214067,"{'time_exit_bars': 1, 'atr': 1.9974937486187576, 'entry_hour_utc': 20, 'exit_reason': 'time_exit', 'signal_time': Timestamp('2018-06-29 20:00:00+0000', tz='UTC')}"
2018-07-02 20:00:00+00:00,2018-07-03 00:00:00+00:00,1,1240.095,1241.875,1235.8889108651583,,1.18,257.23999999999677,0.5182961963268087,"{'time_exit_bars': 2, 'atr': 2.0155445674209105, 'entry_hour_utc': 19, 'exit_reason': 'time_exit', 'signal_time': Timestamp('2018-07-02 19:00:00+0000', tz='UTC')}"
2018-07-03 20:00:00+00:00,2018-07-04 00:00:00+00:00,1,1252.915,1254.7450000000001,1247.6697154751632,,0.95,211.85000000001466,0.4251437628294465,"{'time_exit_bars': 2, 'atr': 2.530142262418344, 'entry_hour_utc': 19, 'exit_reason': 'time_exit', 'signal_time': Timestamp('2018-07-03 19:00:00+0000', tz='UTC')}"
2018-07-05 20:00:00+00:00,2018-07-06 00:00:00+00:00,1,1257.225,1257.125,1252.9415950889934,,1.17,35.10000000001064,0.07003774012333473,"{'time_exit_bars': 2, 'atr': 2.069202455503231, 'entry_hour_utc': 19, 'exit_reason': 'time_exit', 'signal_time': Timestamp('2018-07-05 19:00:00+0000', tz='UTC')}"
2018-07-06 20:00:00+00:00,2018-07-09 00:00:00+00:00,1,1255.095,1256.155,1251.1110484470757,,1.26,284.7599999999931,0.5672759746139661,"{'time_exit_bars': 2, 'atr': 1.9094757764621895, 'entry_hour_utc': 19, 'exit_reason': 'time_exit', 'signal_time': Timestamp('2018-07-06 19:00:00+0000', tz='UTC')}"
2018-07-09 20:00:00+00:00,2018-07-10 00:00:00+00:00,1,1258.305,1258.125,1254.4665535273357,,1.31,28.819999999991666,0.05731485421684889,"{'time_exit_bars': 2, 'atr': 1.8317232363322025, 'entry_hour_utc': 19, 'exit_reason': 'time_exit', 'signal_time': Timestamp('2018-07-09 19:00:00+0000', tz='UTC')}"
2018-07-10 20:00:00+00:00,2018-07-11 00:00:00+00:00,1,1255.585,1255.7050000000002,1250.6041883058929,,1.01,52.52000000001195,0.10440065433819444,"{'time_exit_bars': 2, 'atr': 2.3729058470534987, 'entry_hour_utc': 19, 'exit_reason': 'time_exit', 'signal_time': Timestamp('2018-07-10 19:00:00+0000', tz='UTC')}"
2018-07-11 20:00:00+00:00,2018-07-12 00:00:00+00:00,1,1242.385,1242.4950000000001,1237.5525761720246,,1.04,136.24000000001325,0.27108549387088215,"{'time_exit_bars': 2, 'atr': 2.2887119139877847, 'entry_hour_utc': 19, 'exit_reason': 'time_exit', 'signal_time': Timestamp('2018-07-11 19:00:00+0000', tz='UTC')}"
2018-07-12 20:00:00+00:00,2018-07-13 00:00:00+00:00,1,1247.115,1245.7450000000001,1243.308992774588,,1.32,-128.0399999999856,-0.25486026235666975,"{'time_exit_bars': 2, 'atr': 1.8305036127060201, 'entry_hour_utc': 19, 'exit_reason': 'time_exit', 'signal_time': Timestamp('2018-07-12 19:00:00+0000', tz='UTC')}"
2018-07-13 20:00:00+00:00,2018-07-16 00:00:00+00:00,1,1241.665,1240.935,1236.9533073857406,,1.07,50.289999999998045,0.09975183834734491,"{'time_exit_bars': 2, 'atr': 2.298346307129682, 'entry_hour_utc': 19, 'exit_reason': 'time_exit', 'signal_time': Timestamp('2018-07-13 19:00:00+0000', tz='UTC')}"
2018-07-16 20:00:00+00:00,2018-07-17 00:00:00+00:00,1,1241.2749999999999,1240.515,1237.4990106428868,,1.33,-47.87999999996855,-0.09533925177029648,"{'time_exit_bars': 2, 'atr': 1.8054946785565573, 'entry_hour_utc': 19, 'exit_reason': 'time_exit', 'signal_time': Timestamp('2018-07-16 19:00:00+0000', tz='UTC')}"
2018-07-17 20:00:00+00:00,2018-07-18 00:00:00+00:00,1,1227.825,1226.915,1222.7326824866766,,0.99,-50.4900000000081,-0.10015086425104615,"{'time_exit_bars': 2, 'atr': 2.49865875666175, 'entry_hour_utc': 19, 'exit_reason': 'time_exit', 'signal_time': Timestamp('2018-07-17 19:00:00+0000', tz='UTC')}"
2018-07-18 20:00:00+00:00,2018-07-19 00:00:00+00:00,1,1227.925,1227.135,1223.9575195921768,,1.27,52.07000000000461,0.10334014484144464,"{'time_exit_bars': 2, 'atr': 1.8462402039116408, 'entry_hour_utc': 19, 'exit_reason': 'time_exit', 'signal_time': Timestamp('2018-07-18 19:00:00+0000', tz='UTC')}"
2018-07-19 20:00:00+00:00,2018-07-20 00:00:00+00:00,1,1222.855,1223.2450000000001,1215.7681075354446,,0.71,56.0900000000071,0.11147340021754708,"{'time_exit_bars': 2, 'atr': 3.4309462322777864, 'entry_hour_utc': 19, 'exit_reason': 'time_exit', 'signal_time': Timestamp('2018-07-19 19:00:00+0000', tz='UTC')}"
2018-07-20 20:00:00+00:00,2018-07-23 00:00:00+00:00,1,1230.875,1232.605,1224.691043671217,,0.81,237.33000000000146,0.47380670952710213,"{'time_exit_bars': 2, 'atr': 2.9544781643915123, 'entry_hour_utc': 19, 'exit_reason': 'time_exit', 'signal_time': Timestamp('2018-07-20 19:00:00+0000', tz='UTC')}"
2018-07-23 20:00:00+00:00,2018-07-24 00:00:00+00:00,1,1225.065,1223.9950000000001,1219.9810824066715,,0.99,-66.3299999999937,-0.13178813143610954,"{'time_exit_bars': 2, 'atr': 2.444458796664232, 'entry_hour_utc': 19, 'exit_reason': 'time_exit', 'signal_time': Timestamp('2018-07-23 19:00:00+0000', tz='UTC')}"
2018-07-24 20:00:00+00:00,2018-07-25 00:00:00+00:00,1,1225.355,1224.915,1220.1789885379392,,0.97,-3.880000000005289,-0.007727958157211736,"{'time_exit_bars': 2, 'atr': 2.5005057310304477, 'entry_hour_utc': 19, 'exit_reason': 'time_exit', 'signal_time': Timestamp('2018-07-24 19:00:00+0000', tz='UTC')}"
2018-07-25 20:00:00+00:00,2018-07-26 00:00:00+00:00,1,1232.145,1232.875,1227.0945858018342,,1.0,193.00000000000182,0.3821468743496265,"{'time_exit_bars': 2, 'atr': 2.4377070990828567, 'entry_hour_utc': 19, 'exit_reason': 'time_exit', 'signal_time': Timestamp('2018-07-25 19:00:00+0000', tz='UTC')}"
2018-07-26 20:00:00+00:00,2018-07-27 00:00:00+00:00,1,1222.855,1223.915,1218.3780843759828,,1.13,164.97999999999382,0.3261173813880938,"{'time_exit_bars': 2, 'atr': 2.165957812008584, 'entry_hour_utc': 19, 'exit_reason': 'time_exit', 'signal_time': Timestamp('2018-07-26 19:00:00+0000', tz='UTC')}"
2018-07-27 20:00:00+00:00,2018-07-30 00:00:00+00:00,1,1223.2549999999999,1222.2450000000001,1218.5255532186843,,1.07,20.330000000025294,0.040173831905850256,"{'time_exit_bars': 2, 'atr': 2.2822233906578435, 'entry_hour_utc': 19, 'exit_reason': 'time_exit', 'signal_time': Timestamp('2018-07-27 19:00:00+0000', tz='UTC')}"
2018-07-30 20:00:00+00:00,2018-07-31 00:00:00+00:00,1,1221.385,1222.315,1217.7636070376716,,1.4,186.2000000000089,0.36726199388892905,"{'time_exit_bars': 2, 'atr': 1.723196481164261, 'entry_hour_utc': 19, 'exit_reason': 'time_exit', 'signal_time': Timestamp('2018-07-30 19:00:00+0000', tz='UTC')}"
2018-07-31 20:00:00+00:00,2018-08-01 00:00:00+00:00,1,1224.725,1223.685,1219.0976502403335,,0.9,-57.59999999999672,-0.11373026865810049,"{'time_exit_bars': 2, 'atr': 2.7511748798332505, 'entry_hour_utc': 19, 'exit_reason': 'time_exit', 'signal_time': Timestamp('2018-07-31 19:00:00+0000', tz='UTC')}"
2018-08-01 20:00:00+00:00,2018-08-02 00:00:00+00:00,1,1216.2949999999998,1217.545,1211.469214589053,,1.05,257.2500000000239,0.5076893793169235,"{'time_exit_bars': 2, 'atr': 2.3253927054734587, 'entry_hour_utc': 19, 'exit_reason': 'time_exit', 'signal_time': Timestamp('2018-08-01 19:00:00+0000', tz='UTC')}"
2018-08-02 20:00:00+00:00,2018-08-03 00:00:00+00:00,1,1209.335,1208.125,1204.7831446293637,,1.11,-89.91000000000406,-0.17794941491886782,"{'time_exit_bars': 2, 'atr': 2.1934276853182064, 'entry_hour_utc': 19, 'exit_reason': 'time_exit', 'signal_time': Timestamp('2018-08-02 19:00:00+0000', tz='UTC')}"
2018-08-03 20:00:00+00:00,2018-08-06 00:00:00+00:00,1,1213.715,1214.615,1208.868582648386,,1.05,220.50000000000955,0.4333097724860224,"{'time_exit_bars': 2, 'atr': 2.3357086758068735, 'entry_hour_utc': 19, 'exit_reason': 'time_exit', 'signal_time': Timestamp('2018-08-03 19:00:00+0000', tz='UTC')}"
2018-08-06 20:00:00+00:00,2018-08-07 00:00:00+00:00,1,1207.585,1208.4650000000001,1203.8833496327,,1.37,175.36000000001496,0.34579170720915914,"{'time_exit_bars': 2, 'atr': 1.7633251836500967, 'entry_hour_utc': 19, 'exit_reason': 'time_exit', 'signal_time': Timestamp('2018-08-06 19:00:00+0000', tz='UTC')}"
2018-08-07 20:00:00+00:00,2018-08-08 00:00:00+00:00,1,1210.2949999999998,1212.2150000000001,1206.0349774514657,,1.19,276.08000000003574,0.5445980563644195,"{'time_exit_bars': 2, 'atr': 2.0375112742671107, 'entry_hour_utc': 19, 'exit_reason': 'time_exit', 'signal_time': Timestamp('2018-08-07 19:00:00+0000', tz='UTC')}"
2018-08-08 20:00:00+00:00,2018-08-09 00:00:00+00:00,1,1213.665,1213.075,1209.1023249082016,,1.12,68.32000000000917,0.1336934994772222,"{'time_exit_bars': 2, 'atr': 2.1888375458992573, 'entry_hour_utc': 19, 'exit_reason': 'time_exit', 'signal_time': Timestamp('2018-08-08 19:00:00+0000', tz='UTC')}"
2018-08-09 20:00:00+00:00,2018-08-10 00:00:00+00:00,1,1212.0349999999999,1211.895,1207.9377447534616,,1.25,32.500000000015916,0.06345711564340581,"{'time_exit_bars': 2, 'atr': 1.9911276232692285, 'entry_hour_utc': 19, 'exit_reason': 'time_exit', 'signal_time': Timestamp('2018-08-09 19:00:00+0000', tz='UTC')}"
2018-08-10 20:00:00+00:00,2018-08-13 00:00:00+00:00,1,1211.385,1212.155,1206.2830231583991,,1.0,196.99999999999818,0.386124841637238,"{'time_exit_bars': 2, 'atr': 2.4634884208004304, 'entry_hour_utc': 19, 'exit_reason': 'time_exit', 'signal_time': Timestamp('2018-08-10 19:00:00+0000', tz='UTC')}"
2018-08-13 20:00:00+00:00,2018-08-14 00:00:00+00:00,1,1193.5249999999999,1192.585,1187.7762042335676,,0.89,-48.05999999998462,-0.09393271598774354,"{'time_exit_bars': 2, 'atr': 2.7868978832161737, 'entry_hour_utc': 19, 'exit_reason': 'time_exit', 'signal_time': Timestamp('2018-08-13 19:00:00+0000', tz='UTC')}"
2018-08-14 20:00:00+00:00,2018-08-15 00:00:00+00:00,1,1194.405,1193.685,1190.693932263555,,1.38,-44.160000000003755,-0.08622855273091312,"{'time_exit_bars': 2, 'atr': 1.7680338682224157, 'entry_hour_utc': 19, 'exit_reason': 'time_exit', 'signal_time': Timestamp('2018-08-14 19:00:00+0000', tz='UTC')}"
2018-08-15 20:00:00+00:00,2018-08-16 00:00:00+00:00,1,1174.735,1173.535,1168.6335365153975,,0.84,1.5276668818842154e-11,2.980680052337764e-14,"{'time_exit_bars': 2, 'atr': 2.95323174230126, 'entry_hour_utc': 19, 'exit_reason': 'time_exit', 'signal_time': Timestamp('2018-08-15 19:00:00+0000', tz='UTC')}"
2018-08-16 20:00:00+00:00,2018-08-17 00:00:00+00:00,1,1173.825,1175.145,1166.575938233113,,0.7,120.39999999999554,0.23727208503819272,"{'time_exit_bars': 2, 'atr': 3.5570308834435145, 'entry_hour_utc': 19, 'exit_reason': 'time_exit', 'signal_time': Timestamp('2018-08-16 19:00:00+0000', tz='UTC')}"
2018-08-17 20:00:00+00:00,2018-08-20 00:00:00+00:00,1,1184.405,1183.325,1179.224428376463,,0.99,11.8800000000072,0.023163467030332275,"{'time_exit_bars': 2, 'atr': 2.5127858117684814, 'entry_hour_utc': 19, 'exit_reason': 'time_exit', 'signal_time': Timestamp('2018-08-17 19:00:00+0000', tz='UTC')}"
2018-08-20 20:00:00+00:00,2018-08-21 00:00:00+00:00,1,1190.335,1190.935,1185.9276483942701,,1.16,115.99999999998946,0.2268936289766016,"{'time_exit_bars': 2, 'atr': 2.066175802864881, 'entry_hour_utc': 19, 'exit_reason': 'time_exit', 'signal_time': Timestamp('2018-08-20 19:00:00+0000', tz='UTC')}"
2018-08-21 20:00:00+00:00,2018-08-22 00:00:00+00:00,1,1193.985,1195.815,1189.4733594234758,,1.14,254.22000000001762,0.4942769624876054,"{'time_exit_bars': 2, 'atr': 2.1683202882620893, 'entry_hour_utc': 19, 'exit_reason': 'time_exit', 'signal_time': Timestamp('2018-08-21 19:00:00+0000', tz='UTC')}"
2018-08-22 20:00:00+00:00,2018-08-23 00:00:00+00:00,1,1196.685,1194.855,1191.9890994584528,,1.09,-68.66999999999209,-0.13415957055009456,"{'time_exit_bars': 2, 'atr': 2.265450270773639, 'entry_hour_utc': 19, 'exit_reason': 'time_exit', 'signal_time': Timestamp('2018-08-22 19:00:00+0000', tz='UTC')}"
2018-08-23 20:00:00+00:00,2018-08-24 00:00:00+00:00,1,1185.365,1184.275,1180.3755612298023,,1.03,-71.06999999999157,-0.13829210694424027,"{'time_exit_bars': 2, 'atr': 2.4072193850988617, 'entry_hour_utc': 19, 'exit_reason': 'time_exit', 'signal_time': Timestamp('2018-08-23 19:00:00+0000', tz='UTC')}"
2018-08-24 20:00:00+00:00,2018-08-27 00:00:00+00:00,1,1205.815,1207.535,1200.533187006477,,0.97,283.2400000000026,0.5528404742047333,"{'time_exit_bars': 2, 'atr': 2.568406496761504, 'entry_hour_utc': 19, 'exit_reason': 'time_exit', 'signal_time': Timestamp('2018-08-24 19:00:00+0000', tz='UTC')}"
2018-08-27 20:00:00+00:00,2018-08-28 00:00:00+00:00,1,1210.5049999999999,1210.835,1205.9210812804401,,1.12,81.76000000001733,0.15925238745731257,"{'time_exit_bars': 2, 'atr': 2.2194593597799197, 'entry_hour_utc': 19, 'exit_reason': 'time_exit', 'signal_time': Timestamp('2018-08-27 19:00:00+0000', tz='UTC')}"
2018-08-28 20:00:00+00:00,2018-08-29 00:00:00+00:00,1,1201.305,1202.445,1196.0597612548768,,0.98,150.9199999999875,0.2935996004818033,"{'time_exit_bars': 2, 'atr': 2.5351193725616197, 'entry_hour_utc': 19, 'exit_reason': 'time_exit', 'signal_time': Timestamp('2018-08-28 19:00:00+0000', tz='UTC')}"
2018-08-29 20:00:00+00:00,2018-08-30 00:00:00+00:00,1,1206.445,1206.9750000000001,1202.0931680889767,,1.18,204.1400000000236,0.3975337364520154,"{'time_exit_bars': 2, 'atr': 2.0834159555117213, 'entry_hour_utc': 19, 'exit_reason': 'time_exit', 'signal_time': Timestamp('2018-08-29 19:00:00+0000', tz='UTC')}"
2018-08-30 20:00:00+00:00,2018-08-31 00:00:00+00:00,1,1200.5149999999999,1199.655,1195.0412368995912,,0.94,-43.23999999999058,-0.08403725034529894,"{'time_exit_bars': 2, 'atr': 2.6493815502043905, 'entry_hour_utc': 19, 'exit_reason': 'time_exit', 'signal_time': Timestamp('2018-08-30 19:00:00+0000', tz='UTC')}"
2018-08-31 20:00:00+00:00,2018-09-03 00:00:00+00:00,1,1199.465,1198.865,1193.6866961629507,,0.89,53.4000000000081,0.10383669964757243,"{'time_exit_bars': 2, 'atr': 2.8016519185245916, 'entry_hour_utc': 19, 'exit_reason': 'time_exit', 'signal_time': Timestamp('2018-08-31 19:00:00+0000', tz='UTC')}"
2018-09-04 20:00:00+00:00,2018-09-05 00:00:00+00:00,1,1193.305,1191.785,1188.333914031356,,1.04,-116.47999999999811,-0.2253028829242882,"{'time_exit_bars': 2, 'atr': 2.3980429843220343, 'entry_hour_utc': 19, 'exit_reason': 'time_exit', 'signal_time': Timestamp('2018-09-04 19:00:00+0000', tz='UTC')}"
2018-09-05 20:00:00+00:00,2018-09-06 00:00:00+00:00,1,1197.145,1196.885,1193.0613623628335,,1.26,118.44000000000113,0.23018692732302498,"{'time_exit_bars': 2, 'atr': 1.9543188185832252, 'entry_hour_utc': 19, 'exit_reason': 'time_exit', 'signal_time': Timestamp('2018-09-05 19:00:00+0000', tz='UTC')}"
2018-09-06 20:00:00+00:00,2018-09-07 00:00:00+00:00,1,1199.585,1200.885,1194.3464843066026,,0.99,168.2999999999955,0.3245194057817991,"{'time_exit_bars': 2, 'atr': 2.5867578466986747, 'entry_hour_utc': 19, 'exit_reason': 'time_exit', 'signal_time': Timestamp('2018-09-06 19:00:00+0000', tz='UTC')}"
2018-09-07 20:00:00+00:00,2018-09-10 00:00:00+00:00,1,1196.2949999999998,1195.935,1190.5818330345985,,0.9,75.600000000009,0.14702878545071388,"{'time_exit_bars': 2, 'atr': 2.769083482700638, 'entry_hour_utc': 19, 'exit_reason': 'time_exit', 'signal_time': Timestamp('2018-09-07 19:00:00+0000', tz='UTC')}"
2018-09-10 20:00:00+00:00,2018-09-11 00:00:00+00:00,1,1195.5449999999998,1194.805,1191.2430502702955,,1.2,-40.79999999997381,-0.07903393144093024,"{'time_exit_bars': 2, 'atr': 2.063474864852211, 'entry_hour_utc': 19, 'exit_reason': 'time_exit', 'signal_time': Timestamp('2018-09-10 19:00:00+0000', tz='UTC')}"
2018-09-11 20:00:00+00:00,2018-09-12 00:00:00+00:00,1,1196.225,1196.805,1191.4829870260264,,1.09,106.82000000001688,0.20666328948884777,"{'time_exit_bars': 2, 'atr': 2.2785064869867173, 'entry_hour_utc': 19, 'exit_reason': 'time_exit', 'signal_time': Timestamp('2018-09-11 19:00:00+0000', tz='UTC')}"
2018-09-12 20:00:00+00:00,2018-09-13 00:00:00+00:00,1,1206.305,1205.9550000000002,1200.8104223128757,,0.94,79.90000000000853,0.1546979674146627,"{'time_exit_bars': 2, 'atr': 2.6597888435621906, 'entry_hour_utc': 19, 'exit_reason': 'time_exit', 'signal_time': Timestamp('2018-09-12 19:00:00+0000', tz='UTC')}"
2018-09-13 20:00:00+00:00,2018-09-14 00:00:00+00:00,1,1202.135,1201.895,1196.9380693338874,,1.0,15.99999999999909,0.030787403234623718,"{'time_exit_bars': 2, 'atr': 2.510965333056373, 'entry_hour_utc': 19, 'exit_reason': 'time_exit', 'signal_time': Timestamp('2018-09-13 19:00:00+0000', tz='UTC')}"
2018-09-14 20:00:00+00:00,2018-09-17 00:00:00+00:00,1,1194.085,1193.185,1189.0964860357929,,1.04,31.19999999999054,0.06013814978817793,"{'time_exit_bars': 2, 'atr': 2.396756982103572, 'entry_hour_utc': 19, 'exit_reason': 'time_exit', 'signal_time': Timestamp('2018-09-14 19:00:00+0000', tz='UTC')}"
2018-09-17 20:00:00+00:00,2018-09-18 00:00:00+00:00,1,1200.645,1198.2050000000002,1196.771945214154,,1.34,-273.3599999999768,-0.5267160194725165,"{'time_exit_bars': 2, 'atr': 1.8440273929230198, 'entry_hour_utc': 19, 'exit_reason': 'time_exit', 'signal_time': Timestamp('2018-09-17 19:00:00+0000', tz='UTC')}"
2018-09-18 20:00:00+00:00,2018-09-19 00:00:00+00:00,1,1198.495,1199.275,1194.0257594465315,,1.16,136.88000000002322,0.26402696070688375,"{'time_exit_bars': 2, 'atr': 2.137120276734206, 'entry_hour_utc': 19, 'exit_reason': 'time_exit', 'signal_time': Timestamp('2018-09-18 19:00:00+0000', tz='UTC')}"
2018-09-19 20:00:00+00:00,2018-09-20 00:00:00+00:00,1,1203.665,1203.7350000000001,1199.463216973795,,1.23,156.21000000002013,0.3022526370542284,"{'time_exit_bars': 2, 'atr': 2.013391513102522, 'entry_hour_utc': 19, 'exit_reason': 'time_exit', 'signal_time': Timestamp('2018-09-19 19:00:00+0000', tz='UTC')}"
2018-09-20 20:00:00+00:00,2018-09-21 00:00:00+00:00,1,1207.355,1207.185,1202.925576866888,,1.17,26.909999999991484,0.051925497539524995,"{'time_exit_bars': 2, 'atr': 2.127211566556025, 'entry_hour_utc': 19, 'exit_reason': 'time_exit', 'signal_time': Timestamp('2018-09-20 19:00:00+0000', tz='UTC')}"
2018-09-21 20:00:00+00:00,2018-09-24 00:00:00+00:00,1,1199.095,1197.775,1193.476870553511,,0.92,-11.039999999994151,-0.02135942240970033,"{'time_exit_bars': 2, 'atr': 2.7215647232445734, 'entry_hour_utc': 19, 'exit_reason': 'time_exit', 'signal_time': Timestamp('2018-09-21 19:00:00+0000', tz='UTC')}"
2018-09-24 20:00:00+00:00,2018-09-25 00:00:00+00:00,1,1199.0149999999999,1199.095,1194.637011359,,1.19,57.12000000001839,0.10963938908040198,"{'time_exit_bars': 2, 'atr': 2.071494320499974, 'entry_hour_utc': 19, 'exit_reason': 'time_exit', 'signal_time': Timestamp('2018-09-24 19:00:00+0000', tz='UTC')}"
2018-09-25 20:00:00+00:00,2018-09-26 00:00:00+00:00,1,1201.085,1201.015,1197.6923594601315,,1.53,50.49000000000975,0.09726936765686554,"{'time_exit_bars': 2, 'atr': 1.6088202699342782, 'entry_hour_utc': 19, 'exit_reason': 'time_exit', 'signal_time': Timestamp('2018-09-25 19:00:00+0000', tz='UTC')}"
2018-09-26 20:00:00+00:00,2018-09-27 00:00:00+00:00,1,1194.705,1196.275,1188.9493157851957,,0.9,249.30000000001473,0.4812633731495279,"{'time_exit_bars': 2, 'atr': 2.7903421074021577, 'entry_hour_utc': 19, 'exit_reason': 'time_exit', 'signal_time': Timestamp('2018-09-26 19:00:00+0000', tz='UTC')}"
2018-09-27 20:00:00+00:00,2018-09-28 00:00:00+00:00,1,1184.345,1183.335,1179.5957882823059,,1.1,-67.099999999999,-0.1284423681781362,"{'time_exit_bars': 2, 'atr': 2.287105858847052, 'entry_hour_utc': 19, 'exit_reason': 'time_exit', 'signal_time': Timestamp('2018-09-27 19:00:00+0000', tz='UTC')}"
2018-09-28 20:00:00+00:00,2018-10-01 00:00:00+00:00,1,1191.805,1190.685,1187.1161468621706,,1.11,8.879999999986893,0.01706174146390832,"{'time_exit_bars': 2, 'atr': 2.256926568914748, 'entry_hour_utc': 19, 'exit_reason': 'time_exit', 'signal_time': Timestamp('2018-09-28 19:00:00+0000', tz='UTC')}"
2018-10-01 20:00:00+00:00,2018-10-02 00:00:00+00:00,1,1189.615,1188.815,1185.1286317350764,,1.16,-46.399999999994726,-0.08915897589757162,"{'time_exit_bars': 2, 'atr': 2.170684132461829, 'entry_hour_utc': 19, 'exit_reason': 'time_exit', 'signal_time': Timestamp('2018-10-01 19:00:00+0000', tz='UTC')}"
2018-10-02 20:00:00+00:00,2018-10-03 00:00:00+00:00,1,1203.375,1205.315,1197.6348485006247,,0.91,212.940000000005,0.40765474574228755,"{'time_exit_bars': 2, 'atr': 2.777575749687654, 'entry_hour_utc': 19, 'exit_reason': 'time_exit', 'signal_time': Timestamp('2018-10-02 19:00:00+0000', tz='UTC')}"
2018-10-03 20:00:00+00:00,2018-10-04 00:00:00+00:00,1,1198.695,1197.7250000000001,1193.9226519881172,,1.09,25.070000000021807,0.048194305911371006,"{'time_exit_bars': 2, 'atr': 2.2486740059414303, 'entry_hour_utc': 19, 'exit_reason': 'time_exit', 'signal_time': Timestamp('2018-10-03 19:00:00+0000', tz='UTC')}"
2018-10-04 20:00:00+00:00,2018-10-05 00:00:00+00:00,1,1199.465,1198.835,1194.291301251498,,1.01,-23.22999999998806,-0.04445562279142748,"{'time_exit_bars': 2, 'atr': 2.4993493742509787, 'entry_hour_utc': 19, 'exit_reason': 'time_exit', 'signal_time': Timestamp('2018-10-04 19:00:00+0000', tz='UTC')}"
2018-10-05 20:00:00+00:00,2018-10-08 00:00:00+00:00,1,1203.225,1203.565,1198.6423074091151,,1.14,175.56000000001657,0.3360469788140021,"{'time_exit_bars': 2, 'atr': 2.203846295442362, 'entry_hour_utc': 19, 'exit_reason': 'time_exit', 'signal_time': Timestamp('2018-10-05 19:00:00+0000', tz='UTC')}"
2018-10-08 20:00:00+00:00,2018-10-09 00:00:00+00:00,1,1189.0349999999999,1190.4650000000001,1183.8447111402347,,1.01,184.8300000000294,0.3525815324434758,"{'time_exit_bars': 2, 'atr': 2.5126444298825663, 'entry_hour_utc': 19, 'exit_reason': 'time_exit', 'signal_time': Timestamp('2018-10-08 19:00:00+0000', tz='UTC')}"
2018-10-09 20:00:00+00:00,2018-10-10 00:00:00+00:00,1,1190.2749999999999,1189.655,1185.8373621243063,,1.18,-25.95999999998711,-0.04957592443603957,"{'time_exit_bars': 2, 'atr': 2.1513189378469098, 'entry_hour_utc': 19, 'exit_reason': 'time_exit', 'signal_time': Timestamp('2018-10-09 19:00:00+0000', tz='UTC')}"
2018-10-10 20:00:00+00:00,2018-10-11 00:00:00+00:00,1,1193.075,1193.695,1188.4188991273832,,1.12,203.83999999998778,0.39088500223514017,"{'time_exit_bars': 2, 'atr': 2.2405504363084283, 'entry_hour_utc': 19, 'exit_reason': 'time_exit', 'signal_time': Timestamp('2018-10-10 19:00:00+0000', tz='UTC')}"
2018-10-11 20:00:00+00:00,2018-10-12 00:00:00+00:00,1,1223.065,1221.055,1215.0121735283556,,0.65,-104.64999999999941,-0.1999298017496219,"{'time_exit_bars': 2, 'atr': 3.9389132358222367, 'entry_hour_utc': 19, 'exit_reason': 'time_exit', 'signal_time': Timestamp('2018-10-11 19:00:00+0000', tz='UTC')}"
2018-10-12 20:00:00+00:00,2018-10-15 00:00:00+00:00,1,1217.975,1218.9950000000001,1211.660104343747,,0.83,184.26000000001733,0.3515497517052389,"{'time_exit_bars': 2, 'atr': 3.0849478281264746, 'entry_hour_utc': 19, 'exit_reason': 'time_exit', 'signal_time': Timestamp('2018-10-12 19:00:00+0000', tz='UTC')}"
2018-10-15 20:00:00+00:00,2018-10-16 00:00:00+00:00,1,1225.5249999999999,1226.575,1220.0646632355565,,0.96,139.20000000001744,0.2655513867646952,"{'time_exit_bars': 2, 'atr': 2.6526683822216532, 'entry_hour_utc': 19, 'exit_reason': 'time_exit', 'signal_time': Timestamp('2018-10-15 19:00:00+0000', tz='UTC')}"
2018-10-16 20:00:00+00:00,2018-10-17 00:00:00+00:00,1,1224.915,1224.7050000000002,1220.3843049160002,,1.16,22.040000000022154,0.041936170163201135,"{'time_exit_bars': 2, 'atr': 2.177847541999914, 'entry_hour_utc': 19, 'exit_reason': 'time_exit', 'signal_time': Timestamp('2018-10-16 19:00:00+0000', tz='UTC')}"
2018-10-17 20:00:00+00:00,2018-10-18 00:00:00+00:00,1,1223.585,1221.9550000000002,1218.916731426744,,1.12,-48.15999999998678,-0.09211123851427591,"{'time_exit_bars': 2, 'atr': 2.2666342866280305, 'entry_hour_utc': 19, 'exit_reason': 'time_exit', 'signal_time': Timestamp('2018-10-17 19:00:00+0000', tz='UTC')}"
2018-10-18 20:00:00+00:00,2018-10-19 00:00:00+00:00,1,1225.195,1225.625,1220.1459057131808,,1.04,86.32000000000662,0.16438591811739653,"{'time_exit_bars': 2, 'atr': 2.4370471434096124, 'entry_hour_utc': 19, 'exit_reason': 'time_exit', 'signal_time': Timestamp('2018-10-18 19:00:00+0000', tz='UTC')}"
2018-10-19 20:00:00+00:00,2018-10-22 00:00:00+00:00,1,1226.465,1227.095,1222.1566136930614,,1.22,223.26000000001332,0.4247529979038722,"{'time_exit_bars': 2, 'atr': 2.0666931534692226, 'entry_hour_utc': 19, 'exit_reason': 'time_exit', 'signal_time': Timestamp('2018-10-19 19:00:00+0000', tz='UTC')}"
2018-10-22 20:00:00+00:00,2018-10-23 00:00:00+00:00,1,1222.975,1222.105,1219.0343656103114,,1.34,-62.97999999998539,-0.11927013610543101,"{'time_exit_bars': 2, 'atr': 1.8428171948443581, 'entry_hour_utc': 19, 'exit_reason': 'time_exit', 'signal_time': Timestamp('2018-10-22 19:00:00+0000', tz='UTC')}"
2018-10-23 20:00:00+00:00,2018-10-24 00:00:00+00:00,1,1230.195,1230.645,1224.1246953570578,,0.87,73.95000000000397,0.1400259212671199,"{'time_exit_bars': 2, 'atr': 2.947652321471086, 'entry_hour_utc': 19, 'exit_reason': 'time_exit', 'signal_time': Timestamp('2018-10-23 19:00:00+0000', tz='UTC')}"
2018-10-24 20:00:00+00:00,2018-10-25 00:00:00+00:00,1,1232.825,1235.025,1227.5192342688847,,0.99,336.60000000000446,0.6408123110413545,"{'time_exit_bars': 2, 'atr': 2.5653828655576816, 'entry_hour_utc': 19, 'exit_reason': 'time_exit', 'signal_time': Timestamp('2018-10-24 19:00:00+0000', tz='UTC')}"
2018-10-25 20:00:00+00:00,2018-10-26 00:00:00+00:00,1,1230.345,1231.515,1225.3626914301228,,1.06,166.42000000000775,0.3151149668834678,"{'time_exit_bars': 2, 'atr': 2.4036542849386797, 'entry_hour_utc': 19, 'exit_reason': 'time_exit', 'signal_time': Timestamp('2018-10-25 19:00:00+0000', tz='UTC')}"
2018-10-26 20:00:00+00:00,2018-10-29 00:00:00+00:00,1,1234.0449999999998,1232.395,1227.2834363790807,,0.78,-35.099999999989365,-0.06655265338443932,"{'time_exit_bars': 2, 'atr': 3.2932818104595234, 'entry_hour_utc': 19, 'exit_reason': 'time_exit', 'signal_time': Timestamp('2018-10-26 19:00:00+0000', tz='UTC')}"
2018-10-29 22:00:00+00:00,2018-10-30 01:00:00+00:00,1,1229.725,1227.255,1224.8082580281175,,1.08,-223.5599999999784,-0.4210105008230254,"{'time_exit_bars': 2, 'atr': 2.3308709859412313, 'entry_hour_utc': 19, 'exit_reason': 'time_exit', 'signal_time': Timestamp('2018-10-29 19:00:00+0000', tz='UTC')}"
2018-10-30 22:00:00+00:00,2018-10-31 01:00:00+00:00,1,1222.575,1219.9850000000001,1218.883799936676,,1.43,-313.1699999999883,-0.5933029807188984,"{'time_exit_bars': 2, 'atr': 2.0431000316620063, 'entry_hour_utc': 19, 'exit_reason': 'time_exit', 'signal_time': Timestamp('2018-10-30 19:00:00+0000', tz='UTC')}"
2018-10-31 22:00:00+00:00,2018-11-01 01:00:00+00:00,1,1215.475,1217.2150000000001,1209.204695731583,,0.84,246.96000000001987,0.46887676803959283,"{'time_exit_bars': 2, 'atr': 2.6376521342085186, 'entry_hour_utc': 19, 'exit_reason': 'time_exit', 'signal_time': Timestamp('2018-10-31 19:00:00+0000', tz='UTC')}"
2018-11-01 22:00:00+00:00,2018-11-02 01:00:00+00:00,1,1234.465,1231.795,1227.732090745034,,0.78,-177.05999999998792,-0.3371499472275766,"{'time_exit_bars': 2, 'atr': 2.6539546274830097, 'entry_hour_utc': 19, 'exit_reason': 'time_exit', 'signal_time': Timestamp('2018-11-01 19:00:00+0000', tz='UTC')}"
2018-11-04 22:00:00+00:00,2018-11-05 01:00:00+00:00,1,1233.315,1232.9550000000002,1227.7490001933718,,0.94,3.7600000000094056,0.007186489649616241,"{'time_exit_bars': 2, 'atr': 2.5004999033140973, 'entry_hour_utc': 19, 'exit_reason': 'time_exit', 'signal_time': Timestamp('2018-11-02 19:00:00+0000', tz='UTC')}"
2018-11-05 20:00:00+00:00,2018-11-06 00:00:00+00:00,1,1230.565,1230.2450000000001,1226.4001353629226,,1.26,10.08000000000802,0.019208307345181926,"{'time_exit_bars': 2, 'atr': 1.9799323185386233, 'entry_hour_utc': 19, 'exit_reason': 'time_exit', 'signal_time': Timestamp('2018-11-05 19:00:00+0000', tz='UTC')}"
2018-11-06 20:00:00+00:00,2018-11-07 00:00:00+00:00,1,1226.5249999999999,1230.255,1222.0183521135964,,1.17,483.21000000002874,0.9164239372817279,"{'time_exit_bars': 2, 'atr': 2.1258239432017865, 'entry_hour_utc': 19, 'exit_reason': 'time_exit', 'signal_time': Timestamp('2018-11-06 19:00:00+0000', tz='UTC')}"
2018-11-07 20:00:00+00:00,2018-11-08 00:00:00+00:00,1,1226.305,1224.935,1221.067192937254,,1.01,-17.17000000001194,-0.03245633104916099,"{'time_exit_bars': 2, 'atr': 2.5914035313729857, 'entry_hour_utc': 19, 'exit_reason': 'time_exit', 'signal_time': Timestamp('2018-11-07 19:00:00+0000', tz='UTC')}"
2018-11-08 20:00:00+00:00,2018-11-09 00:00:00+00:00,1,1223.925,1222.085,1218.4234264714319,,0.96,-138.23999999999214,-0.26174329808052416,"{'time_exit_bars': 2, 'atr': 2.6582867642840187, 'entry_hour_utc': 19, 'exit_reason': 'time_exit', 'signal_time': Timestamp('2018-11-08 19:00:00+0000', tz='UTC')}"
2018-11-09 20:00:00+00:00,2018-11-12 00:00:00+00:00,1,1210.0349999999999,1210.435,1204.7274097580514,,0.99,158.40000000000902,0.3014550722764013,"{'time_exit_bars': 2, 'atr': 2.566295120974259, 'entry_hour_utc': 19, 'exit_reason': 'time_exit', 'signal_time': Timestamp('2018-11-09 19:00:00+0000', tz='UTC')}"
2018-11-12 20:00:00+00:00,2018-11-13 00:00:00+00:00,1,1201.585,1202.765,1197.632668669092,,1.34,211.72000000000853,0.3997640551145478,"{'time_exit_bars': 2, 'atr': 1.9186656654540035, 'entry_hour_utc': 19, 'exit_reason': 'time_exit', 'signal_time': Timestamp('2018-11-12 19:00:00+0000', tz='UTC')}"
2018-11-13 20:00:00+00:00,2018-11-14 00:00:00+00:00,1,1201.7949999999998,1202.015,1197.0746532721273,,1.12,69.44000000002853,0.13134628359804595,"{'time_exit_bars': 2, 'atr': 2.2776733639363553, 'entry_hour_utc': 19, 'exit_reason': 'time_exit', 'signal_time': Timestamp('2018-11-13 19:00:00+0000', tz='UTC')}"
2018-11-14 20:00:00+00:00,2018-11-15 00:00:00+00:00,1,1212.065,1210.435,1205.5468099681043,,0.81,-34.83000000000884,-0.06596923346756851,"{'time_exit_bars': 2, 'atr': 3.1665950159478498, 'entry_hour_utc': 19, 'exit_reason': 'time_exit', 'signal_time': Timestamp('2018-11-14 19:00:00+0000', tz='UTC')}"
2018-11-15 20:00:00+00:00,2018-11-16 00:00:00+00:00,1,1213.345,1214.2350000000001,1207.60253728251,,0.92,118.68000000000922,0.22464229433672953,"{'time_exit_bars': 2, 'atr': 2.7837313587451056, 'entry_hour_utc': 19, 'exit_reason': 'time_exit', 'signal_time': Timestamp('2018-11-15 19:00:00+0000', tz='UTC')}"
2018-11-16 20:00:00+00:00,2018-11-19 00:00:00+00:00,1,1222.065,1222.405,1217.521911291745,,1.17,180.1799999999904,0.3389764318714839,"{'time_exit_bars': 2, 'atr': 2.179044354127537, 'entry_hour_utc': 19, 'exit_reason': 'time_exit', 'signal_time': Timestamp('2018-11-16 19:00:00+0000', tz='UTC')}"
2018-11-19 20:00:00+00:00,2018-11-20 00:00:00+00:00,1,1223.365,1222.435,1219.4031979792649,,1.34,-71.02000000000854,-0.13377750761551613,"{'time_exit_bars': 2, 'atr': 1.8634010103676677, 'entry_hour_utc': 19, 'exit_reason': 'time_exit', 'signal_time': Timestamp('2018-11-19 19:00:00+0000', tz='UTC')}"
2018-11-20 20:00:00+00:00,2018-11-21 00:00:00+00:00,1,1222.555,1220.075,1218.1497907387654,,1.21,-251.6800000000022,-0.47216826185847627,"{'time_exit_bars': 2, 'atr': 2.0651046306173138, 'entry_hour_utc': 19, 'exit_reason': 'time_exit', 'signal_time': Timestamp('2018-11-20 19:00:00+0000', tz='UTC')}"
2018-11-21 20:00:00+00:00,2018-11-22 00:00:00+00:00,1,1225.345,1225.125,1221.2765232518975,,1.3,127.39999999999645,0.24087639199536603,"{'time_exit_bars': 2, 'atr': 1.9467383740512325, 'entry_hour_utc': 19, 'exit_reason': 'time_exit', 'signal_time': Timestamp('2018-11-21 19:00:00+0000', tz='UTC')}"
2018-11-26 20:00:00+00:00,2018-11-27 00:00:00+00:00,1,1222.5349999999999,1222.805,1219.127614429362,,1.56,104.52000000003264,0.19663169491992172,"{'time_exit_bars': 2, 'atr': 1.6661927853190288, 'entry_hour_utc': 19, 'exit_reason': 'time_exit', 'signal_time': Timestamp('2018-11-26 19:00:00+0000', tz='UTC')}"
2018-11-27 20:00:00+00:00,2018-11-28 00:00:00+00:00,1,1215.075,1214.375,1210.3632500409058,,1.13,-33.90000000000514,-0.06367061126004944,"{'time_exit_bars': 2, 'atr': 2.2683749795472163, 'entry_hour_utc': 19, 'exit_reason': 'time_exit', 'signal_time': Timestamp('2018-11-27 19:00:00+0000', tz='UTC')}"
2018-11-28 20:00:00+00:00,2018-11-29 00:00:00+00:00,1,1220.345,1221.7150000000001,1215.0706168029478,,1.01,259.57000000001193,0.4872607666118124,"{'time_exit_bars': 2, 'atr': 2.554691598526118, 'entry_hour_utc': 19, 'exit_reason': 'time_exit', 'signal_time': Timestamp('2018-11-28 19:00:00+0000', tz='UTC')}"
2018-11-29 20:00:00+00:00,2018-11-30 00:00:00+00:00,1,1224.105,1224.035,1219.3712994824648,,1.12,36.960000000007135,0.06971290194164843,"{'time_exit_bars': 2, 'atr': 2.2793502587675922, 'entry_hour_utc': 19, 'exit_reason': 'time_exit', 'signal_time': Timestamp('2018-11-29 19:00:00+0000', tz='UTC')}"
2018-11-30 20:00:00+00:00,2018-12-03 00:00:00+00:00,1,1221.905,1222.525,1218.1758471597718,,1.43,260.26000000001693,0.4880465022422544,"{'time_exit_bars': 2, 'atr': 1.7820764201140544, 'entry_hour_utc': 19, 'exit_reason': 'time_exit', 'signal_time': Timestamp('2018-11-30 19:00:00+0000', tz='UTC')}"
2018-12-03 20:00:00+00:00,2018-12-04 00:00:00+00:00,1,1230.895,1231.165,1226.09092757907,,1.11,74.36999999999799,0.13946500828775676,"{'time_exit_bars': 2, 'atr': 2.3145362104650187, 'entry_hour_utc': 19, 'exit_reason': 'time_exit', 'signal_time': Timestamp('2018-12-03 19:00:00+0000', tz='UTC')}"
2018-12-04 20:00:00+00:00,2018-12-05 00:00:00+00:00,1,1238.105,1236.505,1233.4927213336919,,1.16,-139.19999999998944,-0.26017508628992586,"{'time_exit_bars': 2, 'atr': 2.218639333154134, 'entry_hour_utc': 19, 'exit_reason': 'time_exit', 'signal_time': Timestamp('2018-12-04 19:00:00+0000', tz='UTC')}"
2018-12-05 20:00:00+00:00,2018-12-06 00:00:00+00:00,1,1237.325,1239.075,1233.9383667466361,,1.58,466.1,0.8710715862338446,"{'time_exit_bars': 2, 'atr': 1.5858166266818998, 'entry_hour_utc': 19, 'exit_reason': 'time_exit', 'signal_time': Timestamp('2018-12-05 19:00:00+0000', tz='UTC')}"
2018-12-06 20:00:00+00:00,2018-12-07 00:00:00+00:00,1,1238.405,1238.195,1233.2452549347,,1.04,19.759999999996218,0.03682352472755637,"{'time_exit_bars': 2, 'atr': 2.492372532650097, 'entry_hour_utc': 19, 'exit_reason': 'time_exit', 'signal_time': Timestamp('2018-12-06 19:00:00+0000', tz='UTC')}"
2018-12-07 20:00:00+00:00,2018-12-10 00:00:00+00:00,1,1248.485,1248.565,1244.1358719315506,,1.23,157.440000000019,0.2943118666212418,"{'time_exit_bars': 2, 'atr': 2.1420640342247097, 'entry_hour_utc': 19, 'exit_reason': 'time_exit', 'signal_time': Timestamp('2018-12-07 19:00:00+0000', tz='UTC')}"
2018-12-10 20:00:00+00:00,2018-12-11 00:00:00+00:00,1,1244.345,1244.265,1240.287888831397,,1.32,42.24000000000961,0.07887385548526897,"{'time_exit_bars': 2, 'atr': 1.9410555843015989, 'entry_hour_utc': 19, 'exit_reason': 'time_exit', 'signal_time': Timestamp('2018-12-10 19:00:00+0000', tz='UTC')}"
2018-12-11 20:00:00+00:00,2018-12-12 00:00:00+00:00,1,1243.075,1243.795,1239.001307225306,,1.32,147.8400000000036,0.27493482251717605,"{'time_exit_bars': 2, 'atr': 1.949346387347089, 'entry_hour_utc': 19, 'exit_reason': 'time_exit', 'signal_time': Timestamp('2018-12-11 19:00:00+0000', tz='UTC')}"
2018-12-12 20:00:00+00:00,2018-12-13 00:00:00+00:00,1,1245.995,1245.175,1242.4233935424438,,1.51,57.3800000000096,0.10639470068045642,"{'time_exit_bars': 2, 'atr': 1.6983032287780027, 'entry_hour_utc': 19, 'exit_reason': 'time_exit', 'signal_time': Timestamp('2018-12-12 19:00:00+0000', tz='UTC')}"
2018-12-13 20:00:00+00:00,2018-12-14 00:00:00+00:00,1,1243.115,1242.075,1239.3875213505853,,1.44,-92.15999999999477,-0.17169783121372337,"{'time_exit_bars': 2, 'atr': 1.7762393247073809, 'entry_hour_utc': 19, 'exit_reason': 'time_exit', 'signal_time': Timestamp('2018-12-13 19:00:00+0000', tz='UTC')}"
2018-12-14 20:00:00+00:00,2018-12-17 00:00:00+00:00,1,1238.425,1236.195,1234.6017126579911,,1.41,-145.23000000000258,-0.2694016713530188,"{'time_exit_bars': 2, 'atr': 1.8241436710043926, 'entry_hour_utc': 19, 'exit_reason': 'time_exit', 'signal_time': Timestamp('2018-12-14 19:00:00+0000', tz='UTC')}"
2018-12-17 20:00:00+00:00,2018-12-18 00:00:00+00:00,1,1246.2849999999999,1245.875,1242.9707371954923,,1.62,-1.6199999999764145,-0.003017262235889706,"{'time_exit_bars': 2, 'atr': 1.5696314022537297, 'entry_hour_utc': 19, 'exit_reason': 'time_exit', 'signal_time': Timestamp('2018-12-17 19:00:00+0000', tz='UTC')}"
2018-12-18 20:00:00+00:00,2018-12-19 00:00:00+00:00,1,1249.385,1249.095,1245.9700194992095,,1.57,17.270000000005723,0.03221101847421165,"{'time_exit_bars': 2, 'atr': 1.6399902503952757, 'entry_hour_utc': 19, 'exit_reason': 'time_exit', 'signal_time': Timestamp('2018-12-18 19:00:00+0000', tz='UTC')}"
2018-12-19 20:00:00+00:00,2018-12-20 00:00:00+00:00,1,1241.945,1244.415,1236.0818619288093,,0.91,333.97000000000247,0.625944665712905,"{'time_exit_bars': 2, 'atr': 2.8490690355952926, 'entry_hour_utc': 19, 'exit_reason': 'time_exit', 'signal_time': Timestamp('2018-12-19 19:00:00+0000', tz='UTC')}"
2018-12-20 20:00:00+00:00,2018-12-21 00:00:00+00:00,1,1261.095,1261.395,1254.0569555707018,,0.76,53.19999999999655,0.09945944601968829,"{'time_exit_bars': 2, 'atr': 3.4315222146491107, 'entry_hour_utc': 19, 'exit_reason': 'time_exit', 'signal_time': Timestamp('2018-12-20 19:00:00+0000', tz='UTC')}"
2018-12-21 20:00:00+00:00,2018-12-24 00:00:00+00:00,1,1255.595,1260.335,1251.0260000058438,,1.18,700.9200000000011,1.3000656615446038,"{'time_exit_bars': 2, 'atr': 2.1969999970781795, 'entry_hour_utc': 19, 'exit_reason': 'time_exit', 'signal_time': Timestamp('2018-12-21 19:00:00+0000', tz='UTC')}"
2018-12-26 20:00:00+00:00,2018-12-27 00:00:00+00:00,1,1266.345,1270.2050000000002,1260.0534840632943,,0.86,435.16000000001094,0.8042576782614878,"{'time_exit_bars': 2, 'atr': 3.058257968352905, 'entry_hour_utc': 19, 'exit_reason': 'time_exit', 'signal_time': Timestamp('2018-12-26 19:00:00+0000', tz='UTC')}"
2018-12-27 20:00:00+00:00,2018-12-28 00:00:00+00:00,1,1275.205,1275.375,1269.7784877793267,,1.0,57.000000000007276,0.10503984453007638,"{'time_exit_bars': 2, 'atr': 2.6257561103366642, 'entry_hour_utc': 19, 'exit_reason': 'time_exit', 'signal_time': Timestamp('2018-12-27 19:00:00+0000', tz='UTC')}"
2018-12-28 20:00:00+00:00,2018-12-31 00:00:00+00:00,1,1280.105,1279.015,1275.4833162441885,,1.18,12.980000000009653,0.023800849606328448,"{'time_exit_bars': 2, 'atr': 2.2233418779058414, 'entry_hour_utc': 19, 'exit_reason': 'time_exit', 'signal_time': Timestamp('2018-12-28 19:00:00+0000', tz='UTC')}"
2019-01-02 20:00:00+00:00,2019-01-03 00:00:00+00:00,1,1283.345,1286.4950000000001,1277.2557647084761,,0.82,356.70000000000744,0.7143754169025485,"{'time_exit_bars': 2, 'atr': 2.957117645761973, 'entry_hour_utc': 19, 'exit_reason': 'time_exit', 'signal_time': Timestamp('2019-01-02 19:00:00+0000', tz='UTC')}"
2019-01-03 20:00:00+00:00,2019-01-04 00:00:00+00:00,1,1295.135,1296.605,1289.7653521359086,,0.93,173.91000000000253,0.34825374909691004,"{'time_exit_bars': 2, 'atr': 2.587323932045729, 'entry_hour_utc': 19, 'exit_reason': 'time_exit', 'signal_time': Timestamp('2019-01-03 19:00:00+0000', tz='UTC')}"
2019-01-04 20:00:00+00:00,2019-01-07 00:00:00+00:00,1,1285.055,1284.7050000000002,1278.8907764090643,,0.81,68.85000000000737,0.13789246730926197,"{'time_exit_bars': 2, 'atr': 2.994611795467858, 'entry_hour_utc': 19, 'exit_reason': 'time_exit', 'signal_time': Timestamp('2019-01-04 19:00:00+0000', tz='UTC')}"
2019-01-07 20:00:00+00:00,2019-01-08 00:00:00+00:00,1,1288.905,1288.815,1284.6761570088781,,1.18,36.580000000009655,0.07330610302886754,"{'time_exit_bars': 2, 'atr': 2.0269214955609187, 'entry_hour_utc': 19, 'exit_reason': 'time_exit', 'signal_time': Timestamp('2019-01-07 19:00:00+0000', tz='UTC')}"
2019-01-08 20:00:00+00:00,2019-01-09 00:00:00+00:00,1,1285.415,1285.095,1281.0396828038274,,1.15,9.200000000007321,0.018284388631307994,"{'time_exit_bars': 2, 'atr': 2.1001585980862405, 'entry_hour_utc': 19, 'exit_reason': 'time_exit', 'signal_time': Timestamp('2019-01-08 19:00:00+0000', tz='UTC')}"
2019-01-09 20:00:00+00:00,2019-01-10 00:00:00+00:00,1,1293.805,1292.9550000000002,1288.8586502461771,,1.01,35.35000000000919,0.07075925023894324,"{'time_exit_bars': 2, 'atr': 2.3756748769114235, 'entry_hour_utc': 19, 'exit_reason': 'time_exit', 'signal_time': Timestamp('2019-01-09 19:00:00+0000', tz='UTC')}"
2019-01-10 20:00:00+00:00,2019-01-11 00:00:00+00:00,1,1286.395,1287.7050000000002,1282.050687705059,,1.15,196.65000000001987,0.3936181112005989,"{'time_exit_bars': 2, 'atr': 2.084656147470442, 'entry_hour_utc': 19, 'exit_reason': 'time_exit', 'signal_time': Timestamp('2019-01-10 19:00:00+0000', tz='UTC')}"
2019-01-11 20:00:00+00:00,2019-01-14 00:00:00+00:00,1,1288.475,1288.825,1284.2433772386505,,1.19,184.45000000001622,0.36628973975597606,"{'time_exit_bars': 2, 'atr': 2.0283113806747317, 'entry_hour_utc': 19, 'exit_reason': 'time_exit', 'signal_time': Timestamp('2019-01-11 19:00:00+0000', tz='UTC')}"
2019-01-14 20:00:00+00:00,2019-01-15 00:00:00+00:00,1,1291.695,1290.9850000000001,1287.2009149833402,,1.12,-34.71999999997862,-0.06897955843083288,"{'time_exit_bars': 2, 'atr': 2.159542508329844, 'entry_hour_utc': 19, 'exit_reason': 'time_exit', 'signal_time': Timestamp('2019-01-14 19:00:00+0000', tz='UTC')}"
2019-01-15 20:00:00+00:00,2019-01-16 00:00:00+00:00,1,1289.175,1290.425,1284.7712422730963,,1.14,188.09999999999997,0.37468001246293126,"{'time_exit_bars': 2, 'atr': 2.114378863451871, 'entry_hour_utc': 19, 'exit_reason': 'time_exit', 'signal_time': Timestamp('2019-01-15 19:00:00+0000', tz='UTC')}"
2019-01-16 20:00:00+00:00,2019-01-17 00:00:00+00:00,1,1293.2749999999999,1293.7150000000001,1289.6797847543328,,1.4,229.60000000003947,0.45616183953847994,"{'time_exit_bars': 2, 'atr': 1.7101076228336163, 'entry_hour_utc': 19, 'exit_reason': 'time_exit', 'signal_time': Timestamp('2019-01-16 19:00:00+0000', tz='UTC')}"
2019-01-17 20:00:00+00:00,2019-01-18 00:00:00+00:00,1,1291.925,1290.885,1288.0045883385112,,1.29,-82.55999999999531,-0.16324816250468174,"{'time_exit_bars': 2, 'atr': 1.8727058307444244, 'entry_hour_utc': 19, 'exit_reason': 'time_exit', 'signal_time': Timestamp('2019-01-17 19:00:00+0000', tz='UTC')}"
2019-01-18 20:00:00+00:00,2019-01-21 00:00:00+00:00,1,1280.7749999999999,1283.2050000000002,1276.8089112157775,,1.27,461.01000000003694,0.9152593896639163,"{'time_exit_bars': 2, 'atr': 1.9105443921112715, 'entry_hour_utc': 19, 'exit_reason': 'time_exit', 'signal_time': Timestamp('2019-01-18 19:00:00+0000', tz='UTC')}"
2019-01-22 20:00:00+00:00,2019-01-23 00:00:00+00:00,1,1284.555,1284.2450000000001,1280.7375170501875,,1.33,11.97000000000726,0.023575743803773728,"{'time_exit_bars': 2, 'atr': 1.836241474906258, 'entry_hour_utc': 19, 'exit_reason': 'time_exit', 'signal_time': Timestamp('2019-01-22 19:00:00+0000', tz='UTC')}"
2019-01-23 20:00:00+00:00,2019-01-24 00:00:00+00:00,1,1283.215,1284.195,1279.6847598603686,,1.44,313.92000000000263,0.6175217304700585,"{'time_exit_bars': 2, 'atr': 1.6776200698156942, 'entry_hour_utc': 19, 'exit_reason': 'time_exit', 'signal_time': Timestamp('2019-01-23 19:00:00+0000', tz='UTC')}"
2019-01-24 20:00:00+00:00,2019-01-25 00:00:00+00:00,1,1281.065,1280.615,1277.2470516908347,,1.33,-6.650000000006052,-0.01309603901132343,"{'time_exit_bars': 2, 'atr': 1.8214741545826847, 'entry_hour_utc': 19, 'exit_reason': 'time_exit', 'signal_time': Timestamp('2019-01-24 19:00:00+0000', tz='UTC')}"
2019-01-25 20:00:00+00:00,2019-01-28 00:00:00+00:00,1,1299.815,1300.9550000000002,1294.7146702293476,,1.0,234.00000000001,0.458793863382043,"{'time_exit_bars': 2, 'atr': 2.4126648853262482, 'entry_hour_utc': 19, 'exit_reason': 'time_exit', 'signal_time': Timestamp('2019-01-25 19:00:00+0000', tz='UTC')}"
2019-01-28 20:00:00+00:00,2019-01-29 00:00:00+00:00,1,1304.075,1304.175,1300.5416612789952,,1.44,71.9999999999869,0.14150921818718673,"{'time_exit_bars': 2, 'atr': 1.7091693605024034, 'entry_hour_utc': 19, 'exit_reason': 'time_exit', 'signal_time': Timestamp('2019-01-28 19:00:00+0000', tz='UTC')}"
2019-01-29 20:00:00+00:00,2019-01-30 00:00:00+00:00,1,1311.5449999999998,1311.065,1307.2462019146997,,1.19,-9.519999999975106,-0.01860985289663926,"{'time_exit_bars': 2, 'atr': 2.0118990426501937, 'entry_hour_utc': 19, 'exit_reason': 'time_exit', 'signal_time': Timestamp('2019-01-29 19:00:00+0000', tz='UTC')}"
2019-01-30 20:00:00+00:00,2019-01-31 00:00:00+00:00,1,1319.115,1317.795,1313.6112007778434,,0.93,-11.159999999994085,-0.021803120927240967,"{'time_exit_bars': 2, 'atr': 2.6243996110782795, 'entry_hour_utc': 19, 'exit_reason': 'time_exit', 'signal_time': Timestamp('2019-01-30 19:00:00+0000', tz='UTC')}"
2019-01-31 20:00:00+00:00,2019-02-01 00:00:00+00:00,1,1320.225,1321.195,1315.7790176977705,,1.15,157.55000000000314,0.30814337684454174,"{'time_exit_bars': 2, 'atr': 2.0954911511147056, 'entry_hour_utc': 19, 'exit_reason': 'time_exit', 'signal_time': Timestamp('2019-01-31 19:00:00+0000', tz='UTC')}"
2019-02-01 20:00:00+00:00,2019-02-04 00:00:00+00:00,1,1317.925,1315.405,1313.6972341721987,,1.21,-159.7199999999978,-0.3122216446615444,"{'time_exit_bars': 2, 'atr': 2.0263829139006573, 'entry_hour_utc': 19, 'exit_reason': 'time_exit', 'signal_time': Timestamp('2019-02-01 19:00:00+0000', tz='UTC')}"
2019-02-04 20:00:00+00:00,2019-02-05 00:00:00+00:00,1,1312.145,1312.005,1308.3044249712068,,1.33,34.58000000001694,0.06769819572612977,"{'time_exit_bars': 2, 'atr': 1.797787514396632, 'entry_hour_utc': 19, 'exit_reason': 'time_exit', 'signal_time': Timestamp('2019-02-04 19:00:00+0000', tz='UTC')}"
2019-02-05 20:00:00+00:00,2019-02-06 00:00:00+00:00,1,1315.385,1314.9850000000001,1311.6532009037476,,1.37,1.8687273950490635e-11,3.655166207355931e-14,"{'time_exit_bars': 2, 'atr': 1.7783995481262145, 'entry_hour_utc': 19, 'exit_reason': 'time_exit', 'signal_time': Timestamp('2019-02-05 19:00:00+0000', tz='UTC')}"
2019-02-06 20:00:00+00:00,2019-02-07 00:00:00+00:00,1,1306.7649999999999,1306.515,1303.090432584425,,1.39,132.0500000000316,0.2585338333904467,"{'time_exit_bars': 2, 'atr': 1.749783707787548, 'entry_hour_utc': 19, 'exit_reason': 'time_exit', 'signal_time': Timestamp('2019-02-06 19:00:00+0000', tz='UTC')}"
2019-02-07 20:00:00+00:00,2019-02-08 00:00:00+00:00,1,1309.735,1310.285,1305.8823445535024,,1.33,126.3500000000242,0.2465831718390099,"{'time_exit_bars': 2, 'atr': 1.8388277232488024, 'entry_hour_utc': 19, 'exit_reason': 'time_exit', 'signal_time': Timestamp('2019-02-07 19:00:00+0000', tz='UTC')}"
2019-02-08 20:00:00+00:00,2019-02-11 00:00:00+00:00,1,1314.5249999999999,1312.645,1311.1178026109444,,1.5,-101.9999999999823,-0.19957751851541305,"{'time_exit_bars': 2, 'atr': 1.596098694527769, 'entry_hour_utc': 19, 'exit_reason': 'time_exit', 'signal_time': Timestamp('2019-02-08 19:00:00+0000', tz='UTC')}"
2019-02-11 20:00:00+00:00,2019-02-12 00:00:00+00:00,1,1308.435,1306.925,1304.5425873679335,,1.31,-145.4099999999988,-0.28517017719436905,"{'time_exit_bars': 2, 'atr': 1.8587063160332877, 'entry_hour_utc': 19, 'exit_reason': 'time_exit', 'signal_time': Timestamp('2019-02-11 19:00:00+0000', tz='UTC')}"
2019-02-12 20:00:00+00:00,2019-02-13 00:00:00+00:00,1,1311.115,1309.515,1307.409876613911,,1.38,-165.59999999998746,-0.3238758537719187,"{'time_exit_bars': 2, 'atr': 1.7600616930445598, 'entry_hour_utc': 19, 'exit_reason': 'time_exit', 'signal_time': Timestamp('2019-02-12 19:00:00+0000', tz='UTC')}"
2019-02-13 20:00:00+00:00,2019-02-14 00:00:00+00:00,1,1305.875,1307.635,1301.180770594629,,1.08,319.67999999999904,0.6305614285942667,"{'time_exit_bars': 2, 'atr': 2.2596147026855364, 'entry_hour_utc': 19, 'exit_reason': 'time_exit', 'signal_time': Timestamp('2019-02-13 19:00:00+0000', tz='UTC')}"
2019-02-14 20:00:00+00:00,2019-02-15 00:00:00+00:00,1,1312.825,1312.2150000000001,1307.5819954217632,,0.97,-20.36999999999029,-0.04005336956438801,"{'time_exit_bars': 2, 'atr': 2.5390022891184674, 'entry_hour_utc': 19, 'exit_reason': 'time_exit', 'signal_time': Timestamp('2019-02-14 19:00:00+0000', tz='UTC')}"
2019-02-15 20:00:00+00:00,2019-02-17 23:00:00+00:00,1,1321.125,1316.7524690233238,1316.9274690233237,,1.22,-435.8487791544984,-0.8511029451663653,"{'time_exit_bars': 2, 'atr': 1.9862654883381896, 'entry_hour_utc': 19, 'exit_reason': 'sl', 'signal_time': Timestamp('2019-02-15 19:00:00+0000', tz='UTC')}"
2019-02-19 20:00:00+00:00,2019-02-20 00:00:00+00:00,1,1340.875,1340.295,1336.2571611982464,,1.1,-19.79999999999199,-0.038979273146471455,"{'time_exit_bars': 2, 'atr': 2.2214194008767896, 'entry_hour_utc': 19, 'exit_reason': 'time_exit', 'signal_time': Timestamp('2019-02-19 19:00:00+0000', tz='UTC')}"
2019-02-20 20:00:00+00:00,2019-02-21 00:00:00+00:00,1,1338.745,1340.165,1333.354696390322,,0.94,246.28000000000682,0.4860579643966757,"{'time_exit_bars': 2, 'atr': 2.6176518048389776, 'entry_hour_utc': 19, 'exit_reason': 'time_exit', 'signal_time': Timestamp('2019-02-20 19:00:00+0000', tz='UTC')}"
2019-02-21 20:00:00+00:00,2019-02-22 00:00:00+00:00,1,1323.705,1325.065,1317.9239231235497,,0.88,154.8800000000112,0.30444154914625887,"{'time_exit_bars': 2, 'atr': 2.8030384382251157, 'entry_hour_utc': 19, 'exit_reason': 'time_exit', 'signal_time': Timestamp('2019-02-21 19:00:00+0000', tz='UTC')}"
2019-02-22 20:00:00+00:00,2019-02-25 00:00:00+00:00,1,1328.495,1329.375,1323.7776223873557,,1.08,224.64000000001178,0.44092293871599025,"{'time_exit_bars': 2, 'atr': 2.2711888063221624, 'entry_hour_utc': 19, 'exit_reason': 'time_exit', 'signal_time': Timestamp('2019-02-22 19:00:00+0000', tz='UTC')}"
2019-02-25 20:00:00+00:00,2019-02-26 00:00:00+00:00,1,1327.145,1327.045,1322.8687167867981,,1.2,36.000000000010914,0.07015438057842459,"{'time_exit_bars': 2, 'atr': 2.0506416066009825, 'entry_hour_utc': 19, 'exit_reason': 'time_exit', 'signal_time': Timestamp('2019-02-25 19:00:00+0000', tz='UTC')}"
2019-02-26 20:00:00+00:00,2019-02-27 00:00:00+00:00,1,1329.095,1328.535,1324.76557560519,,1.18,-18.879999999993565,-0.036956413926929055,"{'time_exit_bars': 2, 'atr': 2.1072121974049964, 'entry_hour_utc': 19, 'exit_reason': 'time_exit', 'signal_time': Timestamp('2019-02-26 19:00:00+0000', tz='UTC')}"
2019-02-27 20:00:00+00:00,2019-02-28 00:00:00+00:00,1,1320.135,1320.395,1315.7803869561153,,1.18,172.27999999999892,0.33527663314431894,"{'time_exit_bars': 2, 'atr': 2.084806521942377, 'entry_hour_utc': 19, 'exit_reason': 'time_exit', 'signal_time': Timestamp('2019-02-27 19:00:00+0000', tz='UTC')}"
2019-02-28 20:00:00+00:00,2019-03-01 00:00:00+00:00,1,1312.825,1313.085,1307.6826164427664,,1.0,65.99999999999909,0.12834515213700617,"{'time_exit_bars': 2, 'atr': 2.4836917786168895, 'entry_hour_utc': 19, 'exit_reason': 'time_exit', 'signal_time': Timestamp('2019-02-28 19:00:00+0000', tz='UTC')}"
2019-03-01 20:00:00+00:00,2019-03-04 00:00:00+00:00,1,1290.395,1294.415,1284.123555693206,,0.82,428.03999999999843,0.8323441530597842,"{'time_exit_bars': 2, 'atr': 3.0482221533969702, 'entry_hour_utc': 19, 'exit_reason': 'time_exit', 'signal_time': Timestamp('2019-03-01 19:00:00+0000', tz='UTC')}"
2019-03-04 20:00:00+00:00,2019-03-05 00:00:00+00:00,1,1286.905,1286.175,1281.4471110145432,,0.94,-31.020000000001694,-0.06046293738830998,"{'time_exit_bars': 2, 'atr': 2.6214444927283647, 'entry_hour_utc': 19, 'exit_reason': 'time_exit', 'signal_time': Timestamp('2019-03-04 19:00:00+0000', tz='UTC')}"
2019-03-05 20:00:00+00:00,2019-03-06 00:00:00+00:00,1,1288.325,1287.9750000000001,1283.9324045306378,,1.17,5.850000000010638,0.011382791870736503,"{'time_exit_bars': 2, 'atr': 2.1587977346811007, 'entry_hour_utc': 19, 'exit_reason': 'time_exit', 'signal_time': Timestamp('2019-03-05 19:00:00+0000', tz='UTC')}"
2019-03-06 20:00:00+00:00,2019-03-07 00:00:00+00:00,1,1287.595,1287.355,1283.4356840341823,,1.24,119.03999999999888,0.23080718269289843,"{'time_exit_bars': 2, 'atr': 1.9921579829088734, 'entry_hour_utc': 19, 'exit_reason': 'time_exit', 'signal_time': Timestamp('2019-03-06 19:00:00+0000', tz='UTC')}"
2019-03-07 20:00:00+00:00,2019-03-08 00:00:00+00:00,1,1285.985,1286.2150000000001,1281.4910746664868,,1.15,72.45000000002824,0.14018924509093972,"{'time_exit_bars': 2, 'atr': 2.2094626667566244, 'entry_hour_utc': 19, 'exit_reason': 'time_exit', 'signal_time': Timestamp('2019-03-07 19:00:00+0000', tz='UTC')}"
2019-03-08 20:00:00+00:00,2019-03-11 00:00:00+00:00,1,1300.135,1298.035,1295.3547315930225,,1.08,-97.19999999999021,-0.1882739468533254,"{'time_exit_bars': 2, 'atr': 2.3876342034887528, 'entry_hour_utc': 19, 'exit_reason': 'time_exit', 'signal_time': Timestamp('2019-03-08 19:00:00+0000', tz='UTC')}"
2019-03-11 22:00:00+00:00,2019-03-12 01:00:00+00:00,1,1293.215,1294.625,1289.7711014622946,,1.5,271.5000000000123,0.5255671676106045,"{'time_exit_bars': 2, 'atr': 1.749449268852653, 'entry_hour_utc': 19, 'exit_reason': 'time_exit', 'signal_time': Timestamp('2019-03-11 19:00:00+0000', tz='UTC')}"
2019-03-12 22:00:00+00:00,2019-03-13 01:00:00+00:00,1,1301.085,1303.7150000000001,1297.2948455362987,,1.36,412.08000000001493,0.7994397138741144,"{'time_exit_bars': 2, 'atr': 1.9275772318506732, 'entry_hour_utc': 19, 'exit_reason': 'time_exit', 'signal_time': Timestamp('2019-03-12 19:00:00+0000', tz='UTC')}"
2019-03-13 22:00:00+00:00,2019-03-14 01:00:00+00:00,1,1309.965,1305.925,1305.6167252351272,,1.19,-337.9599999999956,-0.6531325993800436,"{'time_exit_bars': 2, 'atr': 1.7416373824363305, 'entry_hour_utc': 19, 'exit_reason': 'time_exit', 'signal_time': Timestamp('2019-03-13 19:00:00+0000', tz='UTC')}"
2019-03-14 22:00:00+00:00,2019-03-15 01:00:00+00:00,1,1296.2649999999999,1294.565,1291.9276362846263,,1.19,-154.69999999997836,-0.2997212328290616,"{'time_exit_bars': 2, 'atr': 2.076181857686804, 'entry_hour_utc': 19, 'exit_reason': 'time_exit', 'signal_time': Timestamp('2019-03-14 19:00:00+0000', tz='UTC')}"
2019-03-17 22:00:00+00:00,2019-03-18 01:00:00+00:00,1,1302.415,1299.2150000000001,1297.6277353106486,,1.08,-302.39999999998037,-0.5848851445853968,"{'time_exit_bars': 2, 'atr': 2.146132344675709, 'entry_hour_utc': 19, 'exit_reason': 'time_exit', 'signal_time': Timestamp('2019-03-15 19:00:00+0000', tz='UTC')}"
2019-03-18 22:00:00+00:00,2019-03-19 01:00:00+00:00,1,1303.5249999999999,1305.615,1299.6808773634923,,1.34,333.6600000000195,0.6477420819910011,"{'time_exit_bars': 2, 'atr': 1.8645613182538365, 'entry_hour_utc': 19, 'exit_reason': 'time_exit', 'signal_time': Timestamp('2019-03-18 19:00:00+0000', tz='UTC')}"
2019-03-19 22:00:00+00:00,2019-03-20 01:00:00+00:00,1,1306.805,1304.755,1302.8928644155499,,1.32,-217.799999999994,-0.4217645233356199,"{'time_exit_bars': 2, 'atr': 1.7585677922251295, 'entry_hour_utc': 19, 'exit_reason': 'time_exit', 'signal_time': Timestamp('2019-03-19 19:00:00+0000', tz='UTC')}"
2019-03-20 22:00:00+00:00,2019-03-21 01:00:00+00:00,1,1314.325,1317.585,1306.3334470331238,,0.64,285.43999999999943,0.5580892748238032,"{'time_exit_bars': 2, 'atr': 3.0032764834380483, 'entry_hour_utc': 19, 'exit_reason': 'time_exit', 'signal_time': Timestamp('2019-03-20 19:00:00+0000', tz='UTC')}"
2019-03-21 22:00:00+00:00,2019-03-22 01:00:00+00:00,1,1309.325,1309.795,1304.3517406729975,,1.04,90.48000000000283,0.17493557902285936,"{'time_exit_bars': 2, 'atr': 2.4641296635012035, 'entry_hour_utc': 19, 'exit_reason': 'time_exit', 'signal_time': Timestamp('2019-03-21 19:00:00+0000', tz='UTC')}"
2019-03-24 22:00:00+00:00,2019-03-25 01:00:00+00:00,1,1312.365,1314.395,1308.5298246266436,,1.35,328.0499999999964,0.6336085741688893,"{'time_exit_bars': 2, 'atr': 2.270087686678204, 'entry_hour_utc': 19, 'exit_reason': 'time_exit', 'signal_time': Timestamp('2019-03-22 19:00:00+0000', tz='UTC')}"
2019-03-25 22:00:00+00:00,2019-03-26 01:00:00+00:00,1,1322.065,1321.395,1318.0466251200605,,1.29,-34.830000000009385,-0.06719134179042446,"{'time_exit_bars': 2, 'atr': 1.9816874399697029, 'entry_hour_utc': 19, 'exit_reason': 'time_exit', 'signal_time': Timestamp('2019-03-25 19:00:00+0000', tz='UTC')}"
2019-03-26 22:00:00+00:00,2019-03-27 01:00:00+00:00,1,1316.735,1317.175,1310.5009864034118,,0.83,69.72000000000453,0.13474465318134624,"{'time_exit_bars': 2, 'atr': 2.2995067982940838, 'entry_hour_utc': 19, 'exit_reason': 'time_exit', 'signal_time': Timestamp('2019-03-26 19:00:00+0000', tz='UTC')}"
2019-03-27 22:00:00+00:00,2019-03-28 01:00:00+00:00,1,1309.485,1307.605,1304.4354021841452,,1.03,-70.03999999998783,-0.13466419005981542,"{'time_exit_bars': 2, 'atr': 2.5972989079273856, 'entry_hour_utc': 19, 'exit_reason': 'time_exit', 'signal_time': Timestamp('2019-03-27 19:00:00+0000', tz='UTC')}"
2019-03-28 22:00:00+00:00,2019-03-29 01:00:00+00:00,1,1291.205,1290.885,1284.1978139662258,,0.74,5.920000000004709,0.01141685116029022,"{'time_exit_bars': 2, 'atr': 2.8360930168870886, 'entry_hour_utc': 19, 'exit_reason': 'time_exit', 'signal_time': Timestamp('2019-03-28 19:00:00+0000', tz='UTC')}"
2019-03-31 22:00:00+00:00,2019-04-01 01:00:00+00:00,1,1292.325,1291.4750000000001,1287.43169197677,,1.06,-47.699999999990354,-0.09196232852369446,"{'time_exit_bars': 2, 'atr': 2.364154011615069, 'entry_hour_utc': 19, 'exit_reason': 'time_exit', 'signal_time': Timestamp('2019-03-29 19:00:00+0000', tz='UTC')}"
2019-04-01 20:00:00+00:00,2019-04-02 00:00:00+00:00,1,1287.335,1287.175,1282.306698407445,,1.03,24.719999999991572,0.04772983393742114,"{'time_exit_bars': 2, 'atr': 2.426650796277479, 'entry_hour_utc': 19, 'exit_reason': 'time_exit', 'signal_time': Timestamp('2019-04-01 19:00:00+0000', tz='UTC')}"
2019-04-02 20:00:00+00:00,2019-04-03 00:00:00+00:00,1,1291.675,1291.555,1287.3354856501119,,1.2,33.6000000000131,0.06452334925619747,"{'time_exit_bars': 2, 'atr': 2.0822571749440946, 'entry_hour_utc': 19, 'exit_reason': 'time_exit', 'signal_time': Timestamp('2019-04-02 19:00:00+0000', tz='UTC')}"
2019-04-03 20:00:00+00:00,2019-04-04 00:00:00+00:00,1,1290.155,1291.585,1286.5926037726629,,1.46,383.9800000000093,0.7382671191424409,"{'time_exit_bars': 2, 'atr': 1.688698113668621, 'entry_hour_utc': 19, 'exit_reason': 'time_exit', 'signal_time': Timestamp('2019-04-03 19:00:00+0000', tz='UTC')}"
2019-04-04 20:00:00+00:00,2019-04-05 00:00:00+00:00,1,1293.315,1291.925,1288.5756687078724,,1.1,-108.90000000001103,-0.208890229228026,"{'time_exit_bars': 2, 'atr': 2.262165646063717, 'entry_hour_utc': 19, 'exit_reason': 'time_exit', 'signal_time': Timestamp('2019-04-04 19:00:00+0000', tz='UTC')}"
2019-04-05 20:00:00+00:00,2019-04-08 00:00:00+00:00,1,1291.985,1291.535,1287.4081340603193,,1.14,85.50000000002072,0.16386759190340647,"{'time_exit_bars': 2, 'atr': 2.1859329698403687, 'entry_hour_utc': 19, 'exit_reason': 'time_exit', 'signal_time': Timestamp('2019-04-05 19:00:00+0000', tz='UTC')}"
2019-04-08 20:00:00+00:00,2019-04-09 00:00:00+00:00,1,1298.085,1297.755,1294.6965962550682,,1.54,10.780000000011214,0.02065869514657908,"{'time_exit_bars': 2, 'atr': 1.616701872465965, 'entry_hour_utc': 19, 'exit_reason': 'time_exit', 'signal_time': Timestamp('2019-04-08 19:00:00+0000', tz='UTC')}"
2019-04-09 20:00:00+00:00,2019-04-10 00:00:00+00:00,1,1304.415,1304.435,1300.50055955108,,1.33,55.859999999997584,0.10729502862046605,"{'time_exit_bars': 2, 'atr': 1.8697202244600537, 'entry_hour_utc': 19, 'exit_reason': 'time_exit', 'signal_time': Timestamp('2019-04-09 19:00:00+0000', tz='UTC')}"
2019-04-10 20:00:00+00:00,2019-04-11 00:00:00+00:00,1,1308.205,1307.845,1303.898941706368,,1.21,101.6400000000121,0.19507399638373696,"{'time_exit_bars': 2, 'atr': 2.0655291468159063, 'entry_hour_utc': 19, 'exit_reason': 'time_exit', 'signal_time': Timestamp('2019-04-10 19:00:00+0000', tz='UTC')}"
2019-04-11 20:00:00+00:00,2019-04-12 00:00:00+00:00,1,1291.5149999999999,1291.9850000000001,1286.5922590608504,,1.06,92.220000000027,0.17673081130094484,"{'time_exit_bars': 2, 'atr': 2.3838704695747626, 'entry_hour_utc': 19, 'exit_reason': 'time_exit', 'signal_time': Timestamp('2019-04-11 19:00:00+0000', tz='UTC')}"
2019-04-12 20:00:00+00:00,2019-04-15 00:00:00+00:00,1,1290.385,1289.505,1286.7405716049436,,1.43,45.760000000016916,0.08780526472524346,"{'time_exit_bars': 2, 'atr': 1.7347141975282276, 'entry_hour_utc': 19, 'exit_reason': 'time_exit', 'signal_time': Timestamp('2019-04-12 19:00:00+0000', tz='UTC')}"
2019-04-15 20:00:00+00:00,2019-04-16 00:00:00+00:00,1,1287.995,1288.145,1284.0894734788437,,1.34,73.70000000001218,0.1408260824810052,"{'time_exit_bars': 2, 'atr': 1.8652632605780957, 'entry_hour_utc': 19, 'exit_reason': 'time_exit', 'signal_time': Timestamp('2019-04-15 19:00:00+0000', tz='UTC')}"
2019-04-16 20:00:00+00:00,2019-04-17 00:00:00+00:00,1,1276.5449999999998,1276.395,1271.7290344106198,,1.08,27.000000000014737,0.051910669908319815,"{'time_exit_bars': 2, 'atr': 2.3204827946900966, 'entry_hour_utc': 19, 'exit_reason': 'time_exit', 'signal_time': Timestamp('2019-04-16 19:00:00+0000', tz='UTC')}"
2019-04-17 20:00:00+00:00,2019-04-18 00:00:00+00:00,1,1274.315,1273.935,1270.7391994991458,,1.46,119.71999999998405,0.2293192810404253,"{'time_exit_bars': 2, 'atr': 1.700400250427112, 'entry_hour_utc': 19, 'exit_reason': 'time_exit', 'signal_time': Timestamp('2019-04-17 19:00:00+0000', tz='UTC')}"
2019-04-18 20:00:00+00:00,2019-04-22 00:00:00+00:00,1,1275.2549999999999,1276.555,1271.2573103548477,,1.31,379.90000000002385,0.7254189938223206,"{'time_exit_bars': 2, 'atr': 1.911344822576055, 'entry_hour_utc': 19, 'exit_reason': 'time_exit', 'signal_time': Timestamp('2019-04-18 19:00:00+0000', tz='UTC')}"
2019-04-22 20:00:00+00:00,2019-04-23 00:00:00+00:00,1,1275.0049999999999,1274.405,1271.5773916321004,,1.53,-30.599999999986075,-0.05834972334440769,"{'time_exit_bars': 2, 'atr': 1.6263041839496961, 'entry_hour_utc': 19, 'exit_reason': 'time_exit', 'signal_time': Timestamp('2019-04-22 19:00:00+0000', tz='UTC')}"
2019-04-23 20:00:00+00:00,2019-04-24 00:00:00+00:00,1,1272.175,1271.185,1267.9316405180878,,1.24,-73.16000000000113,-0.1390407771283465,"{'time_exit_bars': 2, 'atr': 2.0341797409561653, 'entry_hour_utc': 19, 'exit_reason': 'time_exit', 'signal_time': Timestamp('2019-04-23 19:00:00+0000', tz='UTC')}"
2019-04-24 20:00:00+00:00,2019-04-25 00:00:00+00:00,1,1275.975,1274.4650000000001,1271.527882533532,,1.18,-36.5799999999721,-0.06970807547523057,"{'time_exit_bars': 2, 'atr': 2.1210587332340514, 'entry_hour_utc': 19, 'exit_reason': 'time_exit', 'signal_time': Timestamp('2019-04-24 19:00:00+0000', tz='UTC')}"
2019-04-25 20:00:00+00:00,2019-04-26 00:00:00+00:00,1,1277.425,1278.415,1273.3060483912952,,1.27,176.53000000000117,0.3374645133151055,"{'time_exit_bars': 2, 'atr': 1.9719758043523927, 'entry_hour_utc': 19, 'exit_reason': 'time_exit', 'signal_time': Timestamp('2019-04-25 19:00:00+0000', tz='UTC')}"
2019-04-26 20:00:00+00:00,2019-04-29 00:00:00+00:00,1,1285.575,1285.625,1281.0639155294564,,1.16,144.9999999999947,0.27709523245733136,"{'time_exit_bars': 2, 'atr': 2.163042235271861, 'entry_hour_utc': 19, 'exit_reason': 'time_exit', 'signal_time': Timestamp('2019-04-26 19:00:00+0000', tz='UTC')}"
2019-04-29 20:00:00+00:00,2019-04-30 00:00:00+00:00,1,1280.0149999999999,1280.175,1276.7257174545682,,1.6,89.60000000001311,0.17024989257242168,"{'time_exit_bars': 2, 'atr': 1.562141272715885, 'entry_hour_utc': 19, 'exit_reason': 'time_exit', 'signal_time': Timestamp('2019-04-29 19:00:00+0000', tz='UTC')}"
2019-04-30 20:00:00+00:00,2019-05-01 00:00:00+00:00,1,1283.845,1282.945,1279.970905729118,,1.36,-68.00000000001238,-0.1290624246699721,"{'time_exit_bars': 2, 'atr': 1.8495471354410142, 'entry_hour_utc': 19, 'exit_reason': 'time_exit', 'signal_time': Timestamp('2019-04-30 19:00:00+0000', tz='UTC')}"
2019-05-01 20:00:00+00:00,2019-05-02 00:00:00+00:00,1,1275.605,1276.875,1269.7694374367823,,0.9,222.29999999999836,0.42326681845014946,"{'time_exit_bars': 2, 'atr': 2.830281281608874, 'entry_hour_utc': 19, 'exit_reason': 'time_exit', 'signal_time': Timestamp('2019-05-01 19:00:00+0000', tz='UTC')}"
2019-05-02 20:00:00+00:00,2019-05-03 00:00:00+00:00,1,1270.7849999999999,1270.535,1266.6622959900849,,1.28,19.200000000029107,0.03638388776867858,"{'time_exit_bars': 2, 'atr': 1.9688520049575022, 'entry_hour_utc': 19, 'exit_reason': 'time_exit', 'signal_time': Timestamp('2019-05-02 19:00:00+0000', tz='UTC')}"
2019-05-03 20:00:00+00:00,2019-05-06 00:00:00+00:00,1,1278.325,1284.005,1273.8667673466202,,1.18,811.8400000000074,1.5432124195636805,"{'time_exit_bars': 2, 'atr': 2.1416163266899484, 'entry_hour_utc': 19, 'exit_reason': 'time_exit', 'signal_time': Timestamp('2019-05-03 19:00:00+0000', tz='UTC')}"
2019-05-06 20:00:00+00:00,2019-05-07 00:00:00+00:00,1,1280.225,1282.685,1276.5077577794966,,1.43,408.9800000000052,0.7693875809935269,"{'time_exit_bars': 2, 'atr': 1.7761211102516976, 'entry_hour_utc': 19, 'exit_reason': 'time_exit', 'signal_time': Timestamp('2019-05-06 19:00:00+0000', tz='UTC')}"
2019-05-07 20:00:00+00:00,2019-05-08 00:00:00+00:00,1,1284.385,1284.635,1280.8361598457063,,1.5,97.5,0.1831584325412855,"{'time_exit_bars': 2, 'atr': 1.711920077146858, 'entry_hour_utc': 19, 'exit_reason': 'time_exit', 'signal_time': Timestamp('2019-05-07 19:00:00+0000', tz='UTC')}"
2019-05-08 20:00:00+00:00,2019-05-09 00:00:00+00:00,1,1280.985,1281.115,1276.909158776849,,1.31,174.23000000001431,0.32631300563075066,"{'time_exit_bars': 2, 'atr': 1.9504206115755514, 'entry_hour_utc': 19, 'exit_reason': 'time_exit', 'signal_time': Timestamp('2019-05-08 19:00:00+0000', tz='UTC')}"
2019-05-09 20:00:00+00:00,2019-05-10 00:00:00+00:00,1,1283.975,1283.535,1279.3941773782606,,1.17,-4.679999999979778,-0.008732056074382358,"{'time_exit_bars': 2, 'atr': 2.202911310869659, 'entry_hour_utc': 19, 'exit_reason': 'time_exit', 'signal_time': Timestamp('2019-05-09 19:00:00+0000', tz='UTC')}"
2019-05-10 20:00:00+00:00,2019-05-13 00:00:00+00:00,1,1286.105,1286.9550000000002,1281.8019962717492,,1.24,254.20000000001693,0.4764113929395707,"{'time_exit_bars': 2, 'atr': 2.0690018641254584, 'entry_hour_utc': 19, 'exit_reason': 'time_exit', 'signal_time': Timestamp('2019-05-10 19:00:00+0000', tz='UTC')}"
2019-05-13 20:00:00+00:00,2019-05-14 00:00:00+00:00,1,1299.5249999999999,1301.4950000000001,1294.432908729037,,1.05,248.85000000002677,0.46542763550115024,"{'time_exit_bars': 2, 'atr': 2.4585456354813813, 'entry_hour_utc': 19, 'exit_reason': 'time_exit', 'signal_time': Timestamp('2019-05-13 19:00:00+0000', tz='UTC')}"
2019-05-14 20:00:00+00:00,2019-05-15 00:00:00+00:00,1,1297.115,1296.815,1293.3416954059321,,1.43,14.300000000006506,0.02650196863440549,"{'time_exit_bars': 2, 'atr': 1.7991522970339866, 'entry_hour_utc': 19, 'exit_reason': 'time_exit', 'signal_time': Timestamp('2019-05-14 19:00:00+0000', tz='UTC')}"
2019-05-15 20:00:00+00:00,2019-05-16 00:00:00+00:00,1,1296.445,1296.255,1292.3451082032147,,1.31,132.31000000002265,0.24634796479071366,"{'time_exit_bars': 2, 'atr': 1.9624458983926332, 'entry_hour_utc': 19, 'exit_reason': 'time_exit', 'signal_time': Timestamp('2019-05-15 19:00:00+0000', tz='UTC')}"
2019-05-16 20:00:00+00:00,2019-05-17 00:00:00+00:00,1,1287.145,1285.655,1282.8588421225425,,1.26,-137.34000000000114,-0.2543070113522225,"{'time_exit_bars': 2, 'atr': 2.0705789387287403, 'entry_hour_utc': 19, 'exit_reason': 'time_exit', 'signal_time': Timestamp('2019-05-16 19:00:00+0000', tz='UTC')}"
2019-05-17 20:00:00+00:00,2019-05-20 00:00:00+00:00,1,1278.105,1277.505,1273.548528198816,,1.18,70.80000000001074,0.13168083249065263,"{'time_exit_bars': 2, 'atr': 2.190735900591983, 'entry_hour_utc': 19, 'exit_reason': 'time_exit', 'signal_time': Timestamp('2019-05-17 19:00:00+0000', tz='UTC')}"
2019-05-20 20:00:00+00:00,2019-05-21 00:00:00+00:00,1,1278.085,1277.2250000000001,1274.5013727751618,,1.5,-68.999999999985,-0.12836156529106277,"{'time_exit_bars': 2, 'atr': 1.7043136124191602, 'entry_hour_utc': 19, 'exit_reason': 'time_exit', 'signal_time': Timestamp('2019-05-20 19:00:00+0000', tz='UTC')}"
2019-05-21 20:00:00+00:00,2019-05-22 00:00:00+00:00,1,1274.825,1274.375,1271.4181411231716,,1.58,-7.900000000007175,-0.014676275656769244,"{'time_exit_bars': 2, 'atr': 1.6309294384142348, 'entry_hour_utc': 19, 'exit_reason': 'time_exit', 'signal_time': Timestamp('2019-05-21 19:00:00+0000', tz='UTC')}"
2019-05-22 20:00:00+00:00,2019-05-23 00:00:00+00:00,1,1273.975,1274.015,1270.9355026737371,,1.77,219.4800000000338,0.40796219469777634,"{'time_exit_bars': 2, 'atr': 1.397248663131448, 'entry_hour_utc': 19, 'exit_reason': 'time_exit', 'signal_time': Timestamp('2019-05-22 19:00:00+0000', tz='UTC')}"
2019-05-23 20:00:00+00:00,2019-05-24 00:00:00+00:00,1,1283.7749999999999,1283.855,1279.4933970778543,,1.26,60.48000000001948,0.11210754680623686,"{'time_exit_bars': 2, 'atr': 2.0533014610727913, 'entry_hour_utc': 19, 'exit_reason': 'time_exit', 'signal_time': Timestamp('2019-05-23 19:00:00+0000', tz='UTC')}"
2019-05-24 20:00:00+00:00,2019-05-27 00:00:00+00:00,1,1284.955,1284.4850000000001,1281.8350781482418,,1.73,126.29000000003461,0.23398021959711301,"{'time_exit_bars': 2, 'atr': 1.4724609258790853, 'entry_hour_utc': 19, 'exit_reason': 'time_exit', 'signal_time': Timestamp('2019-05-24 19:00:00+0000', tz='UTC')}"
2019-05-28 20:00:00+00:00,2019-05-29 00:00:00+00:00,1,1279.815,1279.7350000000001,1275.9431772847624,,1.39,44.48000000001011,0.0826484122686476,"{'time_exit_bars': 2, 'atr': 1.8484113576188541, 'entry_hour_utc': 19, 'exit_reason': 'time_exit', 'signal_time': Timestamp('2019-05-28 19:00:00+0000', tz='UTC')}"
2019-05-29 20:00:00+00:00,2019-05-30 00:00:00+00:00,1,1280.5449999999998,1279.655,1275.7900787485444,,1.13,35.0300000000144,0.06519561178962471,"{'time_exit_bars': 2, 'atr': 2.264960625727788, 'entry_hour_utc': 19, 'exit_reason': 'time_exit', 'signal_time': Timestamp('2019-05-29 19:00:00+0000', tz='UTC')}"
2019-05-30 20:00:00+00:00,2019-05-31 00:00:00+00:00,1,1289.085,1290.305,1284.8063544526517,,1.26,204.12000000000344,0.3786244927449093,"{'time_exit_bars': 2, 'atr': 2.051822773674246, 'entry_hour_utc': 19, 'exit_reason': 'time_exit', 'signal_time': Timestamp('2019-05-30 19:00:00+0000', tz='UTC')}"
2019-05-31 20:00:00+00:00,2019-06-03 00:00:00+00:00,1,1306.465,1309.165,1300.8826670620872,,0.97,378.3000000000044,0.6986326403989591,"{'time_exit_bars': 2, 'atr': 2.703666468956398, 'entry_hour_utc': 19, 'exit_reason': 'time_exit', 'signal_time': Timestamp('2019-05-31 19:00:00+0000', tz='UTC')}"
2019-06-03 20:00:00+00:00,2019-06-04 00:00:00+00:00,1,1325.565,1324.915,1319.7386971547783,,0.93,-23.250000000008463,-0.04290885775103822,"{'time_exit_bars': 2, 'atr': 2.825651422610901, 'entry_hour_utc': 19, 'exit_reason': 'time_exit', 'signal_time': Timestamp('2019-06-03 19:00:00+0000', tz='UTC')}"
2019-06-04 20:00:00+00:00,2019-06-05 00:00:00+00:00,1,1326.645,1325.125,1320.4379041072384,,0.87,-97.4399999999984,-0.18043864946666505,"{'time_exit_bars': 2, 'atr': 3.0160479463807612, 'entry_hour_utc': 19, 'exit_reason': 'time_exit', 'signal_time': Timestamp('2019-06-04 19:00:00+0000', tz='UTC')}"
2019-06-05 20:00:00+00:00,2019-06-06 00:00:00+00:00,1,1329.365,1330.675,1321.8522868288298,,0.72,180.71999999999605,0.3341003366975334,"{'time_exit_bars': 2, 'atr': 3.6688565855851105, 'entry_hour_utc': 19, 'exit_reason': 'time_exit', 'signal_time': Timestamp('2019-06-05 19:00:00+0000', tz='UTC')}"
2019-06-06 20:00:00+00:00,2019-06-07 00:00:00+00:00,1,1333.905,1333.175,1328.2810746983612,,0.96,-31.680000000001748,-0.05867787751445727,"{'time_exit_bars': 2, 'atr': 2.7244626508193774, 'entry_hour_utc': 19, 'exit_reason': 'time_exit', 'signal_time': Timestamp('2019-06-06 19:00:00+0000', tz='UTC')}"
2019-06-07 20:00:00+00:00,2019-06-09 23:00:00+00:00,1,1341.485,1334.445,1334.888460577119,,0.82,-511.679999999997,-0.9459505355726119,"{'time_exit_bars': 2, 'atr': 3.210769711440385, 'entry_hour_utc': 19, 'exit_reason': 'sl_gap', 'signal_time': Timestamp('2019-06-07 19:00:00+0000', tz='UTC')}"
2019-06-10 20:00:00+00:00,2019-06-11 00:00:00+00:00,1,1328.245,1329.075,1323.3494200864434,,1.1,135.300000000017,0.25124704768767503,"{'time_exit_bars': 2, 'atr': 2.3652899567782226, 'entry_hour_utc': 19, 'exit_reason': 'time_exit', 'signal_time': Timestamp('2019-06-10 19:00:00+0000', tz='UTC')}"
2019-06-11 20:00:00+00:00,2019-06-12 00:00:00+00:00,1,1326.915,1327.545,1322.5497221634905,,1.24,127.72000000001353,0.23595290805675606,"{'time_exit_bars': 2, 'atr': 2.095138918254729, 'entry_hour_utc': 19, 'exit_reason': 'time_exit', 'signal_time': Timestamp('2019-06-11 19:00:00+0000', tz='UTC')}"
2019-06-12 20:00:00+00:00,2019-06-13 00:00:00+00:00,1,1333.115,1333.385,1327.9861577605845,,1.06,155.8199999999981,0.28661439197777294,"{'time_exit_bars': 2, 'atr': 2.4769211197077636, 'entry_hour_utc': 19, 'exit_reason': 'time_exit', 'signal_time': Timestamp('2019-06-12 19:00:00+0000', tz='UTC')}"
2019-06-13 20:00:00+00:00,2019-06-14 00:00:00+00:00,1,1341.405,1344.275,1336.551933811061,,1.12,366.24000000001325,0.6738008246112576,"{'time_exit_bars': 2, 'atr': 2.339033094469558, 'entry_hour_utc': 19, 'exit_reason': 'time_exit', 'signal_time': Timestamp('2019-06-13 19:00:00+0000', tz='UTC')}"
2019-06-14 20:00:00+00:00,2019-06-17 00:00:00+00:00,1,1341.165,1338.365,1333.3192204114569,,0.69,-110.39999999999684,-0.20393129604818017,"{'time_exit_bars': 2, 'atr': 3.8353897942715314, 'entry_hour_utc': 19, 'exit_reason': 'time_exit', 'signal_time': Timestamp('2019-06-14 19:00:00+0000', tz='UTC')}"
2019-06-17 20:00:00+00:00,2019-06-18 00:00:00+00:00,1,1340.175,1339.4650000000001,1334.3150342411539,,0.93,-28.829999999982235,-0.052901333003838535,"{'time_exit_bars': 2, 'atr': 2.8424828794231263, 'entry_hour_utc': 19, 'exit_reason': 'time_exit', 'signal_time': Timestamp('2019-06-17 19:00:00+0000', tz='UTC')}"
2019-06-18 20:00:00+00:00,2019-06-19 00:00:00+00:00,1,1346.125,1345.255,1338.5854400164899,,0.72,-33.83999999999214,-0.062337855395783674,"{'time_exit_bars': 2, 'atr': 3.687279991755124, 'entry_hour_utc': 19, 'exit_reason': 'time_exit', 'signal_time': Timestamp('2019-06-18 19:00:00+0000', tz='UTC')}"
2019-06-19 20:00:00+00:00,2019-06-20 00:00:00+00:00,1,1355.395,1357.7450000000001,1349.0820996937925,,0.86,305.3000000000117,0.5623405768834083,"{'time_exit_bars': 2, 'atr': 3.068950153103753, 'entry_hour_utc': 19, 'exit_reason': 'time_exit', 'signal_time': Timestamp('2019-06-19 19:00:00+0000', tz='UTC')}"
2019-06-20 20:00:00+00:00,2019-06-21 00:00:00+00:00,1,1389.585,1390.605,1378.9889598509126,,0.51,72.41999999999908,0.13401232724871034,"{'time_exit_bars': 2, 'atr': 5.210520074543759, 'entry_hour_utc': 19, 'exit_reason': 'time_exit', 'signal_time': Timestamp('2019-06-20 19:00:00+0000', tz='UTC')}"
2019-06-21 20:00:00+00:00,2019-06-24 00:00:00+00:00,1,1399.075,1406.675,1385.9803881859386,,0.41,360.7999999999962,0.6720321400096938,"{'time_exit_bars': 2, 'atr': 6.459805907030693, 'entry_hour_utc': 19, 'exit_reason': 'time_exit', 'signal_time': Timestamp('2019-06-21 19:00:00+0000', tz='UTC')}"
2019-06-24 20:00:00+00:00,2019-06-25 00:00:00+00:00,1,1419.105,1425.005,1411.026096622687,,0.67,422.1000000000061,0.7798088064391971,"{'time_exit_bars': 2, 'atr': 4.0019516886565345, 'entry_hour_utc': 19, 'exit_reason': 'time_exit', 'signal_time': Timestamp('2019-06-24 19:00:00+0000', tz='UTC')}"
2019-06-25 20:00:00+00:00,2019-06-26 00:00:00+00:00,1,1422.2849999999999,1418.195,1408.7092176463464,,0.4,-147.59999999999673,-0.27180753962270693,"{'time_exit_bars': 2, 'atr': 6.735391176826852, 'entry_hour_utc': 19, 'exit_reason': 'time_exit', 'signal_time': Timestamp('2019-06-25 19:00:00+0000', tz='UTC')}"
2019-06-26 20:00:00+00:00,2019-06-27 00:00:00+00:00,1,1409.455,1410.4950000000001,1399.5083131417393,,0.55,123.2000000000105,0.2252006152319856,"{'time_exit_bars': 2, 'atr': 4.850843429130318, 'entry_hour_utc': 19, 'exit_reason': 'time_exit', 'signal_time': Timestamp('2019-06-26 19:00:00+0000', tz='UTC')}"
2019-06-27 20:00:00+00:00,2019-06-28 00:00:00+00:00,1,1408.305,1410.865,1401.3144462739801,,0.78,230.87999999999576,0.42342854600807467,"{'time_exit_bars': 2, 'atr': 3.4027768630099096, 'entry_hour_utc': 19, 'exit_reason': 'time_exit', 'signal_time': Timestamp('2019-06-27 19:00:00+0000', tz='UTC')}"
2019-06-28 20:00:00+00:00,2019-06-30 23:00:00+00:00,1,1411.375,1391.4950000000001,1403.1634472748387,,0.67,-1278.3599999999922,-2.323555682902249,"{'time_exit_bars': 2, 'atr': 4.018276362580654, 'entry_hour_utc': 19, 'exit_reason': 'sl_gap', 'signal_time': Timestamp('2019-06-28 19:00:00+0000', tz='UTC')}"
2019-07-01 20:00:00+00:00,2019-07-02 00:00:00+00:00,1,1384.455,1385.295,1376.099220552236,,0.65,80.60000000000946,0.14840027884316256,"{'time_exit_bars': 2, 'atr': 4.075389723882013, 'entry_hour_utc': 19, 'exit_reason': 'time_exit', 'signal_time': Timestamp('2019-07-01 19:00:00+0000', tz='UTC')}"
2019-07-02 20:00:00+00:00,2019-07-03 00:00:00+00:00,1,1413.495,1431.085,1405.2302610227243,,0.6,1079.4000000000087,2.1767172622710573,"{'time_exit_bars': 2, 'atr': 4.044869488637847, 'entry_hour_utc': 19, 'exit_reason': 'time_exit', 'signal_time': Timestamp('2019-07-02 19:00:00+0000', tz='UTC')}"
2019-07-03 20:00:00+00:00,2019-07-04 00:00:00+00:00,1,1418.0049999999999,1418.2150000000001,1408.3247657890206,,0.52,73.32000000001372,0.1456576327875464,"{'time_exit_bars': 2, 'atr': 4.747617105489657, 'entry_hour_utc': 19, 'exit_reason': 'time_exit', 'signal_time': Timestamp('2019-07-03 19:00:00+0000', tz='UTC')}"
2019-07-05 20:00:00+00:00,2019-07-08 00:00:00+00:00,1,1400.975,1395.4550000000002,1390.5754130639657,,0.48,-207.35999999998816,-0.41540111415686154,"{'time_exit_bars': 2, 'atr': 5.117293468017159, 'entry_hour_utc': 19, 'exit_reason': 'time_exit', 'signal_time': Timestamp('2019-07-05 19:00:00+0000', tz='UTC')}"
2019-07-08 20:00:00+00:00,2019-07-09 00:00:00+00:00,1,1392.0249999999999,1394.085,1385.0830370344202,,0.72,177.12000000001245,0.3543666268744989,"{'time_exit_bars': 2, 'atr': 3.3484814827898917, 'entry_hour_utc': 19, 'exit_reason': 'time_exit', 'signal_time': Timestamp('2019-07-08 19:00:00+0000', tz='UTC')}"
2019-07-09 20:00:00+00:00,2019-07-10 00:00:00+00:00,1,1396.7949999999998,1395.015,1390.3476645918154,,0.78,-107.63999999998013,-0.21404191229882738,"{'time_exit_bars': 2, 'atr': 3.1361677040922737, 'entry_hour_utc': 19, 'exit_reason': 'time_exit', 'signal_time': Timestamp('2019-07-09 19:00:00+0000', tz='UTC')}"
2019-07-10 20:00:00+00:00,2019-07-11 00:00:00+00:00,1,1418.215,1421.775,1409.5140950252444,,0.58,276.08000000001,0.547069530561551,"{'time_exit_bars': 2, 'atr': 4.262952487377744, 'entry_hour_utc': 19, 'exit_reason': 'time_exit', 'signal_time': Timestamp('2019-07-10 19:00:00+0000', tz='UTC')}"
2019-07-11 20:00:00+00:00,2019-07-12 00:00:00+00:00,1,1406.885,1403.7450000000001,1398.9074441187345,,0.63,-172.619999999992,-0.3434635922055383,"{'time_exit_bars': 2, 'atr': 3.9362779406327193, 'entry_hour_utc': 19, 'exit_reason': 'time_exit', 'signal_time': Timestamp('2019-07-11 19:00:00+0000', tz='UTC')}"
2019-07-12 20:00:00+00:00,2019-07-15 00:00:00+00:00,1,1415.065,1416.005,1408.2228847620888,,0.73,156.22000000000398,0.3127687747997294,"{'time_exit_bars': 2, 'atr': 3.3085576189555055, 'entry_hour_utc': 19, 'exit_reason': 'time_exit', 'signal_time': Timestamp('2019-07-12 19:00:00+0000', tz='UTC')}"
2019-07-15 20:00:00+00:00,2019-07-16 00:00:00+00:00,1,1415.2849999999999,1415.255,1409.2330534364933,,0.83,30.71000000002114,0.06113735409221312,"{'time_exit_bars': 2, 'atr': 2.9134732817533524, 'entry_hour_utc': 19, 'exit_reason': 'time_exit', 'signal_time': Timestamp('2019-07-15 19:00:00+0000', tz='UTC')}"
2019-07-16 20:00:00+00:00,2019-07-17 00:00:00+00:00,1,1403.405,1404.9950000000001,1396.139414527004,,0.69,137.31000000001004,0.2738939631770042,"{'time_exit_bars': 2, 'atr': 3.595292736497983, 'entry_hour_utc': 19, 'exit_reason': 'time_exit', 'signal_time': Timestamp('2019-07-16 19:00:00+0000', tz='UTC')}"
2019-07-17 20:00:00+00:00,2019-07-18 00:00:00+00:00,1,1426.5049999999999,1424.425,1419.3550114084055,,0.7,-61.59999999999488,-0.12307711945645175,"{'time_exit_bars': 2, 'atr': 3.4724942957972553, 'entry_hour_utc': 19, 'exit_reason': 'time_exit', 'signal_time': Timestamp('2019-07-17 19:00:00+0000', tz='UTC')}"
2019-07-18 20:00:00+00:00,2019-07-19 00:00:00+00:00,1,1446.055,1442.7150000000001,1436.3607885107397,,0.52,-152.87999999999573,-0.30327376324077077,"{'time_exit_bars': 2, 'atr': 4.759605744630189, 'entry_hour_utc': 19, 'exit_reason': 'time_exit', 'signal_time': Timestamp('2019-07-18 19:00:00+0000', tz='UTC')}"
2019-07-19 20:00:00+00:00,2019-07-22 00:00:00+00:00,1,1425.645,1424.815,1415.76346218678,,0.51,18.870000000003706,0.037443564654994564,"{'time_exit_bars': 2, 'atr': 4.853268906609946, 'entry_hour_utc': 19, 'exit_reason': 'time_exit', 'signal_time': Timestamp('2019-07-19 19:00:00+0000', tz='UTC')}"
2019-07-22 20:00:00+00:00,2019-07-23 00:00:00+00:00,1,1425.195,1423.4750000000001,1419.414984501037,,0.87,-114.83999999998258,-0.22837309004389983,"{'time_exit_bars': 2, 'atr': 2.8425077494814563, 'entry_hour_utc': 19, 'exit_reason': 'time_exit', 'signal_time': Timestamp('2019-07-22 19:00:00+0000', tz='UTC')}"
2019-07-23 20:00:00+00:00,2019-07-24 00:00:00+00:00,1,1417.235,1416.825,1409.9457336972691,,0.69,-0.6899999999899578,-0.0013718801844443762,"{'time_exit_bars': 2, 'atr': 3.602133151365525, 'entry_hour_utc': 19, 'exit_reason': 'time_exit', 'signal_time': Timestamp('2019-07-23 19:00:00+0000', tz='UTC')}"
2019-07-24 20:00:00+00:00,2019-07-25 00:00:00+00:00,1,1424.575,1425.055,1418.591070583898,,0.84,141.12000000000154,0.28075197469397783,"{'time_exit_bars': 2, 'atr': 2.9044647080510746, 'entry_hour_utc': 19, 'exit_reason': 'time_exit', 'signal_time': Timestamp('2019-07-24 19:00:00+0000', tz='UTC')}"
2019-07-25 20:00:00+00:00,2019-07-26 00:00:00+00:00,1,1414.365,1414.7450000000001,1406.421254600549,,0.63,49.14000000000688,0.09819045812495628,"{'time_exit_bars': 2, 'atr': 3.834372699725439, 'entry_hour_utc': 19, 'exit_reason': 'time_exit', 'signal_time': Timestamp('2019-07-25 19:00:00+0000', tz='UTC')}"
2019-07-26 20:00:00+00:00,2019-07-29 00:00:00+00:00,1,1416.825,1419.915,1410.9967518901565,,0.86,368.93999999999295,0.7360702425750131,"{'time_exit_bars': 2, 'atr': 2.821624054921809, 'entry_hour_utc': 19, 'exit_reason': 'time_exit', 'signal_time': Timestamp('2019-07-26 19:00:00+0000', tz='UTC')}"
2019-07-29 20:00:00+00:00,2019-07-30 00:00:00+00:00,1,1426.0049999999999,1424.295,1420.8570770018232,,0.98,-128.3799999999813,-0.2544715607564044,"{'time_exit_bars': 2, 'atr': 2.4864614990883522, 'entry_hour_utc': 19, 'exit_reason': 'time_exit', 'signal_time': Timestamp('2019-07-29 19:00:00+0000', tz='UTC')}"
2019-07-30 20:00:00+00:00,2019-07-31 00:00:00+00:00,1,1431.195,1430.565,1426.0916644903484,,0.99,-22.769999999988286,-0.045068563406207914,"{'time_exit_bars': 2, 'atr': 2.4641677548258056, 'entry_hour_utc': 19, 'exit_reason': 'time_exit', 'signal_time': Timestamp('2019-07-30 19:00:00+0000', tz='UTC')}"
2019-07-31 20:00:00+00:00,2019-08-01 00:00:00+00:00,1,1412.5049999999999,1411.9650000000001,1403.4908158643507,,0.56,36.96000000001477,0.0732179407551819,"{'time_exit_bars': 2, 'atr': 4.41959206782464, 'entry_hour_utc': 19, 'exit_reason': 'time_exit', 'signal_time': Timestamp('2019-07-31 19:00:00+0000', tz='UTC')}"
2019-08-01 20:00:00+00:00,2019-08-02 00:00:00+00:00,1,1445.915,1437.9550000000002,1434.6527385220018,,0.45,-340.1999999999914,-0.6712683784485839,"{'time_exit_bars': 2, 'atr': 5.568630738999077, 'entry_hour_utc': 19, 'exit_reason': 'time_exit', 'signal_time': Timestamp('2019-08-01 19:00:00+0000', tz='UTC')}"
2019-08-02 20:00:00+00:00,2019-08-05 00:00:00+00:00,1,1441.115,1439.425,1431.3276374214827,,0.51,-24.990000000002787,-0.05006455989232226,"{'time_exit_bars': 2, 'atr': 4.806181289258718, 'entry_hour_utc': 19, 'exit_reason': 'time_exit', 'signal_time': Timestamp('2019-08-02 19:00:00+0000', tz='UTC')}"
2019-08-05 20:00:00+00:00,2019-08-06 00:00:00+00:00,1,1461.155,1473.755,1449.5185707751448,,0.43,559.0000000000059,1.1171812029958799,"{'time_exit_bars': 2, 'atr': 5.740714612427631, 'entry_hour_utc': 19, 'exit_reason': 'time_exit', 'signal_time': Timestamp('2019-08-05 19:00:00+0000', tz='UTC')}"
2019-08-06 20:00:00+00:00,2019-08-07 00:00:00+00:00,1,1472.885,1476.605,1462.994258817542,,0.51,210.1200000000014,0.4165511890359818,"{'time_exit_bars': 2, 'atr': 4.857870591229013, 'entry_hour_utc': 19, 'exit_reason': 'time_exit', 'signal_time': Timestamp('2019-08-06 19:00:00+0000', tz='UTC')}"
2019-08-07 20:00:00+00:00,2019-08-08 00:00:00+00:00,1,1495.435,1501.445,1480.911387673822,,0.35,252.34999999999968,0.49643296984761787,"{'time_exit_bars': 2, 'atr': 7.199306163088929, 'entry_hour_utc': 19, 'exit_reason': 'time_exit', 'signal_time': Timestamp('2019-08-07 19:00:00+0000', tz='UTC')}"
2019-08-08 20:00:00+00:00,2019-08-09 00:00:00+00:00,1,1503.185,1503.9750000000001,1491.3698367469124,,0.43,51.170000000008216,0.10071803279478314,"{'time_exit_bars': 2, 'atr': 5.825081626543814, 'entry_hour_utc': 19, 'exit_reason': 'time_exit', 'signal_time': Timestamp('2019-08-08 19:00:00+0000', tz='UTC')}"
2019-08-09 20:00:00+00:00,2019-08-12 00:00:00+00:00,1,1498.565,1500.555,1490.0505342799345,,0.6,191.40000000000055,0.37465650868524986,"{'time_exit_bars': 2, 'atr': 4.169732860032787, 'entry_hour_utc': 19, 'exit_reason': 'time_exit', 'signal_time': Timestamp('2019-08-09 19:00:00+0000', tz='UTC')}"
2019-08-12 20:00:00+00:00,2019-08-13 00:00:00+00:00,1,1512.065,1511.865,1502.070650029431,,0.51,10.199999999997683,0.020011306447033014,"{'time_exit_bars': 2, 'atr': 4.909674985284642, 'entry_hour_utc': 19, 'exit_reason': 'time_exit', 'signal_time': Timestamp('2019-08-12 19:00:00+0000', tz='UTC')}"
2019-08-13 20:00:00+00:00,2019-08-14 00:00:00+00:00,1,1502.915,1500.615,1486.5772984311384,,0.31,-58.89999999999859,-0.11629542821501962,"{'time_exit_bars': 2, 'atr': 8.07635078443081, 'entry_hour_utc': 19, 'exit_reason': 'time_exit', 'signal_time': Timestamp('2019-08-13 19:00:00+0000', tz='UTC')}"
2019-08-14 20:00:00+00:00,2019-08-15 00:00:00+00:00,1,1513.925,1516.765,1501.2283042965728,,0.4,161.60000000000582,0.318193023946352,"{'time_exit_bars': 2, 'atr': 6.2558478517135985, 'entry_hour_utc': 19, 'exit_reason': 'time_exit', 'signal_time': Timestamp('2019-08-14 19:00:00+0000', tz='UTC')}"
2019-08-15 20:00:00+00:00,2019-08-16 00:00:00+00:00,1,1523.385,1526.315,1511.508890802833,,0.43,143.19000000000273,0.2803948620474499,"{'time_exit_bars': 2, 'atr': 5.850554598583523, 'entry_hour_utc': 19, 'exit_reason': 'time_exit', 'signal_time': Timestamp('2019-08-15 19:00:00+0000', tz='UTC')}"
2019-08-16 20:00:00+00:00,2019-08-19 00:00:00+00:00,1,1514.185,1509.135,1504.0158872366105,,0.5,-192.49999999999773,-0.3785974341695399,"{'time_exit_bars': 2, 'atr': 4.997056381694694, 'entry_hour_utc': 19, 'exit_reason': 'time_exit', 'signal_time': Timestamp('2019-08-16 19:00:00+0000', tz='UTC')}"
2019-08-19 20:00:00+00:00,2019-08-20 00:00:00+00:00,1,1496.385,1495.865,1487.9177670018444,,0.6,-7.199999999998905,-0.01417228036905572,"{'time_exit_bars': 2, 'atr': 4.146116499077804, 'entry_hour_utc': 19, 'exit_reason': 'time_exit', 'signal_time': Timestamp('2019-08-19 19:00:00+0000', tz='UTC')}"
2019-08-20 20:00:00+00:00,2019-08-21 00:00:00+00:00,1,1508.125,1505.935,1502.3987632969681,,0.89,-159.31000000000486,-0.31259622904730827,"{'time_exit_bars': 2, 'atr': 2.7756183515159694, 'entry_hour_utc': 19, 'exit_reason': 'time_exit', 'signal_time': Timestamp('2019-08-20 19:00:00+0000', tz='UTC')}"
2019-08-21 20:00:00+00:00,2019-08-22 00:00:00+00:00,1,1503.095,1502.355,1496.2608849044614,,0.74,34.039999999999324,0.06730937269410062,"{'time_exit_bars': 2, 'atr': 3.3045575477692637, 'entry_hour_utc': 19, 'exit_reason': 'time_exit', 'signal_time': Timestamp('2019-08-21 19:00:00+0000', tz='UTC')}"
2019-08-22 20:00:00+00:00,2019-08-23 00:00:00+00:00,1,1499.2849999999999,1497.255,1493.0052949451333,,0.81,-132.02999999997937,-0.2595663308639872,"{'time_exit_bars': 2, 'atr': 3.057352527433286, 'entry_hour_utc': 19, 'exit_reason': 'time_exit', 'signal_time': Timestamp('2019-08-22 19:00:00+0000', tz='UTC')}"
2019-08-23 20:00:00+00:00,2019-08-26 00:00:00+00:00,1,1528.645,1547.055,1520.1191780874678,,0.59,1156.9900000000048,2.300071500575829,"{'time_exit_bars': 2, 'atr': 4.160410956266083, 'entry_hour_utc': 19, 'exit_reason': 'time_exit', 'signal_time': Timestamp('2019-08-23 19:00:00+0000', tz='UTC')}"
2019-08-26 20:00:00+00:00,2019-08-27 00:00:00+00:00,1,1529.0049999999999,1528.335,1518.6393550093924,,0.49,-13.229999999992422,-0.026047583169643288,"{'time_exit_bars': 2, 'atr': 5.0953224953038045, 'entry_hour_utc': 19, 'exit_reason': 'time_exit', 'signal_time': Timestamp('2019-08-26 19:00:00+0000', tz='UTC')}"
2019-08-27 20:00:00+00:00,2019-08-28 00:00:00+00:00,1,1543.0449999999998,1543.335,1535.3715447831046,,0.67,46.230000000012794,0.08992037882503862,"{'time_exit_bars': 2, 'atr': 3.749227608447603, 'entry_hour_utc': 19, 'exit_reason': 'time_exit', 'signal_time': Timestamp('2019-08-27 19:00:00+0000', tz='UTC')}"
2019-08-28 20:00:00+00:00,2019-08-29 00:00:00+00:00,1,1539.5049999999999,1538.4750000000001,1530.6094726235453,,0.58,9.860000000014765,0.019110727538226173,"{'time_exit_bars': 2, 'atr': 4.360263688227287, 'entry_hour_utc': 19, 'exit_reason': 'time_exit', 'signal_time': Timestamp('2019-08-28 19:00:00+0000', tz='UTC')}"
2019-08-29 20:00:00+00:00,2019-08-30 00:00:00+00:00,1,1528.715,1528.4650000000001,1517.3721043421533,,0.45,6.750000000010235,0.013224136457295435,"{'time_exit_bars': 2, 'atr': 5.5689478289233625, 'entry_hour_utc': 19, 'exit_reason': 'time_exit', 'signal_time': Timestamp('2019-08-29 19:00:00+0000', tz='UTC')}"
2019-08-30 20:00:00+00:00,2019-09-02 00:00:00+00:00,1,1524.225,1528.915,1514.8941242302315,,0.55,323.950000000003,0.6312376399955237,"{'time_exit_bars': 2, 'atr': 4.567937884884274, 'entry_hour_utc': 19, 'exit_reason': 'time_exit', 'signal_time': Timestamp('2019-08-30 19:00:00+0000', tz='UTC')}"
2019-09-03 20:00:00+00:00,2019-09-04 00:00:00+00:00,1,1545.5249999999999,1548.885,1537.1220398335302,,0.61,229.36000000000777,0.4474613618904962,"{'time_exit_bars': 2, 'atr': 4.113980083234866, 'entry_hour_utc': 19, 'exit_reason': 'time_exit', 'signal_time': Timestamp('2019-09-03 19:00:00+0000', tz='UTC')}"
2019-09-04 20:00:00+00:00,2019-09-05 00:00:00+00:00,1,1555.085,1551.015,1546.47813499796,,0.6,-172.19999999999615,-0.33345474796220215,"{'time_exit_bars': 2, 'atr': 4.245932501019973, 'entry_hour_utc': 19, 'exit_reason': 'time_exit', 'signal_time': Timestamp('2019-09-04 19:00:00+0000', tz='UTC')}"
2019-09-05 20:00:00+00:00,2019-09-06 00:00:00+00:00,1,1518.395,1518.185,1506.581751717503,,0.43,8.169999999998439,0.01608363723985015,"{'time_exit_bars': 2, 'atr': 5.814124141248525, 'entry_hour_utc': 19, 'exit_reason': 'time_exit', 'signal_time': Timestamp('2019-09-05 19:00:00+0000', tz='UTC')}"
2019-09-06 20:00:00+00:00,2019-09-09 00:00:00+00:00,1,1505.5449999999998,1505.585,1491.9868844932807,,0.38,47.12000000000725,0.09145813807130306,"{'time_exit_bars': 2, 'atr': 6.691557753359536, 'entry_hour_utc': 19, 'exit_reason': 'time_exit', 'signal_time': Timestamp('2019-09-06 19:00:00+0000', tz='UTC')}"
2019-09-09 20:00:00+00:00,2019-09-10 00:00:00+00:00,1,1499.825,1495.915,1491.1287585290781,,0.59,-207.0900000000048,-0.40362264683388327,"{'time_exit_bars': 2, 'atr': 4.275620735460965, 'entry_hour_utc': 19, 'exit_reason': 'time_exit', 'signal_time': Timestamp('2019-09-09 19:00:00+0000', tz='UTC')}"
2019-09-10 20:00:00+00:00,2019-09-11 00:00:00+00:00,1,1486.805,1486.775,1477.6491773331054,,0.56,20.72000000000153,0.04041144236419755,"{'time_exit_bars': 2, 'atr': 4.5154113334473776, 'entry_hour_utc': 19, 'exit_reason': 'time_exit', 'signal_time': Timestamp('2019-09-10 19:00:00+0000', tz='UTC')}"
2019-09-11 20:00:00+00:00,2019-09-12 00:00:00+00:00,1,1495.895,1492.795,1489.0241986810342,,0.75,-142.49999999999318,-0.2765325195411003,"{'time_exit_bars': 2, 'atr': 3.347900659482889, 'entry_hour_utc': 19, 'exit_reason': 'time_exit', 'signal_time': Timestamp('2019-09-11 19:00:00+0000', tz='UTC')}"
2019-09-12 20:00:00+00:00,2019-09-13 00:00:00+00:00,1,1499.225,1497.605,1487.7175280920364,,0.45,-54.89999999999509,-0.10601807327946808,"{'time_exit_bars': 2, 'atr': 5.656235953981762, 'entry_hour_utc': 19, 'exit_reason': 'time_exit', 'signal_time': Timestamp('2019-09-12 19:00:00+0000', tz='UTC')}"
2019-09-13 20:00:00+00:00,2019-09-16 00:00:00+00:00,1,1487.105,1505.915,1476.993215842251,,0.51,1020.5099999999974,1.9788792648096105,"{'time_exit_bars': 2, 'atr': 4.918392078874437, 'entry_hour_utc': 19, 'exit_reason': 'time_exit', 'signal_time': Timestamp('2019-09-13 19:00:00+0000', tz='UTC')}"
2019-09-16 20:00:00+00:00,2019-09-17 00:00:00+00:00,1,1498.945,1497.805,1490.4836377540396,,0.61,-45.139999999992234,-0.08745636677512138,"{'time_exit_bars': 2, 'atr': 4.123181122980235, 'entry_hour_utc': 19, 'exit_reason': 'time_exit', 'signal_time': Timestamp('2019-09-16 19:00:00+0000', tz='UTC')}"
2019-09-17 20:00:00+00:00,2019-09-18 00:00:00+00:00,1,1502.185,1500.565,1495.5415292788293,,0.78,-95.1599999999915,-0.1836389518677551,"{'time_exit_bars': 2, 'atr': 3.2242353605853045, 'entry_hour_utc': 19, 'exit_reason': 'time_exit', 'signal_time': Timestamp('2019-09-17 19:00:00+0000', tz='UTC')}"
2019-09-18 20:00:00+00:00,2019-09-19 00:00:00+00:00,1,1492.345,1490.905,1482.7112114664171,,0.54,-12.96000000000295,-0.024912317637389138,"{'time_exit_bars': 2, 'atr': 4.729394266791461, 'entry_hour_utc': 19, 'exit_reason': 'time_exit', 'signal_time': Timestamp('2019-09-18 19:00:00+0000', tz='UTC')}"
2019-09-19 20:00:00+00:00,2019-09-20 00:00:00+00:00,1,1498.745,1499.395,1492.1993869423031,,0.79,82.9500000000072,0.16041278192658107,"{'time_exit_bars': 2, 'atr': 3.215306528848506, 'entry_hour_utc': 19, 'exit_reason': 'time_exit', 'signal_time': Timestamp('2019-09-19 19:00:00+0000', tz='UTC')}"
2019-09-20 20:00:00+00:00,2019-09-23 00:00:00+00:00,1,1516.565,1514.135,1509.24117666746,,0.71,-87.33000000000452,-0.16794506696183079,"{'time_exit_bars': 2, 'atr': 3.5644116662700003, 'entry_hour_utc': 19, 'exit_reason': 'time_exit', 'signal_time': Timestamp('2019-09-20 19:00:00+0000', tz='UTC')}"
2019-09-23 20:00:00+00:00,2019-09-24 00:00:00+00:00,1,1524.815,1520.595,1517.8135267272778,,0.74,-282.680000000002,-0.5455994547437254,"{'time_exit_bars': 2, 'atr': 3.4082366363611403, 'entry_hour_utc': 19, 'exit_reason': 'time_exit', 'signal_time': Timestamp('2019-09-23 19:00:00+0000', tz='UTC')}"
2019-09-24 20:00:00+00:00,2019-09-25 00:00:00+00:00,1,1532.905,1531.4850000000001,1524.4154056558066,,0.61,-62.21999999999057,-0.12014708343485132,"{'time_exit_bars': 2, 'atr': 4.1322971720966875, 'entry_hour_utc': 19, 'exit_reason': 'time_exit', 'signal_time': Timestamp('2019-09-24 19:00:00+0000', tz='UTC')}"
2019-09-25 20:00:00+00:00,2019-09-26 00:00:00+00:00,1,1504.435,1506.2350000000001,1495.4788099240113,,0.58,174.00000000001054,0.3349638601399414,"{'time_exit_bars': 2, 'atr': 4.365595037994361, 'entry_hour_utc': 19, 'exit_reason': 'time_exit', 'signal_time': Timestamp('2019-09-25 19:00:00+0000', tz='UTC')}"
2019-09-26 20:00:00+00:00,2019-09-27 00:00:00+00:00,1,1504.565,1506.555,1496.9840224098803,,0.68,162.5200000000006,0.3152627707427691,"{'time_exit_bars': 2, 'atr': 3.6629887950598823, 'entry_hour_utc': 19, 'exit_reason': 'time_exit', 'signal_time': Timestamp('2019-09-26 19:00:00+0000', tz='UTC')}"
2019-09-27 20:00:00+00:00,2019-09-30 00:00:00+00:00,1,1496.5049999999999,1496.095,1487.455967788719,,0.57,45.030000000008286,0.08730215359552948,"{'time_exit_bars': 2, 'atr': 4.437016105640548, 'entry_hour_utc': 19, 'exit_reason': 'time_exit', 'signal_time': Timestamp('2019-09-27 19:00:00+0000', tz='UTC')}"
2019-09-30 20:00:00+00:00,2019-10-01 00:00:00+00:00,1,1473.5149999999999,1473.375,1463.351698287916,,0.51,13.260000000006496,0.025582237678823765,"{'time_exit_bars': 2, 'atr': 5.014150856042114, 'entry_hour_utc': 19, 'exit_reason': 'time_exit', 'signal_time': Timestamp('2019-09-30 19:00:00+0000', tz='UTC')}"
2019-10-01 20:00:00+00:00,2019-10-02 00:00:00+00:00,1,1481.225,1481.315,1470.95992803275,,0.5,24.500000000007276,0.04773468725435732,"{'time_exit_bars': 2, 'atr': 5.135035983624991, 'entry_hour_utc': 19, 'exit_reason': 'time_exit', 'signal_time': Timestamp('2019-10-01 19:00:00+0000', tz='UTC')}"
2019-10-02 20:00:00+00:00,2019-10-03 00:00:00+00:00,1,1499.0149999999999,1499.795,1489.7948401017009,,0.56,110.88000000001122,0.21474681804222084,"{'time_exit_bars': 2, 'atr': 4.507579949149552, 'entry_hour_utc': 19, 'exit_reason': 'time_exit', 'signal_time': Timestamp('2019-10-02 19:00:00+0000', tz='UTC')}"
2019-10-03 20:00:00+00:00,2019-10-04 00:00:00+00:00,1,1505.625,1508.035,1496.1967443943427,,0.55,154.55000000000453,0.2980402862979199,"{'time_exit_bars': 2, 'atr': 4.626627802828738, 'entry_hour_utc': 19, 'exit_reason': 'time_exit', 'signal_time': Timestamp('2019-10-03 19:00:00+0000', tz='UTC')}"
2019-10-04 20:00:00+00:00,2019-10-07 00:00:00+00:00,1,1505.7849999999999,1507.875,1496.5023330654105,,0.56,184.24000000000817,0.35442400585771977,"{'time_exit_bars': 2, 'atr': 4.503833467294684, 'entry_hour_utc': 19, 'exit_reason': 'time_exit', 'signal_time': Timestamp('2019-10-04 19:00:00+0000', tz='UTC')}"
2019-10-07 20:00:00+00:00,2019-10-08 00:00:00+00:00,1,1493.0049999999999,1491.775,1485.5779136058318,,0.7,-58.09999999998536,-0.11175310962472766,"{'time_exit_bars': 2, 'atr': 3.591043197084105, 'entry_hour_utc': 19, 'exit_reason': 'time_exit', 'signal_time': Timestamp('2019-10-07 19:00:00+0000', tz='UTC')}"
2019-10-08 20:00:00+00:00,2019-10-09 00:00:00+00:00,1,1506.095,1508.525,1497.5276766775537,,0.61,172.6300000000039,0.33032487434966806,"{'time_exit_bars': 2, 'atr': 4.226161661223214, 'entry_hour_utc': 19, 'exit_reason': 'time_exit', 'signal_time': Timestamp('2019-10-08 19:00:00+0000', tz='UTC')}"
2019-10-09 20:00:00+00:00,2019-10-10 00:00:00+00:00,1,1507.365,1511.335,1499.4655968203085,,0.66,341.2200000000018,0.6544798236519358,"{'time_exit_bars': 2, 'atr': 3.792201589845678, 'entry_hour_utc': 19, 'exit_reason': 'time_exit', 'signal_time': Timestamp('2019-10-09 19:00:00+0000', tz='UTC')}"
2019-10-10 20:00:00+00:00,2019-10-11 00:00:00+00:00,1,1494.245,1493.805,1485.6431739857542,,0.61,-2.439999999989457,-0.004650175431772519,"{'time_exit_bars': 2, 'atr': 4.163413007122886, 'entry_hour_utc': 19, 'exit_reason': 'time_exit', 'signal_time': Timestamp('2019-10-10 19:00:00+0000', tz='UTC')}"
2019-10-11 20:00:00+00:00,2019-10-14 00:00:00+00:00,1,1485.925,1484.375,1474.9204959907224,,0.47,-16.44999999999787,-0.031805159024421416,"{'time_exit_bars': 2, 'atr': 5.414752004638784, 'entry_hour_utc': 19, 'exit_reason': 'time_exit', 'signal_time': Timestamp('2019-10-11 19:00:00+0000', tz='UTC')}"
2019-10-14 20:00:00+00:00,2019-10-15 00:00:00+00:00,1,1492.105,1490.9850000000001,1486.4768292149743,,0.93,-66.95999999998986,-0.1279278876745379,"{'time_exit_bars': 2, 'atr': 2.726585392512922, 'entry_hour_utc': 19, 'exit_reason': 'time_exit', 'signal_time': Timestamp('2019-10-14 19:00:00+0000', tz='UTC')}"
2019-10-15 20:00:00+00:00,2019-10-16 00:00:00+00:00,1,1481.365,1481.7150000000001,1474.570754941606,,0.77,57.75000000001051,0.11038754027182926,"{'time_exit_bars': 2, 'atr': 3.259622529196968, 'entry_hour_utc': 19, 'exit_reason': 'time_exit', 'signal_time': Timestamp('2019-10-15 19:00:00+0000', tz='UTC')}"
2019-10-16 20:00:00+00:00,2019-10-17 00:00:00+00:00,1,1489.555,1489.835,1482.0010360133745,,0.69,102.11999999999811,0.1959236240231398,"{'time_exit_bars': 2, 'atr': 3.7594819933127512, 'entry_hour_utc': 19, 'exit_reason': 'time_exit', 'signal_time': Timestamp('2019-10-16 19:00:00+0000', tz='UTC')}"
2019-10-17 20:00:00+00:00,2019-10-18 00:00:00+00:00,1,1491.985,1492.625,1485.0673221510594,,0.76,79.04000000000761,0.15033946690064373,"{'time_exit_bars': 2, 'atr': 3.3263389244702517, 'entry_hour_utc': 19, 'exit_reason': 'time_exit', 'signal_time': Timestamp('2019-10-17 19:00:00+0000', tz='UTC')}"
2019-10-18 20:00:00+00:00,2019-10-21 00:00:00+00:00,1,1490.7649999999999,1491.335,1485.684350286658,,1.03,182.31000000001686,0.34838064024608795,"{'time_exit_bars': 2, 'atr': 2.4728248566711155, 'entry_hour_utc': 19, 'exit_reason': 'time_exit', 'signal_time': Timestamp('2019-10-18 19:00:00+0000', tz='UTC')}"
2019-10-21 20:00:00+00:00,2019-10-22 00:00:00+00:00,1,1483.835,1483.875,1478.0133578244395,,0.9,39.59999999999673,0.07558004884723045,"{'time_exit_bars': 2, 'atr': 2.77832108778019, 'entry_hour_utc': 19, 'exit_reason': 'time_exit', 'signal_time': Timestamp('2019-10-21 19:00:00+0000', tz='UTC')}"
2019-10-22 20:00:00+00:00,2019-10-23 00:00:00+00:00,1,1487.725,1488.615,1482.7523459692604,,1.06,136.7400000000106,0.2594188117704754,"{'time_exit_bars': 2, 'atr': 2.3338270153698693, 'entry_hour_utc': 19, 'exit_reason': 'time_exit', 'signal_time': Timestamp('2019-10-22 19:00:00+0000', tz='UTC')}"
2019-10-23 20:00:00+00:00,2019-10-24 00:00:00+00:00,1,1491.985,1491.845,1487.0663907497087,,1.07,113.42000000001363,0.2155080727214456,"{'time_exit_bars': 2, 'atr': 2.3418046251455915, 'entry_hour_utc': 19, 'exit_reason': 'time_exit', 'signal_time': Timestamp('2019-10-23 19:00:00+0000', tz='UTC')}"
2019-10-24 20:00:00+00:00,2019-10-25 00:00:00+00:00,1,1502.135,1502.4750000000001,1496.4162525419893,,0.92,68.0800000000134,0.1293989646218009,"{'time_exit_bars': 2, 'atr': 2.7868737290053494, 'entry_hour_utc': 19, 'exit_reason': 'time_exit', 'signal_time': Timestamp('2019-10-24 19:00:00+0000', tz='UTC')}"
2019-10-25 20:00:00+00:00,2019-10-28 00:00:00+00:00,1,1505.705,1504.545,1499.3367510826695,,0.83,3.3200000000120724,0.006281161512278534,"{'time_exit_bars': 2, 'atr': 3.1016244586652095, 'entry_hour_utc': 19, 'exit_reason': 'time_exit', 'signal_time': Timestamp('2019-10-25 19:00:00+0000', tz='UTC')}"
2019-10-28 22:00:00+00:00,2019-10-29 01:00:00+00:00,1,1491.985,1491.7350000000001,1486.516141084922,,0.96,14.400000000021826,0.02742802517480797,"{'time_exit_bars': 2, 'atr': 3.0119294575389537, 'entry_hour_utc': 19, 'exit_reason': 'time_exit', 'signal_time': Timestamp('2019-10-28 19:00:00+0000', tz='UTC')}"
2019-10-29 22:00:00+00:00,2019-10-30 01:00:00+00:00,1,1487.565,1488.7450000000001,1482.0405460150535,,0.96,151.68000000000612,0.2860011150975919,"{'time_exit_bars': 2, 'atr': 2.929726992473364, 'entry_hour_utc': 19, 'exit_reason': 'time_exit', 'signal_time': Timestamp('2019-10-29 19:00:00+0000', tz='UTC')}"
2019-10-30 22:00:00+00:00,2019-10-31 01:00:00+00:00,1,1495.945,1498.775,1488.764412763283,,0.73,294.1900000000113,0.561235434811416,"{'time_exit_bars': 2, 'atr': 3.4177936183584197, 'entry_hour_utc': 19, 'exit_reason': 'time_exit', 'signal_time': Timestamp('2019-10-30 19:00:00+0000', tz='UTC')}"
2019-10-31 22:00:00+00:00,2019-11-01 01:00:00+00:00,1,1512.665,1511.045,1506.413630130728,,0.85,-103.69999999999072,-0.195157225618132,"{'time_exit_bars': 2, 'atr': 2.85818493463607, 'entry_hour_utc': 19, 'exit_reason': 'time_exit', 'signal_time': Timestamp('2019-10-31 19:00:00+0000', tz='UTC')}"
2019-11-03 22:00:00+00:00,2019-11-04 01:00:00+00:00,1,1512.865,1512.875,1507.5431791919184,,0.99,40.5899999999991,0.07704130123610571,"{'time_exit_bars': 2, 'atr': 3.178410404040813, 'entry_hour_utc': 19, 'exit_reason': 'time_exit', 'signal_time': Timestamp('2019-11-01 19:00:00+0000', tz='UTC')}"
2019-11-04 20:00:00+00:00,2019-11-05 00:00:00+00:00,1,1508.735,1506.9550000000002,1503.5471071258573,,1.02,-140.759999999974,-0.2660039506362835,"{'time_exit_bars': 2, 'atr': 2.496446437071296, 'entry_hour_utc': 19, 'exit_reason': 'time_exit', 'signal_time': Timestamp('2019-11-04 19:00:00+0000', tz='UTC')}"
2019-11-05 20:00:00+00:00,2019-11-06 00:00:00+00:00,1,1484.825,1485.755,1477.316450477161,,0.7,93.10000000000446,0.17713141478984007,"{'time_exit_bars': 2, 'atr': 3.681774761419527, 'entry_hour_utc': 19, 'exit_reason': 'time_exit', 'signal_time': Timestamp('2019-11-05 19:00:00+0000', tz='UTC')}"
2019-11-06 20:00:00+00:00,2019-11-07 00:00:00+00:00,1,1491.2849999999999,1490.305,1485.5292345637233,,0.92,20.24000000001925,0.03822254440975441,"{'time_exit_bars': 2, 'atr': 2.785382718138245, 'entry_hour_utc': 19, 'exit_reason': 'time_exit', 'signal_time': Timestamp('2019-11-06 19:00:00+0000', tz='UTC')}"
2019-11-07 20:00:00+00:00,2019-11-08 00:00:00+00:00,1,1468.085,1468.775,1459.0411751932656,,0.58,63.22000000000317,0.12052422766840831,"{'time_exit_bars': 2, 'atr': 4.3844124033672, 'entry_hour_utc': 19, 'exit_reason': 'time_exit', 'signal_time': Timestamp('2019-11-07 19:00:00+0000', tz='UTC')}"
2019-11-08 20:00:00+00:00,2019-11-11 00:00:00+00:00,1,1458.675,1461.415,1451.5075283257827,,0.74,291.5600000000007,0.5497056952694943,"{'time_exit_bars': 2, 'atr': 3.471235837108731, 'entry_hour_utc': 19, 'exit_reason': 'time_exit', 'signal_time': Timestamp('2019-11-08 19:00:00+0000', tz='UTC')}"
2019-11-11 20:00:00+00:00,2019-11-12 00:00:00+00:00,1,1454.965,1455.155,1449.398490775527,,0.95,56.050000000005184,0.10599102169922821,"{'time_exit_bars': 2, 'atr': 2.730754612236382, 'entry_hour_utc': 19, 'exit_reason': 'time_exit', 'signal_time': Timestamp('2019-11-11 19:00:00+0000', tz='UTC')}"
2019-11-12 20:00:00+00:00,2019-11-13 00:00:00+00:00,1,1458.745,1458.645,1451.2204566868395,,0.71,21.300000000006456,0.03986952928763029,"{'time_exit_bars': 2, 'atr': 3.6947716565801905, 'entry_hour_utc': 19, 'exit_reason': 'time_exit', 'signal_time': Timestamp('2019-11-12 19:00:00+0000', tz='UTC')}"
2019-11-13 20:00:00+00:00,2019-11-14 00:00:00+00:00,1,1464.445,1464.175,1458.5107670778118,,0.9,83.70000000000164,0.1567178120903787,"{'time_exit_bars': 2, 'atr': 2.8846164610940312, 'entry_hour_utc': 19, 'exit_reason': 'time_exit', 'signal_time': Timestamp('2019-11-13 19:00:00+0000', tz='UTC')}"
2019-11-14 20:00:00+00:00,2019-11-15 00:00:00+00:00,1,1470.825,1466.785,1465.128349661918,,0.93,-338.5199999999966,-0.6389719894982191,"{'time_exit_bars': 2, 'atr': 2.7608251690409786, 'entry_hour_utc': 19, 'exit_reason': 'time_exit', 'signal_time': Timestamp('2019-11-14 19:00:00+0000', tz='UTC')}"
2019-11-15 20:00:00+00:00,2019-11-18 00:00:00+00:00,1,1466.995,1467.285,1461.832877935639,,1.03,153.47000000001967,0.288640985513908,"{'time_exit_bars': 2, 'atr': 2.4485610321805074, 'entry_hour_utc': 19, 'exit_reason': 'time_exit', 'signal_time': Timestamp('2019-11-15 19:00:00+0000', tz='UTC')}"
2019-11-18 20:00:00+00:00,2019-11-19 00:00:00+00:00,1,1471.715,1472.645,1465.8269732265044,,0.9,119.70000000000573,0.2258821250587629,"{'time_exit_bars': 2, 'atr': 2.921513386747839, 'entry_hour_utc': 19, 'exit_reason': 'time_exit', 'signal_time': Timestamp('2019-11-18 19:00:00+0000', tz='UTC')}"
2019-11-19 20:00:00+00:00,2019-11-20 00:00:00+00:00,1,1472.5449999999998,1472.7050000000002,1466.9461539967403,,0.95,53.20000000002938,0.10002061133210173,"{'time_exit_bars': 2, 'atr': 2.726923001629843, 'entry_hour_utc': 19, 'exit_reason': 'time_exit', 'signal_time': Timestamp('2019-11-19 19:00:00+0000', tz='UTC')}"
2019-11-20 20:00:00+00:00,2019-11-21 00:00:00+00:00,1,1473.0049999999999,1474.7150000000001,1466.3515101886755,,0.8,232.8000000000211,0.4373644632396374,"{'time_exit_bars': 2, 'atr': 3.2542449056621843, 'entry_hour_utc': 19, 'exit_reason': 'time_exit', 'signal_time': Timestamp('2019-11-20 19:00:00+0000', tz='UTC')}"
2019-11-21 20:00:00+00:00,2019-11-22 00:00:00+00:00,1,1464.985,1464.355,1458.7780468703515,,0.86,-19.779999999989833,-0.03705521778491536,"{'time_exit_bars': 2, 'atr': 3.0709765648242087, 'entry_hour_utc': 19, 'exit_reason': 'time_exit', 'signal_time': Timestamp('2019-11-21 19:00:00+0000', tz='UTC')}"
2019-11-22 20:00:00+00:00,2019-11-25 00:00:00+00:00,1,1462.2749999999999,1460.685,1457.1761993488044,,1.05,-40.949999999991405,-0.07648857578075327,"{'time_exit_bars': 2, 'atr': 2.4469003255977455, 'entry_hour_utc': 19, 'exit_reason': 'time_exit', 'signal_time': Timestamp('2019-11-22 19:00:00+0000', tz='UTC')}"
2019-11-25 20:00:00+00:00,2019-11-26 00:00:00+00:00,1,1455.0349999999999,1453.355,1450.4710877297086,,1.17,-149.75999999998083,-0.28046113163305014,"{'time_exit_bars': 2, 'atr': 2.194456135145628, 'entry_hour_utc': 19, 'exit_reason': 'time_exit', 'signal_time': Timestamp('2019-11-25 19:00:00+0000', tz='UTC')}"
2019-11-26 20:00:00+00:00,2019-11-27 00:00:00+00:00,1,1462.455,1459.695,1457.103834424857,,0.99,-233.6399999999991,-0.4410254115407323,"{'time_exit_bars': 2, 'atr': 2.5880827875715173, 'entry_hour_utc': 19, 'exit_reason': 'time_exit', 'signal_time': Timestamp('2019-11-26 19:00:00+0000', tz='UTC')}"
2019-11-27 20:00:00+00:00,2019-11-28 00:00:00+00:00,1,1454.685,1457.365,1450.7278186517735,,1.34,519.9200000000085,0.9804958778902204,"{'time_exit_bars': 2, 'atr': 1.881090674113264, 'entry_hour_utc': 19, 'exit_reason': 'time_exit', 'signal_time': Timestamp('2019-11-27 19:00:00+0000', tz='UTC')}"
2019-12-02 20:00:00+00:00,2019-12-03 00:00:00+00:00,1,1462.985,1461.4750000000001,1457.8478028207846,,1.04,-115.43999999997541,-0.21607113008835735,"{'time_exit_bars': 2, 'atr': 2.5060985896076398, 'entry_hour_utc': 19, 'exit_reason': 'time_exit', 'signal_time': Timestamp('2019-12-02 19:00:00+0000', tz='UTC')}"
2019-12-03 20:00:00+00:00,2019-12-04 00:00:00+00:00,1,1477.2849999999999,1477.2450000000001,1471.520476273704,,0.92,33.12000000002427,0.06245095294829971,"{'time_exit_bars': 2, 'atr': 2.7947618631480258, 'entry_hour_utc': 19, 'exit_reason': 'time_exit', 'signal_time': Timestamp('2019-12-03 19:00:00+0000', tz='UTC')}"
2019-12-04 20:00:00+00:00,2019-12-05 00:00:00+00:00,1,1475.0349999999999,1475.255,1469.3357899875903,,0.94,133.48000000002392,0.24915733880806515,"{'time_exit_bars': 2, 'atr': 2.792105006204917, 'entry_hour_utc': 19, 'exit_reason': 'time_exit', 'signal_time': Timestamp('2019-12-04 19:00:00+0000', tz='UTC')}"
2019-12-05 20:00:00+00:00,2019-12-06 00:00:00+00:00,1,1475.815,1474.865,1470.553602328218,,1.01,-55.55000000000459,-0.10453496091918728,"{'time_exit_bars': 2, 'atr': 2.58319883589109, 'entry_hour_utc': 19, 'exit_reason': 'time_exit', 'signal_time': Timestamp('2019-12-05 19:00:00+0000', tz='UTC')}"
2019-12-06 20:00:00+00:00,2019-12-09 00:00:00+00:00,1,1460.825,1460.815,1455.1508251477915,,0.94,111.86000000000084,0.20972212365588644,"{'time_exit_bars': 2, 'atr': 2.754587426104285, 'entry_hour_utc': 19, 'exit_reason': 'time_exit', 'signal_time': Timestamp('2019-12-06 19:00:00+0000', tz='UTC')}"
2019-12-09 20:00:00+00:00,2019-12-10 00:00:00+00:00,1,1460.905,1461.315,1457.521865942337,,1.58,127.98000000001295,0.2394229688195113,"{'time_exit_bars': 2, 'atr': 1.6240670288314867, 'entry_hour_utc': 19, 'exit_reason': 'time_exit', 'signal_time': Timestamp('2019-12-09 19:00:00+0000', tz='UTC')}"
2019-12-10 20:00:00+00:00,2019-12-11 00:00:00+00:00,1,1464.805,1463.915,1460.3913714550272,,1.21,-59.29000000001211,-0.11101976412541778,"{'time_exit_bars': 2, 'atr': 2.0993142724863953, 'entry_hour_utc': 19, 'exit_reason': 'time_exit', 'signal_time': Timestamp('2019-12-10 19:00:00+0000', tz='UTC')}"
2019-12-11 20:00:00+00:00,2019-12-12 00:00:00+00:00,1,1475.2949999999998,1474.435,1469.6527541219007,,0.95,32.30000000000949,0.06025969221225131,"{'time_exit_bars': 2, 'atr': 2.7186229390495766, 'entry_hour_utc': 19, 'exit_reason': 'time_exit', 'signal_time': Timestamp('2019-12-11 19:00:00+0000', tz='UTC')}"
2019-12-12 20:00:00+00:00,2019-12-12 23:00:00+00:00,1,1469.955,1462.5835255479221,1462.758525547922,,0.74,-545.4891094537566,-1.0243174628306262,"{'time_exit_bars': 2, 'atr': 3.545737226038866, 'entry_hour_utc': 19, 'exit_reason': 'sl', 'signal_time': Timestamp('2019-12-12 19:00:00+0000', tz='UTC')}"
2019-12-13 20:00:00+00:00,2019-12-16 00:00:00+00:00,1,1476.655,1474.085,1469.672617741651,,0.76,-104.11999999999517,-0.1962081062465189,"{'time_exit_bars': 2, 'atr': 3.368691129174503, 'entry_hour_utc': 19, 'exit_reason': 'time_exit', 'signal_time': Timestamp('2019-12-13 19:00:00+0000', tz='UTC')}"
2019-12-16 20:00:00+00:00,2019-12-17 00:00:00+00:00,1,1476.445,1475.165,1472.4824166801247,,1.34,-117.91999999999638,-0.22207734928528636,"{'time_exit_bars': 2, 'atr': 1.888791659937606, 'entry_hour_utc': 19, 'exit_reason': 'time_exit', 'signal_time': Timestamp('2019-12-16 19:00:00+0000', tz='UTC')}"
2019-12-17 20:00:00+00:00,2019-12-18 00:00:00+00:00,1,1476.0249999999999,1475.415,1472.0969290537955,,1.35,-28.349999999986494,-0.05346135619134398,"{'time_exit_bars': 2, 'atr': 1.876535473102187, 'entry_hour_utc': 19, 'exit_reason': 'time_exit', 'signal_time': Timestamp('2019-12-17 19:00:00+0000', tz='UTC')}"
2019-12-18 20:00:00+00:00,2019-12-19 00:00:00+00:00,1,1475.965,1474.795,1471.9178594431316,,1.31,3.9300000000202715,0.007412640993958738,"{'time_exit_bars': 2, 'atr': 1.9360702784341164, 'entry_hour_utc': 19, 'exit_reason': 'time_exit', 'signal_time': Timestamp('2019-12-18 19:00:00+0000', tz='UTC')}"
2019-12-19 20:00:00+00:00,2019-12-20 00:00:00+00:00,1,1479.475,1478.7350000000001,1475.9215810934431,,1.5,-50.99999999996725,-0.09568249872606165,"{'time_exit_bars': 2, 'atr': 1.6892094532783928, 'entry_hour_utc': 19, 'exit_reason': 'time_exit', 'signal_time': Timestamp('2019-12-19 19:00:00+0000', tz='UTC')}"
2019-12-20 20:00:00+00:00,2019-12-23 00:00:00+00:00,1,1477.685,1478.855,1474.6290685853683,,1.74,412.38000000001267,0.775540965563756,"{'time_exit_bars': 2, 'atr': 1.440465707315816, 'entry_hour_utc': 19, 'exit_reason': 'time_exit', 'signal_time': Timestamp('2019-12-20 19:00:00+0000', tz='UTC')}"
2019-12-23 20:00:00+00:00,2019-12-24 00:00:00+00:00,1,1485.895,1484.775,1482.225372458542,,1.45,-104.39999999998417,-0.1962051984474278,"{'time_exit_bars': 2, 'atr': 1.7523137707290164, 'entry_hour_utc': 19, 'exit_reason': 'time_exit', 'signal_time': Timestamp('2019-12-23 19:00:00+0000', tz='UTC')}"
2019-12-26 20:00:00+00:00,2019-12-27 00:00:00+00:00,1,1511.995,1509.885,1506.6056899761154,,0.99,-169.28999999999007,-0.31729479143368544,"{'time_exit_bars': 2, 'atr': 2.6021550119423065, 'entry_hour_utc': 19, 'exit_reason': 'time_exit', 'signal_time': Timestamp('2019-12-26 19:00:00+0000', tz='UTC')}"
2019-12-27 20:00:00+00:00,2019-12-30 00:00:00+00:00,1,1510.945,1513.015,1505.9573013954646,,1.07,349.89000000001755,0.6556129909346823,"{'time_exit_bars': 2, 'atr': 2.401349302267754, 'entry_hour_utc': 19, 'exit_reason': 'time_exit', 'signal_time': Timestamp('2019-12-27 19:00:00+0000', tz='UTC')}"
2019-12-30 20:00:00+00:00,2019-12-31 00:00:00+00:00,1,1515.0249999999999,1515.615,1511.4277169801699,,1.48,146.52000000002153,0.27520770385392984,"{'time_exit_bars': 2, 'atr': 1.686141509915074, 'entry_hour_utc': 19, 'exit_reason': 'time_exit', 'signal_time': Timestamp('2019-12-30 19:00:00+0000', tz='UTC')}"
2020-01-02 20:00:00+00:00,2020-01-03 00:00:00+00:00,1,1528.485,1530.355,1523.090346201944,,0.92,208.84000000001092,0.42078696520213055,"{'time_exit_bars': 2, 'atr': 2.6098268990280187, 'entry_hour_utc': 19, 'exit_reason': 'time_exit', 'signal_time': Timestamp('2020-01-02 19:00:00+0000', tz='UTC')}"
2020-01-03 20:00:00+00:00,2020-01-06 00:00:00+00:00,1,1549.175,1569.265,1541.0526450713562,,0.61,1298.690000000009,2.621161004048257,"{'time_exit_bars': 2, 'atr': 3.9836774643218393, 'entry_hour_utc': 19, 'exit_reason': 'time_exit', 'signal_time': Timestamp('2020-01-03 19:00:00+0000', tz='UTC')}"
2020-01-06 20:00:00+00:00,2020-01-07 00:00:00+00:00,1,1565.675,1563.935,1556.869045093881,,0.57,-76.38000000000052,-0.1521697549312768,"{'time_exit_bars': 2, 'atr': 4.3404774530595285, 'entry_hour_utc': 19, 'exit_reason': 'time_exit', 'signal_time': Timestamp('2020-01-06 19:00:00+0000', tz='UTC')}"
2020-01-07 20:00:00+00:00,2020-01-08 00:00:00+00:00,1,1571.925,1598.815,1563.8669799201439,,0.62,1691.9800000000062,3.3866880113914433,"{'time_exit_bars': 2, 'atr': 3.9115100399281304, 'entry_hour_utc': 19, 'exit_reason': 'time_exit', 'signal_time': Timestamp('2020-01-07 19:00:00+0000', tz='UTC')}"
2020-01-08 20:00:00+00:00,2020-01-09 00:00:00+00:00,1,1560.0249999999999,1556.435,1545.096300629946,,0.34,-81.2599999999972,-0.16009432173268354,"{'time_exit_bars': 2, 'atr': 7.396849685027048, 'entry_hour_utc': 19, 'exit_reason': 'time_exit', 'signal_time': Timestamp('2020-01-08 19:00:00+0000', tz='UTC')}"
2020-01-09 20:00:00+00:00,2020-01-10 00:00:00+00:00,1,1550.925,1551.7050000000002,1541.5018427483446,,0.54,63.72000000001081,0.12522342230815647,"{'time_exit_bars': 2, 'atr': 4.609078625827639, 'entry_hour_utc': 19, 'exit_reason': 'time_exit', 'signal_time': Timestamp('2020-01-09 19:00:00+0000', tz='UTC')}"
2020-01-10 20:00:00+00:00,2020-01-13 00:00:00+00:00,1,1560.445,1558.395,1553.9254987717702,,0.79,-67.14999999999641,-0.13037807191743703,"{'time_exit_bars': 2, 'atr': 3.152250614114871, 'entry_hour_utc': 19, 'exit_reason': 'time_exit', 'signal_time': Timestamp('2020-01-10 19:00:00+0000', tz='UTC')}"
2020-01-13 20:00:00+00:00,2020-01-14 00:00:00+00:00,1,1548.705,1542.936038002873,1543.1110380028729,,0.92,-493.9445037356847,-0.9597780606812129,"{'time_exit_bars': 2, 'atr': 2.7144809985635296, 'entry_hour_utc': 19, 'exit_reason': 'sl', 'signal_time': Timestamp('2020-01-13 19:00:00+0000', tz='UTC')}"
2020-01-14 20:00:00+00:00,2020-01-15 00:00:00+00:00,1,1547.245,1548.945,1540.8180559253585,,0.79,165.9000000000036,0.3267493812939749,"{'time_exit_bars': 2, 'atr': 3.0959720373207515, 'entry_hour_utc': 19, 'exit_reason': 'time_exit', 'signal_time': Timestamp('2020-01-14 19:00:00+0000', tz='UTC')}"
2020-01-15 20:00:00+00:00,2020-01-16 00:00:00+00:00,1,1556.2649999999999,1556.785,1549.6753917505673,,0.77,132.44000000001608,0.26101703392585146,"{'time_exit_bars': 2, 'atr': 3.2073041247163223, 'entry_hour_utc': 19, 'exit_reason': 'time_exit', 'signal_time': Timestamp('2020-01-15 19:00:00+0000', tz='UTC')}"
2020-01-16 20:00:00+00:00,2020-01-17 00:00:00+00:00,1,1553.7649999999999,1549.7350000000001,1548.5929816020537,,0.99,-359.36999999997477,-0.7018536518433905,"{'time_exit_bars': 2, 'atr': 2.533509198973219, 'entry_hour_utc': 19, 'exit_reason': 'time_exit', 'signal_time': Timestamp('2020-01-16 19:00:00+0000', tz='UTC')}"
2020-01-17 20:00:00+00:00,2020-01-20 00:00:00+00:00,1,1557.205,1556.645,1551.7041077670656,,0.93,59.520000000005076,0.11634476243114084,"{'time_exit_bars': 2, 'atr': 2.662946116467191, 'entry_hour_utc': 19, 'exit_reason': 'time_exit', 'signal_time': Timestamp('2020-01-17 19:00:00+0000', tz='UTC')}"
2020-01-21 20:00:00+00:00,2020-01-22 00:00:00+00:00,1,1558.415,1556.445,1550.3987254008746,,0.63,-98.91000000000172,-0.19585157426759342,"{'time_exit_bars': 2, 'atr': 3.9306372995627097, 'entry_hour_utc': 19, 'exit_reason': 'time_exit', 'signal_time': Timestamp('2020-01-21 19:00:00+0000', tz='UTC')}"
2020-01-22 20:00:00+00:00,2020-01-23 00:00:00+00:00,1,1559.0349999999999,1561.635,1553.964539599784,,1.01,383.80000000001377,0.7494388477698046,"{'time_exit_bars': 2, 'atr': 2.4627302001080023, 'entry_hour_utc': 19, 'exit_reason': 'time_exit', 'signal_time': Timestamp('2020-01-22 19:00:00+0000', tz='UTC')}"
2020-01-23 20:00:00+00:00,2020-01-24 00:00:00+00:00,1,1562.435,1560.875,1555.072444742943,,0.69,-80.03999999999624,-0.15755399579352364,"{'time_exit_bars': 2, 'atr': 3.6387776285285245, 'entry_hour_utc': 19, 'exit_reason': 'time_exit', 'signal_time': Timestamp('2020-01-23 19:00:00+0000', tz='UTC')}"
2020-01-24 20:00:00+00:00,2020-01-27 00:00:00+00:00,1,1571.725,1577.835,1564.2578955808167,,0.68,497.0800000000087,0.9789604630706005,"{'time_exit_bars': 2, 'atr': 3.611052209591694, 'entry_hour_utc': 19, 'exit_reason': 'time_exit', 'signal_time': Timestamp('2020-01-24 19:00:00+0000', tz='UTC')}"
2020-01-27 20:00:00+00:00,2020-01-28 00:00:00+00:00,1,1582.895,1582.4850000000001,1575.605976036239,,0.7,-0.6999999999898137,-0.001371925795493589,"{'time_exit_bars': 2, 'atr': 3.5570119818804713, 'entry_hour_utc': 19, 'exit_reason': 'time_exit', 'signal_time': Timestamp('2020-01-27 19:00:00+0000', tz='UTC')}"
2020-01-28 20:00:00+00:00,2020-01-29 00:00:00+00:00,1,1569.235,1568.135,1562.8089736499035,,0.8,-55.99999999999272,-0.10893201519309112,"{'time_exit_bars': 2, 'atr': 3.130513175048237, 'entry_hour_utc': 19, 'exit_reason': 'time_exit', 'signal_time': Timestamp('2020-01-28 19:00:00+0000', tz='UTC')}"
2020-01-29 20:00:00+00:00,2020-01-30 00:00:00+00:00,1,1577.065,1578.055,1571.0746836564697,,0.86,188.34000000000077,0.36559004139493273,"{'time_exit_bars': 2, 'atr': 2.897658171765143, 'entry_hour_utc': 19, 'exit_reason': 'time_exit', 'signal_time': Timestamp('2020-01-29 19:00:00+0000', tz='UTC')}"
2020-01-30 20:00:00+00:00,2020-01-31 00:00:00+00:00,1,1577.175,1574.075,1568.933569659538,,0.62,-167.39999999999435,-0.3276130342016083,"{'time_exit_bars': 2, 'atr': 4.038215170230941, 'entry_hour_utc': 19, 'exit_reason': 'time_exit', 'signal_time': Timestamp('2020-01-30 19:00:00+0000', tz='UTC')}"
2020-01-31 20:00:00+00:00,2020-02-03 00:00:00+00:00,1,1586.895,1586.095,1579.681351650354,,0.71,28.40000000000324,0.05545044346660889,"{'time_exit_bars': 2, 'atr': 3.574324174822979, 'entry_hour_utc': 19, 'exit_reason': 'time_exit', 'signal_time': Timestamp('2020-01-31 19:00:00+0000', tz='UTC')}"
2020-02-03 20:00:00+00:00,2020-02-04 00:00:00+00:00,1,1576.345,1578.185,1568.7059262190924,,0.67,150.07999999999453,0.2932292663016751,"{'time_exit_bars': 2, 'atr': 3.732036890453836, 'entry_hour_utc': 19, 'exit_reason': 'time_exit', 'signal_time': Timestamp('2020-02-03 19:00:00+0000', tz='UTC')}"
2020-02-04 20:00:00+00:00,2020-02-05 00:00:00+00:00,1,1555.365,1554.9950000000001,1547.5949719849937,,0.66,1.9800000000072053,0.0038609899400838476,"{'time_exit_bars': 2, 'atr': 3.7725140075032653, 'entry_hour_utc': 19, 'exit_reason': 'time_exit', 'signal_time': Timestamp('2020-02-04 19:00:00+0000', tz='UTC')}"
2020-02-05 20:00:00+00:00,2020-02-06 00:00:00+00:00,1,1557.105,1556.175,1549.8125871766867,,0.7,18.899999999995543,0.037024782680537174,"{'time_exit_bars': 2, 'atr': 3.5487064116566853, 'entry_hour_utc': 19, 'exit_reason': 'time_exit', 'signal_time': Timestamp('2020-02-05 19:00:00+0000', tz='UTC')}"
2020-02-06 20:00:00+00:00,2020-02-07 00:00:00+00:00,1,1566.225,1568.2050000000002,1560.0092299498933,,0.83,197.54000000002037,0.38289704747997144,"{'time_exit_bars': 2, 'atr': 3.0453850250533243, 'entry_hour_utc': 19, 'exit_reason': 'time_exit', 'signal_time': Timestamp('2020-02-06 19:00:00+0000', tz='UTC')}"
2020-02-07 20:00:00+00:00,2020-02-10 00:00:00+00:00,1,1570.185,1572.855,1562.8030550089672,,0.7,270.9000000000051,0.5242520778333082,"{'time_exit_bars': 2, 'atr': 3.6234724955163577, 'entry_hour_utc': 19, 'exit_reason': 'time_exit', 'signal_time': Timestamp('2020-02-07 19:00:00+0000', tz='UTC')}"
2020-02-10 20:00:00+00:00,2020-02-11 00:00:00+00:00,1,1573.885,1571.065,1568.8315139047081,,1.02,-246.8399999999935,-0.47887734414754823,"{'time_exit_bars': 2, 'atr': 2.439243047645968, 'entry_hour_utc': 19, 'exit_reason': 'time_exit', 'signal_time': Timestamp('2020-02-10 19:00:00+0000', tz='UTC')}"
2020-02-11 20:00:00+00:00,2020-02-12 00:00:00+00:00,1,1568.705,1567.815,1562.8108896484457,,0.87,-42.62999999998892,-0.08313383543466649,"{'time_exit_bars': 2, 'atr': 2.839555175777122, 'entry_hour_utc': 19, 'exit_reason': 'time_exit', 'signal_time': Timestamp('2020-02-11 19:00:00+0000', tz='UTC')}"
2020-02-12 20:00:00+00:00,2020-02-13 00:00:00+00:00,1,1567.2949999999998,1570.775,1562.006119362468,,0.97,453.9600000000238,0.8848753301009156,"{'time_exit_bars': 2, 'atr': 2.571940318766001, 'entry_hour_utc': 19, 'exit_reason': 'time_exit', 'signal_time': Timestamp('2020-02-12 19:00:00+0000', tz='UTC')}"
2020-02-13 20:00:00+00:00,2020-02-14 00:00:00+00:00,1,1576.405,1576.005,1571.3578713562165,,1.03,1.4054535313334782e-11,2.7035530256724685e-14,"{'time_exit_bars': 2, 'atr': 2.4310643218918018, 'entry_hour_utc': 19, 'exit_reason': 'time_exit', 'signal_time': Timestamp('2020-02-13 19:00:00+0000', tz='UTC')}"
2020-02-14 20:00:00+00:00,2020-02-17 00:00:00+00:00,1,1582.7849999999999,1581.905,1578.4184227952426,,1.19,38.08000000001405,0.07328394415000519,"{'time_exit_bars': 2, 'atr': 2.065788602378663, 'entry_hour_utc': 19, 'exit_reason': 'time_exit', 'signal_time': Timestamp('2020-02-14 19:00:00+0000', tz='UTC')}"
2020-02-18 20:00:00+00:00,2020-02-19 00:00:00+00:00,1,1602.965,1601.535,1597.1257534010062,,0.89,-91.66999999998544,-0.1763926189000728,"{'time_exit_bars': 2, 'atr': 2.8521232994968138, 'entry_hour_utc': 19, 'exit_reason': 'time_exit', 'signal_time': Timestamp('2020-02-18 19:00:00+0000', tz='UTC')}"
2020-02-19 20:00:00+00:00,2020-02-20 00:00:00+00:00,1,1612.975,1608.785,1606.4899489184993,,0.8,-239.19999999998618,-0.46106036211945356,"{'time_exit_bars': 2, 'atr': 3.1950255407504358, 'entry_hour_utc': 19, 'exit_reason': 'time_exit', 'signal_time': Timestamp('2020-02-19 19:00:00+0000', tz='UTC')}"
2020-02-20 20:00:00+00:00,2020-02-21 00:00:00+00:00,1,1619.695,1619.135,1612.3183779106707,,0.7,-11.199999999996184,-0.021690144630209077,"{'time_exit_bars': 2, 'atr': 3.605811044664642, 'entry_hour_utc': 19, 'exit_reason': 'time_exit', 'signal_time': Timestamp('2020-02-20 19:00:00+0000', tz='UTC')}"
2020-02-21 20:00:00+00:00,2020-02-24 00:00:00+00:00,1,1643.705,1662.7150000000001,1634.2461580315176,,0.54,1091.3400000000117,2.1366251880876717,"{'time_exit_bars': 2, 'atr': 4.611920984241251, 'entry_hour_utc': 19, 'exit_reason': 'time_exit', 'signal_time': Timestamp('2020-02-21 19:00:00+0000', tz='UTC')}"
2020-02-24 20:00:00+00:00,2020-02-25 00:00:00+00:00,1,1659.705,1644.0370977282,1644.2120977282,,0.33,-503.8407749693968,-0.9854772207264492,"{'time_exit_bars': 2, 'atr': 7.708951135900059, 'entry_hour_utc': 19, 'exit_reason': 'sl', 'signal_time': Timestamp('2020-02-24 19:00:00+0000', tz='UTC')}"
2020-02-25 20:00:00+00:00,2020-02-26 00:00:00+00:00,1,1630.145,1641.275,1609.743689228659,,0.25,288.25000000000273,0.5651597649400543,"{'time_exit_bars': 2, 'atr': 9.91315538567054, 'entry_hour_utc': 19, 'exit_reason': 'time_exit', 'signal_time': Timestamp('2020-02-25 19:00:00+0000', tz='UTC')}"
2020-02-26 20:00:00+00:00,2020-02-27 00:00:00+00:00,1,1636.305,1645.915,1621.9526823485537,,0.36,389.1599999999964,0.7531884579568597,"{'time_exit_bars': 2, 'atr': 7.04865882572314, 'entry_hour_utc': 19, 'exit_reason': 'time_exit', 'signal_time': Timestamp('2020-02-26 19:00:00+0000', tz='UTC')}"
2020-02-27 20:00:00+00:00,2020-02-28 00:00:00+00:00,1,1637.055,1645.4750000000001,1623.4999577849153,,0.38,335.16000000000275,0.6506803785667823,"{'time_exit_bars': 2, 'atr': 6.72502110754235, 'entry_hour_utc': 19, 'exit_reason': 'time_exit', 'signal_time': Timestamp('2020-02-27 19:00:00+0000', tz='UTC')}"
2020-02-28 20:00:00+00:00,2020-03-02 00:00:00+00:00,1,1578.435,1596.865,1550.303463087234,,0.18,353.34000000000117,0.6977933719324101,"{'time_exit_bars': 2, 'atr': 13.998268456382977, 'entry_hour_utc': 19, 'exit_reason': 'time_exit', 'signal_time': Timestamp('2020-02-28 19:00:00+0000', tz='UTC')}"
2020-03-02 20:00:00+00:00,2020-03-03 00:00:00+00:00,1,1586.0249999999999,1591.695,1569.9028164524348,,0.32,194.24000000000234,0.37649986939373437,"{'time_exit_bars': 2, 'atr': 7.863591773782635, 'entry_hour_utc': 19, 'exit_reason': 'time_exit', 'signal_time': Timestamp('2020-03-02 19:00:00+0000', tz='UTC')}"
2020-03-03 20:00:00+00:00,2020-03-04 00:00:00+00:00,1,1636.0049999999999,1645.4850000000001,1618.567485712267,,0.3,296.40000000000737,0.5665945178293386,"{'time_exit_bars': 2, 'atr': 8.576257143866524, 'entry_hour_utc': 19, 'exit_reason': 'time_exit', 'signal_time': Timestamp('2020-03-03 19:00:00+0000', tz='UTC')}"
2020-03-04 20:00:00+00:00,2020-03-05 00:00:00+00:00,1,1638.485,1637.875,1626.7600007384253,,0.45,26.5500000000045,0.050319832593393954,"{'time_exit_bars': 2, 'atr': 5.784999630787319, 'entry_hour_utc': 19, 'exit_reason': 'time_exit', 'signal_time': Timestamp('2020-03-04 19:00:00+0000', tz='UTC')}"
2020-03-05 20:00:00+00:00,2020-03-06 00:00:00+00:00,1,1673.495,1673.9650000000001,1663.7765226834695,,0.54,46.98000000001375,0.08952019659709941,"{'time_exit_bars': 2, 'atr': 4.7317386582652565, 'entry_hour_utc': 19, 'exit_reason': 'time_exit', 'signal_time': Timestamp('2020-03-05 19:00:00+0000', tz='UTC')}"
2020-03-06 20:00:00+00:00,2020-03-09 00:00:00+00:00,1,1674.085,1699.865,1648.3762848812994,,0.2,539.5999999999996,1.0494495689663854,"{'time_exit_bars': 2, 'atr': 12.716857559350297, 'entry_hour_utc': 19, 'exit_reason': 'time_exit', 'signal_time': Timestamp('2020-03-06 19:00:00+0000', tz='UTC')}"
2020-03-09 22:00:00+00:00,2020-03-10 01:00:00+00:00,1,1667.905,1669.115,1652.9612797495092,,0.35,56.35000000000127,0.10773756287007347,"{'time_exit_bars': 2, 'atr': 12.594360125245421, 'entry_hour_utc': 19, 'exit_reason': 'time_exit', 'signal_time': Timestamp('2020-03-09 19:00:00+0000', tz='UTC')}"
2020-03-10 22:00:00+00:00,2020-03-11 01:00:00+00:00,1,1652.105,1658.095,1632.3273398918604,,0.27,172.53000000000029,0.32309180990375,"{'time_exit_bars': 2, 'atr': 8.52133005406972, 'entry_hour_utc': 19, 'exit_reason': 'time_exit', 'signal_time': Timestamp('2020-03-10 19:00:00+0000', tz='UTC')}"
2020-03-11 22:00:00+00:00,2020-03-12 01:00:00+00:00,1,1640.2749999999999,1635.9750000000001,1622.699739314614,,0.3,-92.99999999999181,-0.17638429696678212,"{'time_exit_bars': 2, 'atr': 6.965130342693087, 'entry_hour_utc': 19, 'exit_reason': 'time_exit', 'signal_time': Timestamp('2020-03-11 19:00:00+0000', tz='UTC')}"
2020-03-12 22:00:00+00:00,2020-03-13 01:00:00+00:00,1,1576.475,1554.765,1549.1110052359136,,0.19,-404.88999999999635,-0.7787605641544691,"{'time_exit_bars': 2, 'atr': 14.759497382043223, 'entry_hour_utc': 19, 'exit_reason': 'time_exit', 'signal_time': Timestamp('2020-03-12 19:00:00+0000', tz='UTC')}"
2020-03-15 22:00:00+00:00,2020-03-16 01:00:00+00:00,1,1543.215,1534.445,1493.6941950181258,,0.1,-83.69999999999982,-0.1690198695894305,"{'time_exit_bars': 2, 'atr': 18.04290249093705, 'entry_hour_utc': 19, 'exit_reason': 'time_exit', 'signal_time': Timestamp('2020-03-13 19:00:00+0000', tz='UTC')}"
2020-03-16 22:00:00+00:00,2020-03-17 01:00:00+00:00,1,1511.925,1492.2250000000001,1465.4716023563735,,0.11,-212.29999999999797,-0.415470148126998,"{'time_exit_bars': 2, 'atr': 21.80919882181318, 'entry_hour_utc': 19, 'exit_reason': 'time_exit', 'signal_time': Timestamp('2020-03-16 19:00:00+0000', tz='UTC')}"
2020-03-17 22:00:00+00:00,2020-03-18 01:00:00+00:00,1,1537.465,1534.415,1499.0709812477155,,0.13,-34.449999999999406,-0.0690211675182422,"{'time_exit_bars': 2, 'atr': 14.364509376142196, 'entry_hour_utc': 19, 'exit_reason': 'time_exit', 'signal_time': Timestamp('2020-03-17 19:00:00+0000', tz='UTC')}"
2020-03-18 22:00:00+00:00,2020-03-19 01:00:00+00:00,1,1485.475,1484.4650000000001,1451.485860804703,,0.15,2.850000000003547,0.005590020944882494,"{'time_exit_bars': 2, 'atr': 16.572069597648543, 'entry_hour_utc': 19, 'exit_reason': 'time_exit', 'signal_time': Timestamp('2020-03-18 19:00:00+0000', tz='UTC')}"
2020-03-19 22:00:00+00:00,2020-03-20 01:00:00+00:00,1,1467.645,1481.695,1449.5694451716545,,0.29,419.04999999999865,0.7994222106720582,"{'time_exit_bars': 2, 'atr': 12.385277414172688, 'entry_hour_utc': 19, 'exit_reason': 'time_exit', 'signal_time': Timestamp('2020-03-19 19:00:00+0000', tz='UTC')}"
2020-03-22 22:00:00+00:00,2020-03-23 01:00:00+00:00,1,1490.375,1492.315,1476.6497029617763,,0.38,88.92000000000208,0.17048811355290605,"{'time_exit_bars': 2, 'atr': 10.995148519111927, 'entry_hour_utc': 19, 'exit_reason': 'time_exit', 'signal_time': Timestamp('2020-03-20 19:00:00+0000', tz='UTC')}"
2020-03-23 22:00:00+00:00,2020-03-24 01:00:00+00:00,1,1563.625,1572.695,1533.1246288084685,,0.17,160.98999999999896,0.31048802457293734,"{'time_exit_bars': 2, 'atr': 9.632685595765786, 'entry_hour_utc': 19, 'exit_reason': 'time_exit', 'signal_time': Timestamp('2020-03-23 19:00:00+0000', tz='UTC')}"
2020-03-24 22:00:00+00:00,2020-03-25 01:00:00+00:00,1,1630.735,1616.885,1586.1200778719963,,0.11,-147.949999999999,-0.3014686422944061,"{'time_exit_bars': 2, 'atr': 19.604961064001817, 'entry_hour_utc': 19, 'exit_reason': 'time_exit', 'signal_time': Timestamp('2020-03-24 19:00:00+0000', tz='UTC')}"
2020-03-25 22:00:00+00:00,2020-03-26 01:00:00+00:00,1,1612.575,1603.335,1592.6367577577157,,0.26,-209.04000000000025,-0.40324517589364306,"{'time_exit_bars': 2, 'atr': 11.856621121142112, 'entry_hour_utc': 19, 'exit_reason': 'time_exit', 'signal_time': Timestamp('2020-03-25 19:00:00+0000', tz='UTC')}"
2020-03-26 22:00:00+00:00,2020-03-27 01:00:00+00:00,1,1630.375,1624.645,1608.3061251742472,,0.24,-127.92000000000044,-0.24151661750241518,"{'time_exit_bars': 2, 'atr': 10.311937412876434, 'entry_hour_utc': 19, 'exit_reason': 'time_exit', 'signal_time': Timestamp('2020-03-26 19:00:00+0000', tz='UTC')}"
2020-03-29 22:00:00+00:00,2020-03-30 01:00:00+00:00,1,1620.145,1617.635,1607.0536380488784,,0.4,-84.39999999999965,-0.16117497995074664,"{'time_exit_bars': 2, 'atr': 7.7481809755607935, 'entry_hour_utc': 19, 'exit_reason': 'time_exit', 'signal_time': Timestamp('2020-03-27 19:00:00+0000', tz='UTC')}"
2020-03-30 20:00:00+00:00,2020-03-31 00:00:00+00:00,1,1622.675,1615.835,1608.440839212403,,0.37,-238.27999999999693,-0.45243271423570514,"{'time_exit_bars': 2, 'atr': 7.0545803937984815, 'entry_hour_utc': 19, 'exit_reason': 'time_exit', 'signal_time': Timestamp('2020-03-30 19:00:00+0000', tz='UTC')}"
2020-03-31 20:00:00+00:00,2020-04-01 00:00:00+00:00,1,1576.575,1578.115,1560.6261301679149,,0.33,64.0199999999988,0.12163871298875144,"{'time_exit_bars': 2, 'atr': 7.886934916042632, 'entry_hour_utc': 19, 'exit_reason': 'time_exit', 'signal_time': Timestamp('2020-03-31 19:00:00+0000', tz='UTC')}"
2020-04-01 20:00:00+00:00,2020-04-02 00:00:00+00:00,1,1589.0049999999999,1591.605,1573.932565292204,,0.35,133.00000000000477,0.25211587070499253,"{'time_exit_bars': 2, 'atr': 7.473717353898055, 'entry_hour_utc': 19, 'exit_reason': 'time_exit', 'signal_time': Timestamp('2020-04-01 19:00:00+0000', tz='UTC')}"
2020-04-02 20:00:00+00:00,2020-04-03 00:00:00+00:00,1,1614.085,1613.065,1600.3949043606406,,0.38,-23.559999999999306,-0.045288215388171696,"{'time_exit_bars': 2, 'atr': 6.757547819679731, 'entry_hour_utc': 19, 'exit_reason': 'time_exit', 'signal_time': Timestamp('2020-04-02 19:00:00+0000', tz='UTC')}"
2020-04-03 20:00:00+00:00,2020-04-06 00:00:00+00:00,1,1622.305,1619.025,1607.8367929285416,,0.36,-74.879999999999,-0.14376349396486085,"{'time_exit_bars': 2, 'atr': 7.111603535729206, 'entry_hour_utc': 19, 'exit_reason': 'time_exit', 'signal_time': Timestamp('2020-04-03 19:00:00+0000', tz='UTC')}"
2020-04-06 20:00:00+00:00,2020-04-07 00:00:00+00:00,1,1666.965,1662.605,1653.0462756748889,,0.38,-150.4799999999962,-0.28450883195204796,"{'time_exit_bars': 2, 'atr': 6.856862162555568, 'entry_hour_utc': 19, 'exit_reason': 'time_exit', 'signal_time': Timestamp('2020-04-06 19:00:00+0000', tz='UTC')}"
2020-04-07 20:00:00+00:00,2020-04-08 00:00:00+00:00,1,1657.395,1648.2050000000002,1635.7458893961063,,0.24,-210.95999999999583,-0.40602129855713004,"{'time_exit_bars': 2, 'atr': 10.73705530194689, 'entry_hour_utc': 19, 'exit_reason': 'time_exit', 'signal_time': Timestamp('2020-04-07 19:00:00+0000', tz='UTC')}"
2020-04-08 20:00:00+00:00,2020-04-09 00:00:00+00:00,1,1645.695,1646.915,1631.563843030965,,0.37,89.54000000000102,0.17125278597519536,"{'time_exit_bars': 2, 'atr': 6.483078484517485, 'entry_hour_utc': 19, 'exit_reason': 'time_exit', 'signal_time': Timestamp('2020-04-08 19:00:00+0000', tz='UTC')}"
2020-04-09 20:00:00+00:00,2020-04-13 00:00:00+00:00,1,1683.415,1685.925,1669.3158721227974,,0.37,152.06999999999965,0.2915073922157699,"{'time_exit_bars': 2, 'atr': 7.002063938601288, 'entry_hour_utc': 19, 'exit_reason': 'time_exit', 'signal_time': Timestamp('2020-04-09 19:00:00+0000', tz='UTC')}"
2020-04-13 20:00:00+00:00,2020-04-14 00:00:00+00:00,1,1716.705,1716.815,1703.4385428770113,,0.39,19.890000000004967,0.038442818249974156,"{'time_exit_bars': 2, 'atr': 6.600728561494402, 'entry_hour_utc': 19, 'exit_reason': 'time_exit', 'signal_time': Timestamp('2020-04-13 19:00:00+0000', tz='UTC')}"
2020-04-14 20:00:00+00:00,2020-04-15 00:00:00+00:00,1,1728.135,1725.305,1709.8348905218065,,0.28,-68.03999999999796,-0.13278609086440338,"{'time_exit_bars': 2, 'atr': 9.04755473909679, 'entry_hour_utc': 19, 'exit_reason': 'time_exit', 'signal_time': Timestamp('2020-04-14 19:00:00+0000', tz='UTC')}"
2020-04-15 20:00:00+00:00,2020-04-16 00:00:00+00:00,1,1722.055,1715.785,1706.2316407199594,,0.33,-167.3099999999994,-0.32041236694885616,"{'time_exit_bars': 2, 'atr': 7.864179640020291, 'entry_hour_utc': 19, 'exit_reason': 'time_exit', 'signal_time': Timestamp('2020-04-15 19:00:00+0000', tz='UTC')}"
2020-04-16 20:00:00+00:00,2020-04-16 23:00:00+00:00,1,1718.7549999999999,1702.3414991946381,1702.516499194638,,0.32,-525.2320257715764,-1.0107768569338722,"{'time_exit_bars': 2, 'atr': 8.031750402680874, 'entry_hour_utc': 19, 'exit_reason': 'sl', 'signal_time': Timestamp('2020-04-16 19:00:00+0000', tz='UTC')}"
2020-04-17 20:00:00+00:00,2020-04-20 00:00:00+00:00,1,1684.095,1675.7150000000001,1665.8026125673614,,0.28,-201.03999999999672,-0.3925130071971248,"{'time_exit_bars': 2, 'atr': 9.068693716319348, 'entry_hour_utc': 19, 'exit_reason': 'time_exit', 'signal_time': Timestamp('2020-04-17 19:00:00+0000', tz='UTC')}"
2020-04-20 20:00:00+00:00,2020-04-21 00:00:00+00:00,1,1696.205,1690.855,1680.8390598252004,,0.34,-168.29999999999694,-0.3221410433523622,"{'time_exit_bars': 2, 'atr': 7.605470087399842, 'entry_hour_utc': 19, 'exit_reason': 'time_exit', 'signal_time': Timestamp('2020-04-20 19:00:00+0000', tz='UTC')}"
2020-04-21 20:00:00+00:00,2020-04-22 00:00:00+00:00,1,1685.0349999999999,1686.765,1665.8760794582827,,0.27,57.51000000000664,0.11117536582305473,"{'time_exit_bars': 2, 'atr': 9.511960270858683, 'entry_hour_utc': 19, 'exit_reason': 'time_exit', 'signal_time': Timestamp('2020-04-21 19:00:00+0000', tz='UTC')}"
2020-04-22 20:00:00+00:00,2020-04-23 00:00:00+00:00,1,1718.215,1711.055,1703.010318542869,,0.34,-202.63999999999507,-0.3919845356052936,"{'time_exit_bars': 2, 'atr': 7.48484072856549, 'entry_hour_utc': 19, 'exit_reason': 'time_exit', 'signal_time': Timestamp('2020-04-22 19:00:00+0000', tz='UTC')}"
2020-04-23 20:00:00+00:00,2020-04-24 00:00:00+00:00,1,1733.105,1728.255,1717.8539695248155,,0.34,-151.2999999999969,-0.2917835622478535,"{'time_exit_bars': 2, 'atr': 7.513015237592291, 'entry_hour_utc': 19, 'exit_reason': 'time_exit', 'signal_time': Timestamp('2020-04-23 19:00:00+0000', tz='UTC')}"
2020-04-24 20:00:00+00:00,2020-04-27 00:00:00+00:00,1,1728.725,1725.025,1715.4105792070056,,0.39,-97.49999999999291,-0.18776633537939993,"{'time_exit_bars': 2, 'atr': 6.54471039649722, 'entry_hour_utc': 19, 'exit_reason': 'time_exit', 'signal_time': Timestamp('2020-04-24 19:00:00+0000', tz='UTC')}"
2020-04-27 20:00:00+00:00,2020-04-28 00:00:00+00:00,1,1717.475,1709.265,1706.1524289650783,,0.46,-359.25999999999124,-0.6897726652287601,"{'time_exit_bars': 2, 'atr': 5.538785517460854, 'entry_hour_utc': 19, 'exit_reason': 'time_exit', 'signal_time': Timestamp('2020-04-27 19:00:00+0000', tz='UTC')}"
2020-04-28 20:00:00+00:00,2020-04-29 00:00:00+00:00,1,1708.865,1704.575,1694.469833285876,,0.36,-140.03999999999868,-0.2702295900597809,"{'time_exit_bars': 2, 'atr': 7.125083357062119, 'entry_hour_utc': 19, 'exit_reason': 'time_exit', 'signal_time': Timestamp('2020-04-28 19:00:00+0000', tz='UTC')}"
2020-04-29 20:00:00+00:00,2020-04-30 00:00:00+00:00,1,1715.385,1713.645,1702.3081114188178,,0.39,-21.060000000000358,-0.04129422657749617,"{'time_exit_bars': 2, 'atr': 6.375944290591061, 'entry_hour_utc': 19, 'exit_reason': 'time_exit', 'signal_time': Timestamp('2020-04-29 19:00:00+0000', tz='UTC')}"
2020-04-30 20:00:00+00:00,2020-05-01 00:00:00+00:00,1,1686.7849999999999,1687.925,1671.5487257355567,,0.34,52.3600000000034,0.1010745785532353,"{'time_exit_bars': 2, 'atr': 7.525637132221666, 'entry_hour_utc': 19, 'exit_reason': 'time_exit', 'signal_time': Timestamp('2020-04-30 19:00:00+0000', tz='UTC')}"
2020-05-01 20:00:00+00:00,2020-05-04 00:00:00+00:00,1,1699.215,1699.145,1684.1489224249674,,0.34,38.42000000000217,0.07500293253983357,"{'time_exit_bars': 2, 'atr': 7.450538787516282, 'entry_hour_utc': 19, 'exit_reason': 'time_exit', 'signal_time': Timestamp('2020-05-01 19:00:00+0000', tz='UTC')}"
2020-05-04 20:00:00+00:00,2020-05-05 00:00:00+00:00,1,1703.985,1703.405,1690.9077565071739,,0.39,-7.019999999997159,-0.013764368622383788,"{'time_exit_bars': 2, 'atr': 6.4411217464130965, 'entry_hour_utc': 19, 'exit_reason': 'time_exit', 'signal_time': Timestamp('2020-05-04 19:00:00+0000', tz='UTC')}"
2020-05-05 20:00:00+00:00,2020-05-06 00:00:00+00:00,1,1710.435,1703.805,1699.0766048718008,,0.45,-280.3499999999947,-0.5484929807145763,"{'time_exit_bars': 2, 'atr': 5.646697564099547, 'entry_hour_utc': 19, 'exit_reason': 'time_exit', 'signal_time': Timestamp('2020-05-05 19:00:00+0000', tz='UTC')}"
2020-05-06 20:00:00+00:00,2020-05-07 00:00:00+00:00,1,1689.195,1689.315,1677.4388317447451,,0.44,58.08000000000521,0.11228148248134344,"{'time_exit_bars': 2, 'atr': 5.730584127627498, 'entry_hour_utc': 19, 'exit_reason': 'time_exit', 'signal_time': Timestamp('2020-05-06 19:00:00+0000', tz='UTC')}"
2020-05-07 20:00:00+00:00,2020-05-08 00:00:00+00:00,1,1715.585,1713.765,1704.2813564740243,,0.45,-63.899999999997135,-0.1256232113775331,"{'time_exit_bars': 2, 'atr': 5.664321762987807, 'entry_hour_utc': 19, 'exit_reason': 'time_exit', 'signal_time': Timestamp('2020-05-07 19:00:00+0000', tz='UTC')}"
2020-05-08 20:00:00+00:00,2020-05-11 00:00:00+00:00,1,1706.665,1706.105,1694.7032502348086,,0.43,27.520000000002348,0.05350387799136638,"{'time_exit_bars': 2, 'atr': 6.028374882595696, 'entry_hour_utc': 19, 'exit_reason': 'time_exit', 'signal_time': Timestamp('2020-05-08 19:00:00+0000', tz='UTC')}"
2020-05-11 20:00:00+00:00,2020-05-12 00:00:00+00:00,1,1696.865,1697.4850000000001,1686.1516812271034,,0.48,48.96000000000568,0.09520859237201008,"{'time_exit_bars': 2, 'atr': 5.289159386448297, 'entry_hour_utc': 19, 'exit_reason': 'time_exit', 'signal_time': Timestamp('2020-05-11 19:00:00+0000', tz='UTC')}"
2020-05-12 20:00:00+00:00,2020-05-13 00:00:00+00:00,1,1702.135,1702.195,1692.6795361015604,,0.54,24.839999999997055,0.04864912022728559,"{'time_exit_bars': 2, 'atr': 4.5902319492196995, 'entry_hour_utc': 19, 'exit_reason': 'time_exit', 'signal_time': Timestamp('2020-05-12 19:00:00+0000', tz='UTC')}"
2020-05-13 20:00:00+00:00,2020-05-14 00:00:00+00:00,1,1717.475,1718.2450000000001,1707.4930327313662,,0.52,102.44000000001088,0.19735588656862488,"{'time_exit_bars': 2, 'atr': 4.863483634316914, 'entry_hour_utc': 19, 'exit_reason': 'time_exit', 'signal_time': Timestamp('2020-05-13 19:00:00+0000', tz='UTC')}"
2020-05-14 20:00:00+00:00,2020-05-15 00:00:00+00:00,1,1732.965,1732.4850000000001,1722.1644855247387,,0.48,-3.83999999998996,-0.007407054560505621,"{'time_exit_bars': 2, 'atr': 5.327757237630604, 'entry_hour_utc': 19, 'exit_reason': 'time_exit', 'signal_time': Timestamp('2020-05-14 19:00:00+0000', tz='UTC')}"
2020-05-15 20:00:00+00:00,2020-05-18 00:00:00+00:00,1,1743.975,1757.885,1732.797504406646,,0.46,695.0600000000039,1.3518233913672557,"{'time_exit_bars': 2, 'atr': 5.626247796676952, 'entry_hour_utc': 19, 'exit_reason': 'time_exit', 'signal_time': Timestamp('2020-05-15 19:00:00+0000', tz='UTC')}"
2020-05-18 20:00:00+00:00,2020-05-19 00:00:00+00:00,1,1731.865,1734.375,1717.6211543420472,,0.36,104.75999999999968,0.20429875961027785,"{'time_exit_bars': 2, 'atr': 6.914422828976446, 'entry_hour_utc': 19, 'exit_reason': 'time_exit', 'signal_time': Timestamp('2020-05-18 19:00:00+0000', tz='UTC')}"
2020-05-19 20:00:00+00:00,2020-05-20 00:00:00+00:00,1,1746.415,1746.005,1735.7747067282764,,0.49,-0.48999999999286814,-0.0009398237195613167,"{'time_exit_bars': 2, 'atr': 5.227646635861796, 'entry_hour_utc': 19, 'exit_reason': 'time_exit', 'signal_time': Timestamp('2020-05-19 19:00:00+0000', tz='UTC')}"
2020-05-20 20:00:00+00:00,2020-05-21 00:00:00+00:00,1,1749.625,1747.275,1739.6425245964692,,0.52,-59.79999999999527,-0.11520188665760775,"{'time_exit_bars': 2, 'atr': 4.878737701765429, 'entry_hour_utc': 19, 'exit_reason': 'time_exit', 'signal_time': Timestamp('2020-05-20 19:00:00+0000', tz='UTC')}"
2020-05-21 20:00:00+00:00,2020-05-22 00:00:00+00:00,1,1725.2949999999998,1725.595,1714.6540282110345,,0.49,34.300000000008914,0.06578346544683839,"{'time_exit_bars': 2, 'atr': 5.212985894482725, 'entry_hour_utc': 19, 'exit_reason': 'time_exit', 'signal_time': Timestamp('2020-05-21 19:00:00+0000', tz='UTC')}"
2020-05-22 20:00:00+00:00,2020-05-25 00:00:00+00:00,1,1735.2949999999998,1730.615,1726.1261615828653,,0.57,-198.3599999999907,-0.37954644216397937,"{'time_exit_bars': 2, 'atr': 4.501919208567423, 'entry_hour_utc': 19, 'exit_reason': 'time_exit', 'signal_time': Timestamp('2020-05-22 19:00:00+0000', tz='UTC')}"
2020-05-26 20:00:00+00:00,2020-05-27 00:00:00+00:00,1,1711.695,1712.335,1701.7179089282527,,0.52,54.0800000000052,0.10423879991885907,"{'time_exit_bars': 2, 'atr': 4.926045535873666, 'entry_hour_utc': 19, 'exit_reason': 'time_exit', 'signal_time': Timestamp('2020-05-26 19:00:00+0000', tz='UTC')}"
2020-05-27 20:00:00+00:00,2020-05-28 00:00:00+00:00,1,1713.695,1710.695,1703.1953506643704,,0.49,-88.2,-0.1714342967523565,"{'time_exit_bars': 2, 'atr': 5.162324667814852, 'entry_hour_utc': 19, 'exit_reason': 'time_exit', 'signal_time': Timestamp('2020-05-27 19:00:00+0000', tz='UTC')}"
2020-05-28 20:00:00+00:00,2020-05-29 00:00:00+00:00,1,1719.5149999999999,1721.565,1710.0036676974516,,0.54,132.30000000000985,0.2575874674617131,"{'time_exit_bars': 2, 'atr': 4.67316615127413, 'entry_hour_utc': 19, 'exit_reason': 'time_exit', 'signal_time': Timestamp('2020-05-28 19:00:00+0000', tz='UTC')}"
2020-05-29 20:00:00+00:00,2020-06-01 00:00:00+00:00,1,1731.595,1739.405,1722.1654386724492,,0.55,495.54999999999706,0.955505742740651,"{'time_exit_bars': 2, 'atr': 4.602280663775297, 'entry_hour_utc': 19, 'exit_reason': 'time_exit', 'signal_time': Timestamp('2020-05-29 19:00:00+0000', tz='UTC')}"
2020-06-01 20:00:00+00:00,2020-06-02 00:00:00+00:00,1,1740.145,1741.515,1730.3085757608437,,0.53,93.81000000000627,0.1799434384859293,"{'time_exit_bars': 2, 'atr': 4.830712119578138, 'entry_hour_utc': 19, 'exit_reason': 'time_exit', 'signal_time': Timestamp('2020-06-01 19:00:00+0000', tz='UTC')}"
2020-06-02 20:00:00+00:00,2020-06-03 00:00:00+00:00,1,1728.325,1726.4650000000001,1718.613484421882,,0.54,-78.8399999999946,-0.15033698790429526,"{'time_exit_bars': 2, 'atr': 4.738257789058975, 'entry_hour_utc': 19, 'exit_reason': 'time_exit', 'signal_time': Timestamp('2020-06-02 19:00:00+0000', tz='UTC')}"
2020-06-03 20:00:00+00:00,2020-06-04 00:00:00+00:00,1,1697.675,1700.345,1685.3907531274172,,0.42,162.54000000000306,0.31503762828452453,"{'time_exit_bars': 2, 'atr': 6.069623436291427, 'entry_hour_utc': 19, 'exit_reason': 'time_exit', 'signal_time': Timestamp('2020-06-03 19:00:00+0000', tz='UTC')}"
2020-06-04 20:00:00+00:00,2020-06-05 00:00:00+00:00,1,1716.315,1712.275,1703.933172012193,,0.42,-152.87999999999846,-0.2939792091752861,"{'time_exit_bars': 2, 'atr': 6.063413993903465, 'entry_hour_utc': 19, 'exit_reason': 'time_exit', 'signal_time': Timestamp('2020-06-04 19:00:00+0000', tz='UTC')}"
2020-06-05 20:00:00+00:00,2020-06-08 00:00:00+00:00,1,1681.5249999999999,1681.045,1668.851978456574,,0.41,29.520000000008576,0.05681360183386644,"{'time_exit_bars': 2, 'atr': 6.249010771712907, 'entry_hour_utc': 19, 'exit_reason': 'time_exit', 'signal_time': Timestamp('2020-06-05 19:00:00+0000', tz='UTC')}"
2020-06-08 20:00:00+00:00,2020-06-09 00:00:00+00:00,1,1698.575,1697.185,1689.6488571726065,,0.58,-57.4200000000058,-0.11091016793523421,"{'time_exit_bars': 2, 'atr': 4.3455714136967085, 'entry_hour_utc': 19, 'exit_reason': 'time_exit', 'signal_time': Timestamp('2020-06-08 19:00:00+0000', tz='UTC')}"
2020-06-09 20:00:00+00:00,2020-06-10 00:00:00+00:00,1,1715.145,1713.035,1704.8985268999313,,0.51,-87.20999999999489,-0.1668866919670574,"{'time_exit_bars': 2, 'atr': 5.035736550034399, 'entry_hour_utc': 19, 'exit_reason': 'time_exit', 'signal_time': Timestamp('2020-06-09 19:00:00+0000', tz='UTC')}"
2020-06-10 20:00:00+00:00,2020-06-11 00:00:00+00:00,1,1738.625,1735.335,1726.5683833346438,,0.43,-89.86999999999844,-0.17334879742883688,"{'time_exit_bars': 2, 'atr': 5.925808332678171, 'entry_hour_utc': 19, 'exit_reason': 'time_exit', 'signal_time': Timestamp('2020-06-10 19:00:00+0000', tz='UTC')}"
2020-06-11 20:00:00+00:00,2020-06-12 00:00:00+00:00,1,1727.955,1726.435,1714.582944632976,,0.39,-43.67999999999929,-0.08375675760077636,"{'time_exit_bars': 2, 'atr': 6.5985276835119855, 'entry_hour_utc': 19, 'exit_reason': 'time_exit', 'signal_time': Timestamp('2020-06-11 19:00:00+0000', tz='UTC')}"
2020-06-12 20:00:00+00:00,2020-06-15 00:00:00+00:00,1,1731.2549999999999,1732.565,1721.6216668809338,,0.54,135.54000000000934,0.260553639013318,"{'time_exit_bars': 2, 'atr': 4.734166559532998, 'entry_hour_utc': 19, 'exit_reason': 'time_exit', 'signal_time': Timestamp('2020-06-12 19:00:00+0000', tz='UTC')}"
2020-06-15 20:00:00+00:00,2020-06-16 00:00:00+00:00,1,1726.245,1723.9850000000001,1714.1566089676705,,0.43,-79.97999999998983,-0.15386663080515467,"{'time_exit_bars': 2, 'atr': 5.976695516164657, 'entry_hour_utc': 19, 'exit_reason': 'time_exit', 'signal_time': Timestamp('2020-06-15 19:00:00+0000', tz='UTC')}"
2020-06-16 20:00:00+00:00,2020-06-17 00:00:00+00:00,1,1726.5049999999999,1726.335,1715.4655911493085,,0.47,10.810000000007268,0.020834448937521628,"{'time_exit_bars': 2, 'atr': 5.432204425345734, 'entry_hour_utc': 19, 'exit_reason': 'time_exit', 'signal_time': Timestamp('2020-06-16 19:00:00+0000', tz='UTC')}"
2020-06-17 20:00:00+00:00,2020-06-18 00:00:00+00:00,1,1729.2549999999999,1727.255,1720.7428118518858,,0.61,-48.79999999998611,-0.09398288502081753,"{'time_exit_bars': 2, 'atr': 4.21359407405713, 'entry_hour_utc': 19, 'exit_reason': 'time_exit', 'signal_time': Timestamp('2020-06-17 19:00:00+0000', tz='UTC')}"
2020-06-18 20:00:00+00:00,2020-06-19 00:00:00+00:00,1,1724.915,1723.175,1715.0299288667986,,0.53,-71.0200000000005,-0.13555795218299485,"{'time_exit_bars': 2, 'atr': 4.790035566600678, 'entry_hour_utc': 19, 'exit_reason': 'time_exit', 'signal_time': Timestamp('2020-06-18 19:00:00+0000', tz='UTC')}"
2020-06-19 20:00:00+00:00,2020-06-22 00:00:00+00:00,1,1744.395,1748.905,1736.4606956896148,,0.66,376.8599999999994,0.7196598185081191,"{'time_exit_bars': 2, 'atr': 3.8796521551925625, 'entry_hour_utc': 19, 'exit_reason': 'time_exit', 'signal_time': Timestamp('2020-06-19 19:00:00+0000', tz='UTC')}"
2020-06-22 20:00:00+00:00,2020-06-23 00:00:00+00:00,1,1755.355,1755.095,1742.508804186606,,0.4,5.600000000000366,0.010898167989471233,"{'time_exit_bars': 2, 'atr': 6.310597906697028, 'entry_hour_utc': 19, 'exit_reason': 'time_exit', 'signal_time': Timestamp('2020-06-22 19:00:00+0000', tz='UTC')}"
2020-06-23 20:00:00+00:00,2020-06-24 00:00:00+00:00,1,1770.245,1768.445,1760.6496765909612,,0.54,-75.59999999999755,-0.14590440992131384,"{'time_exit_bars': 2, 'atr': 4.720161704519348, 'entry_hour_utc': 19, 'exit_reason': 'time_exit', 'signal_time': Timestamp('2020-06-23 19:00:00+0000', tz='UTC')}"
2020-06-24 20:00:00+00:00,2020-06-25 00:00:00+00:00,1,1765.165,1761.855,1753.5250858884265,,0.45,-94.94999999999754,-0.18127281522653044,"{'time_exit_bars': 2, 'atr': 5.737457055786708, 'entry_hour_utc': 19, 'exit_reason': 'time_exit', 'signal_time': Timestamp('2020-06-24 19:00:00+0000', tz='UTC')}"
2020-06-25 20:00:00+00:00,2020-06-26 00:00:00+00:00,1,1763.745,1765.675,1754.7609431497506,,0.58,135.14000000000368,0.2593483143347878,"{'time_exit_bars': 2, 'atr': 4.404528425124728, 'entry_hour_utc': 19, 'exit_reason': 'time_exit', 'signal_time': Timestamp('2020-06-25 19:00:00+0000', tz='UTC')}"
2020-06-26 20:00:00+00:00,2020-06-29 00:00:00+00:00,1,1771.375,1771.035,1761.9341701746298,,0.55,47.3000000000045,0.09109368730373855,"{'time_exit_bars': 2, 'atr': 4.6329149126851785, 'entry_hour_utc': 19, 'exit_reason': 'time_exit', 'signal_time': Timestamp('2020-06-26 19:00:00+0000', tz='UTC')}"
2020-06-29 20:00:00+00:00,2020-06-30 00:00:00+00:00,1,1771.995,1772.905,1763.9806915910885,,0.65,85.15000000000532,0.16345764764224122,"{'time_exit_bars': 2, 'atr': 3.919654204455648, 'entry_hour_utc': 19, 'exit_reason': 'time_exit', 'signal_time': Timestamp('2020-06-29 19:00:00+0000', tz='UTC')}"
2020-06-30 20:00:00+00:00,2020-07-01 00:00:00+00:00,1,1780.405,1782.655,1772.232015492057,,0.64,169.6,0.32423896037298877,"{'time_exit_bars': 2, 'atr': 3.9989922539714957, 'entry_hour_utc': 19, 'exit_reason': 'time_exit', 'signal_time': Timestamp('2020-06-30 19:00:00+0000', tz='UTC')}"
2020-07-01 20:00:00+00:00,2020-07-02 00:00:00+00:00,1,1772.645,1767.9550000000002,1762.291522909247,,0.5,-174.49999999999136,-0.3370848237175203,"{'time_exit_bars': 2, 'atr': 5.089238545376492, 'entry_hour_utc': 19, 'exit_reason': 'time_exit', 'signal_time': Timestamp('2020-07-01 19:00:00+0000', tz='UTC')}"
2020-07-02 20:00:00+00:00,2020-07-03 00:00:00+00:00,1,1775.895,1775.525,1767.3835190667792,,0.58,1.740000000006333,0.003524651025536277,"{'time_exit_bars': 2, 'atr': 4.168240466610422, 'entry_hour_utc': 19, 'exit_reason': 'time_exit', 'signal_time': Timestamp('2020-07-02 19:00:00+0000', tz='UTC')}"
2020-07-06 20:00:00+00:00,2020-07-07 00:00:00+00:00,1,1786.605,1785.685,1779.2762390962737,,0.68,-35.36000000000495,-0.07095333124262207,"{'time_exit_bars': 2, 'atr': 3.5768804518631785, 'entry_hour_utc': 19, 'exit_reason': 'time_exit', 'signal_time': Timestamp('2020-07-06 19:00:00+0000', tz='UTC')}"
2020-07-07 20:00:00+00:00,2020-07-08 00:00:00+00:00,1,1797.335,1794.185,1789.5902629165994,,0.64,-176.00000000000583,-0.355079839429822,"{'time_exit_bars': 2, 'atr': 3.759868541700273, 'entry_hour_utc': 19, 'exit_reason': 'time_exit', 'signal_time': Timestamp('2020-07-07 19:00:00+0000', tz='UTC')}"
2020-07-08 20:00:00+00:00,2020-07-09 00:00:00+00:00,1,1809.5049999999999,1808.805,1801.1215905654744,,0.59,29.50000000001073,0.05964160571008601,"{'time_exit_bars': 2, 'atr': 4.0942047172628, 'entry_hour_utc': 19, 'exit_reason': 'time_exit', 'signal_time': Timestamp('2020-07-08 19:00:00+0000', tz='UTC')}"
2020-07-09 20:00:00+00:00,2020-07-10 00:00:00+00:00,1,1803.7849999999999,1803.545,1793.9550623969392,,0.5,8.000000000010914,0.016276807286182603,"{'time_exit_bars': 2, 'atr': 4.807468801530417, 'entry_hour_utc': 19, 'exit_reason': 'time_exit', 'signal_time': Timestamp('2020-07-09 19:00:00+0000', tz='UTC')}"
2020-07-10 20:00:00+00:00,2020-07-13 00:00:00+00:00,1,1799.335,1799.865,1790.747052726755,,0.58,100.33999999999841,0.2014451119640254,"{'time_exit_bars': 2, 'atr': 4.201473636622513, 'entry_hour_utc': 19, 'exit_reason': 'time_exit', 'signal_time': Timestamp('2020-07-10 19:00:00+0000', tz='UTC')}"
2020-07-13 20:00:00+00:00,2020-07-14 00:00:00+00:00,1,1802.565,1802.175,1794.3554423964506,,0.6,0.5999999999939973,0.0012180924335772234,"{'time_exit_bars': 2, 'atr': 3.9372788017747493, 'entry_hour_utc': 19, 'exit_reason': 'time_exit', 'signal_time': Timestamp('2020-07-13 19:00:00+0000', tz='UTC')}"
2020-07-14 20:00:00+00:00,2020-07-15 00:00:00+00:00,1,1810.455,1809.115,1801.5012807854296,,0.55,-51.6999999999955,-0.10498430623893805,"{'time_exit_bars': 2, 'atr': 4.3893596072852, 'entry_hour_utc': 19, 'exit_reason': 'time_exit', 'signal_time': Timestamp('2020-07-14 19:00:00+0000', tz='UTC')}"
2020-07-15 20:00:00+00:00,2020-07-16 00:00:00+00:00,1,1812.385,1812.925,1804.9784291409194,,0.67,116.57999999999757,0.23492653119853557,"{'time_exit_bars': 2, 'atr': 3.595785429540394, 'entry_hour_utc': 19, 'exit_reason': 'time_exit', 'signal_time': Timestamp('2020-07-15 19:00:00+0000', tz='UTC')}"
2020-07-16 20:00:00+00:00,2020-07-17 00:00:00+00:00,1,1795.405,1798.085,1788.2938579429062,,0.7,215.60000000000446,0.4331231151440162,"{'time_exit_bars': 2, 'atr': 3.498071028546809, 'entry_hour_utc': 19, 'exit_reason': 'time_exit', 'signal_time': Timestamp('2020-07-16 19:00:00+0000', tz='UTC')}"
2020-07-17 20:00:00+00:00,2020-07-20 00:00:00+00:00,1,1810.2549999999999,1808.785,1804.8063750541864,,0.91,-24.56999999998179,-0.04955378699854539,"{'time_exit_bars': 2, 'atr': 2.6368124729067035, 'entry_hour_utc': 19, 'exit_reason': 'time_exit', 'signal_time': Timestamp('2020-07-17 19:00:00+0000', tz='UTC')}"
2020-07-20 20:00:00+00:00,2020-07-21 00:00:00+00:00,1,1818.435,1817.785,1812.485717180979,,0.84,-20.999999999988532,-0.04202187181294662,"{'time_exit_bars': 2, 'atr': 2.827141409510516, 'entry_hour_utc': 19, 'exit_reason': 'time_exit', 'signal_time': Timestamp('2020-07-20 19:00:00+0000', tz='UTC')}"
2020-07-21 20:00:00+00:00,2020-07-22 00:00:00+00:00,1,1841.085,1842.9950000000001,1833.3444535174544,,0.64,147.84000000000523,0.29842854186186646,"{'time_exit_bars': 2, 'atr': 3.8527732412727915, 'entry_hour_utc': 19, 'exit_reason': 'time_exit', 'signal_time': Timestamp('2020-07-21 19:00:00+0000', tz='UTC')}"
2020-07-22 20:00:00+00:00,2020-07-23 00:00:00+00:00,1,1868.725,1869.775,1854.1348827470908,,0.34,76.5000000000062,0.1542139765567383,"{'time_exit_bars': 2, 'atr': 7.207558626454552, 'entry_hour_utc': 19, 'exit_reason': 'time_exit', 'signal_time': Timestamp('2020-07-22 19:00:00+0000', tz='UTC')}"
2020-07-23 20:00:00+00:00,2020-07-24 00:00:00+00:00,1,1886.175,1885.375,1871.5925290482708,,0.34,-13.599999999998452,-0.02743019350589019,"{'time_exit_bars': 2, 'atr': 7.2087354758646, 'entry_hour_utc': 19, 'exit_reason': 'time_exit', 'signal_time': Timestamp('2020-07-23 19:00:00+0000', tz='UTC')}"
2020-07-24 20:00:00+00:00,2020-07-27 00:00:00+00:00,1,1902.565,1913.375,1892.318101269454,,0.48,576.4799999999974,1.1720619395015683,"{'time_exit_bars': 2, 'atr': 5.010949365272992, 'entry_hour_utc': 19, 'exit_reason': 'time_exit', 'signal_time': Timestamp('2020-07-24 19:00:00+0000', tz='UTC')}"
2020-07-27 20:00:00+00:00,2020-07-28 00:00:00+00:00,1,1938.895,1964.795,1923.0329769377554,,0.31,815.3000000000028,1.6580482764900515,"{'time_exit_bars': 2, 'atr': 7.86851153112225, 'entry_hour_utc': 19, 'exit_reason': 'time_exit', 'signal_time': Timestamp('2020-07-27 19:00:00+0000', tz='UTC')}"
2020-07-28 20:00:00+00:00,2020-07-29 00:00:00+00:00,1,1955.605,1955.895,1928.742541290725,,0.18,12.419999999999344,0.025686405234444275,"{'time_exit_bars': 2, 'atr': 13.348729354637506, 'entry_hour_utc': 19, 'exit_reason': 'time_exit', 'signal_time': Timestamp('2020-07-28 19:00:00+0000', tz='UTC')}"
2020-07-29 20:00:00+00:00,2020-07-30 00:00:00+00:00,1,1969.445,1966.345,1952.041452448066,,0.29,-55.099999999997365,-0.10917314382772297,"{'time_exit_bars': 2, 'atr': 8.614273775967074, 'entry_hour_utc': 19, 'exit_reason': 'time_exit', 'signal_time': Timestamp('2020-07-29 19:00:00+0000', tz='UTC')}"
2020-07-30 20:00:00+00:00,2020-07-31 00:00:00+00:00,1,1956.145,1956.7450000000001,1940.7701939721119,,0.33,33.000000000004505,0.06504147097441448,"{'time_exit_bars': 2, 'atr': 7.624903013944039, 'entry_hour_utc': 19, 'exit_reason': 'time_exit', 'signal_time': Timestamp('2020-07-30 19:00:00+0000', tz='UTC')}"
2020-07-31 20:00:00+00:00,2020-08-03 00:00:00+00:00,1,1974.115,1981.655,1960.1112895535662,,0.36,314.6399999999986,0.6241203025035178,"{'time_exit_bars': 2, 'atr': 6.919355223216979, 'entry_hour_utc': 19, 'exit_reason': 'time_exit', 'signal_time': Timestamp('2020-07-31 19:00:00+0000', tz='UTC')}"
2020-08-03 20:00:00+00:00,2020-08-04 00:00:00+00:00,1,1976.675,1975.065,1965.9122207450764,,0.47,-56.8699999999953,-0.11242449290654859,"{'time_exit_bars': 2, 'atr': 5.303889627461747, 'entry_hour_utc': 19, 'exit_reason': 'time_exit', 'signal_time': Timestamp('2020-08-03 19:00:00+0000', tz='UTC')}"
2020-08-04 20:00:00+00:00,2020-08-05 00:00:00+00:00,1,2017.245,2030.775,2003.3722723604747,,0.36,501.4800000000072,1.0041284138176105,"{'time_exit_bars': 2, 'atr': 6.848863819762588, 'entry_hour_utc': 19, 'exit_reason': 'time_exit', 'signal_time': Timestamp('2020-08-04 19:00:00+0000', tz='UTC')}"
2020-08-05 20:00:00+00:00,2020-08-06 00:00:00+00:00,1,2036.685,2036.295,2018.096099175301,,0.27,21.870000000003436,0.04357438923574709,"{'time_exit_bars': 2, 'atr': 9.27195041234946, 'entry_hour_utc': 19, 'exit_reason': 'time_exit', 'signal_time': Timestamp('2020-08-05 19:00:00+0000', tz='UTC')}"
2020-08-06 20:00:00+00:00,2020-08-07 00:00:00+00:00,1,2063.385,2069.105,2047.3978428338746,,0.32,195.8399999999936,0.382807270636406,"{'time_exit_bars': 2, 'atr': 7.826078583062812, 'entry_hour_utc': 19, 'exit_reason': 'time_exit', 'signal_time': Timestamp('2020-08-06 19:00:00+0000', tz='UTC')}"
2020-08-07 20:00:00+00:00,2020-08-10 00:00:00+00:00,1,2031.105,2026.895,2007.8008881078463,,0.22,-66.2200000000008,-0.1291617553987746,"{'time_exit_bars': 2, 'atr': 11.544555946076875, 'entry_hour_utc': 19, 'exit_reason': 'time_exit', 'signal_time': Timestamp('2020-08-07 19:00:00+0000', tz='UTC')}"
2020-08-10 20:00:00+00:00,2020-08-11 00:00:00+00:00,1,2025.085,2028.025,2011.108702485784,,0.36,120.24000000000194,0.23897602327102588,"{'time_exit_bars': 2, 'atr': 6.915648757108044, 'entry_hour_utc': 19, 'exit_reason': 'time_exit', 'signal_time': Timestamp('2020-08-10 19:00:00+0000', tz='UTC')}"
2020-08-11 20:00:00+00:00,2020-08-12 00:00:00+00:00,1,1916.2649999999999,1908.815,1888.0291658822005,,0.18,-126.8999999999967,-0.2496827248165341,"{'time_exit_bars': 2, 'atr': 14.03041705889977, 'entry_hour_utc': 19, 'exit_reason': 'time_exit', 'signal_time': Timestamp('2020-08-11 19:00:00+0000', tz='UTC')}"
2020-08-12 20:00:00+00:00,2020-08-13 00:00:00+00:00,1,1907.7649999999999,1921.675,1869.1186190410672,,0.13,196.43000000000106,0.3909809825674651,"{'time_exit_bars': 2, 'atr': 19.42069047946648, 'entry_hour_utc': 19, 'exit_reason': 'time_exit', 'signal_time': Timestamp('2020-08-12 19:00:00+0000', tz='UTC')}"
2020-08-13 20:00:00+00:00,2020-08-14 00:00:00+00:00,1,1952.485,1957.295,1931.0539360273992,,0.23,119.83000000000398,0.2431050556641093,"{'time_exit_bars': 2, 'atr': 10.703031986300353, 'entry_hour_utc': 19, 'exit_reason': 'time_exit', 'signal_time': Timestamp('2020-08-13 19:00:00+0000', tz='UTC')}"
2020-08-14 20:00:00+00:00,2020-08-17 00:00:00+00:00,1,1943.175,1932.355,1925.7667337827988,,0.29,-278.97999999999814,-0.5526110343196848,"{'time_exit_bars': 2, 'atr': 8.601633108600586, 'entry_hour_utc': 19, 'exit_reason': 'time_exit', 'signal_time': Timestamp('2020-08-14 19:00:00+0000', tz='UTC')}"
2020-08-17 20:00:00+00:00,2020-08-18 00:00:00+00:00,1,1984.365,1983.515,1970.206900794418,,0.36,-16.199999999996727,-0.031783927592659675,"{'time_exit_bars': 2, 'atr': 6.951549602790927, 'entry_hour_utc': 19, 'exit_reason': 'time_exit', 'signal_time': Timestamp('2020-08-17 19:00:00+0000', tz='UTC')}"
2020-08-18 20:00:00+00:00,2020-08-19 00:00:00+00:00,1,2003.695,2004.925,1984.9512196555006,,0.27,44.01000000000049,0.08696217998939411,"{'time_exit_bars': 2, 'atr': 9.299390172249684, 'entry_hour_utc': 19, 'exit_reason': 'time_exit', 'signal_time': Timestamp('2020-08-18 19:00:00+0000', tz='UTC')}"
2020-08-19 20:00:00+00:00,2020-08-20 00:00:00+00:00,1,1940.245,1927.435,1915.1897487547703,,0.2,-232.1999999999989,-0.463375916144942,"{'time_exit_bars': 2, 'atr': 12.44012562261476, 'entry_hour_utc': 19, 'exit_reason': 'time_exit', 'signal_time': Timestamp('2020-08-19 19:00:00+0000', tz='UTC')}"
2020-08-20 20:00:00+00:00,2020-08-21 00:00:00+00:00,1,1952.705,1952.665,1930.41243424296,,0.22,7.920000000000801,0.016148881377028093,"{'time_exit_bars': 2, 'atr': 11.08378287852, 'entry_hour_utc': 19, 'exit_reason': 'time_exit', 'signal_time': Timestamp('2020-08-20 19:00:00+0000', tz='UTC')}"
2020-08-21 20:00:00+00:00,2020-08-24 00:00:00+00:00,1,1938.315,1934.945,1918.00033386121,,0.25,-54.250000000002956,-0.10681937793979261,"{'time_exit_bars': 2, 'atr': 10.099833069394984, 'entry_hour_utc': 19, 'exit_reason': 'time_exit', 'signal_time': Timestamp('2020-08-21 19:00:00+0000', tz='UTC')}"
2020-08-24 20:00:00+00:00,2020-08-25 00:00:00+00:00,1,1927.235,1929.505,1912.334628096605,,0.34,90.78000000000713,0.17919015829342336,"{'time_exit_bars': 2, 'atr': 7.347685951697431, 'entry_hour_utc': 19, 'exit_reason': 'time_exit', 'signal_time': Timestamp('2020-08-24 19:00:00+0000', tz='UTC')}"
2020-08-25 20:00:00+00:00,2020-08-26 00:00:00+00:00,1,1929.345,1929.435,1916.1753471395848,,0.38,18.619999999996892,0.037206751399859524,"{'time_exit_bars': 2, 'atr': 6.527326430207641, 'entry_hour_utc': 19, 'exit_reason': 'time_exit', 'signal_time': Timestamp('2020-08-25 19:00:00+0000', tz='UTC')}"
2020-08-26 20:00:00+00:00,2020-08-27 00:00:00+00:00,1,1952.365,1953.255,1935.9165792765982,,0.31,64.7900000000031,0.12706387045575612,"{'time_exit_bars': 2, 'atr': 8.136710361700878, 'entry_hour_utc': 19, 'exit_reason': 'time_exit', 'signal_time': Timestamp('2020-08-26 19:00:00+0000', tz='UTC')}"
2020-08-27 20:00:00+00:00,2020-08-28 00:00:00+00:00,1,1929.915,1927.7350000000001,1908.1227396562017,,0.23,-40.93999999999623,-0.08168037513861641,"{'time_exit_bars': 2, 'atr': 10.848630171899073, 'entry_hour_utc': 19, 'exit_reason': 'time_exit', 'signal_time': Timestamp('2020-08-27 19:00:00+0000', tz='UTC')}"
2020-08-28 20:00:00+00:00,2020-08-31 00:00:00+00:00,1,1963.555,1972.9950000000001,1947.1096689437438,,0.31,329.8400000000017,0.6469921440682898,"{'time_exit_bars': 2, 'atr': 8.150165528128138, 'entry_hour_utc': 19, 'exit_reason': 'time_exit', 'signal_time': Timestamp('2020-08-28 19:00:00+0000', tz='UTC')}"
2020-08-31 20:00:00+00:00,2020-09-01 00:00:00+00:00,1,1967.945,1967.655,1955.7726304223793,,0.42,4.620000000001529,0.00903686002126286,"{'time_exit_bars': 2, 'atr': 5.998684788810342, 'entry_hour_utc': 19, 'exit_reason': 'time_exit', 'signal_time': Timestamp('2020-08-31 19:00:00+0000', tz='UTC')}"
2020-09-01 20:00:00+00:00,2020-09-02 00:00:00+00:00,1,1970.2949999999998,1972.295,1955.8173197684425,,0.35,84.00000000000796,0.16577241392366818,"{'time_exit_bars': 2, 'atr': 7.121340115778726, 'entry_hour_utc': 19, 'exit_reason': 'time_exit', 'signal_time': Timestamp('2020-09-01 19:00:00+0000', tz='UTC')}"
2020-09-02 20:00:00+00:00,2020-09-03 00:00:00+00:00,1,1943.925,1944.405,1927.0199215436382,,0.3,50.400000000000546,0.09937842077081883,"{'time_exit_bars': 2, 'atr': 8.360039228180835, 'entry_hour_utc': 19, 'exit_reason': 'time_exit', 'signal_time': Timestamp('2020-09-02 19:00:00+0000', tz='UTC')}"
2020-09-03 20:00:00+00:00,2020-09-04 00:00:00+00:00,1,1929.335,1927.7350000000001,1912.2911673893318,,0.3,-35.999999999997264,-0.07040669944439573,"{'time_exit_bars': 2, 'atr': 8.434416305334096, 'entry_hour_utc': 19, 'exit_reason': 'time_exit', 'signal_time': Timestamp('2020-09-03 19:00:00+0000', tz='UTC')}"
2020-09-04 20:00:00+00:00,2020-09-07 00:00:00+00:00,1,1934.995,1934.145,1919.1542450929246,,0.32,11.200000000002913,0.022094906590831943,"{'time_exit_bars': 2, 'atr': 7.822877453537623, 'entry_hour_utc': 19, 'exit_reason': 'time_exit', 'signal_time': Timestamp('2020-09-04 19:00:00+0000', tz='UTC')}"
2020-09-08 20:00:00+00:00,2020-09-09 00:00:00+00:00,1,1931.0049999999999,1930.105,1915.298395643503,,0.32,-15.999999999995634,-0.03183374258695473,"{'time_exit_bars': 2, 'atr': 7.785802178248455, 'entry_hour_utc': 19, 'exit_reason': 'time_exit', 'signal_time': Timestamp('2020-09-08 19:00:00+0000', tz='UTC')}"
2020-09-09 20:00:00+00:00,2020-09-10 00:00:00+00:00,1,1948.555,1947.265,1936.0681613661188,,0.41,-3.6899999999985127,-0.007207588937344135,"{'time_exit_bars': 2, 'atr': 6.15591931694065, 'entry_hour_utc': 19, 'exit_reason': 'time_exit', 'signal_time': Timestamp('2020-09-09 19:00:00+0000', tz='UTC')}"
2020-09-10 20:00:00+00:00,2020-09-11 00:00:00+00:00,1,1942.825,1943.825,1929.3650647742436,,0.38,53.2,0.10401238761691883,"{'time_exit_bars': 2, 'atr': 6.712467612878159, 'entry_hour_utc': 19, 'exit_reason': 'time_exit', 'signal_time': Timestamp('2020-09-10 19:00:00+0000', tz='UTC')}"
2020-09-11 20:00:00+00:00,2020-09-14 00:00:00+00:00,1,1942.5149999999999,1942.635,1932.139848752964,,0.49,64.68000000000579,0.12722706094306316,"{'time_exit_bars': 2, 'atr': 5.085075623517873, 'entry_hour_utc': 19, 'exit_reason': 'time_exit', 'signal_time': Timestamp('2020-09-11 19:00:00+0000', tz='UTC')}"
2020-09-14 20:00:00+00:00,2020-09-15 00:00:00+00:00,1,1957.7949999999998,1957.105,1948.7857352139629,,0.57,-16.529999999990146,-0.032189086111586426,"{'time_exit_bars': 2, 'atr': 4.477132393018617, 'entry_hour_utc': 19, 'exit_reason': 'time_exit', 'signal_time': Timestamp('2020-09-14 19:00:00+0000', tz='UTC')}"
2020-09-15 20:00:00+00:00,2020-09-16 00:00:00+00:00,1,1953.835,1953.685,1942.5935942294452,,0.45,11.24999999999591,0.02223921145651967,"{'time_exit_bars': 2, 'atr': 5.483202885277405, 'entry_hour_utc': 19, 'exit_reason': 'time_exit', 'signal_time': Timestamp('2020-09-15 19:00:00+0000', tz='UTC')}"
2020-09-16 20:00:00+00:00,2020-09-17 00:00:00+00:00,1,1958.595,1959.7350000000001,1946.0171276769245,,0.4,93.600000000004,0.18604100438411197,"{'time_exit_bars': 2, 'atr': 6.2014361615377585, 'entry_hour_utc': 19, 'exit_reason': 'time_exit', 'signal_time': Timestamp('2020-09-16 19:00:00+0000', tz='UTC')}"
2020-09-17 20:00:00+00:00,2020-09-18 00:00:00+00:00,1,1948.225,1946.9850000000001,1935.326696022172,,0.4,-33.59999999999127,-0.06512484133136681,"{'time_exit_bars': 2, 'atr': 6.421651988914024, 'entry_hour_utc': 19, 'exit_reason': 'time_exit', 'signal_time': Timestamp('2020-09-17 19:00:00+0000', tz='UTC')}"
2020-09-18 20:00:00+00:00,2020-09-21 00:00:00+00:00,1,1950.815,1948.315,1941.6272843107465,,0.56,-72.8,-0.14149327688933083,"{'time_exit_bars': 2, 'atr': 4.55635784462678, 'entry_hour_utc': 19, 'exit_reason': 'time_exit', 'signal_time': Timestamp('2020-09-18 19:00:00+0000', tz='UTC')}"
2020-09-21 20:00:00+00:00,2020-09-22 00:00:00+00:00,1,1911.2649999999999,1916.9750000000001,1894.0978460903834,,0.3,183.3000000000079,0.3559122282102716,"{'time_exit_bars': 2, 'atr': 8.531076954808384, 'entry_hour_utc': 19, 'exit_reason': 'time_exit', 'signal_time': Timestamp('2020-09-21 19:00:00+0000', tz='UTC')}"
2020-09-22 20:00:00+00:00,2020-09-23 00:00:00+00:00,1,1902.635,1904.075,1886.485073653941,,0.31,57.04000000000169,0.11393240814680688,"{'time_exit_bars': 2, 'atr': 7.987463173029487, 'entry_hour_utc': 19, 'exit_reason': 'time_exit', 'signal_time': Timestamp('2020-09-22 19:00:00+0000', tz='UTC')}"
2020-09-23 20:00:00+00:00,2020-09-24 00:00:00+00:00,1,1862.2949999999998,1854.845,1845.3652054469226,,0.3,-187.49999999999451,-0.3691716388173048,"{'time_exit_bars': 2, 'atr': 8.367397276538671, 'entry_hour_utc': 19, 'exit_reason': 'time_exit', 'signal_time': Timestamp('2020-09-23 19:00:00+0000', tz='UTC')}"
2020-09-24 20:00:00+00:00,2020-09-25 00:00:00+00:00,1,1868.955,1867.575,1852.336712424245,,0.31,-30.379999999996336,-0.058971178319819254,"{'time_exit_bars': 2, 'atr': 8.1366437878775, 'entry_hour_utc': 19, 'exit_reason': 'time_exit', 'signal_time': Timestamp('2020-09-24 19:00:00+0000', tz='UTC')}"
2020-09-25 20:00:00+00:00,2020-09-28 00:00:00+00:00,1,1862.935,1862.4650000000001,1849.7155487801638,,0.39,28.4700000000078,0.05522165692512361,"{'time_exit_bars': 2, 'atr': 6.572225609918062, 'entry_hour_utc': 19, 'exit_reason': 'time_exit', 'signal_time': Timestamp('2020-09-25 19:00:00+0000', tz='UTC')}"
2020-09-28 20:00:00+00:00,2020-09-29 00:00:00+00:00,1,1881.435,1882.535,1868.8871537369632,,0.41,61.5000000000056,0.11954242732625893,"{'time_exit_bars': 2, 'atr': 6.1864231315183495, 'entry_hour_utc': 19, 'exit_reason': 'time_exit', 'signal_time': Timestamp('2020-09-28 19:00:00+0000', tz='UTC')}"
2020-09-29 20:00:00+00:00,2020-09-30 00:00:00+00:00,1,1897.685,1896.665,1886.7672865525844,,0.47,-29.139999999999144,-0.056788447781321014,"{'time_exit_bars': 2, 'atr': 5.351356723707788, 'entry_hour_utc': 19, 'exit_reason': 'time_exit', 'signal_time': Timestamp('2020-09-29 19:00:00+0000', tz='UTC')}"
2020-09-30 20:00:00+00:00,2020-10-01 00:00:00+00:00,1,1886.575,1887.545,1872.0112290478457,,0.35,75.95000000000095,0.14899987147072213,"{'time_exit_bars': 2, 'atr': 7.154385476077137, 'entry_hour_utc': 19, 'exit_reason': 'time_exit', 'signal_time': Timestamp('2020-09-30 19:00:00+0000', tz='UTC')}"
2020-10-01 20:00:00+00:00,2020-10-02 00:00:00+00:00,1,1904.0349999999999,1903.095,1892.5092581109911,,0.44,-23.759999999992395,-0.04685164783316786,"{'time_exit_bars': 2, 'atr': 5.690370944504429, 'entry_hour_utc': 19, 'exit_reason': 'time_exit', 'signal_time': Timestamp('2020-10-01 19:00:00+0000', tz='UTC')}"
2020-10-02 20:00:00+00:00,2020-10-05 00:00:00+00:00,1,1901.7949999999998,1902.825,1887.939886858898,,0.37,82.51000000000741,0.16095141030532661,"{'time_exit_bars': 2, 'atr': 6.840056570550948, 'entry_hour_utc': 19, 'exit_reason': 'time_exit', 'signal_time': Timestamp('2020-10-02 19:00:00+0000', tz='UTC')}"
2020-10-05 20:00:00+00:00,2020-10-06 00:00:00+00:00,1,1911.095,1912.515,1901.8394738639938,,0.55,100.10000000000402,0.19663928049642013,"{'time_exit_bars': 2, 'atr': 4.550263068003124, 'entry_hour_utc': 19, 'exit_reason': 'time_exit', 'signal_time': Timestamp('2020-10-05 19:00:00+0000', tz='UTC')}"
2020-10-06 20:00:00+00:00,2020-10-06 23:00:00+00:00,1,1887.985,1875.2022985081683,1875.3772985081682,,0.41,-524.0907611650969,-1.0138804047758692,"{'time_exit_bars': 2, 'atr': 6.2163507459158085, 'entry_hour_utc': 19, 'exit_reason': 'sl', 'signal_time': Timestamp('2020-10-06 19:00:00+0000', tz='UTC')}"
2020-10-07 20:00:00+00:00,2020-10-08 00:00:00+00:00,1,1887.325,1886.885,1876.6909619025662,,0.48,36.479999999997375,0.07146861738094994,"{'time_exit_bars': 2, 'atr': 5.154519048716914, 'entry_hour_utc': 19, 'exit_reason': 'time_exit', 'signal_time': Timestamp('2020-10-07 19:00:00+0000', tz='UTC')}"
2020-10-08 20:00:00+00:00,2020-10-09 00:00:00+00:00,1,1894.385,1895.145,1884.112039533379,,0.5,57.999999999999545,0.11291779071564316,"{'time_exit_bars': 2, 'atr': 5.103980233310542, 'entry_hour_utc': 19, 'exit_reason': 'time_exit', 'signal_time': Timestamp('2020-10-08 19:00:00+0000', tz='UTC')}"
2020-10-09 20:00:00+00:00,2020-10-12 00:00:00+00:00,1,1929.0049999999999,1928.905,1918.4530880017041,,0.48,52.80000000000436,0.10424651003322946,"{'time_exit_bars': 2, 'atr': 5.18845599914789, 'entry_hour_utc': 19, 'exit_reason': 'time_exit', 'signal_time': Timestamp('2020-10-09 19:00:00+0000', tz='UTC')}"
2020-10-12 20:00:00+00:00,2020-10-13 00:00:00+00:00,1,1923.5349999999999,1924.855,1914.1216673404574,,0.54,92.88000000000883,0.18271955982099194,"{'time_exit_bars': 2, 'atr': 4.619166329771191, 'entry_hour_utc': 19, 'exit_reason': 'time_exit', 'signal_time': Timestamp('2020-10-12 19:00:00+0000', tz='UTC')}"
2020-10-13 20:00:00+00:00,2020-10-14 00:00:00+00:00,1,1893.215,1893.2250000000001,1881.305370577948,,0.43,17.63000000000939,0.03442592422238265,"{'time_exit_bars': 2, 'atr': 5.867314711026014, 'entry_hour_utc': 19, 'exit_reason': 'time_exit', 'signal_time': Timestamp('2020-10-13 19:00:00+0000', tz='UTC')}"
2020-10-14 20:00:00+00:00,2020-10-15 00:00:00+00:00,1,1899.825,1898.035,1888.7853615893464,,0.46,-27.139999999998324,-0.053443779411343054,"{'time_exit_bars': 2, 'atr': 5.442319205326872, 'entry_hour_utc': 19, 'exit_reason': 'time_exit', 'signal_time': Timestamp('2020-10-14 19:00:00+0000', tz='UTC')}"
2020-10-15 20:00:00+00:00,2020-10-16 00:00:00+00:00,1,1906.7649999999999,1906.2050000000002,1894.9459250902046,,0.43,-6.879999999987874,-0.013537438523814994,"{'time_exit_bars': 2, 'atr': 5.822037454897619, 'entry_hour_utc': 19, 'exit_reason': 'time_exit', 'signal_time': Timestamp('2020-10-15 19:00:00+0000', tz='UTC')}"
2020-10-16 20:00:00+00:00,2020-10-19 00:00:00+00:00,1,1899.625,1900.545,1890.274601231736,,0.55,116.600000000004,0.2267282981764909,"{'time_exit_bars': 2, 'atr': 4.5876993841320735, 'entry_hour_utc': 19, 'exit_reason': 'time_exit', 'signal_time': Timestamp('2020-10-16 19:00:00+0000', tz='UTC')}"
2020-10-19 20:00:00+00:00,2020-10-20 00:00:00+00:00,1,1900.965,1902.815,1892.0994464200717,,0.58,130.5000000000079,0.25379125846063033,"{'time_exit_bars': 2, 'atr': 4.34527678996417, 'entry_hour_utc': 19, 'exit_reason': 'time_exit', 'signal_time': Timestamp('2020-10-19 19:00:00+0000', tz='UTC')}"
2020-10-20 20:00:00+00:00,2020-10-21 00:00:00+00:00,1,1909.935,1910.585,1899.358734243385,,0.48,50.40000000000436,0.09927889712334127,"{'time_exit_bars': 2, 'atr': 5.200632878307481, 'entry_hour_utc': 19, 'exit_reason': 'time_exit', 'signal_time': Timestamp('2020-10-20 19:00:00+0000', tz='UTC')}"
2020-10-21 20:00:00+00:00,2020-10-22 00:00:00+00:00,1,1924.645,1921.195,1915.0923471459596,,0.54,-121.50000000000246,-0.23553666550840752,"{'time_exit_bars': 2, 'atr': 4.673826427020216, 'entry_hour_utc': 19, 'exit_reason': 'time_exit', 'signal_time': Timestamp('2020-10-21 19:00:00+0000', tz='UTC')}"
2020-10-22 20:00:00+00:00,2020-10-23 00:00:00+00:00,1,1905.2749999999999,1904.825,1895.9209910411478,,0.55,-2.749999999989992,-0.005345301701095864,"{'time_exit_bars': 2, 'atr': 4.56950447942611, 'entry_hour_utc': 19, 'exit_reason': 'time_exit', 'signal_time': Timestamp('2020-10-22 19:00:00+0000', tz='UTC')}"
2020-10-23 20:00:00+00:00,2020-10-25 22:00:00+00:00,1,1903.845,1895.080987577455,1895.255987577455,,0.6,-477.8407453526979,-0.9272326119404014,"{'time_exit_bars': 2, 'atr': 4.207006211272503, 'entry_hour_utc': 19, 'exit_reason': 'sl', 'signal_time': Timestamp('2020-10-23 19:00:00+0000', tz='UTC')}"
2020-10-26 21:00:00+00:00,2020-10-27 00:00:00+00:00,1,1902.235,1904.9950000000001,1893.5635352510435,,0.59,186.44000000001284,0.3644136361599719,"{'time_exit_bars': 2, 'atr': 4.058232374478301, 'entry_hour_utc': 19, 'exit_reason': 'time_exit', 'signal_time': Timestamp('2020-10-26 19:00:00+0000', tz='UTC')}"
2020-10-27 21:00:00+00:00,2020-10-28 00:00:00+00:00,1,1907.925,1906.435,1900.8281677463258,,0.72,-78.48000000000064,-0.15358965254331539,"{'time_exit_bars': 2, 'atr': 3.260916126837065, 'entry_hour_utc': 19, 'exit_reason': 'time_exit', 'signal_time': Timestamp('2020-10-27 19:00:00+0000', tz='UTC')}"
2020-10-28 21:00:00+00:00,2020-10-29 00:00:00+00:00,1,1877.875,1878.175,1866.2319006297332,,0.44,65.99999999999801,0.12883167550991922,"{'time_exit_bars': 2, 'atr': 5.289049685133328, 'entry_hour_utc': 19, 'exit_reason': 'time_exit', 'signal_time': Timestamp('2020-10-28 19:00:00+0000', tz='UTC')}"
2020-10-29 21:00:00+00:00,2020-10-30 00:00:00+00:00,1,1869.2749999999999,1866.915,1857.0033940418107,,0.41,-80.35999999999589,-0.15971829658464037,"{'time_exit_bars': 2, 'atr': 5.053302979094595, 'entry_hour_utc': 19, 'exit_reason': 'time_exit', 'signal_time': Timestamp('2020-10-29 19:00:00+0000', tz='UTC')}"
2020-11-01 22:00:00+00:00,2020-11-02 01:00:00+00:00,1,1879.445,1881.045,1867.7654020035231,,0.44,88.000000000006,0.171238770427154,"{'time_exit_bars': 2, 'atr': 5.3022989982383635, 'entry_hour_utc': 19, 'exit_reason': 'time_exit', 'signal_time': Timestamp('2020-10-30 19:00:00+0000', tz='UTC')}"
2020-11-02 20:00:00+00:00,2020-11-03 00:00:00+00:00,1,1895.635,1893.265,1887.467948534943,,0.63,-124.10999999999312,-0.24121312427484845,"{'time_exit_bars': 2, 'atr': 3.976025732528555, 'entry_hour_utc': 19, 'exit_reason': 'time_exit', 'signal_time': Timestamp('2020-11-02 19:00:00+0000', tz='UTC')}"
2020-11-03 20:00:00+00:00,2020-11-04 00:00:00+00:00,1,1906.355,1899.635,1896.874636251158,,0.54,-341.2800000000015,-0.6666410875608079,"{'time_exit_bars': 2, 'atr': 4.617681874420915, 'entry_hour_utc': 19, 'exit_reason': 'time_exit', 'signal_time': Timestamp('2020-11-03 19:00:00+0000', tz='UTC')}"
2020-11-04 20:00:00+00:00,2020-11-05 00:00:00+00:00,1,1904.915,1904.655,1886.835119428342,,0.28,26.320000000000256,0.051991493874885296,"{'time_exit_bars': 2, 'atr': 8.912440285829051, 'entry_hour_utc': 19, 'exit_reason': 'time_exit', 'signal_time': Timestamp('2020-11-04 19:00:00+0000', tz='UTC')}"
2020-11-05 20:00:00+00:00,2020-11-06 00:00:00+00:00,1,1949.355,1942.115,1936.5938113663312,,0.4,-273.60000000000036,-0.5360002266523618,"{'time_exit_bars': 2, 'atr': 6.22809431683437, 'entry_hour_utc': 19, 'exit_reason': 'time_exit', 'signal_time': Timestamp('2020-11-05 19:00:00+0000', tz='UTC')}"
2020-11-06 20:00:00+00:00,2020-11-09 00:00:00+00:00,1,1952.555,1953.805,1939.666736991496,,0.39,95.55000000000001,0.19009543787114044,"{'time_exit_bars': 2, 'atr': 6.366631504252053, 'entry_hour_utc': 19, 'exit_reason': 'time_exit', 'signal_time': Timestamp('2020-11-06 19:00:00+0000', tz='UTC')}"
2020-11-09 20:00:00+00:00,2020-11-10 00:00:00+00:00,1,1865.655,1873.405,1841.6608774830215,,0.21,171.15,0.33966651600753434,"{'time_exit_bars': 2, 'atr': 11.91456125848928, 'entry_hour_utc': 19, 'exit_reason': 'time_exit', 'signal_time': Timestamp('2020-11-09 19:00:00+0000', tz='UTC')}"
2020-11-10 20:00:00+00:00,2020-11-11 00:00:00+00:00,1,1872.875,1878.7250000000001,1859.592152714324,,0.38,237.50000000000517,0.4705316462337096,"{'time_exit_bars': 2, 'atr': 6.593923642838012, 'entry_hour_utc': 19, 'exit_reason': 'time_exit', 'signal_time': Timestamp('2020-11-10 19:00:00+0000', tz='UTC')}"
2020-11-11 20:00:00+00:00,2020-11-12 00:00:00+00:00,1,1863.935,1865.005,1852.483897323819,,0.44,99.88000000000721,0.1982341844442569,"{'time_exit_bars': 2, 'atr': 5.638051338090449, 'entry_hour_utc': 19, 'exit_reason': 'time_exit', 'signal_time': Timestamp('2020-11-11 19:00:00+0000', tz='UTC')}"
2020-11-12 20:00:00+00:00,2020-11-13 00:00:00+00:00,1,1875.7749999999999,1877.545,1866.1081346712465,,0.53,115.0100000000111,0.22447814531414909,"{'time_exit_bars': 2, 'atr': 4.745932664376668, 'entry_hour_utc': 19, 'exit_reason': 'time_exit', 'signal_time': Timestamp('2020-11-12 19:00:00+0000', tz='UTC')}"
2020-11-13 20:00:00+00:00,2020-11-16 00:00:00+00:00,1,1888.305,1889.2050000000002,1879.996045822744,,0.61,128.10000000000554,0.25273938876066754,"{'time_exit_bars': 2, 'atr': 4.076977088628053, 'entry_hour_utc': 19, 'exit_reason': 'time_exit', 'signal_time': Timestamp('2020-11-13 19:00:00+0000', tz='UTC')}"
2020-11-16 20:00:00+00:00,2020-11-17 00:00:00+00:00,1,1887.675,1888.255,1874.939579381784,,0.4,39.200000000006185,0.0769507367976851,"{'time_exit_bars': 2, 'atr': 6.280210309108041, 'entry_hour_utc': 19, 'exit_reason': 'time_exit', 'signal_time': Timestamp('2020-11-16 19:00:00+0000', tz='UTC')}"
2020-11-17 20:00:00+00:00,2020-11-18 00:00:00+00:00,1,1881.385,1881.025,1872.0914355519385,,0.55,2.2000000000055024,0.004304053651712019,"{'time_exit_bars': 2, 'atr': 4.559282224030804, 'entry_hour_utc': 19, 'exit_reason': 'time_exit', 'signal_time': Timestamp('2020-11-17 19:00:00+0000', tz='UTC')}"
2020-11-18 20:00:00+00:00,2020-11-19 00:00:00+00:00,1,1870.405,1869.2150000000001,1859.9161736712595,,0.49,0.49000000000846455,0.0009533955169771157,"{'time_exit_bars': 2, 'atr': 5.166913164370295, 'entry_hour_utc': 19, 'exit_reason': 'time_exit', 'signal_time': Timestamp('2020-11-18 19:00:00+0000', tz='UTC')}"
2020-11-19 20:00:00+00:00,2020-11-20 00:00:00+00:00,1,1866.7949999999998,1862.885,1855.66471053462,,0.46,-161.4599999999933,-0.31535567973479467,"{'time_exit_bars': 2, 'atr': 5.482644732690039, 'entry_hour_utc': 19, 'exit_reason': 'time_exit', 'signal_time': Timestamp('2020-11-19 19:00:00+0000', tz='UTC')}"
2020-11-20 20:00:00+00:00,2020-11-23 00:00:00+00:00,1,1873.0349999999999,1873.085,1865.1470284144998,,0.65,81.25000000001182,0.15846913068221186,"{'time_exit_bars': 2, 'atr': 3.8514857927500215, 'entry_hour_utc': 19, 'exit_reason': 'time_exit', 'signal_time': Timestamp('2020-11-20 19:00:00+0000', tz='UTC')}"
2020-11-23 20:00:00+00:00,2020-11-24 00:00:00+00:00,1,1836.305,1834.635,1825.6464719818061,,0.48,-60.960000000003475,-0.11915341385153794,"{'time_exit_bars': 2, 'atr': 5.241764009096993, 'entry_hour_utc': 19, 'exit_reason': 'time_exit', 'signal_time': Timestamp('2020-11-23 19:00:00+0000', tz='UTC')}"
2020-11-24 20:00:00+00:00,2020-11-25 00:00:00+00:00,1,1807.5449999999998,1806.305,1795.6365175410542,,0.43,-36.119999999990604,-0.07053795501615533,"{'time_exit_bars': 2, 'atr': 5.891741229472874, 'entry_hour_utc': 19, 'exit_reason': 'time_exit', 'signal_time': Timestamp('2020-11-24 19:00:00+0000', tz='UTC')}"
2020-11-25 20:00:00+00:00,2020-11-26 00:00:00+00:00,1,1806.855,1808.865,1797.6250942926629,,0.55,176.5499999999995,0.3477825344898445,"{'time_exit_bars': 2, 'atr': 4.522452853668561, 'entry_hour_utc': 19, 'exit_reason': 'time_exit', 'signal_time': Timestamp('2020-11-25 19:00:00+0000', tz='UTC')}"
2020-11-30 20:00:00+00:00,2020-12-01 00:00:00+00:00,1,1776.695,1777.9650000000001,1761.726967592691,,0.34,56.780000000007114,0.11157111065478016,"{'time_exit_bars': 2, 'atr': 7.396516203654528, 'entry_hour_utc': 19, 'exit_reason': 'time_exit', 'signal_time': Timestamp('2020-11-30 19:00:00+0000', tz='UTC')}"
2020-12-01 20:00:00+00:00,2020-12-02 00:00:00+00:00,1,1814.595,1813.895,1804.4844880561034,,0.51,-15.300000000002317,-0.029672087987705157,"{'time_exit_bars': 2, 'atr': 4.967755971948358, 'entry_hour_utc': 19, 'exit_reason': 'time_exit', 'signal_time': Timestamp('2020-12-01 19:00:00+0000', tz='UTC')}"
2020-12-02 20:00:00+00:00,2020-12-03 00:00:00+00:00,1,1828.475,1828.565,1817.109689136223,,0.45,58.05000000000655,0.11350327461007652,"{'time_exit_bars': 2, 'atr': 5.590155431888489, 'entry_hour_utc': 19, 'exit_reason': 'time_exit', 'signal_time': Timestamp('2020-12-02 19:00:00+0000', tz='UTC')}"
2020-12-03 20:00:00+00:00,2020-12-04 00:00:00+00:00,1,1842.415,1841.135,1830.3600041171196,,0.42,-36.95999999999886,-0.07299878063415073,"{'time_exit_bars': 2, 'atr': 5.939997941440242, 'entry_hour_utc': 19, 'exit_reason': 'time_exit', 'signal_time': Timestamp('2020-12-03 19:00:00+0000', tz='UTC')}"
2020-12-04 20:00:00+00:00,2020-12-07 00:00:00+00:00,1,1836.815,1836.695,1826.3963103569727,,0.49,52.919999999994204,0.10365986865945867,"{'time_exit_bars': 2, 'atr': 5.106844821513578, 'entry_hour_utc': 19, 'exit_reason': 'time_exit', 'signal_time': Timestamp('2020-12-04 19:00:00+0000', tz='UTC')}"
2020-12-07 20:00:00+00:00,2020-12-08 00:00:00+00:00,1,1864.085,1863.585,1851.7936264917255,,0.42,-4.199999999999999,-0.008135787260282997,"{'time_exit_bars': 2, 'atr': 6.058186754137296, 'entry_hour_utc': 19, 'exit_reason': 'time_exit', 'signal_time': Timestamp('2020-12-07 19:00:00+0000', tz='UTC')}"
2020-12-08 20:00:00+00:00,2020-12-09 00:00:00+00:00,1,1870.735,1867.635,1861.0106431631377,,0.53,-143.0999999999952,-0.2776533240496693,"{'time_exit_bars': 2, 'atr': 4.7746784184310735, 'entry_hour_utc': 19, 'exit_reason': 'time_exit', 'signal_time': Timestamp('2020-12-08 19:00:00+0000', tz='UTC')}"
2020-12-09 20:00:00+00:00,2020-12-10 00:00:00+00:00,1,1838.225,1835.615,1822.463680633176,,0.32,-45.1199999999968,-0.08945951586818378,"{'time_exit_bars': 2, 'atr': 7.788159683412051, 'entry_hour_utc': 19, 'exit_reason': 'time_exit', 'signal_time': Timestamp('2020-12-09 19:00:00+0000', tz='UTC')}"
2020-12-10 20:00:00+00:00,2020-12-11 00:00:00+00:00,1,1835.715,1837.005,1823.4391277231425,,0.41,69.29000000000784,0.13766842484881475,"{'time_exit_bars': 2, 'atr': 6.0254361384287085, 'entry_hour_utc': 19, 'exit_reason': 'time_exit', 'signal_time': Timestamp('2020-12-10 19:00:00+0000', tz='UTC')}"
2020-12-11 20:00:00+00:00,2020-12-14 00:00:00+00:00,1,1839.5049999999999,1835.535,1829.5182261536434,,0.51,-141.2699999999898,-0.27736684965689684,"{'time_exit_bars': 2, 'atr': 4.9058869231782545, 'entry_hour_utc': 19, 'exit_reason': 'time_exit', 'signal_time': Timestamp('2020-12-11 19:00:00+0000', tz='UTC')}"
2020-12-14 20:00:00+00:00,2020-12-15 00:00:00+00:00,1,1828.345,1826.405,1817.3651344837185,,0.46,-70.8400000000025,-0.1402567269805321,"{'time_exit_bars': 2, 'atr': 5.4024327581407325, 'entry_hour_utc': 19, 'exit_reason': 'time_exit', 'signal_time': Timestamp('2020-12-14 19:00:00+0000', tz='UTC')}"
2020-12-15 20:00:00+00:00,2020-12-16 00:00:00+00:00,1,1854.5249999999999,1851.685,1845.1197363237256,,0.54,-131.75999999999559,-0.2594291966694223,"{'time_exit_bars': 2, 'atr': 4.615131838137149, 'entry_hour_utc': 19, 'exit_reason': 'time_exit', 'signal_time': Timestamp('2020-12-15 19:00:00+0000', tz='UTC')}"
2020-12-16 20:00:00+00:00,2020-12-17 00:00:00+00:00,1,1864.475,1865.265,1852.1604686132052,,0.41,81.59000000000782,0.1615977041671388,"{'time_exit_bars': 2, 'atr': 6.069765693397316, 'entry_hour_utc': 19, 'exit_reason': 'time_exit', 'signal_time': Timestamp('2020-12-16 19:00:00+0000', tz='UTC')}"
2020-12-17 20:00:00+00:00,2020-12-18 00:00:00+00:00,1,1884.485,1882.375,1872.5789656122236,,0.43,-73.5299999999957,-0.1436246481662709,"{'time_exit_bars': 2, 'atr': 5.865517193888173, 'entry_hour_utc': 19, 'exit_reason': 'time_exit', 'signal_time': Timestamp('2020-12-17 19:00:00+0000', tz='UTC')}"
2020-12-18 20:00:00+00:00,2020-12-21 00:00:00+00:00,1,1881.315,1888.535,1872.3580534152438,,0.57,479.94000000000153,0.940052496721369,"{'time_exit_bars': 2, 'atr': 4.400973292378147, 'entry_hour_utc': 19, 'exit_reason': 'time_exit', 'signal_time': Timestamp('2020-12-18 19:00:00+0000', tz='UTC')}"
2020-12-21 20:00:00+00:00,2020-12-22 00:00:00+00:00,1,1875.675,1879.135,1858.362484283228,,0.29,111.94000000000105,0.22296008639926104,"{'time_exit_bars': 2, 'atr': 8.568757858385961, 'entry_hour_utc': 19, 'exit_reason': 'time_exit', 'signal_time': Timestamp('2020-12-21 19:00:00+0000', tz='UTC')}"
2020-12-22 20:00:00+00:00,2020-12-23 00:00:00+00:00,1,1861.565,1863.925,1849.3958645765156,,0.42,115.91999999999578,0.22680329406750974,"{'time_exit_bars': 2, 'atr': 5.972067711742123, 'entry_hour_utc': 19, 'exit_reason': 'time_exit', 'signal_time': Timestamp('2020-12-22 19:00:00+0000', tz='UTC')}"
2020-12-23 20:00:00+00:00,2020-12-24 00:00:00+00:00,1,1872.625,1873.045,1863.067133496672,,0.54,87.48000000000393,0.16949389274646343,"{'time_exit_bars': 2, 'atr': 4.741433251663885, 'entry_hour_utc': 19, 'exit_reason': 'time_exit', 'signal_time': Timestamp('2020-12-23 19:00:00+0000', tz='UTC')}"
2020-12-28 20:00:00+00:00,2020-12-29 00:00:00+00:00,1,1873.685,1878.405,1860.0463252768827,,0.37,189.44000000000102,0.3754030434732602,"{'time_exit_bars': 2, 'atr': 6.731837361558592, 'entry_hour_utc': 19, 'exit_reason': 'time_exit', 'signal_time': Timestamp('2020-12-28 19:00:00+0000', tz='UTC')}"
2020-12-29 20:00:00+00:00,2020-12-30 00:00:00+00:00,1,1879.155,1879.625,1869.3737851097333,,0.53,46.11000000000145,0.08894600617207218,"{'time_exit_bars': 2, 'atr': 4.808107445133386, 'entry_hour_utc': 19, 'exit_reason': 'time_exit', 'signal_time': Timestamp('2020-12-29 19:00:00+0000', tz='UTC')}"
2020-12-30 20:00:00+00:00,2020-12-31 00:00:00+00:00,1,1893.355,1895.585,1886.138544855885,,0.71,243.53000000000128,0.4753026148575341,"{'time_exit_bars': 2, 'atr': 3.520727572057564, 'entry_hour_utc': 19, 'exit_reason': 'time_exit', 'signal_time': Timestamp('2020-12-30 19:00:00+0000', tz='UTC')}"
2021-01-04 20:00:00+00:00,2021-01-05 00:00:00+00:00,1,1943.825,1938.355,1931.1652972772824,,0.39,-197.7300000000011,-0.40048333764599414,"{'time_exit_bars': 2, 'atr': 6.242351361358781, 'entry_hour_utc': 19, 'exit_reason': 'time_exit', 'signal_time': Timestamp('2021-01-04 19:00:00+0000', tz='UTC')}"
2021-01-05 20:00:00+00:00,2021-01-06 00:00:00+00:00,1,1949.665,1951.9650000000001,1939.0013059556393,,0.46,124.20000000000839,0.25319556138503735,"{'time_exit_bars': 2, 'atr': 5.194347022180383, 'entry_hour_utc': 19, 'exit_reason': 'time_exit', 'signal_time': Timestamp('2021-01-05 19:00:00+0000', tz='UTC')}"
2021-01-06 20:00:00+00:00,2021-01-07 00:00:00+00:00,1,1918.5049999999999,1918.885,1898.8651727835554,,0.25,39.50000000000273,0.0804487729238866,"{'time_exit_bars': 2, 'atr': 9.692413608222342, 'entry_hour_utc': 19, 'exit_reason': 'time_exit', 'signal_time': Timestamp('2021-01-06 19:00:00+0000', tz='UTC')}"
2021-01-07 20:00:00+00:00,2021-01-08 00:00:00+00:00,1,1913.645,1913.065,1900.7029724275174,,0.38,-6.839999999997232,-0.013908176210553251,"{'time_exit_bars': 2, 'atr': 6.458513786241265, 'entry_hour_utc': 19, 'exit_reason': 'time_exit', 'signal_time': Timestamp('2021-01-07 19:00:00+0000', tz='UTC')}"
2021-01-08 20:00:00+00:00,2021-01-11 00:00:00+00:00,1,1847.975,1841.255,1826.223787824376,,0.22,-121.43999999999559,-0.253778959785327,"{'time_exit_bars': 2, 'atr': 10.788106087812059, 'entry_hour_utc': 19, 'exit_reason': 'time_exit', 'signal_time': Timestamp('2021-01-08 19:00:00+0000', tz='UTC')}"
2021-01-11 20:00:00+00:00,2021-01-12 00:00:00+00:00,1,1845.325,1844.835,1830.851292422269,,0.34,-3.060000000000308,-0.006218171779183973,"{'time_exit_bars': 2, 'atr': 7.174353788865601, 'entry_hour_utc': 19, 'exit_reason': 'time_exit', 'signal_time': Timestamp('2021-01-11 19:00:00+0000', tz='UTC')}"
2021-01-12 20:00:00+00:00,2021-01-13 00:00:00+00:00,1,1856.0449999999998,1856.755,1841.6917449308962,,0.34,37.74000000000897,0.07733437430437752,"{'time_exit_bars': 2, 'atr': 6.994127534551938, 'entry_hour_utc': 19, 'exit_reason': 'time_exit', 'signal_time': Timestamp('2021-01-12 19:00:00+0000', tz='UTC')}"
2021-01-13 20:00:00+00:00,2021-01-14 00:00:00+00:00,1,1848.895,1848.7350000000001,1838.635096263568,,0.48,49.92000000000698,0.10136547347000835,"{'time_exit_bars': 2, 'atr': 5.077451868216056, 'entry_hour_utc': 19, 'exit_reason': 'time_exit', 'signal_time': Timestamp('2021-01-13 19:00:00+0000', tz='UTC')}"
2021-01-14 20:00:00+00:00,2021-01-15 00:00:00+00:00,1,1847.2849999999999,1851.605,1833.5338776439876,,0.36,169.9200000000059,0.34324470961721043,"{'time_exit_bars': 2, 'atr': 6.863061178006217, 'entry_hour_utc': 19, 'exit_reason': 'time_exit', 'signal_time': Timestamp('2021-01-14 19:00:00+0000', tz='UTC')}"
2021-01-15 20:00:00+00:00,2021-01-17 23:00:00+00:00,1,1825.855,1813.9362784904677,1814.1112784904676,,0.42,-466.98630340035913,-0.9467800731230955,"{'time_exit_bars': 2, 'atr': 5.784360754766272, 'entry_hour_utc': 19, 'exit_reason': 'sl', 'signal_time': Timestamp('2021-01-15 19:00:00+0000', tz='UTC')}"
2021-01-19 20:00:00+00:00,2021-01-20 00:00:00+00:00,1,1840.375,1843.405,1831.5132875040374,,0.56,192.0799999999985,0.38705837066624366,"{'time_exit_bars': 2, 'atr': 4.383356247981242, 'entry_hour_utc': 19, 'exit_reason': 'time_exit', 'signal_time': Timestamp('2021-01-19 19:00:00+0000', tz='UTC')}"
2021-01-20 20:00:00+00:00,2021-01-21 00:00:00+00:00,1,1869.965,1867.835,1857.493236775812,,0.4,-37.199999999995285,-0.07456844579892473,"{'time_exit_bars': 2, 'atr': 6.143381612094052, 'entry_hour_utc': 19, 'exit_reason': 'time_exit', 'signal_time': Timestamp('2021-01-20 19:00:00+0000', tz='UTC')}"
2021-01-21 20:00:00+00:00,2021-01-22 00:00:00+00:00,1,1869.135,1866.685,1859.118228671727,,0.49,-100.45000000000223,-0.204656763423736,"{'time_exit_bars': 2, 'atr': 4.920885664136596, 'entry_hour_utc': 19, 'exit_reason': 'time_exit', 'signal_time': Timestamp('2021-01-21 19:00:00+0000', tz='UTC')}"
2021-01-22 20:00:00+00:00,2021-01-25 00:00:00+00:00,1,1854.495,1858.105,1843.4716698372915,,0.45,216.45000000000573,0.4363472679310859,"{'time_exit_bars': 2, 'atr': 5.4141650813542626, 'entry_hour_utc': 19, 'exit_reason': 'time_exit', 'signal_time': Timestamp('2021-01-22 19:00:00+0000', tz='UTC')}"
2021-01-25 20:00:00+00:00,2021-01-26 00:00:00+00:00,1,1856.0249999999999,1854.575,1845.8525694783848,,0.49,-51.449999999991086,-0.10322016923769663,"{'time_exit_bars': 2, 'atr': 4.993715260807567, 'entry_hour_utc': 19, 'exit_reason': 'time_exit', 'signal_time': Timestamp('2021-01-25 19:00:00+0000', tz='UTC')}"
2021-01-26 20:00:00+00:00,2021-01-27 00:00:00+00:00,1,1851.395,1848.835,1842.7043250686363,,0.57,-123.11999999999686,-0.24854226133861554,"{'time_exit_bars': 2, 'atr': 4.302837465681829, 'entry_hour_utc': 19, 'exit_reason': 'time_exit', 'signal_time': Timestamp('2021-01-26 19:00:00+0000', tz='UTC')}"
2021-01-27 20:00:00+00:00,2021-01-28 00:00:00+00:00,1,1840.875,1839.835,1829.1844685250194,,0.42,6.7200000000015265,0.013686289656074139,"{'time_exit_bars': 2, 'atr': 5.772765737490334, 'entry_hour_utc': 19, 'exit_reason': 'time_exit', 'signal_time': Timestamp('2021-01-27 19:00:00+0000', tz='UTC')}"
2021-01-28 20:00:00+00:00,2021-01-29 00:00:00+00:00,1,1842.325,1840.395,1829.4390263198159,,0.38,-58.140000000002416,-0.11873375175000322,"{'time_exit_bars': 2, 'atr': 6.365486840092147, 'entry_hour_utc': 19, 'exit_reason': 'time_exit', 'signal_time': Timestamp('2021-01-28 19:00:00+0000', tz='UTC')}"
2021-01-29 20:00:00+00:00,2021-02-01 00:00:00+00:00,1,1841.995,1854.155,1826.9157654814321,,0.33,440.8800000000027,0.8859866184552859,"{'time_exit_bars': 2, 'atr': 7.4521172592839555, 'entry_hour_utc': 19, 'exit_reason': 'time_exit', 'signal_time': Timestamp('2021-01-29 19:00:00+0000', tz='UTC')}"
2021-02-01 20:00:00+00:00,2021-02-02 00:00:00+00:00,1,1859.0449999999998,1856.815,1844.930364795387,,0.35,-64.04999999999266,-0.12965266005611886,"{'time_exit_bars': 2, 'atr': 6.964817602306421, 'entry_hour_utc': 19, 'exit_reason': 'time_exit', 'signal_time': Timestamp('2021-02-01 19:00:00+0000', tz='UTC')}"
2021-02-02 20:00:00+00:00,2021-02-03 00:00:00+00:00,1,1836.0049999999999,1839.115,1823.3825455247174,,0.39,136.89000000000496,0.2780758692276121,"{'time_exit_bars': 2, 'atr': 6.2437272376411945, 'entry_hour_utc': 19, 'exit_reason': 'time_exit', 'signal_time': Timestamp('2021-02-02 19:00:00+0000', tz='UTC')}"
2021-02-03 20:00:00+00:00,2021-02-04 00:00:00+00:00,1,1833.095,1832.675,1824.8723928114562,,0.6,46.799999999995634,0.09486042347817143,"{'time_exit_bars': 2, 'atr': 4.063803594271961, 'entry_hour_utc': 19, 'exit_reason': 'time_exit', 'signal_time': Timestamp('2021-02-03 19:00:00+0000', tz='UTC')}"
2021-02-04 20:00:00+00:00,2021-02-05 00:00:00+00:00,1,1793.675,1794.875,1780.0059211483947,,0.36,57.600000000001636,0.11705251080705745,"{'time_exit_bars': 2, 'atr': 6.757039425802602, 'entry_hour_utc': 19, 'exit_reason': 'time_exit', 'signal_time': Timestamp('2021-02-04 19:00:00+0000', tz='UTC')}"
2021-02-05 20:00:00+00:00,2021-02-08 00:00:00+00:00,1,1811.315,1812.895,1800.8770675882283,,0.48,133.4399999999965,0.2663362714309866,"{'time_exit_bars': 2, 'atr': 5.1214662058857385, 'entry_hour_utc': 19, 'exit_reason': 'time_exit', 'signal_time': Timestamp('2021-02-05 19:00:00+0000', tz='UTC')}"
2021-02-08 20:00:00+00:00,2021-02-09 00:00:00+00:00,1,1829.985,1833.905,1819.7306034820738,,0.48,207.36000000000348,0.42128271443844656,"{'time_exit_bars': 2, 'atr': 5.124698258963117, 'entry_hour_utc': 19, 'exit_reason': 'time_exit', 'signal_time': Timestamp('2021-02-08 19:00:00+0000', tz='UTC')}"
2021-02-09 20:00:00+00:00,2021-02-10 00:00:00+00:00,1,1836.075,1836.395,1825.787758658701,,0.48,34.55999999999694,0.06998960908105012,"{'time_exit_bars': 2, 'atr': 5.066120670649542, 'entry_hour_utc': 19, 'exit_reason': 'time_exit', 'signal_time': Timestamp('2021-02-09 19:00:00+0000', tz='UTC')}"
2021-02-10 20:00:00+00:00,2021-02-11 00:00:00+00:00,1,1842.635,1839.595,1831.7322944362043,,0.46,-84.63999999999835,-0.1687654490193694,"{'time_exit_bars': 2, 'atr': 5.353852781897853, 'entry_hour_utc': 19, 'exit_reason': 'time_exit', 'signal_time': Timestamp('2021-02-10 19:00:00+0000', tz='UTC')}"
2021-02-11 20:00:00+00:00,2021-02-12 00:00:00+00:00,1,1826.475,1823.9850000000001,1817.23387734118,,0.54,-112.85999999998822,-0.22616299741515128,"{'time_exit_bars': 2, 'atr': 4.513061329409948, 'entry_hour_utc': 19, 'exit_reason': 'time_exit', 'signal_time': Timestamp('2021-02-11 19:00:00+0000', tz='UTC')}"
2021-02-12 20:00:00+00:00,2021-02-15 00:00:00+00:00,1,1821.675,1822.7150000000001,1810.741803805706,,0.45,100.8000000000086,0.204880618640069,"{'time_exit_bars': 2, 'atr': 5.379098097147011, 'entry_hour_utc': 19, 'exit_reason': 'time_exit', 'signal_time': Timestamp('2021-02-12 19:00:00+0000', tz='UTC')}"
2021-02-16 20:00:00+00:00,2021-02-17 00:00:00+00:00,1,1795.415,1788.875,1781.3472651435627,,0.35,-214.89999999999873,-0.4364597472627486,"{'time_exit_bars': 2, 'atr': 6.946367428218668, 'entry_hour_utc': 19, 'exit_reason': 'time_exit', 'signal_time': Timestamp('2021-02-16 19:00:00+0000', tz='UTC')}"
2021-02-17 20:00:00+00:00,2021-02-18 00:00:00+00:00,1,1774.7949999999998,1780.775,1762.3080089769144,,0.4,287.2000000000098,0.5749984112846833,"{'time_exit_bars': 2, 'atr': 6.15599551154277, 'entry_hour_utc': 19, 'exit_reason': 'time_exit', 'signal_time': Timestamp('2021-02-17 19:00:00+0000', tz='UTC')}"
2021-02-18 20:00:00+00:00,2021-02-19 00:00:00+00:00,1,1774.7849999999999,1769.335,1764.7203912538569,,0.49,-247.4499999999911,-0.5017582031626519,"{'time_exit_bars': 2, 'atr': 4.964804373071604, 'entry_hour_utc': 19, 'exit_reason': 'time_exit', 'signal_time': Timestamp('2021-02-18 19:00:00+0000', tz='UTC')}"
2021-02-19 20:00:00+00:00,2021-02-22 00:00:00+00:00,1,1782.095,1785.2150000000001,1770.1186411938265,,0.41,177.12000000000484,0.3607106358381041,"{'time_exit_bars': 2, 'atr': 5.900679403086748, 'entry_hour_utc': 19, 'exit_reason': 'time_exit', 'signal_time': Timestamp('2021-02-19 19:00:00+0000', tz='UTC')}"
2021-02-22 20:00:00+00:00,2021-02-23 00:00:00+00:00,1,1808.405,1809.4750000000001,1797.8349204758433,,0.47,69.09000000000769,0.13907180136541586,"{'time_exit_bars': 2, 'atr': 5.207539762078304, 'entry_hour_utc': 19, 'exit_reason': 'time_exit', 'signal_time': Timestamp('2021-02-22 19:00:00+0000', tz='UTC')}"
2021-02-23 20:00:00+00:00,2021-02-24 00:00:00+00:00,1,1804.995,1807.2450000000001,1794.5815762246173,,0.48,127.20000000001092,0.2544792238518937,"{'time_exit_bars': 2, 'atr': 5.109211887691372, 'entry_hour_utc': 19, 'exit_reason': 'time_exit', 'signal_time': Timestamp('2021-02-23 19:00:00+0000', tz='UTC')}"
2021-02-24 20:00:00+00:00,2021-02-25 00:00:00+00:00,1,1802.705,1798.135,1790.2310231706176,,0.4,-134.79999999999745,-0.27016243865885176,"{'time_exit_bars': 2, 'atr': 6.134488414691151, 'entry_hour_utc': 19, 'exit_reason': 'time_exit', 'signal_time': Timestamp('2021-02-24 19:00:00+0000', tz='UTC')}"
2021-02-25 20:00:00+00:00,2021-02-26 00:00:00+00:00,1,1769.7749999999999,1772.525,1754.146633965227,,0.32,100.80000000000727,0.20155657942689145,"{'time_exit_bars': 2, 'atr': 7.726683017386476, 'entry_hour_utc': 19, 'exit_reason': 'time_exit', 'signal_time': Timestamp('2021-02-25 19:00:00+0000', tz='UTC')}"
2021-02-26 20:00:00+00:00,2021-03-01 00:00:00+00:00,1,1726.865,1737.9650000000001,1709.531403002788,,0.29,356.70000000000397,0.7096045905520081,"{'time_exit_bars': 2, 'atr': 8.614298498606, 'entry_hour_utc': 19, 'exit_reason': 'time_exit', 'signal_time': Timestamp('2021-02-26 19:00:00+0000', tz='UTC')}"
2021-03-01 20:00:00+00:00,2021-03-02 00:00:00+00:00,1,1723.855,1727.095,1710.478652485359,,0.37,134.68000000000035,0.27212211674493647,"{'time_exit_bars': 2, 'atr': 6.555673757320488, 'entry_hour_utc': 19, 'exit_reason': 'time_exit', 'signal_time': Timestamp('2021-03-01 19:00:00+0000', tz='UTC')}"
2021-03-02 20:00:00+00:00,2021-03-03 00:00:00+00:00,1,1733.2949999999998,1734.9750000000001,1719.2580551630272,,0.36,74.88000000001047,0.14818039282463122,"{'time_exit_bars': 2, 'atr': 6.905972418486335, 'entry_hour_utc': 19, 'exit_reason': 'time_exit', 'signal_time': Timestamp('2021-03-02 19:00:00+0000', tz='UTC')}"
2021-03-03 20:00:00+00:00,2021-03-04 00:00:00+00:00,1,1714.385,1714.855,1702.5223978316858,,0.42,70.14000000000115,0.14077855569166003,"{'time_exit_bars': 2, 'atr': 5.868801084157112, 'entry_hour_utc': 19, 'exit_reason': 'time_exit', 'signal_time': Timestamp('2021-03-03 19:00:00+0000', tz='UTC')}"
2021-03-04 20:00:00+00:00,2021-03-05 00:00:00+00:00,1,1697.5049999999999,1694.545,1681.2680829974117,,0.31,-79.35999999999407,-0.15766539913899594,"{'time_exit_bars': 2, 'atr': 8.040958501294094, 'entry_hour_utc': 19, 'exit_reason': 'time_exit', 'signal_time': Timestamp('2021-03-04 19:00:00+0000', tz='UTC')}"
2021-03-05 20:00:00+00:00,2021-03-08 00:00:00+00:00,1,1698.2549999999999,1706.775,1686.2920735487553,,0.42,408.24000000000876,0.8125102197705956,"{'time_exit_bars': 2, 'atr': 5.918963225622384, 'entry_hour_utc': 19, 'exit_reason': 'time_exit', 'signal_time': Timestamp('2021-03-05 19:00:00+0000', tz='UTC')}"
2021-03-08 20:00:00+00:00,2021-03-09 00:00:00+00:00,1,1680.685,1684.355,1667.6431411337962,,0.38,154.66000000000275,0.3120720782025138,"{'time_exit_bars': 2, 'atr': 6.433429433101869, 'entry_hour_utc': 19, 'exit_reason': 'time_exit', 'signal_time': Timestamp('2021-03-08 19:00:00+0000', tz='UTC')}"
2021-03-09 20:00:00+00:00,2021-03-10 00:00:00+00:00,1,1716.335,1715.185,1705.148989735888,,0.45,-33.75000000000409,-0.0670480343117792,"{'time_exit_bars': 2, 'atr': 5.455505132055936, 'entry_hour_utc': 19, 'exit_reason': 'time_exit', 'signal_time': Timestamp('2021-03-09 19:00:00+0000', tz='UTC')}"
2021-03-10 20:00:00+00:00,2021-03-11 00:00:00+00:00,1,1725.605,1724.7450000000001,1716.5611537231512,,0.56,19.0400000000056,0.03759462396773136,"{'time_exit_bars': 2, 'atr': 4.444423138424473, 'entry_hour_utc': 19, 'exit_reason': 'time_exit', 'signal_time': Timestamp('2021-03-10 19:00:00+0000', tz='UTC')}"
2021-03-11 20:00:00+00:00,2021-03-12 00:00:00+00:00,1,1723.845,1724.295,1712.9835501231419,,0.46,39.1000000000021,0.07825842862941251,"{'time_exit_bars': 2, 'atr': 5.333224938429154, 'entry_hour_utc': 19, 'exit_reason': 'time_exit', 'signal_time': Timestamp('2021-03-11 19:00:00+0000', tz='UTC')}"
2021-03-12 20:00:00+00:00,2021-03-14 23:00:00+00:00,1,1723.605,1725.185,1712.2503014129954,,0.44,104.7199999999968,0.2096048593243885,"{'time_exit_bars': 2, 'atr': 5.624849293502286, 'entry_hour_utc': 19, 'exit_reason': 'time_exit', 'signal_time': Timestamp('2021-03-12 19:00:00+0000', tz='UTC')}"
2021-03-15 21:00:00+00:00,2021-03-16 00:00:00+00:00,1,1732.0349999999999,1730.355,1723.418796212675,,0.59,-75.51999999999035,-0.1485573033779478,"{'time_exit_bars': 2, 'atr': 4.345601893662456, 'entry_hour_utc': 19, 'exit_reason': 'time_exit', 'signal_time': Timestamp('2021-03-15 19:00:00+0000', tz='UTC')}"
2021-03-16 21:00:00+00:00,2021-03-17 00:00:00+00:00,1,1732.5249999999999,1732.385,1723.7181698553536,,0.57,14.820000000007255,0.029522540542942503,"{'time_exit_bars': 2, 'atr': 4.065915072323191, 'entry_hour_utc': 19, 'exit_reason': 'time_exit', 'signal_time': Timestamp('2021-03-16 19:00:00+0000', tz='UTC')}"
2021-03-17 21:00:00+00:00,2021-03-18 00:00:00+00:00,1,1748.915,1749.685,1734.497430338337,,0.35,68.94999999999936,0.13663884040306046,"{'time_exit_bars': 2, 'atr': 5.0212848308315055, 'entry_hour_utc': 19, 'exit_reason': 'time_exit', 'signal_time': Timestamp('2021-03-17 19:00:00+0000', tz='UTC')}"
2021-03-18 21:00:00+00:00,2021-03-19 00:00:00+00:00,1,1735.945,1730.525,1724.5965440792102,,0.44,-220.8799999999932,-0.4423509273013494,"{'time_exit_bars': 2, 'atr': 5.946727960394904, 'entry_hour_utc': 19, 'exit_reason': 'time_exit', 'signal_time': Timestamp('2021-03-18 19:00:00+0000', tz='UTC')}"
2021-03-21 21:00:00+00:00,2021-03-22 00:00:00+00:00,1,1743.975,1739.4550000000002,1735.3895978769476,,0.59,-243.07999999998552,-0.4798843363361306,"{'time_exit_bars': 2, 'atr': 4.87520106152626, 'entry_hour_utc': 19, 'exit_reason': 'time_exit', 'signal_time': Timestamp('2021-03-19 19:00:00+0000', tz='UTC')}"
2021-03-22 21:00:00+00:00,2021-03-23 00:00:00+00:00,1,1739.7549999999999,1736.9750000000001,1730.7787176341278,,0.56,-133.27999999998576,-0.2651431743110638,"{'time_exit_bars': 2, 'atr': 3.9506411829361063, 'entry_hour_utc': 19, 'exit_reason': 'time_exit', 'signal_time': Timestamp('2021-03-22 19:00:00+0000', tz='UTC')}"
2021-03-23 21:00:00+00:00,2021-03-24 00:00:00+00:00,1,1727.325,1727.4650000000001,1719.3439169824012,,0.63,34.020000000006306,0.0676599903558655,"{'time_exit_bars': 2, 'atr': 3.7730415087994635, 'entry_hour_utc': 19, 'exit_reason': 'time_exit', 'signal_time': Timestamp('2021-03-23 19:00:00+0000', tz='UTC')}"
2021-03-24 21:00:00+00:00,2021-03-25 00:00:00+00:00,1,1735.085,1733.775,1727.0695279204456,,0.63,-6.929999999996568,-0.013723458694407917,"{'time_exit_bars': 2, 'atr': 3.3802360397771833, 'entry_hour_utc': 19, 'exit_reason': 'time_exit', 'signal_time': Timestamp('2021-03-24 19:00:00+0000', tz='UTC')}"
2021-03-25 21:00:00+00:00,2021-03-26 00:00:00+00:00,1,1728.115,1728.2250000000001,1717.3620636172004,,0.47,23.970000000005985,0.0474289051701193,"{'time_exit_bars': 2, 'atr': 4.808968191399833, 'entry_hour_utc': 19, 'exit_reason': 'time_exit', 'signal_time': Timestamp('2021-03-25 19:00:00+0000', tz='UTC')}"
2021-03-28 22:00:00+00:00,2021-03-29 01:00:00+00:00,1,1731.345,1731.075,1725.6536884769528,,0.89,11.57000000000162,0.022841835220858402,"{'time_exit_bars': 2, 'atr': 3.5231557615236784, 'entry_hour_utc': 19, 'exit_reason': 'time_exit', 'signal_time': Timestamp('2021-03-26 19:00:00+0000', tz='UTC')}"
2021-03-29 20:00:00+00:00,2021-03-30 00:00:00+00:00,1,1711.575,1711.775,1702.920448431351,,0.58,34.80000000000264,0.06932768211509975,"{'time_exit_bars': 2, 'atr': 4.254775784324589, 'entry_hour_utc': 19, 'exit_reason': 'time_exit', 'signal_time': Timestamp('2021-03-29 19:00:00+0000', tz='UTC')}"
2021-03-30 20:00:00+00:00,2021-03-31 00:00:00+00:00,1,1682.205,1685.325,1672.0445831243785,,0.49,172.4800000000058,0.34644247800952865,"{'time_exit_bars': 2, 'atr': 4.987708437810787, 'entry_hour_utc': 19, 'exit_reason': 'time_exit', 'signal_time': Timestamp('2021-03-30 19:00:00+0000', tz='UTC')}"
2021-03-31 20:00:00+00:00,2021-04-01 00:00:00+00:00,1,1708.0249999999999,1707.265,1697.1927786679018,,0.46,20.24000000001088,0.040619554061033576,"{'time_exit_bars': 2, 'atr': 5.308610666049008, 'entry_hour_utc': 19, 'exit_reason': 'time_exit', 'signal_time': Timestamp('2021-03-31 19:00:00+0000', tz='UTC')}"
2021-04-01 20:00:00+00:00,2021-04-05 00:00:00+00:00,1,1729.2649999999999,1727.875,1720.4562674247125,,0.57,11.970000000007246,0.023839979044122023,"{'time_exit_bars': 2, 'atr': 4.316866287643694, 'entry_hour_utc': 19, 'exit_reason': 'time_exit', 'signal_time': Timestamp('2021-04-01 19:00:00+0000', tz='UTC')}"
2021-04-05 20:00:00+00:00,2021-04-06 00:00:00+00:00,1,1728.2949999999998,1729.175,1720.918833380968,,0.68,87.04000000000742,0.17353187178519927,"{'time_exit_bars': 2, 'atr': 3.5855833095160023, 'entry_hour_utc': 19, 'exit_reason': 'time_exit', 'signal_time': Timestamp('2021-04-05 19:00:00+0000', tz='UTC')}"
2021-04-06 20:00:00+00:00,2021-04-07 00:00:00+00:00,1,1742.725,1743.055,1734.428792100868,,0.61,44.53000000000943,0.0879920089847954,"{'time_exit_bars': 2, 'atr': 4.060603949566083, 'entry_hour_utc': 19, 'exit_reason': 'time_exit', 'signal_time': Timestamp('2021-04-06 19:00:00+0000', tz='UTC')}"
2021-04-07 20:00:00+00:00,2021-04-08 00:00:00+00:00,1,1737.585,1736.665,1729.8405891226234,,0.65,18.19999999999527,0.03615510649336528,"{'time_exit_bars': 2, 'atr': 3.774705438688384, 'entry_hour_utc': 19, 'exit_reason': 'time_exit', 'signal_time': Timestamp('2021-04-07 19:00:00+0000', tz='UTC')}"
2021-04-08 20:00:00+00:00,2021-04-09 00:00:00+00:00,1,1755.985,1753.9850000000001,1748.5094757578686,,0.68,-108.79999999998456,-0.21403181210788286,"{'time_exit_bars': 2, 'atr': 3.6502621210656248, 'entry_hour_utc': 19, 'exit_reason': 'time_exit', 'signal_time': Timestamp('2021-04-08 19:00:00+0000', tz='UTC')}"
2021-04-09 20:00:00+00:00,2021-04-12 00:00:00+00:00,1,1743.165,1741.385,1735.1703064385374,,0.63,-36.53999999999829,-0.07254812151847721,"{'time_exit_bars': 2, 'atr': 3.9098467807312605, 'entry_hour_utc': 19, 'exit_reason': 'time_exit', 'signal_time': Timestamp('2021-04-09 19:00:00+0000', tz='UTC')}"
2021-04-12 20:00:00+00:00,2021-04-13 00:00:00+00:00,1,1732.675,1731.785,1724.71347993555,,0.63,-30.86999999999198,-0.06154603593701053,"{'time_exit_bars': 2, 'atr': 3.8932600322250694, 'entry_hour_utc': 19, 'exit_reason': 'time_exit', 'signal_time': Timestamp('2021-04-12 19:00:00+0000', tz='UTC')}"
2021-04-13 20:00:00+00:00,2021-04-14 00:00:00+00:00,1,1745.055,1746.4750000000001,1734.921144150184,,0.5,91.00000000000364,0.17959600244689916,"{'time_exit_bars': 2, 'atr': 5.0094279249080245, 'entry_hour_utc': 19, 'exit_reason': 'time_exit', 'signal_time': Timestamp('2021-04-13 19:00:00+0000', tz='UTC')}"
2021-04-14 20:00:00+00:00,2021-04-15 00:00:00+00:00,1,1737.115,1736.4650000000001,1729.3222821459383,,0.65,35.75000000000887,0.0705787133963108,"{'time_exit_bars': 2, 'atr': 3.813858927030848, 'entry_hour_utc': 19, 'exit_reason': 'time_exit', 'signal_time': Timestamp('2021-04-14 19:00:00+0000', tz='UTC')}"
2021-04-15 20:00:00+00:00,2021-04-16 00:00:00+00:00,1,1765.085,1763.785,1756.360154421202,,0.58,-52.19999999999736,-0.10315368815088395,"{'time_exit_bars': 2, 'atr': 4.2799227893990155, 'entry_hour_utc': 19, 'exit_reason': 'time_exit', 'signal_time': Timestamp('2021-04-15 19:00:00+0000', tz='UTC')}"
2021-04-16 20:00:00+00:00,2021-04-19 00:00:00+00:00,1,1776.115,1776.615,1767.5919583597183,,0.59,100.3,0.19945930945185603,"{'time_exit_bars': 2, 'atr': 4.194020820140853, 'entry_hour_utc': 19, 'exit_reason': 'time_exit', 'signal_time': Timestamp('2021-04-16 19:00:00+0000', tz='UTC')}"
2021-04-19 20:00:00+00:00,2021-04-20 00:00:00+00:00,1,1771.095,1772.035,1761.2598752672145,,0.51,68.34000000000279,0.13624636559342732,"{'time_exit_bars': 2, 'atr': 4.830062366392816, 'entry_hour_utc': 19, 'exit_reason': 'time_exit', 'signal_time': Timestamp('2021-04-19 19:00:00+0000', tz='UTC')}"
2021-04-20 20:00:00+00:00,2021-04-21 00:00:00+00:00,1,1777.5149999999999,1776.7350000000001,1767.7051227246936,,0.51,-19.37999999998701,-0.038736468289597724,"{'time_exit_bars': 2, 'atr': 4.817438637653112, 'entry_hour_utc': 19, 'exit_reason': 'time_exit', 'signal_time': Timestamp('2021-04-20 19:00:00+0000', tz='UTC')}"
2021-04-21 20:00:00+00:00,2021-04-22 00:00:00+00:00,1,1794.665,1793.375,1784.8591563225143,,0.51,-4.589999999998149,-0.009178200566933867,"{'time_exit_bars': 2, 'atr': 4.810421838742806, 'entry_hour_utc': 19, 'exit_reason': 'time_exit', 'signal_time': Timestamp('2021-04-21 19:00:00+0000', tz='UTC')}"
2021-04-22 20:00:00+00:00,2021-04-23 00:00:00+00:00,1,1783.715,1782.9950000000001,1774.8352940181173,,0.57,-18.23999999998859,-0.03603722923401985,"{'time_exit_bars': 2, 'atr': 4.36235299094127, 'entry_hour_utc': 19, 'exit_reason': 'time_exit', 'signal_time': Timestamp('2021-04-22 19:00:00+0000', tz='UTC')}"
2021-04-23 20:00:00+00:00,2021-04-26 00:00:00+00:00,1,1776.595,1774.685,1767.70057750969,,0.57,-40.470000000004674,-0.07982530633929145,"{'time_exit_bars': 2, 'atr': 4.3647112451550845, 'entry_hour_utc': 19, 'exit_reason': 'time_exit', 'signal_time': Timestamp('2021-04-23 19:00:00+0000', tz='UTC')}"
2021-04-26 20:00:00+00:00,2021-04-27 00:00:00+00:00,1,1781.0149999999999,1779.865,1773.9212783576572,,0.71,-53.249999999990315,-0.10572729489737664,"{'time_exit_bars': 2, 'atr': 3.4893608211714313, 'entry_hour_utc': 19, 'exit_reason': 'time_exit', 'signal_time': Timestamp('2021-04-26 19:00:00+0000', tz='UTC')}"
2021-04-27 20:00:00+00:00,2021-04-28 00:00:00+00:00,1,1776.7949999999998,1775.305,1768.956488317474,,0.64,-69.75999999998604,-0.13905701032884563,"{'time_exit_bars': 2, 'atr': 3.816755841263016, 'entry_hour_utc': 19, 'exit_reason': 'time_exit', 'signal_time': Timestamp('2021-04-27 19:00:00+0000', tz='UTC')}"
2021-04-28 20:00:00+00:00,2021-04-29 00:00:00+00:00,1,1782.0349999999999,1783.785,1773.4373961795254,,0.59,174.05000000001343,0.3431188574862061,"{'time_exit_bars': 2, 'atr': 4.206301910237201, 'entry_hour_utc': 19, 'exit_reason': 'time_exit', 'signal_time': Timestamp('2021-04-28 19:00:00+0000', tz='UTC')}"
2021-04-29 20:00:00+00:00,2021-04-30 00:00:00+00:00,1,1774.855,1772.9950000000001,1764.042547386718,,0.47,-68.61999999999529,-0.13502949351254914,"{'time_exit_bars': 2, 'atr': 5.353726306640967, 'entry_hour_utc': 19, 'exit_reason': 'time_exit', 'signal_time': Timestamp('2021-04-29 19:00:00+0000', tz='UTC')}"
2021-04-30 20:00:00+00:00,2021-05-03 00:00:00+00:00,1,1768.555,1768.945,1760.4485876393976,,0.62,98.57999999999211,0.19614102136320452,"{'time_exit_bars': 2, 'atr': 3.9607061803011603, 'entry_hour_utc': 19, 'exit_reason': 'time_exit', 'signal_time': Timestamp('2021-04-30 19:00:00+0000', tz='UTC')}"
2021-05-03 20:00:00+00:00,2021-05-04 00:00:00+00:00,1,1791.915,1792.4650000000001,1783.6699962680302,,0.61,57.950000000011094,0.11522129411738,"{'time_exit_bars': 2, 'atr': 4.03500186598489, 'entry_hour_utc': 19, 'exit_reason': 'time_exit', 'signal_time': Timestamp('2021-05-03 19:00:00+0000', tz='UTC')}"
2021-05-04 20:00:00+00:00,2021-05-05 00:00:00+00:00,1,1778.415,1778.445,1768.1096256768014,,0.49,21.069999999998664,0.04172580117075378,"{'time_exit_bars': 2, 'atr': 5.055187161599339, 'entry_hour_utc': 19, 'exit_reason': 'time_exit', 'signal_time': Timestamp('2021-05-04 19:00:00+0000', tz='UTC')}"
2021-05-05 20:00:00+00:00,2021-05-06 00:00:00+00:00,1,1786.325,1785.125,1778.8757931989435,,0.68,-3.097966327914037e-12,-6.115863013121775e-15,"{'time_exit_bars': 2, 'atr': 3.6371034005282588, 'entry_hour_utc': 19, 'exit_reason': 'time_exit', 'signal_time': Timestamp('2021-05-05 19:00:00+0000', tz='UTC')}"
2021-05-06 20:00:00+00:00,2021-05-07 00:00:00+00:00,1,1815.495,1814.615,1806.064994512278,,0.54,-25.919999999993614,-0.05090134895730996,"{'time_exit_bars': 2, 'atr': 4.612502743860986, 'entry_hour_utc': 19, 'exit_reason': 'time_exit', 'signal_time': Timestamp('2021-05-06 19:00:00+0000', tz='UTC')}"
2021-05-07 20:00:00+00:00,2021-05-10 00:00:00+00:00,1,1832.335,1836.155,1820.7379108486898,,0.43,215.85999999999726,0.43286724233147605,"{'time_exit_bars': 2, 'atr': 5.721044575655135, 'entry_hour_utc': 19, 'exit_reason': 'time_exit', 'signal_time': Timestamp('2021-05-07 19:00:00+0000', tz='UTC')}"
2021-05-10 20:00:00+00:00,2021-05-11 00:00:00+00:00,1,1838.2549999999999,1836.065,1829.601419635951,,0.59,-105.60999999998978,-0.20685079755384916,"{'time_exit_bars': 2, 'atr': 4.229290182024453, 'entry_hour_utc': 19, 'exit_reason': 'time_exit', 'signal_time': Timestamp('2021-05-10 19:00:00+0000', tz='UTC')}"
2021-05-11 20:00:00+00:00,2021-05-12 00:00:00+00:00,1,1837.935,1835.325,1828.5885078310268,,0.54,-119.3399999999946,-0.23645234597598908,"{'time_exit_bars': 2, 'atr': 4.585746084486518, 'entry_hour_utc': 19, 'exit_reason': 'time_exit', 'signal_time': Timestamp('2021-05-11 19:00:00+0000', tz='UTC')}"
2021-05-12 20:00:00+00:00,2021-05-13 00:00:00+00:00,1,1820.065,1817.445,1808.993190409077,,0.46,-65.32000000000544,-0.12825365070984132,"{'time_exit_bars': 2, 'atr': 5.468404795461539, 'entry_hour_utc': 19, 'exit_reason': 'time_exit', 'signal_time': Timestamp('2021-05-12 19:00:00+0000', tz='UTC')}"
2021-05-13 20:00:00+00:00,2021-05-14 00:00:00+00:00,1,1827.5249999999999,1824.925,1817.4337437552595,,0.5,-109.99999999999545,-0.21801051788240494,"{'time_exit_bars': 2, 'atr': 4.973128122370327, 'entry_hour_utc': 19, 'exit_reason': 'time_exit', 'signal_time': Timestamp('2021-05-13 19:00:00+0000', tz='UTC')}"
2021-05-14 20:00:00+00:00,2021-05-17 00:00:00+00:00,1,1843.585,1846.935,1835.3470764546446,,0.61,277.54999999999444,0.5523236498796117,"{'time_exit_bars': 2, 'atr': 4.00646177267763, 'entry_hour_utc': 19, 'exit_reason': 'time_exit', 'signal_time': Timestamp('2021-05-14 19:00:00+0000', tz='UTC')}"
2021-05-17 20:00:00+00:00,2021-05-18 00:00:00+00:00,1,1865.7649999999999,1868.795,1857.2132664296976,,0.59,202.3700000000118,0.4010882672855476,"{'time_exit_bars': 2, 'atr': 4.198366785151184, 'entry_hour_utc': 19, 'exit_reason': 'time_exit', 'signal_time': Timestamp('2021-05-17 19:00:00+0000', tz='UTC')}"
2021-05-18 20:00:00+00:00,2021-05-19 00:00:00+00:00,1,1869.095,1869.9550000000002,1861.421250953578,,0.66,83.16000000000841,0.16419614355093073,"{'time_exit_bars': 2, 'atr': 3.759374523211019, 'entry_hour_utc': 19, 'exit_reason': 'time_exit', 'signal_time': Timestamp('2021-05-18 19:00:00+0000', tz='UTC')}"
2021-05-19 20:00:00+00:00,2021-05-20 00:00:00+00:00,1,1870.895,1865.7250000000001,1854.1151067449575,,0.3,-119.09999999999536,-0.23659268504624356,"{'time_exit_bars': 2, 'atr': 8.317446627521278, 'entry_hour_utc': 19, 'exit_reason': 'time_exit', 'signal_time': Timestamp('2021-05-19 19:00:00+0000', tz='UTC')}"
2021-05-20 20:00:00+00:00,2021-05-21 00:00:00+00:00,1,1878.695,1873.925,1868.3720407419528,,0.49,-214.12999999999911,-0.42332822311522705,"{'time_exit_bars': 2, 'atr': 5.073979629023626, 'entry_hour_utc': 19, 'exit_reason': 'time_exit', 'signal_time': Timestamp('2021-05-20 19:00:00+0000', tz='UTC')}"
2021-05-21 20:00:00+00:00,2021-05-24 00:00:00+00:00,1,1879.665,1883.355,1870.5318198279415,,0.55,268.950000000003,0.5354104384100775,"{'time_exit_bars': 2, 'atr': 4.5340900860292255, 'entry_hour_utc': 19, 'exit_reason': 'time_exit', 'signal_time': Timestamp('2021-05-21 19:00:00+0000', tz='UTC')}"
2021-05-24 20:00:00+00:00,2021-05-25 00:00:00+00:00,1,1883.5049999999999,1877.275,1876.0382132205755,,0.68,-396.43999999998584,-0.780791011210475,"{'time_exit_bars': 2, 'atr': 3.650893389712178, 'entry_hour_utc': 19, 'exit_reason': 'time_exit', 'signal_time': Timestamp('2021-05-24 19:00:00+0000', tz='UTC')}"
2021-05-25 20:00:00+00:00,2021-05-26 00:00:00+00:00,1,1900.085,1898.115,1890.7484561332863,,0.54,-84.78000000000148,-0.16815644229952362,"{'time_exit_bars': 2, 'atr': 4.630771933356845, 'entry_hour_utc': 19, 'exit_reason': 'time_exit', 'signal_time': Timestamp('2021-05-25 19:00:00+0000', tz='UTC')}"
2021-05-26 20:00:00+00:00,2021-05-27 00:00:00+00:00,1,1896.7949999999998,1896.025,1886.4213465823125,,0.49,21.07000000001203,0.041451163123214015,"{'time_exit_bars': 2, 'atr': 5.099326708843663, 'entry_hour_utc': 19, 'exit_reason': 'time_exit', 'signal_time': Timestamp('2021-05-26 19:00:00+0000', tz='UTC')}"
2021-05-27 20:00:00+00:00,2021-05-28 00:00:00+00:00,1,1898.175,1897.885,1888.9432286903202,,0.55,6.050000000002004,0.011915373151054844,"{'time_exit_bars': 2, 'atr': 4.573385654839831, 'entry_hour_utc': 19, 'exit_reason': 'time_exit', 'signal_time': Timestamp('2021-05-27 19:00:00+0000', tz='UTC')}"
2021-05-28 20:00:00+00:00,2021-05-31 00:00:00+00:00,1,1904.0249999999999,1903.695,1895.3183630810718,,0.58,50.460000000004214,0.09992377172737109,"{'time_exit_bars': 2, 'atr': 4.285818459464146, 'entry_hour_utc': 19, 'exit_reason': 'time_exit', 'signal_time': Timestamp('2021-05-28 19:00:00+0000', tz='UTC')}"
2021-06-01 20:00:00+00:00,2021-06-02 00:00:00+00:00,1,1900.155,1898.675,1890.1068712016252,,0.5,-54.00000000000091,-0.10748269868661486,"{'time_exit_bars': 2, 'atr': 4.931564399187432, 'entry_hour_utc': 19, 'exit_reason': 'time_exit', 'signal_time': Timestamp('2021-06-01 19:00:00+0000', tz='UTC')}"
2021-06-02 20:00:00+00:00,2021-06-03 00:00:00+00:00,1,1909.195,1907.675,1901.676992173223,,0.67,-21.43999999999879,-0.04256446752559031,"{'time_exit_bars': 2, 'atr': 3.6365039133885544, 'entry_hour_utc': 19, 'exit_reason': 'time_exit', 'signal_time': Timestamp('2021-06-02 19:00:00+0000', tz='UTC')}"
2021-06-03 20:00:00+00:00,2021-06-04 00:00:00+00:00,1,1871.655,1870.795,1861.4973976962192,,0.5,-22.999999999994998,-0.04528627782844802,"{'time_exit_bars': 2, 'atr': 4.9913011518904, 'entry_hour_utc': 19, 'exit_reason': 'time_exit', 'signal_time': Timestamp('2021-06-03 19:00:00+0000', tz='UTC')}"
2021-06-04 20:00:00+00:00,2021-06-07 00:00:00+00:00,1,1892.065,1889.2150000000001,1881.5089297853149,,0.48,-79.19999999999564,-0.15630816832806738,"{'time_exit_bars': 2, 'atr': 5.1905351073426225, 'entry_hour_utc': 19, 'exit_reason': 'time_exit', 'signal_time': Timestamp('2021-06-04 19:00:00+0000', tz='UTC')}"
2021-06-07 20:00:00+00:00,2021-06-08 00:00:00+00:00,1,1899.925,1898.605,1893.373895995716,,0.77,-70.83999999999509,-0.14043434502006644,"{'time_exit_bars': 2, 'atr': 3.203052002141952, 'entry_hour_utc': 19, 'exit_reason': 'time_exit', 'signal_time': Timestamp('2021-06-07 19:00:00+0000', tz='UTC')}"
2021-06-08 20:00:00+00:00,2021-06-09 00:00:00+00:00,1,1893.655,1893.2350000000001,1884.416067866599,,0.54,-1.0799999999916494,-0.002164752344866829,"{'time_exit_bars': 2, 'atr': 4.531966066700533, 'entry_hour_utc': 19, 'exit_reason': 'time_exit', 'signal_time': Timestamp('2021-06-08 19:00:00+0000', tz='UTC')}"
2021-06-09 20:00:00+00:00,2021-06-10 00:00:00+00:00,1,1890.0249999999999,1888.555,1883.0734022441754,,0.73,-19.709999999985385,-0.038839991823977335,"{'time_exit_bars': 2, 'atr': 3.3982988779122496, 'entry_hour_utc': 19, 'exit_reason': 'time_exit', 'signal_time': Timestamp('2021-06-09 19:00:00+0000', tz='UTC')}"
2021-06-10 20:00:00+00:00,2021-06-11 00:00:00+00:00,1,1898.175,1898.2250000000001,1887.9717632560626,,0.49,22.050000000008914,0.04410365174243016,"{'time_exit_bars': 2, 'atr': 5.019118371968733, 'entry_hour_utc': 19, 'exit_reason': 'time_exit', 'signal_time': Timestamp('2021-06-10 19:00:00+0000', tz='UTC')}"
2021-06-11 20:00:00+00:00,2021-06-14 00:00:00+00:00,1,1876.815,1873.4850000000001,1868.2675642536274,,0.59,-125.66999999999571,-0.24919754452718118,"{'time_exit_bars': 2, 'atr': 4.196217873186364, 'entry_hour_utc': 19, 'exit_reason': 'time_exit', 'signal_time': Timestamp('2021-06-11 19:00:00+0000', tz='UTC')}"
2021-06-14 20:00:00+00:00,2021-06-15 00:00:00+00:00,1,1866.315,1866.645,1855.8844859205135,,0.48,35.03999999999651,0.06998696271697681,"{'time_exit_bars': 2, 'atr': 5.117757039743226, 'entry_hour_utc': 19, 'exit_reason': 'time_exit', 'signal_time': Timestamp('2021-06-14 19:00:00+0000', tz='UTC')}"
2021-06-15 20:00:00+00:00,2021-06-16 00:00:00+00:00,1,1859.415,1857.645,1851.0556886506686,,0.6,-82.1999999999989,-0.16388909836568766,"{'time_exit_bars': 2, 'atr': 4.082155674665718, 'entry_hour_utc': 19, 'exit_reason': 'time_exit', 'signal_time': Timestamp('2021-06-15 19:00:00+0000', tz='UTC')}"
2021-06-16 20:00:00+00:00,2021-06-16 21:00:00+00:00,1,1828.325,1815.9128095675485,1816.0878095675484,,0.41,-508.89980773051366,-1.0143006681938918,"{'time_exit_bars': 2, 'atr': 6.081095216225777, 'entry_hour_utc': 19, 'exit_reason': 'sl', 'signal_time': Timestamp('2021-06-16 19:00:00+0000', tz='UTC')}"
2021-06-17 20:00:00+00:00,2021-06-18 00:00:00+00:00,1,1772.2749999999999,1776.645,1756.3422459046612,,0.31,147.87000000000367,0.29938326867140047,"{'time_exit_bars': 2, 'atr': 7.868877047669323, 'entry_hour_utc': 19, 'exit_reason': 'time_exit', 'signal_time': Timestamp('2021-06-17 19:00:00+0000', tz='UTC')}"
2021-06-18 20:00:00+00:00,2021-06-21 00:00:00+00:00,1,1762.095,1769.185,1749.8162917874354,,0.41,339.8899999999966,0.6751524554933932,"{'time_exit_bars': 2, 'atr': 6.126854106282239, 'entry_hour_utc': 19, 'exit_reason': 'time_exit', 'signal_time': Timestamp('2021-06-18 19:00:00+0000', tz='UTC')}"
2021-06-21 20:00:00+00:00,2021-06-22 00:00:00+00:00,1,1783.305,1783.395,1773.8131247848473,,0.53,25.969999999995665,0.0516230975326864,"{'time_exit_bars': 2, 'atr': 4.603437607576347, 'entry_hour_utc': 19, 'exit_reason': 'time_exit', 'signal_time': Timestamp('2021-06-21 19:00:00+0000', tz='UTC')}"
2021-06-22 20:00:00+00:00,2021-06-23 00:00:00+00:00,1,1776.645,1777.4650000000001,1766.0896870564136,,0.48,58.56000000000786,0.11558160392974985,"{'time_exit_bars': 2, 'atr': 5.180156471793172, 'entry_hour_utc': 19, 'exit_reason': 'time_exit', 'signal_time': Timestamp('2021-06-22 19:00:00+0000', tz='UTC')}"
2021-06-23 20:00:00+00:00,2021-06-24 00:00:00+00:00,1,1775.5249999999999,1777.145,1766.036678682458,,0.53,149.4600000000063,0.29720747281044596,"{'time_exit_bars': 2, 'atr': 4.646660658771, 'entry_hour_utc': 19, 'exit_reason': 'time_exit', 'signal_time': Timestamp('2021-06-23 19:00:00+0000', tz='UTC')}"
2021-06-24 20:00:00+00:00,2021-06-25 00:00:00+00:00,1,1774.225,1775.025,1766.0550186120365,,0.62,74.40000000001127,0.14687915957410982,"{'time_exit_bars': 2, 'atr': 3.9924906939817104, 'entry_hour_utc': 19, 'exit_reason': 'time_exit', 'signal_time': Timestamp('2021-06-24 19:00:00+0000', tz='UTC')}"
2021-06-25 20:00:00+00:00,2021-06-28 00:00:00+00:00,1,1779.625,1781.855,1772.7757188836072,,0.74,253.82000000000136,0.5007824823820964,"{'time_exit_bars': 2, 'atr': 3.3371405581964546, 'entry_hour_utc': 19, 'exit_reason': 'time_exit', 'signal_time': Timestamp('2021-06-25 19:00:00+0000', tz='UTC')}"
2021-06-28 20:00:00+00:00,2021-06-29 00:00:00+00:00,1,1779.555,1777.9650000000001,1770.43135242331,,0.55,-65.44999999999551,-0.13043029007830662,"{'time_exit_bars': 2, 'atr': 4.474323788344988, 'entry_hour_utc': 19, 'exit_reason': 'time_exit', 'signal_time': Timestamp('2021-06-28 19:00:00+0000', tz='UTC')}"
2021-06-29 20:00:00+00:00,2021-06-30 00:00:00+00:00,1,1761.2849999999999,1761.275,1749.9760017297212,,0.45,17.550000000010645,0.034485813038384036,"{'time_exit_bars': 2, 'atr': 5.566999135139293, 'entry_hour_utc': 19, 'exit_reason': 'time_exit', 'signal_time': Timestamp('2021-06-29 19:00:00+0000', tz='UTC')}"
2021-06-30 20:00:00+00:00,2021-07-01 00:00:00+00:00,1,1770.0049999999999,1767.9550000000002,1760.6927501216544,,0.54,-45.89999999998528,-0.0912776193835069,"{'time_exit_bars': 2, 'atr': 4.598624939172892, 'entry_hour_utc': 19, 'exit_reason': 'time_exit', 'signal_time': Timestamp('2021-06-30 19:00:00+0000', tz='UTC')}"
2021-07-01 20:00:00+00:00,2021-07-02 00:00:00+00:00,1,1776.335,1775.395,1767.3312317013956,,0.56,-30.24000000000306,-0.059974888523481214,"{'time_exit_bars': 2, 'atr': 4.419384149302195, 'entry_hour_utc': 19, 'exit_reason': 'time_exit', 'signal_time': Timestamp('2021-07-01 19:00:00+0000', tz='UTC')}"
2021-10-31 22:00:00+00:00,2021-11-01 03:00:00+00:00,1,1780.965,1784.2150000000001,1770.679714811112,,0.48,175.2000000000109,0.35487591573480626,"{'time_exit_bars': 4, 'atr': 5.000142594444065, 'entry_hour_utc': 21, 'exit_reason': 'time_exit', 'signal_time': Timestamp('2021-10-31 21:00:00+0000', tz='UTC')}"
2021-11-01 22:00:00+00:00,2021-11-02 03:00:00+00:00,1,1792.0149999999999,1791.035,1785.1608982067419,,0.73,-42.33999999998473,-0.08462086171091082,"{'time_exit_bars': 4, 'atr': 3.3295508966289766, 'entry_hour_utc': 21, 'exit_reason': 'time_exit', 'signal_time': Timestamp('2021-11-01 21:00:00+0000', tz='UTC')}"
2021-11-02 22:00:00+00:00,2021-11-03 02:00:00+00:00,1,1787.175,1780.7182142246215,1780.8932142246215,,0.79,-478.48607625489524,-0.9641821596524452,"{'time_exit_bars': 4, 'atr': 3.0533928876892302, 'entry_hour_utc': 21, 'exit_reason': 'sl', 'signal_time': Timestamp('2021-11-02 21:00:00+0000', tz='UTC')}"
2021-11-03 22:00:00+00:00,2021-11-04 03:00:00+00:00,1,1773.945,1774.925,1763.1875652072054,,0.46,100.28000000000084,0.2026505428097226,"{'time_exit_bars': 4, 'atr': 5.29121739639732, 'entry_hour_utc': 21, 'exit_reason': 'time_exit', 'signal_time': Timestamp('2021-11-03 21:00:00+0000', tz='UTC')}"
2021-11-04 22:00:00+00:00,2021-11-05 03:00:00+00:00,1,1791.485,1792.7050000000002,1784.0956263227906,,0.67,108.54000000001706,0.21923373627683085,"{'time_exit_bars': 4, 'atr': 3.6371868386046873, 'entry_hour_utc': 21, 'exit_reason': 'time_exit', 'signal_time': Timestamp('2021-11-04 21:00:00+0000', tz='UTC')}"
2022-03-13 22:00:00+00:00,2022-03-14 00:00:00+00:00,1,1980.405,1976.805,1960.4661381179399,,0.25,-79.99999999999773,-0.16049060467584125,"{'time_exit_bars': 1, 'atr': 9.881930941030088, 'entry_hour_utc': 21, 'exit_reason': 'time_exit', 'signal_time': Timestamp('2022-03-13 21:00:00+0000', tz='UTC')}"
2022-03-14 22:00:00+00:00,2022-03-15 00:00:00+00:00,1,1953.5249999999999,1947.855,1940.0511640239185,,0.37,-194.98999999999427,-0.39112840688836653,"{'time_exit_bars': 1, 'atr': 6.649417988040711, 'entry_hour_utc': 21, 'exit_reason': 'time_exit', 'signal_time': Timestamp('2022-03-14 21:00:00+0000', tz='UTC')}"
2022-03-15 22:00:00+00:00,2022-03-16 00:00:00+00:00,1,1916.355,1920.815,1899.6916180306462,,0.29,140.94000000000105,0.2916574803925287,"{'time_exit_bars': 1, 'atr': 8.244190984676893, 'entry_hour_utc': 21, 'exit_reason': 'time_exit', 'signal_time': Timestamp('2022-03-15 21:00:00+0000', tz='UTC')}"
2022-03-16 22:00:00+00:00,2022-03-17 00:00:00+00:00,1,1926.065,1926.675,1909.2597297655525,,0.29,52.489999999997096,0.10770430791941382,"{'time_exit_bars': 1, 'atr': 8.260135117223706, 'entry_hour_utc': 21, 'exit_reason': 'time_exit', 'signal_time': Timestamp('2022-03-16 21:00:00+0000', tz='UTC')}"
2022-03-17 22:00:00+00:00,2022-03-18 00:00:00+00:00,1,1941.375,1940.875,1929.748028080349,,0.42,-4.199999999999999,-0.008600691623843032,"{'time_exit_bars': 1, 'atr': 5.725985959825442, 'entry_hour_utc': 21, 'exit_reason': 'time_exit', 'signal_time': Timestamp('2022-03-17 21:00:00+0000', tz='UTC')}"
2022-03-20 22:00:00+00:00,2022-03-21 00:00:00+00:00,1,1920.165,1921.895,1907.5651989445298,,0.39,83.07000000000072,0.16905028822461346,"{'time_exit_bars': 1, 'atr': 6.2174005277350455, 'entry_hour_utc': 21, 'exit_reason': 'time_exit', 'signal_time': Timestamp('2022-03-20 21:00:00+0000', tz='UTC')}"
2022-03-21 22:00:00+00:00,2022-03-22 00:00:00+00:00,1,1936.335,1931.025,1925.9737488578317,,0.48,-235.6799999999974,-0.4738809949328561,"{'time_exit_bars': 1, 'atr': 5.093125571084261, 'entry_hour_utc': 21, 'exit_reason': 'time_exit', 'signal_time': Timestamp('2022-03-21 21:00:00+0000', tz='UTC')}"
2022-03-22 22:00:00+00:00,2022-03-23 00:00:00+00:00,1,1920.715,1917.765,1910.4708073777722,,0.48,-122.39999999999127,-0.24892152012710675,"{'time_exit_bars': 1, 'atr': 5.034596311113943, 'entry_hour_utc': 21, 'exit_reason': 'time_exit', 'signal_time': Timestamp('2022-03-22 21:00:00+0000', tz='UTC')}"
2022-03-23 22:00:00+00:00,2022-03-24 00:00:00+00:00,1,1945.125,1946.445,1935.1302829337692,,0.49,123.47999999999688,0.25213320029981356,"{'time_exit_bars': 1, 'atr': 4.904858533115439, 'entry_hour_utc': 21, 'exit_reason': 'time_exit', 'signal_time': Timestamp('2022-03-23 21:00:00+0000', tz='UTC')}"
2022-03-24 22:00:00+00:00,2022-03-25 00:00:00+00:00,1,1958.465,1962.575,1946.0192600340845,,0.4,180.4000000000051,0.36237298966163944,"{'time_exit_bars': 1, 'atr': 6.1353699829577755, 'entry_hour_utc': 21, 'exit_reason': 'time_exit', 'signal_time': Timestamp('2022-03-24 21:00:00+0000', tz='UTC')}"
2022-10-30 22:00:00+00:00,2022-10-31 00:00:00+00:00,1,1644.385,1642.015,1634.6981662163512,,0.51,-100.46999999999443,-0.20336882453017965,"{'time_exit_bars': 1, 'atr': 4.755916891824405, 'entry_hour_utc': 21, 'exit_reason': 'time_exit', 'signal_time': Timestamp('2022-10-30 21:00:00+0000', tz='UTC')}"
2022-10-31 22:00:00+00:00,2022-11-01 00:00:00+00:00,1,1632.875,1633.7450000000001,1625.5621163907047,,0.68,86.36000000000804,0.17366610325724763,"{'time_exit_bars': 1, 'atr': 3.5689418046476815, 'entry_hour_utc': 21, 'exit_reason': 'time_exit', 'signal_time': Timestamp('2022-10-31 21:00:00+0000', tz='UTC')}"
2022-11-01 22:00:00+00:00,2022-11-02 00:00:00+00:00,1,1647.0349999999999,1650.2450000000001,1638.0807467684594,,0.55,198.55000000001453,0.40316036487380347,"{'time_exit_bars': 1, 'atr': 4.384626615770247, 'entry_hour_utc': 21, 'exit_reason': 'time_exit', 'signal_time': Timestamp('2022-11-01 21:00:00+0000', tz='UTC')}"
2022-11-02 22:00:00+00:00,2022-11-03 00:00:00+00:00,1,1634.2849999999999,1637.625,1623.1017773552048,,0.44,199.76000000000641,0.40596526995849314,"{'time_exit_bars': 1, 'atr': 5.504111322397537, 'entry_hour_utc': 21, 'exit_reason': 'time_exit', 'signal_time': Timestamp('2022-11-02 21:00:00+0000', tz='UTC')}"
2022-11-03 22:00:00+00:00,2022-11-04 00:00:00+00:00,1,1630.5149999999999,1630.605,1621.4456534240624,,0.55,26.950000000008007,0.054028148102774794,"{'time_exit_bars': 1, 'atr': 4.407173287968855, 'entry_hour_utc': 21, 'exit_reason': 'time_exit', 'signal_time': Timestamp('2022-11-03 21:00:00+0000', tz='UTC')}"
2023-01-03 20:00:00+00:00,2023-01-04 00:00:00+00:00,1,1838.225,1838.4950000000001,1825.1729618611291,,0.38,25.460000000007952,0.05133297902377837,"{'time_exit_bars': 2, 'atr': 6.473519069435372, 'entry_hour_utc': 19, 'exit_reason': 'time_exit', 'signal_time': Timestamp('2023-01-03 19:00:00+0000', tz='UTC')}"
2023-01-04 20:00:00+00:00,2023-01-05 00:00:00+00:00,1,1855.5149999999999,1854.945,1844.4386336209827,,0.45,28.350000000002865,0.056877858536128194,"{'time_exit_bars': 2, 'atr': 5.445683189508632, 'entry_hour_utc': 19, 'exit_reason': 'time_exit', 'signal_time': Timestamp('2023-01-04 19:00:00+0000', tz='UTC')}"
2023-01-05 20:00:00+00:00,2023-01-06 00:00:00+00:00,1,1833.2649999999999,1834.155,1821.8921372366106,,0.43,55.470000000004305,0.11342790525467103,"{'time_exit_bars': 2, 'atr': 5.573931381694682, 'entry_hour_utc': 19, 'exit_reason': 'time_exit', 'signal_time': Timestamp('2023-01-05 19:00:00+0000', tz='UTC')}"
2023-01-06 20:00:00+00:00,2023-01-09 00:00:00+00:00,1,1867.055,1868.435,1855.619087298341,,0.43,110.93999999999491,0.225605080006038,"{'time_exit_bars': 2, 'atr': 5.635456350829596, 'entry_hour_utc': 19, 'exit_reason': 'time_exit', 'signal_time': Timestamp('2023-01-06 19:00:00+0000', tz='UTC')}"
2023-01-09 20:00:00+00:00,2023-01-10 00:00:00+00:00,1,1871.355,1870.4850000000001,1861.791126783908,,0.52,-24.439999999994324,-0.04914326961267972,"{'time_exit_bars': 2, 'atr': 4.704436608046002, 'entry_hour_utc': 19, 'exit_reason': 'time_exit', 'signal_time': Timestamp('2023-01-09 19:00:00+0000', tz='UTC')}"
2023-01-10 20:00:00+00:00,2023-01-11 00:00:00+00:00,1,1878.305,1877.845,1870.4047529887632,,0.63,-3.7800000000022926,-0.0075946992435421265,"{'time_exit_bars': 2, 'atr': 3.872623505618397, 'entry_hour_utc': 19, 'exit_reason': 'time_exit', 'signal_time': Timestamp('2023-01-10 19:00:00+0000', tz='UTC')}"
2023-01-11 20:00:00+00:00,2023-01-12 00:00:00+00:00,1,1876.665,1877.445,1867.9942949206963,,0.57,112.85999999999842,0.22835513166352503,"{'time_exit_bars': 2, 'atr': 4.247852539651845, 'entry_hour_utc': 19, 'exit_reason': 'time_exit', 'signal_time': Timestamp('2023-01-11 19:00:00+0000', tz='UTC')}"
2023-01-12 20:00:00+00:00,2023-01-13 00:00:00+00:00,1,1898.575,1897.885,1886.2535885796945,,0.4,-11.60000000000218,-0.023536264645959037,"{'time_exit_bars': 2, 'atr': 6.053205710152674, 'entry_hour_utc': 19, 'exit_reason': 'time_exit', 'signal_time': Timestamp('2023-01-12 19:00:00+0000', tz='UTC')}"
2023-01-13 20:00:00+00:00,2023-01-16 00:00:00+00:00,1,1920.855,1918.875,1909.6411395257292,,0.44,-34.320000000000796,-0.06955677768504917,"{'time_exit_bars': 2, 'atr': 5.534430237135427, 'entry_hour_utc': 19, 'exit_reason': 'time_exit', 'signal_time': Timestamp('2023-01-13 19:00:00+0000', tz='UTC')}"
2023-01-17 20:00:00+00:00,2023-01-18 00:00:00+00:00,1,1909.365,1907.125,1899.5359413993108,,0.51,-93.84000000000047,-0.18720002339501637,"{'time_exit_bars': 2, 'atr': 4.807029300344698, 'entry_hour_utc': 19, 'exit_reason': 'time_exit', 'signal_time': Timestamp('2023-01-17 19:00:00+0000', tz='UTC')}"
2023-01-18 20:00:00+00:00,2023-01-19 00:00:00+00:00,1,1903.615,1904.935,1892.6255692435764,,0.45,113.39999999999714,0.2293112405778545,"{'time_exit_bars': 2, 'atr': 5.412215378211881, 'entry_hour_utc': 19, 'exit_reason': 'time_exit', 'signal_time': Timestamp('2023-01-18 19:00:00+0000', tz='UTC')}"
2023-01-19 20:00:00+00:00,2023-01-20 00:00:00+00:00,1,1933.555,1930.305,1923.3777884560218,,0.49,-139.65,-0.2800374137537024,"{'time_exit_bars': 2, 'atr': 5.02610577198914, 'entry_hour_utc': 19, 'exit_reason': 'time_exit', 'signal_time': Timestamp('2023-01-19 19:00:00+0000', tz='UTC')}"
2023-01-20 20:00:00+00:00,2023-01-23 00:00:00+00:00,1,1927.365,1932.135,1918.1168228002364,,0.54,322.37999999999903,0.6455326137298241,"{'time_exit_bars': 2, 'atr': 4.5465885998818445, 'entry_hour_utc': 19, 'exit_reason': 'time_exit', 'signal_time': Timestamp('2023-01-20 19:00:00+0000', tz='UTC')}"
2023-01-23 20:00:00+00:00,2023-01-24 00:00:00+00:00,1,1931.415,1930.645,1920.3499254243554,,0.45,-16.649999999999178,-0.033438545530853736,"{'time_exit_bars': 2, 'atr': 5.450037287822227, 'entry_hour_utc': 19, 'exit_reason': 'time_exit', 'signal_time': Timestamp('2023-01-23 19:00:00+0000', tz='UTC')}"
2023-01-24 20:00:00+00:00,2023-01-25 00:00:00+00:00,1,1938.0249999999999,1936.645,1928.2077657401467,,0.51,-49.979999999993964,-0.09982444892931958,"{'time_exit_bars': 2, 'atr': 4.836117129926754, 'entry_hour_utc': 19, 'exit_reason': 'time_exit', 'signal_time': Timestamp('2023-01-24 19:00:00+0000', tz='UTC')}"
2023-01-25 20:00:00+00:00,2023-01-26 00:00:00+00:00,1,1946.875,1945.075,1935.1156240437658,,0.42,-25.19999999999809,-0.05102311570214466,"{'time_exit_bars': 2, 'atr': 5.812187978117111, 'entry_hour_utc': 19, 'exit_reason': 'time_exit', 'signal_time': Timestamp('2023-01-25 19:00:00+0000', tz='UTC')}"
2023-01-26 20:00:00+00:00,2023-01-27 00:00:00+00:00,1,1929.825,1933.545,1918.5541673723321,,0.44,181.2800000000012,0.3655453093932165,"{'time_exit_bars': 2, 'atr': 5.547916313833944, 'entry_hour_utc': 19, 'exit_reason': 'time_exit', 'signal_time': Timestamp('2023-01-26 19:00:00+0000', tz='UTC')}"
2023-01-27 20:00:00+00:00,2023-01-30 00:00:00+00:00,1,1926.655,1928.4550000000002,1916.4706906800102,,0.49,147.00000000000892,0.2945707858766404,"{'time_exit_bars': 2, 'atr': 4.989654659994971, 'entry_hour_utc': 19, 'exit_reason': 'time_exit', 'signal_time': Timestamp('2023-01-27 19:00:00+0000', tz='UTC')}"
2023-01-30 20:00:00+00:00,2023-01-31 00:00:00+00:00,1,1922.225,1922.585,1913.204587873675,,0.55,41.800000000007,0.08425335664899107,"{'time_exit_bars': 2, 'atr': 4.437706063162448, 'entry_hour_utc': 19, 'exit_reason': 'time_exit', 'signal_time': Timestamp('2023-01-30 19:00:00+0000', tz='UTC')}"
2023-01-31 20:00:00+00:00,2023-02-01 00:00:00+00:00,1,1928.655,1927.375,1918.0605514098079,,0.47,-41.35999999999872,-0.08306236917461107,"{'time_exit_bars': 2, 'atr': 5.214724295096016, 'entry_hour_utc': 19, 'exit_reason': 'time_exit', 'signal_time': Timestamp('2023-01-31 19:00:00+0000', tz='UTC')}"
2023-02-01 20:00:00+00:00,2023-02-02 00:00:00+00:00,1,1953.645,1952.2450000000001,1940.8093462890674,,0.39,-7.799999999994689,-0.015581598296744112,"{'time_exit_bars': 2, 'atr': 6.345326855466258, 'entry_hour_utc': 19, 'exit_reason': 'time_exit', 'signal_time': Timestamp('2023-02-01 19:00:00+0000', tz='UTC')}"
2023-02-02 20:00:00+00:00,2023-02-03 00:00:00+00:00,1,1913.085,1916.185,1899.9782517754084,,0.38,132.99999999999656,0.2670380127874124,"{'time_exit_bars': 2, 'atr': 6.465874112295916, 'entry_hour_utc': 19, 'exit_reason': 'time_exit', 'signal_time': Timestamp('2023-02-02 19:00:00+0000', tz='UTC')}"
2023-02-03 20:00:00+00:00,2023-02-06 00:00:00+00:00,1,1864.995,1869.655,1851.7713996081563,,0.38,222.6800000000031,0.4431470875068631,"{'time_exit_bars': 2, 'atr': 6.514300195921775, 'entry_hour_utc': 19, 'exit_reason': 'time_exit', 'signal_time': Timestamp('2023-02-03 19:00:00+0000', tz='UTC')}"
2023-02-06 20:00:00+00:00,2023-02-07 00:00:00+00:00,1,1868.5049999999999,1869.685,1858.9007731127122,,0.52,82.16000000000331,0.16451089905959757,"{'time_exit_bars': 2, 'atr': 4.734613443643811, 'entry_hour_utc': 19, 'exit_reason': 'time_exit', 'signal_time': Timestamp('2023-02-06 19:00:00+0000', tz='UTC')}"
2023-02-07 20:00:00+00:00,2023-02-08 00:00:00+00:00,1,1870.325,1876.505,1857.5290100611776,,0.39,256.6200000000025,0.5142235990696303,"{'time_exit_bars': 2, 'atr': 6.360494969411175, 'entry_hour_utc': 19, 'exit_reason': 'time_exit', 'signal_time': Timestamp('2023-02-07 19:00:00+0000', tz='UTC')}"
2023-02-08 20:00:00+00:00,2023-02-09 00:00:00+00:00,1,1875.405,1874.165,1865.3188415939574,,0.5,-2.0000000000004547,-0.003965831031966056,"{'time_exit_bars': 2, 'atr': 4.975579203021277, 'entry_hour_utc': 19, 'exit_reason': 'time_exit', 'signal_time': Timestamp('2023-02-08 19:00:00+0000', tz='UTC')}"
2023-02-09 20:00:00+00:00,2023-02-10 00:00:00+00:00,1,1861.0149999999999,1862.575,1848.7196398981291,,0.41,80.36000000000708,0.1594097272272616,"{'time_exit_bars': 2, 'atr': 6.065180050935386, 'entry_hour_utc': 19, 'exit_reason': 'time_exit', 'signal_time': Timestamp('2023-02-09 19:00:00+0000', tz='UTC')}"
2023-02-10 20:00:00+00:00,2023-02-13 00:00:00+00:00,1,1864.5149999999999,1862.925,1853.8123342022668,,0.47,-18.329999999996147,-0.03643951958983192,"{'time_exit_bars': 2, 'atr': 5.263832898866543, 'entry_hour_utc': 19, 'exit_reason': 'time_exit', 'signal_time': Timestamp('2023-02-10 19:00:00+0000', tz='UTC')}"
2023-02-13 20:00:00+00:00,2023-02-14 00:00:00+00:00,1,1854.445,1856.045,1845.4000663095308,,0.56,112.00000000000766,0.22111826006060997,"{'time_exit_bars': 2, 'atr': 4.444966845234568, 'entry_hour_utc': 19, 'exit_reason': 'time_exit', 'signal_time': Timestamp('2023-02-13 19:00:00+0000', tz='UTC')}"
2023-02-14 20:00:00+00:00,2023-02-15 00:00:00+00:00,1,1855.905,1855.655,1841.965536221621,,0.36,5.399999999999999,0.01076081565150737,"{'time_exit_bars': 2, 'atr': 7.027231889189451, 'entry_hour_utc': 19, 'exit_reason': 'time_exit', 'signal_time': Timestamp('2023-02-14 19:00:00+0000', tz='UTC')}"
2023-02-15 20:00:00+00:00,2023-02-16 00:00:00+00:00,1,1837.955,1835.155,1828.3796295415812,,0.53,-84.7999999999976,-0.1670953627275294,"{'time_exit_bars': 2, 'atr': 4.715185229209372, 'entry_hour_utc': 19, 'exit_reason': 'time_exit', 'signal_time': Timestamp('2023-02-15 19:00:00+0000', tz='UTC')}"
2023-02-16 20:00:00+00:00,2023-02-17 00:00:00+00:00,1,1836.725,1832.415,1825.1447561629295,,0.43,-168.12999999999766,-0.33764401294240043,"{'time_exit_bars': 2, 'atr': 5.662621918535225, 'entry_hour_utc': 19, 'exit_reason': 'time_exit', 'signal_time': Timestamp('2023-02-16 19:00:00+0000', tz='UTC')}"
2023-02-17 20:00:00+00:00,2023-02-20 00:00:00+00:00,1,1842.055,1838.655,1832.6179347067336,,0.53,-116.60000000000483,-0.23312332082409631,"{'time_exit_bars': 2, 'atr': 4.631032646633186, 'entry_hour_utc': 19, 'exit_reason': 'time_exit', 'signal_time': Timestamp('2023-02-17 19:00:00+0000', tz='UTC')}"
2023-02-21 20:00:00+00:00,2023-02-22 00:00:00+00:00,1,1834.915,1836.7250000000001,1825.9785933582095,,0.56,123.7600000000097,0.24730298078259733,"{'time_exit_bars': 2, 'atr': 4.380703320895193, 'entry_hour_utc': 19, 'exit_reason': 'time_exit', 'signal_time': Timestamp('2023-02-21 19:00:00+0000', tz='UTC')}"
2023-02-22 20:00:00+00:00,2023-02-23 00:00:00+00:00,1,1824.965,1824.275,1815.3231622639164,,0.52,26.520000000008984,0.05289448069547508,"{'time_exit_bars': 2, 'atr': 4.728418868041809, 'entry_hour_utc': 19, 'exit_reason': 'time_exit', 'signal_time': Timestamp('2023-02-22 19:00:00+0000', tz='UTC')}"
2023-02-23 20:00:00+00:00,2023-02-24 00:00:00+00:00,1,1823.735,1826.065,1815.4350730377012,,0.61,166.53000000000944,0.3289185570428268,"{'time_exit_bars': 2, 'atr': 4.07246348114942, 'entry_hour_utc': 19, 'exit_reason': 'time_exit', 'signal_time': Timestamp('2023-02-23 19:00:00+0000', tz='UTC')}"
2023-02-24 20:00:00+00:00,2023-02-27 00:00:00+00:00,1,1811.0149999999999,1813.335,1803.361471466502,,0.66,232.3200000000108,0.45991858325135826,"{'time_exit_bars': 2, 'atr': 3.7892642667489733, 'entry_hour_utc': 19, 'exit_reason': 'time_exit', 'signal_time': Timestamp('2023-02-24 19:00:00+0000', tz='UTC')}"
2023-02-27 20:00:00+00:00,2023-02-28 00:00:00+00:00,1,1817.345,1816.335,1809.977352511496,,0.69,-42.089999999999364,-0.08279440634908204,"{'time_exit_bars': 2, 'atr': 3.6363237442519623, 'entry_hour_utc': 19, 'exit_reason': 'time_exit', 'signal_time': Timestamp('2023-02-27 19:00:00+0000', tz='UTC')}"
2023-02-28 20:00:00+00:00,2023-03-01 00:00:00+00:00,1,1826.705,1823.295,1818.39459590073,,0.61,-183.6099999999911,-0.36219658683797623,"{'time_exit_bars': 2, 'atr': 4.057702049634931, 'entry_hour_utc': 19, 'exit_reason': 'time_exit', 'signal_time': Timestamp('2023-02-28 19:00:00+0000', tz='UTC')}"
2023-03-01 20:00:00+00:00,2023-03-02 00:00:00+00:00,1,1837.5449999999998,1835.4650000000001,1828.2580818871174,,0.54,-47.51999999998381,-0.09475694620145331,"{'time_exit_bars': 2, 'atr': 4.555959056441179, 'entry_hour_utc': 19, 'exit_reason': 'time_exit', 'signal_time': Timestamp('2023-03-01 19:00:00+0000', tz='UTC')}"
2023-03-02 20:00:00+00:00,2023-03-03 00:00:00+00:00,1,1836.355,1839.295,1828.8347884836464,,0.67,223.78000000000367,0.4441364438668822,"{'time_exit_bars': 2, 'atr': 3.6726057581768665, 'entry_hour_utc': 19, 'exit_reason': 'time_exit', 'signal_time': Timestamp('2023-03-02 19:00:00+0000', tz='UTC')}"
2023-03-03 20:00:00+00:00,2023-03-06 00:00:00+00:00,1,1855.315,1852.055,1848.119473994148,,0.7,-144.19999999999933,-0.28628900768680343,"{'time_exit_bars': 2, 'atr': 3.5502630029260835, 'entry_hour_utc': 19, 'exit_reason': 'time_exit', 'signal_time': Timestamp('2023-03-03 19:00:00+0000', tz='UTC')}"
2023-03-06 20:00:00+00:00,2023-03-07 00:00:00+00:00,1,1846.725,1845.665,1839.8872751123045,,0.74,-48.83999999999597,-0.09652333354148554,"{'time_exit_bars': 2, 'atr': 3.3813624438478316, 'entry_hour_utc': 19, 'exit_reason': 'time_exit', 'signal_time': Timestamp('2023-03-06 19:00:00+0000', tz='UTC')}"
2023-03-07 20:00:00+00:00,2023-03-08 00:00:00+00:00,1,1814.225,1813.155,1805.420908292357,,0.57,-38.189999999996374,-0.07610097920928015,"{'time_exit_bars': 2, 'atr': 4.294545853821515, 'entry_hour_utc': 19, 'exit_reason': 'time_exit', 'signal_time': Timestamp('2023-03-07 19:00:00+0000', tz='UTC')}"
2023-03-08 20:00:00+00:00,2023-03-09 00:00:00+00:00,1,1813.585,1815.695,1806.9671819564978,,0.76,251.55999999999239,0.5001648546759102,"{'time_exit_bars': 2, 'atr': 3.2214090217511306, 'entry_hour_utc': 19, 'exit_reason': 'time_exit', 'signal_time': Timestamp('2023-03-08 19:00:00+0000', tz='UTC')}"
2023-03-09 20:00:00+00:00,2023-03-10 00:00:00+00:00,1,1830.735,1833.915,1822.520928378588,,0.61,218.3800000000039,0.4358374463972233,"{'time_exit_bars': 2, 'atr': 4.0245358107060145, 'entry_hour_utc': 19, 'exit_reason': 'time_exit', 'signal_time': Timestamp('2023-03-09 19:00:00+0000', tz='UTC')}"
2023-03-10 20:00:00+00:00,2023-03-12 23:00:00+00:00,1,1870.0249999999999,1877.625,1857.1623656198735,,0.39,327.6000000000053,0.6530544017467151,"{'time_exit_bars': 2, 'atr': 6.3088171900632375, 'entry_hour_utc': 19, 'exit_reason': 'time_exit', 'signal_time': Timestamp('2023-03-10 19:00:00+0000', tz='UTC')}"
2023-03-13 21:00:00+00:00,2023-03-14 00:00:00+00:00,1,1912.495,1912.305,1896.683528188191,,0.32,6.72000000000553,0.013281496023876415,"{'time_exit_bars': 2, 'atr': 8.438235905904472, 'entry_hour_utc': 19, 'exit_reason': 'time_exit', 'signal_time': Timestamp('2023-03-13 19:00:00+0000', tz='UTC')}"
2023-03-14 21:00:00+00:00,2023-03-15 00:00:00+00:00,1,1904.715,1901.535,1892.1363658318387,,0.4,-111.19999999999345,-0.2210096869687582,"{'time_exit_bars': 2, 'atr': 5.861817084080595, 'entry_hour_utc': 19, 'exit_reason': 'time_exit', 'signal_time': Timestamp('2023-03-14 19:00:00+0000', tz='UTC')}"
2023-03-15 21:00:00+00:00,2023-03-16 00:00:00+00:00,1,1919.475,1913.345,1900.5536807872359,,0.26,-128.17999999999694,-0.26055265727318716,"{'time_exit_bars': 2, 'atr': 8.728159606382098, 'entry_hour_utc': 19, 'exit_reason': 'time_exit', 'signal_time': Timestamp('2023-03-15 19:00:00+0000', tz='UTC')}"
2023-03-16 21:00:00+00:00,2023-03-17 00:00:00+00:00,1,1919.635,1919.385,1907.574067552104,,0.42,6.300000000000001,0.012436849360363282,"{'time_exit_bars': 2, 'atr': 5.88296622394792, 'entry_hour_utc': 19, 'exit_reason': 'time_exit', 'signal_time': Timestamp('2023-03-16 19:00:00+0000', tz='UTC')}"
2023-03-19 21:00:00+00:00,2023-03-20 00:00:00+00:00,1,1986.875,1971.7350000000001,1971.3388553504492,,0.32,-471.6799999999959,-0.9487553271735306,"{'time_exit_bars': 2, 'atr': 8.415572324775415, 'entry_hour_utc': 19, 'exit_reason': 'time_exit', 'signal_time': Timestamp('2023-03-17 19:00:00+0000', tz='UTC')}"
2023-03-20 21:00:00+00:00,2023-03-21 00:00:00+00:00,1,1979.085,1980.2250000000001,1960.1518019649552,,0.26,40.04000000000261,0.08133860941768015,"{'time_exit_bars': 2, 'atr': 9.244099017522434, 'entry_hour_utc': 19, 'exit_reason': 'time_exit', 'signal_time': Timestamp('2023-03-20 19:00:00+0000', tz='UTC')}"
2023-03-21 21:00:00+00:00,2023-03-22 00:00:00+00:00,1,1939.935,1943.2250000000001,1927.5940353827912,,0.41,151.2900000000078,0.29900417953185704,"{'time_exit_bars': 2, 'atr': 6.4679823086044355, 'entry_hour_utc': 19, 'exit_reason': 'time_exit', 'signal_time': Timestamp('2023-03-21 19:00:00+0000', tz='UTC')}"
2023-03-22 21:00:00+00:00,2023-03-23 00:00:00+00:00,1,1969.855,1972.695,1953.3950692685446,,0.3,121.19999999999754,0.24544453229559213,"{'time_exit_bars': 2, 'atr': 8.19746536572772, 'entry_hour_utc': 19, 'exit_reason': 'time_exit', 'signal_time': Timestamp('2023-03-22 19:00:00+0000', tz='UTC')}"
2023-03-23 21:00:00+00:00,2023-03-24 00:00:00+00:00,1,1993.975,1993.515,1978.674509709496,,0.33,-1.979999999993698,-0.0039214429642851194,"{'time_exit_bars': 2, 'atr': 7.647745145252026, 'entry_hour_utc': 19, 'exit_reason': 'time_exit', 'signal_time': Timestamp('2023-03-23 19:00:00+0000', tz='UTC')}"
2023-03-26 22:00:00+00:00,2023-03-27 01:00:00+00:00,1,1978.115,1973.4550000000002,1965.1066687402783,,0.39,-166.13999999999433,-0.327482435290551,"{'time_exit_bars': 2, 'atr': 6.851665629860834, 'entry_hour_utc': 19, 'exit_reason': 'time_exit', 'signal_time': Timestamp('2023-03-24 19:00:00+0000', tz='UTC')}"
2023-03-27 20:00:00+00:00,2023-03-28 00:00:00+00:00,1,1957.075,1957.935,1944.7496649434972,,0.41,51.659999999995904,0.10222845823044203,"{'time_exit_bars': 2, 'atr': 6.090167528251395, 'entry_hour_utc': 19, 'exit_reason': 'time_exit', 'signal_time': Timestamp('2023-03-27 19:00:00+0000', tz='UTC')}"
2023-03-28 20:00:00+00:00,2023-03-29 00:00:00+00:00,1,1973.5049999999999,1971.795,1963.5631815878162,,0.51,-66.80999999999025,-0.13176663922913787,"{'time_exit_bars': 2, 'atr': 4.893409206091868, 'entry_hour_utc': 19, 'exit_reason': 'time_exit', 'signal_time': Timestamp('2023-03-28 19:00:00+0000', tz='UTC')}"
2023-03-29 20:00:00+00:00,2023-03-30 00:00:00+00:00,1,1963.585,1963.025,1953.3229809964384,,0.49,31.36000000000267,0.062365895032735055,"{'time_exit_bars': 2, 'atr': 4.928509501780767, 'entry_hour_utc': 19, 'exit_reason': 'time_exit', 'signal_time': Timestamp('2023-03-29 19:00:00+0000', tz='UTC')}"
2023-03-30 20:00:00+00:00,2023-03-31 00:00:00+00:00,1,1981.5149999999999,1978.2450000000001,1972.0939555212965,,0.53,-152.109999999987,-0.3046371351379877,"{'time_exit_bars': 2, 'atr': 4.648022239351803, 'entry_hour_utc': 19, 'exit_reason': 'time_exit', 'signal_time': Timestamp('2023-03-30 19:00:00+0000', tz='UTC')}"
2023-03-31 20:00:00+00:00,2023-04-02 23:00:00+00:00,1,1971.055,1960.0812626302604,1960.2562626302604,,0.47,-478.16565637776296,-0.9421228632014492,"{'time_exit_bars': 2, 'atr': 5.341868684869839, 'entry_hour_utc': 19, 'exit_reason': 'sl', 'signal_time': Timestamp('2023-03-31 19:00:00+0000', tz='UTC')}"
2023-04-03 20:00:00+00:00,2023-04-04 00:00:00+00:00,1,1985.175,1984.7050000000002,1973.67155582761,,0.43,-3.0099999999913933,-0.006085134065135993,"{'time_exit_bars': 2, 'atr': 5.689222086194931, 'entry_hour_utc': 19, 'exit_reason': 'time_exit', 'signal_time': Timestamp('2023-04-03 19:00:00+0000', tz='UTC')}"
2023-04-04 20:00:00+00:00,2023-04-05 00:00:00+00:00,1,2021.975,2021.4750000000001,2010.3578581522154,,0.43,-4.29999999999022,-0.008607969267315378,"{'time_exit_bars': 2, 'atr': 5.721070923892281, 'entry_hour_utc': 19, 'exit_reason': 'time_exit', 'signal_time': Timestamp('2023-04-04 19:00:00+0000', tz='UTC')}"
2023-04-05 20:00:00+00:00,2023-04-06 00:00:00+00:00,1,2021.235,2020.075,2010.9508275250957,,0.49,1.9600000000071205,0.003889471914026618,"{'time_exit_bars': 2, 'atr': 5.054586237452048, 'entry_hour_utc': 19, 'exit_reason': 'time_exit', 'signal_time': Timestamp('2023-04-05 19:00:00+0000', tz='UTC')}"
2023-04-06 20:00:00+00:00,2023-04-09 23:00:00+00:00,1,2006.665,1996.1554911803332,1996.3304911803332,,0.48,-446.85642334400325,-0.9008177342643078,"{'time_exit_bars': 2, 'atr': 5.034754409833494, 'entry_hour_utc': 19, 'exit_reason': 'sl', 'signal_time': Timestamp('2023-04-06 19:00:00+0000', tz='UTC')}"
2023-04-10 20:00:00+00:00,2023-04-11 00:00:00+00:00,1,1991.7549999999999,1992.2450000000001,1982.037692412919,,0.51,45.390000000012066,0.09158915594927522,"{'time_exit_bars': 2, 'atr': 4.776153793540554, 'entry_hour_utc': 19, 'exit_reason': 'time_exit', 'signal_time': Timestamp('2023-04-10 19:00:00+0000', tz='UTC')}"
2023-04-11 20:00:00+00:00,2023-04-12 00:00:00+00:00,1,2004.2649999999999,2004.535,1995.776152873165,,0.59,39.530000000012336,0.07892708986149798,"{'time_exit_bars': 2, 'atr': 4.181923563417488, 'entry_hour_utc': 19, 'exit_reason': 'time_exit', 'signal_time': Timestamp('2023-04-11 19:00:00+0000', tz='UTC')}"
2023-04-12 20:00:00+00:00,2023-04-13 00:00:00+00:00,1,2013.905,2018.005,1999.9142037012641,,0.35,185.50000000000475,0.3788204678870936,"{'time_exit_bars': 2, 'atr': 6.882898149368029, 'entry_hour_utc': 19, 'exit_reason': 'time_exit', 'signal_time': Timestamp('2023-04-12 19:00:00+0000', tz='UTC')}"
2023-04-13 20:00:00+00:00,2023-04-14 00:00:00+00:00,1,2040.615,2039.565,2028.895725529435,,0.43,-27.94999999999804,-0.0554641843769883,"{'time_exit_bars': 2, 'atr': 5.797137235282507, 'entry_hour_utc': 19, 'exit_reason': 'time_exit', 'signal_time': Timestamp('2023-04-13 19:00:00+0000', tz='UTC')}"
2023-04-14 20:00:00+00:00,2023-04-17 00:00:00+00:00,1,2005.555,2002.695,1991.7158543023102,,0.36,-59.76000000000458,-0.11994960066626244,"{'time_exit_bars': 2, 'atr': 6.822072848844863, 'entry_hour_utc': 19, 'exit_reason': 'time_exit', 'signal_time': Timestamp('2023-04-14 19:00:00+0000', tz='UTC')}"
2023-04-17 20:00:00+00:00,2023-04-18 00:00:00+00:00,1,1996.465,1993.7250000000001,1985.1024880895714,,0.44,-102.95999999999037,-0.20594037818804117,"{'time_exit_bars': 2, 'atr': 5.588755955214266, 'entry_hour_utc': 19, 'exit_reason': 'time_exit', 'signal_time': Timestamp('2023-04-17 19:00:00+0000', tz='UTC')}"
2023-04-18 20:00:00+00:00,2023-04-19 00:00:00+00:00,1,2004.325,2005.535,1995.1242637713665,,0.54,86.94000000000199,0.17498599677160234,"{'time_exit_bars': 2, 'atr': 4.537868114316733, 'entry_hour_utc': 19, 'exit_reason': 'time_exit', 'signal_time': Timestamp('2023-04-18 19:00:00+0000', tz='UTC')}"
2023-04-19 20:00:00+00:00,2023-04-20 00:00:00+00:00,1,1994.625,1993.4850000000001,1981.8631260067023,,0.39,2.340000000004963,0.00470150387252201,"{'time_exit_bars': 2, 'atr': 6.293436996648919, 'entry_hour_utc': 19, 'exit_reason': 'time_exit', 'signal_time': Timestamp('2023-04-19 19:00:00+0000', tz='UTC')}"
2023-04-20 20:00:00+00:00,2023-04-21 00:00:00+00:00,1,2003.2949999999998,2005.085,1992.6029107132233,,0.47,102.93000000000897,0.20482432771195414,"{'time_exit_bars': 2, 'atr': 5.278544643388392, 'entry_hour_utc': 19, 'exit_reason': 'time_exit', 'signal_time': Timestamp('2023-04-20 19:00:00+0000', tz='UTC')}"
2023-04-21 20:00:00+00:00,2023-04-24 00:00:00+00:00,1,1982.885,1984.4750000000001,1969.1316800424356,,0.36,100.44000000000523,0.20286011003951346,"{'time_exit_bars': 2, 'atr': 6.789159978782152, 'entry_hour_utc': 19, 'exit_reason': 'time_exit', 'signal_time': Timestamp('2023-04-21 19:00:00+0000', tz='UTC')}"
2023-04-24 20:00:00+00:00,2023-04-25 00:00:00+00:00,1,1988.925,1994.845,1980.3014524852529,,0.58,366.5600000000042,0.7328770426778852,"{'time_exit_bars': 2, 'atr': 4.214273757373602, 'entry_hour_utc': 19, 'exit_reason': 'time_exit', 'signal_time': Timestamp('2023-04-24 19:00:00+0000', tz='UTC')}"
2023-04-25 20:00:00+00:00,2023-04-26 00:00:00+00:00,1,1999.375,2000.045,1986.2857217071544,,0.38,40.66000000000277,0.08174629464367923,"{'time_exit_bars': 2, 'atr': 6.457139146422824, 'entry_hour_utc': 19, 'exit_reason': 'time_exit', 'signal_time': Timestamp('2023-04-25 19:00:00+0000', tz='UTC')}"
2023-04-26 20:00:00+00:00,2023-04-27 00:00:00+00:00,1,1988.2549999999999,1991.4650000000001,1977.3422177780942,,0.46,202.86000000001212,0.4041132600582728,"{'time_exit_bars': 2, 'atr': 5.383891110952899, 'entry_hour_utc': 19, 'exit_reason': 'time_exit', 'signal_time': Timestamp('2023-04-26 19:00:00+0000', tz='UTC')}"
2023-04-27 20:00:00+00:00,2023-04-28 00:00:00+00:00,1,1988.475,1986.7350000000001,1976.5915072509115,,0.42,-56.279999999990835,-0.1127614606490649,"{'time_exit_bars': 2, 'atr': 5.854246374544195, 'entry_hour_utc': 19, 'exit_reason': 'time_exit', 'signal_time': Timestamp('2023-04-27 19:00:00+0000', tz='UTC')}"
2023-04-28 20:00:00+00:00,2023-05-01 00:00:00+00:00,1,1989.415,1986.7050000000002,1979.436222133741,,0.5,-75.49999999999045,-0.15132113573802888,"{'time_exit_bars': 2, 'atr': 4.866888933129488, 'entry_hour_utc': 19, 'exit_reason': 'time_exit', 'signal_time': Timestamp('2023-04-28 19:00:00+0000', tz='UTC')}"
2023-05-01 20:00:00+00:00,2023-05-02 00:00:00+00:00,1,1980.0049999999999,1981.2450000000001,1969.6030999386949,,0.48,78.72000000001135,0.15766350285377415,"{'time_exit_bars': 2, 'atr': 5.1184500306525775, 'entry_hour_utc': 19, 'exit_reason': 'time_exit', 'signal_time': Timestamp('2023-05-01 19:00:00+0000', tz='UTC')}"
2023-05-02 20:00:00+00:00,2023-05-03 00:00:00+00:00,1,2018.365,2015.765,2007.4884150630264,,0.46,-101.19999999999581,-0.20226937156729083,"{'time_exit_bars': 2, 'atr': 5.340792468486775, 'entry_hour_utc': 19, 'exit_reason': 'time_exit', 'signal_time': Timestamp('2023-05-02 19:00:00+0000', tz='UTC')}"
2023-05-03 20:00:00+00:00,2023-05-04 00:00:00+00:00,1,2035.225,2051.785,2022.5432569682912,,0.4,710.3999999999978,1.4004384062659079,"{'time_exit_bars': 2, 'atr': 6.213371515854381, 'entry_hour_utc': 19, 'exit_reason': 'time_exit', 'signal_time': Timestamp('2023-05-03 19:00:00+0000', tz='UTC')}"
2023-05-04 20:00:00+00:00,2023-05-05 00:00:00+00:00,1,2049.815,2049.765,2035.0314305662394,,0.34,11.899999999993817,0.023674931928180737,"{'time_exit_bars': 2, 'atr': 7.314284716880285, 'entry_hour_utc': 19, 'exit_reason': 'time_exit', 'signal_time': Timestamp('2023-05-04 19:00:00+0000', tz='UTC')}"
2023-05-05 20:00:00+00:00,2023-05-08 00:00:00+00:00,1,2017.835,2015.785,2004.808221725748,,0.39,-33.14999999999823,-0.06525020861681571,"{'time_exit_bars': 2, 'atr': 6.430889137126101, 'entry_hour_utc': 19, 'exit_reason': 'time_exit', 'signal_time': Timestamp('2023-05-05 19:00:00+0000', tz='UTC')}"
2023-05-08 20:00:00+00:00,2023-05-09 00:00:00+00:00,1,2020.555,2021.085,2012.7096431599505,,0.65,60.44999999999823,0.11854145311178658,"{'time_exit_bars': 2, 'atr': 3.835178420024803, 'entry_hour_utc': 19, 'exit_reason': 'time_exit', 'signal_time': Timestamp('2023-05-08 19:00:00+0000', tz='UTC')}"
2023-05-09 20:00:00+00:00,2023-05-10 00:00:00+00:00,1,2034.475,2036.145,2026.4772667797856,,0.63,130.41000000000457,0.2588233369385395,"{'time_exit_bars': 2, 'atr': 3.9263666101071717, 'entry_hour_utc': 19, 'exit_reason': 'time_exit', 'signal_time': Timestamp('2023-05-09 19:00:00+0000', tz='UTC')}"
2023-05-10 20:00:00+00:00,2023-05-11 00:00:00+00:00,1,2031.095,2031.2450000000001,2019.2965915217087,,0.43,58.05000000000391,0.11442221232499672,"{'time_exit_bars': 2, 'atr': 5.816704239145677, 'entry_hour_utc': 19, 'exit_reason': 'time_exit', 'signal_time': Timestamp('2023-05-10 19:00:00+0000', tz='UTC')}"
2023-05-11 20:00:00+00:00,2023-05-12 00:00:00+00:00,1,2014.435,2016.125,2001.7478922525904,,0.4,83.6000000000022,0.16473415703644467,"{'time_exit_bars': 2, 'atr': 6.27105387370482, 'entry_hour_utc': 19, 'exit_reason': 'time_exit', 'signal_time': Timestamp('2023-05-11 19:00:00+0000', tz='UTC')}"
2023-05-12 20:00:00+00:00,2023-05-15 00:00:00+00:00,1,2011.105,2009.395,2000.8469672261347,,0.49,-24.990000000001785,-0.04971713497537035,"{'time_exit_bars': 2, 'atr': 5.046516386932718, 'entry_hour_utc': 19, 'exit_reason': 'time_exit', 'signal_time': Timestamp('2023-05-12 19:00:00+0000', tz='UTC')}"
2023-05-15 20:00:00+00:00,2023-05-16 00:00:00+00:00,1,2015.135,2014.2050000000002,2006.6057540491208,,0.6,-31.799999999990177,-0.06213913903434877,"{'time_exit_bars': 2, 'atr': 4.192122975439634, 'entry_hour_utc': 19, 'exit_reason': 'time_exit', 'signal_time': Timestamp('2023-05-15 19:00:00+0000', tz='UTC')}"
2023-05-16 20:00:00+00:00,2023-05-17 00:00:00+00:00,1,1990.125,1989.4650000000001,1980.1458791219009,,0.51,-13.259999999992576,-0.026054399297884872,"{'time_exit_bars': 2, 'atr': 4.9120604390496245, 'entry_hour_utc': 19, 'exit_reason': 'time_exit', 'signal_time': Timestamp('2023-05-16 19:00:00+0000', tz='UTC')}"
2023-05-17 20:00:00+00:00,2023-05-18 00:00:00+00:00,1,1983.095,1982.575,1974.9945267145279,,0.63,42.84000000000114,0.0839457123103619,"{'time_exit_bars': 2, 'atr': 4.022736642736056, 'entry_hour_utc': 19, 'exit_reason': 'time_exit', 'signal_time': Timestamp('2023-05-17 19:00:00+0000', tz='UTC')}"
2023-05-18 20:00:00+00:00,2023-05-19 00:00:00+00:00,1,1957.565,1958.145,1948.5223481314122,,0.56,54.87999999999593,0.10837528794005932,"{'time_exit_bars': 2, 'atr': 4.388825934293941, 'entry_hour_utc': 19, 'exit_reason': 'time_exit', 'signal_time': Timestamp('2023-05-18 19:00:00+0000', tz='UTC')}"
2023-05-19 20:00:00+00:00,2023-05-22 00:00:00+00:00,1,1976.355,1980.625,1964.5550757496876,,0.43,235.2099999999992,0.4635622978558661,"{'time_exit_bars': 2, 'atr': 5.807462125156204, 'entry_hour_utc': 19, 'exit_reason': 'time_exit', 'signal_time': Timestamp('2023-05-19 19:00:00+0000', tz='UTC')}"
2023-05-22 20:00:00+00:00,2023-05-23 00:00:00+00:00,1,1972.225,1969.625,1963.1622703975386,,0.56,-123.1999999999949,-0.242752470448022,"{'time_exit_bars': 2, 'atr': 4.493864801230766, 'entry_hour_utc': 19, 'exit_reason': 'time_exit', 'signal_time': Timestamp('2023-05-22 19:00:00+0000', tz='UTC')}"
2023-05-23 20:00:00+00:00,2023-05-24 00:00:00+00:00,1,1974.975,1974.775,1964.2864579942243,,0.48,9.60000000000873,0.018711625953484648,"{'time_exit_bars': 2, 'atr': 5.246771002887834, 'entry_hour_utc': 19, 'exit_reason': 'time_exit', 'signal_time': Timestamp('2023-05-23 19:00:00+0000', tz='UTC')}"
2023-05-24 20:00:00+00:00,2023-05-25 00:00:00+00:00,1,1959.175,1959.615,1948.4501228893787,,0.47,77.08000000000256,0.15291550505281765,"{'time_exit_bars': 2, 'atr': 5.274938555310704, 'entry_hour_utc': 19, 'exit_reason': 'time_exit', 'signal_time': Timestamp('2023-05-24 19:00:00+0000', tz='UTC')}"
2023-05-25 20:00:00+00:00,2023-05-26 00:00:00+00:00,1,1940.385,1940.285,1930.2467954997494,,0.5,15.000000000004547,0.0295910385308045,"{'time_exit_bars': 2, 'atr': 4.971602250125348, 'entry_hour_utc': 19, 'exit_reason': 'time_exit', 'signal_time': Timestamp('2023-05-25 19:00:00+0000', tz='UTC')}"
2023-05-26 20:00:00+00:00,2023-05-29 00:00:00+00:00,1,1947.585,1943.525,1938.3320141480167,,0.55,-157.29999999999703,-0.3090894167299431,"{'time_exit_bars': 2, 'atr': 4.52399292599172, 'entry_hour_utc': 19, 'exit_reason': 'time_exit', 'signal_time': Timestamp('2023-05-26 19:00:00+0000', tz='UTC')}"
2023-05-30 20:00:00+00:00,2023-05-31 00:00:00+00:00,1,1960.335,1958.365,1950.331576376021,,0.51,-80.07000000000139,-0.15694626749952073,"{'time_exit_bars': 2, 'atr': 4.929211811989459, 'entry_hour_utc': 19, 'exit_reason': 'time_exit', 'signal_time': Timestamp('2023-05-30 19:00:00+0000', tz='UTC')}"
2023-05-31 20:00:00+00:00,2023-06-01 00:00:00+00:00,1,1963.305,1966.065,1952.7005059010278,,0.48,190.07999999999956,0.3734265833938998,"{'time_exit_bars': 2, 'atr': 5.2247470494861785, 'entry_hour_utc': 19, 'exit_reason': 'time_exit', 'signal_time': Timestamp('2023-05-31 19:00:00+0000', tz='UTC')}"
2023-06-01 20:00:00+00:00,2023-06-02 00:00:00+00:00,1,1978.305,1976.855,1969.0772140275312,,0.55,-57.7500000000025,-0.11378677432839554,"{'time_exit_bars': 2, 'atr': 4.531392986234476, 'entry_hour_utc': 19, 'exit_reason': 'time_exit', 'signal_time': Timestamp('2023-06-01 19:00:00+0000', tz='UTC')}"
2023-06-02 20:00:00+00:00,2023-06-05 00:00:00+00:00,1,1948.815,1949.2150000000001,1938.8433442166952,,0.51,81.60000000000463,0.16045479655233433,"{'time_exit_bars': 2, 'atr': 4.878327891652321, 'entry_hour_utc': 19, 'exit_reason': 'time_exit', 'signal_time': Timestamp('2023-06-02 19:00:00+0000', tz='UTC')}"
2023-06-05 20:00:00+00:00,2023-06-06 00:00:00+00:00,1,1961.2849999999999,1961.075,1951.7499361660532,,0.53,10.070000000010124,0.01992645285957653,"{'time_exit_bars': 2, 'atr': 4.66503191697338, 'entry_hour_utc': 19, 'exit_reason': 'time_exit', 'signal_time': Timestamp('2023-06-05 19:00:00+0000', tz='UTC')}"
2023-06-06 20:00:00+00:00,2023-06-07 00:00:00+00:00,1,1963.055,1963.175,1955.011254959137,,0.63,32.75999999999312,0.06464650450234749,"{'time_exit_bars': 2, 'atr': 3.969372520431569, 'entry_hour_utc': 19, 'exit_reason': 'time_exit', 'signal_time': Timestamp('2023-06-06 19:00:00+0000', tz='UTC')}"
2023-06-07 20:00:00+00:00,2023-06-08 00:00:00+00:00,1,1940.345,1944.275,1929.9169005898905,,0.49,251.37000000000313,0.49194007443262094,"{'time_exit_bars': 2, 'atr': 5.126549705054851, 'entry_hour_utc': 19, 'exit_reason': 'time_exit', 'signal_time': Timestamp('2023-06-07 19:00:00+0000', tz='UTC')}"
2023-06-08 20:00:00+00:00,2023-06-09 00:00:00+00:00,1,1965.105,1965.125,1957.1397671729042,,0.64,26.879999999998837,0.0527291554581104,"{'time_exit_bars': 2, 'atr': 3.930116413547923, 'entry_hour_utc': 19, 'exit_reason': 'time_exit', 'signal_time': Timestamp('2023-06-08 19:00:00+0000', tz='UTC')}"
2023-06-09 20:00:00+00:00,2023-06-12 00:00:00+00:00,1,1960.2949999999998,1959.815,1953.2258071387137,,0.72,51.84000000001507,0.1018503829402118,"{'time_exit_bars': 2, 'atr': 3.4670964306432603, 'entry_hour_utc': 19, 'exit_reason': 'time_exit', 'signal_time': Timestamp('2023-06-09 19:00:00+0000', tz='UTC')}"
2023-06-12 20:00:00+00:00,2023-06-13 00:00:00+00:00,1,1958.145,1959.775,1949.9178398801732,,0.62,125.86000000000676,0.24674370869578474,"{'time_exit_bars': 2, 'atr': 4.041080059913374, 'entry_hour_utc': 19, 'exit_reason': 'time_exit', 'signal_time': Timestamp('2023-06-12 19:00:00+0000', tz='UTC')}"
2023-06-13 20:00:00+00:00,2023-06-14 00:00:00+00:00,1,1943.715,1943.7450000000001,1933.095954133163,,0.48,20.640000000009604,0.04049328022427008,"{'time_exit_bars': 2, 'atr': 5.222022933418477, 'entry_hour_utc': 19, 'exit_reason': 'time_exit', 'signal_time': Timestamp('2023-06-13 19:00:00+0000', tz='UTC')}"
2023-06-14 20:00:00+00:00,2023-06-15 00:00:00+00:00,1,1945.075,1945.015,1935.5386281624792,,0.54,61.560000000002944,0.11954231854872999,"{'time_exit_bars': 2, 'atr': 4.700685918760469, 'entry_hour_utc': 19, 'exit_reason': 'time_exit', 'signal_time': Timestamp('2023-06-14 19:00:00+0000', tz='UTC')}"
2023-06-15 20:00:00+00:00,2023-06-16 00:00:00+00:00,1,1958.855,1958.015,1947.6715120134893,,0.46,-20.23999999999624,-0.0393437182148035,"{'time_exit_bars': 2, 'atr': 5.504243993255347, 'entry_hour_utc': 19, 'exit_reason': 'time_exit', 'signal_time': Timestamp('2023-06-15 19:00:00+0000', tz='UTC')}"
2023-06-16 20:00:00+00:00,2023-06-19 00:00:00+00:00,1,1955.585,1956.815,1946.8761453800075,,0.59,143.37000000000108,0.27902635949641214,"{'time_exit_bars': 2, 'atr': 4.281927309996239, 'entry_hour_utc': 19, 'exit_reason': 'time_exit', 'signal_time': Timestamp('2023-06-16 19:00:00+0000', tz='UTC')}"
2023-06-20 20:00:00+00:00,2023-06-21 00:00:00+00:00,1,1936.385,1937.025,1927.463871051284,,0.57,59.28000000000569,0.11657717380598931,"{'time_exit_bars': 2, 'atr': 4.3380644743580286, 'entry_hour_utc': 19, 'exit_reason': 'time_exit', 'signal_time': Timestamp('2023-06-20 19:00:00+0000', tz='UTC')}"
2023-06-21 20:00:00+00:00,2023-06-22 00:00:00+00:00,1,1933.675,1933.665,1925.199413610613,,0.61,72.59000000000056,0.14040326478060686,"{'time_exit_bars': 2, 'atr': 4.165293194693548, 'entry_hour_utc': 19, 'exit_reason': 'time_exit', 'signal_time': Timestamp('2023-06-21 19:00:00+0000', tz='UTC')}"
2023-06-22 20:00:00+00:00,2023-06-23 00:00:00+00:00,1,1914.0449999999998,1914.265,1905.586584440263,,0.61,37.82000000001553,0.07329978003818374,"{'time_exit_bars': 2, 'atr': 4.181707779868485, 'entry_hour_utc': 19, 'exit_reason': 'time_exit', 'signal_time': Timestamp('2023-06-22 19:00:00+0000', tz='UTC')}"
2023-06-23 20:00:00+00:00,2023-06-26 00:00:00+00:00,1,1919.185,1925.145,1910.3127784474368,,0.58,415.280000000002,0.8070132105674878,"{'time_exit_bars': 2, 'atr': 4.3786107762815645, 'entry_hour_utc': 19, 'exit_reason': 'time_exit', 'signal_time': Timestamp('2023-06-23 19:00:00+0000', tz='UTC')}"
2023-06-26 20:00:00+00:00,2023-06-27 00:00:00+00:00,1,1923.115,1922.285,1915.8993799777304,,0.72,-30.959999999994764,-0.0595929384686023,"{'time_exit_bars': 2, 'atr': 3.5353100111347815, 'entry_hour_utc': 19, 'exit_reason': 'time_exit', 'signal_time': Timestamp('2023-06-26 19:00:00+0000', tz='UTC')}"
2023-06-27 20:00:00+00:00,2023-06-28 00:00:00+00:00,1,1913.955,1915.2150000000001,1905.1094164660344,,0.58,96.28000000001266,0.187664272642512,"{'time_exit_bars': 2, 'atr': 4.350291766982748, 'entry_hour_utc': 19, 'exit_reason': 'time_exit', 'signal_time': Timestamp('2023-06-27 19:00:00+0000', tz='UTC')}"
2023-06-28 20:00:00+00:00,2023-06-29 00:00:00+00:00,1,1909.5249999999999,1909.4650000000001,1902.3135874986187,,0.72,82.0800000000203,0.1580827611486586,"{'time_exit_bars': 2, 'atr': 3.523206250690587, 'entry_hour_utc': 19, 'exit_reason': 'time_exit', 'signal_time': Timestamp('2023-06-28 19:00:00+0000', tz='UTC')}"
2023-06-29 20:00:00+00:00,2023-06-30 00:00:00+00:00,1,1907.875,1908.505,1898.630283138297,,0.56,57.68000000000612,0.11141498603023463,"{'time_exit_bars': 2, 'atr': 4.539858430851515, 'entry_hour_utc': 19, 'exit_reason': 'time_exit', 'signal_time': Timestamp('2023-06-29 19:00:00+0000', tz='UTC')}"
2023-06-30 20:00:00+00:00,2023-06-30 21:00:00+00:00,1,1920.245,1918.9950000000001,1912.8111440386233,,0.7,-87.49999999998408,-0.16814961259597758,"{'time_exit_bars': 2, 'atr': 3.6444279806883233, 'entry_hour_utc': 19, 'exit_reason': 'end_of_data', 'signal_time': Timestamp('2023-06-30 19:00:00+0000', tz='UTC')}"
2023-07-03 20:00:00+00:00,2023-07-04 00:00:00+00:00,1,1921.425,1921.035,1913.7372778402282,,0.65,0.6500000000082764,0.0013007754172562663,"{'time_exit_bars': 2, 'atr': 3.771361079885926, 'entry_hour_utc': 19, 'exit_reason': 'time_exit', 'signal_time': Timestamp('2023-07-03 19:00:00+0000', tz='UTC')}"
2023-07-05 20:00:00+00:00,2023-07-06 00:00:00+00:00,1,1916.0149999999999,1916.555,1908.3232582485825,,0.65,113.10000000001241,0.22621664328233135,"{'time_exit_bars': 2, 'atr': 3.773370875708643, 'entry_hour_utc': 19, 'exit_reason': 'time_exit', 'signal_time': Timestamp('2023-07-05 19:00:00+0000', tz='UTC')}"
2023-07-06 20:00:00+00:00,2023-07-07 00:00:00+00:00,1,1910.405,1911.285,1901.0364207967132,,0.53,67.84000000000579,0.13662690705022207,"{'time_exit_bars': 2, 'atr': 4.57178960164347, 'entry_hour_utc': 19, 'exit_reason': 'time_exit', 'signal_time': Timestamp('2023-07-06 19:00:00+0000', tz='UTC')}"
2023-07-07 20:00:00+00:00,2023-07-10 00:00:00+00:00,1,1924.955,1924.675,1916.2158377966452,,0.57,52.44000000000155,0.10527324915045849,"{'time_exit_bars': 2, 'atr': 4.262081101677431, 'entry_hour_utc': 19, 'exit_reason': 'time_exit', 'signal_time': Timestamp('2023-07-07 19:00:00+0000', tz='UTC')}"
2023-07-10 20:00:00+00:00,2023-07-11 00:00:00+00:00,1,1926.0149999999999,1924.625,1918.8027166667375,,0.69,-68.3099999999912,-0.13726582196710008,"{'time_exit_bars': 2, 'atr': 3.5386416666312397, 'entry_hour_utc': 19, 'exit_reason': 'time_exit', 'signal_time': Timestamp('2023-07-10 19:00:00+0000', tz='UTC')}"
2023-07-11 20:00:00+00:00,2023-07-12 00:00:00+00:00,1,1932.695,1933.085,1925.1365875002125,,0.66,52.14000000000661,0.104519302171232,"{'time_exit_bars': 2, 'atr': 3.6917062498937256, 'entry_hour_utc': 19, 'exit_reason': 'time_exit', 'signal_time': Timestamp('2023-07-11 19:00:00+0000', tz='UTC')}"
2023-07-12 20:00:00+00:00,2023-07-13 00:00:00+00:00,1,1958.855,1957.575,1949.914042939698,,0.56,-4.479999999998469,-0.008947587988670002,"{'time_exit_bars': 2, 'atr': 4.392978530151075, 'entry_hour_utc': 19, 'exit_reason': 'time_exit', 'signal_time': Timestamp('2023-07-12 19:00:00+0000', tz='UTC')}"
2023-07-13 20:00:00+00:00,2023-07-14 00:00:00+00:00,1,1960.165,1959.885,1952.1073764067269,,0.62,7.440000000001692,0.014892728434250678,"{'time_exit_bars': 2, 'atr': 3.9363117966366, 'entry_hour_utc': 19, 'exit_reason': 'time_exit', 'signal_time': Timestamp('2023-07-13 19:00:00+0000', tz='UTC')}"
2023-07-14 20:00:00+00:00,2023-07-17 00:00:00+00:00,1,1954.565,1953.085,1946.976849383548,,0.66,-18.480000000001212,-0.03689963657191257,"{'time_exit_bars': 2, 'atr': 3.7065753082261037, 'entry_hour_utc': 19, 'exit_reason': 'time_exit', 'signal_time': Timestamp('2023-07-14 19:00:00+0000', tz='UTC')}"
2023-07-17 20:00:00+00:00,2023-07-18 00:00:00+00:00,1,1955.435,1955.2050000000002,1948.0528978704663,,0.67,11.390000000014016,0.023028670833486285,"{'time_exit_bars': 2, 'atr': 3.633551064766814, 'entry_hour_utc': 19, 'exit_reason': 'time_exit', 'signal_time': Timestamp('2023-07-17 19:00:00+0000', tz='UTC')}"
2023-07-18 20:00:00+00:00,2023-07-19 00:00:00+00:00,1,1977.825,1977.305,1968.4450520510163,,0.53,-6.359999999999033,-0.012793247963916813,"{'time_exit_bars': 2, 'atr': 4.622473974491918, 'entry_hour_utc': 19, 'exit_reason': 'time_exit', 'signal_time': Timestamp('2023-07-18 19:00:00+0000', tz='UTC')}"
2023-07-19 20:00:00+00:00,2023-07-20 00:00:00+00:00,1,1978.5349999999999,1977.515,1971.2117912338822,,0.68,12.240000000016707,0.024579389410971448,"{'time_exit_bars': 2, 'atr': 3.619104383058969, 'entry_hour_utc': 19, 'exit_reason': 'time_exit', 'signal_time': Timestamp('2023-07-19 19:00:00+0000', tz='UTC')}"
2023-07-20 20:00:00+00:00,2023-07-21 00:00:00+00:00,1,1968.985,1971.9950000000001,1960.218356761957,,0.57,194.37000000001245,0.3889744235515948,"{'time_exit_bars': 2, 'atr': 4.320821619021441, 'entry_hour_utc': 19, 'exit_reason': 'time_exit', 'signal_time': Timestamp('2023-07-20 19:00:00+0000', tz='UTC')}"
2023-07-21 20:00:00+00:00,2023-07-24 00:00:00+00:00,1,1962.575,1960.9750000000001,1955.3476375410119,,0.69,-27.599999999993727,-0.05534522479946418,"{'time_exit_bars': 2, 'atr': 3.5261812294940773, 'entry_hour_utc': 19, 'exit_reason': 'time_exit', 'signal_time': Timestamp('2023-07-21 19:00:00+0000', tz='UTC')}"
2023-07-24 20:00:00+00:00,2023-07-25 00:00:00+00:00,1,1954.485,1954.195,1946.9960186311612,,0.67,7.370000000002438,0.014688245915224319,"{'time_exit_bars': 2, 'atr': 3.6719906844193577, 'entry_hour_utc': 19, 'exit_reason': 'time_exit', 'signal_time': Timestamp('2023-07-24 19:00:00+0000', tz='UTC')}"
2023-07-25 20:00:00+00:00,2023-07-26 00:00:00+00:00,1,1964.5349999999999,1965.085,1956.4991598871432,,0.62,58.900000000011275,0.11822037106988448,"{'time_exit_bars': 2, 'atr': 3.960420056428467, 'entry_hour_utc': 19, 'exit_reason': 'time_exit', 'signal_time': Timestamp('2023-07-25 19:00:00+0000', tz='UTC')}"
2023-07-26 20:00:00+00:00,2023-07-27 00:00:00+00:00,1,1974.995,1971.815,1966.2522484041513,,0.57,-112.85999999999065,-0.22647332230507503,"{'time_exit_bars': 2, 'atr': 4.273875797924348, 'entry_hour_utc': 19, 'exit_reason': 'time_exit', 'signal_time': Timestamp('2023-07-26 19:00:00+0000', tz='UTC')}"
2023-07-27 20:00:00+00:00,2023-07-28 00:00:00+00:00,1,1944.475,1947.275,1932.7107903010226,,0.42,134.40000000000762,0.2720114722435086,"{'time_exit_bars': 2, 'atr': 5.779604849488739, 'entry_hour_utc': 19, 'exit_reason': 'time_exit', 'signal_time': Timestamp('2023-07-27 19:00:00+0000', tz='UTC')}"
2023-07-28 20:00:00+00:00,2023-07-31 00:00:00+00:00,1,1959.245,1957.815,1950.8369491931508,,0.59,-13.569999999990344,-0.02735473479923315,"{'time_exit_bars': 2, 'atr': 4.136525403424604, 'entry_hour_utc': 19, 'exit_reason': 'time_exit', 'signal_time': Timestamp('2023-07-28 19:00:00+0000', tz='UTC')}"
2023-07-31 20:00:00+00:00,2023-08-01 00:00:00+00:00,1,1964.725,1963.7150000000001,1956.6113941337155,,0.61,-37.20999999998558,-0.07518235542283151,"{'time_exit_bars': 2, 'atr': 3.9693029331422274, 'entry_hour_utc': 19, 'exit_reason': 'time_exit', 'signal_time': Timestamp('2023-07-31 19:00:00+0000', tz='UTC')}"
2023-08-01 20:00:00+00:00,2023-08-02 00:00:00+00:00,1,1944.585,1951.9750000000001,1937.1863353412482,,0.67,521.9300000000067,1.0528926987906324,"{'time_exit_bars': 2, 'atr': 3.6268323293759273, 'entry_hour_utc': 19, 'exit_reason': 'time_exit', 'signal_time': Timestamp('2023-08-01 19:00:00+0000', tz='UTC')}"
2023-08-02 20:00:00+00:00,2023-08-03 00:00:00+00:00,1,1935.435,1935.865,1927.6673262495856,,0.64,104.32000000000407,0.20984403469740381,"{'time_exit_bars': 2, 'atr': 3.7963368752071607, 'entry_hour_utc': 19, 'exit_reason': 'time_exit', 'signal_time': Timestamp('2023-08-02 19:00:00+0000', tz='UTC')}"
2023-08-03 20:00:00+00:00,2023-08-04 00:00:00+00:00,1,1934.465,1935.515,1926.0264871806178,,0.59,85.55000000001073,0.17183122560052586,"{'time_exit_bars': 2, 'atr': 4.131756409691122, 'entry_hour_utc': 19, 'exit_reason': 'time_exit', 'signal_time': Timestamp('2023-08-03 19:00:00+0000', tz='UTC')}"
2023-08-04 20:00:00+00:00,2023-08-07 00:00:00+00:00,1,1941.5249999999999,1943.625,1933.7777349653416,,0.65,214.50000000000887,0.425956771226645,"{'time_exit_bars': 2, 'atr': 3.791132517329123, 'entry_hour_utc': 19, 'exit_reason': 'time_exit', 'signal_time': Timestamp('2023-08-04 19:00:00+0000', tz='UTC')}"
2023-08-07 20:00:00+00:00,2023-08-08 00:00:00+00:00,1,1936.845,1936.545,1930.4677453457957,,0.79,7.9000000000035975,0.015680728686930972,"{'time_exit_bars': 2, 'atr': 3.116127327102212, 'entry_hour_utc': 19, 'exit_reason': 'time_exit', 'signal_time': Timestamp('2023-08-07 19:00:00+0000', tz='UTC')}"
2023-08-08 20:00:00+00:00,2023-08-09 00:00:00+00:00,1,1924.995,1925.435,1917.4220925406294,,0.66,55.44000000000361,0.11092173045910651,"{'time_exit_bars': 2, 'atr': 3.7139537296853287, 'entry_hour_utc': 19, 'exit_reason': 'time_exit', 'signal_time': Timestamp('2023-08-08 19:00:00+0000', tz='UTC')}"
2023-08-09 20:00:00+00:00,2023-08-10 00:00:00+00:00,1,1915.685,1916.4950000000001,1909.3470563657575,,0.8,160.80000000001382,0.31713756322170367,"{'time_exit_bars': 2, 'atr': 3.101471817121246, 'entry_hour_utc': 19, 'exit_reason': 'time_exit', 'signal_time': Timestamp('2023-08-09 19:00:00+0000', tz='UTC')}"
2023-08-10 20:00:00+00:00,2023-08-11 00:00:00+00:00,1,1913.485,1912.2050000000002,1905.1371566428527,,0.6,-52.79999999998472,-0.10541644857845969,"{'time_exit_bars': 2, 'atr': 4.106421678573612, 'entry_hour_utc': 19, 'exit_reason': 'time_exit', 'signal_time': Timestamp('2023-08-10 19:00:00+0000', tz='UTC')}"
2023-08-11 20:00:00+00:00,2023-08-14 00:00:00+00:00,1,1913.7749999999999,1913.4650000000001,1907.820725449749,,0.85,75.65000000002397,0.14947244916054298,"{'time_exit_bars': 2, 'atr': 2.9146372751255814, 'entry_hour_utc': 19, 'exit_reason': 'time_exit', 'signal_time': Timestamp('2023-08-11 19:00:00+0000', tz='UTC')}"
2023-08-14 20:00:00+00:00,2023-08-15 00:00:00+00:00,1,1907.7549999999999,1907.425,1900.9881549752865,,0.75,5.2500000000054605,0.01034455492100443,"{'time_exit_bars': 2, 'atr': 3.3109225123566675, 'entry_hour_utc': 19, 'exit_reason': 'time_exit', 'signal_time': Timestamp('2023-08-14 19:00:00+0000', tz='UTC')}"
2023-08-15 20:00:00+00:00,2023-08-16 00:00:00+00:00,1,1902.815,1901.255,1895.602504674923,,0.7,-81.19999999999617,-0.1608319933278507,"{'time_exit_bars': 2, 'atr': 3.5237476625385513, 'entry_hour_utc': 19, 'exit_reason': 'time_exit', 'signal_time': Timestamp('2023-08-15 19:00:00+0000', tz='UTC')}"
2023-08-16 20:00:00+00:00,2023-08-17 00:00:00+00:00,1,1892.385,1893.125,1886.0131697783236,,0.79,153.26000000000073,0.30446511167235685,"{'time_exit_bars': 2, 'atr': 3.1034151108381725, 'entry_hour_utc': 19, 'exit_reason': 'time_exit', 'signal_time': Timestamp('2023-08-16 19:00:00+0000', tz='UTC')}"
2023-08-17 20:00:00+00:00,2023-08-18 00:00:00+00:00,1,1889.235,1891.095,1882.2433694745598,,0.72,162.72000000000918,0.3232436256144803,"{'time_exit_bars': 2, 'atr': 3.438315262720068, 'entry_hour_utc': 19, 'exit_reason': 'time_exit', 'signal_time': Timestamp('2023-08-17 19:00:00+0000', tz='UTC')}"
2023-08-18 20:00:00+00:00,2023-08-21 00:00:00+00:00,1,1889.425,1889.675,1883.5193020499537,,0.86,124.7,0.24552559447925063,"{'time_exit_bars': 2, 'atr': 2.8803489750231743, 'entry_hour_utc': 19, 'exit_reason': 'time_exit', 'signal_time': Timestamp('2023-08-18 19:00:00+0000', tz='UTC')}"
2023-08-21 20:00:00+00:00,2023-08-22 00:00:00+00:00,1,1894.485,1894.505,1886.554470402957,,0.64,26.88000000001339,0.05295989313964749,"{'time_exit_bars': 2, 'atr': 3.892764798521464, 'entry_hour_utc': 19, 'exit_reason': 'time_exit', 'signal_time': Timestamp('2023-08-21 19:00:00+0000', tz='UTC')}"
2023-08-22 20:00:00+00:00,2023-08-23 00:00:00+00:00,1,1897.7549999999999,1898.315,1890.7860561660107,,0.73,70.08000000001262,0.13775401594112754,"{'time_exit_bars': 2, 'atr': 3.411971916994654, 'entry_hour_utc': 19, 'exit_reason': 'time_exit', 'signal_time': Timestamp('2023-08-22 19:00:00+0000', tz='UTC')}"
2023-08-23 20:00:00+00:00,2023-08-24 00:00:00+00:00,1,1917.0049999999999,1917.7050000000002,1910.383971272599,,0.77,146.300000000021,0.28696447005843373,"{'time_exit_bars': 2, 'atr': 3.228014363700505, 'entry_hour_utc': 19, 'exit_reason': 'time_exit', 'signal_time': Timestamp('2023-08-23 19:00:00+0000', tz='UTC')}"
2023-08-24 20:00:00+00:00,2023-08-25 00:00:00+00:00,1,1916.935,1915.7050000000002,1911.1957516107234,,0.89,-73.86999999998139,-0.14461823982920774,"{'time_exit_bars': 2, 'atr': 2.7971241946382817, 'entry_hour_utc': 19, 'exit_reason': 'time_exit', 'signal_time': Timestamp('2023-08-24 19:00:00+0000', tz='UTC')}"
2023-08-25 20:00:00+00:00,2023-08-28 00:00:00+00:00,1,1914.5249999999999,1914.825,1907.0631783180263,,0.68,102.00000000001238,0.20102329751780537,"{'time_exit_bars': 2, 'atr': 3.6434108409867627, 'entry_hour_utc': 19, 'exit_reason': 'time_exit', 'signal_time': Timestamp('2023-08-25 19:00:00+0000', tz='UTC')}"
2023-08-28 20:00:00+00:00,2023-08-29 00:00:00+00:00,1,1919.885,1921.065,1914.2652181223386,,0.9,142.20000000000573,0.2811497019627341,"{'time_exit_bars': 2, 'atr': 2.7223909388307392, 'entry_hour_utc': 19, 'exit_reason': 'time_exit', 'signal_time': Timestamp('2023-08-28 19:00:00+0000', tz='UTC')}"
2023-08-29 20:00:00+00:00,2023-08-30 00:00:00+00:00,1,1938.2649999999999,1936.045,1931.3574058428035,,0.74,-134.6799999999852,-0.26347813125409314,"{'time_exit_bars': 2, 'atr': 3.366297078598195, 'entry_hour_utc': 19, 'exit_reason': 'time_exit', 'signal_time': Timestamp('2023-08-29 19:00:00+0000', tz='UTC')}"
2023-08-30 20:00:00+00:00,2023-08-31 00:00:00+00:00,1,1943.615,1944.055,1938.7723109631193,,1.05,172.20000000000573,0.33865482328314056,"{'time_exit_bars': 2, 'atr': 2.3338445184404337, 'entry_hour_utc': 19, 'exit_reason': 'time_exit', 'signal_time': Timestamp('2023-08-30 19:00:00+0000', tz='UTC')}"
2023-08-31 20:00:00+00:00,2023-09-01 00:00:00+00:00,1,1940.235,1939.655,1935.080858823173,,0.99,-17.819999999992795,-0.034923374006364076,"{'time_exit_bars': 2, 'atr': 2.5045705884134417, 'entry_hour_utc': 19, 'exit_reason': 'time_exit', 'signal_time': Timestamp('2023-08-31 19:00:00+0000', tz='UTC')}"
2023-09-01 20:00:00+00:00,2023-09-04 00:00:00+00:00,1,1940.705,1940.385,1933.8093876674473,,0.74,65.12000000000471,0.1276173829908878,"{'time_exit_bars': 2, 'atr': 3.375306166276397, 'entry_hour_utc': 19, 'exit_reason': 'time_exit', 'signal_time': Timestamp('2023-09-01 19:00:00+0000', tz='UTC')}"
2023-09-05 20:00:00+00:00,2023-09-06 00:00:00+00:00,1,1926.085,1926.405,1920.3456510255082,,0.89,64.07999999999433,0.1254497684667605,"{'time_exit_bars': 2, 'atr': 2.7821744872459657, 'entry_hour_utc': 19, 'exit_reason': 'time_exit', 'signal_time': Timestamp('2023-09-05 19:00:00+0000', tz='UTC')}"
2023-09-06 20:00:00+00:00,2023-09-07 00:00:00+00:00,1,1916.905,1916.895,1910.4244966276806,,0.79,94.01000000000072,0.18362771094031613,"{'time_exit_bars': 2, 'atr': 3.152751686159681, 'entry_hour_utc': 19, 'exit_reason': 'time_exit', 'signal_time': Timestamp('2023-09-06 19:00:00+0000', tz='UTC')}"
2023-09-07 20:00:00+00:00,2023-09-08 00:00:00+00:00,1,1918.995,1920.075,1913.2686970564985,,0.89,131.72000000001375,0.2584564621541292,"{'time_exit_bars': 2, 'atr': 2.7756514717507, 'entry_hour_utc': 19, 'exit_reason': 'time_exit', 'signal_time': Timestamp('2023-09-07 19:00:00+0000', tz='UTC')}"
2023-09-08 20:00:00+00:00,2023-09-11 00:00:00+00:00,1,1919.395,1918.645,1913.598391337793,,0.88,39.60000000000001,0.07763159913380495,"{'time_exit_bars': 2, 'atr': 2.810804331103513, 'entry_hour_utc': 19, 'exit_reason': 'time_exit', 'signal_time': Timestamp('2023-09-08 19:00:00+0000', tz='UTC')}"
2023-09-11 20:00:00+00:00,2023-09-12 00:00:00+00:00,1,1922.935,1921.415,1917.2918089534335,,0.91,-101.91999999999834,-0.19846926867404777,"{'time_exit_bars': 2, 'atr': 2.7290955232832297, 'entry_hour_utc': 19, 'exit_reason': 'time_exit', 'signal_time': Timestamp('2023-09-11 19:00:00+0000', tz='UTC')}"
2023-09-12 20:00:00+00:00,2023-09-13 00:00:00+00:00,1,1913.095,1912.7150000000001,1907.5397003640064,,0.92,1.8400000000108818,0.003600165843537103,"{'time_exit_bars': 2, 'atr': 2.730149817996747, 'entry_hour_utc': 19, 'exit_reason': 'time_exit', 'signal_time': Timestamp('2023-09-12 19:00:00+0000', tz='UTC')}"
2023-09-13 20:00:00+00:00,2023-09-14 00:00:00+00:00,1,1909.0049999999999,1909.025,1902.8655583743805,,0.83,101.26000000001736,0.1987151396487345,"{'time_exit_bars': 2, 'atr': 2.997220812809705, 'entry_hour_utc': 19, 'exit_reason': 'time_exit', 'signal_time': Timestamp('2023-09-13 19:00:00+0000', tz='UTC')}"
2023-09-14 20:00:00+00:00,2023-09-15 00:00:00+00:00,1,1909.605,1909.565,1902.9457112098276,,0.77,27.720000000002806,0.05405982700905104,"{'time_exit_bars': 2, 'atr': 3.2571443950862324, 'entry_hour_utc': 19, 'exit_reason': 'time_exit', 'signal_time': Timestamp('2023-09-14 19:00:00+0000', tz='UTC')}"
2023-09-15 20:00:00+00:00,2023-09-18 00:00:00+00:00,1,1922.625,1923.065,1916.4261545412626,,0.82,134.48000000000445,0.2645653954299561,"{'time_exit_bars': 2, 'atr': 3.026922729368715, 'entry_hour_utc': 19, 'exit_reason': 'time_exit', 'signal_time': Timestamp('2023-09-15 19:00:00+0000', tz='UTC')}"
2023-09-18 20:00:00+00:00,2023-09-19 00:00:00+00:00,1,1933.495,1933.925,1928.0404898495738,,0.94,78.02000000000598,0.1521676515599151,"{'time_exit_bars': 2, 'atr': 2.6297550752131422, 'entry_hour_utc': 19, 'exit_reason': 'time_exit', 'signal_time': Timestamp('2023-09-18 19:00:00+0000', tz='UTC')}"
2023-09-19 20:00:00+00:00,2023-09-20 00:00:00+00:00,1,1932.145,1931.2050000000002,1927.6223499960688,,1.13,-61.01999999998046,-0.11939902480414107,"{'time_exit_bars': 2, 'atr': 2.1888250019655993, 'entry_hour_utc': 19, 'exit_reason': 'time_exit', 'signal_time': Timestamp('2023-09-19 19:00:00+0000', tz='UTC')}"
2023-09-20 20:00:00+00:00,2023-09-21 00:00:00+00:00,1,1933.185,1929.285,1925.7340714832894,,0.69,-186.29999999999058,-0.3623709439628171,"{'time_exit_bars': 2, 'atr': 3.6529642583553112, 'entry_hour_utc': 19, 'exit_reason': 'time_exit', 'signal_time': Timestamp('2023-09-20 19:00:00+0000', tz='UTC')}"
2023-09-21 20:00:00+00:00,2023-09-22 00:00:00+00:00,1,1919.905,1921.2050000000002,1913.194789455818,,0.76,129.20000000001383,0.25334525478848646,"{'time_exit_bars': 2, 'atr': 3.272605272091077, 'entry_hour_utc': 19, 'exit_reason': 'time_exit', 'signal_time': Timestamp('2023-09-21 19:00:00+0000', tz='UTC')}"
2023-09-22 20:00:00+00:00,2023-09-25 00:00:00+00:00,1,1925.615,1924.575,1920.9602407107159,,1.1,17.600000000003988,0.03437342084871658,"{'time_exit_bars': 2, 'atr': 2.244879644642129, 'entry_hour_utc': 19, 'exit_reason': 'time_exit', 'signal_time': Timestamp('2023-09-22 19:00:00+0000', tz='UTC')}"
2023-09-25 20:00:00+00:00,2023-09-26 00:00:00+00:00,1,1915.745,1916.035,1910.0483352041879,,0.9,62.100000000017204,0.12112350379250943,"{'time_exit_bars': 2, 'atr': 2.745832397906051, 'entry_hour_utc': 19, 'exit_reason': 'time_exit', 'signal_time': Timestamp('2023-09-25 19:00:00+0000', tz='UTC')}"
2023-09-26 20:00:00+00:00,2023-09-27 00:00:00+00:00,1,1900.705,1901.365,1894.7547615736214,,0.86,91.16000000000705,0.17814412197348328,"{'time_exit_bars': 2, 'atr': 2.892619213189277, 'entry_hour_utc': 19, 'exit_reason': 'time_exit', 'signal_time': Timestamp('2023-09-26 19:00:00+0000', tz='UTC')}"
2023-09-27 20:00:00+00:00,2023-09-28 00:00:00+00:00,1,1876.915,1877.415,1869.2624546984036,,0.67,113.9,0.2221483092227341,"{'time_exit_bars': 2, 'atr': 3.723772650798151, 'entry_hour_utc': 19, 'exit_reason': 'time_exit', 'signal_time': Timestamp('2023-09-27 19:00:00+0000', tz='UTC')}"
2023-09-28 20:00:00+00:00,2023-09-29 00:00:00+00:00,1,1867.345,1866.555,1859.2248447580303,,0.63,-24.56999999999771,-0.048028638416198345,"{'time_exit_bars': 2, 'atr': 3.9725776209848904, 'entry_hour_utc': 19, 'exit_reason': 'time_exit', 'signal_time': Timestamp('2023-09-28 19:00:00+0000', tz='UTC')}"
2023-09-29 20:00:00+00:00,2023-10-02 00:00:00+00:00,1,1848.455,1848.175,1839.4986628737813,,0.57,52.44000000000155,0.10272056389065976,"{'time_exit_bars': 2, 'atr': 4.3906685631093385, 'entry_hour_utc': 19, 'exit_reason': 'time_exit', 'signal_time': Timestamp('2023-09-29 19:00:00+0000', tz='UTC')}"
2023-10-02 20:00:00+00:00,2023-10-03 00:00:00+00:00,1,1829.5249999999999,1820.3098560203446,1820.4848560203445,,0.57,-502.4632068403518,-0.9751110158747027,"{'time_exit_bars': 2, 'atr': 4.447571989827803, 'entry_hour_utc': 19, 'exit_reason': 'sl', 'signal_time': Timestamp('2023-10-02 19:00:00+0000', tz='UTC')}"
2023-10-03 20:00:00+00:00,2023-10-04 00:00:00+00:00,1,1824.105,1823.145,1814.4211125732052,,0.53,-29.680000000001932,-0.057828016303715306,"{'time_exit_bars': 2, 'atr': 4.729443713397453, 'entry_hour_utc': 19, 'exit_reason': 'time_exit', 'signal_time': Timestamp('2023-10-03 19:00:00+0000', tz='UTC')}"
2023-10-04 20:00:00+00:00,2023-10-05 00:00:00+00:00,1,1823.5049999999999,1822.355,1814.528965051764,,0.57,2.850000000007782,0.005570388293771499,"{'time_exit_bars': 2, 'atr': 4.395517474117911, 'entry_hour_utc': 19, 'exit_reason': 'time_exit', 'signal_time': Timestamp('2023-10-04 19:00:00+0000', tz='UTC')}"
2023-10-05 20:00:00+00:00,2023-10-06 00:00:00+00:00,1,1820.5249999999999,1821.105,1813.045242506311,,0.68,66.64000000001052,0.13102029054111056,"{'time_exit_bars': 2, 'atr': 3.6523787468444198, 'entry_hour_utc': 19, 'exit_reason': 'time_exit', 'signal_time': Timestamp('2023-10-05 19:00:00+0000', tz='UTC')}"
2023-10-06 20:00:00+00:00,2023-10-09 00:00:00+00:00,1,1829.635,1847.775,1820.4106634113975,,0.55,1063.7000000000055,2.096627742736156,"{'time_exit_bars': 2, 'atr': 4.519668294301294, 'entry_hour_utc': 19, 'exit_reason': 'time_exit', 'signal_time': Timestamp('2023-10-06 19:00:00+0000', tz='UTC')}"
2023-10-09 20:00:00+00:00,2023-10-10 00:00:00+00:00,1,1863.455,1862.375,1855.2623762606354,,0.63,-42.83999999999541,-0.08300149276142293,"{'time_exit_bars': 2, 'atr': 4.01881186968228, 'entry_hour_utc': 19, 'exit_reason': 'time_exit', 'signal_time': Timestamp('2023-10-09 19:00:00+0000', tz='UTC')}"
2023-10-10 20:00:00+00:00,2023-10-11 00:00:00+00:00,1,1860.315,1859.4950000000001,1853.396305397836,,0.75,-31.49999999999522,-0.06070509310651795,"{'time_exit_bars': 2, 'atr': 3.371847301082073, 'entry_hour_utc': 19, 'exit_reason': 'time_exit', 'signal_time': Timestamp('2023-10-10 19:00:00+0000', tz='UTC')}"
2023-10-11 20:00:00+00:00,2023-10-12 00:00:00+00:00,1,1873.7849999999999,1875.105,1866.7527885622699,,0.73,183.96000000001195,0.3583509998689155,"{'time_exit_bars': 2, 'atr': 3.42860571886501, 'entry_hour_utc': 19, 'exit_reason': 'time_exit', 'signal_time': Timestamp('2023-10-11 19:00:00+0000', tz='UTC')}"
2023-10-12 20:00:00+00:00,2023-10-13 00:00:00+00:00,1,1868.5349999999999,1870.405,1861.3744910044923,,0.72,163.44000000000852,0.31701656983103915,"{'time_exit_bars': 2, 'atr': 3.502754497753895, 'entry_hour_utc': 19, 'exit_reason': 'time_exit', 'signal_time': Timestamp('2023-10-12 19:00:00+0000', tz='UTC')}"
2023-10-13 20:00:00+00:00,2023-10-16 00:00:00+00:00,1,1928.565,1925.585,1917.5606882442692,,0.47,-83.66000000000086,-0.16175477753736112,"{'time_exit_bars': 2, 'atr': 5.414655877865522, 'entry_hour_utc': 19, 'exit_reason': 'time_exit', 'signal_time': Timestamp('2023-10-13 19:00:00+0000', tz='UTC')}"
2023-10-16 20:00:00+00:00,2023-10-17 00:00:00+00:00,1,1919.135,1919.2350000000001,1910.9328887278048,,0.63,31.500000000008594,0.06095991427172088,"{'time_exit_bars': 2, 'atr': 4.018555636097634, 'entry_hour_utc': 19, 'exit_reason': 'time_exit', 'signal_time': Timestamp('2023-10-16 19:00:00+0000', tz='UTC')}"
2023-10-17 20:00:00+00:00,2023-10-18 00:00:00+00:00,1,1922.855,1924.535,1913.9506428337684,,0.58,120.6400000000037,0.23359350497396167,"{'time_exit_bars': 2, 'atr': 4.359678583115864, 'entry_hour_utc': 19, 'exit_reason': 'time_exit', 'signal_time': Timestamp('2023-10-17 19:00:00+0000', tz='UTC')}"
2023-10-18 20:00:00+00:00,2023-10-19 00:00:00+00:00,1,1950.595,1950.635,1937.9734929403353,,0.41,50.839999999998504,0.0982450030838791,"{'time_exit_bars': 2, 'atr': 6.2232535298324185, 'entry_hour_utc': 19, 'exit_reason': 'time_exit', 'signal_time': Timestamp('2023-10-18 19:00:00+0000', tz='UTC')}"
2023-10-19 20:00:00+00:00,2023-10-20 00:00:00+00:00,1,1974.5449999999998,1976.9550000000002,1963.3718629062932,,0.46,129.26000000001423,0.2514960638568621,"{'time_exit_bars': 2, 'atr': 5.494068546853372, 'entry_hour_utc': 19, 'exit_reason': 'time_exit', 'signal_time': Timestamp('2023-10-19 19:00:00+0000', tz='UTC')}"
2023-10-20 20:00:00+00:00,2023-10-23 00:00:00+00:00,1,1979.905,1971.415,1967.076685639062,,0.4,-291.60000000000036,-0.5682741937006079,"{'time_exit_bars': 2, 'atr': 6.32165718046906, 'entry_hour_utc': 19, 'exit_reason': 'time_exit', 'signal_time': Timestamp('2023-10-20 19:00:00+0000', tz='UTC')}"
2023-10-23 20:00:00+00:00,2023-10-24 00:00:00+00:00,1,1973.355,1973.375,1963.5482327994714,,0.53,22.25999999999904,0.04282756910731426,"{'time_exit_bars': 2, 'atr': 4.840883600264361, 'entry_hour_utc': 19, 'exit_reason': 'time_exit', 'signal_time': Timestamp('2023-10-23 19:00:00+0000', tz='UTC')}"
2023-10-24 20:00:00+00:00,2023-10-25 00:00:00+00:00,1,1972.905,1972.645,1962.3498539352227,,0.49,6.860000000000447,0.013263672443832041,"{'time_exit_bars': 2, 'atr': 5.190073032388684, 'entry_hour_utc': 19, 'exit_reason': 'time_exit', 'signal_time': Timestamp('2023-10-24 19:00:00+0000', tz='UTC')}"
2023-10-25 20:00:00+00:00,2023-10-26 00:00:00+00:00,1,1980.995,1982.845,1968.8821907007284,,0.42,128.10000000000574,0.25179955571360135,"{'time_exit_bars': 2, 'atr': 5.97390464963581, 'entry_hour_utc': 19, 'exit_reason': 'time_exit', 'signal_time': Timestamp('2023-10-25 19:00:00+0000', tz='UTC')}"
2023-10-26 20:00:00+00:00,2023-10-27 00:00:00+00:00,1,1984.625,1984.185,1974.3954861255727,,0.5,-2.0000000000027285,-0.003910254239944899,"{'time_exit_bars': 2, 'atr': 5.027256937213671, 'entry_hour_utc': 19, 'exit_reason': 'time_exit', 'signal_time': Timestamp('2023-10-26 19:00:00+0000', tz='UTC')}"
2023-10-27 20:00:00+00:00,2023-10-29 23:00:00+00:00,1,2007.095,2002.595,1996.2546393615755,,0.48,-177.6,-0.34131705792933337,"{'time_exit_bars': 2, 'atr': 5.357680319212236, 'entry_hour_utc': 19, 'exit_reason': 'time_exit', 'signal_time': Timestamp('2023-10-27 19:00:00+0000', tz='UTC')}"
2023-10-30 21:00:00+00:00,2023-10-31 00:00:00+00:00,1,1995.845,1995.445,1987.8736206958836,,0.65,-5.9117155615240335e-12,-1.1409502258953622e-14,"{'time_exit_bars': 2, 'atr': 4.138189652058246, 'entry_hour_utc': 19, 'exit_reason': 'time_exit', 'signal_time': Timestamp('2023-10-30 19:00:00+0000', tz='UTC')}"
2023-10-31 21:00:00+00:00,2023-11-01 00:00:00+00:00,1,1983.635,1979.7350000000001,1974.671808841873,,0.58,-202.99999999999207,-0.39048592607849886,"{'time_exit_bars': 2, 'atr': 4.649095579063566, 'entry_hour_utc': 19, 'exit_reason': 'time_exit', 'signal_time': Timestamp('2023-10-31 19:00:00+0000', tz='UTC')}"
2023-11-01 21:00:00+00:00,2023-11-02 00:00:00+00:00,1,1983.595,1984.4650000000001,1972.6322044226895,,0.47,97.29000000000555,0.18882045053219376,"{'time_exit_bars': 2, 'atr': 5.018897788655253, 'entry_hour_utc': 19, 'exit_reason': 'time_exit', 'signal_time': Timestamp('2023-11-01 19:00:00+0000', tz='UTC')}"
2023-11-02 21:00:00+00:00,2023-11-03 00:00:00+00:00,1,1986.065,1985.415,1978.765561423705,,0.71,-17.75000000000645,-0.03424920935864434,"{'time_exit_bars': 2, 'atr': 3.5022192881473933, 'entry_hour_utc': 19, 'exit_reason': 'time_exit', 'signal_time': Timestamp('2023-11-02 19:00:00+0000', tz='UTC')}"
2023-11-05 22:00:00+00:00,2023-11-06 01:00:00+00:00,1,1992.605,1991.915,1983.3893478429482,,0.56,-16.24000000000306,-0.03146820160504269,"{'time_exit_bars': 2, 'atr': 4.565326078525937, 'entry_hour_utc': 19, 'exit_reason': 'time_exit', 'signal_time': Timestamp('2023-11-03 19:00:00+0000', tz='UTC')}"
2023-11-06 20:00:00+00:00,2023-11-07 00:00:00+00:00,1,1977.735,1975.785,1970.7033594367567,,0.73,-113.14999999998672,-0.22043220014717568,"{'time_exit_bars': 2, 'atr': 3.4233202816215957, 'entry_hour_utc': 19, 'exit_reason': 'time_exit', 'signal_time': Timestamp('2023-11-06 19:00:00+0000', tz='UTC')}"
2023-11-07 20:00:00+00:00,2023-11-08 00:00:00+00:00,1,1969.115,1967.9850000000001,1960.7288200229073,,0.61,-44.52999999999279,-0.08704797678966006,"{'time_exit_bars': 2, 'atr': 4.110589988546425, 'entry_hour_utc': 19, 'exit_reason': 'time_exit', 'signal_time': Timestamp('2023-11-07 19:00:00+0000', tz='UTC')}"
2023-11-08 20:00:00+00:00,2023-11-09 00:00:00+00:00,1,1949.855,1951.865,1941.9604435333067,,0.65,208.6499999999994,0.4066092900269703,"{'time_exit_bars': 2, 'atr': 3.884778233346645, 'entry_hour_utc': 19, 'exit_reason': 'time_exit', 'signal_time': Timestamp('2023-11-08 19:00:00+0000', tz='UTC')}"
2023-11-09 20:00:00+00:00,2023-11-10 00:00:00+00:00,1,1957.425,1960.355,1948.3277776426062,,0.57,189.81000000000358,0.36604579608781385,"{'time_exit_bars': 2, 'atr': 4.4961111786968315, 'entry_hour_utc': 19, 'exit_reason': 'time_exit', 'signal_time': Timestamp('2023-11-09 19:00:00+0000', tz='UTC')}"
2023-11-10 20:00:00+00:00,2023-11-13 00:00:00+00:00,1,1936.2949999999998,1939.195,1928.4199731218496,,0.66,270.600000000006,0.5206331436627584,"{'time_exit_bars': 2, 'atr': 3.8500134390751337, 'entry_hour_utc': 19, 'exit_reason': 'time_exit', 'signal_time': Timestamp('2023-11-10 19:00:00+0000', tz='UTC')}"
2023-11-13 20:00:00+00:00,2023-11-14 00:00:00+00:00,1,1946.815,1946.595,1939.452807280555,,0.7,12.599999999998087,0.024449237728394916,"{'time_exit_bars': 2, 'atr': 3.5935963597225613, 'entry_hour_utc': 19, 'exit_reason': 'time_exit', 'signal_time': Timestamp('2023-11-13 19:00:00+0000', tz='UTC')}"
2023-11-14 20:00:00+00:00,2023-11-15 00:00:00+00:00,1,1963.965,1963.385,1956.355403703495,,0.68,-12.239999999995057,-0.02365434288315704,"{'time_exit_bars': 2, 'atr': 3.7172981482524405, 'entry_hour_utc': 19, 'exit_reason': 'time_exit', 'signal_time': Timestamp('2023-11-14 19:00:00+0000', tz='UTC')}"
2023-11-15 20:00:00+00:00,2023-11-16 00:00:00+00:00,1,1959.565,1959.4850000000001,1951.7513493766417,,0.66,73.9200000000048,0.14333888907854492,"{'time_exit_bars': 2, 'atr': 3.829325311679232, 'entry_hour_utc': 19, 'exit_reason': 'time_exit', 'signal_time': Timestamp('2023-11-15 19:00:00+0000', tz='UTC')}"
2023-11-16 20:00:00+00:00,2023-11-17 00:00:00+00:00,1,1981.0149999999999,1984.665,1973.1625970843356,,0.66,267.30000000000604,0.5157656889868721,"{'time_exit_bars': 2, 'atr': 3.828701457832176, 'entry_hour_utc': 19, 'exit_reason': 'time_exit', 'signal_time': Timestamp('2023-11-16 19:00:00+0000', tz='UTC')}"
2023-11-17 20:00:00+00:00,2023-11-20 00:00:00+00:00,1,1980.915,1973.4532923223956,1973.6282923223955,,0.71,-444.581245109913,-0.8593329051540847,"{'time_exit_bars': 2, 'atr': 3.52585383880226, 'entry_hour_utc': 19, 'exit_reason': 'sl', 'signal_time': Timestamp('2023-11-17 19:00:00+0000', tz='UTC')}"
2023-11-20 20:00:00+00:00,2023-11-21 00:00:00+00:00,1,1977.965,1986.185,1969.6701552313448,,0.62,534.4400000000016,1.039199676475393,"{'time_exit_bars': 2, 'atr': 4.07492238432753, 'entry_hour_utc': 19, 'exit_reason': 'time_exit', 'signal_time': Timestamp('2023-11-20 19:00:00+0000', tz='UTC')}"
2023-11-21 20:00:00+00:00,2023-11-22 00:00:00+00:00,1,1999.165,1997.155,1989.9887886106128,,0.57,-91.76999999999947,-0.1754536738181568,"{'time_exit_bars': 2, 'atr': 4.51560569469354, 'entry_hour_utc': 19, 'exit_reason': 'time_exit', 'signal_time': Timestamp('2023-11-21 19:00:00+0000', tz='UTC')}"
2023-11-22 20:00:00+00:00,2023-11-23 00:00:00+00:00,1,1989.825,1991.775,1981.3112823605597,,0.61,192.15000000000276,0.36999112883512647,"{'time_exit_bars': 2, 'atr': 4.224358819720071, 'entry_hour_utc': 19, 'exit_reason': 'time_exit', 'signal_time': Timestamp('2023-11-22 19:00:00+0000', tz='UTC')}"
2023-11-27 20:00:00+00:00,2023-11-28 00:00:00+00:00,1,2014.5049999999999,2016.915,2007.4181950574377,,0.74,207.94000000000605,0.3965115482611497,"{'time_exit_bars': 2, 'atr': 3.56090247128108, 'entry_hour_utc': 19, 'exit_reason': 'time_exit', 'signal_time': Timestamp('2023-11-27 19:00:00+0000', tz='UTC')}"
2023-11-28 20:00:00+00:00,2023-11-29 00:00:00+00:00,1,2041.315,2049.2349999999997,2033.130984560005,,0.64,532.4799999999756,1.0166158728562387,"{'time_exit_bars': 2, 'atr': 4.019507719997629, 'entry_hour_utc': 19, 'exit_reason': 'time_exit', 'signal_time': Timestamp('2023-11-28 19:00:00+0000', tz='UTC')}"
2023-11-29 20:00:00+00:00,2023-11-30 00:00:00+00:00,1,2044.675,2046.435,2035.7780086395762,,0.59,174.63999999999947,0.33269673759231555,"{'time_exit_bars': 2, 'atr': 4.3559956802119215, 'entry_hour_utc': 19, 'exit_reason': 'time_exit', 'signal_time': Timestamp('2023-11-29 19:00:00+0000', tz='UTC')}"
2023-11-30 20:00:00+00:00,2023-12-01 00:00:00+00:00,1,2036.375,2041.775,2027.603837763708,,0.6,348.00000000000546,0.6612578634108202,"{'time_exit_bars': 2, 'atr': 4.283081118145969, 'entry_hour_utc': 19, 'exit_reason': 'time_exit', 'signal_time': Timestamp('2023-11-30 19:00:00+0000', tz='UTC')}"
2023-12-01 20:00:00+00:00,2023-12-04 00:00:00+00:00,1,2071.065,2095.555,2058.535167925354,,0.42,1078.979999999991,2.050306807541594,"{'time_exit_bars': 2, 'atr': 6.137416037322885, 'entry_hour_utc': 19, 'exit_reason': 'time_exit', 'signal_time': Timestamp('2023-12-01 19:00:00+0000', tz='UTC')}"
2023-12-04 20:00:00+00:00,2023-12-05 00:00:00+00:00,1,2026.5149999999999,2036.645,2007.2307603416732,,0.27,284.310000000003,0.5460417515322364,"{'time_exit_bars': 2, 'atr': 9.539619829163382, 'entry_hour_utc': 19, 'exit_reason': 'time_exit', 'signal_time': Timestamp('2023-12-04 19:00:00+0000', tz='UTC')}"
2023-12-05 20:00:00+00:00,2023-12-06 00:00:00+00:00,1,2019.365,2021.565,2007.595826595424,,0.45,117.00000000000205,0.22091610945158702,"{'time_exit_bars': 2, 'atr': 5.7820867022881455, 'entry_hour_utc': 19, 'exit_reason': 'time_exit', 'signal_time': Timestamp('2023-12-05 19:00:00+0000', tz='UTC')}"
2023-12-06 20:00:00+00:00,2023-12-07 00:00:00+00:00,1,2026.625,2028.415,2015.9092749805566,,0.5,149.49999999999818,0.2790291832400216,"{'time_exit_bars': 2, 'atr': 5.3203625097216936, 'entry_hour_utc': 19, 'exit_reason': 'time_exit', 'signal_time': Timestamp('2023-12-06 19:00:00+0000', tz='UTC')}"
2023-12-07 20:00:00+00:00,2023-12-08 00:00:00+00:00,1,2029.585,2030.815,2019.9026584028552,,0.55,89.65000000000101,0.16834770635242594,"{'time_exit_bars': 2, 'atr': 4.698670798572419, 'entry_hour_utc': 19, 'exit_reason': 'time_exit', 'signal_time': Timestamp('2023-12-07 19:00:00+0000', tz='UTC')}"
2023-12-08 20:00:00+00:00,2023-12-11 00:00:00+00:00,1,2003.075,2004.585,1992.5411873427527,,0.51,138.20999999999952,0.2572667739762279,"{'time_exit_bars': 2, 'atr': 5.124406328623689, 'entry_hour_utc': 19, 'exit_reason': 'time_exit', 'signal_time': Timestamp('2023-12-08 19:00:00+0000', tz='UTC')}"
2023-12-11 20:00:00+00:00,2023-12-12 00:00:00+00:00,1,1981.0149999999999,1985.425,1971.2783860625675,,0.55,264.55000000000456,0.49401157639701215,"{'time_exit_bars': 2, 'atr': 4.77080696871626, 'entry_hour_utc': 19, 'exit_reason': 'time_exit', 'signal_time': Timestamp('2023-12-11 19:00:00+0000', tz='UTC')}"
2023-12-12 20:00:00+00:00,2023-12-13 00:00:00+00:00,1,1979.645,1980.4850000000001,1971.830859965342,,0.69,85.56000000001004,0.15868668778654746,"{'time_exit_bars': 2, 'atr': 3.8395700173290668, 'entry_hour_utc': 19, 'exit_reason': 'time_exit', 'signal_time': Timestamp('2023-12-12 19:00:00+0000', tz='UTC')}"
2023-12-13 20:00:00+00:00,2023-12-14 00:00:00+00:00,1,2024.065,2037.755,2011.5379962138438,,0.43,640.2700000000024,1.1886321944322558,"{'time_exit_bars': 2, 'atr': 6.231001893078124, 'entry_hour_utc': 19, 'exit_reason': 'time_exit', 'signal_time': Timestamp('2023-12-13 19:00:00+0000', tz='UTC')}"
2023-12-14 20:00:00+00:00,2023-12-15 00:00:00+00:00,1,2036.445,2032.535,2024.9175561309487,,0.47,-164.96999999999315,-0.30449074746080224,"{'time_exit_bars': 2, 'atr': 5.706221934525587, 'entry_hour_utc': 19, 'exit_reason': 'time_exit', 'signal_time': Timestamp('2023-12-14 19:00:00+0000', tz='UTC')}"
2023-12-15 20:00:00+00:00,2023-12-18 00:00:00+00:00,1,2018.2749999999999,2019.855,2007.9354295165067,,0.52,144.56000000000805,0.26886996944779745,"{'time_exit_bars': 2, 'atr': 5.087285241746643, 'entry_hour_utc': 19, 'exit_reason': 'time_exit', 'signal_time': Timestamp('2023-12-15 19:00:00+0000', tz='UTC')}"
2023-12-18 20:00:00+00:00,2023-12-19 00:00:00+00:00,1,2026.575,2027.005,2017.6833370422826,,0.61,50.63000000000388,0.09334586836533987,"{'time_exit_bars': 2, 'atr': 4.388331478858732, 'entry_hour_utc': 19, 'exit_reason': 'time_exit', 'signal_time': Timestamp('2023-12-18 19:00:00+0000', tz='UTC')}"
2023-12-19 20:00:00+00:00,2023-12-20 00:00:00+00:00,1,2040.335,2039.035,2032.1134596049478,,0.66,-59.39999999999699,-0.1094685371298037,"{'time_exit_bars': 2, 'atr': 4.053270197526154, 'entry_hour_utc': 19, 'exit_reason': 'time_exit', 'signal_time': Timestamp('2023-12-19 19:00:00+0000', tz='UTC')}"
2023-12-20 20:00:00+00:00,2023-12-21 00:00:00+00:00,1,2029.915,2033.445,2021.7048160949096,,0.66,312.1799999999982,0.5761137697618843,"{'time_exit_bars': 2, 'atr': 4.012591952545249, 'entry_hour_utc': 19, 'exit_reason': 'time_exit', 'signal_time': Timestamp('2023-12-20 19:00:00+0000', tz='UTC')}"
2023-12-21 20:00:00+00:00,2023-12-22 00:00:00+00:00,1,2044.225,2047.905,2035.3967434779513,,0.61,248.8800000000039,0.46215240685522085,"{'time_exit_bars': 2, 'atr': 4.356628261024295, 'entry_hour_utc': 19, 'exit_reason': 'time_exit', 'signal_time': Timestamp('2023-12-21 19:00:00+0000', tz='UTC')}"
2023-12-22 20:00:00+00:00,2023-12-26 00:00:00+00:00,1,2053.465,2054.785,2043.04590971874,,0.52,151.83999999998485,0.280254793957552,"{'time_exit_bars': 2, 'atr': 5.11704514063008, 'entry_hour_utc': 19, 'exit_reason': 'time_exit', 'signal_time': Timestamp('2023-12-22 19:00:00+0000', tz='UTC')}"
2023-12-26 20:00:00+00:00,2023-12-27 00:00:00+00:00,1,2068.3650000000002,2065.375,2061.404064043256,,0.78,-202.02000000001843,-0.37207640123320085,"{'time_exit_bars': 2, 'atr': 3.4229679783720157, 'entry_hour_utc': 19, 'exit_reason': 'time_exit', 'signal_time': Timestamp('2023-12-26 19:00:00+0000', tz='UTC')}"
2023-12-27 20:00:00+00:00,2023-12-28 00:00:00+00:00,1,2078.2250000000004,2079.575,2069.5204624508074,,0.62,158.09999999996617,0.29295065769873874,"{'time_exit_bars': 2, 'atr': 4.294768774596473, 'entry_hour_utc': 19, 'exit_reason': 'time_exit', 'signal_time': Timestamp('2023-12-27 19:00:00+0000', tz='UTC')}"
2023-12-28 20:00:00+00:00,2023-12-29 00:00:00+00:00,1,2066.525,2066.6749999999997,2056.881221451096,,0.56,30.79999999997963,0.05703158748519041,"{'time_exit_bars': 2, 'atr': 4.764389274451983, 'entry_hour_utc': 19, 'exit_reason': 'time_exit', 'signal_time': Timestamp('2023-12-28 19:00:00+0000', tz='UTC')}"
2023-12-29 20:00:00+00:00,2024-01-02 00:00:00+00:00,1,2063.375,2065.2749999999996,2054.9408312889404,,0.65,227.49999999997635,0.4149786564513651,"{'time_exit_bars': 2, 'atr': 4.1595843555299625, 'entry_hour_utc': 19, 'exit_reason': 'time_exit', 'signal_time': Timestamp('2023-12-29 19:00:00+0000', tz='UTC')}"
2024-01-02 20:00:00+00:00,2024-01-03 00:00:00+00:00,1,2058.3250000000003,2059.845,2047.4219805602895,,0.45,86.39999999997872,0.17609800758554472,"{'time_exit_bars': 2, 'atr': 5.3590097198552265, 'entry_hour_utc': 19, 'exit_reason': 'time_exit', 'signal_time': Timestamp('2024-01-02 19:00:00+0000', tz='UTC')}"
2024-01-03 20:00:00+00:00,2024-01-04 00:00:00+00:00,1,2041.0249999999999,2041.925,2028.5726781065923,,0.4,84.00000000000364,0.16864324725751462,"{'time_exit_bars': 2, 'atr': 6.133660946703772, 'entry_hour_utc': 19, 'exit_reason': 'time_exit', 'signal_time': Timestamp('2024-01-03 19:00:00+0000', tz='UTC')}"
2024-01-04 20:00:00+00:00,2024-01-05 00:00:00+00:00,1,2043.145,2044.105,2035.1994413706236,,0.63,85.68000000000228,0.17116480582898683,"{'time_exit_bars': 2, 'atr': 3.915279314688177, 'entry_hour_utc': 19, 'exit_reason': 'time_exit', 'signal_time': Timestamp('2024-01-04 19:00:00+0000', tz='UTC')}"
2024-01-05 20:00:00+00:00,2024-01-08 00:00:00+00:00,1,2043.705,2045.805,2031.5069676112844,,0.41,135.30000000000558,0.2705354351291099,"{'time_exit_bars': 2, 'atr': 6.041516194357809, 'entry_hour_utc': 19, 'exit_reason': 'time_exit', 'signal_time': Timestamp('2024-01-05 19:00:00+0000', tz='UTC')}"
2024-01-08 20:00:00+00:00,2024-01-09 00:00:00+00:00,1,2027.365,2034.155,2016.3582490660779,,0.45,323.54999999999836,0.6532354591436073,"{'time_exit_bars': 2, 'atr': 5.445875466961016, 'entry_hour_utc': 19, 'exit_reason': 'time_exit', 'signal_time': Timestamp('2024-01-08 19:00:00+0000', tz='UTC')}"
2024-01-09 20:00:00+00:00,2024-01-10 00:00:00+00:00,1,2028.645,2030.015,2019.6081526351688,,0.55,97.35000000000652,0.19586476660969818,"{'time_exit_bars': 2, 'atr': 4.380923682415487, 'entry_hour_utc': 19, 'exit_reason': 'time_exit', 'signal_time': Timestamp('2024-01-09 19:00:00+0000', tz='UTC')}"
2024-01-10 20:00:00+00:00,2024-01-11 00:00:00+00:00,1,2023.655,2027.625,2014.9239406863849,,0.57,294.69000000000153,0.5921389162868237,"{'time_exit_bars': 2, 'atr': 4.308029656807509, 'entry_hour_utc': 19, 'exit_reason': 'time_exit', 'signal_time': Timestamp('2024-01-10 19:00:00+0000', tz='UTC')}"
2024-01-11 20:00:00+00:00,2024-01-12 00:00:00+00:00,1,2027.675,2030.925,2015.6200411393213,,0.41,149.65,0.3027799631822649,"{'time_exit_bars': 2, 'atr': 5.929979430339368, 'entry_hour_utc': 19, 'exit_reason': 'time_exit', 'signal_time': Timestamp('2024-01-11 19:00:00+0000', tz='UTC')}"
2024-01-12 20:00:00+00:00,2024-01-15 00:00:00+00:00,1,2047.5049999999999,2047.685,2037.0505020468725,,0.48,66.24000000000305,0.13200059975976572,"{'time_exit_bars': 2, 'atr': 5.169748976563783, 'entry_hour_utc': 19, 'exit_reason': 'time_exit', 'signal_time': Timestamp('2024-01-12 19:00:00+0000', tz='UTC')}"
2024-01-16 20:00:00+00:00,2024-01-17 00:00:00+00:00,1,2028.445,2028.275,2018.329740655998,,0.5,11.50000000000773,0.022737924177548385,"{'time_exit_bars': 2, 'atr': 4.955129672001015, 'entry_hour_utc': 19, 'exit_reason': 'time_exit', 'signal_time': Timestamp('2024-01-16 19:00:00+0000', tz='UTC')}"
2024-01-17 20:00:00+00:00,2024-01-18 00:00:00+00:00,1,2006.205,2010.625,1994.6711269884358,,0.43,241.66000000000312,0.48726043666037877,"{'time_exit_bars': 2, 'atr': 5.709436505782028, 'entry_hour_utc': 19, 'exit_reason': 'time_exit', 'signal_time': Timestamp('2024-01-17 19:00:00+0000', tz='UTC')}"
2024-01-18 20:00:00+00:00,2024-01-19 00:00:00+00:00,1,2022.315,2022.935,2014.314621174532,,0.63,64.25999999999313,0.12749396275497235,"{'time_exit_bars': 2, 'atr': 3.9426894127340466, 'entry_hour_utc': 19, 'exit_reason': 'time_exit', 'signal_time': Timestamp('2024-01-18 19:00:00+0000', tz='UTC')}"
2024-01-19 20:00:00+00:00,2024-01-22 00:00:00+00:00,1,2028.385,2028.815,2019.9776077702531,,0.6,97.80000000000382,0.1938770019831874,"{'time_exit_bars': 2, 'atr': 4.126196114873475, 'entry_hour_utc': 19, 'exit_reason': 'time_exit', 'signal_time': Timestamp('2024-01-19 19:00:00+0000', tz='UTC')}"
2024-01-22 20:00:00+00:00,2024-01-23 00:00:00+00:00,1,2020.975,2022.615,2012.4873758754854,,0.59,120.3600000000059,0.24034994600055967,"{'time_exit_bars': 2, 'atr': 4.15131206225724, 'entry_hour_utc': 19, 'exit_reason': 'time_exit', 'signal_time': Timestamp('2024-01-22 19:00:00+0000', tz='UTC')}"
2024-01-23 20:00:00+00:00,2024-01-24 00:00:00+00:00,1,2028.7849999999999,2027.185,2019.425591608832,,0.54,-64.7999999999951,-0.12821323205987198,"{'time_exit_bars': 2, 'atr': 4.597204195583913, 'entry_hour_utc': 19, 'exit_reason': 'time_exit', 'signal_time': Timestamp('2024-01-23 19:00:00+0000', tz='UTC')}"
2024-01-24 20:00:00+00:00,2024-01-25 00:00:00+00:00,1,2012.425,2015.255,2002.8051899878028,,0.52,209.56000000000805,0.4189271924175672,"{'time_exit_bars': 2, 'atr': 4.712405006098643, 'entry_hour_utc': 19, 'exit_reason': 'time_exit', 'signal_time': Timestamp('2024-01-24 19:00:00+0000', tz='UTC')}"
2024-01-25 20:00:00+00:00,2024-01-26 00:00:00+00:00,1,2020.175,2021.005,2010.743025177116,,0.54,66.42000000000836,0.1304074727824657,"{'time_exit_bars': 2, 'atr': 4.658487411442057, 'entry_hour_utc': 19, 'exit_reason': 'time_exit', 'signal_time': Timestamp('2024-01-25 19:00:00+0000', tz='UTC')}"
2024-01-26 20:00:00+00:00,2024-01-29 00:00:00+00:00,1,2018.645,2021.375,2011.9840050170421,,0.76,298.68000000000137,0.5900019456635116,"{'time_exit_bars': 2, 'atr': 3.272997491478895, 'entry_hour_utc': 19, 'exit_reason': 'time_exit', 'signal_time': Timestamp('2024-01-26 19:00:00+0000', tz='UTC')}"
2024-01-29 20:00:00+00:00,2024-01-30 00:00:00+00:00,1,2032.855,2033.385,2022.843944075704,,0.51,47.429999999998614,0.09289729345562252,"{'time_exit_bars': 2, 'atr': 4.923027962148018, 'entry_hour_utc': 19, 'exit_reason': 'time_exit', 'signal_time': Timestamp('2024-01-29 19:00:00+0000', tz='UTC')}"
2024-01-30 20:00:00+00:00,2024-01-31 00:00:00+00:00,1,2036.115,2035.915,2026.911915554956,,0.55,10.9999999999975,0.0217318444912954,"{'time_exit_bars': 2, 'atr': 4.529042222522032, 'entry_hour_utc': 19, 'exit_reason': 'time_exit', 'signal_time': Timestamp('2024-01-30 19:00:00+0000', tz='UTC')}"
2024-01-31 20:00:00+00:00,2024-02-01 00:00:00+00:00,1,2034.875,2040.4750000000001,2024.097384872056,,0.47,319.6000000000064,0.6309373566670787,"{'time_exit_bars': 2, 'atr': 5.316307563972089, 'entry_hour_utc': 19, 'exit_reason': 'time_exit', 'signal_time': Timestamp('2024-01-31 19:00:00+0000', tz='UTC')}"
2024-02-01 20:00:00+00:00,2024-02-02 00:00:00+00:00,1,2055.645,2054.785,2042.8433977764369,,0.4,-18.40000000000509,-0.035933002132610664,"{'time_exit_bars': 2, 'atr': 6.343301111781655, 'entry_hour_utc': 19, 'exit_reason': 'time_exit', 'signal_time': Timestamp('2024-02-01 19:00:00+0000', tz='UTC')}"
2024-02-02 20:00:00+00:00,2024-02-05 00:00:00+00:00,1,2036.0049999999999,2035.425,2026.6177512080428,,0.54,33.480000000003926,0.06604704037793106,"{'time_exit_bars': 2, 'atr': 4.636124395978674, 'entry_hour_utc': 19, 'exit_reason': 'time_exit', 'signal_time': Timestamp('2024-02-02 19:00:00+0000', tz='UTC')}"
2024-02-05 20:00:00+00:00,2024-02-06 00:00:00+00:00,1,2025.105,2026.685,2015.6500786555773,,0.54,106.91999999999607,0.2094147510986853,"{'time_exit_bars': 2, 'atr': 4.644960672211372, 'entry_hour_utc': 19, 'exit_reason': 'time_exit', 'signal_time': Timestamp('2024-02-05 19:00:00+0000', tz='UTC')}"
2024-02-06 20:00:00+00:00,2024-02-07 00:00:00+00:00,1,2035.805,2034.825,2027.8138463591913,,0.64,-37.12000000000116,-0.072580258880033,"{'time_exit_bars': 2, 'atr': 3.938076820404337, 'entry_hour_utc': 19, 'exit_reason': 'time_exit', 'signal_time': Timestamp('2024-02-06 19:00:00+0000', tz='UTC')}"
2024-02-07 20:00:00+00:00,2024-02-08 00:00:00+00:00,1,2034.805,2037.075,2027.7614871779617,,0.72,249.83999999999867,0.4926519036272288,"{'time_exit_bars': 2, 'atr': 3.469256411019203, 'entry_hour_utc': 19, 'exit_reason': 'time_exit', 'signal_time': Timestamp('2024-02-07 19:00:00+0000', tz='UTC')}"
2024-02-08 20:00:00+00:00,2024-02-09 00:00:00+00:00,1,2033.075,2031.835,2023.8296578115837,,0.55,-46.2000000000005,-0.0908565613777349,"{'time_exit_bars': 2, 'atr': 4.565171094208195, 'entry_hour_utc': 19, 'exit_reason': 'time_exit', 'signal_time': Timestamp('2024-02-08 19:00:00+0000', tz='UTC')}"
2024-02-09 20:00:00+00:00,2024-02-12 00:00:00+00:00,1,2025.185,2024.915,2018.0023485324991,,0.71,66.0300000000013,0.12947864785141927,"{'time_exit_bars': 2, 'atr': 3.5338257337503727, 'entry_hour_utc': 19, 'exit_reason': 'time_exit', 'signal_time': Timestamp('2024-02-09 19:00:00+0000', tz='UTC')}"
2024-02-12 20:00:00+00:00,2024-02-13 00:00:00+00:00,1,2020.115,2019.275,2013.2854207297767,,0.75,-32.99999999999386,-0.06442563774291309,"{'time_exit_bars': 2, 'atr': 3.362289635111624, 'entry_hour_utc': 19, 'exit_reason': 'time_exit', 'signal_time': Timestamp('2024-02-12 19:00:00+0000', tz='UTC')}"
2024-02-13 20:00:00+00:00,2024-02-14 00:00:00+00:00,1,1992.715,1992.445,1983.2488799469184,,0.54,7.020000000000982,0.01373318733240642,"{'time_exit_bars': 2, 'atr': 4.685560026540813, 'entry_hour_utc': 19, 'exit_reason': 'time_exit', 'signal_time': Timestamp('2024-02-13 19:00:00+0000', tz='UTC')}"
2024-02-14 20:00:00+00:00,2024-02-15 00:00:00+00:00,1,1991.165,1993.4750000000001,1983.9820455204676,,0.71,249.21000000001226,0.4886568625767909,"{'time_exit_bars': 2, 'atr': 3.558977239766169, 'entry_hour_utc': 19, 'exit_reason': 'time_exit', 'signal_time': Timestamp('2024-02-14 19:00:00+0000', tz='UTC')}"
2024-02-15 20:00:00+00:00,2024-02-16 00:00:00+00:00,1,2004.475,2002.375,1997.6136330738043,,0.75,-127.49999999999318,-0.2477640415220439,"{'time_exit_bars': 2, 'atr': 3.3681834630978313, 'entry_hour_utc': 19, 'exit_reason': 'time_exit', 'signal_time': Timestamp('2024-02-15 19:00:00+0000', tz='UTC')}"
2024-02-16 20:00:00+00:00,2024-02-19 00:00:00+00:00,1,2011.975,2018.565,2003.9645154894006,,0.64,498.5600000000093,0.9724755087775977,"{'time_exit_bars': 2, 'atr': 3.947742255299669, 'entry_hour_utc': 19, 'exit_reason': 'time_exit', 'signal_time': Timestamp('2024-02-16 19:00:00+0000', tz='UTC')}"
2024-02-20 20:00:00+00:00,2024-02-21 00:00:00+00:00,1,2024.385,2023.355,2018.4784546511232,,0.87,-54.80999999999762,-0.1066613329430847,"{'time_exit_bars': 2, 'atr': 2.8957726744383425, 'entry_hour_utc': 19, 'exit_reason': 'time_exit', 'signal_time': Timestamp('2024-02-20 19:00:00+0000', tz='UTC')}"
2024-02-21 20:00:00+00:00,2024-02-22 00:00:00+00:00,1,2024.625,2026.2250000000001,2017.7852211743193,,0.75,210.00000000001023,0.4093699622986683,"{'time_exit_bars': 2, 'atr': 3.337389412840323, 'entry_hour_utc': 19, 'exit_reason': 'time_exit', 'signal_time': Timestamp('2024-02-21 19:00:00+0000', tz='UTC')}"
2024-02-22 20:00:00+00:00,2024-02-23 00:00:00+00:00,1,2024.655,2024.355,2017.794391723474,,0.75,7.500000000003414,0.014575967023536834,"{'time_exit_bars': 2, 'atr': 3.337804138262978, 'entry_hour_utc': 19, 'exit_reason': 'time_exit', 'signal_time': Timestamp('2024-02-22 19:00:00+0000', tz='UTC')}"
2024-02-23 20:00:00+00:00,2024-02-26 00:00:00+00:00,1,2036.645,2030.105,2028.3269249207387,,0.62,-331.07999999999765,-0.641975450944623,"{'time_exit_bars': 2, 'atr': 4.10153753963061, 'entry_hour_utc': 19, 'exit_reason': 'time_exit', 'signal_time': Timestamp('2024-02-23 19:00:00+0000', tz='UTC')}"
2024-02-26 20:00:00+00:00,2024-02-27 00:00:00+00:00,1,2032.425,2031.285,2026.3292014886442,,0.84,-62.1599999999893,-0.12139508853866209,"{'time_exit_bars': 2, 'atr': 2.990399255677909, 'entry_hour_utc': 19, 'exit_reason': 'time_exit', 'signal_time': Timestamp('2024-02-26 19:00:00+0000', tz='UTC')}"
2024-02-27 20:00:00+00:00,2024-02-28 00:00:00+00:00,1,2030.2549999999999,2030.4850000000001,2024.4431955514922,,0.89,56.07000000002186,0.10840006844380508,"{'time_exit_bars': 2, 'atr': 2.828402224253918, 'entry_hour_utc': 19, 'exit_reason': 'time_exit', 'signal_time': Timestamp('2024-02-27 19:00:00+0000', tz='UTC')}"
2024-02-28 20:00:00+00:00,2024-02-29 00:00:00+00:00,1,2033.885,2033.9650000000001,2027.6783941507151,,0.83,106.24000000001283,0.20623188117344962,"{'time_exit_bars': 2, 'atr': 3.0408029246423856, 'entry_hour_utc': 19, 'exit_reason': 'time_exit', 'signal_time': Timestamp('2024-02-28 19:00:00+0000', tz='UTC')}"
2024-02-29 20:00:00+00:00,2024-03-01 00:00:00+00:00,1,2044.175,2043.515,2036.9348399662342,,0.71,-18.45999999998967,-0.03591080843341856,"{'time_exit_bars': 2, 'atr': 3.552580016882843, 'entry_hour_utc': 19, 'exit_reason': 'time_exit', 'signal_time': Timestamp('2024-02-29 19:00:00+0000', tz='UTC')}"
2024-03-01 20:00:00+00:00,2024-03-04 00:00:00+00:00,1,2083.5950000000003,2082.435,2071.457613544845,,0.42,1.679999999987011,0.003295602405631688,"{'time_exit_bars': 2, 'atr': 6.061193227577427, 'entry_hour_utc': 19, 'exit_reason': 'time_exit', 'signal_time': Timestamp('2024-03-01 19:00:00+0000', tz='UTC')}"
2024-03-04 20:00:00+00:00,2024-03-05 00:00:00+00:00,1,2116.695,2115.325,2106.55332698323,,0.51,-49.47000000001762,-0.09564496887213332,"{'time_exit_bars': 2, 'atr': 5.073336508385065, 'entry_hour_utc': 19, 'exit_reason': 'time_exit', 'signal_time': Timestamp('2024-03-04 19:00:00+0000', tz='UTC')}"
2024-03-05 20:00:00+00:00,2024-03-06 00:00:00+00:00,1,2129.815,2126.6949999999997,2117.7859783312015,,0.43,-116.96000000001486,-0.22611980216609012,"{'time_exit_bars': 2, 'atr': 5.892010834399347, 'entry_hour_utc': 19, 'exit_reason': 'time_exit', 'signal_time': Timestamp('2024-03-05 19:00:00+0000', tz='UTC')}"
2024-03-06 20:00:00+00:00,2024-03-07 00:00:00+00:00,1,2146.8450000000003,2148.605,2134.3238460112284,,0.41,121.3599999999903,0.2363999358728513,"{'time_exit_bars': 2, 'atr': 6.21307699438577, 'entry_hour_utc': 19, 'exit_reason': 'time_exit', 'signal_time': Timestamp('2024-03-06 19:00:00+0000', tz='UTC')}"
2024-03-07 20:00:00+00:00,2024-03-08 00:00:00+00:00,1,2158.835,2160.665,2147.631478473574,,0.46,102.57999999999666,0.1990445588683875,"{'time_exit_bars': 2, 'atr': 5.4392607632130945, 'entry_hour_utc': 19, 'exit_reason': 'time_exit', 'signal_time': Timestamp('2024-03-07 19:00:00+0000', tz='UTC')}"
2024-03-08 20:00:00+00:00,2024-03-10 23:00:00+00:00,1,2177.405,2181.345,2162.062726980786,,0.33,156.4199999999868,0.308950309648601,"{'time_exit_bars': 2, 'atr': 7.6036365096069005, 'entry_hour_utc': 19, 'exit_reason': 'time_exit', 'signal_time': Timestamp('2024-03-08 19:00:00+0000', tz='UTC')}"
2024-03-11 21:00:00+00:00,2024-03-12 00:00:00+00:00,1,2182.3450000000003,2180.265,2173.1894319942157,,0.56,-94.0800000000214,-0.18349489610463848,"{'time_exit_bars': 2, 'atr': 4.730284002892159, 'entry_hour_utc': 19, 'exit_reason': 'time_exit', 'signal_time': Timestamp('2024-03-11 19:00:00+0000', tz='UTC')}"
2024-03-12 21:00:00+00:00,2024-03-13 00:00:00+00:00,1,2158.175,2158.9849999999997,2145.795032121501,,0.41,49.609999999979124,0.09773854115574644,"{'time_exit_bars': 2, 'atr': 6.167483939249392, 'entry_hour_utc': 19, 'exit_reason': 'time_exit', 'signal_time': Timestamp('2024-03-12 19:00:00+0000', tz='UTC')}"
2024-03-13 21:00:00+00:00,2024-03-14 00:00:00+00:00,1,2174.715,2176.075,2166.1138384968212,,0.6,153.59999999998035,0.29763422057050354,"{'time_exit_bars': 2, 'atr': 4.103080751589416, 'entry_hour_utc': 19, 'exit_reason': 'time_exit', 'signal_time': Timestamp('2024-03-13 19:00:00+0000', tz='UTC')}"
2024-03-14 21:00:00+00:00,2024-03-15 00:00:00+00:00,1,2162.4950000000003,2162.535,2153.970240546031,,0.6,26.399999999970532,0.0516143596045566,"{'time_exit_bars': 2, 'atr': 4.109879726984498, 'entry_hour_utc': 19, 'exit_reason': 'time_exit', 'signal_time': Timestamp('2024-03-14 19:00:00+0000', tz='UTC')}"
2024-03-17 21:00:00+00:00,2024-03-18 00:00:00+00:00,1,2153.2050000000004,2156.355,2146.984891892409,,0.83,294.6499999999698,0.5707296301919588,"{'time_exit_bars': 2, 'atr': 4.417554053795568, 'entry_hour_utc': 19, 'exit_reason': 'time_exit', 'signal_time': Timestamp('2024-03-15 19:00:00+0000', tz='UTC')}"
2024-03-18 21:00:00+00:00,2024-03-19 00:00:00+00:00,1,2160.2850000000003,2160.3849999999998,2153.4201698484476,,0.75,37.49999999995907,0.07283501397137432,"{'time_exit_bars': 2, 'atr': 3.4199150757762764, 'entry_hour_utc': 19, 'exit_reason': 'time_exit', 'signal_time': Timestamp('2024-03-18 19:00:00+0000', tz='UTC')}"
2024-03-19 21:00:00+00:00,2024-03-20 00:00:00+00:00,1,2157.875,2156.9249999999997,2149.746192525011,,0.64,-35.20000000001746,-0.06766060110200964,"{'time_exit_bars': 2, 'atr': 3.8669037374945496, 'entry_hour_utc': 19, 'exit_reason': 'time_exit', 'signal_time': Timestamp('2024-03-19 19:00:00+0000', tz='UTC')}"
2024-03-20 21:00:00+00:00,2024-03-21 00:00:00+00:00,1,2187.355,2198.8149999999996,2175.0482934565953,,0.42,531.7199999999824,1.0287073926195283,"{'time_exit_bars': 2, 'atr': 5.5958532717021745, 'entry_hour_utc': 19, 'exit_reason': 'time_exit', 'signal_time': Timestamp('2024-03-20 19:00:00+0000', tz='UTC')}"
2024-03-21 21:00:00+00:00,2024-03-22 00:00:00+00:00,1,2181.6850000000004,2184.745,2169.2384733242525,,0.42,145.31999999997862,0.277989200532652,"{'time_exit_bars': 2, 'atr': 6.005763337873681, 'entry_hour_utc': 19, 'exit_reason': 'time_exit', 'signal_time': Timestamp('2024-03-21 19:00:00+0000', tz='UTC')}"
2024-03-24 21:00:00+00:00,2024-03-25 00:00:00+00:00,1,2166.0750000000003,2165.345,2154.375690127519,,0.44,-14.520000000020808,-0.02820679199007228,"{'time_exit_bars': 2, 'atr': 5.447154936240425, 'entry_hour_utc': 19, 'exit_reason': 'time_exit', 'signal_time': Timestamp('2024-03-22 19:00:00+0000', tz='UTC')}"
2024-03-25 21:00:00+00:00,2024-03-26 00:00:00+00:00,1,2171.775,2173.645,2163.7196630283725,,0.65,147.5499999999929,0.281800749986654,"{'time_exit_bars': 2, 'atr': 4.005168485813795, 'entry_hour_utc': 19, 'exit_reason': 'time_exit', 'signal_time': Timestamp('2024-03-25 19:00:00+0000', tz='UTC')}"
2024-03-26 21:00:00+00:00,2024-03-27 00:00:00+00:00,1,2178.255,2177.165,2167.0355269992733,,0.46,-31.7400000000067,-0.06150021484569263,"{'time_exit_bars': 2, 'atr': 5.797236500363375, 'entry_hour_utc': 19, 'exit_reason': 'time_exit', 'signal_time': Timestamp('2024-03-26 19:00:00+0000', tz='UTC')}"
2024-03-27 21:00:00+00:00,2024-03-28 00:00:00+00:00,1,2193.5750000000003,2188.845,2184.194835437403,,0.55,-194.150000000026,-0.3763260203425555,"{'time_exit_bars': 2, 'atr': 5.342582281298577, 'entry_hour_utc': 19, 'exit_reason': 'time_exit', 'signal_time': Timestamp('2024-03-27 19:00:00+0000', tz='UTC')}"
2024-03-31 22:00:00+00:00,2024-04-01 01:00:00+00:00,1,2242.1150000000002,2249.875,2217.1665732098236,,0.21,171.35999999999504,0.3270747317507304,"{'time_exit_bars': 2, 'atr': 7.856713395088352, 'entry_hour_utc': 19, 'exit_reason': 'time_exit', 'signal_time': Timestamp('2024-03-28 19:00:00+0000', tz='UTC')}"
2024-04-01 20:00:00+00:00,2024-04-02 00:00:00+00:00,1,2244.735,2248.8149999999996,2230.0575050813227,,0.35,156.7999999999815,0.3052291978175766,"{'time_exit_bars': 2, 'atr': 7.296247459338803, 'entry_hour_utc': 19, 'exit_reason': 'time_exit', 'signal_time': Timestamp('2024-04-01 19:00:00+0000', tz='UTC')}"
2024-04-02 20:00:00+00:00,2024-04-03 00:00:00+00:00,1,2277.5950000000003,2279.665,2261.928642235059,,0.33,81.5099999999904,0.15766268312391019,"{'time_exit_bars': 2, 'atr': 7.760678882470259, 'entry_hour_utc': 19, 'exit_reason': 'time_exit', 'signal_time': Timestamp('2024-04-02 19:00:00+0000', tz='UTC')}"
2024-04-03 20:00:00+00:00,2024-04-04 00:00:00+00:00,1,2297.655,2297.2549999999997,2284.1618035825845,,0.39,31.199999999978715,0.05928913915215033,"{'time_exit_bars': 2, 'atr': 6.634098208707667, 'entry_hour_utc': 19, 'exit_reason': 'time_exit', 'signal_time': Timestamp('2024-04-03 19:00:00+0000', tz='UTC')}"
2024-04-04 20:00:00+00:00,2024-04-05 00:00:00+00:00,1,2285.0350000000003,2288.475,2270.3856371813613,,0.35,134.39999999998597,0.2621274418238724,"{'time_exit_bars': 2, 'atr': 7.282181409319206, 'entry_hour_utc': 19, 'exit_reason': 'time_exit', 'signal_time': Timestamp('2024-04-04 19:00:00+0000', tz='UTC')}"
2024-04-05 20:00:00+00:00,2024-04-07 23:00:00+00:00,1,2323.3650000000002,2305.221980066235,2305.3969800662353,,0.29,-502.9475780791884,-0.9652159780374387,"{'time_exit_bars': 2, 'atr': 8.86650996688242, 'entry_hour_utc': 19, 'exit_reason': 'sl', 'signal_time': Timestamp('2024-04-05 19:00:00+0000', tz='UTC')}"
2024-04-08 20:00:00+00:00,2024-04-09 00:00:00+00:00,1,2338.7250000000004,2338.5449999999996,2319.1996817811882,,0.26,5.71999999998061,0.011267421997111941,"{'time_exit_bars': 2, 'atr': 9.595159109405902, 'entry_hour_utc': 19, 'exit_reason': 'time_exit', 'signal_time': Timestamp('2024-04-08 19:00:00+0000', tz='UTC')}"
2024-04-09 20:00:00+00:00,2024-04-10 00:00:00+00:00,1,2351.295,2354.705,2334.5039091572175,,0.31,118.1099999999955,0.22690604414409107,"{'time_exit_bars': 2, 'atr': 8.323045421391187, 'entry_hour_utc': 19, 'exit_reason': 'time_exit', 'signal_time': Timestamp('2024-04-09 19:00:00+0000', tz='UTC')}"
2024-04-10 20:00:00+00:00,2024-04-11 00:00:00+00:00,1,2329.7850000000003,2335.2949999999996,2310.4264028938837,,0.27,181.16999999998134,0.3466160261106527,"{'time_exit_bars': 2, 'atr': 9.696798553058246, 'entry_hour_utc': 19, 'exit_reason': 'time_exit', 'signal_time': Timestamp('2024-04-10 19:00:00+0000', tz='UTC')}"
2024-04-11 20:00:00+00:00,2024-04-12 00:00:00+00:00,1,2373.0750000000003,2376.605,2355.6745205096304,,0.3,117.89999999999236,0.22585584507454304,"{'time_exit_bars': 2, 'atr': 8.527739745184826, 'entry_hour_utc': 19, 'exit_reason': 'time_exit', 'signal_time': Timestamp('2024-04-11 19:00:00+0000', tz='UTC')}"
2024-04-12 20:00:00+00:00,2024-04-15 00:00:00+00:00,1,2343.4550000000004,2364.375,2313.4285132629684,,0.17,376.0399999999935,0.7366829224385679,"{'time_exit_bars': 2, 'atr': 14.910743368515693, 'entry_hour_utc': 19, 'exit_reason': 'time_exit', 'signal_time': Timestamp('2024-04-12 19:00:00+0000', tz='UTC')}"
2024-04-15 20:00:00+00:00,2024-04-16 00:00:00+00:00,1,2386.8450000000003,2381.745,2363.7276410312666,,0.22,-103.400000000008,-0.20331042167736935,"{'time_exit_bars': 2, 'atr': 11.301179484366708, 'entry_hour_utc': 19, 'exit_reason': 'time_exit', 'signal_time': Timestamp('2024-04-15 19:00:00+0000', tz='UTC')}"
2024-04-16 20:00:00+00:00,2024-04-17 00:00:00+00:00,1,2389.855,2382.4049999999997,2369.299138889833,,0.25,-176.25000000000682,-0.3429678748176279,"{'time_exit_bars': 2, 'atr': 10.25543055508331, 'entry_hour_utc': 19, 'exit_reason': 'time_exit', 'signal_time': Timestamp('2024-04-16 19:00:00+0000', tz='UTC')}"
2024-04-17 20:00:00+00:00,2024-04-17 21:00:00+00:00,1,2372.8650000000002,2356.070050146516,2356.2450501465164,,0.31,-520.6434454580044,-1.0105295143212178,"{'time_exit_bars': 2, 'atr': 8.162474926741814, 'entry_hour_utc': 19, 'exit_reason': 'sl', 'signal_time': Timestamp('2024-04-17 19:00:00+0000', tz='UTC')}"
2024-04-18 20:00:00+00:00,2024-04-19 00:00:00+00:00,1,2380.355,2379.6349999999998,2366.7064952182973,,0.38,-12.160000000009674,-0.023445791690621547,"{'time_exit_bars': 2, 'atr': 6.766752390851199, 'entry_hour_utc': 19, 'exit_reason': 'time_exit', 'signal_time': Timestamp('2024-04-18 19:00:00+0000', tz='UTC')}"
2024-04-19 20:00:00+00:00,2024-04-22 00:00:00+00:00,1,2388.335,2386.1949999999997,2364.3631892562835,,0.21,-19.740000000006876,-0.03921272406368878,"{'time_exit_bars': 2, 'atr': 11.58840537185825, 'entry_hour_utc': 19, 'exit_reason': 'time_exit', 'signal_time': Timestamp('2024-04-19 19:00:00+0000', tz='UTC')}"
2024-04-22 20:00:00+00:00,2024-04-23 00:00:00+00:00,1,2329.445,2333.515,2312.208579976243,,0.3,134.09999999999127,0.2593345946454469,"{'time_exit_bars': 2, 'atr': 8.5407100118785, 'entry_hour_utc': 19, 'exit_reason': 'time_exit', 'signal_time': Timestamp('2024-04-22 19:00:00+0000', tz='UTC')}"
2024-04-23 20:00:00+00:00,2024-04-24 00:00:00+00:00,1,2322.645,2323.0649999999996,2299.970397169228,,0.23,18.859999999991217,0.036163808738770176,"{'time_exit_bars': 2, 'atr': 11.12480141538597, 'entry_hour_utc': 19, 'exit_reason': 'time_exit', 'signal_time': Timestamp('2024-04-23 19:00:00+0000', tz='UTC')}"
2024-04-24 20:00:00+00:00,2024-04-25 00:00:00+00:00,1,2319.195,2315.9849999999997,2304.525152006711,,0.35,-70.35000000001718,-0.13701573464973618,"{'time_exit_bars': 2, 'atr': 7.227423996644616, 'entry_hour_utc': 19, 'exit_reason': 'time_exit', 'signal_time': Timestamp('2024-04-24 19:00:00+0000', tz='UTC')}"
2024-04-25 20:00:00+00:00,2024-04-26 00:00:00+00:00,1,2333.0750000000003,2330.345,2317.17976423514,,0.33,-76.8900000000156,-0.14658480279678504,"{'time_exit_bars': 2, 'atr': 7.875117882429973, 'entry_hour_utc': 19, 'exit_reason': 'time_exit', 'signal_time': Timestamp('2024-04-25 19:00:00+0000', tz='UTC')}"
2024-04-26 20:00:00+00:00,2024-04-29 00:00:00+00:00,1,2340.105,2335.7949999999996,2326.5767302287945,,0.38,-118.18000000001521,-0.22988896973506112,"{'time_exit_bars': 2, 'atr': 6.676634885602584, 'entry_hour_utc': 19, 'exit_reason': 'time_exit', 'signal_time': Timestamp('2024-04-26 19:00:00+0000', tz='UTC')}"
2024-04-29 20:00:00+00:00,2024-04-30 00:00:00+00:00,1,2336.0150000000003,2332.9049999999997,2320.9539758014303,,0.34,-92.1400000000198,-0.17993464217777944,"{'time_exit_bars': 2, 'atr': 7.333012099284823, 'entry_hour_utc': 19, 'exit_reason': 'time_exit', 'signal_time': Timestamp('2024-04-29 19:00:00+0000', tz='UTC')}"
2024-04-30 20:00:00+00:00,2024-05-01 00:00:00+00:00,1,2290.7250000000004,2291.0649999999996,2277.636422193878,,0.39,28.85999999997021,0.056537846277926934,"{'time_exit_bars': 2, 'atr': 6.556788903061143, 'entry_hour_utc': 19, 'exit_reason': 'time_exit', 'signal_time': Timestamp('2024-04-30 19:00:00+0000', tz='UTC')}"
2024-05-01 20:00:00+00:00,2024-05-02 00:00:00+00:00,1,2309.895,2323.605,2292.978548051301,,0.3,447.3000000000011,0.8813904975591969,"{'time_exit_bars': 2, 'atr': 8.400725974349536, 'entry_hour_utc': 19, 'exit_reason': 'time_exit', 'signal_time': Timestamp('2024-05-01 19:00:00+0000', tz='UTC')}"
2024-05-02 20:00:00+00:00,2024-05-03 00:00:00+00:00,1,2303.045,2303.9649999999997,2288.6326207405077,,0.36,47.51999999998625,0.09158793119673372,"{'time_exit_bars': 2, 'atr': 7.1436896297460875, 'entry_hour_utc': 19, 'exit_reason': 'time_exit', 'signal_time': Timestamp('2024-05-02 19:00:00+0000', tz='UTC')}"
2024-05-03 20:00:00+00:00,2024-05-06 00:00:00+00:00,1,2301.485,2293.7149999999997,2285.1567904529575,,0.32,-210.24000000001396,-0.40237112226370125,"{'time_exit_bars': 2, 'atr': 8.12160477352126, 'entry_hour_utc': 19, 'exit_reason': 'time_exit', 'signal_time': Timestamp('2024-05-03 19:00:00+0000', tz='UTC')}"
2024-05-06 20:00:00+00:00,2024-05-07 00:00:00+00:00,1,2325.0150000000003,2325.745,2311.2840789976967,,0.38,42.939999999983414,0.08229600911766852,"{'time_exit_bars': 2, 'atr': 6.862960501151706, 'entry_hour_utc': 19, 'exit_reason': 'time_exit', 'signal_time': Timestamp('2024-05-06 19:00:00+0000', tz='UTC')}"
2024-05-07 20:00:00+00:00,2024-05-08 00:00:00+00:00,1,2314.8450000000003,2314.895,2304.4045183448225,,0.5,22.499999999986358,0.04310145976613606,"{'time_exit_bars': 2, 'atr': 5.132740827588874, 'entry_hour_utc': 19, 'exit_reason': 'time_exit', 'signal_time': Timestamp('2024-05-07 19:00:00+0000', tz='UTC')}"
2024-05-08 20:00:00+00:00,2024-05-09 00:00:00+00:00,1,2308.4550000000004,2308.5449999999996,2296.8125973552683,,0.45,58.04999999996562,0.11080187134593984,"{'time_exit_bars': 2, 'atr': 5.683701322365752, 'entry_hour_utc': 19, 'exit_reason': 'time_exit', 'signal_time': Timestamp('2024-05-08 19:00:00+0000', tz='UTC')}"
2024-05-09 20:00:00+00:00,2024-05-10 00:00:00+00:00,1,2343.8450000000003,2346.335,2330.496695570617,,0.39,112.7099999999915,0.21650689908135898,"{'time_exit_bars': 2, 'atr': 6.646652214691556, 'entry_hour_utc': 19, 'exit_reason': 'time_exit', 'signal_time': Timestamp('2024-05-09 19:00:00+0000', tz='UTC')}"
2024-05-10 20:00:00+00:00,2024-05-13 00:00:00+00:00,1,2363.4950000000003,2360.1749999999997,2348.9348404363827,,0.36,-76.32000000002225,-0.14560279993757724,"{'time_exit_bars': 2, 'atr': 7.182579781808616, 'entry_hour_utc': 19, 'exit_reason': 'time_exit', 'signal_time': Timestamp('2024-05-10 19:00:00+0000', tz='UTC')}"
2024-05-13 20:00:00+00:00,2024-05-14 00:00:00+00:00,1,2337.5150000000003,2338.1349999999998,2326.7064685632686,,0.48,48.95999999997293,0.09436989714745743,"{'time_exit_bars': 2, 'atr': 5.301765718365674, 'entry_hour_utc': 19, 'exit_reason': 'time_exit', 'signal_time': Timestamp('2024-05-13 19:00:00+0000', tz='UTC')}"
2024-05-14 20:00:00+00:00,2024-05-15 00:00:00+00:00,1,2356.875,2355.585,2345.137795202785,,0.44,-39.1599999999984,-0.07582725319840651,"{'time_exit_bars': 2, 'atr': 5.691102398607322, 'entry_hour_utc': 19, 'exit_reason': 'time_exit', 'signal_time': Timestamp('2024-05-14 19:00:00+0000', tz='UTC')}"
2024-05-15 20:00:00+00:00,2024-05-16 00:00:00+00:00,1,2386.465,2391.5449999999996,2370.070106559023,,0.32,200.95999999998313,0.3830461004585296,"{'time_exit_bars': 2, 'atr': 8.139946720488473, 'entry_hour_utc': 19, 'exit_reason': 'time_exit', 'signal_time': Timestamp('2024-05-15 19:00:00+0000', tz='UTC')}"
2024-05-16 20:00:00+00:00,2024-05-17 00:00:00+00:00,1,2378.375,2377.6549999999997,2367.10872400371,,0.46,-14.720000000011712,-0.028403351746897634,"{'time_exit_bars': 2, 'atr': 5.545637998144857, 'entry_hour_utc': 19, 'exit_reason': 'time_exit', 'signal_time': Timestamp('2024-05-16 19:00:00+0000', tz='UTC')}"
2024-05-17 20:00:00+00:00,2024-05-20 00:00:00+00:00,1,2416.8650000000002,2420.075,2402.9072063856256,,0.37,163.16999999998453,0.315952515264152,"{'time_exit_bars': 2, 'atr': 6.751396807187038, 'entry_hour_utc': 19, 'exit_reason': 'time_exit', 'signal_time': Timestamp('2024-05-17 19:00:00+0000', tz='UTC')}"
2024-05-20 20:00:00+00:00,2024-05-21 00:00:00+00:00,1,2426.895,2425.995,2407.012701805264,,0.26,-13.000000000002364,-0.025147998239583295,"{'time_exit_bars': 2, 'atr': 9.888649097368011, 'entry_hour_utc': 19, 'exit_reason': 'time_exit', 'signal_time': Timestamp('2024-05-20 19:00:00+0000', tz='UTC')}"
2024-05-21 20:00:00+00:00,2024-05-22 00:00:00+00:00,1,2423.5550000000003,2421.605,2407.8578047093474,,0.33,-51.150000000009,-0.09874375461986151,"{'time_exit_bars': 2, 'atr': 7.736097645326359, 'entry_hour_utc': 19, 'exit_reason': 'time_exit', 'signal_time': Timestamp('2024-05-21 19:00:00+0000', tz='UTC')}"
2024-05-22 20:00:00+00:00,2024-05-23 00:00:00+00:00,1,2380.0150000000003,2381.9849999999997,2363.4234969618315,,0.31,98.26999999997969,0.1910616532273621,"{'time_exit_bars': 2, 'atr': 7.983251519084272, 'entry_hour_utc': 19, 'exit_reason': 'time_exit', 'signal_time': Timestamp('2024-05-22 19:00:00+0000', tz='UTC')}"
2024-05-23 20:00:00+00:00,2024-05-24 00:00:00+00:00,1,2331.775,2331.825,2313.4856232840907,,0.28,12.599999999992361,0.024604446996178142,"{'time_exit_bars': 2, 'atr': 9.067188357954539, 'entry_hour_utc': 19, 'exit_reason': 'time_exit', 'signal_time': Timestamp('2024-05-23 19:00:00+0000', tz='UTC')}"
2024-05-24 20:00:00+00:00,2024-05-27 00:00:00+00:00,1,2334.2050000000004,2337.0649999999996,2322.8572142586213,,0.46,186.759999999964,0.3577790498101006,"{'time_exit_bars': 2, 'atr': 5.47139287068949, 'entry_hour_utc': 19, 'exit_reason': 'time_exit', 'signal_time': Timestamp('2024-05-24 19:00:00+0000', tz='UTC')}"
2024-05-28 20:00:00+00:00,2024-05-29 00:00:00+00:00,1,2358.355,2359.6549999999997,2346.338168819433,,0.43,73.09999999998827,0.14146824353735568,"{'time_exit_bars': 2, 'atr': 5.955915590283332, 'entry_hour_utc': 19, 'exit_reason': 'time_exit', 'signal_time': Timestamp('2024-05-28 19:00:00+0000', tz='UTC')}"
2024-05-29 20:00:00+00:00,2024-05-30 00:00:00+00:00,1,2337.045,2338.225,2325.2884050517855,,0.45,107.09999999999263,0.20243956779010047,"{'time_exit_bars': 2, 'atr': 5.700797474107325, 'entry_hour_utc': 19, 'exit_reason': 'time_exit', 'signal_time': Timestamp('2024-05-29 19:00:00+0000', tz='UTC')}"
2024-05-30 20:00:00+00:00,2024-05-31 00:00:00+00:00,1,2342.0550000000003,2343.875,2328.026601822476,,0.37,82.13999999998923,0.158250426877426,"{'time_exit_bars': 2, 'atr': 6.771699088761961, 'entry_hour_utc': 19, 'exit_reason': 'time_exit', 'signal_time': Timestamp('2024-05-30 19:00:00+0000', tz='UTC')}"
2024-05-31 20:00:00+00:00,2024-06-03 00:00:00+00:00,1,2327.905,2325.745,2313.731790033277,,0.37,-35.52000000001144,-0.06773342116953406,"{'time_exit_bars': 2, 'atr': 6.944104983361513, 'entry_hour_utc': 19, 'exit_reason': 'time_exit', 'signal_time': Timestamp('2024-05-31 19:00:00+0000', tz='UTC')}"
2024-06-03 20:00:00+00:00,2024-06-04 00:00:00+00:00,1,2347.815,2350.4449999999997,2334.77049123877,,0.4,121.19999999998618,0.23228164858190517,"{'time_exit_bars': 2, 'atr': 6.449754380615185, 'entry_hour_utc': 19, 'exit_reason': 'time_exit', 'signal_time': Timestamp('2024-06-03 19:00:00+0000', tz='UTC')}"
2024-06-04 20:00:00+00:00,2024-06-05 00:00:00+00:00,1,2327.4950000000003,2328.6349999999998,2313.513229837801,,0.37,56.97999999997846,0.11014342119304266,"{'time_exit_bars': 2, 'atr': 6.9183850810992755, 'entry_hour_utc': 19, 'exit_reason': 'time_exit', 'signal_time': Timestamp('2024-06-04 19:00:00+0000', tz='UTC')}"
2024-06-05 20:00:00+00:00,2024-06-06 00:00:00+00:00,1,2354.795,2354.865,2342.7351904393577,,0.44,55.8799999999872,0.10530846226165931,"{'time_exit_bars': 2, 'atr': 5.667404780321164, 'entry_hour_utc': 19, 'exit_reason': 'time_exit', 'signal_time': Timestamp('2024-06-05 19:00:00+0000', tz='UTC')}"
2024-06-06 20:00:00+00:00,2024-06-07 00:00:00+00:00,1,2372.7050000000004,2376.605,2359.003985111433,,0.38,163.39999999998616,0.3138453636443889,"{'time_exit_bars': 2, 'atr': 6.828007444283362, 'entry_hour_utc': 19, 'exit_reason': 'time_exit', 'signal_time': Timestamp('2024-06-06 19:00:00+0000', tz='UTC')}"
2024-06-07 20:00:00+00:00,2024-06-10 00:00:00+00:00,1,2288.525,2298.365,2264.402326419583,,0.22,242.8799999999932,0.45766071340292985,"{'time_exit_bars': 2, 'atr': 11.948836790208583, 'entry_hour_utc': 19, 'exit_reason': 'time_exit', 'signal_time': Timestamp('2024-06-07 19:00:00+0000', tz='UTC')}"
2024-06-10 20:00:00+00:00,2024-06-11 00:00:00+00:00,1,2308.945,2309.745,2298.486985078496,,0.5,59.99999999998636,0.11474452934010135,"{'time_exit_bars': 2, 'atr': 5.156507460751911, 'entry_hour_utc': 19, 'exit_reason': 'time_exit', 'signal_time': Timestamp('2024-06-10 19:00:00+0000', tz='UTC')}"
2024-06-11 20:00:00+00:00,2024-06-12 00:00:00+00:00,1,2315.8250000000003,2314.9649999999997,2304.39651035336,,0.46,-21.16000000002678,-0.04025028802785118,"{'time_exit_bars': 2, 'atr': 5.4767448233198, 'entry_hour_utc': 19, 'exit_reason': 'time_exit', 'signal_time': Timestamp('2024-06-11 19:00:00+0000', tz='UTC')}"
2024-06-12 20:00:00+00:00,2024-06-13 00:00:00+00:00,1,2321.8450000000003,2320.4249999999997,2306.2868717461474,,0.34,-7.480000000017931,-0.014140518474389513,"{'time_exit_bars': 2, 'atr': 7.511564126926272, 'entry_hour_utc': 19, 'exit_reason': 'time_exit', 'signal_time': Timestamp('2024-06-12 19:00:00+0000', tz='UTC')}"
2024-06-13 20:00:00+00:00,2024-06-14 00:00:00+00:00,1,2303.855,2302.205,2288.193128046669,,0.34,-42.50000000000309,-0.07981166004452103,"{'time_exit_bars': 2, 'atr': 7.623435976665676, 'entry_hour_utc': 19, 'exit_reason': 'time_exit', 'signal_time': Timestamp('2024-06-13 19:00:00+0000', tz='UTC')}"
2024-06-14 20:00:00+00:00,2024-06-17 00:00:00+00:00,1,2332.875,2328.7349999999997,2320.2618048416266,,0.42,-123.48000000001372,-0.23308923417779492,"{'time_exit_bars': 2, 'atr': 6.109097579186698, 'entry_hour_utc': 19, 'exit_reason': 'time_exit', 'signal_time': Timestamp('2024-06-14 19:00:00+0000', tz='UTC')}"
2024-06-17 20:00:00+00:00,2024-06-18 00:00:00+00:00,1,2320.655,2320.575,2309.7944428102874,,0.49,15.679999999981284,0.029464418299157188,"{'time_exit_bars': 2, 'atr': 5.202778594856333, 'entry_hour_utc': 19, 'exit_reason': 'time_exit', 'signal_time': Timestamp('2024-06-17 19:00:00+0000', tz='UTC')}"
2024-06-18 20:00:00+00:00,2024-06-19 00:00:00+00:00,1,2329.545,2328.075,2318.156250334682,,0.46,-49.22000000001171,-0.09395236803375571,"{'time_exit_bars': 2, 'atr': 5.6018748326589956, 'entry_hour_utc': 19, 'exit_reason': 'time_exit', 'signal_time': Timestamp('2024-06-18 19:00:00+0000', tz='UTC')}"
2024-06-20 20:00:00+00:00,2024-06-21 00:00:00+00:00,1,2359.385,2360.6949999999997,2346.163051978236,,0.4,68.39999999997963,0.12933041312707713,"{'time_exit_bars': 2, 'atr': 6.388474010882021, 'entry_hour_utc': 19, 'exit_reason': 'time_exit', 'signal_time': Timestamp('2024-06-20 19:00:00+0000', tz='UTC')}"
2024-06-21 20:00:00+00:00,2024-06-24 00:00:00+00:00,1,2322.4550000000004,2319.035,2308.0556986220663,,0.36,-79.92000000001899,-0.1541741464903653,"{'time_exit_bars': 2, 'atr': 7.052150688966826, 'entry_hour_utc': 19, 'exit_reason': 'time_exit', 'signal_time': Timestamp('2024-06-21 19:00:00+0000', tz='UTC')}"
2024-06-24 20:00:00+00:00,2024-06-25 00:00:00+00:00,1,2331.985,2330.6949999999997,2322.1324856803926,,0.54,-48.06000000002259,-0.09033227165468084,"{'time_exit_bars': 2, 'atr': 4.803757159803659, 'entry_hour_utc': 19, 'exit_reason': 'time_exit', 'signal_time': Timestamp('2024-06-24 19:00:00+0000', tz='UTC')}"
2024-06-25 20:00:00+00:00,2024-06-26 00:00:00+00:00,1,2319.915,2319.835,2308.5003311625046,,0.46,14.720000000003349,0.028034102833445693,"{'time_exit_bars': 2, 'atr': 5.684834418747711, 'entry_hour_utc': 19, 'exit_reason': 'time_exit', 'signal_time': Timestamp('2024-06-25 19:00:00+0000', tz='UTC')}"
2024-06-26 20:00:00+00:00,2024-06-27 00:00:00+00:00,1,2299.155,2298.245,2286.0579154704883,,0.4,11.59999999998763,0.02214233246691112,"{'time_exit_bars': 2, 'atr': 6.316042264755822, 'entry_hour_utc': 19, 'exit_reason': 'time_exit', 'signal_time': Timestamp('2024-06-26 19:00:00+0000', tz='UTC')}"
2024-06-27 20:00:00+00:00,2024-06-28 00:00:00+00:00,1,2326.125,2327.615,2317.178179369884,,0.59,111.50999999998712,0.21124822751423855,"{'time_exit_bars': 2, 'atr': 4.450910315057947, 'entry_hour_utc': 19, 'exit_reason': 'time_exit', 'signal_time': Timestamp('2024-06-27 19:00:00+0000', tz='UTC')}"
2024-06-28 20:00:00+00:00,2024-07-01 00:00:00+00:00,1,2325.2650000000003,2324.765,2314.3940560533874,,0.48,33.599999999978166,0.06439183234107715,"{'time_exit_bars': 2, 'atr': 5.33297197330621, 'entry_hour_utc': 19, 'exit_reason': 'time_exit', 'signal_time': Timestamp('2024-06-28 19:00:00+0000', tz='UTC')}"
2024-07-01 20:00:00+00:00,2024-07-02 00:00:00+00:00,1,2331.3050000000003,2332.105,2319.9604162965684,,0.46,55.199999999987455,0.10577734991163308,"{'time_exit_bars': 2, 'atr': 5.529791851715713, 'entry_hour_utc': 19, 'exit_reason': 'time_exit', 'signal_time': Timestamp('2024-07-01 19:00:00+0000', tz='UTC')}"
2024-07-02 20:00:00+00:00,2024-07-03 00:00:00+00:00,1,2331.0550000000003,2330.115,2319.9067520203107,,0.44,-23.76000000002241,-0.04843810444334458,"{'time_exit_bars': 2, 'atr': 5.4716239898446695, 'entry_hour_utc': 19, 'exit_reason': 'time_exit', 'signal_time': Timestamp('2024-07-02 19:00:00+0000', tz='UTC')}"
2024-07-03 20:00:00+00:00,2024-07-04 00:00:00+00:00,1,2354.485,2358.665,2342.8753075222694,,0.43,231.33999999999295,0.4634059007436714,"{'time_exit_bars': 2, 'atr': 5.717346238865166, 'entry_hour_utc': 19, 'exit_reason': 'time_exit', 'signal_time': Timestamp('2024-07-03 19:00:00+0000', tz='UTC')}"
2024-07-05 20:00:00+00:00,2024-07-08 00:00:00+00:00,1,2389.155,2385.935,2376.316583319344,,0.39,-78.78000000000993,-0.1573402741355008,"{'time_exit_bars': 2, 'atr': 6.236708340327949, 'entry_hour_utc': 19, 'exit_reason': 'time_exit', 'signal_time': Timestamp('2024-07-05 19:00:00+0000', tz='UTC')}"
2024-07-08 20:00:00+00:00,2024-07-09 00:00:00+00:00,1,2359.485,2361.575,2346.75345143977,,0.39,97.10999999998796,0.19557715137479323,"{'time_exit_bars': 2, 'atr': 6.208274280115045, 'entry_hour_utc': 19, 'exit_reason': 'time_exit', 'signal_time': Timestamp('2024-07-08 19:00:00+0000', tz='UTC')}"
2024-07-09 20:00:00+00:00,2024-07-10 00:00:00+00:00,1,2363.715,2364.875,2352.139091651863,,0.43,67.07999999999375,0.13476264264401377,"{'time_exit_bars': 2, 'atr': 5.695454174068595, 'entry_hour_utc': 19, 'exit_reason': 'time_exit', 'signal_time': Timestamp('2024-07-09 19:00:00+0000', tz='UTC')}"
2024-07-10 20:00:00+00:00,2024-07-11 00:00:00+00:00,1,2372.065,2372.6749999999997,2362.111242344814,,0.5,90.49999999998363,0.18184087484354472,"{'time_exit_bars': 2, 'atr': 4.8643788275931295, 'entry_hour_utc': 19, 'exit_reason': 'time_exit', 'signal_time': Timestamp('2024-07-10 19:00:00+0000', tz='UTC')}"
2024-07-11 20:00:00+00:00,2024-07-12 00:00:00+00:00,1,2414.275,2415.705,2400.290484300759,,0.35,64.04999999999426,0.1308590186000619,"{'time_exit_bars': 2, 'atr': 6.959757849620504, 'entry_hour_utc': 19, 'exit_reason': 'time_exit', 'signal_time': Timestamp('2024-07-11 19:00:00+0000', tz='UTC')}"
2024-07-12 20:00:00+00:00,2024-07-15 00:00:00+00:00,1,2412.8450000000003,2408.5249999999996,2402.321033497947,,0.47,-146.6400000000291,-0.29646616600232856,"{'time_exit_bars': 2, 'atr': 5.209483251026343, 'entry_hour_utc': 19, 'exit_reason': 'time_exit', 'signal_time': Timestamp('2024-07-12 19:00:00+0000', tz='UTC')}"
2024-07-15 20:00:00+00:00,2024-07-16 00:00:00+00:00,1,2421.405,2422.4049999999997,2408.8292478367857,,0.39,54.599999999982266,0.11132534911865603,"{'time_exit_bars': 2, 'atr': 6.155376081607167, 'entry_hour_utc': 19, 'exit_reason': 'time_exit', 'signal_time': Timestamp('2024-07-15 19:00:00+0000', tz='UTC')}"
2024-07-16 20:00:00+00:00,2024-07-17 00:00:00+00:00,1,2468.795,2468.0649999999996,2454.015010412328,,0.33,-10.890000000015606,-0.022327485282921146,"{'time_exit_bars': 2, 'atr': 7.257494793835974, 'entry_hour_utc': 19, 'exit_reason': 'time_exit', 'signal_time': Timestamp('2024-07-16 19:00:00+0000', tz='UTC')}"
2024-07-17 20:00:00+00:00,2024-07-18 00:00:00+00:00,1,2458.125,2461.075,2440.3605642153775,,0.28,116.1999999999949,0.23361282341385706,"{'time_exit_bars': 2, 'atr': 8.784717892311102, 'entry_hour_utc': 19, 'exit_reason': 'time_exit', 'signal_time': Timestamp('2024-07-17 19:00:00+0000', tz='UTC')}"
2024-07-18 20:00:00+00:00,2024-07-19 00:00:00+00:00,1,2443.0150000000003,2440.9849999999997,2430.263533033111,,0.39,-63.57000000002554,-0.12782842979816564,"{'time_exit_bars': 2, 'atr': 6.283233483444457, 'entry_hour_utc': 19, 'exit_reason': 'time_exit', 'signal_time': Timestamp('2024-07-18 19:00:00+0000', tz='UTC')}"
2024-07-19 20:00:00+00:00,2024-07-22 00:00:00+00:00,1,2398.7450000000003,2411.265,2384.6429210352403,,0.35,480.19999999998345,0.9729061959080434,"{'time_exit_bars': 2, 'atr': 6.958539482379736, 'entry_hour_utc': 19, 'exit_reason': 'time_exit', 'signal_time': Timestamp('2024-07-19 19:00:00+0000', tz='UTC')}"
2024-07-22 20:00:00+00:00,2024-07-23 00:00:00+00:00,1,2399.0950000000003,2395.455,2386.793583742743,,0.41,-132.8400000000134,-0.26338430732224816,"{'time_exit_bars': 2, 'atr': 6.058208128628411, 'entry_hour_utc': 19, 'exit_reason': 'time_exit', 'signal_time': Timestamp('2024-07-22 19:00:00+0000', tz='UTC')}"
2024-07-23 20:00:00+00:00,2024-07-24 00:00:00+00:00,1,2407.6150000000002,2408.1749999999997,2396.4253969062634,,0.45,43.19999999997708,0.08579392780578861,"{'time_exit_bars': 2, 'atr': 5.4923015468682275, 'entry_hour_utc': 19, 'exit_reason': 'time_exit', 'signal_time': Timestamp('2024-07-23 19:00:00+0000', tz='UTC')}"
2024-07-24 20:00:00+00:00,2024-07-25 00:00:00+00:00,1,2398.4950000000003,2398.4649999999997,2384.0922688914698,,0.34,39.77999999997774,0.08123459302148371,"{'time_exit_bars': 2, 'atr': 7.103865554265267, 'entry_hour_utc': 19, 'exit_reason': 'time_exit', 'signal_time': Timestamp('2024-07-24 19:00:00+0000', tz='UTC')}"
2024-07-25 20:00:00+00:00,2024-07-26 00:00:00+00:00,1,2362.1850000000004,2363.5249999999996,2341.5653847461517,,0.24,41.759999999981666,0.08438566765567863,"{'time_exit_bars': 2, 'atr': 10.207307626924207, 'entry_hour_utc': 19, 'exit_reason': 'time_exit', 'signal_time': Timestamp('2024-07-25 19:00:00+0000', tz='UTC')}"
2024-07-26 20:00:00+00:00,2024-07-29 00:00:00+00:00,1,2386.395,2396.7549999999997,2372.7592778784774,,0.36,416.1599999999882,0.8477732163339857,"{'time_exit_bars': 2, 'atr': 6.725361060761232, 'entry_hour_utc': 19, 'exit_reason': 'time_exit', 'signal_time': Timestamp('2024-07-26 19:00:00+0000', tz='UTC')}"
2024-07-29 20:00:00+00:00,2024-07-30 00:00:00+00:00,1,2383.0750000000003,2380.865,2370.0624024880153,,0.38,-68.78000000001866,-0.13909597974835022,"{'time_exit_bars': 2, 'atr': 6.418798755992402, 'entry_hour_utc': 19, 'exit_reason': 'time_exit', 'signal_time': Timestamp('2024-07-29 19:00:00+0000', tz='UTC')}"
2024-07-30 20:00:00+00:00,2024-07-31 00:00:00+00:00,1,2407.085,2409.575,2395.2460633377673,,0.42,121.37999999999083,0.24410976107500726,"{'time_exit_bars': 2, 'atr': 5.841968331116261, 'entry_hour_utc': 19, 'exit_reason': 'time_exit', 'signal_time': Timestamp('2024-07-30 19:00:00+0000', tz='UTC')}"
2024-07-31 20:00:00+00:00,2024-08-01 00:00:00+00:00,1,2449.945,2445.475,2433.8579927182764,,0.31,-101.37000000000789,-0.20326962888338165,"{'time_exit_bars': 2, 'atr': 7.916003640861778, 'entry_hour_utc': 19, 'exit_reason': 'time_exit', 'signal_time': Timestamp('2024-07-31 19:00:00+0000', tz='UTC')}"
2024-08-01 20:00:00+00:00,2024-08-02 00:00:00+00:00,1,2443.2050000000004,2445.515,2426.861403422469,,0.3,81.29999999998472,0.16581417603791535,"{'time_exit_bars': 2, 'atr': 8.094298288765692, 'entry_hour_utc': 19, 'exit_reason': 'time_exit', 'signal_time': Timestamp('2024-08-01 19:00:00+0000', tz='UTC')}"
2024-08-02 20:00:00+00:00,2024-08-05 00:00:00+00:00,1,2437.635,2440.6949999999997,2413.19652585498,,0.2,85.19999999998981,0.17431530195871586,"{'time_exit_bars': 2, 'atr': 12.131737072510175, 'entry_hour_utc': 19, 'exit_reason': 'time_exit', 'signal_time': Timestamp('2024-08-02 19:00:00+0000', tz='UTC')}"
2024-08-05 20:00:00+00:00,2024-08-06 00:00:00+00:00,1,2407.735,2404.5449999999996,2378.961700944122,,0.17,-47.43000000000866,-0.09696489771931645,"{'time_exit_bars': 2, 'atr': 14.29414952793907, 'entry_hour_utc': 19, 'exit_reason': 'time_exit', 'signal_time': Timestamp('2024-08-05 19:00:00+0000', tz='UTC')}"
2024-08-06 20:00:00+00:00,2024-08-07 00:00:00+00:00,1,2387.735,2383.585,2370.662150347644,,0.29,-108.75000000000263,-0.21964698784087136,"{'time_exit_bars': 2, 'atr': 8.448924826177869, 'entry_hour_utc': 19, 'exit_reason': 'time_exit', 'signal_time': Timestamp('2024-08-06 19:00:00+0000', tz='UTC')}"
2024-08-07 20:00:00+00:00,2024-08-08 00:00:00+00:00,1,2385.715,2384.595,2371.241106708302,,0.34,2.7199999999882465,0.005527192883585858,"{'time_exit_bars': 2, 'atr': 7.1444466458490705, 'entry_hour_utc': 19, 'exit_reason': 'time_exit', 'signal_time': Timestamp('2024-08-07 19:00:00+0000', tz='UTC')}"
2024-08-08 20:00:00+00:00,2024-08-09 00:00:00+00:00,1,2423.675,2424.355,2409.5198328236957,,0.35,37.79999999999426,0.07629722676873324,"{'time_exit_bars': 2, 'atr': 6.9850835881520865, 'entry_hour_utc': 19, 'exit_reason': 'time_exit', 'signal_time': Timestamp('2024-08-08 19:00:00+0000', tz='UTC')}"
2024-08-09 20:00:00+00:00,2024-08-12 00:00:00+00:00,1,2429.155,2427.645,2416.722776234817,,0.4,-12.400000000008738,-0.024935201123742923,"{'time_exit_bars': 2, 'atr': 6.123611882591394, 'entry_hour_utc': 19, 'exit_reason': 'time_exit', 'signal_time': Timestamp('2024-08-09 19:00:00+0000', tz='UTC')}"
2024-08-12 20:00:00+00:00,2024-08-13 00:00:00+00:00,1,2470.545,2475.305,2458.9045860887045,,0.43,221.87999999998988,0.4432832061918884,"{'time_exit_bars': 2, 'atr': 5.7277069556477604, 'entry_hour_utc': 19, 'exit_reason': 'time_exit', 'signal_time': Timestamp('2024-08-12 19:00:00+0000', tz='UTC')}"
2024-08-13 20:00:00+00:00,2024-08-14 00:00:00+00:00,1,2467.0750000000003,2463.875,2454.569591807516,,0.4,-112.00000000001091,-0.2239031271032888,"{'time_exit_bars': 2, 'atr': 6.170204096241819, 'entry_hour_utc': 19, 'exit_reason': 'time_exit', 'signal_time': Timestamp('2024-08-13 19:00:00+0000', tz='UTC')}"
2024-08-14 20:00:00+00:00,2024-08-15 00:00:00+00:00,1,2447.235,2449.1749999999997,2431.897602415341,,0.33,103.61999999998679,0.20472834342772445,"{'time_exit_bars': 2, 'atr': 7.571198792329282, 'entry_hour_utc': 19, 'exit_reason': 'time_exit', 'signal_time': Timestamp('2024-08-14 19:00:00+0000', tz='UTC')}"
2024-08-15 20:00:00+00:00,2024-08-16 00:00:00+00:00,1,2455.6150000000002,2457.0449999999996,2441.793760194519,,0.36,65.87999999997774,0.13240490909315195,"{'time_exit_bars': 2, 'atr': 6.848119902740375, 'entry_hour_utc': 19, 'exit_reason': 'time_exit', 'signal_time': Timestamp('2024-08-15 19:00:00+0000', tz='UTC')}"
2024-08-16 20:00:00+00:00,2024-08-19 00:00:00+00:00,1,2508.0750000000003,2506.165,2492.763768415477,,0.33,-23.43000000001021,-0.046371188109909006,"{'time_exit_bars': 2, 'atr': 7.613115792261341, 'entry_hour_utc': 19, 'exit_reason': 'time_exit', 'signal_time': Timestamp('2024-08-16 19:00:00+0000', tz='UTC')}"
2024-08-19 20:00:00+00:00,2024-08-20 00:00:00+00:00,1,2505.5350000000003,2503.365,2492.9556100375908,,0.4,-70.8000000000211,-0.14070634627670678,"{'time_exit_bars': 2, 'atr': 6.222194981204714, 'entry_hour_utc': 19, 'exit_reason': 'time_exit', 'signal_time': Timestamp('2024-08-19 19:00:00+0000', tz='UTC')}"
2024-08-20 20:00:00+00:00,2024-08-21 00:00:00+00:00,1,2515.085,2512.665,2500.202478471449,,0.34,-68.68000000000248,-0.13572968774981117,"{'time_exit_bars': 2, 'atr': 7.3237607642755, 'entry_hour_utc': 19, 'exit_reason': 'time_exit', 'signal_time': Timestamp('2024-08-20 19:00:00+0000', tz='UTC')}"
2024-08-21 20:00:00+00:00,2024-08-22 00:00:00+00:00,1,2511.5350000000003,2512.515,2497.576033654663,,0.36,78.47999999998429,0.15617202205862313,"{'time_exit_bars': 2, 'atr': 6.896983172668266, 'entry_hour_utc': 19, 'exit_reason': 'time_exit', 'signal_time': Timestamp('2024-08-21 19:00:00+0000', tz='UTC')}"
2024-08-22 20:00:00+00:00,2024-08-23 00:00:00+00:00,1,2483.0550000000003,2487.2949999999996,2468.7745174364,,0.35,162.39999999997644,0.32491899201125507,"{'time_exit_bars': 2, 'atr': 7.0527412818001, 'entry_hour_utc': 19, 'exit_reason': 'time_exit', 'signal_time': Timestamp('2024-08-22 19:00:00+0000', tz='UTC')}"
2024-08-23 20:00:00+00:00,2024-08-26 00:00:00+00:00,1,2510.855,2515.6549999999997,2499.308858049155,,0.44,263.99999999998795,0.5196540996588515,"{'time_exit_bars': 2, 'atr': 5.690570975422674, 'entry_hour_utc': 19, 'exit_reason': 'time_exit', 'signal_time': Timestamp('2024-08-23 19:00:00+0000', tz='UTC')}"
2024-08-26 20:00:00+00:00,2024-08-27 00:00:00+00:00,1,2518.2250000000004,2515.245,2507.746594748999,,0.48,-123.8400000000227,-0.24622067368065745,"{'time_exit_bars': 2, 'atr': 5.146702625500463, 'entry_hour_utc': 19, 'exit_reason': 'time_exit', 'signal_time': Timestamp('2024-08-26 19:00:00+0000', tz='UTC')}"
2024-08-27 20:00:00+00:00,2024-08-28 00:00:00+00:00,1,2525.135,2525.0249999999996,2512.280265915456,,0.39,11.309999999977302,0.022559782107674543,"{'time_exit_bars': 2, 'atr': 6.3348670422719575, 'entry_hour_utc': 19, 'exit_reason': 'time_exit', 'signal_time': Timestamp('2024-08-27 19:00:00+0000', tz='UTC')}"
2024-08-28 20:00:00+00:00,2024-08-29 00:00:00+00:00,1,2507.7250000000004,2507.845,2495.9845387604228,,0.43,56.759999999975754,0.1124316986414179,"{'time_exit_bars': 2, 'atr': 5.752730619788513, 'entry_hour_utc': 19, 'exit_reason': 'time_exit', 'signal_time': Timestamp('2024-08-28 19:00:00+0000', tz='UTC')}"
2024-08-29 20:00:00+00:00,2024-08-30 00:00:00+00:00,1,2521.215,2519.335,2508.91702939464,,0.41,-60.680000000004455,-0.12034505915594192,"{'time_exit_bars': 2, 'atr': 6.051485302680019, 'entry_hour_utc': 19, 'exit_reason': 'time_exit', 'signal_time': Timestamp('2024-08-29 19:00:00+0000', tz='UTC')}"
2024-08-30 20:00:00+00:00,2024-09-02 00:00:00+00:00,1,2502.385,2502.705,2488.9932365765962,,0.38,57.759999999988935,0.11350260245363183,"{'time_exit_bars': 2, 'atr': 6.638381711701754, 'entry_hour_utc': 19, 'exit_reason': 'time_exit', 'signal_time': Timestamp('2024-08-30 19:00:00+0000', tz='UTC')}"
2024-09-03 20:00:00+00:00,2024-09-04 00:00:00+00:00,1,2492.105,2492.9449999999997,2476.754599606138,,0.33,40.9199999999898,0.08077965187771392,"{'time_exit_bars': 2, 'atr': 7.572700196931109, 'entry_hour_utc': 19, 'exit_reason': 'time_exit', 'signal_time': Timestamp('2024-09-03 19:00:00+0000', tz='UTC')}"
2024-09-04 20:00:00+00:00,2024-09-05 00:00:00+00:00,1,2493.445,2495.595,2481.156096054259,,0.41,137.34999999998507,0.2726036442949459,"{'time_exit_bars': 2, 'atr': 6.066951972870578, 'entry_hour_utc': 19, 'exit_reason': 'time_exit', 'signal_time': Timestamp('2024-09-04 19:00:00+0000', tz='UTC')}"
2024-09-05 20:00:00+00:00,2024-09-06 00:00:00+00:00,1,2514.9350000000004,2516.9649999999997,2503.8557658586137,,0.46,111.77999999996737,0.21932923963778164,"{'time_exit_bars': 2, 'atr': 5.462117070693336, 'entry_hour_utc': 19, 'exit_reason': 'time_exit', 'signal_time': Timestamp('2024-09-05 19:00:00+0000', tz='UTC')}"
2024-09-06 20:00:00+00:00,2024-09-09 00:00:00+00:00,1,2495.985,2496.6349999999998,2479.7013687377284,,0.31,57.349999999988725,0.11361102264001696,"{'time_exit_bars': 2, 'atr': 8.084315631135835, 'entry_hour_utc': 19, 'exit_reason': 'time_exit', 'signal_time': Timestamp('2024-09-06 19:00:00+0000', tz='UTC')}"
2024-09-09 20:00:00+00:00,2024-09-10 00:00:00+00:00,1,2506.0350000000003,2506.4849999999997,2494.278166240257,,0.43,36.54999999997263,0.0722983770434749,"{'time_exit_bars': 2, 'atr': 5.805916879871394, 'entry_hour_utc': 19, 'exit_reason': 'time_exit', 'signal_time': Timestamp('2024-09-09 19:00:00+0000', tz='UTC')}"
2024-09-10 20:00:00+00:00,2024-09-11 00:00:00+00:00,1,2517.3050000000003,2518.365,2507.4564007556373,,0.51,74.45999999997403,0.14824443190082598,"{'time_exit_bars': 2, 'atr': 4.841799622181293, 'entry_hour_utc': 19, 'exit_reason': 'time_exit', 'signal_time': Timestamp('2024-09-10 19:00:00+0000', tz='UTC')}"
2024-09-11 20:00:00+00:00,2024-09-12 00:00:00+00:00,1,2513.045,2511.685,2500.921841914296,,0.42,-6.720000000005349,-0.01319788118483751,"{'time_exit_bars': 2, 'atr': 5.989079042852051, 'entry_hour_utc': 19, 'exit_reason': 'time_exit', 'signal_time': Timestamp('2024-09-11 19:00:00+0000', tz='UTC')}"
2024-09-12 20:00:00+00:00,2024-09-13 00:00:00+00:00,1,2557.925,2558.1949999999997,2543.669072434211,,0.35,23.449999999983447,0.046997994126132606,"{'time_exit_bars': 2, 'atr': 7.070463782894419, 'entry_hour_utc': 19, 'exit_reason': 'time_exit', 'signal_time': Timestamp('2024-09-12 19:00:00+0000', tz='UTC')}"
2024-09-13 20:00:00+00:00,2024-09-16 00:00:00+00:00,1,2582.7050000000004,2578.955,2571.0878084652227,,0.44,-112.20000000002,-0.2195022774968175,"{'time_exit_bars': 2, 'atr': 5.716095767388664, 'entry_hour_utc': 19, 'exit_reason': 'time_exit', 'signal_time': Timestamp('2024-09-13 19:00:00+0000', tz='UTC')}"
2024-09-16 20:00:00+00:00,2024-09-17 00:00:00+00:00,1,2582.6150000000002,2583.4249999999997,2572.053538090528,,0.48,58.079999999975556,0.1145674727960042,"{'time_exit_bars': 2, 'atr': 5.183230954736113, 'entry_hour_utc': 19, 'exit_reason': 'time_exit', 'signal_time': Timestamp('2024-09-16 19:00:00+0000', tz='UTC')}"
2024-09-17 20:00:00+00:00,2024-09-18 00:00:00+00:00,1,2568.7250000000004,2573.7549999999997,2554.736251341384,,0.36,195.47999999997447,0.3881691016483254,"{'time_exit_bars': 2, 'atr': 6.901874329307975, 'entry_hour_utc': 19, 'exit_reason': 'time_exit', 'signal_time': Timestamp('2024-09-17 19:00:00+0000', tz='UTC')}"
2024-09-18 20:00:00+00:00,2024-09-19 00:00:00+00:00,1,2549.1150000000002,2559.015,2530.5322604075473,,0.27,299.69999999999015,0.5973285017946269,"{'time_exit_bars': 2, 'atr': 9.19386979622649, 'entry_hour_utc': 19, 'exit_reason': 'time_exit', 'signal_time': Timestamp('2024-09-18 19:00:00+0000', tz='UTC')}"
2024-09-19 20:00:00+00:00,2024-09-20 00:00:00+00:00,1,2588.405,2586.9449999999997,2572.970968383709,,0.33,-34.980000000016204,-0.06867939799226708,"{'time_exit_bars': 2, 'atr': 7.6395158081454575, 'entry_hour_utc': 19, 'exit_reason': 'time_exit', 'signal_time': Timestamp('2024-09-19 19:00:00+0000', tz='UTC')}"
2024-09-20 20:00:00+00:00,2024-09-23 00:00:00+00:00,1,2621.175,2619.9649999999997,2607.8297428393994,,0.38,-0.3800000000186685,-0.0007493298840290824,"{'time_exit_bars': 2, 'atr': 6.6001285803003, 'entry_hour_utc': 19, 'exit_reason': 'time_exit', 'signal_time': Timestamp('2024-09-20 19:00:00+0000', tz='UTC')}"
2024-09-23 20:00:00+00:00,2024-09-24 00:00:00+00:00,1,2626.335,2626.055,2615.5250946539068,,0.47,5.639999999990598,0.011100929763753042,"{'time_exit_bars': 2, 'atr': 5.327452673046528, 'entry_hour_utc': 19, 'exit_reason': 'time_exit', 'signal_time': Timestamp('2024-09-23 19:00:00+0000', tz='UTC')}"
2024-09-24 20:00:00+00:00,2024-09-25 00:00:00+00:00,1,2662.7650000000003,2657.9049999999997,2647.983626165012,,0.34,-151.6400000000198,-0.301731087366422,"{'time_exit_bars': 2, 'atr': 7.303186917493973, 'entry_hour_utc': 19, 'exit_reason': 'time_exit', 'signal_time': Timestamp('2024-09-24 19:00:00+0000', tz='UTC')}"
2024-09-25 20:00:00+00:00,2024-09-26 00:00:00+00:00,1,2659.775,2656.0649999999996,2647.06707659808,,0.4,-100.40000000001965,-0.19751456792863767,"{'time_exit_bars': 2, 'atr': 6.271461700960013, 'entry_hour_utc': 19, 'exit_reason': 'time_exit', 'signal_time': Timestamp('2024-09-25 19:00:00+0000', tz='UTC')}"
2024-09-26 20:00:00+00:00,2024-09-27 00:00:00+00:00,1,2673.7450000000003,2672.415,2657.9608057707674,,0.32,-29.760000000012223,-0.058919700714147545,"{'time_exit_bars': 2, 'atr': 7.784597114616359, 'entry_hour_utc': 19, 'exit_reason': 'time_exit', 'signal_time': Timestamp('2024-09-26 19:00:00+0000', tz='UTC')}"
2024-09-27 20:00:00+00:00,2024-09-30 00:00:00+00:00,1,2652.195,2663.325,2637.288884101225,,0.34,419.21999999998826,0.827177252862552,"{'time_exit_bars': 2, 'atr': 7.36055794938753, 'entry_hour_utc': 19, 'exit_reason': 'time_exit', 'signal_time': Timestamp('2024-09-27 19:00:00+0000', tz='UTC')}"
2024-09-30 20:00:00+00:00,2024-10-01 00:00:00+00:00,1,2631.105,2635.4449999999997,2615.3668334356857,,0.32,151.67999999999012,0.3011786652930381,"{'time_exit_bars': 2, 'atr': 7.796583282157127, 'entry_hour_utc': 19, 'exit_reason': 'time_exit', 'signal_time': Timestamp('2024-09-30 19:00:00+0000', tz='UTC')}"
2024-10-01 20:00:00+00:00,2024-10-02 00:00:00+00:00,1,2658.7450000000003,2660.105,2644.1323416396444,,0.35,61.59999999998853,0.12044351935131437,"{'time_exit_bars': 2, 'atr': 7.218829180177851, 'entry_hour_utc': 19, 'exit_reason': 'time_exit', 'signal_time': Timestamp('2024-10-01 19:00:00+0000', tz='UTC')}"
2024-10-02 20:00:00+00:00,2024-10-03 00:00:00+00:00,1,2658.645,2660.015,2645.291375125904,,0.38,97.65999999999585,0.19245710615888859,"{'time_exit_bars': 2, 'atr': 6.589312437047988, 'entry_hour_utc': 19, 'exit_reason': 'time_exit', 'signal_time': Timestamp('2024-10-02 19:00:00+0000', tz='UTC')}"
2024-10-03 20:00:00+00:00,2024-10-04 00:00:00+00:00,1,2657.9950000000003,2655.5249999999996,2644.2748486812466,,0.37,-76.59000000002625,-0.1508729715809527,"{'time_exit_bars': 2, 'atr': 6.78757565937658, 'entry_hour_utc': 19, 'exit_reason': 'time_exit', 'signal_time': Timestamp('2024-10-03 19:00:00+0000', tz='UTC')}"
2024-10-04 20:00:00+00:00,2024-10-07 00:00:00+00:00,1,2651.7450000000003,2650.015,2634.207382223818,,0.29,-15.370000000013718,-0.030220752143444607,"{'time_exit_bars': 2, 'atr': 8.696308888090892, 'entry_hour_utc': 19, 'exit_reason': 'time_exit', 'signal_time': Timestamp('2024-10-04 19:00:00+0000', tz='UTC')}"
2024-10-07 20:00:00+00:00,2024-10-08 00:00:00+00:00,1,2643.355,2642.805,2629.2189010371953,,0.36,-5.40000000000655,-0.010611131146921535,"{'time_exit_bars': 2, 'atr': 6.97054948140234, 'entry_hour_utc': 19, 'exit_reason': 'time_exit', 'signal_time': Timestamp('2024-10-07 19:00:00+0000', tz='UTC')}"
2024-10-08 20:00:00+00:00,2024-10-09 00:00:00+00:00,1,2623.0750000000003,2621.7549999999997,2603.286405786492,,0.26,-23.92000000001608,-0.04649142784344976,"{'time_exit_bars': 2, 'atr': 9.761797106753933, 'entry_hour_utc': 19, 'exit_reason': 'time_exit', 'signal_time': Timestamp('2024-10-08 19:00:00+0000', tz='UTC')}"
2024-10-09 20:00:00+00:00,2024-10-10 00:00:00+00:00,1,2609.3650000000002,2608.205,2596.841516077485,,0.41,1.6399999999873174,0.0031939993892415525,"{'time_exit_bars': 2, 'atr': 6.209241961257642, 'entry_hour_utc': 19, 'exit_reason': 'time_exit', 'signal_time': Timestamp('2024-10-09 19:00:00+0000', tz='UTC')}"
2024-10-10 20:00:00+00:00,2024-10-11 00:00:00+00:00,1,2629.545,2632.995,2615.5587503851502,,0.36,138.59999999999346,0.27527036239308195,"{'time_exit_bars': 2, 'atr': 6.825624807424991, 'entry_hour_utc': 19, 'exit_reason': 'time_exit', 'signal_time': Timestamp('2024-10-10 19:00:00+0000', tz='UTC')}"
2024-10-11 20:00:00+00:00,2024-10-14 00:00:00+00:00,1,2656.235,2647.915,2644.2102480285635,,0.42,-299.0400000000069,-0.5921120050469942,"{'time_exit_bars': 2, 'atr': 5.954875985718172, 'entry_hour_utc': 19, 'exit_reason': 'time_exit', 'signal_time': Timestamp('2024-10-11 19:00:00+0000', tz='UTC')}"
2024-10-14 20:00:00+00:00,2024-10-15 00:00:00+00:00,1,2652.645,2649.2549999999997,2640.5149800890786,,0.42,-125.58000000001375,-0.2464958855762671,"{'time_exit_bars': 2, 'atr': 5.977509955460725, 'entry_hour_utc': 19, 'exit_reason': 'time_exit', 'signal_time': Timestamp('2024-10-14 19:00:00+0000', tz='UTC')}"
2024-10-15 20:00:00+00:00,2024-10-16 00:00:00+00:00,1,2661.8250000000003,2660.305,2648.613654682041,,0.38,-42.560000000016586,-0.08477562072940037,"{'time_exit_bars': 2, 'atr': 6.533172658979287, 'entry_hour_utc': 19, 'exit_reason': 'time_exit', 'signal_time': Timestamp('2024-10-15 19:00:00+0000', tz='UTC')}"
2024-10-16 20:00:00+00:00,2024-10-17 00:00:00+00:00,1,2675.1850000000004,2673.935,2662.82709411576,,0.41,-2.050000000018642,-0.004045992943207074,"{'time_exit_bars': 2, 'atr': 6.006452942120145, 'entry_hour_utc': 19, 'exit_reason': 'time_exit', 'signal_time': Timestamp('2024-10-16 19:00:00+0000', tz='UTC')}"
2024-10-17 20:00:00+00:00,2024-10-18 00:00:00+00:00,1,2692.195,2693.5249999999996,2678.8645775436894,,0.38,65.73999999997996,0.12977833265745237,"{'time_exit_bars': 2, 'atr': 6.627711228155325, 'entry_hour_utc': 19, 'exit_reason': 'time_exit', 'signal_time': Timestamp('2024-10-17 19:00:00+0000', tz='UTC')}"
2024-10-18 20:00:00+00:00,2024-10-21 00:00:00+00:00,1,2719.895,2723.3149999999996,2707.2084658364074,,0.4,184.79999999998472,0.36416565315828764,"{'time_exit_bars': 2, 'atr': 6.245767081796282, 'entry_hour_utc': 19, 'exit_reason': 'time_exit', 'signal_time': Timestamp('2024-10-18 19:00:00+0000', tz='UTC')}"
2024-10-21 20:00:00+00:00,2024-10-22 00:00:00+00:00,1,2720.0950000000003,2721.2349999999997,2706.4003292048806,,0.37,56.97999999997846,0.11245250236670316,"{'time_exit_bars': 2, 'atr': 6.759835397559656, 'entry_hour_utc': 19, 'exit_reason': 'time_exit', 'signal_time': Timestamp('2024-10-21 19:00:00+0000', tz='UTC')}"
2024-10-22 20:00:00+00:00,2024-10-23 00:00:00+00:00,1,2748.665,2746.415,2735.9801194124047,,0.4,-74.0,-0.14584291804915764,"{'time_exit_bars': 2, 'atr': 6.199940293797683, 'entry_hour_utc': 19, 'exit_reason': 'time_exit', 'signal_time': Timestamp('2024-10-22 19:00:00+0000', tz='UTC')}"
2024-10-23 20:00:00+00:00,2024-10-24 00:00:00+00:00,1,2716.5550000000003,2721.1549999999997,2701.560542878074,,0.34,197.1999999999815,0.3868096025642832,"{'time_exit_bars': 2, 'atr': 7.254728560963077, 'entry_hour_utc': 19, 'exit_reason': 'time_exit', 'signal_time': Timestamp('2024-10-23 19:00:00+0000', tz='UTC')}"
2024-10-24 20:00:00+00:00,2024-10-25 00:00:00+00:00,1,2737.2650000000003,2733.665,2725.100426313122,,0.42,-134.40000000001527,-0.2630589515399279,"{'time_exit_bars': 2, 'atr': 5.834786843438979, 'entry_hour_utc': 19, 'exit_reason': 'time_exit', 'signal_time': Timestamp('2024-10-24 19:00:00+0000', tz='UTC')}"
2024-10-25 20:00:00+00:00,2024-10-27 22:00:00+00:00,1,2742.8050000000003,2730.357869292344,2730.532869292344,,0.41,-477.5323590139152,-0.9490715984951255,"{'time_exit_bars': 2, 'atr': 6.0085653538279855, 'entry_hour_utc': 19, 'exit_reason': 'sl', 'signal_time': Timestamp('2024-10-25 19:00:00+0000', tz='UTC')}"
2024-10-28 21:00:00+00:00,2024-10-29 00:00:00+00:00,1,2742.145,2745.625,2731.5057484949934,,0.48,186.24000000000086,0.3646873088933179,"{'time_exit_bars': 2, 'atr': 5.367125752503227, 'entry_hour_utc': 19, 'exit_reason': 'time_exit', 'signal_time': Timestamp('2024-10-28 19:00:00+0000', tz='UTC')}"
2024-10-29 21:00:00+00:00,2024-10-30 00:00:00+00:00,1,2774.2850000000003,2777.955,2761.1648036479273,,0.39,158.7299999999851,0.3102087720933049,"{'time_exit_bars': 2, 'atr': 6.637598176036405, 'entry_hour_utc': 19, 'exit_reason': 'time_exit', 'signal_time': Timestamp('2024-10-29 19:00:00+0000', tz='UTC')}"
2024-10-30 21:00:00+00:00,2024-10-31 00:00:00+00:00,1,2788.025,2787.4049999999997,2774.638928900798,,0.38,22.03999999998686,0.04332862090014037,"{'time_exit_bars': 2, 'atr': 6.2855355496009615, 'entry_hour_utc': 19, 'exit_reason': 'time_exit', 'signal_time': Timestamp('2024-10-30 19:00:00+0000', tz='UTC')}"
2024-10-31 21:00:00+00:00,2024-11-01 00:00:00+00:00,1,2744.085,2744.895,2729.2438396602392,,0.34,41.13999999999815,0.08153001330753418,"{'time_exit_bars': 2, 'atr': 7.263080169880312, 'entry_hour_utc': 19, 'exit_reason': 'time_exit', 'signal_time': Timestamp('2024-10-31 19:00:00+0000', tz='UTC')}"
2024-11-03 22:00:00+00:00,2024-11-04 01:00:00+00:00,1,2738.3050000000003,2739.7349999999997,2722.800256106087,,0.33,60.389999999979594,0.11802839263393422,"{'time_exit_bars': 2, 'atr': 6.519871946956579, 'entry_hour_utc': 19, 'exit_reason': 'time_exit', 'signal_time': Timestamp('2024-11-01 19:00:00+0000', tz='UTC')}"
2024-11-04 20:00:00+00:00,2024-11-05 00:00:00+00:00,1,2737.5350000000003,2734.9049999999997,2725.6133028622216,,0.43,-95.89000000002424,-0.18705390467720548,"{'time_exit_bars': 2, 'atr': 5.863348568889264, 'entry_hour_utc': 19, 'exit_reason': 'time_exit', 'signal_time': Timestamp('2024-11-04 19:00:00+0000', tz='UTC')}"
2024-11-05 20:00:00+00:00,2024-11-06 00:00:00+00:00,1,2743.315,2737.8149999999996,2729.7026804467105,,0.37,-188.70000000001684,-0.3746606138678238,"{'time_exit_bars': 2, 'atr': 6.663659776644971, 'entry_hour_utc': 19, 'exit_reason': 'time_exit', 'signal_time': Timestamp('2024-11-05 19:00:00+0000', tz='UTC')}"
2024-11-06 20:00:00+00:00,2024-11-07 00:00:00+00:00,1,2660.855,2661.345,2630.7652091204554,,0.17,28.729999999996295,0.056165229155801986,"{'time_exit_bars': 2, 'atr': 14.957395439772096, 'entry_hour_utc': 19, 'exit_reason': 'time_exit', 'signal_time': Timestamp('2024-11-06 19:00:00+0000', tz='UTC')}"
2024-11-07 20:00:00+00:00,2024-11-08 00:00:00+00:00,1,2704.605,2706.095,2686.607645839,,0.28,52.91999999999389,0.10501543632982244,"{'time_exit_bars': 2, 'atr': 8.936177080500071, 'entry_hour_utc': 19, 'exit_reason': 'time_exit', 'signal_time': Timestamp('2024-11-07 19:00:00+0000', tz='UTC')}"
2024-11-08 20:00:00+00:00,2024-11-11 00:00:00+00:00,1,2685.235,2683.805,2671.2566975494906,,0.36,-8.280000000010467,-0.01645407236068974,"{'time_exit_bars': 2, 'atr': 6.881651225254753, 'entry_hour_utc': 19, 'exit_reason': 'time_exit', 'signal_time': Timestamp('2024-11-08 19:00:00+0000', tz='UTC')}"
2024-11-11 20:00:00+00:00,2024-11-12 00:00:00+00:00,1,2622.135,2623.845,2605.6769229817082,,0.31,65.40999999998704,0.1282045282480126,"{'time_exit_bars': 2, 'atr': 8.141538509145887, 'entry_hour_utc': 19, 'exit_reason': 'time_exit', 'signal_time': Timestamp('2024-11-11 19:00:00+0000', tz='UTC')}"
2024-11-12 20:00:00+00:00,2024-11-13 00:00:00+00:00,1,2600.135,2599.245,2583.6609147416257,,0.31,-15.19000000001015,-0.029743684842910324,"{'time_exit_bars': 2, 'atr': 7.974542629187239, 'entry_hour_utc': 19, 'exit_reason': 'time_exit', 'signal_time': Timestamp('2024-11-12 19:00:00+0000', tz='UTC')}"
2024-11-13 20:00:00+00:00,2024-11-14 00:00:00+00:00,1,2573.815,2572.305,2558.284748143843,,0.33,-10.230000000007209,-0.019961041383711815,"{'time_exit_bars': 2, 'atr': 7.722625928078467, 'entry_hour_utc': 19, 'exit_reason': 'time_exit', 'signal_time': Timestamp('2024-11-13 19:00:00+0000', tz='UTC')}"
2024-11-14 20:00:00+00:00,2024-11-15 00:00:00+00:00,1,2567.5150000000003,2566.6749999999997,2548.8833843094712,,0.27,-11.88000000001621,-0.023615772636629857,"{'time_exit_bars': 2, 'atr': 9.138307845264286, 'entry_hour_utc': 19, 'exit_reason': 'time_exit', 'signal_time': Timestamp('2024-11-14 19:00:00+0000', tz='UTC')}"
2024-11-15 20:00:00+00:00,2024-11-18 00:00:00+00:00,1,2562.3450000000003,2576.3849999999998,2548.015659674115,,0.35,533.3999999999828,1.06355210033424,"{'time_exit_bars': 2, 'atr': 7.102170162942344, 'entry_hour_utc': 19, 'exit_reason': 'time_exit', 'signal_time': Timestamp('2024-11-15 19:00:00+0000', tz='UTC')}"
2024-11-18 20:00:00+00:00,2024-11-19 00:00:00+00:00,1,2610.505,2613.165,2597.3668480766946,,0.39,119.33999999999433,0.232909469905869,"{'time_exit_bars': 2, 'atr': 6.446575961652885, 'entry_hour_utc': 19, 'exit_reason': 'time_exit', 'signal_time': Timestamp('2024-11-18 19:00:00+0000', tz='UTC')}"
2024-11-19 20:00:00+00:00,2024-11-20 00:00:00+00:00,1,2634.045,2637.645,2620.488335743398,,0.38,151.99999999999653,0.29505783460351254,"{'time_exit_bars': 2, 'atr': 6.63583212830119, 'entry_hour_utc': 19, 'exit_reason': 'time_exit', 'signal_time': Timestamp('2024-11-19 19:00:00+0000', tz='UTC')}"
2024-11-20 20:00:00+00:00,2024-11-21 00:00:00+00:00,1,2649.1150000000002,2658.2549999999997,2637.1724684017713,,0.43,444.619999999975,0.8658130744684686,"{'time_exit_bars': 2, 'atr': 5.873765799114305, 'entry_hour_utc': 19, 'exit_reason': 'time_exit', 'signal_time': Timestamp('2024-11-20 19:00:00+0000', tz='UTC')}"
2024-11-21 20:00:00+00:00,2024-11-22 00:00:00+00:00,1,2671.715,2672.915,2659.1064881899765,,0.41,65.59999999999255,0.12689840197697524,"{'time_exit_bars': 2, 'atr': 6.211755905011802, 'entry_hour_utc': 19, 'exit_reason': 'time_exit', 'signal_time': Timestamp('2024-11-21 19:00:00+0000', tz='UTC')}"
2024-11-22 20:00:00+00:00,2024-11-25 00:00:00+00:00,1,2706.005,2710.415,2690.157117827712,,0.32,179.51999999999535,0.35399051677767274,"{'time_exit_bars': 2, 'atr': 7.901441086143988, 'entry_hour_utc': 19, 'exit_reason': 'time_exit', 'signal_time': Timestamp('2024-11-22 19:00:00+0000', tz='UTC')}"
2024-11-25 20:00:00+00:00,2024-11-26 00:00:00+00:00,1,2626.165,2619.725,2599.8682691974645,,0.19,-114.76000000000104,-0.2296863456280924,"{'time_exit_bars': 2, 'atr': 13.07586540126774, 'entry_hour_utc': 19, 'exit_reason': 'time_exit', 'signal_time': Timestamp('2024-11-25 19:00:00+0000', tz='UTC')}"
2024-11-26 20:00:00+00:00,2024-11-27 00:00:00+00:00,1,2631.905,2627.5649999999996,2615.4635334634163,,0.31,-122.1400000000186,-0.23963799039664174,"{'time_exit_bars': 2, 'atr': 8.118233268291734, 'entry_hour_utc': 19, 'exit_reason': 'time_exit', 'signal_time': Timestamp('2024-11-26 19:00:00+0000', tz='UTC')}"
2024-11-27 20:00:00+00:00,2024-11-28 00:00:00+00:00,1,2637.105,2635.5049999999997,2623.3744551271157,,0.37,-14.800000000013462,-0.029132128673953792,"{'time_exit_bars': 2, 'atr': 6.78277243644228, 'entry_hour_utc': 19, 'exit_reason': 'time_exit', 'signal_time': Timestamp('2024-11-27 19:00:00+0000', tz='UTC')}"
2024-12-02 20:00:00+00:00,2024-12-03 00:00:00+00:00,1,2637.2250000000004,2640.915,2622.8606284716616,,0.36,147.2399999999856,0.28473226217594244,"{'time_exit_bars': 2, 'atr': 7.16968576416921, 'entry_hour_utc': 19, 'exit_reason': 'time_exit', 'signal_time': Timestamp('2024-12-02 19:00:00+0000', tz='UTC')}"
2024-12-03 20:00:00+00:00,2024-12-04 00:00:00+00:00,1,2642.215,2640.395,2629.574279636886,,0.41,-58.22000000000669,-0.11233537007461501,"{'time_exit_bars': 2, 'atr': 6.247860181557091, 'entry_hour_utc': 19, 'exit_reason': 'time_exit', 'signal_time': Timestamp('2024-12-03 19:00:00+0000', tz='UTC')}"
2024-12-04 20:00:00+00:00,2024-12-05 00:00:00+00:00,1,2650.5150000000003,2648.2749999999996,2637.0734813327144,,0.38,-39.52000000002627,-0.07737220962478401,"{'time_exit_bars': 2, 'atr': 6.488259333642857, 'entry_hour_utc': 19, 'exit_reason': 'time_exit', 'signal_time': Timestamp('2024-12-04 19:00:00+0000', tz='UTC')}"
2024-12-05 20:00:00+00:00,2024-12-06 00:00:00+00:00,1,2631.5550000000003,2628.245,2617.6596481297124,,0.37,-107.67000000001481,-0.2094225484295069,"{'time_exit_bars': 2, 'atr': 6.795175935143853, 'entry_hour_utc': 19, 'exit_reason': 'time_exit', 'signal_time': Timestamp('2024-12-05 19:00:00+0000', tz='UTC')}"
2024-12-06 20:00:00+00:00,2024-12-09 00:00:00+00:00,1,2632.0550000000003,2630.825,2617.2589151575876,,0.35,-1.0500000000165528,-0.0020275633939647653,"{'time_exit_bars': 2, 'atr': 7.350542421206229, 'entry_hour_utc': 19, 'exit_reason': 'time_exit', 'signal_time': Timestamp('2024-12-06 19:00:00+0000', tz='UTC')}"
2024-12-09 20:00:00+00:00,2024-12-10 00:00:00+00:00,1,2658.0350000000003,2664.7749999999996,2645.042930061029,,0.4,285.5999999999731,0.5495660070749782,"{'time_exit_bars': 2, 'atr': 6.423534969485509, 'entry_hour_utc': 19, 'exit_reason': 'time_exit', 'signal_time': Timestamp('2024-12-09 19:00:00+0000', tz='UTC')}"
2024-12-10 20:00:00+00:00,2024-12-11 00:00:00+00:00,1,2691.5550000000003,2700.8849999999998,2679.826946077421,,0.44,428.1199999999768,0.8296346575681072,"{'time_exit_bars': 2, 'atr': 5.891526961289523, 'entry_hour_utc': 19, 'exit_reason': 'time_exit', 'signal_time': Timestamp('2024-12-10 19:00:00+0000', tz='UTC')}"
2024-12-11 20:00:00+00:00,2024-12-12 00:00:00+00:00,1,2716.9550000000004,2723.9449999999997,2700.0065221150417,,0.3,245.69999999997978,0.48322923483693553,"{'time_exit_bars': 2, 'atr': 8.511738942479296, 'entry_hour_utc': 19, 'exit_reason': 'time_exit', 'signal_time': Timestamp('2024-12-11 19:00:00+0000', tz='UTC')}"
2024-12-12 20:00:00+00:00,2024-12-13 00:00:00+00:00,1,2680.1150000000002,2685.245,2665.84661037546,,0.36,199.07999999998754,0.3875700163449817,"{'time_exit_bars': 2, 'atr': 7.021694812269966, 'entry_hour_utc': 19, 'exit_reason': 'time_exit', 'signal_time': Timestamp('2024-12-12 19:00:00+0000', tz='UTC')}"
2024-12-13 20:00:00+00:00,2024-12-16 00:00:00+00:00,1,2647.7050000000004,2646.8849999999998,2634.130096813403,,0.38,14.439999999976493,0.027992833155123603,"{'time_exit_bars': 2, 'atr': 6.824951593298763, 'entry_hour_utc': 19, 'exit_reason': 'time_exit', 'signal_time': Timestamp('2024-12-13 19:00:00+0000', tz='UTC')}"
2024-12-16 20:00:00+00:00,2024-12-17 00:00:00+00:00,1,2653.175,2655.125,2643.371704583124,,0.53,124.54999999999038,0.23971531001242155,"{'time_exit_bars': 2, 'atr': 4.78914770843783, 'entry_hour_utc': 19, 'exit_reason': 'time_exit', 'signal_time': Timestamp('2024-12-16 19:00:00+0000', tz='UTC')}"
2024-12-17 20:00:00+00:00,2024-12-18 00:00:00+00:00,1,2643.7850000000003,2649.9049999999997,2630.5817230198513,,0.39,254.279999999978,0.4938168009201201,"{'time_exit_bars': 2, 'atr': 6.509138490074356, 'entry_hour_utc': 19, 'exit_reason': 'time_exit', 'signal_time': Timestamp('2024-12-17 19:00:00+0000', tz='UTC')}"
2024-12-18 20:00:00+00:00,2024-12-19 00:00:00+00:00,1,2592.4950000000003,2594.9049999999997,2576.7801171705664,,0.33,119.12999999998019,0.22971854382763088,"{'time_exit_bars': 2, 'atr': 7.8499414147167, 'entry_hour_utc': 19, 'exit_reason': 'time_exit', 'signal_time': Timestamp('2024-12-18 19:00:00+0000', tz='UTC')}"
2024-12-19 20:00:00+00:00,2024-12-20 00:00:00+00:00,1,2597.125,2590.6549999999997,2582.430159906268,,0.35,-212.45000000000888,-0.413070163491558,"{'time_exit_bars': 2, 'atr': 7.224920046866091, 'entry_hour_utc': 19, 'exit_reason': 'time_exit', 'signal_time': Timestamp('2024-12-19 19:00:00+0000', tz='UTC')}"
2024-12-20 20:00:00+00:00,2024-12-23 00:00:00+00:00,1,2622.8250000000003,2621.395,2610.2160069465103,,0.41,-9.43000000001193,-0.018240949061085504,"{'time_exit_bars': 2, 'atr': 6.176996526744815, 'entry_hour_utc': 19, 'exit_reason': 'time_exit', 'signal_time': Timestamp('2024-12-20 19:00:00+0000', tz='UTC')}"
2024-12-23 20:00:00+00:00,2024-12-24 00:00:00+00:00,1,2611.065,2616.5249999999996,2600.451600042818,,0.49,287.1399999999795,0.5521322124522522,"{'time_exit_bars': 2, 'atr': 5.314199978591006, 'entry_hour_utc': 19, 'exit_reason': 'time_exit', 'signal_time': Timestamp('2024-12-23 19:00:00+0000', tz='UTC')}"
2024-12-26 20:00:00+00:00,2024-12-27 00:00:00+00:00,1,2634.4350000000004,2631.1549999999997,2625.6216071694193,,0.59,-169.9200000000386,-0.3267754036796725,"{'time_exit_bars': 2, 'atr': 4.379196415290444, 'entry_hour_utc': 19, 'exit_reason': 'time_exit', 'signal_time': Timestamp('2024-12-26 19:00:00+0000', tz='UTC')}"
2024-12-27 20:00:00+00:00,2024-12-30 00:00:00+00:00,1,2615.485,2622.1349999999998,2604.838374213232,,0.49,384.6499999999822,0.7373228060439303,"{'time_exit_bars': 2, 'atr': 5.255812893384043, 'entry_hour_utc': 19, 'exit_reason': 'time_exit', 'signal_time': Timestamp('2024-12-27 19:00:00+0000', tz='UTC')}"
2024-12-30 20:00:00+00:00,2024-12-31 00:00:00+00:00,1,2607.835,2607.5449999999996,2595.0502972347826,,0.41,4.509999999982851,0.008604032648991454,"{'time_exit_bars': 2, 'atr': 6.344851382608474, 'entry_hour_utc': 19, 'exit_reason': 'time_exit', 'signal_time': Timestamp('2024-12-30 19:00:00+0000', tz='UTC')}"
2024-12-31 20:00:00+00:00,2025-01-02 00:00:00+00:00,1,2623.3450000000003,2625.1549999999997,2612.945051814614,,0.5,170.49999999997453,0.3278862489710445,"{'time_exit_bars': 2, 'atr': 5.207474092693107, 'entry_hour_utc': 19, 'exit_reason': 'time_exit', 'signal_time': Timestamp('2024-12-31 19:00:00+0000', tz='UTC')}"
2025-01-02 20:00:00+00:00,2025-01-03 00:00:00+00:00,1,2659.985,2660.575,2647.0477661731084,,0.38,37.61999999998825,0.07652331350321917,"{'time_exit_bars': 2, 'atr': 6.3211169134458665, 'entry_hour_utc': 19, 'exit_reason': 'time_exit', 'signal_time': Timestamp('2025-01-02 19:00:00+0000', tz='UTC')}"
2025-01-03 20:00:00+00:00,2025-01-06 00:00:00+00:00,1,2638.2250000000004,2643.0649999999996,2627.701321215544,,0.47,283.87999999996407,0.5739437817999865,"{'time_exit_bars': 2, 'atr': 5.244339392228192, 'entry_hour_utc': 19, 'exit_reason': 'time_exit', 'signal_time': Timestamp('2025-01-03 19:00:00+0000', tz='UTC')}"
2025-01-06 20:00:00+00:00,2025-01-07 00:00:00+00:00,1,2634.9350000000004,2634.875,2618.6000032777583,,0.3,10.199999999987995,0.020814206808909174,"{'time_exit_bars': 2, 'atr': 8.0149983611209, 'entry_hour_utc': 19, 'exit_reason': 'time_exit', 'signal_time': Timestamp('2025-01-06 19:00:00+0000', tz='UTC')}"
2025-01-07 20:00:00+00:00,2025-01-08 00:00:00+00:00,1,2650.0550000000003,2650.365,2638.3302802828753,,0.42,29.819999999978606,0.0605558185721464,"{'time_exit_bars': 2, 'atr': 5.9598598585623295, 'entry_hour_utc': 19, 'exit_reason': 'time_exit', 'signal_time': Timestamp('2025-01-07 19:00:00+0000', tz='UTC')}"
2025-01-08 20:00:00+00:00,2025-01-09 00:00:00+00:00,1,2663.675,2659.785,2650.638715819939,,0.38,-102.22000000001245,-0.20634714331516815,"{'time_exit_bars': 2, 'atr': 6.380642090030513, 'entry_hour_utc': 19, 'exit_reason': 'time_exit', 'signal_time': Timestamp('2025-01-08 19:00:00+0000', tz='UTC')}"
2025-01-09 20:00:00+00:00,2025-01-10 00:00:00+00:00,1,2669.5350000000003,2670.2349999999997,2658.796385402766,,0.46,50.59999999997072,0.10243407005990175,"{'time_exit_bars': 2, 'atr': 5.291807298617049, 'entry_hour_utc': 19, 'exit_reason': 'time_exit', 'signal_time': Timestamp('2025-01-09 19:00:00+0000', tz='UTC')}"
2025-01-10 20:00:00+00:00,2025-01-13 00:00:00+00:00,1,2690.0550000000003,2689.535,2676.789152882727,,0.37,25.159999999983846,0.051259447963496726,"{'time_exit_bars': 2, 'atr': 6.925423558636305, 'entry_hour_utc': 19, 'exit_reason': 'time_exit', 'signal_time': Timestamp('2025-01-10 19:00:00+0000', tz='UTC')}"
2025-01-13 20:00:00+00:00,2025-01-14 00:00:00+00:00,1,2662.175,2670.4249999999997,2649.5826862850513,,0.39,337.3499999999823,0.6869269775045989,"{'time_exit_bars': 2, 'atr': 6.288656857474357, 'entry_hour_utc': 19, 'exit_reason': 'time_exit', 'signal_time': Timestamp('2025-01-13 19:00:00+0000', tz='UTC')}"
2025-01-14 20:00:00+00:00,2025-01-15 00:00:00+00:00,1,2676.505,2672.595,2665.5433170729243,,0.45,-157.95000000001392,-0.3202063062169466,"{'time_exit_bars': 2, 'atr': 5.51834146353773, 'entry_hour_utc': 19, 'exit_reason': 'time_exit', 'signal_time': Timestamp('2025-01-14 19:00:00+0000', tz='UTC')}"
2025-01-15 20:00:00+00:00,2025-01-16 00:00:00+00:00,1,2696.505,2695.185,2684.921863392379,,0.43,-5.160000000007038,-0.010359888177543169,"{'time_exit_bars': 2, 'atr': 5.6490683038105605, 'entry_hour_utc': 19, 'exit_reason': 'time_exit', 'signal_time': Timestamp('2025-01-15 19:00:00+0000', tz='UTC')}"
2025-01-16 20:00:00+00:00,2025-01-17 00:00:00+00:00,1,2715.795,2714.5449999999996,2704.380662266573,,0.44,-37.40000000002001,-0.07446774572923408,"{'time_exit_bars': 2, 'atr': 5.624668866713675, 'entry_hour_utc': 19, 'exit_reason': 'time_exit', 'signal_time': Timestamp('2025-01-16 19:00:00+0000', tz='UTC')}"
2025-01-17 20:00:00+00:00,2025-01-20 00:00:00+00:00,1,2700.625,2694.285,2690.7053451527427,,0.5,-257.0000000000073,-0.5181631900651558,"{'time_exit_bars': 2, 'atr': 5.002327423628706, 'entry_hour_utc': 19, 'exit_reason': 'time_exit', 'signal_time': Timestamp('2025-01-17 19:00:00+0000', tz='UTC')}"
2025-01-21 20:00:00+00:00,2025-01-22 00:00:00+00:00,1,2742.665,2748.055,2729.7621305482835,,0.38,220.01999999999515,0.4487373930013395,"{'time_exit_bars': 2, 'atr': 6.388934725858322, 'entry_hour_utc': 19, 'exit_reason': 'time_exit', 'signal_time': Timestamp('2025-01-21 19:00:00+0000', tz='UTC')}"
2025-01-22 20:00:00+00:00,2025-01-23 00:00:00+00:00,1,2756.8250000000003,2755.095,2744.69971811012,,0.41,-21.730000000019395,-0.04371032400020441,"{'time_exit_bars': 2, 'atr': 5.955140944940025, 'entry_hour_utc': 19, 'exit_reason': 'time_exit', 'signal_time': Timestamp('2025-01-22 19:00:00+0000', tz='UTC')}"
2025-01-23 20:00:00+00:00,2025-01-24 00:00:00+00:00,1,2753.7850000000003,2759.595,2741.916930025967,,0.42,260.81999999997856,0.5232527288418886,"{'time_exit_bars': 2, 'atr': 5.871534987016403, 'entry_hour_utc': 19, 'exit_reason': 'time_exit', 'signal_time': Timestamp('2025-01-23 19:00:00+0000', tz='UTC')}"
2025-01-24 20:00:00+00:00,2025-01-27 00:00:00+00:00,1,2771.2850000000003,2769.5049999999997,2759.309567800725,,0.42,-24.360000000027505,-0.04843248998025687,"{'time_exit_bars': 2, 'atr': 5.8652160996375455, 'entry_hour_utc': 19, 'exit_reason': 'time_exit', 'signal_time': Timestamp('2025-01-24 19:00:00+0000', tz='UTC')}"
2025-01-27 20:00:00+00:00,2025-01-28 00:00:00+00:00,1,2741.255,2740.4249999999997,2726.244557282149,,0.33,-14.190000000012605,-0.028646723356733707,"{'time_exit_bars': 2, 'atr': 7.672721358925742, 'entry_hour_utc': 19, 'exit_reason': 'time_exit', 'signal_time': Timestamp('2025-01-27 19:00:00+0000', tz='UTC')}"
2025-01-28 20:00:00+00:00,2025-01-29 00:00:00+00:00,1,2764.215,2763.745,2755.3971441613403,,0.57,-3.990000000014515,-0.007938437788170204,"{'time_exit_bars': 2, 'atr': 4.346427919329922, 'entry_hour_utc': 19, 'exit_reason': 'time_exit', 'signal_time': Timestamp('2025-01-28 19:00:00+0000', tz='UTC')}"
2025-01-29 20:00:00+00:00,2025-01-30 00:00:00+00:00,1,2755.145,2761.935,2744.311937335847,,0.46,367.5399999999983,0.7375568892847832,"{'time_exit_bars': 2, 'atr': 5.349031332076757, 'entry_hour_utc': 19, 'exit_reason': 'time_exit', 'signal_time': Timestamp('2025-01-29 19:00:00+0000', tz='UTC')}"
2025-01-30 20:00:00+00:00,2025-01-31 00:00:00+00:00,1,2795.7050000000004,2795.5649999999996,2784.5176820032466,,0.45,11.699999999964806,0.02324060155210228,"{'time_exit_bars': 2, 'atr': 5.581158998376509, 'entry_hour_utc': 19, 'exit_reason': 'time_exit', 'signal_time': Timestamp('2025-01-30 19:00:00+0000', tz='UTC')}"
2025-01-31 20:00:00+00:00,2025-02-02 23:00:00+00:00,1,2801.3250000000003,2787.2751023648734,2787.4501023648736,,0.36,-476.9963148645667,-0.954954622626006,"{'time_exit_bars': 2, 'atr': 6.714948817563281, 'entry_hour_utc': 19, 'exit_reason': 'sl', 'signal_time': Timestamp('2025-01-31 19:00:00+0000', tz='UTC')}"
2025-02-03 20:00:00+00:00,2025-02-04 00:00:00+00:00,1,2816.5750000000003,2817.0249999999996,2800.2294687614217,,0.3,25.4999999999809,0.05200198069997263,"{'time_exit_bars': 2, 'atr': 8.17526561928915, 'entry_hour_utc': 19, 'exit_reason': 'time_exit', 'signal_time': Timestamp('2025-02-03 19:00:00+0000', tz='UTC')}"
2025-02-04 20:00:00+00:00,2025-02-05 00:00:00+00:00,1,2844.395,2845.1549999999997,2830.193857791503,,0.35,40.59999999999172,0.0816835704458827,"{'time_exit_bars': 2, 'atr': 6.968071104248641, 'entry_hour_utc': 19, 'exit_reason': 'time_exit', 'signal_time': Timestamp('2025-02-04 19:00:00+0000', tz='UTC')}"
2025-02-05 20:00:00+00:00,2025-02-06 00:00:00+00:00,1,2862.635,2869.615,2846.225426469838,,0.3,245.39999999998687,0.4984894936461371,"{'time_exit_bars': 2, 'atr': 8.232286765080897, 'entry_hour_utc': 19, 'exit_reason': 'time_exit', 'signal_time': Timestamp('2025-02-05 19:00:00+0000', tz='UTC')}"
2025-02-06 20:00:00+00:00,2025-02-07 00:00:00+00:00,1,2856.665,2858.245,2841.647512099019,,0.33,65.3399999999976,0.1318462856807487,"{'time_exit_bars': 2, 'atr': 7.3862439504904795, 'entry_hour_utc': 19, 'exit_reason': 'time_exit', 'signal_time': Timestamp('2025-02-06 19:00:00+0000', tz='UTC')}"
2025-02-07 20:00:00+00:00,2025-02-10 00:00:00+00:00,1,2860.8250000000003,2867.845,2845.0331845733917,,0.31,254.81999999998538,0.5205228010801835,"{'time_exit_bars': 2, 'atr': 7.773407713304008, 'entry_hour_utc': 19, 'exit_reason': 'time_exit', 'signal_time': Timestamp('2025-02-07 19:00:00+0000', tz='UTC')}"
2025-02-10 20:00:00+00:00,2025-02-11 00:00:00+00:00,1,2907.485,2922.435,2892.9977844451505,,0.34,521.8999999999938,1.0595548842276576,"{'time_exit_bars': 2, 'atr': 7.246107777424738, 'entry_hour_utc': 19, 'exit_reason': 'time_exit', 'signal_time': Timestamp('2025-02-10 19:00:00+0000', tz='UTC')}"
2025-02-11 20:00:00+00:00,2025-02-12 00:00:00+00:00,1,2897.5150000000003,2892.075,2876.319179341197,,0.23,-115.92000000001171,-0.23778272524245167,"{'time_exit_bars': 2, 'atr': 10.620410329401503, 'entry_hour_utc': 19, 'exit_reason': 'time_exit', 'signal_time': Timestamp('2025-02-11 19:00:00+0000', tz='UTC')}"
2025-02-12 20:00:00+00:00,2025-02-13 00:00:00+00:00,1,2900.925,2906.2549999999997,2884.5486407157096,,0.31,202.42999999998364,0.3987455261966262,"{'time_exit_bars': 2, 'atr': 8.225679642145193, 'entry_hour_utc': 19, 'exit_reason': 'time_exit', 'signal_time': Timestamp('2025-02-12 19:00:00+0000', tz='UTC')}"
2025-02-13 20:00:00+00:00,2025-02-14 00:00:00+00:00,1,2928.795,2927.725,2914.8791023510607,,0.36,-24.120000000005895,-0.04814637308368181,"{'time_exit_bars': 2, 'atr': 6.785448824469501, 'entry_hour_utc': 19, 'exit_reason': 'time_exit', 'signal_time': Timestamp('2025-02-13 19:00:00+0000', tz='UTC')}"
2025-02-14 20:00:00+00:00,2025-02-17 00:00:00+00:00,1,2885.4950000000003,2883.395,2867.078476256704,,0.27,-24.30000000000983,-0.04886915753185892,"{'time_exit_bars': 2, 'atr': 9.200761871647867, 'entry_hour_utc': 19, 'exit_reason': 'time_exit', 'signal_time': Timestamp('2025-02-14 19:00:00+0000', tz='UTC')}"
2025-02-18 20:00:00+00:00,2025-02-19 00:00:00+00:00,1,2933.525,2928.975,2921.1567052392074,,0.41,-170.15000000000745,-0.33553534098779997,"{'time_exit_bars': 2, 'atr': 6.18664738039642, 'entry_hour_utc': 19, 'exit_reason': 'time_exit', 'signal_time': Timestamp('2025-02-18 19:00:00+0000', tz='UTC')}"
2025-02-19 20:00:00+00:00,2025-02-20 00:00:00+00:00,1,2935.9950000000003,2940.665,2920.3013033180264,,0.32,187.83999999998778,0.3740355200532196,"{'time_exit_bars': 2, 'atr': 7.824348340986694, 'entry_hour_utc': 19, 'exit_reason': 'time_exit', 'signal_time': Timestamp('2025-02-19 19:00:00+0000', tz='UTC')}"
2025-02-20 20:00:00+00:00,2025-02-21 00:00:00+00:00,1,2937.965,2939.8149999999996,2923.350628495567,,0.34,76.49999999998144,0.15395804050259243,"{'time_exit_bars': 2, 'atr': 7.219685752216416, 'entry_hour_utc': 19, 'exit_reason': 'time_exit', 'signal_time': Timestamp('2025-02-20 19:00:00+0000', tz='UTC')}"
2025-02-21 20:00:00+00:00,2025-02-24 00:00:00+00:00,1,2934.875,2929.955,2918.1917667622547,,0.3,-111.60000000000218,-0.22297836078822467,"{'time_exit_bars': 2, 'atr': 8.304116618872666, 'entry_hour_utc': 19, 'exit_reason': 'time_exit', 'signal_time': Timestamp('2025-02-21 19:00:00+0000', tz='UTC')}"
2025-02-24 20:00:00+00:00,2025-02-25 00:00:00+00:00,1,2950.7850000000003,2949.515,2935.1420928274997,,0.32,-27.84000000001397,-0.0556162604819295,"{'time_exit_bars': 2, 'atr': 7.7339535862501405, 'entry_hour_utc': 19, 'exit_reason': 'time_exit', 'signal_time': Timestamp('2025-02-24 19:00:00+0000', tz='UTC')}"
2025-02-25 20:00:00+00:00,2025-02-26 00:00:00+00:00,1,2912.9950000000003,2923.345,2892.741099169989,,0.25,268.74999999998636,0.530761954954897,"{'time_exit_bars': 2, 'atr': 10.019450415005606, 'entry_hour_utc': 19, 'exit_reason': 'time_exit', 'signal_time': Timestamp('2025-02-25 19:00:00+0000', tz='UTC')}"
2025-02-26 20:00:00+00:00,2025-02-27 00:00:00+00:00,1,2916.4950000000003,2916.9249999999997,2901.7442887768916,,0.34,55.41999999997898,0.11050314627851933,"{'time_exit_bars': 2, 'atr': 7.277855611554291, 'entry_hour_utc': 19, 'exit_reason': 'time_exit', 'signal_time': Timestamp('2025-02-26 19:00:00+0000', tz='UTC')}"
2025-02-27 20:00:00+00:00,2025-02-28 00:00:00+00:00,1,2874.085,2876.875,2854.622934685484,,0.26,82.93999999999906,0.16390860622693723,"{'time_exit_bars': 2, 'atr': 9.673532657258038, 'entry_hour_utc': 19, 'exit_reason': 'time_exit', 'signal_time': Timestamp('2025-02-27 19:00:00+0000', tz='UTC')}"
2025-02-28 20:00:00+00:00,2025-03-03 00:00:00+00:00,1,2855.0550000000003,2865.645,2836.887638922239,,0.28,330.11999999999136,0.6489660193098684,"{'time_exit_bars': 2, 'atr': 8.97118053888048, 'entry_hour_utc': 19, 'exit_reason': 'time_exit', 'signal_time': Timestamp('2025-02-28 19:00:00+0000', tz='UTC')}"
2025-03-03 20:00:00+00:00,2025-03-04 00:00:00+00:00,1,2890.795,2891.625,2874.915394146465,,0.32,39.359999999997676,0.07745784192282824,"{'time_exit_bars': 2, 'atr': 7.767302926767315, 'entry_hour_utc': 19, 'exit_reason': 'time_exit', 'signal_time': Timestamp('2025-03-03 19:00:00+0000', tz='UTC')}"
2025-03-04 20:00:00+00:00,2025-03-05 00:00:00+00:00,1,2917.645,2913.875,2899.4073215932563,,0.28,-94.3599999999995,-0.18478229108118613,"{'time_exit_bars': 2, 'atr': 8.881339203371835, 'entry_hour_utc': 19, 'exit_reason': 'time_exit', 'signal_time': Timestamp('2025-03-04 19:00:00+0000', tz='UTC')}"
2025-03-05 20:00:00+00:00,2025-03-06 00:00:00+00:00,1,2922.195,2916.6349999999998,2902.7320924768806,,0.26,-113.3600000000104,-0.22401586170109683,"{'time_exit_bars': 2, 'atr': 9.698953761559839, 'entry_hour_utc': 19, 'exit_reason': 'time_exit', 'signal_time': Timestamp('2025-03-05 19:00:00+0000', tz='UTC')}"
2025-03-06 20:00:00+00:00,2025-03-07 00:00:00+00:00,1,2908.835,2904.615,2891.9688386615057,,0.3,-114.60000000000764,-0.22648899908728615,"{'time_exit_bars': 2, 'atr': 8.305580669247018, 'entry_hour_utc': 19, 'exit_reason': 'time_exit', 'signal_time': Timestamp('2025-03-06 19:00:00+0000', tz='UTC')}"
2025-03-07 20:00:00+00:00,2025-03-09 23:00:00+00:00,1,2909.8250000000003,2916.105,2892.9215613551755,,0.3,212.39999999999236,0.4188496878513769,"{'time_exit_bars': 2, 'atr': 8.364219322412346, 'entry_hour_utc': 19, 'exit_reason': 'time_exit', 'signal_time': Timestamp('2025-03-07 19:00:00+0000', tz='UTC')}"
2025-03-10 21:00:00+00:00,2025-03-11 00:00:00+00:00,1,2888.445,2887.1349999999998,2871.051155330156,,0.29,-26.390000000011604,-0.052317358081164334,"{'time_exit_bars': 2, 'atr': 9.094422334922102, 'entry_hour_utc': 19, 'exit_reason': 'time_exit', 'signal_time': Timestamp('2025-03-10 19:00:00+0000', tz='UTC')}"
2025-03-11 21:00:00+00:00,2025-03-12 00:00:00+00:00,1,2915.985,2914.0449999999996,2903.3811005140287,,0.4,-61.60000000002037,-0.12218440822339038,"{'time_exit_bars': 2, 'atr': 6.059449742985524, 'entry_hour_utc': 19, 'exit_reason': 'time_exit', 'signal_time': Timestamp('2025-03-11 19:00:00+0000', tz='UTC')}"
2025-03-12 21:00:00+00:00,2025-03-13 00:00:00+00:00,1,2934.635,2938.3849999999998,2919.9784143033517,,0.34,168.29999999998455,0.33773213642324856,"{'time_exit_bars': 2, 'atr': 6.665792848324245, 'entry_hour_utc': 19, 'exit_reason': 'time_exit', 'signal_time': Timestamp('2025-03-12 19:00:00+0000', tz='UTC')}"
2025-03-13 21:00:00+00:00,2025-03-14 00:00:00+00:00,1,2989.5550000000003,2986.555,2973.3969980832817,,0.31,-80.60000000001409,-0.1609109847493116,"{'time_exit_bars': 2, 'atr': 7.701500958359185, 'entry_hour_utc': 19, 'exit_reason': 'time_exit', 'signal_time': Timestamp('2025-03-13 19:00:00+0000', tz='UTC')}"
2025-03-16 21:00:00+00:00,2025-03-17 00:00:00+00:00,1,2984.0150000000003,2990.625,2971.5385043487404,,0.41,287.40999999998655,0.5618564856624438,"{'time_exit_bars': 2, 'atr': 7.350747825629649, 'entry_hour_utc': 19, 'exit_reason': 'time_exit', 'signal_time': Timestamp('2025-03-14 19:00:00+0000', tz='UTC')}"
2025-03-17 21:00:00+00:00,2025-03-18 00:00:00+00:00,1,3000.965,3001.4049999999997,2989.8392700054824,,0.46,38.6399999999816,0.07550066381383622,"{'time_exit_bars': 2, 'atr': 5.590364997258793, 'entry_hour_utc': 19, 'exit_reason': 'time_exit', 'signal_time': Timestamp('2025-03-17 19:00:00+0000', tz='UTC')}"
2025-03-18 21:00:00+00:00,2025-03-19 00:00:00+00:00,1,3034.155,3031.245,3020.1000645776844,,0.36,-90.36000000001113,-0.17858495429406557,"{'time_exit_bars': 2, 'atr': 6.829967711157805, 'entry_hour_utc': 19, 'exit_reason': 'time_exit', 'signal_time': Timestamp('2025-03-18 19:00:00+0000', tz='UTC')}"
2025-03-19 21:00:00+00:00,2025-03-20 00:00:00+00:00,1,3048.525,3053.095,3031.0526385609946,,0.29,167.32999999999157,0.3302358424842741,"{'time_exit_bars': 2, 'atr': 8.053680719502575, 'entry_hour_utc': 19, 'exit_reason': 'time_exit', 'signal_time': Timestamp('2025-03-19 19:00:00+0000', tz='UTC')}"
2025-03-20 21:00:00+00:00,2025-03-21 00:00:00+00:00,1,3044.5350000000003,3042.6549999999997,3030.7094062794836,,0.37,-54.76000000002087,-0.10704784401441593,"{'time_exit_bars': 2, 'atr': 6.880296860258131, 'entry_hour_utc': 19, 'exit_reason': 'time_exit', 'signal_time': Timestamp('2025-03-20 19:00:00+0000', tz='UTC')}"
2025-03-23 21:00:00+00:00,2025-03-24 00:00:00+00:00,1,3023.5350000000003,3018.395,3007.458407479558,,0.31,-146.94000000001014,-0.29483859804079393,"{'time_exit_bars': 2, 'atr': 7.740796260220995, 'entry_hour_utc': 19, 'exit_reason': 'time_exit', 'signal_time': Timestamp('2025-03-21 19:00:00+0000', tz='UTC')}"
2025-03-24 21:00:00+00:00,2025-03-25 00:00:00+00:00,1,3012.135,3013.9449999999997,2997.460555781923,,0.34,75.13999999998268,0.15060195583264765,"{'time_exit_bars': 2, 'atr': 7.249722109038391, 'entry_hour_utc': 19, 'exit_reason': 'time_exit', 'signal_time': Timestamp('2025-03-24 19:00:00+0000', tz='UTC')}"
2025-03-25 21:00:00+00:00,2025-03-26 00:00:00+00:00,1,3019.8650000000002,3017.935,3008.113490013196,,0.43,-65.79000000001251,-0.13019603452818682,"{'time_exit_bars': 2, 'atr': 5.848254993401996, 'entry_hour_utc': 19, 'exit_reason': 'time_exit', 'signal_time': Timestamp('2025-03-25 19:00:00+0000', tz='UTC')}"
2025-03-26 21:00:00+00:00,2025-03-27 00:00:00+00:00,1,3019.215,3025.2149999999997,3007.0695206397845,,0.42,302.3999999999809,0.592813160062191,"{'time_exit_bars': 2, 'atr': 5.890239680107806, 'entry_hour_utc': 19, 'exit_reason': 'time_exit', 'signal_time': Timestamp('2025-03-26 19:00:00+0000', tz='UTC')}"
2025-03-27 21:00:00+00:00,2025-03-28 00:00:00+00:00,1,3056.485,3061.7749999999996,3041.0624143957875,,0.33,187.76999999998378,0.3689394337642914,"{'time_exit_bars': 2, 'atr': 7.678792802106289, 'entry_hour_utc': 19, 'exit_reason': 'time_exit', 'signal_time': Timestamp('2025-03-27 19:00:00+0000', tz='UTC')}"
2025-03-30 22:00:00+00:00,2025-03-31 01:00:00+00:00,1,3086.7650000000003,3078.895,3066.982403104255,,0.26,-194.22000000000898,-0.37760462083756513,"{'time_exit_bars': 2, 'atr': 8.608798447872415, 'entry_hour_utc': 19, 'exit_reason': 'time_exit', 'signal_time': Timestamp('2025-03-28 19:00:00+0000', tz='UTC')}"
2025-03-31 20:00:00+00:00,2025-04-01 00:00:00+00:00,1,3124.5550000000003,3120.435,3103.955967042325,,0.24,-89.2800000000083,-0.18059100190012864,"{'time_exit_bars': 2, 'atr': 10.237016478837466, 'entry_hour_utc': 19, 'exit_reason': 'time_exit', 'signal_time': Timestamp('2025-03-31 19:00:00+0000', tz='UTC')}"
2025-04-01 20:00:00+00:00,2025-04-02 00:00:00+00:00,1,3118.815,3115.015,3099.1463346798528,,0.26,-88.40000000000472,-0.1728637883993809,"{'time_exit_bars': 2, 'atr': 9.77683266007359, 'entry_hour_utc': 19, 'exit_reason': 'time_exit', 'signal_time': Timestamp('2025-04-01 19:00:00+0000', tz='UTC')}"
2025-04-02 20:00:00+00:00,2025-04-02 21:00:00+00:00,1,3124.125,3104.4691205062304,3104.6441205062306,,0.26,-511.0528668380093,-1.0089831673183005,"{'time_exit_bars': 2, 'atr': 9.842939746884756, 'entry_hour_utc': 19, 'exit_reason': 'sl', 'signal_time': Timestamp('2025-04-02 19:00:00+0000', tz='UTC')}"
2025-04-03 20:00:00+00:00,2025-04-04 00:00:00+00:00,1,3106.8650000000002,3112.6749999999997,3072.1094316037534,,0.14,86.93999999999286,0.17867640457493092,"{'time_exit_bars': 2, 'atr': 17.75528419812315, 'entry_hour_utc': 19, 'exit_reason': 'time_exit', 'signal_time': Timestamp('2025-04-03 19:00:00+0000', tz='UTC')}"
2025-04-04 20:00:00+00:00,2025-04-06 23:00:00+00:00,1,3036.4750000000004,2996.944381173023,2997.119381173023,,0.12,-464.7674259237286,-0.9841191672592529,"{'time_exit_bars': 2, 'atr': 19.615309413488404, 'entry_hour_utc': 19, 'exit_reason': 'sl', 'signal_time': Timestamp('2025-04-04 19:00:00+0000', tz='UTC')}"
2025-04-07 20:00:00+00:00,2025-04-08 00:00:00+00:00,1,2976.675,2981.1349999999998,2930.4108720085806,,0.11,53.4599999999954,0.10504899175665736,"{'time_exit_bars': 2, 'atr': 23.019563995709657, 'entry_hour_utc': 19, 'exit_reason': 'time_exit', 'signal_time': Timestamp('2025-04-07 19:00:00+0000', tz='UTC')}"
2025-04-08 20:00:00+00:00,2025-04-09 00:00:00+00:00,1,2985.135,2978.0449999999996,2960.736911961109,,0.2,-133.800000000012,-0.27420181406578015,"{'time_exit_bars': 2, 'atr': 12.196544019445657, 'entry_hour_utc': 19, 'exit_reason': 'time_exit', 'signal_time': Timestamp('2025-04-08 19:00:00+0000', tz='UTC')}"
2025-04-09 20:00:00+00:00,2025-04-10 00:00:00+00:00,1,3093.795,3086.5649999999996,3049.2428979767146,,0.11,-66.3300000000052,-0.1353471492063125,"{'time_exit_bars': 2, 'atr': 22.38855101164279, 'entry_hour_utc': 19, 'exit_reason': 'time_exit', 'signal_time': Timestamp('2025-04-09 19:00:00+0000', tz='UTC')}"
2025-04-10 20:00:00+00:00,2025-04-11 00:00:00+00:00,1,3171.0150000000003,3188.7749999999996,3138.4175166809746,,0.15,272.39999999998963,0.5570982220397396,"{'time_exit_bars': 2, 'atr': 16.216241659512566, 'entry_hour_utc': 19, 'exit_reason': 'time_exit', 'signal_time': Timestamp('2025-04-10 19:00:00+0000', tz='UTC')}"
2025-04-11 20:00:00+00:00,2025-04-14 00:00:00+00:00,1,3231.1850000000004,3223.555,3197.575748460463,,0.15,-96.45000000000844,-0.1913163699119088,"{'time_exit_bars': 2, 'atr': 16.70212576976859, 'entry_hour_utc': 19, 'exit_reason': 'time_exit', 'signal_time': Timestamp('2025-04-11 19:00:00+0000', tz='UTC')}"
2025-04-14 20:00:00+00:00,2025-04-15 00:00:00+00:00,1,3213.0150000000003,3212.435,3185.311078664077,,0.18,-3.2400000000068765,-0.0064972751625228305,"{'time_exit_bars': 2, 'atr': 13.72946066796151, 'entry_hour_utc': 19, 'exit_reason': 'time_exit', 'signal_time': Timestamp('2025-04-14 19:00:00+0000', tz='UTC')}"
2025-04-15 20:00:00+00:00,2025-04-16 00:00:00+00:00,1,3230.275,3251.645,3213.178643369259,,0.29,631.3299999999969,1.2733707227922035,"{'time_exit_bars': 2, 'atr': 8.345678315370295, 'entry_hour_utc': 19, 'exit_reason': 'time_exit', 'signal_time': Timestamp('2025-04-15 19:00:00+0000', tz='UTC')}"
2025-04-16 20:00:00+00:00,2025-04-17 00:00:00+00:00,1,3336.7650000000003,3349.9649999999997,3309.2973859106323,,0.18,259.19999999998856,0.5242537612894901,"{'time_exit_bars': 2, 'atr': 13.581307044683749, 'entry_hour_utc': 19, 'exit_reason': 'time_exit', 'signal_time': Timestamp('2025-04-16 19:00:00+0000', tz='UTC')}"
2025-04-17 20:00:00+00:00,2025-04-21 00:00:00+00:00,1,3320.905,3347.875,3291.366070801707,,0.17,485.68999999999664,0.9671982287580859,"{'time_exit_bars': 2, 'atr': 14.681964599146532, 'entry_hour_utc': 19, 'exit_reason': 'time_exit', 'signal_time': Timestamp('2025-04-17 19:00:00+0000', tz='UTC')}"
2025-04-21 20:00:00+00:00,2025-04-22 00:00:00+00:00,1,3423.4750000000004,3434.4049999999997,3397.215813835009,,0.19,215.26999999998824,0.43146805574289115,"{'time_exit_bars': 2, 'atr': 13.047093082495321, 'entry_hour_utc': 19, 'exit_reason': 'time_exit', 'signal_time': Timestamp('2025-04-21 19:00:00+0000', tz='UTC')}"
2025-04-22 20:00:00+00:00,2025-04-22 23:00:00+00:00,1,3375.045,3323.3580210679647,3323.533021067965,,0.1,-516.8697893203534,-1.0033972680457701,"{'time_exit_bars': 2, 'atr': 25.60348946601755, 'entry_hour_utc': 19, 'exit_reason': 'sl', 'signal_time': Timestamp('2025-04-22 19:00:00+0000', tz='UTC')}"
2025-04-23 20:00:00+00:00,2025-04-24 00:00:00+00:00,1,3294.5350000000003,3316.095,3246.214742953616,,0.1,227.5999999999949,0.4710239843747411,"{'time_exit_bars': 2, 'atr': 23.692628523191882, 'entry_hour_utc': 19, 'exit_reason': 'time_exit', 'signal_time': Timestamp('2025-04-23 19:00:00+0000', tz='UTC')}"
2025-04-24 20:00:00+00:00,2025-04-25 00:00:00+00:00,1,3342.835,3348.7949999999996,3311.22103131189,,0.16,101.75999999999331,0.2011768931241949,"{'time_exit_bars': 2, 'atr': 15.549484344055225, 'entry_hour_utc': 19, 'exit_reason': 'time_exit', 'signal_time': Timestamp('2025-04-24 19:00:00+0000', tz='UTC')}"
2025-04-25 20:00:00+00:00,2025-04-28 00:00:00+00:00,1,3305.175,3302.4449999999997,3271.1300466084494,,0.15,-22.950000000007094,-0.0449405814249165,"{'time_exit_bars': 2, 'atr': 16.829976695775166, 'entry_hour_utc': 19, 'exit_reason': 'time_exit', 'signal_time': Timestamp('2025-04-25 19:00:00+0000', tz='UTC')}"
2025-04-28 20:00:00+00:00,2025-04-29 00:00:00+00:00,1,3352.2250000000004,3337.475,3321.123001473132,,0.16,-229.60000000000727,-0.4613851417812814,"{'time_exit_bars': 2, 'atr': 15.468499263434039, 'entry_hour_utc': 19, 'exit_reason': 'time_exit', 'signal_time': Timestamp('2025-04-28 19:00:00+0000', tz='UTC')}"
2025-04-29 20:00:00+00:00,2025-04-30 00:00:00+00:00,1,3319.9750000000004,3316.8849999999998,3295.436479129657,,0.2,-53.80000000001201,-0.10962355939113161,"{'time_exit_bars': 2, 'atr': 12.551760435171506, 'entry_hour_utc': 19, 'exit_reason': 'time_exit', 'signal_time': Timestamp('2025-04-29 19:00:00+0000', tz='UTC')}"
2025-04-30 20:00:00+00:00,2025-05-01 00:00:00+00:00,1,3295.925,3272.625,3269.0144628593316,,0.19,-419.9000000000034,-0.8212396461831132,"{'time_exit_bars': 2, 'atr': 13.337768570334216, 'entry_hour_utc': 19, 'exit_reason': 'time_exit', 'signal_time': Timestamp('2025-04-30 19:00:00+0000', tz='UTC')}"
2025-05-01 20:00:00+00:00,2025-05-02 00:00:00+00:00,1,3228.585,3237.1349999999998,3199.7937586672006,,0.17,152.1499999999954,0.31085842727467733,"{'time_exit_bars': 2, 'atr': 14.213120666399686, 'entry_hour_utc': 19, 'exit_reason': 'time_exit', 'signal_time': Timestamp('2025-05-01 19:00:00+0000', tz='UTC')}"
2025-05-02 20:00:00+00:00,2025-05-05 00:00:00+00:00,1,3233.925,3247.805,3207.3513327780092,,0.19,286.51999999999344,0.5674790714440894,"{'time_exit_bars': 2, 'atr': 13.024333610995365, 'entry_hour_utc': 19, 'exit_reason': 'time_exit', 'signal_time': Timestamp('2025-05-02 19:00:00+0000', tz='UTC')}"
2025-05-05 20:00:00+00:00,2025-05-06 00:00:00+00:00,1,3329.895,3333.865,3303.9706947625987,,0.19,83.02999999999619,0.16856768040576636,"{'time_exit_bars': 2, 'atr': 12.399652618700545, 'entry_hour_utc': 19, 'exit_reason': 'time_exit', 'signal_time': Timestamp('2025-05-05 19:00:00+0000', tz='UTC')}"
2025-05-06 20:00:00+00:00,2025-05-06 23:00:00+00:00,1,3423.375,3391.80981939923,3391.98481939923,,0.16,-505.04288961231947,-1.0055749918175332,"{'time_exit_bars': 2, 'atr': 15.637590300385057, 'entry_hour_utc': 19, 'exit_reason': 'sl', 'signal_time': Timestamp('2025-05-06 19:00:00+0000', tz='UTC')}"
2025-05-07 20:00:00+00:00,2025-05-08 00:00:00+00:00,1,3372.2450000000003,3376.265,3341.607878692658,,0.16,83.51999999999244,0.170381542953531,"{'time_exit_bars': 2, 'atr': 15.15606065367111, 'entry_hour_utc': 19, 'exit_reason': 'time_exit', 'signal_time': Timestamp('2025-05-07 19:00:00+0000', tz='UTC')}"
2025-05-08 20:00:00+00:00,2025-05-09 00:00:00+00:00,1,3307.135,3316.1949999999997,3269.814135343798,,0.13,122.97999999999338,0.25347751417724484,"{'time_exit_bars': 2, 'atr': 18.277932328100935, 'entry_hour_utc': 19, 'exit_reason': 'time_exit', 'signal_time': Timestamp('2025-05-08 19:00:00+0000', tz='UTC')}"
2025-05-09 20:00:00+00:00,2025-05-11 23:00:00+00:00,1,3328.945,3291.2949999999996,3301.5297489513296,,0.18,-663.3000000000098,-1.3441423510797088,"{'time_exit_bars': 2, 'atr': 13.680125524335152, 'entry_hour_utc': 19, 'exit_reason': 'sl_gap', 'signal_time': Timestamp('2025-05-09 19:00:00+0000', tz='UTC')}"
2025-05-12 20:00:00+00:00,2025-05-13 00:00:00+00:00,1,3235.5350000000003,3236.5449999999996,3204.4861160873656,,0.16,22.55999999998894,0.04541226035585581,"{'time_exit_bars': 2, 'atr': 15.431941956317162, 'entry_hour_utc': 19, 'exit_reason': 'time_exit', 'signal_time': Timestamp('2025-05-12 19:00:00+0000', tz='UTC')}"
2025-05-13 20:00:00+00:00,2025-05-14 00:00:00+00:00,1,3249.655,3254.205,3224.7378126381227,,0.2,98.99999999999456,0.19865805590774946,"{'time_exit_bars': 2, 'atr': 12.391093680938631, 'entry_hour_utc': 19, 'exit_reason': 'time_exit', 'signal_time': Timestamp('2025-05-13 19:00:00+0000', tz='UTC')}"
2025-05-14 20:00:00+00:00,2025-05-15 00:00:00+00:00,1,3180.855,3185.875,3153.5377858795014,,0.18,111.95999999999967,0.22769525371668617,"{'time_exit_bars': 2, 'atr': 13.581107060249145, 'entry_hour_utc': 19, 'exit_reason': 'time_exit', 'signal_time': Timestamp('2025-05-14 19:00:00+0000', tz='UTC')}"
2025-05-15 20:00:00+00:00,2025-05-16 00:00:00+00:00,1,3232.025,3236.9849999999997,3201.232474901508,,0.16,85.75999999999331,0.17406821892180713,"{'time_exit_bars': 2, 'atr': 15.378762549246055, 'entry_hour_utc': 19, 'exit_reason': 'time_exit', 'signal_time': Timestamp('2025-05-15 19:00:00+0000', tz='UTC')}"
2025-05-16 20:00:00+00:00,2025-05-19 00:00:00+00:00,1,3192.7450000000003,3234.685,3161.261711717694,,0.16,690.2399999999936,1.3702507696518034,"{'time_exit_bars': 2, 'atr': 15.669144141152918, 'entry_hour_utc': 19, 'exit_reason': 'time_exit', 'signal_time': Timestamp('2025-05-16 19:00:00+0000', tz='UTC')}"
2025-05-19 20:00:00+00:00,2025-05-20 00:00:00+00:00,1,3233.295,3222.355,3207.737427312918,,0.2,-210.8000000000011,-0.412402231191832,"{'time_exit_bars': 2, 'atr': 12.651286343541043, 'entry_hour_utc': 19, 'exit_reason': 'time_exit', 'signal_time': Timestamp('2025-05-19 19:00:00+0000', tz='UTC')}"
2025-05-20 20:00:00+00:00,2025-05-21 00:00:00+00:00,1,3294.275,3290.415,3270.249201796764,,0.21,-72.66000000000267,-0.144011864693597,"{'time_exit_bars': 2, 'atr': 11.925399101617984, 'entry_hour_utc': 19, 'exit_reason': 'time_exit', 'signal_time': Timestamp('2025-05-20 19:00:00+0000', tz='UTC')}"
2025-05-21 20:00:00+00:00,2025-05-22 00:00:00+00:00,1,3318.665,3319.845,3293.506308813717,,0.2,47.599999999996726,0.09459951562573642,"{'time_exit_bars': 2, 'atr': 12.416845593141527, 'entry_hour_utc': 19, 'exit_reason': 'time_exit', 'signal_time': Timestamp('2025-05-21 19:00:00+0000', tz='UTC')}"
2025-05-22 20:00:00+00:00,2025-05-23 00:00:00+00:00,1,3290.4950000000003,3299.875,3261.2281630368725,,0.17,166.25999999999416,0.3341666204763125,"{'time_exit_bars': 2, 'atr': 14.545918481563774, 'entry_hour_utc': 19, 'exit_reason': 'time_exit', 'signal_time': Timestamp('2025-05-22 19:00:00+0000', tz='UTC')}"
2025-05-23 20:00:00+00:00,2025-05-26 00:00:00+00:00,1,3361.005,3342.455,3337.1417059643513,,0.21,-364.35000000000383,-0.7270580488209822,"{'time_exit_bars': 2, 'atr': 11.77414701782427, 'entry_hour_utc': 19, 'exit_reason': 'time_exit', 'signal_time': Timestamp('2025-05-23 19:00:00+0000', tz='UTC')}"
2025-05-27 20:00:00+00:00,2025-05-28 00:00:00+00:00,1,3304.9750000000004,3309.2549999999997,3284.325997668382,,0.24,112.31999999998297,0.22664533253663116,"{'time_exit_bars': 2, 'atr': 11.53200116580898, 'entry_hour_utc': 19, 'exit_reason': 'time_exit', 'signal_time': Timestamp('2025-05-27 19:00:00+0000', tz='UTC')}"
2025-05-28 20:00:00+00:00,2025-05-29 00:00:00+00:00,1,3297.315,3276.3947584817975,3276.5697584817976,,0.24,-473.2857964368624,-0.9505910789662075,"{'time_exit_bars': 2, 'atr': 10.225120759101257, 'entry_hour_utc': 19, 'exit_reason': 'sl', 'signal_time': Timestamp('2025-05-28 19:00:00+0000', tz='UTC')}"
2025-05-29 20:00:00+00:00,2025-05-30 00:00:00+00:00,1,3316.715,3315.365,3293.966179060702,,0.22,-20.900000000008003,-0.04176040606830993,"{'time_exit_bars': 2, 'atr': 11.311910469649069, 'entry_hour_utc': 19, 'exit_reason': 'time_exit', 'signal_time': Timestamp('2025-05-29 19:00:00+0000', tz='UTC')}"
2025-05-30 20:00:00+00:00,2025-06-02 00:00:00+00:00,1,3295.0950000000003,3309.995,3271.0559218576022,,0.21,338.09999999999235,0.6697428206119049,"{'time_exit_bars': 2, 'atr': 11.902039071199004, 'entry_hour_utc': 19, 'exit_reason': 'time_exit', 'signal_time': Timestamp('2025-05-30 19:00:00+0000', tz='UTC')}"
2025-06-02 20:00:00+00:00,2025-06-03 00:00:00+00:00,1,3381.965,3387.105,3360.660637975567,,0.24,132.95999999999694,0.2600406430216641,"{'time_exit_bars': 2, 'atr': 10.444681012216495, 'entry_hour_utc': 19, 'exit_reason': 'time_exit', 'signal_time': Timestamp('2025-06-02 19:00:00+0000', tz='UTC')}"
2025-06-03 20:00:00+00:00,2025-06-04 00:00:00+00:00,1,3352.8650000000002,3359.8149999999996,3333.6746062333723,,0.26,191.09999999998345,0.38300412640729636,"{'time_exit_bars': 2, 'atr': 9.45769688331404, 'entry_hour_utc': 19, 'exit_reason': 'time_exit', 'signal_time': Timestamp('2025-06-03 19:00:00+0000', tz='UTC')}"
2025-06-04 20:00:00+00:00,2025-06-05 00:00:00+00:00,1,3373.835,3377.955,3350.895408057017,,0.22,117.0399999999976,0.23191345396303867,"{'time_exit_bars': 2, 'atr': 11.302295971491501, 'entry_hour_utc': 19, 'exit_reason': 'time_exit', 'signal_time': Timestamp('2025-06-04 19:00:00+0000', tz='UTC')}"
2025-06-05 20:00:00+00:00,2025-06-06 00:00:00+00:00,1,3356.815,3361.7149999999997,3332.756219387224,,0.21,111.29999999999237,0.220293791497694,"{'time_exit_bars': 2, 'atr': 12.281890306388014, 'entry_hour_utc': 19, 'exit_reason': 'time_exit', 'signal_time': Timestamp('2025-06-05 19:00:00+0000', tz='UTC')}"
2025-06-06 20:00:00+00:00,2025-06-09 00:00:00+00:00,1,3312.645,3317.855,3289.9998857565724,,0.22,141.0200000000008,0.2830632661462707,"{'time_exit_bars': 2, 'atr': 11.220057121713745, 'entry_hour_utc': 19, 'exit_reason': 'time_exit', 'signal_time': Timestamp('2025-06-06 19:00:00+0000', tz='UTC')}"
2025-06-09 20:00:00+00:00,2025-06-10 00:00:00+00:00,1,3327.3050000000003,3326.595,3309.9321224601354,,0.29,-8.990000000014243,-0.017843906358583666,"{'time_exit_bars': 2, 'atr': 8.643938769932195, 'entry_hour_utc': 19, 'exit_reason': 'time_exit', 'signal_time': Timestamp('2025-06-09 19:00:00+0000', tz='UTC')}"
2025-06-10 20:00:00+00:00,2025-06-11 00:00:00+00:00,1,3328.9750000000004,3327.7749999999996,3309.167909276216,,0.26,-20.80000000001892,-0.04038957619556361,"{'time_exit_bars': 2, 'atr': 9.69104536189218, 'entry_hour_utc': 19, 'exit_reason': 'time_exit', 'signal_time': Timestamp('2025-06-10 19:00:00+0000', tz='UTC')}"
2025-06-11 20:00:00+00:00,2025-06-12 00:00:00+00:00,1,3347.3050000000003,3365.2549999999997,3323.4304692241326,,0.21,402.1499999999866,0.8021100049998102,"{'time_exit_bars': 2, 'atr': 11.6897653879337, 'entry_hour_utc': 19, 'exit_reason': 'time_exit', 'signal_time': Timestamp('2025-06-11 19:00:00+0000', tz='UTC')}"
2025-06-12 20:00:00+00:00,2025-06-13 00:00:00+00:00,1,3388.505,3395.765,3364.2137396992325,,0.21,160.85999999999504,0.3153397520406841,"{'time_exit_bars': 2, 'atr': 11.978130150383747, 'entry_hour_utc': 19, 'exit_reason': 'time_exit', 'signal_time': Timestamp('2025-06-12 19:00:00+0000', tz='UTC')}"
2025-06-13 20:00:00+00:00,2025-06-16 00:00:00+00:00,1,3432.465,3443.935,3407.2663650296645,,0.2,253.399999999996,0.5028050136412221,"{'time_exit_bars': 2, 'atr': 12.521817485167718, 'entry_hour_utc': 19, 'exit_reason': 'time_exit', 'signal_time': Timestamp('2025-06-13 19:00:00+0000', tz='UTC')}"
2025-06-16 20:00:00+00:00,2025-06-17 00:00:00+00:00,1,3384.2450000000003,3402.705,3363.459460970769,,0.25,471.49999999998954,0.9073616023850224,"{'time_exit_bars': 2, 'atr': 10.315269514615467, 'entry_hour_utc': 19, 'exit_reason': 'time_exit', 'signal_time': Timestamp('2025-06-16 19:00:00+0000', tz='UTC')}"
2025-06-17 20:00:00+00:00,2025-06-18 00:00:00+00:00,1,3385.735,3387.1749999999997,3363.705515590868,,0.23,42.3199999999908,0.08352442416840382,"{'time_exit_bars': 2, 'atr': 11.067242204566066, 'entry_hour_utc': 19, 'exit_reason': 'time_exit', 'signal_time': Timestamp('2025-06-17 19:00:00+0000', tz='UTC')}"
2025-06-18 20:00:00+00:00,2025-06-19 00:00:00+00:00,1,3366.7450000000003,3374.895,3345.966878516817,,0.25,233.7499999999909,0.44999255623598905,"{'time_exit_bars': 2, 'atr': 10.38156074159151, 'entry_hour_utc': 19, 'exit_reason': 'time_exit', 'signal_time': Timestamp('2025-06-18 19:00:00+0000', tz='UTC')}"
2025-06-20 20:00:00+00:00,2025-06-23 00:00:00+00:00,1,3365.715,3372.585,3347.9568207098023,,0.29,234.02999999999685,0.45443847976320195,"{'time_exit_bars': 2, 'atr': 8.786589645098946, 'entry_hour_utc': 19, 'exit_reason': 'time_exit', 'signal_time': Timestamp('2025-06-20 19:00:00+0000', tz='UTC')}"
2025-06-23 20:00:00+00:00,2025-06-23 23:00:00+00:00,1,3376.385,3353.343407468933,3353.518407468933,,0.22,-506.915035683478,-1.0076530860364272,"{'time_exit_bars': 2, 'atr': 11.420796265533433, 'entry_hour_utc': 19, 'exit_reason': 'sl', 'signal_time': Timestamp('2025-06-23 19:00:00+0000', tz='UTC')}"
2025-06-24 20:00:00+00:00,2025-06-25 00:00:00+00:00,1,3324.0550000000003,3324.015,3301.2754415252152,,0.22,7.919999999990797,0.015803642568317094,"{'time_exit_bars': 2, 'atr': 11.147279237392523, 'entry_hour_utc': 19, 'exit_reason': 'time_exit', 'signal_time': Timestamp('2025-06-24 19:00:00+0000', tz='UTC')}"
2025-06-25 20:00:00+00:00,2025-06-26 00:00:00+00:00,1,3334.0550000000003,3338.855,3318.8402102280934,,0.34,203.99999999999073,0.39435313204776096,"{'time_exit_bars': 2, 'atr': 7.439894885953155, 'entry_hour_utc': 19, 'exit_reason': 'time_exit', 'signal_time': Timestamp('2025-06-25 19:00:00+0000', tz='UTC')}"
2025-06-26 20:00:00+00:00,2025-06-27 00:00:00+00:00,1,3331.505,3318.595,3313.6264271025466,,0.29,-362.7900000000089,-0.6997202781091173,"{'time_exit_bars': 2, 'atr': 8.791786448726787, 'entry_hour_utc': 19, 'exit_reason': 'time_exit', 'signal_time': Timestamp('2025-06-26 19:00:00+0000', tz='UTC')}"
2025-06-27 20:00:00+00:00,2025-06-29 23:00:00+00:00,1,3270.8450000000003,3249.49694859816,3249.6719485981603,,0.24,-493.153233644164,-0.9704813449824476,"{'time_exit_bars': 2, 'atr': 10.464025700919706, 'entry_hour_utc': 19, 'exit_reason': 'sl', 'signal_time': Timestamp('2025-06-27 19:00:00+0000', tz='UTC')}"
2025-06-30 20:00:00+00:00,2025-07-01 00:00:00+00:00,1,3308.735,3312.2949999999996,3291.119129149525,,0.29,114.83999999998522,0.22479728840046098,"{'time_exit_bars': 2, 'atr': 8.725435425237393, 'entry_hour_utc': 19, 'exit_reason': 'time_exit', 'signal_time': Timestamp('2025-06-30 19:00:00+0000', tz='UTC')}"
2025-07-01 20:00:00+00:00,2025-07-02 00:00:00+00:00,1,3338.005,3337.9249999999997,3324.23556256853,,0.37,11.839999999985865,0.02323987465662586,"{'time_exit_bars': 2, 'atr': 6.912218715734997, 'entry_hour_utc': 19, 'exit_reason': 'time_exit', 'signal_time': Timestamp('2025-07-01 19:00:00+0000', tz='UTC')}"
2025-07-02 20:00:00+00:00,2025-07-03 00:00:00+00:00,1,3358.315,3349.145,3343.1125501757347,,0.32,-255.04000000000232,-0.524257609275497,"{'time_exit_bars': 2, 'atr': 7.543724912132659, 'entry_hour_utc': 19, 'exit_reason': 'time_exit', 'signal_time': Timestamp('2025-07-02 19:00:00+0000', tz='UTC')}"
2025-07-03 20:00:00+00:00,2025-07-04 00:00:00+00:00,1,3328.8650000000002,3330.6549999999997,3310.5047548481075,,0.27,59.12999999998675,0.11927945307275725,"{'time_exit_bars': 2, 'atr': 9.122622575946167, 'entry_hour_utc': 19, 'exit_reason': 'time_exit', 'signal_time': Timestamp('2025-07-03 19:00:00+0000', tz='UTC')}"
2025-07-07 20:00:00+00:00,2025-07-08 00:00:00+00:00,1,3337.485,3334.4449999999997,3318.379503031794,,0.26,-68.64000000001087,-0.13818012713271308,"{'time_exit_bars': 2, 'atr': 9.33524848410313, 'entry_hour_utc': 19, 'exit_reason': 'time_exit', 'signal_time': Timestamp('2025-07-07 19:00:00+0000', tz='UTC')}"
2025-07-08 20:00:00+00:00,2025-07-09 00:00:00+00:00,1,3302.7850000000003,3302.145,3286.736975781774,,0.31,-7.44000000001015,-0.014955112027295757,"{'time_exit_bars': 2, 'atr': 8.126512109112785, 'entry_hour_utc': 19, 'exit_reason': 'time_exit', 'signal_time': Timestamp('2025-07-08 19:00:00+0000', tz='UTC')}"
2025-07-09 20:00:00+00:00,2025-07-10 00:00:00+00:00,1,3315.875,3317.455,3298.4169040190523,,0.28,77.83999999999796,0.15923844175411672,"{'time_exit_bars': 2, 'atr': 8.591547990473822, 'entry_hour_utc': 19, 'exit_reason': 'time_exit', 'signal_time': Timestamp('2025-07-09 19:00:00+0000', tz='UTC')}"
2025-07-10 20:00:00+00:00,2025-07-11 00:00:00+00:00,1,3324.9550000000004,3323.625,3309.416432744328,,0.32,-29.760000000012223,-0.05985107794677108,"{'time_exit_bars': 2, 'atr': 7.736783627835815, 'entry_hour_utc': 19, 'exit_reason': 'time_exit', 'signal_time': Timestamp('2025-07-10 19:00:00+0000', tz='UTC')}"
2025-07-11 20:00:00+00:00,2025-07-14 00:00:00+00:00,1,3356.7650000000003,3367.625,3340.108986264226,,0.29,349.7399999999905,0.7240628034604047,"{'time_exit_bars': 2, 'atr': 8.180506867886777, 'entry_hour_utc': 19, 'exit_reason': 'time_exit', 'signal_time': Timestamp('2025-07-11 19:00:00+0000', tz='UTC')}"
2025-07-14 20:00:00+00:00,2025-07-15 00:00:00+00:00,1,3344.295,3345.105,3327.7420438045583,,0.3,36.29999999999836,0.07309872543087781,"{'time_exit_bars': 2, 'atr': 8.14897809772077, 'entry_hour_utc': 19, 'exit_reason': 'time_exit', 'signal_time': Timestamp('2025-07-14 19:00:00+0000', tz='UTC')}"
2025-07-15 20:00:00+00:00,2025-07-16 00:00:00+00:00,1,3330.5350000000003,3330.915,3313.5074142603207,,0.29,22.61999999998998,0.045808020697967265,"{'time_exit_bars': 2, 'atr': 8.441292869839575, 'entry_hour_utc': 19, 'exit_reason': 'time_exit', 'signal_time': Timestamp('2025-07-15 19:00:00+0000', tz='UTC')}"
2025-07-16 20:00:00+00:00,2025-07-17 00:00:00+00:00,1,3347.315,3346.325,3327.1419059873015,,0.24,5.039999999994322,0.010409905385240973,"{'time_exit_bars': 2, 'atr': 9.984047006349348, 'entry_hour_utc': 19, 'exit_reason': 'time_exit', 'signal_time': Timestamp('2025-07-16 19:00:00+0000', tz='UTC')}"
2025-07-17 20:00:00+00:00,2025-07-18 00:00:00+00:00,1,3339.9350000000004,3339.9649999999997,3324.363111742875,,0.32,13.7599999999773,0.02761386370741063,"{'time_exit_bars': 2, 'atr': 7.668444128562442, 'entry_hour_utc': 19, 'exit_reason': 'time_exit', 'signal_time': Timestamp('2025-07-17 19:00:00+0000', tz='UTC')}"
2025-07-18 20:00:00+00:00,2025-07-21 00:00:00+00:00,1,3348.4350000000004,3348.975,3336.0737280039566,,0.4,69.59999999998035,0.14076221286582744,"{'time_exit_bars': 2, 'atr': 6.073135998021556, 'entry_hour_utc': 19, 'exit_reason': 'time_exit', 'signal_time': Timestamp('2025-07-18 19:00:00+0000', tz='UTC')}"
2025-07-21 20:00:00+00:00,2025-07-22 00:00:00+00:00,1,3399.2850000000003,3396.375,3384.9301897779624,,0.34,-85.34000000001052,-0.17485427958823735,"{'time_exit_bars': 2, 'atr': 6.939905111018765, 'entry_hour_utc': 19, 'exit_reason': 'time_exit', 'signal_time': Timestamp('2025-07-21 19:00:00+0000', tz='UTC')}"
2025-07-22 20:00:00+00:00,2025-07-23 00:00:00+00:00,1,3431.715,3427.285,3417.0991051932015,,0.34,-137.0200000000099,-0.27572721706547243,"{'time_exit_bars': 2, 'atr': 7.165447403399071, 'entry_hour_utc': 19, 'exit_reason': 'time_exit', 'signal_time': Timestamp('2025-07-22 19:00:00+0000', tz='UTC')}"
2025-07-23 20:00:00+00:00,2025-07-24 00:00:00+00:00,1,3390.2850000000003,3389.785,3372.323880977526,,0.27,18.89999999998772,0.038973072842714285,"{'time_exit_bars': 2, 'atr': 8.868059511236831, 'entry_hour_utc': 19, 'exit_reason': 'time_exit', 'signal_time': Timestamp('2025-07-23 19:00:00+0000', tz='UTC')}"
2025-07-24 20:00:00+00:00,2025-07-25 00:00:00+00:00,1,3370.695,3369.265,3354.017252832047,,0.3,-30.90000000000873,-0.06175894079863833,"{'time_exit_bars': 2, 'atr': 8.226373583976523, 'entry_hour_utc': 19, 'exit_reason': 'time_exit', 'signal_time': Timestamp('2025-07-24 19:00:00+0000', tz='UTC')}"
2025-07-25 20:00:00+00:00,2025-07-28 00:00:00+00:00,1,3337.9550000000004,3333.495,3323.625737615173,,0.34,-110.84000000001672,-0.22750647677806168,"{'time_exit_bars': 2, 'atr': 7.0571311924133875, 'entry_hour_utc': 19, 'exit_reason': 'time_exit', 'signal_time': Timestamp('2025-07-25 19:00:00+0000', tz='UTC')}"
2025-07-28 20:00:00+00:00,2025-07-29 00:00:00+00:00,1,3317.2050000000004,3312.365,3301.138285525164,,0.31,-137.6400000000186,-0.27634772541421126,"{'time_exit_bars': 2, 'atr': 7.985857237418102, 'entry_hour_utc': 19, 'exit_reason': 'time_exit', 'signal_time': Timestamp('2025-07-28 19:00:00+0000', tz='UTC')}"
2025-07-29 20:00:00+00:00,2025-07-30 00:00:00+00:00,1,3325.0950000000003,3327.415,3308.635780589933,,0.3,81.59999999999127,0.16525692575287063,"{'time_exit_bars': 2, 'atr': 8.242109705033599, 'entry_hour_utc': 19, 'exit_reason': 'time_exit', 'signal_time': Timestamp('2025-07-29 19:00:00+0000', tz='UTC')}"
2025-07-30 20:00:00+00:00,2025-07-31 00:00:00+00:00,1,3269.385,3285.125,3249.5184743176737,,0.25,423.49999999999454,0.852690614900512,"{'time_exit_bars': 2, 'atr': 9.930762841163187, 'entry_hour_utc': 19, 'exit_reason': 'time_exit', 'signal_time': Timestamp('2025-07-30 19:00:00+0000', tz='UTC')}"
2025-07-31 20:00:00+00:00,2025-08-01 00:00:00+00:00,1,3291.2050000000004,3288.395,3274.996239335332,,0.3,-72.300000000012,-0.1486850259473385,"{'time_exit_bars': 2, 'atr': 7.996880332333863, 'entry_hour_utc': 19, 'exit_reason': 'time_exit', 'signal_time': Timestamp('2025-07-31 19:00:00+0000', tz='UTC')}"
2025-08-01 20:00:00+00:00,2025-08-04 00:00:00+00:00,1,3357.3050000000003,3361.825,3336.143307284805,,0.23,131.55999999998912,0.2702997381628275,"{'time_exit_bars': 2, 'atr': 10.513346357597593, 'entry_hour_utc': 19, 'exit_reason': 'time_exit', 'signal_time': Timestamp('2025-08-01 19:00:00+0000', tz='UTC')}"
2025-08-04 20:00:00+00:00,2025-08-05 00:00:00+00:00,1,3375.985,3377.325,3361.5059074237774,,0.34,59.159999999989495,0.12017327680168914,"{'time_exit_bars': 2, 'atr': 7.2470462881112665, 'entry_hour_utc': 19, 'exit_reason': 'time_exit', 'signal_time': Timestamp('2025-08-04 19:00:00+0000', tz='UTC')}"
2025-08-05 20:00:00+00:00,2025-08-06 00:00:00+00:00,1,3379.165,3383.0249999999996,3363.7233077841715,,0.32,136.31999999998953,0.2758764998328993,"{'time_exit_bars': 2, 'atr': 7.598346107914325, 'entry_hour_utc': 19, 'exit_reason': 'time_exit', 'signal_time': Timestamp('2025-08-05 19:00:00+0000', tz='UTC')}"
2025-08-06 20:00:00+00:00,2025-08-07 00:00:00+00:00,1,3371.665,3369.9449999999997,3357.9647402124115,,0.36,-18.720000000009165,-0.03795548464499479,"{'time_exit_bars': 2, 'atr': 6.847629893794275, 'entry_hour_utc': 19, 'exit_reason': 'time_exit', 'signal_time': Timestamp('2025-08-06 19:00:00+0000', tz='UTC')}"
2025-08-07 20:00:00+00:00,2025-08-08 00:00:00+00:00,1,3399.985,3400.375,3379.7654124264764,,0.24,18.959999999996946,0.0390710244275371,"{'time_exit_bars': 2, 'atr': 10.027293786761907, 'entry_hour_utc': 19, 'exit_reason': 'time_exit', 'signal_time': Timestamp('2025-08-07 19:00:00+0000', tz='UTC')}"
2025-08-08 20:00:00+00:00,2025-08-11 00:00:00+00:00,1,3398.715,3391.375,3375.0380372548852,,0.21,-128.94000000000307,-0.2593238020474973,"{'time_exit_bars': 2, 'atr': 11.805981372557378, 'entry_hour_utc': 19, 'exit_reason': 'time_exit', 'signal_time': Timestamp('2025-08-08 19:00:00+0000', tz='UTC')}"
2025-08-11 20:00:00+00:00,2025-08-12 00:00:00+00:00,1,3351.385,3348.805,3331.4328412773375,,0.25,-54.50000000000955,-0.10926136015168238,"{'time_exit_bars': 2, 'atr': 10.083579361331182, 'entry_hour_utc': 19, 'exit_reason': 'time_exit', 'signal_time': Timestamp('2025-08-11 19:00:00+0000', tz='UTC')}"
2025-08-12 20:00:00+00:00,2025-08-13 00:00:00+00:00,1,3347.635,3350.375,3328.3902562999897,,0.26,81.63999999999433,0.16316143508827624,"{'time_exit_bars': 2, 'atr': 9.619871850005138, 'entry_hour_utc': 19, 'exit_reason': 'time_exit', 'signal_time': Timestamp('2025-08-12 19:00:00+0000', tz='UTC')}"
2025-08-13 20:00:00+00:00,2025-08-14 00:00:00+00:00,1,3357.9550000000004,3362.575,3343.537293995274,,0.34,197.87999999998084,0.403670320236211,"{'time_exit_bars': 2, 'atr': 7.1263530023629444, 'entry_hour_utc': 19, 'exit_reason': 'time_exit', 'signal_time': Timestamp('2025-08-13 19:00:00+0000', tz='UTC')}"
2025-08-14 20:00:00+00:00,2025-08-15 00:00:00+00:00,1,3338.135,3335.4049999999997,3320.937163190401,,0.29,-67.5700000000137,-0.13548215544759348,"{'time_exit_bars': 2, 'atr': 8.511418404799512, 'entry_hour_utc': 19, 'exit_reason': 'time_exit', 'signal_time': Timestamp('2025-08-14 19:00:00+0000', tz='UTC')}"
2025-08-15 20:00:00+00:00,2025-08-18 00:00:00+00:00,1,3339.1150000000002,3326.5313724218863,3326.7063724218865,,0.4,-455.34510312455683,-0.9173961831356995,"{'time_exit_bars': 2, 'atr': 6.231813789056893, 'entry_hour_utc': 19, 'exit_reason': 'sl', 'signal_time': Timestamp('2025-08-15 19:00:00+0000', tz='UTC')}"
2025-08-18 20:00:00+00:00,2025-08-19 00:00:00+00:00,1,3334.085,3330.7749999999996,3322.093190908444,,0.41,-119.3100000000164,-0.2426656376684164,"{'time_exit_bars': 2, 'atr': 5.9234045457781175, 'entry_hour_utc': 19, 'exit_reason': 'time_exit', 'signal_time': Timestamp('2025-08-18 19:00:00+0000', tz='UTC')}"
2025-08-19 20:00:00+00:00,2025-08-20 00:00:00+00:00,1,3316.005,3314.075,3303.8075751918846,,0.4,-61.20000000001164,-0.12543631332593297,"{'time_exit_bars': 2, 'atr': 6.046212404057766, 'entry_hour_utc': 19, 'exit_reason': 'time_exit', 'signal_time': Timestamp('2025-08-19 19:00:00+0000', tz='UTC')}"
2025-08-20 20:00:00+00:00,2025-08-21 00:00:00+00:00,1,3348.7650000000003,3346.685,3337.1941968801266,,0.43,-37.840000000016424,-0.07605349351151904,"{'time_exit_bars': 2, 'atr': 5.747901559936835, 'entry_hour_utc': 19, 'exit_reason': 'time_exit', 'signal_time': Timestamp('2025-08-20 19:00:00+0000', tz='UTC')}"
2025-08-21 20:00:00+00:00,2025-08-22 00:00:00+00:00,1,3339.215,3338.145,3326.077843814015,,0.38,-25.460000000006218,-0.05100038322715003,"{'time_exit_bars': 2, 'atr': 6.341078092992682, 'entry_hour_utc': 19, 'exit_reason': 'time_exit', 'signal_time': Timestamp('2025-08-21 19:00:00+0000', tz='UTC')}"
2025-08-22 20:00:00+00:00,2025-08-25 00:00:00+00:00,1,3373.665,3368.9049999999997,3358.103401205599,,0.32,-113.92000000000698,-0.22876826777471396,"{'time_exit_bars': 2, 'atr': 7.54829939720057, 'entry_hour_utc': 19, 'exit_reason': 'time_exit', 'signal_time': Timestamp('2025-08-22 19:00:00+0000', tz='UTC')}"
2025-08-25 20:00:00+00:00,2025-08-26 00:00:00+00:00,1,3365.795,3355.6067619173346,3355.7817619173347,,0.49,-479.6236660506105,-0.9775297463076073,"{'time_exit_bars': 2, 'atr': 4.809119041332659, 'entry_hour_utc': 19, 'exit_reason': 'sl', 'signal_time': Timestamp('2025-08-25 19:00:00+0000', tz='UTC')}"
2025-08-26 20:00:00+00:00,2025-08-27 00:00:00+00:00,1,3389.9550000000004,3390.6949999999997,3374.864576943387,,0.32,36.47999999997846,0.07554460174658383,"{'time_exit_bars': 2, 'atr': 7.3677115283065815, 'entry_hour_utc': 19, 'exit_reason': 'time_exit', 'signal_time': Timestamp('2025-08-26 19:00:00+0000', tz='UTC')}"
2025-08-27 20:00:00+00:00,2025-08-28 00:00:00+00:00,1,3396.385,3395.625,3384.3070347628322,,0.41,18.03999999999105,0.036429977347985185,"{'time_exit_bars': 2, 'atr': 5.946482618583695, 'entry_hour_utc': 19, 'exit_reason': 'time_exit', 'signal_time': Timestamp('2025-08-27 19:00:00+0000', tz='UTC')}"
2025-08-28 20:00:00+00:00,2025-08-29 00:00:00+00:00,1,3422.4950000000003,3414.6549999999997,3409.1962392104906,,0.37,-275.2800000000222,-0.5594506223368858,"{'time_exit_bars': 2, 'atr': 6.476880394754733, 'entry_hour_utc': 19, 'exit_reason': 'time_exit', 'signal_time': Timestamp('2025-08-28 19:00:00+0000', tz='UTC')}"
2025-08-29 20:00:00+00:00,2025-09-01 00:00:00+00:00,1,3452.905,3447.835,3438.5419941813147,,0.34,-131.58000000000555,-0.26944220790926043,"{'time_exit_bars': 2, 'atr': 7.029002909342652, 'entry_hour_utc': 19, 'exit_reason': 'time_exit', 'signal_time': Timestamp('2025-08-29 19:00:00+0000', tz='UTC')}"
2025-09-02 20:00:00+00:00,2025-09-03 00:00:00+00:00,1,3537.5750000000003,3529.855,3512.8962781159426,,0.2,-146.40000000000512,-0.2966117951484725,"{'time_exit_bars': 2, 'atr': 12.021860942028777, 'entry_hour_utc': 19, 'exit_reason': 'time_exit', 'signal_time': Timestamp('2025-09-02 19:00:00+0000', tz='UTC')}"
2025-09-03 20:00:00+00:00,2025-09-04 00:00:00+00:00,1,3563.795,3560.125,3544.517545726589,,0.25,-61.75000000000182,-0.12812895131111257,"{'time_exit_bars': 2, 'atr': 9.581227136705342, 'entry_hour_utc': 19, 'exit_reason': 'time_exit', 'signal_time': Timestamp('2025-09-03 19:00:00+0000', tz='UTC')}"
2025-09-04 20:00:00+00:00,2025-09-05 00:00:00+00:00,1,3550.175,3552.435,3526.5092493561356,,0.2,53.19999999999527,0.11239871661072257,"{'time_exit_bars': 2, 'atr': 11.595375321932124, 'entry_hour_utc': 19, 'exit_reason': 'time_exit', 'signal_time': Timestamp('2025-09-04 19:00:00+0000', tz='UTC')}"
2025-09-05 20:00:00+00:00,2025-09-08 00:00:00+00:00,1,3595.1850000000004,3591.0449999999996,3574.842817987722,,0.24,-70.56000000001877,-0.14452726842313202,"{'time_exit_bars': 2, 'atr': 10.00359100613903, 'entry_hour_utc': 19, 'exit_reason': 'time_exit', 'signal_time': Timestamp('2025-09-05 19:00:00+0000', tz='UTC')}"
2025-09-08 20:00:00+00:00,2025-09-09 00:00:00+00:00,1,3636.695,3634.8149999999996,3617.995713685412,,0.26,-38.48000000001466,-0.07914740568713229,"{'time_exit_bars': 2, 'atr': 9.252143157294148, 'entry_hour_utc': 19, 'exit_reason': 'time_exit', 'signal_time': Timestamp('2025-09-08 19:00:00+0000', tz='UTC')}"
2025-09-09 20:00:00+00:00,2025-09-10 00:00:00+00:00,1,3629.7450000000003,3633.365,3605.696956850993,,0.2,80.39999999998872,0.16716536872004828,"{'time_exit_bars': 2, 'atr': 11.796521574503384, 'entry_hour_utc': 19, 'exit_reason': 'time_exit', 'signal_time': Timestamp('2025-09-09 19:00:00+0000', tz='UTC')}"
2025-09-10 20:00:00+00:00,2025-09-11 00:00:00+00:00,1,3642.385,3644.845,3625.119960653618,,0.28,102.47999999998831,0.21198909116685524,"{'time_exit_bars': 2, 'atr': 8.395019673191, 'entry_hour_utc': 19, 'exit_reason': 'time_exit', 'signal_time': Timestamp('2025-09-10 19:00:00+0000', tz='UTC')}"
2025-09-11 20:00:00+00:00,2025-09-12 00:00:00+00:00,1,3637.105,3631.6349999999998,3617.249649577345,,0.24,-121.68000000000612,-0.25534679026441787,"{'time_exit_bars': 2, 'atr': 9.815175211327752, 'entry_hour_utc': 19, 'exit_reason': 'time_exit', 'signal_time': Timestamp('2025-09-11 19:00:00+0000', tz='UTC')}"
2025-09-12 20:00:00+00:00,2025-09-15 00:00:00+00:00,1,3644.395,3638.035,3631.1198084689418,,0.37,-190.9200000000047,-0.3886949568997141,"{'time_exit_bars': 2, 'atr': 6.495095765529202, 'entry_hour_utc': 19, 'exit_reason': 'time_exit', 'signal_time': Timestamp('2025-09-12 19:00:00+0000', tz='UTC')}"
2025-09-15 20:00:00+00:00,2025-09-16 00:00:00+00:00,1,3681.145,3676.765,3663.5521491284458,,0.28,-111.44000000000305,-0.22622825766319363,"{'time_exit_bars': 2, 'atr': 8.69392543577709, 'entry_hour_utc': 19, 'exit_reason': 'time_exit', 'signal_time': Timestamp('2025-09-15 19:00:00+0000', tz='UTC')}"
2025-09-16 20:00:00+00:00,2025-09-17 00:00:00+00:00,1,3689.835,3694.055,3673.5292454701057,,0.3,138.599999999994,0.2833355544221933,"{'time_exit_bars': 2, 'atr': 8.065377264947015, 'entry_hour_utc': 19, 'exit_reason': 'time_exit', 'signal_time': Timestamp('2025-09-16 19:00:00+0000', tz='UTC')}"
2025-09-17 20:00:00+00:00,2025-09-18 00:00:00+00:00,1,3661.925,3668.995,3636.094674524433,,0.19,157.12999999999448,0.32016631024731773,"{'time_exit_bars': 2, 'atr': 12.772662737783541, 'entry_hour_utc': 19, 'exit_reason': 'time_exit', 'signal_time': Timestamp('2025-09-17 19:00:00+0000', tz='UTC')}"
2025-09-18 20:00:00+00:00,2025-09-19 00:00:00+00:00,1,3646.925,3640.0649999999996,3625.341445557867,,0.22,-142.1200000000128,-0.29930195312918323,"{'time_exit_bars': 2, 'atr': 10.619277221066504, 'entry_hour_utc': 19, 'exit_reason': 'time_exit', 'signal_time': Timestamp('2025-09-18 19:00:00+0000', tz='UTC')}"
2025-09-19 20:00:00+00:00,2025-09-22 00:00:00+00:00,1,3684.545,3686.0049999999997,3665.435258114179,,0.25,66.49999999998954,0.13919601928130756,"{'time_exit_bars': 2, 'atr': 9.522370942910692, 'entry_hour_utc': 19, 'exit_reason': 'time_exit', 'signal_time': Timestamp('2025-09-19 19:00:00+0000', tz='UTC')}"
2025-09-22 20:00:00+00:00,2025-09-23 00:00:00+00:00,1,3747.8250000000003,3747.6349999999998,3729.881562640779,,0.27,5.669999999986248,0.01170344320295859,"{'time_exit_bars': 2, 'atr': 8.949218679610507, 'entry_hour_utc': 19, 'exit_reason': 'time_exit', 'signal_time': Timestamp('2025-09-22 19:00:00+0000', tz='UTC')}"
2025-09-23 20:00:00+00:00,2025-09-24 00:00:00+00:00,1,3764.5150000000003,3763.725,3737.9041684773138,,0.18,-7.0200000000075296,-0.01465568633839687,"{'time_exit_bars': 2, 'atr': 13.20291576134306, 'entry_hour_utc': 19, 'exit_reason': 'time_exit', 'signal_time': Timestamp('2025-09-23 19:00:00+0000', tz='UTC')}"
2025-09-24 20:00:00+00:00,2025-09-25 00:00:00+00:00,1,3730.2450000000003,3742.805,3708.328291623813,,0.22,302.7199999999888,0.6278315047961265,"{'time_exit_bars': 2, 'atr': 10.890854188093455, 'entry_hour_utc': 19, 'exit_reason': 'time_exit', 'signal_time': Timestamp('2025-09-24 19:00:00+0000', tz='UTC')}"
2025-09-25 20:00:00+00:00,2025-09-26 00:00:00+00:00,1,3746.855,3744.5049999999997,3720.3506953097776,,0.18,-35.100000000006546,-0.07357295438577308,"{'time_exit_bars': 2, 'atr': 13.099652345111354, 'entry_hour_utc': 19, 'exit_reason': 'time_exit', 'signal_time': Timestamp('2025-09-25 19:00:00+0000', tz='UTC')}"
2025-09-26 20:00:00+00:00,2025-09-29 00:00:00+00:00,1,3766.915,3766.7349999999997,3745.9199761764867,,0.23,23.459999999993308,0.048582940823213745,"{'time_exit_bars': 2, 'atr': 10.425011911756547, 'entry_hour_utc': 19, 'exit_reason': 'time_exit', 'signal_time': Timestamp('2025-09-26 19:00:00+0000', tz='UTC')}"
2025-09-29 20:00:00+00:00,2025-09-30 00:00:00+00:00,1,3828.7450000000003,3832.705,3803.5982967396662,,0.19,82.83999999999205,0.1733825684767576,"{'time_exit_bars': 2, 'atr': 12.545851630166876, 'entry_hour_utc': 19, 'exit_reason': 'time_exit', 'signal_time': Timestamp('2025-09-29 19:00:00+0000', tz='UTC')}"
2025-09-30 20:00:00+00:00,2025-10-01 00:00:00+00:00,1,3859.2850000000003,3862.585,3826.315832954381,,0.15,55.4999999999959,0.11222606852275266,"{'time_exit_bars': 2, 'atr': 16.337083522809284, 'entry_hour_utc': 19, 'exit_reason': 'time_exit', 'signal_time': Timestamp('2025-09-30 19:00:00+0000', tz='UTC')}"
2025-10-01 20:00:00+00:00,2025-10-02 00:00:00+00:00,1,3867.985,3863.2749999999996,3841.4589269883295,,0.18,-63.18000000000884,-0.13232263963294538,"{'time_exit_bars': 2, 'atr': 13.155536505835144, 'entry_hour_utc': 19, 'exit_reason': 'time_exit', 'signal_time': Timestamp('2025-10-01 19:00:00+0000', tz='UTC')}"
2025-10-02 20:00:00+00:00,2025-10-03 00:00:00+00:00,1,3855.885,3862.285,3829.4710339654393,,0.18,122.39999999999344,0.2574395678067542,"{'time_exit_bars': 2, 'atr': 13.104483017280224, 'entry_hour_utc': 19, 'exit_reason': 'time_exit', 'signal_time': Timestamp('2025-10-02 19:00:00+0000', tz='UTC')}"
2025-10-03 20:00:00+00:00,2025-10-06 00:00:00+00:00,1,3885.7450000000003,3909.355,3863.529923814695,,0.22,545.8199999999928,1.1168091341685666,"{'time_exit_bars': 2, 'atr': 11.115038092652696, 'entry_hour_utc': 19, 'exit_reason': 'time_exit', 'signal_time': Timestamp('2025-10-03 19:00:00+0000', tz='UTC')}"
2025-10-06 20:00:00+00:00,2025-10-07 00:00:00+00:00,1,3959.605,3969.395,3933.317358732331,,0.18,183.41999999999933,0.38763462633418183,"{'time_exit_bars': 2, 'atr': 13.056320633834567, 'entry_hour_utc': 19, 'exit_reason': 'time_exit', 'signal_time': Timestamp('2025-10-06 19:00:00+0000', tz='UTC')}"
2025-10-07 20:00:00+00:00,2025-10-08 00:00:00+00:00,1,3980.505,3994.1749999999997,3954.818977060472,,0.19,267.32999999999276,0.5477687236021063,"{'time_exit_bars': 2, 'atr': 12.675511469763883, 'entry_hour_utc': 19, 'exit_reason': 'time_exit', 'signal_time': Timestamp('2025-10-07 19:00:00+0000', tz='UTC')}"
2025-10-08 20:00:00+00:00,2025-10-08 23:00:00+00:00,1,4044.905,4016.450876324915,4016.625876324915,,0.17,-483.7201024764477,-1.0061883105718148,"{'time_exit_bars': 2, 'atr': 14.152061837542226, 'entry_hour_utc': 19, 'exit_reason': 'sl', 'signal_time': Timestamp('2025-10-08 19:00:00+0000', tz='UTC')}"
2025-10-09 20:00:00+00:00,2025-10-10 00:00:00+00:00,1,3973.485,3989.805,3931.4228615255975,,0.11,183.9199999999968,0.3975071312690112,"{'time_exit_bars': 2, 'atr': 20.79356923720131, 'entry_hour_utc': 19, 'exit_reason': 'time_exit', 'signal_time': Timestamp('2025-10-09 19:00:00+0000', tz='UTC')}"
2025-10-10 20:00:00+00:00,2025-10-13 00:00:00+00:00,1,4011.855,4034.9249999999997,3971.8173011059375,,0.12,291.2399999999965,0.6061786933414123,"{'time_exit_bars': 2, 'atr': 19.816349447031058, 'entry_hour_utc': 19, 'exit_reason': 'time_exit', 'signal_time': Timestamp('2025-10-10 19:00:00+0000', tz='UTC')}"
2025-10-13 20:00:00+00:00,2025-10-14 00:00:00+00:00,1,4108.825,4127.885,4081.22492393688,,0.18,350.2800000000072,0.7050705206571293,"{'time_exit_bars': 2, 'atr': 13.637538031560002, 'entry_hour_utc': 19, 'exit_reason': 'time_exit', 'signal_time': Timestamp('2025-10-13 19:00:00+0000', tz='UTC')}"
2025-10-14 20:00:00+00:00,2025-10-15 00:00:00+00:00,1,4141.125,4161.4349999999995,4095.308300259139,,0.1,207.0999999999949,0.452018589665669,"{'time_exit_bars': 2, 'atr': 23.110849870430393, 'entry_hour_utc': 19, 'exit_reason': 'time_exit', 'signal_time': Timestamp('2025-10-14 19:00:00+0000', tz='UTC')}"
2025-10-15 20:00:00+00:00,2025-10-16 00:00:00+00:00,1,4210.175,4209.285,4175.001904207643,,0.14,4.339999999995415,0.008813554593822003,"{'time_exit_bars': 2, 'atr': 17.709047896178618, 'entry_hour_utc': 19, 'exit_reason': 'time_exit', 'signal_time': Timestamp('2025-10-15 19:00:00+0000', tz='UTC')}"
2025-10-16 20:00:00+00:00,2025-10-17 00:00:00+00:00,1,4307.575,4365.565,4270.009383138616,,0.13,759.0699999999972,1.554346896936551,"{'time_exit_bars': 2, 'atr': 18.810308430692277, 'entry_hour_utc': 19, 'exit_reason': 'time_exit', 'signal_time': Timestamp('2025-10-16 19:00:00+0000', tz='UTC')}"
2025-10-17 20:00:00+00:00,2025-10-20 00:00:00+00:00,1,4227.455,4237.764999999999,4151.444902913008,,0.06,69.05999999999693,0.1514272503405249,"{'time_exit_bars': 2, 'atr': 37.19254854349585, 'entry_hour_utc': 19, 'exit_reason': 'time_exit', 'signal_time': Timestamp('2025-10-17 19:00:00+0000', tz='UTC')}"
2025-10-20 20:00:00+00:00,2025-10-21 00:00:00+00:00,1,4378.935,4360.235,4332.711908045861,,0.1,-183.0000000000073,-0.3959060120460364,"{'time_exit_bars': 2, 'atr': 22.709045977069607, 'entry_hour_utc': 19, 'exit_reason': 'time_exit', 'signal_time': Timestamp('2025-10-20 19:00:00+0000', tz='UTC')}"
2025-10-21 20:00:00+00:00,2025-10-22 00:00:00+00:00,1,4109.805,4092.9049999999997,4040.1549761844553,,0.07,-115.50000000000382,-0.23689869860917354,"{'time_exit_bars': 2, 'atr': 34.357511907772356, 'entry_hour_utc': 19, 'exit_reason': 'time_exit', 'signal_time': Timestamp('2025-10-21 19:00:00+0000', tz='UTC')}"
2025-10-22 20:00:00+00:00,2025-10-23 00:00:00+00:00,1,4102.335,4087.615,4025.5938720287677,,0.06,-81.12000000000151,-0.1761767171974387,"{'time_exit_bars': 2, 'atr': 38.403063985616065, 'entry_hour_utc': 19, 'exit_reason': 'time_exit', 'signal_time': Timestamp('2025-10-22 19:00:00+0000', tz='UTC')}"
2025-10-23 20:00:00+00:00,2025-10-24 00:00:00+00:00,1,4118.625,4121.295,4076.692601190831,,0.12,36.84000000000087,0.07321307836385381,"{'time_exit_bars': 2, 'atr': 20.78369940458479, 'entry_hour_utc': 19, 'exit_reason': 'time_exit', 'signal_time': Timestamp('2025-10-23 19:00:00+0000', tz='UTC')}"
2025-10-24 20:00:00+00:00,2025-10-26 23:00:00+00:00,1,4104.145,4064.2549999999997,4059.4113847732447,,0.11,-429.9900000000086,-0.8738395008284626,"{'time_exit_bars': 2, 'atr': 22.244307613377575, 'entry_hour_utc': 19, 'exit_reason': 'time_exit', 'signal_time': Timestamp('2025-10-24 19:00:00+0000', tz='UTC')}"
2025-10-27 21:00:00+00:00,2025-10-28 00:00:00+00:00,1,3986.125,4006.705,3938.2525412694754,,0.1,209.79999999999927,0.43824780586468143,"{'time_exit_bars': 2, 'atr': 21.383729365262365, 'entry_hour_utc': 19, 'exit_reason': 'time_exit', 'signal_time': Timestamp('2025-10-27 19:00:00+0000', tz='UTC')}"
2025-10-28 21:00:00+00:00,2025-10-29 00:00:00+00:00,1,3953.2650000000003,3975.6549999999997,3908.4502825725253,,0.11,250.6899999999936,0.5085382951902165,"{'time_exit_bars': 2, 'atr': 22.079858713737476, 'entry_hour_utc': 19, 'exit_reason': 'time_exit', 'signal_time': Timestamp('2025-10-28 19:00:00+0000', tz='UTC')}"
2025-10-29 21:00:00+00:00,2025-10-30 00:00:00+00:00,1,3927.3050000000003,3950.095,3883.3337183220856,,0.11,263.88999999999464,0.5455833690662896,"{'time_exit_bars': 2, 'atr': 23.368140838957395, 'entry_hour_utc': 19, 'exit_reason': 'time_exit', 'signal_time': Timestamp('2025-10-29 19:00:00+0000', tz='UTC')}"
2025-10-30 21:00:00+00:00,2025-10-31 00:00:00+00:00,1,4021.2250000000004,4024.825,3977.874182579112,,0.11,43.999999999993996,0.09227046311869744,"{'time_exit_bars': 2, 'atr': 23.17790871044385, 'entry_hour_utc': 19, 'exit_reason': 'time_exit', 'signal_time': Timestamp('2025-10-30 19:00:00+0000', tz='UTC')}"
2025-11-02 22:00:00+00:00,2025-11-03 00:00:00+00:00,1,3989.835,3965.1072832934187,3965.282283293419,,0.2,-486.55433413162615,-0.9908360446345432,"{'time_exit_bars': 2, 'atr': 18.428858353290384, 'entry_hour_utc': 19, 'exit_reason': 'sl', 'signal_time': Timestamp('2025-10-31 19:00:00+0000', tz='UTC')}"
2025-11-03 20:00:00+00:00,2025-11-04 00:00:00+00:00,1,4009.9550000000004,3979.878643178012,3980.0536431780124,,0.16,-474.8217091518106,-0.9924752578506952,"{'time_exit_bars': 2, 'atr': 15.078178410993768, 'entry_hour_utc': 19, 'exit_reason': 'sl', 'signal_time': Timestamp('2025-11-03 19:00:00+0000', tz='UTC')}"
2025-11-04 20:00:00+00:00,2025-11-05 00:00:00+00:00,1,3938.875,3939.705,3904.8588117355434,,0.14,17.219999999998983,0.03615925424792969,"{'time_exit_bars': 2, 'atr': 16.930594132228116, 'entry_hour_utc': 19, 'exit_reason': 'time_exit', 'signal_time': Timestamp('2025-11-04 19:00:00+0000', tz='UTC')}"
2025-11-05 20:00:00+00:00,2025-11-06 00:00:00+00:00,1,3984.255,3975.685,3958.0446431652626,,0.19,-140.0300000000031,-0.2811865571487548,"{'time_exit_bars': 2, 'atr': 13.182678417368628, 'entry_hour_utc': 19, 'exit_reason': 'time_exit', 'signal_time': Timestamp('2025-11-05 19:00:00+0000', tz='UTC')}"
2025-11-06 20:00:00+00:00,2025-11-07 00:00:00+00:00,1,3980.565,3988.4849999999997,3956.302186814699,,0.2,166.39999999999236,0.3429115962958496,"{'time_exit_bars': 2, 'atr': 12.213906592650593, 'entry_hour_utc': 19, 'exit_reason': 'time_exit', 'signal_time': Timestamp('2025-11-06 19:00:00+0000', tz='UTC')}"
2025-11-07 20:00:00+00:00,2025-11-10 00:00:00+00:00,1,4003.605,4020.165,3977.2552940978035,,0.19,337.439999999999,0.6740113178462249,"{'time_exit_bars': 2, 'atr': 13.412352951098164, 'entry_hour_utc': 19, 'exit_reason': 'time_exit', 'signal_time': Timestamp('2025-11-07 19:00:00+0000', tz='UTC')}"
2025-11-10 20:00:00+00:00,2025-11-11 00:00:00+00:00,1,4111.965,4130.665,4088.1347221820834,,0.21,401.09999999999616,0.8015013566329253,"{'time_exit_bars': 2, 'atr': 11.757638908958032, 'entry_hour_utc': 19, 'exit_reason': 'time_exit', 'signal_time': Timestamp('2025-11-10 19:00:00+0000', tz='UTC')}"
2025-11-11 20:00:00+00:00,2025-11-12 00:00:00+00:00,1,4129.655,4132.845,4105.832602702211,,0.21,75.3900000000107,0.15069851934396972,"{'time_exit_bars': 2, 'atr': 11.873698648894255, 'entry_hour_utc': 19, 'exit_reason': 'time_exit', 'signal_time': Timestamp('2025-11-11 19:00:00+0000', tz='UTC')}"
2025-11-12 20:00:00+00:00,2025-11-13 00:00:00+00:00,1,4196.055,4206.014999999999,4164.331938462077,,0.15,167.3999999999869,0.35179454500814816,"{'time_exit_bars': 2, 'atr': 15.809030768961183, 'entry_hour_utc': 19, 'exit_reason': 'time_exit', 'signal_time': Timestamp('2025-11-12 19:00:00+0000', tz='UTC')}"
2025-11-13 20:00:00+00:00,2025-11-14 00:00:00+00:00,1,4164.135,4183.695,4123.613774160851,,0.12,239.51999999999387,0.4925813468534127,"{'time_exit_bars': 2, 'atr': 20.103112919574293, 'entry_hour_utc': 19, 'exit_reason': 'time_exit', 'signal_time': Timestamp('2025-11-13 19:00:00+0000', tz='UTC')}"
2025-11-14 20:00:00+00:00,2025-11-17 00:00:00+00:00,1,4086.8050000000003,4082.845,4038.0594444969784,,0.1,-27.60000000000491,-0.05662054666356992,"{'time_exit_bars': 2, 'atr': 24.6252777515108, 'entry_hour_utc': 19, 'exit_reason': 'time_exit', 'signal_time': Timestamp('2025-11-14 19:00:00+0000', tz='UTC')}"
2025-11-17 20:00:00+00:00,2025-11-18 00:00:00+00:00,1,4041.125,4039.9249999999997,3995.8530097658077,,0.11,-8.800000000003001,-0.017670970413756208,"{'time_exit_bars': 2, 'atr': 22.428495117096247, 'entry_hour_utc': 19, 'exit_reason': 'time_exit', 'signal_time': Timestamp('2025-11-17 19:00:00+0000', tz='UTC')}"
2025-11-18 20:00:00+00:00,2025-11-19 00:00:00+00:00,1,4070.065,4069.325,4032.4873425905657,,0.13,-4.420000000003074,-0.009047929632645897,"{'time_exit_bars': 2, 'atr': 18.506328704717024, 'entry_hour_utc': 19, 'exit_reason': 'time_exit', 'signal_time': Timestamp('2025-11-18 19:00:00+0000', tz='UTC')}"
2025-11-19 20:00:00+00:00,2025-11-20 00:00:00+00:00,1,4076.415,4102.835,4038.9551290411523,,0.13,359.06000000000097,0.7373223477022282,"{'time_exit_bars': 2, 'atr': 18.64743547942388, 'entry_hour_utc': 19, 'exit_reason': 'time_exit', 'signal_time': Timestamp('2025-11-19 19:00:00+0000', tz='UTC')}"
2025-11-20 20:00:00+00:00,2025-11-21 00:00:00+00:00,1,4076.985,4073.645,4031.569796372579,,0.11,-32.3400000000016,-0.06473603034172017,"{'time_exit_bars': 2, 'atr': 22.780101813710715, 'entry_hour_utc': 19, 'exit_reason': 'time_exit', 'signal_time': Timestamp('2025-11-20 19:00:00+0000', tz='UTC')}"
2025-11-21 20:00:00+00:00,2025-11-24 00:00:00+00:00,1,4067.425,4067.4249999999997,4023.277833505278,,0.11,13.199999999994999,0.02718181245319579,"{'time_exit_bars': 2, 'atr': 22.08608324736084, 'entry_hour_utc': 19, 'exit_reason': 'time_exit', 'signal_time': Timestamp('2025-11-21 19:00:00+0000', tz='UTC')}"
2025-11-24 20:00:00+00:00,2025-11-25 00:00:00+00:00,1,4132.715,4129.255,4104.131464175216,,0.17,-52.02000000000062,-0.10705463518431409,"{'time_exit_bars': 2, 'atr': 14.259267912391984, 'entry_hour_utc': 19, 'exit_reason': 'time_exit', 'signal_time': Timestamp('2025-11-24 19:00:00+0000', tz='UTC')}"
2025-11-25 20:00:00+00:00,2025-11-26 00:00:00+00:00,1,4132.365,4142.745,4097.924166328443,,0.14,150.92000000000152,0.31300055343616184,"{'time_exit_bars': 2, 'atr': 17.14291683577838, 'entry_hour_utc': 19, 'exit_reason': 'time_exit', 'signal_time': Timestamp('2025-11-25 19:00:00+0000', tz='UTC')}"
2025-11-26 20:00:00+00:00,2025-11-27 00:00:00+00:00,1,4164.195000000001,4164.455,4138.574190093519,,0.19,27.739999999986864,0.05698492769465332,"{'time_exit_bars': 2, 'atr': 12.74790495324025, 'entry_hour_utc': 19, 'exit_reason': 'time_exit', 'signal_time': Timestamp('2025-11-26 19:00:00+0000', tz='UTC')}"
2025-11-27 20:00:00+00:00,2025-11-28 00:00:00+00:00,1,4156.435,4180.405,4141.248504364678,,0.33,804.2099999999784,1.6047151749293374,"{'time_exit_bars': 2, 'atr': 7.505747817660952, 'entry_hour_utc': 19, 'exit_reason': 'time_exit', 'signal_time': Timestamp('2025-11-27 19:00:00+0000', tz='UTC')}"
2025-12-01 20:00:00+00:00,2025-12-02 00:00:00+00:00,1,4237.285,4226.745,4205.7132667112555,,0.16,-162.2399999999994,-0.3211733707257367,"{'time_exit_bars': 2, 'atr': 15.788366644372166, 'entry_hour_utc': 19, 'exit_reason': 'time_exit', 'signal_time': Timestamp('2025-12-01 19:00:00+0000', tz='UTC')}"
2025-12-02 20:00:00+00:00,2025-12-03 00:00:00+00:00,1,4210.165,4211.595,4177.100805223588,,0.15,27.450000000004366,0.055346879377381274,"{'time_exit_bars': 2, 'atr': 16.52459738820562, 'entry_hour_utc': 19, 'exit_reason': 'time_exit', 'signal_time': Timestamp('2025-12-02 19:00:00+0000', tz='UTC')}"
2025-12-03 20:00:00+00:00,2025-12-04 00:00:00+00:00,1,4206.325,4211.455,4176.282160728098,,0.17,107.61000000000188,0.21069912676064137,"{'time_exit_bars': 2, 'atr': 14.978919635950897, 'entry_hour_utc': 19, 'exit_reason': 'time_exit', 'signal_time': Timestamp('2025-12-03 19:00:00+0000', tz='UTC')}"
2025-12-04 20:00:00+00:00,2025-12-05 00:00:00+00:00,1,4209.985000000001,4201.6449999999995,4186.004861624939,,0.21,-166.74000000002215,-0.33110734708095985,"{'time_exit_bars': 2, 'atr': 11.927569187530262, 'entry_hour_utc': 19, 'exit_reason': 'time_exit', 'signal_time': Timestamp('2025-12-04 19:00:00+0000', tz='UTC')}"
2025-12-05 20:00:00+00:00,2025-12-08 00:00:00+00:00,1,4202.325,4210.6449999999995,4177.209752380491,,0.2,190.3999999999942,0.3790526035906967,"{'time_exit_bars': 2, 'atr': 12.495123809754134, 'entry_hour_utc': 19, 'exit_reason': 'time_exit', 'signal_time': Timestamp('2025-12-05 19:00:00+0000', tz='UTC')}"
2025-12-08 20:00:00+00:00,2025-12-09 00:00:00+00:00,1,4191.745,4190.255,4168.667201981636,,0.22,-23.979999999995197,-0.04723154259052047,"{'time_exit_bars': 2, 'atr': 11.441399009182016, 'entry_hour_utc': 19, 'exit_reason': 'time_exit', 'signal_time': Timestamp('2025-12-08 19:00:00+0000', tz='UTC')}"
2025-12-09 20:00:00+00:00,2025-12-10 00:00:00+00:00,1,4212.485000000001,4208.295,4188.979451530612,,0.21,-79.59000000001069,-0.1612385265094437,"{'time_exit_bars': 2, 'atr': 11.585274234693967, 'entry_hour_utc': 19, 'exit_reason': 'time_exit', 'signal_time': Timestamp('2025-12-09 19:00:00+0000', tz='UTC')}"
2025-12-10 20:00:00+00:00,2025-12-11 00:00:00+00:00,1,4229.835,4237.005,4204.728549350186,,0.2,167.40000000000146,0.3333804573472046,"{'time_exit_bars': 2, 'atr': 12.52572532490706, 'entry_hour_utc': 19, 'exit_reason': 'time_exit', 'signal_time': Timestamp('2025-12-10 19:00:00+0000', tz='UTC')}"
2025-12-11 20:00:00+00:00,2025-12-12 00:00:00+00:00,1,4276.435,4269.264999999999,4245.600326705391,,0.16,-108.32000000001571,-0.21955802597021704,"{'time_exit_bars': 2, 'atr': 15.309836647304696, 'entry_hour_utc': 19, 'exit_reason': 'time_exit', 'signal_time': Timestamp('2025-12-11 19:00:00+0000', tz='UTC')}"
2025-12-12 20:00:00+00:00,2025-12-15 00:00:00+00:00,1,4299.495,4307.375,4263.144702435848,,0.14,127.12000000000153,0.24979162781199837,"{'time_exit_bars': 2, 'atr': 18.072648782076286, 'entry_hour_utc': 19, 'exit_reason': 'time_exit', 'signal_time': Timestamp('2025-12-12 19:00:00+0000', tz='UTC')}"
2025-12-15 20:00:00+00:00,2025-12-16 00:00:00+00:00,1,4305.095,4307.885,4278.886814510217,,0.19,60.60999999999932,0.12171769774918278,"{'time_exit_bars': 2, 'atr': 13.016592744891582, 'entry_hour_utc': 19, 'exit_reason': 'time_exit', 'signal_time': Timestamp('2025-12-15 19:00:00+0000', tz='UTC')}"
2025-12-16 20:00:00+00:00,2025-12-17 00:00:00+00:00,1,4305.025000000001,4313.085,4273.672443869052,,0.16,135.35999999999186,0.26983445830269703,"{'time_exit_bars': 2, 'atr': 15.588778065474397, 'entry_hour_utc': 19, 'exit_reason': 'time_exit', 'signal_time': Timestamp('2025-12-16 19:00:00+0000', tz='UTC')}"
2025-12-17 20:00:00+00:00,2025-12-18 00:00:00+00:00,1,4341.595,4334.6449999999995,4312.5199113942745,,0.17,-97.75000000001236,-0.1977637997247022,"{'time_exit_bars': 2, 'atr': 14.450044302862908, 'entry_hour_utc': 19, 'exit_reason': 'time_exit', 'signal_time': Timestamp('2025-12-17 19:00:00+0000', tz='UTC')}"
2025-12-18 20:00:00+00:00,2025-12-19 00:00:00+00:00,1,4335.025000000001,4325.885,4305.58100600887,,0.17,-148.58000000000555,-0.29683472977996833,"{'time_exit_bars': 2, 'atr': 14.634496995565172, 'entry_hour_utc': 19, 'exit_reason': 'time_exit', 'signal_time': Timestamp('2025-12-18 19:00:00+0000', tz='UTC')}"
2025-12-19 20:00:00+00:00,2025-12-22 00:00:00+00:00,1,4339.895,4364.905,4319.574769050842,,0.25,655.2499999999827,1.2898475448225808,"{'time_exit_bars': 2, 'atr': 10.067615474578968, 'entry_hour_utc': 19, 'exit_reason': 'time_exit', 'signal_time': Timestamp('2025-12-19 19:00:00+0000', tz='UTC')}"
2025-12-22 20:00:00+00:00,2025-12-23 00:00:00+00:00,1,4438.715,4470.355,4416.211356325277,,0.23,736.9199999999867,1.4237694332135087,"{'time_exit_bars': 2, 'atr': 11.164321837361726, 'entry_hour_utc': 19, 'exit_reason': 'time_exit', 'signal_time': Timestamp('2025-12-22 19:00:00+0000', tz='UTC')}"
2025-12-23 20:00:00+00:00,2025-12-24 00:00:00+00:00,1,4497.755,4511.825,4468.328138007441,,0.17,245.9899999999951,0.4917275924173895,"{'time_exit_bars': 2, 'atr': 14.63093099627923, 'entry_hour_utc': 19, 'exit_reason': 'time_exit', 'signal_time': Timestamp('2025-12-23 19:00:00+0000', tz='UTC')}"
2025-12-26 20:00:00+00:00,2025-12-29 00:00:00+00:00,1,4531.245,4500.079897741374,4500.254897741374,,0.16,-479.44163613801067,-0.9669249235950963,"{'time_exit_bars': 2, 'atr': 15.407551129312568, 'entry_hour_utc': 19, 'exit_reason': 'sl', 'signal_time': Timestamp('2025-12-26 19:00:00+0000', tz='UTC')}"
2025-12-29 20:00:00+00:00,2025-12-30 00:00:00+00:00,1,4334.925,4339.554999999999,4280.124148515924,,0.09,45.2699999999928,0.09178689498028755,"{'time_exit_bars': 2, 'atr': 27.27792574203773, 'entry_hour_utc': 19, 'exit_reason': 'time_exit', 'signal_time': Timestamp('2025-12-29 19:00:00+0000', tz='UTC')}"
2025-12-30 20:00:00+00:00,2025-12-31 00:00:00+00:00,1,4341.885,4342.224999999999,4301.3173150643015,,0.12,8.879999999990833,0.018241119777284893,"{'time_exit_bars': 2, 'atr': 20.21134246784926, 'entry_hour_utc': 19, 'exit_reason': 'time_exit', 'signal_time': Timestamp('2025-12-30 19:00:00+0000', tz='UTC')}"
2025-12-31 20:00:00+00:00,2026-01-02 00:00:00+00:00,1,4313.615,4353.855,4264.411722446111,,0.1,418.3999999999979,0.8503498563520517,"{'time_exit_bars': 2, 'atr': 24.51913877694461, 'entry_hour_utc': 19, 'exit_reason': 'time_exit', 'signal_time': Timestamp('2025-12-31 19:00:00+0000', tz='UTC')}"
2026-03-11 22:00:00+00:00,2026-03-12 00:00:00+00:00,1,5139.215,5152.745,5096.716055475397,,0.11,162.0299999999972,0.34659684292800436,"{'time_exit_bars': 1, 'atr': 21.151972262301424, 'entry_hour_utc': 21, 'exit_reason': 'time_exit', 'signal_time': Timestamp('2026-03-11 21:00:00+0000', tz='UTC')}"
2026-03-12 22:00:00+00:00,2026-03-13 00:00:00+00:00,1,5096.025000000001,5113.565,5052.205489328957,,0.11,197.3399999999896,0.40940667125828906,"{'time_exit_bars': 1, 'atr': 21.702255335521272, 'entry_hour_utc': 21, 'exit_reason': 'time_exit', 'signal_time': Timestamp('2026-03-12 21:00:00+0000', tz='UTC')}"
2026-03-15 22:00:00+00:00,2026-03-15 23:00:00+00:00,1,5025.085,4975.5668981939925,4975.741898193993,,0.1,-495.18101806007513,-1.0035465950375029,"{'time_exit_bars': 1, 'atr': 24.739050903003832, 'entry_hour_utc': 21, 'exit_reason': 'sl', 'signal_time': Timestamp('2026-03-15 21:00:00+0000', tz='UTC')}"
2026-03-16 22:00:00+00:00,2026-03-17 00:00:00+00:00,1,5002.445000000001,5002.775,4955.896624923501,,0.1,7.299999999990178,0.015682609732333354,"{'time_exit_bars': 1, 'atr': 23.191687538249553, 'entry_hour_utc': 21, 'exit_reason': 'time_exit', 'signal_time': Timestamp('2026-03-16 21:00:00+0000', tz='UTC')}"
2026-03-17 22:00:00+00:00,2026-03-18 00:00:00+00:00,1,4999.975,5004.095,4965.884689691369,,0.14,63.27999999999848,0.13258899549692554,"{'time_exit_bars': 1, 'atr': 17.007655154315025, 'entry_hour_utc': 21, 'exit_reason': 'time_exit', 'signal_time': Timestamp('2026-03-17 21:00:00+0000', tz='UTC')}"
2026-03-18 22:00:00+00:00,2026-03-19 00:00:00+00:00,1,4834.8550000000005,4841.085,4774.815544856947,,0.08,59.43999999999651,0.12375195581466222,"{'time_exit_bars': 1, 'atr': 29.94222757152635, 'entry_hour_utc': 21, 'exit_reason': 'time_exit', 'signal_time': Timestamp('2026-03-18 21:00:00+0000', tz='UTC')}"
2026-03-19 22:00:00+00:00,2026-03-20 00:00:00+00:00,1,4636.645,4648.535,4532.4976238004565,,0.04,49.15999999999767,0.11800585332511943,"{'time_exit_bars': 1, 'atr': 51.99118809977141, 'entry_hour_utc': 21, 'exit_reason': 'time_exit', 'signal_time': Timestamp('2026-03-19 21:00:00+0000', tz='UTC')}"
2026-03-22 22:00:00+00:00,2026-03-23 00:00:00+00:00,1,4498.225,4402.724749665849,4402.899749665849,,0.05,-475.5012516707557,-0.9976396600144126,"{'time_exit_bars': 1, 'atr': 47.75012516707531, 'entry_hour_utc': 21, 'exit_reason': 'sl', 'signal_time': Timestamp('2026-03-22 21:00:00+0000', tz='UTC')}"
2026-03-23 22:00:00+00:00,2026-03-24 00:00:00+00:00,1,4427.015,4364.4349999999995,4263.6545338517535,,0.03,-186.54000000000252,-0.38063064746383357,"{'time_exit_bars': 1, 'atr': 81.62273307412293, 'entry_hour_utc': 21, 'exit_reason': 'time_exit', 'signal_time': Timestamp('2026-03-23 21:00:00+0000', tz='UTC')}"
2026-03-24 22:00:00+00:00,2026-03-25 00:00:00+00:00,1,4484.655,4563.054999999999,4397.686292972104,,0.05,393.99999999999824,0.9060730312424194,"{'time_exit_bars': 1, 'atr': 43.42685351394827, 'entry_hour_utc': 21, 'exit_reason': 'time_exit', 'signal_time': Timestamp('2026-03-24 21:00:00+0000', tz='UTC')}"
2026-03-25 22:00:00+00:00,2026-03-26 00:00:00+00:00,1,4517.865,4535.474999999999,4452.637310875464,,0.07,131.6699999999977,0.28837446569794606,"{'time_exit_bars': 1, 'atr': 32.50634456226781, 'entry_hour_utc': 21, 'exit_reason': 'time_exit', 'signal_time': Timestamp('2026-03-25 21:00:00+0000', tz='UTC')}"
2026-03-26 22:00:00+00:00,2026-03-27 00:00:00+00:00,1,4411.595,4378.275,4331.921085692399,,0.06,-197.52000000000368,-0.4131841680691715,"{'time_exit_bars': 1, 'atr': 39.73445715380065, 'entry_hour_utc': 21, 'exit_reason': 'time_exit', 'signal_time': Timestamp('2026-03-26 21:00:00+0000', tz='UTC')}"
